# Blender 4.5.4 LTS
# www.blender.org
mtllib tarsus.mtl
o left_tarsus
v -0.019590 0.040298 0.000000
v -0.016681 0.045377 0.000000
v -0.016685 0.045226 0.000000
v -0.016694 0.045051 0.000000
v -0.016694 0.045039 0.000000
v -0.016704 0.044914 0.000000
v -0.016721 0.044747 0.000000
v -0.016733 0.044653 0.000000
v -0.019032 0.040678 0.000000
v -0.017487 0.042436 0.000000
v -0.016733 0.044653 0.005000
v -0.017028 0.043430 0.005000
v -0.017487 0.042436 0.005000
v -0.018338 0.041301 0.005000
v -0.019590 0.040298 0.005000
v -0.016721 0.044747 0.005000
v -0.016704 0.044914 0.005000
v -0.016694 0.045039 0.005000
v -0.016694 0.045051 0.005000
v -0.016685 0.045226 0.005000
v -0.016681 0.045377 0.005000
v -0.016107 0.080604 -0.001761
v -0.015997 0.080467 0.004417
v 0.000361 0.081317 0.005918
v 0.016963 0.082272 -0.004541
v 0.013966 0.082127 -0.004251
v 0.017150 0.082388 0.002068
v 0.016938 0.082257 0.005230
v -0.016099 0.080594 -0.001988
v -0.001170 0.081422 -0.002835
v 0.016657 0.082084 0.007425
v -0.011292 0.064932 -0.024884
v -0.009122 0.066531 -0.024245
v -0.000819 0.071328 -0.022294
v -0.001115 0.072447 -0.021499
v 0.002700 0.073492 -0.021170
v 0.003908 0.076126 -0.018942
v 0.007813 0.076642 -0.018946
v 0.007449 0.078629 -0.016190
v 0.011182 0.078715 -0.016713
v 0.008830 0.079556 -0.014716
v 0.013560 0.080177 -0.014299
v 0.010094 0.080360 -0.013040
v 0.015454 0.081343 -0.011098
v 0.012078 0.081461 -0.009410
v 0.016498 0.081986 -0.007739
v 0.016889 0.082227 -0.005255
v -0.119337 0.026036 -0.038137
v -0.141702 0.019215 -0.039913
v -0.143067 0.030587 -0.037616
v -0.151969 0.039669 -0.034766
v -0.145752 0.035599 -0.036180
v -0.153810 0.032364 -0.037353
v -0.155756 0.024646 -0.039089
v -0.157137 0.019168 -0.039869
v -0.158410 0.014120 -0.040365
v -0.117078 0.026725 -0.037912
v -0.120265 0.036270 -0.035084
v -0.121587 0.040162 -0.033600
v -0.150390 0.039681 -0.034732
v -0.200114 0.042520 -0.031458
v -0.207767 0.038399 -0.033045
v -0.226900 0.037484 -0.031914
v -0.189243 0.038992 -0.033970
v -0.199598 0.046345 -0.028994
v -0.173612 0.041239 -0.033644
v -0.147120 0.041650 -0.033775
v -0.155293 0.039639 -0.034810
v -0.175943 0.039310 -0.034480
v -0.117268 0.049322 -0.028651
v -0.118127 0.047581 -0.029763
v -0.144581 0.047652 -0.030317
v -0.119754 0.044184 -0.031675
v -0.115292 0.053202 -0.025720
v -0.141628 0.054718 -0.024103
v -0.113235 0.057033 -0.021846
v -0.140310 0.057587 -0.020228
v -0.111381 0.060200 -0.017190
v -0.138141 0.061541 -0.011210
v -0.132216 0.062878 -0.006228
v -0.127090 0.063087 -0.006116
v -0.139150 0.059866 -0.015891
v -0.109841 0.062429 -0.012131
v -0.108145 0.064160 -0.005553
v -0.226595 0.057011 -0.011872
v -0.226557 0.058423 -0.006133
v -0.202104 0.060242 -0.006474
v -0.197121 0.059509 -0.010938
v -0.197508 0.057910 -0.015175
v -0.226658 0.055996 -0.014475
v -0.226747 0.054622 -0.017239
v -0.227084 0.042675 -0.029465
v -0.227070 0.047392 -0.026102
v -0.226928 0.051480 -0.021891
v -0.198504 0.053041 -0.022833
v -0.197975 0.055749 -0.019156
v -0.173125 0.043272 -0.032562
v -0.146308 0.043705 -0.032723
v -0.143067 0.051365 -0.027460
v -0.172090 0.047166 -0.030094
v -0.170067 0.054046 -0.023827
v -0.171700 0.061671 -0.006612
v -0.167637 0.060705 -0.011301
v -0.168332 0.059060 -0.015804
v -0.169144 0.056835 -0.020007
v -0.089452 0.066750 0.005792
v -0.069466 0.069600 0.004465
v -0.089571 0.065870 -0.004745
v -0.074256 0.068132 -0.003885
v -0.057216 0.071373 -0.002864
v -0.049654 0.073463 0.004455
v -0.049648 0.073133 -0.002469
v -0.049559 0.073173 0.008641
v -0.063023 0.070173 0.011600
v -0.080107 0.067126 0.014885
v -0.089334 0.065828 0.016326
v -0.161942 0.008043 0.041873
v -0.184607 0.014490 0.040560
v -0.188708 -0.000119 0.041269
v -0.181217 0.026569 0.039096
v -0.175866 0.027277 0.039162
v -0.178204 0.037304 0.036938
v -0.143306 0.031790 0.038880
v -0.176107 0.044777 0.034775
v -0.136241 0.044787 0.035443
v -0.142914 0.044754 0.035437
v -0.166956 0.044792 0.035044
v -0.079580 0.040873 0.035193
v -0.083377 0.047762 0.033217
v -0.097446 0.046302 0.034244
v -0.111523 0.036531 0.037419
v -0.089993 0.029985 0.038053
v -0.095943 0.039384 0.036214
v -0.075937 0.034271 0.036647
v -0.127316 0.034037 0.038310
v -0.135970 0.015964 0.041337
v -0.110420 0.023755 0.039822
v -0.116442 0.045198 0.035118
v -0.062984 0.052203 0.030818
v -0.058835 0.039487 0.034866
v -0.050180 0.042126 0.033983
v -0.077002 0.048840 0.032582
v -0.079751 0.048333 0.032869
v -0.043557 0.044146 0.033330
v -0.044540 0.048974 0.031742
v -0.046200 0.057126 0.028350
v -0.028985 0.058027 0.028142
v -0.027252 0.054049 0.029930
v -0.023852 0.056445 0.029018
v -0.042868 0.040765 0.034303
v -0.035248 0.047636 0.032209
v -0.012510 0.063946 0.025913
v -0.015180 0.063774 0.025853
v -0.024404 0.062749 0.025897
v -0.032655 0.060972 0.026548
v -0.023528 0.079855 0.001501
v -0.022317 0.079983 -0.001858
v -0.031302 0.078220 -0.001872
v -0.032899 0.077963 0.001882
v -0.030227 0.078391 0.004933
v -0.023213 0.079734 0.004301
v -0.040827 0.075660 0.006726
v -0.049365 0.072244 0.013421
v -0.049229 0.071597 0.015216
v -0.033989 0.075852 0.012403
v -0.049021 0.070599 0.017231
v -0.048492 0.068075 0.020677
v -0.034539 0.072019 0.018314
v -0.009442 0.065903 0.025025
v -0.002949 0.069984 0.023133
v -0.010273 0.070086 0.022412
v -0.003783 0.077916 0.015799
v -0.002210 0.079598 0.012873
v -0.018334 0.078631 0.011542
v -0.000867 0.080708 0.009539
v 0.016018 0.081690 0.010339
v 0.014626 0.080833 0.013513
v 0.012338 0.079426 0.016280
v 0.008699 0.077187 0.018821
v -0.035261 0.066473 0.023092
v -0.047791 0.064728 0.023754
v -0.046858 0.060268 0.026704
v -0.022901 0.069018 0.022067
v -0.026230 0.077541 0.011639
v 0.003531 0.074003 0.021065
v -0.005654 0.075699 0.018312
v -0.020286 0.074702 0.017401
v -0.027449 0.073603 0.017603
v -0.027100 0.054453 -0.028966
v -0.027705 0.053980 -0.029156
v -0.038073 0.050818 -0.030054
v -0.084421 0.036684 -0.034414
v -0.096751 0.039111 -0.033489
v -0.097230 0.041430 -0.032522
v -0.091961 0.041872 -0.032313
v -0.073356 0.044158 -0.031562
v -0.057555 0.046940 -0.030871
v -0.041775 0.050768 -0.029880
v -0.113474 0.040464 -0.033221
v -0.009756 0.076099 -0.016684
v -0.014141 0.072245 -0.019905
v -0.028499 0.070725 -0.019094
v -0.039356 0.071787 -0.015218
v -0.042705 0.068008 -0.018907
v -0.056895 0.064646 -0.019262
v -0.006129 0.078976 -0.012713
v -0.011297 0.064928 -0.024885
v -0.024645 0.062782 -0.024914
v -0.018808 0.060264 -0.026641
v -0.034118 0.076810 -0.006537
v -0.026543 0.078609 -0.006582
v -0.018851 0.079745 -0.006817
v -0.049087 0.072499 -0.006894
v -0.064230 0.069102 -0.007659
v -0.079441 0.066363 -0.008544
v -0.094707 0.064367 -0.009369
v -0.091051 0.051512 -0.027234
v -0.077607 0.053323 -0.026533
v -0.037729 0.060695 -0.025009
v -0.050925 0.058263 -0.025329
v -0.064220 0.055671 -0.025857
v -0.032069 0.073483 -0.015301
v -0.024714 0.074744 -0.015562
v -0.003221 0.080718 -0.007948
v -0.021536 0.077802 -0.011476
v -0.029084 0.076545 -0.011189
v -0.036531 0.074726 -0.011096
v -0.053891 0.067986 -0.015514
v -0.068568 0.064854 -0.016224
v -0.071209 0.061737 -0.019968
v -0.083270 0.062388 -0.017059
v -0.085556 0.059448 -0.020779
v -0.099870 0.057759 -0.021588
v -0.096248 0.062755 -0.013796
v -0.081263 0.064667 -0.012973
v -0.066278 0.067285 -0.012119
v -0.051323 0.070575 -0.011391
v -0.108153 0.025109 -0.038160
v -0.071129 -0.009138 -0.042303
v -0.071627 -0.009928 -0.042361
v -0.084972 -0.002382 -0.042096
v -0.096676 -0.008851 -0.042757
v -0.048967 0.036261 -0.035200
v -0.057086 0.027544 -0.037452
v -0.071028 0.018054 -0.039392
v -0.069025 0.015751 -0.039764
v -0.078916 0.004977 -0.041295
v -0.035636 0.047297 -0.031696
v -0.042774 0.040863 -0.033854
v -0.044267 0.039494 -0.034277
v -0.122262 0.017532 -0.040014
v -0.136455 0.010102 -0.041207
v -0.114659 0.005101 -0.041767
v -0.127090 -0.003062 -0.042545
v -0.150708 0.002847 -0.041628
v -0.161617 0.001406 -0.041175
v -0.102198 0.013367 -0.040490
v -0.089668 0.021692 -0.038773
v -0.064690 0.038488 -0.034066
v -0.126004 -0.007589 -0.042810
v -0.154965 -0.006344 -0.041904
v -0.222926 0.027929 -0.034809
v -0.226406 0.027892 -0.034536
v -0.226646 0.032769 -0.033411
v -0.214408 0.027963 -0.035418
v -0.199051 0.030913 -0.035910
v -0.201922 0.027551 -0.036287
v -0.193714 0.026508 -0.036973
v -0.190122 0.029306 -0.036796
v -0.188270 0.025077 -0.037516
v -0.181386 0.027291 -0.037665
v -0.182976 0.022700 -0.038138
v -0.178364 0.019517 -0.038764
v -0.172877 0.024894 -0.038499
v -0.173122 0.014585 -0.039541
v -0.167864 0.008725 -0.040321
v -0.164648 0.022132 -0.039269
v -0.171576 0.032353 -0.037090
v -0.189645 0.034269 -0.035707
v -0.208091 0.035296 -0.034175
v -0.217358 0.032773 -0.034166
v -0.226824 0.036111 -0.032398
v -0.217415 0.035443 -0.033400
v -0.208142 0.032074 -0.035027
v -0.182351 -0.055801 0.017350
v -0.185626 -0.056188 0.016204
v -0.182040 -0.056744 0.014614
v -0.192930 -0.056843 0.014376
v -0.196350 -0.057215 0.013436
v -0.201037 -0.057287 0.013311
v -0.168334 -0.055786 0.017307
v -0.175614 -0.055182 0.019326
v -0.178217 -0.055224 0.019092
v -0.163163 -0.053154 0.024325
v -0.157434 -0.052153 0.026143
v -0.158174 -0.051005 0.028526
v -0.171940 -0.054021 0.022437
v -0.169181 -0.054359 0.021590
v -0.166700 -0.052435 0.026077
v -0.161770 -0.050110 0.030340
v -0.159439 -0.048632 0.032603
v -0.177086 -0.057932 0.008970
v -0.152094 -0.056801 0.008970
v -0.167429 -0.056829 0.013053
v -0.154073 -0.055724 0.015334
v -0.210883 -0.057492 0.012940
v -0.210853 -0.058666 0.008969
v -0.196068 -0.058470 0.008969
v -0.180261 -0.058040 0.008969
v -0.161863 -0.054997 0.019216
v -0.156402 -0.053515 0.022822
v -0.210817 -0.059418 0.002086
v -0.181925 -0.058612 -0.002928
v -0.177585 -0.058492 0.004035
v -0.182383 -0.058723 0.002932
v -0.152085 -0.056498 -0.008891
v -0.152097 -0.056889 -0.006030
v -0.181357 -0.057847 -0.008865
v -0.177087 -0.058114 -0.006030
v -0.177695 -0.058492 -0.001973
v -0.152088 -0.054958 -0.015085
v -0.180841 -0.056126 -0.014648
v -0.196227 -0.056645 -0.014361
v -0.210780 -0.056976 -0.014074
v -0.210781 -0.058201 -0.010570
v -0.210791 -0.059175 -0.005289
v -0.087754 -0.014340 -0.042873
v -0.092045 -0.014835 -0.042946
v -0.093133 -0.014961 -0.042963
v -0.094221 -0.015086 -0.042979
v -0.073363 -0.012679 -0.042551
v -0.080924 -0.013551 -0.042735
v -0.097040 -0.015411 -0.043018
v -0.113181 -0.017275 -0.043154
v -0.126938 -0.018862 -0.043153
v -0.132618 -0.018955 -0.043098
v -0.137750 -0.018098 -0.042975
v -0.142668 -0.016362 -0.042770
v -0.147253 -0.013773 -0.042493
v -0.151367 -0.010370 -0.042187
v -0.152213 -0.025348 0.043849
v -0.159699 -0.026402 0.043681
v -0.156363 -0.031230 0.044255
v -0.164855 -0.020799 0.043107
v -0.145396 -0.019100 0.043595
v -0.165471 -0.020206 0.043054
v -0.141457 -0.024621 0.044046
v -0.119247 -0.022727 0.043998
v -0.121811 -0.017395 0.043630
v -0.099073 -0.015104 0.043073
v -0.097007 -0.020560 0.043352
v -0.095965 -0.014722 0.042951
v -0.076547 -0.017666 0.042179
v -0.072763 -0.011607 0.041726
v -0.147246 -0.030758 0.044491
v -0.137632 -0.030189 0.044624
v -0.118384 -0.028756 0.044516
v -0.099199 -0.026772 0.043883
v -0.089960 -0.025569 0.043384
v -0.080642 -0.024224 0.042752
v -0.128227 0.016185 0.041214
v -0.104417 0.012216 0.041004
v -0.154769 -0.000551 0.042488
v -0.174645 -0.012229 0.042333
v -0.185735 -0.002904 0.041516
v -0.080594 0.029416 0.037785
v -0.057099 0.027532 0.037462
v -0.101457 -0.010352 0.042835
v -0.080653 0.008191 0.040727
v -0.071185 -0.009111 0.041553
v -0.084972 -0.002382 0.041781
v -0.071558 0.013103 0.039930
v -0.128044 -0.005438 0.042881
v -0.241380 0.057616 0.004058
v -0.241369 0.057533 0.006042
v -0.203956 0.060994 0.004928
v -0.218034 0.058696 0.015709
v -0.189282 0.060559 0.017555
v -0.203931 0.060602 0.011070
v -0.241241 0.056542 0.013932
v -0.241304 0.057033 -0.005832
v -0.241360 0.057467 -0.001845
v -0.203965 0.060783 -0.001211
v -0.127036 0.063928 0.000094
v -0.165523 0.062683 -0.000426
v -0.107807 0.064933 0.000003
v -0.117408 0.063284 0.019071
v -0.100864 0.064566 0.017787
v -0.107642 0.064842 0.012638
v -0.126875 0.063770 0.013126
v -0.165434 0.062495 0.012524
v -0.133807 0.062470 0.019522
v -0.156890 0.061726 0.019152
v -0.165481 0.062911 0.006042
v -0.126963 0.064173 0.006598
v -0.107730 0.065198 0.006304
v -0.241132 0.055695 -0.011545
v -0.241011 0.054757 -0.014037
v -0.240830 0.053360 -0.016923
v -0.240446 0.050383 -0.021408
v -0.239932 0.046403 -0.025540
v -0.239654 0.044245 -0.027226
v -0.239345 0.041852 -0.028761
v -0.238680 0.036690 -0.031141
v -0.237529 0.027770 -0.033572
v -0.237720 0.029258 -0.033254
v -0.093022 0.053110 0.031494
v -0.117899 0.051344 0.032876
v -0.094923 0.064493 0.020101
v -0.240850 0.053503 0.022581
v -0.240498 0.050782 0.026172
v -0.217809 0.053938 0.026491
v -0.240016 0.047054 0.029227
v -0.239414 0.042380 0.031577
v -0.230188 0.043005 0.032359
v -0.241097 0.055422 0.018347
v -0.143577 0.060259 0.025086
v -0.168162 0.059607 0.024267
v -0.193043 0.058665 0.022930
v -0.217854 0.057091 0.021328
v -0.241044 0.055015 0.019468
v -0.107056 0.063319 0.021312
v -0.119242 0.062463 0.022037
v -0.143628 0.061409 0.022302
v -0.082914 0.066042 0.018441
v -0.071048 0.068036 0.016333
v -0.059328 0.070337 0.013924
v -0.069066 0.057135 0.028662
v -0.080936 0.054676 0.030305
v -0.142992 0.050768 0.033124
v -0.217611 0.049244 0.030516
v -0.208358 0.044100 0.033614
v -0.192861 0.050278 0.031707
v -0.191862 0.044581 0.034240
v -0.168086 0.050656 0.032611
v -0.058764 0.069391 0.016941
v -0.070523 0.066987 0.019346
v -0.082428 0.064927 0.021432
v -0.094491 0.063341 0.023026
v -0.119017 0.061284 0.024862
v -0.193007 0.055269 0.027927
v -0.168153 0.055944 0.029069
v -0.143291 0.056344 0.029763
v -0.118444 0.057176 0.029556
v -0.093728 0.059138 0.027955
v -0.081713 0.060729 0.026552
v -0.069887 0.062961 0.024647
v -0.058081 0.065672 0.022390
v -0.219579 0.022169 0.037607
v -0.211588 0.018250 0.038660
v -0.209588 0.033630 0.036536
v -0.238503 0.035319 0.033783
v -0.237452 0.027175 0.035208
v -0.228312 0.025193 0.036436
v -0.224509 0.036971 0.034751
v -0.193288 0.038063 0.036179
v -0.195429 0.028631 0.038180
v -0.197533 0.019149 0.039457
v -0.204183 0.013470 0.039598
v -0.199499 0.009825 0.040157
v -0.197086 0.007762 0.040430
v -0.225515 0.024355 0.036812
v -0.223870 0.043241 0.032849
v -0.208314 0.041308 0.034568
v -0.227046 -0.053465 0.019243
v -0.210951 -0.053682 0.019446
v -0.227228 -0.052062 0.021068
v -0.210975 -0.052239 0.021416
v -0.211091 -0.059452 0.000027
v -0.219095 -0.059459 0.000025
v -0.218957 -0.058662 0.008969
v -0.226389 -0.058563 0.008969
v -0.210948 -0.058747 -0.008219
v -0.226294 -0.059297 0.003016
v -0.226286 -0.059363 -0.000817
v -0.218971 -0.058745 -0.008221
v -0.226310 -0.059169 -0.004501
v -0.218878 -0.058186 -0.010570
v -0.226428 -0.058259 -0.009915
v -0.226451 -0.058078 -0.010570
v -0.210898 -0.056680 0.014700
v -0.226613 -0.056828 0.014055
v -0.226418 -0.058347 0.009909
v -0.215310 -0.057008 -0.014030
v -0.224627 -0.056823 -0.014251
v -0.226627 -0.056726 -0.014342
v -0.238755 0.027371 0.035034
v -0.248236 0.028230 0.033779
v -0.249519 0.035343 0.032408
v -0.261926 0.036109 0.030402
v -0.261305 0.028245 0.032087
v -0.260491 0.040579 0.029148
v -0.262266 0.040405 0.028913
v -0.323899 -0.011024 -0.020084
v -0.321513 -0.009129 -0.020626
v -0.321513 -0.012665 -0.020158
v -0.317608 0.026517 0.024837
v -0.321513 0.026431 0.024334
v -0.317608 0.021173 0.024566
v -0.321513 0.015449 0.023700
v -0.317608 0.002511 0.023170
v -0.321513 -0.013924 0.020115
v -0.317608 -0.011477 0.021235
v -0.321513 0.000461 0.022330
v -0.321513 0.005952 0.022925
v -0.321513 -0.022640 0.016372
v -0.317608 -0.022546 0.018163
v -0.321513 -0.019877 0.018288
v -0.317608 -0.019243 0.019526
v -0.321513 -0.015969 0.019687
v -0.317608 -0.016691 0.020183
v -0.321513 -0.014043 0.020092
v -0.321513 -0.026846 0.005695
v -0.317608 -0.029067 0.005972
v -0.321513 -0.026230 0.010188
v -0.317608 -0.028452 0.010369
v -0.321513 -0.025795 0.011603
v -0.317608 -0.028087 0.011596
v -0.321513 -0.024824 0.013669
v -0.317608 -0.027052 0.013845
v -0.317608 -0.025247 0.016159
v -0.285617 -0.016952 0.024263
v -0.294304 -0.022335 0.022178
v -0.290800 -0.028383 0.021102
v -0.291378 0.009500 0.026943
v -0.300550 -0.000786 0.025067
v -0.298999 -0.009033 0.024169
v -0.292553 0.027063 0.028050
v -0.302510 0.026846 0.026778
v -0.301593 0.008810 0.025830
v -0.297359 -0.014813 0.023364
v -0.287932 -0.010263 0.025078
v -0.289930 -0.001286 0.026023
v -0.286283 -0.034186 0.019938
v -0.285100 -0.035485 0.019656
v -0.277078 -0.029789 0.022772
v -0.278867 -0.027841 0.022937
v -0.280093 -0.026357 0.023078
v -0.282785 -0.022500 0.023540
v -0.305413 -0.019861 0.021230
v -0.280876 -0.039579 0.018722
v -0.288173 -0.035579 0.019075
v -0.294158 -0.032058 0.019363
v -0.295324 -0.031348 0.019418
v -0.302370 -0.026903 0.019730
v -0.309320 -0.022309 0.020017
v -0.233279 -0.053262 0.019153
v -0.235559 -0.051800 0.020787
v -0.242662 -0.050847 0.020788
v -0.256329 -0.045907 0.021527
v -0.251253 -0.051197 0.018683
v -0.249208 -0.049007 0.021066
v -0.248757 -0.051715 0.018724
v -0.242785 -0.052626 0.018866
v -0.269691 -0.036499 0.022364
v -0.261335 -0.048266 0.018529
v -0.262603 -0.042116 0.021962
v -0.259695 -0.048827 0.018560
v -0.254643 -0.050354 0.018641
v -0.270371 -0.044665 0.018401
v -0.267833 -0.045755 0.018420
v -0.287938 -0.028450 -0.020871
v -0.283757 -0.033652 -0.020050
v -0.283938 -0.033654 -0.020012
v -0.277637 -0.033633 -0.021425
v -0.282873 -0.028415 -0.021801
v -0.281199 -0.026992 -0.022473
v -0.287734 -0.019711 -0.022806
v -0.284005 -0.019864 -0.023342
v -0.291542 -0.008672 -0.023970
v -0.286429 -0.011394 -0.024207
v -0.288786 0.000681 -0.025324
v -0.294196 0.005263 -0.025305
v -0.289446 0.005324 -0.025744
v -0.296148 0.027128 -0.027139
v -0.291393 0.027180 -0.027719
v -0.290529 0.015464 -0.026658
v -0.301386 0.027071 -0.026491
v -0.301206 0.027073 -0.026514
v -0.301042 0.022075 -0.026115
v -0.299249 0.005198 -0.024745
v -0.299795 0.008130 -0.024984
v -0.296594 -0.008740 -0.023414
v -0.297810 -0.004341 -0.023831
v -0.299636 0.006806 -0.024868
v -0.292789 -0.019768 -0.022122
v -0.295475 -0.013197 -0.022913
v -0.296774 -0.008743 -0.023394
v -0.288501 -0.027893 -0.020926
v -0.292004 -0.021828 -0.021818
v -0.294860 -0.015016 -0.022700
v -0.284212 -0.035547 -0.019252
v -0.289238 -0.032812 -0.019303
v -0.297784 -0.027886 -0.019569
v -0.306910 -0.022283 -0.020034
v -0.275077 -0.037316 -0.020692
v -0.270600 -0.042276 -0.019471
v -0.239154 -0.057579 -0.010569
v -0.236344 -0.057740 -0.010570
v -0.236507 -0.058696 -0.005758
v -0.250988 -0.056479 0.008941
v -0.251101 -0.056458 0.008940
v -0.251246 -0.057095 0.004152
v -0.263306 -0.053572 0.008782
v -0.267480 -0.052298 0.008681
v -0.267216 -0.052970 0.004259
v -0.253386 -0.056002 0.008924
v -0.236426 -0.058224 0.008969
v -0.249813 -0.056207 -0.010548
v -0.261780 -0.053528 -0.010412
v -0.252706 -0.055655 -0.010530
v -0.251203 -0.056908 -0.005790
v -0.272549 -0.050497 0.008523
v -0.272695 -0.050974 0.004317
v -0.267253 -0.053103 -0.000847
v -0.272735 -0.051103 -0.000858
v -0.267163 -0.052786 -0.005946
v -0.272640 -0.050794 -0.006026
v -0.251276 -0.057230 -0.000823
v -0.272432 -0.050115 -0.010127
v -0.236563 -0.059021 -0.000818
v -0.236539 -0.058885 0.004131
v -0.315067 -0.009884 0.021918
v -0.236674 -0.054788 0.016833
v -0.250206 -0.054783 0.014336
v -0.237513 -0.056218 0.014446
v -0.262668 -0.051787 0.014327
v -0.274749 -0.047537 0.014384
v -0.297508 -0.038878 0.011359
v -0.275269 -0.049454 0.008424
v -0.275122 -0.048752 0.011514
v -0.284821 -0.045523 0.008001
v -0.286748 -0.043927 0.011383
v -0.297421 -0.039717 0.007302
v -0.298729 -0.039075 0.007222
v -0.297414 -0.033971 0.017800
v -0.285661 -0.040326 0.017198
v -0.273985 -0.045750 0.016718
v -0.261941 -0.050269 0.016617
v -0.249460 -0.053437 0.016652
v -0.297726 -0.036870 0.015054
v -0.286453 -0.042488 0.014644
v -0.321513 0.021851 -0.023551
v -0.321513 0.026850 -0.023953
v -0.305529 -0.008842 -0.022460
v -0.318413 -0.014769 -0.020213
v -0.311595 -0.001247 -0.022633
v -0.321513 -0.004154 -0.021201
v -0.271952 0.039404 0.027612
v -0.293368 0.037040 0.024749
v -0.292567 0.027563 0.028077
v -0.254434 -0.034509 -0.026148
v -0.266809 -0.032345 -0.024232
v -0.266943 -0.021166 -0.026067
v -0.168335 0.005040 -0.040226
v -0.167892 -0.007854 -0.039742
v -0.094392 -0.024526 -0.038897
v -0.094526 -0.027869 -0.037175
v -0.118025 -0.028547 -0.039134
v -0.097931 -0.046261 -0.022965
v -0.099822 -0.048335 -0.020273
v -0.116953 -0.050769 -0.019915
v -0.110474 -0.051975 -0.015514
v -0.117925 -0.052937 -0.015061
v -0.132245 -0.053975 -0.015117
v -0.141478 -0.052409 -0.020078
v -0.190901 -0.054359 -0.018634
v -0.102471 -0.049897 -0.018046
v -0.105797 -0.051015 -0.016510
v -0.094850 -0.033354 -0.033977
v -0.095154 -0.036522 -0.031856
v -0.117503 -0.039209 -0.032838
v -0.095508 -0.039069 -0.029947
v -0.117275 -0.043779 -0.028988
v -0.094185 -0.015203 -0.042934
v -0.094168 -0.015335 -0.042884
v -0.094166 -0.015583 -0.042791
v -0.130259 -0.029541 -0.039533
v -0.130528 -0.023510 -0.041828
v -0.167477 -0.020412 -0.038374
v -0.143024 -0.017885 -0.042446
v -0.192935 0.001449 -0.037451
v -0.217660 0.000002 -0.034930
v -0.266946 0.003502 -0.028351
v -0.276168 0.027347 -0.029527
v -0.266038 -0.045243 -0.018922
v -0.266340 -0.041959 -0.020845
v -0.261073 -0.049045 -0.017365
v -0.253964 -0.044107 -0.022711
v -0.215599 -0.055459 -0.017347
v -0.238657 -0.055604 -0.015118
v -0.240263 -0.055299 -0.015352
v -0.247539 -0.053981 -0.015720
v -0.192592 -0.011455 -0.036751
v -0.192249 -0.023679 -0.035291
v -0.241983 -0.035998 -0.027852
v -0.242197 -0.024680 -0.029871
v -0.242288 -0.012200 -0.031028
v -0.242346 0.001002 -0.031823
v -0.217479 -0.013227 -0.034290
v -0.217257 -0.025587 -0.032951
v -0.216941 -0.036661 -0.030525
v -0.229475 -0.036713 -0.029301
v -0.166321 -0.050470 -0.023899
v -0.141829 -0.045606 -0.029143
v -0.141634 -0.049413 -0.024837
v -0.096502 -0.043261 -0.026244
v -0.117086 -0.047674 -0.024679
v -0.191122 -0.051553 -0.022431
v -0.166510 -0.046798 -0.027636
v -0.142054 -0.041073 -0.032952
v -0.129747 -0.040362 -0.033245
v -0.142547 -0.030256 -0.038896
v -0.142298 -0.035918 -0.036216
v -0.166899 -0.037554 -0.033469
v -0.166704 -0.042462 -0.030826
v -0.191528 -0.044225 -0.028507
v -0.142792 -0.024206 -0.040971
v -0.167092 -0.032177 -0.035581
v -0.191901 -0.034809 -0.032704
v -0.216510 -0.045997 -0.026672
v -0.215940 -0.052973 -0.020975
v -0.229021 -0.046143 -0.025607
v -0.228352 -0.053184 -0.020050
v -0.241515 -0.045524 -0.024301
v -0.240753 -0.052725 -0.018855
v -0.253122 -0.051475 -0.017326
v -0.254639 -0.051883 -0.016408
v -0.267110 -0.045221 -0.018606
v -0.308376 0.047666 0.007521
v -0.285388 0.050915 0.009804
v -0.286144 0.051660 0.002415
v -0.330961 0.044708 0.005452
v -0.331002 0.045099 -0.000878
v -0.300550 0.049423 -0.003760
v -0.330998 0.045067 -0.001846
v -0.262382 0.054059 0.012059
v -0.266008 0.054200 -0.005160
v -0.307313 0.037238 -0.022807
v -0.329860 0.034122 -0.020838
v -0.330231 0.037684 -0.018740
v -0.330914 0.044255 -0.007861
v -0.284820 0.049977 -0.012252
v -0.330875 0.043878 -0.009273
v -0.330759 0.042760 -0.012258
v -0.284784 0.048317 -0.015963
v -0.330537 0.040633 -0.015799
v -0.284706 0.046063 -0.019364
v -0.284577 0.043235 -0.022282
v -0.284400 0.039951 -0.024587
v -0.289026 0.031970 -0.027026
v -0.329123 0.027032 -0.022929
v -0.329334 0.029062 -0.022478
v -0.261424 0.042347 -0.026062
v -0.254542 0.035426 -0.029988
v -0.261499 0.052753 -0.013220
v -0.329096 0.026767 -0.022985
v -0.262507 0.052533 0.017408
v -0.330932 0.044427 0.007077
v -0.330795 0.043106 0.011148
v -0.308350 0.046323 0.012360
v -0.307722 0.039951 0.020361
v -0.330238 0.037750 0.017707
v -0.329785 0.033394 0.020427
v -0.262080 0.045534 0.026281
v -0.307253 0.035529 0.022990
v -0.284921 0.042765 0.023273
v -0.285451 0.049464 0.014878
v -0.330576 0.041000 0.014530
v -0.308117 0.043719 0.016777
v -0.285276 0.046736 0.019527
v -0.262380 0.049706 0.022331
v -0.327016 0.006771 0.022135
v -0.329044 0.026267 0.023366
v -0.325105 -0.011608 0.019897
v -0.321604 -0.013982 0.020088
v -0.325370 -0.009063 0.020287
v -0.324582 -0.016639 0.018705
v -0.324207 -0.020248 0.016817
v -0.324121 -0.021075 0.016172
v -0.323965 -0.022574 0.014666
v -0.323791 -0.024246 0.012009
v -0.323649 -0.025612 0.005541
v -0.323682 -0.025297 0.008489
v -0.328576 0.021773 -0.022669
v -0.325264 -0.010078 -0.020033
v -0.327269 0.009205 -0.021813
v -0.321513 -0.026693 -0.007295
v -0.323665 -0.025455 -0.007141
v -0.321513 -0.026538 -0.008732
v -0.323753 -0.024610 -0.011610
v -0.324085 -0.021425 -0.016328
v -0.321513 -0.023237 -0.016257
v -0.323913 -0.023076 -0.014578
v -0.321513 -0.024009 -0.015425
v -0.321513 -0.025619 -0.012618
v -0.324894 -0.013650 -0.019537
v -0.324428 -0.018123 -0.018292
v -0.321513 -0.018375 -0.018967
v -0.324142 -0.020869 -0.016765
v -0.321513 -0.021580 -0.017532
v -0.321513 -0.023195 -0.016298
v -0.323641 -0.025696 -0.003572
v -0.285900 -0.045554 -0.000835
v -0.298692 -0.039432 -0.000854
v -0.272581 -0.050060 -0.010122
v -0.286077 -0.044643 -0.009538
v -0.302468 -0.036971 -0.008589
v -0.329234 0.028100 0.022862
v -0.329096 0.026766 0.023386
v -0.292556 0.027178 0.028060
v -0.292560 0.027430 0.028089
v -0.329046 0.026286 0.023367
v -0.329078 0.026599 0.023409
v -0.329232 0.028074 -0.001500
v -0.328950 0.025364 -0.008000
v -0.327550 0.011902 -0.008000
v -0.325426 -0.008528 -0.010000
v -0.326454 0.001367 -0.010000
v -0.325426 -0.008528 -0.015000
v -0.326454 0.001367 -0.015000
v -0.325167 -0.011016 -0.014523
v -0.328716 0.023114 -0.010000
v -0.329232 0.028074 -0.010000
v -0.328716 0.023114 -0.015000
v -0.327042 0.007014 -0.008000
v -0.326219 -0.000892 -0.008000
v -0.325660 -0.006268 -0.008000
v -0.325151 -0.011164 -0.008000
v -0.325151 -0.011164 -0.014000
v -0.325154 -0.011141 -0.014211
v -0.325190 -0.010792 -0.014777
v -0.325221 -0.010495 -0.014943
v -0.325256 -0.010161 -0.015000
v -0.330023 0.035685 -0.008000
v -0.329920 0.034697 -0.008000
v -0.329513 0.030783 -0.008000
v -0.329232 0.028074 -0.008000
v -0.329975 0.035220 -0.014842
v -0.330000 0.035468 -0.014619
v -0.330017 0.035629 -0.014328
v -0.330023 0.035685 -0.014000
v -0.329747 0.033033 -0.010000
v -0.329747 0.033033 -0.015000
v -0.329918 0.034678 -0.015000
v -0.329942 0.034910 -0.014973
v -0.329445 0.030129 0.015000
v -0.329445 0.030129 0.000000
v -0.329920 0.034697 0.008000
v -0.330023 0.035685 0.008000
v -0.329920 0.034697 0.000000
v -0.329984 0.035312 0.014776
v -0.329953 0.035014 0.014943
v -0.329918 0.034678 0.015000
v -0.330023 0.035685 0.014000
v -0.330021 0.035662 0.014208
v -0.330008 0.035537 0.014521
v -0.329018 0.026018 0.015000
v -0.327519 0.011605 0.008175
v -0.327550 0.011902 0.008000
v -0.327550 0.011902 0.000000
v -0.327766 0.013984 0.006000
v -0.328594 0.021945 0.006000
v -0.327766 0.013984 0.000000
v -0.328594 0.021945 0.000000
v -0.329018 0.026018 0.000000
v -0.327042 0.007014 0.000000
v -0.327042 0.007014 0.008000
v -0.325729 -0.005607 -0.000000
v -0.325151 -0.011164 -0.000000
v -0.327331 0.009795 0.009158
v -0.326151 -0.001554 0.015000
v -0.325200 -0.010699 0.014844
v -0.325174 -0.010947 0.014621
v -0.325157 -0.011108 0.014329
v -0.325151 -0.011164 0.014000
v -0.327176 0.008309 0.008755
v -0.327196 0.008503 0.008862
v -0.327243 0.008955 0.009091
v -0.325729 -0.005607 0.015000
v -0.325256 -0.010161 0.015000
v -0.325232 -0.010389 0.014974
v -0.326151 -0.001554 -0.000000
v -0.327284 0.009348 0.009217
v -0.327310 0.009597 0.009213
v -0.292556 0.027312 0.028065
v -0.025783 0.044599 0.032434
v -0.022275 0.047344 0.031663
v -0.032076 0.039314 0.033794
v -0.039823 0.031857 0.035469
v -0.047313 0.023179 0.037101
v -0.053846 0.014090 0.038670
v -0.058003 0.007603 0.039660
v -0.062413 0.000391 0.040561
v -0.068762 -0.010293 0.041446
v -0.058006 0.007599 -0.039938
v -0.063675 -0.001713 -0.041383
v -0.066295 -0.001713 -0.041505
v -0.060762 0.006153 -0.040293
v -0.057573 0.010445 -0.039564
v -0.053629 0.014415 -0.038790
v -0.049115 0.020976 -0.037612
v -0.048183 0.022055 -0.037398
v -0.069937 -0.012283 -0.042458
v -0.018784 0.049963 0.030877
v -0.015553 0.052299 0.030122
v -0.004266 0.059861 0.027169
v 0.020879 0.071387 0.015175
v 0.008224 0.067357 0.022706
v 0.016821 0.070507 0.018196
v 0.012468 0.068975 0.020789
v 0.008397 0.067111 0.022766
v 0.002051 0.063678 0.025193
v -0.000247 0.066696 0.024211
v 0.003421 0.064459 0.024717
v 0.007278 0.066544 -0.022004
v 0.013458 0.069371 -0.019035
v 0.014011 0.069581 -0.018735
v 0.018080 0.070839 -0.016340
v 0.020015 0.071245 -0.014992
v 0.020190 0.076459 0.010655
v 0.022489 0.071591 0.013501
v 0.024520 0.071753 0.009747
v 0.025353 0.071794 0.005892
v 0.024046 0.071723 0.010965
v 0.024045 0.071723 0.010967
v 0.017816 0.074786 -0.014443
v 0.022375 0.071579 -0.012752
v 0.019819 0.076369 -0.010674
v 0.023930 0.071715 -0.010073
v 0.017570 0.081418 -0.005302
v 0.025036 0.071780 -0.005720
v 0.025557 0.071803 0.001949
v -0.036651 0.035067 -0.034550
v -0.032752 0.038712 -0.033581
v -0.025780 0.044601 -0.031827
v -0.022318 0.047311 -0.030938
v -0.040738 0.030885 -0.035557
v -0.010033 0.056111 -0.027644
v -0.006556 0.058401 -0.026659
v -0.000197 0.062358 -0.024727
v -0.078664 -0.023929 0.042600
v -0.076688 -0.023633 0.042444
v -0.081067 -0.014071 -0.042570
v -0.070256 -0.012824 -0.042334
v -0.074285 -0.019623 -0.040197
v -0.090032 -0.027410 -0.037128
v -0.092022 -0.015335 -0.042760
v -0.087795 -0.014847 -0.042692
v -0.093094 -0.015459 -0.042776
v -0.088903 -0.039074 -0.029412
v -0.089824 -0.044628 -0.023922
v -0.093596 -0.050395 -0.014448
v -0.091907 -0.047825 -0.019567
v -0.109208 -0.052744 -0.012543
v -0.130624 -0.054605 -0.012550
v -0.123543 -0.055167 -0.006025
v -0.095012 -0.052534 -0.006029
v -0.094563 -0.051857 -0.009752
v -0.079313 -0.027954 -0.036382
v -0.083755 -0.035116 -0.032161
v -0.087178 -0.040517 -0.028039
v -0.094852 -0.052292 0.008970
v -0.094058 -0.051095 0.015165
v -0.120243 -0.054781 0.008975
v -0.109980 -0.052798 0.015292
v -0.128106 -0.054230 0.015363
v -0.129138 -0.055606 -0.005758
v -0.175949 -0.058287 0.005884
v -0.176230 -0.058439 -0.001768
v -0.175680 -0.058083 -0.005768
v -0.094989 -0.052495 0.007414
v -0.095276 -0.052930 0.000240
v -0.129517 -0.055885 -0.001715
v -0.129199 -0.055754 0.005900
v -0.150692 -0.057065 0.005875
v -0.151011 -0.057173 -0.001763
v -0.150530 -0.056835 -0.005766
v -0.078195 -0.026122 0.042368
v -0.077018 -0.024180 0.042490
v -0.094056 -0.026632 0.043647
v -0.125995 -0.050608 0.026067
v -0.147724 -0.037063 0.043070
v -0.151557 -0.041270 0.040532
v -0.117779 -0.037581 0.041655
v -0.155229 -0.045069 0.037065
v -0.120683 -0.041524 0.038831
v -0.122927 -0.045019 0.035200
v -0.114074 -0.033207 0.043532
v -0.109860 -0.028460 0.044339
v -0.121997 -0.029563 0.044622
v -0.146266 -0.035338 0.043757
v -0.144351 -0.032925 0.044389
v -0.142935 -0.031009 0.044623
v -0.096419 -0.031380 0.042836
v -0.080942 -0.030601 0.041412
v -0.100048 -0.035933 0.041060
v -0.083625 -0.034909 0.039492
v -0.102875 -0.039995 0.038330
v -0.086177 -0.038949 0.036608
v -0.105045 -0.043560 0.034787
v -0.088441 -0.042487 0.032975
v -0.107976 -0.049191 0.025824
v -0.092675 -0.048996 0.021725
v -0.091576 -0.047320 0.025481
v -0.090763 -0.046073 0.027796
v -0.149511 -0.031381 0.044498
v -0.076729 -0.023701 0.042450
v -0.090095 -0.025916 0.043417
v -0.076894 -0.023974 0.042481
v -0.076972 -0.024104 0.042490
v -0.090229 -0.025937 0.043425
v -0.156148 -0.031479 0.044299
v -0.156069 -0.031602 0.044316
v -0.156064 -0.031666 0.044320
v -0.156088 -0.031717 0.044318
v -0.122007 -0.029128 0.044583
v -0.089987 -0.025637 0.043391
v -0.105965 -0.027610 0.044174
v -0.042458 0.028995 0.008000
v -0.042458 0.028995 0.013500
v -0.047784 0.022574 0.013500
v -0.028047 0.042757 0.005000
v -0.028047 0.042757 0.008000
v -0.038779 0.032940 0.008000
v -0.038779 0.032940 -0.015000
v -0.047784 0.022574 -0.015000
v -0.014156 0.053285 0.011695
v -0.014128 0.053304 0.011500
v -0.014128 0.053304 0.005000
v -0.018759 0.049982 0.005000
v -0.018759 0.049982 0.000000
v -0.014128 0.053304 -0.008000
v -0.014128 0.053304 -0.011500
v -0.014144 0.053293 -0.011646
v -0.014166 0.053278 -0.011725
v -0.014166 0.053278 -0.014000
v -0.014169 0.053276 -0.014074
v -0.014234 0.053231 -0.014328
v -0.014481 0.053057 -0.014650
v -0.014788 0.052841 -0.014835
v -0.015008 0.052686 -0.014916
v -0.015592 0.052272 -0.015000
v -0.025787 0.044595 -0.015000
v -0.020445 0.048730 0.000000
v -0.020468 0.048713 0.000000
v -0.020468 0.048713 -0.001200
v -0.020723 0.048521 -0.001500
v -0.021508 0.047928 -0.008000
v -0.024780 0.045396 -0.001500
v -0.022118 0.047464 -0.001500
v -0.024780 0.045396 0.000000
v -0.022118 0.047464 0.000000
v -0.024780 0.045396 0.005000
v -0.022118 0.047464 0.005000
v -0.024780 0.045396 0.015000
v -0.014458 0.053074 0.014630
v -0.014303 0.053182 0.014457
v -0.022118 0.047464 0.015000
v -0.015592 0.052272 0.015000
v -0.014969 0.052713 0.014904
v -0.014481 0.053057 0.014650
v -0.014166 0.053278 0.011725
v -0.014166 0.053278 0.014000
v -0.014202 0.053252 0.014243
v -0.025381 0.044919 -0.008000
v -0.026149 0.044304 -0.001500
v -0.025787 0.044595 -0.008000
v -0.075005 -0.020829 -0.008000
v -0.058009 0.007594 0.005000
v -0.079352 -0.028017 -0.008000
v -0.059418 0.005317 0.005000
v -0.058009 0.007594 -0.015000
v -0.070097 -0.012555 -0.042417
v -0.070018 -0.012420 -0.042450
v -0.078429 -0.026506 -0.015000
v -0.078803 -0.027120 -0.014913
v -0.079111 -0.027624 -0.014671
v -0.079262 -0.027870 -0.014429
v -0.079327 -0.027976 -0.014231
v -0.079352 -0.028017 -0.014000
v -0.079352 -0.028017 0.008000
v -0.079352 -0.028017 0.014000
v -0.079339 -0.027996 0.014167
v -0.079285 -0.027909 0.014371
v -0.079183 -0.027742 0.014574
v -0.079075 -0.027564 0.014713
v -0.078950 -0.027359 0.014824
v -0.078765 -0.027057 0.014931
v -0.078429 -0.026506 0.015000
v -0.058009 0.007594 0.015000
v -0.076850 -0.023902 0.042470
v -0.059418 0.005317 0.008000
v -0.091043 -0.046503 -0.017034
v -0.038779 0.032940 0.015000
v -0.047784 0.022574 0.015000
v -0.025787 0.044595 0.015000
v -0.026398 0.044104 -0.001200
v -0.026398 0.044104 0.000000
v -0.026429 0.044079 0.000000
v -0.029224 0.041775 -0.008000
v -0.038779 0.032940 -0.008000
v -0.028047 0.042757 0.000000
v -0.047784 0.022574 -0.013500
v -0.042458 0.028995 -0.013500
v -0.042458 0.028995 -0.008000
v -0.055800 0.011095 0.013500
v -0.055800 0.011095 0.005000
v -0.054567 0.012998 -0.013500
v -0.054567 0.012998 -0.008000
v -0.058009 0.007594 -0.008000
v -0.060596 0.003392 -0.008000
v -0.080947 -0.013686 -0.042720
v -0.092016 -0.014961 -0.042927
v -0.080981 -0.013816 -0.042676
v -0.087751 -0.014597 -0.042807
v -0.087743 -0.014470 -0.042855
v -0.092008 -0.015086 -0.042877
v -0.093088 -0.015210 -0.042881
v -0.093100 -0.015082 -0.042931
v -0.196259 0.002391 0.040552
v -0.183353 -0.032794 0.040089
v -0.179550 -0.030117 0.041295
v -0.181569 -0.031281 0.040747
v -0.172837 -0.020304 0.042578
v -0.186555 -0.035048 0.038796
v -0.197881 -0.030369 0.037884
v -0.192968 -0.039561 0.035485
v -0.231424 -0.048882 0.024003
v -0.247927 -0.047613 0.022441
v -0.247963 -0.043881 0.024987
v -0.264131 -0.036982 0.023741
v -0.279077 -0.010249 0.026114
v -0.263961 -0.032524 0.025123
v -0.263467 -0.023040 0.027188
v -0.277582 0.010301 0.028590
v -0.261306 0.008026 0.031015
v -0.245038 0.005741 0.033796
v -0.228752 0.003901 0.036385
v -0.212492 0.002743 0.038639
v -0.181031 -0.020301 0.041755
v -0.197437 -0.019992 0.039634
v -0.213834 -0.019192 0.037422
v -0.230255 -0.017865 0.035122
v -0.246611 -0.015796 0.032289
v -0.262845 -0.013027 0.028857
v -0.231404 -0.045290 0.026602
v -0.239720 -0.044766 0.026005
v -0.247936 -0.039876 0.027179
v -0.231060 -0.032730 0.032311
v -0.247541 -0.030833 0.029971
v -0.247787 -0.035512 0.028815
v -0.239558 -0.036553 0.030059
v -0.231229 -0.037227 0.030773
v -0.198184 -0.039469 0.034499
v -0.200427 -0.044813 0.030688
v -0.230833 -0.027983 0.033511
v -0.247265 -0.025977 0.030917
v -0.206621 -0.049173 0.025542
v -0.172785 -0.025355 0.042620
v -0.189964 -0.051806 0.024172
v -0.193962 -0.050223 0.025778
v -0.197127 -0.052139 0.022447
v -0.204690 -0.052241 0.021601
v -0.197456 -0.047659 0.028393
v -0.191839 -0.044390 0.032596
v -0.186114 -0.040869 0.036454
v -0.180271 -0.037081 0.039824
v -0.174187 -0.032744 0.041855
v -0.168076 -0.028062 0.043092
v -0.159285 -0.035715 0.043571
v -0.173753 -0.044449 0.037164
v -0.165364 -0.043090 0.039187
v -0.167951 -0.040697 0.040677
v -0.162319 -0.039524 0.041818
v -0.162067 -0.036189 0.043253
v -0.159017 -0.033826 0.043989
v -0.179423 -0.047434 0.032791
v -0.172914 -0.048344 0.032739
v -0.168748 -0.046029 0.036082
v -0.183454 -0.051119 0.026626
v -0.177778 -0.049994 0.029546
v -0.162001 -0.029840 0.043713
v -0.165085 -0.032280 0.043335
v -0.171095 -0.036975 0.041593
v -0.177065 -0.041051 0.038906
v -0.182820 -0.044418 0.034972
v -0.188409 -0.047471 0.030443
v -0.271518 -0.044667 -0.017669
v -0.284816 -0.038844 -0.017639
v -0.311340 -0.024913 -0.018675
v -0.298037 -0.032138 -0.018019
v -0.311367 -0.029046 -0.016115
v -0.310713 -0.031761 -0.012437
v -0.298966 -0.037696 -0.012614
v -0.285979 -0.043625 -0.012832
v -0.272394 -0.049040 -0.012967
v -0.272101 -0.047121 -0.015507
v -0.285645 -0.041611 -0.015556
v -0.298849 -0.035393 -0.015766
v -0.262521 -0.052765 -0.011948
v -0.250305 -0.055057 -0.013134
v -0.238694 -0.057481 -0.010982
v -0.261704 -0.051371 -0.014623
v -0.150840 -0.037231 0.043015
v -0.152127 -0.035221 0.043788
v -0.160775 -0.039905 0.041594
v -0.164290 -0.049377 0.031595
v -0.150732 -0.038848 0.042166
v -0.158198 -0.043315 0.038942
v -0.201532 -0.055762 0.016473
v -0.192850 -0.053433 0.021070
v -0.166866 -0.046859 0.035142
v -0.175549 -0.049473 0.030718
v -0.153417 -0.033079 0.044258
v -0.011817 0.013578 0.010500
v -0.013361 0.012062 0.010500
v -0.021452 0.035517 0.010500
v -0.001375 0.017947 0.010500
v -0.003099 0.017731 0.010500
v -0.015176 0.036857 0.010500
v -0.014069 0.011228 0.010500
v -0.015033 0.009900 0.010500
v -0.015236 0.009641 0.010500
v -0.037187 0.011342 0.010500
v -0.036952 0.011994 0.010500
v -0.035217 0.009000 0.010500
v -0.024098 0.034439 0.010500
v -0.016703 0.009000 0.010500
v -0.023903 0.034721 0.010500
v -0.023662 0.034965 0.010500
v -0.001065 0.017996 0.010500
v -0.023383 0.035165 0.010500
v -0.023075 0.035314 0.010500
v -0.022745 0.035408 0.010500
v -0.004077 0.017532 0.010500
v -0.006241 0.016883 0.010500
v -0.015700 0.037132 0.010500
v -0.006684 0.016713 0.010500
v -0.015986 0.037208 0.010500
v -0.037186 0.010648 0.010500
v -0.036947 0.009997 0.010500
v -0.036501 0.009466 0.010500
v -0.035900 0.009120 0.010500
v -0.015479 0.009419 0.010500
v -0.015755 0.009239 0.010500
v -0.016056 0.009108 0.010500
v -0.022415 0.035444 0.010500
v -0.016375 0.009027 0.010500
v -0.000011 0.018638 0.010500
v -0.000233 0.018417 0.010500
v -0.011380 0.013946 0.010500
v -0.020571 0.035666 0.010500
v -0.020470 0.035688 0.010500
v 0.002335 0.022657 0.010500
v 0.002235 0.022299 0.010500
v 0.001548 0.024629 0.010500
v 0.002070 0.021965 0.010500
v 0.000174 0.018892 0.010500
v -0.000487 0.018234 0.010500
v -0.000767 0.018092 0.010500
v 0.002055 0.024088 0.010500
v 0.002330 0.023399 0.010500
v 0.002367 0.023028 0.010500
v -0.016868 0.037176 0.010500
v -0.016577 0.037230 0.010500
v -0.016281 0.037241 0.010500
v -0.019828 0.035856 0.010500
v -0.019801 0.035865 0.010500
v -0.009179 0.015484 0.010500
v -0.018583 0.036319 0.010500
v -0.009138 0.015508 0.010500
v -0.018320 0.036442 0.010500
v -0.017411 0.036942 0.010500
v -0.031989 -0.001523 0.012500
v -0.030000 -0.000000 0.009995
v -0.032420 -0.000646 0.012500
v -0.031254 -0.002168 0.012500
v -0.032470 -0.000419 0.012500
v -0.031142 -0.002230 0.012500
v -0.030329 -0.002483 0.012500
v -0.029952 -0.002505 0.012500
v -0.029354 -0.002420 0.012500
v -0.028011 0.001523 0.012500
v -0.027580 0.000646 0.012500
v -0.028015 0.001527 0.012500
v -0.028746 0.002168 0.012500
v -0.028965 0.002281 0.012500
v -0.029671 0.002483 0.012500
v -0.030165 0.002500 0.012500
v -0.030646 0.002420 0.012500
v -0.031310 0.002135 0.012500
v -0.031523 0.001989 0.012500
v -0.032055 0.001433 0.012500
v -0.032168 0.001254 0.012500
v -0.032483 0.000329 0.012500
v -0.027517 -0.000329 0.012500
v -0.027570 0.000608 0.012500
v -0.028012 -0.000263 0.012000
v -0.028477 -0.001989 0.012500
v -0.027969 -0.001466 0.012500
v -0.027832 -0.001254 0.012500
v -0.028890 -0.002246 0.012500
v 0.056003 0.013690 0.012069
v 0.055820 0.013712 0.012270
v 0.054641 0.009616 0.012270
v 0.055854 0.018033 0.012069
v 0.055673 0.017997 0.012270
v 0.054191 0.022414 0.012069
v 0.054032 0.022321 0.012270
v 0.052806 0.023029 0.012500
v 0.053483 0.021997 0.012500
v 0.053624 0.022080 0.012487
v 0.049190 0.003629 0.012270
v 0.052010 0.005829 0.012270
v 0.051672 0.006161 0.012487
v 0.054295 0.022476 0.011832
v 0.054344 0.022505 0.011500
v 0.053615 0.023617 0.011500
v 0.056180 0.013668 0.011500
v 0.056197 0.016968 0.011500
v 0.055972 0.018056 0.011832
v 0.056028 0.018066 0.011500
v 0.055360 0.020397 0.011500
v 0.054917 0.009486 0.011832
v 0.054969 0.009462 0.011500
v 0.055397 0.010482 0.011500
v 0.052268 0.005575 0.011500
v 0.053371 0.006839 0.011500
v 0.052228 0.005615 0.011832
v 0.053761 0.007370 0.011500
v 0.051293 0.004673 0.011500
v 0.049338 0.003378 0.011868
v 0.049373 0.003317 0.011500
v 0.049225 0.003570 0.012207
v 0.052142 0.005699 0.012069
v 0.049053 0.003862 0.012430
v 0.050650 0.005438 0.012500
v 0.048867 0.004180 0.012500
v 0.055350 0.013771 0.012487
v 0.054461 0.010832 0.012500
v 0.054211 0.009816 0.012487
v 0.052941 0.007943 0.012500
v 0.054604 0.020035 0.012487
v 0.054427 0.020040 0.012500
v 0.055207 0.017907 0.012487
v 0.055203 0.016856 0.012500
v 0.055187 0.013791 0.012500
v 0.051827 0.025136 0.012270
v 0.051599 0.024903 0.012450
v 0.051854 0.025164 0.012236
v 0.052026 0.025339 0.011887
v 0.052080 0.025395 0.011500
v 0.054808 0.009537 0.012069
v 0.056123 0.013675 0.011832
v 0.053114 0.007905 0.012487
v 0.051381 0.024680 0.012500
v 0.051555 0.006276 0.012500
v 0.022114 -0.012595 0.011883
v 0.022153 -0.012661 0.011500
v 0.022005 -0.012408 0.012207
v 0.021840 -0.012128 0.012424
v 0.021829 -0.012108 0.012433
v 0.021647 -0.011798 0.012500
v -0.022415 0.035444 0.005000
v -0.021749 0.035484 0.005000
v -0.021452 0.035517 0.005000
v -0.020571 0.035666 0.005000
v -0.020470 0.035688 0.005000
v -0.019828 0.035856 0.005000
v -0.019801 0.035865 0.005000
v -0.018583 0.036319 0.005000
v -0.018320 0.036442 0.005000
v -0.017411 0.036942 0.005000
v -0.016868 0.037176 0.005000
v -0.016577 0.037230 0.005000
v -0.016281 0.037241 0.005000
v -0.015986 0.037208 0.005000
v -0.015700 0.037132 0.005000
v -0.015176 0.036857 0.005000
v 0.001548 0.024629 0.005000
v 0.002055 0.024088 0.005000
v 0.002330 0.023399 0.005000
v 0.002367 0.023028 0.005000
v 0.002335 0.022657 0.005000
v 0.002235 0.022299 0.005000
v 0.002070 0.021965 0.005000
v 0.000174 0.018892 0.005000
v -0.000011 0.018638 0.005000
v -0.000233 0.018417 0.005000
v -0.000487 0.018234 0.005000
v -0.000767 0.018092 0.005000
v -0.001065 0.017996 0.005000
v -0.001375 0.017947 0.005000
v -0.003099 0.017731 0.005000
v -0.004077 0.017532 0.005000
v -0.006241 0.016883 0.005000
v -0.006684 0.016713 0.005000
v -0.009138 0.015508 0.005000
v -0.009179 0.015484 0.005000
v -0.011380 0.013946 0.005000
v -0.011817 0.013578 0.005000
v -0.013361 0.012062 0.005000
v -0.014069 0.011228 0.005000
v -0.015033 0.009900 0.005000
v -0.015236 0.009641 0.005000
v -0.015479 0.009419 0.005000
v -0.015755 0.009239 0.005000
v -0.016056 0.009108 0.005000
v -0.016375 0.009027 0.005000
v -0.016703 0.009000 0.005000
v 0.049373 0.003317 0.005000
v 0.022153 -0.012661 0.005000
v 0.052040 0.005348 0.005000
v 0.053371 0.006839 0.005000
v 0.054123 0.007915 0.005000
v 0.055285 0.010191 0.005000
v 0.055503 0.010773 0.005000
v 0.056180 0.013668 0.005000
v 0.056229 0.016659 0.005000
v 0.056158 0.017279 0.005000
v 0.055581 0.019779 0.005000
v 0.055110 0.021009 0.005000
v 0.054177 0.022780 0.005000
v 0.052993 0.024411 0.005000
v 0.052080 0.025395 0.005000
v -0.055054 -0.020001 0.011500
v -0.054261 -0.019795 0.011871
v -0.055054 -0.020001 0.014000
v -0.053269 -0.019320 0.012289
v -0.054124 -0.019745 0.014000
v -0.053050 -0.019175 0.014000
v -0.052851 -0.019029 0.012422
v -0.052328 -0.018561 0.012500
v -0.052142 -0.018359 0.014000
v -0.051574 -0.017561 0.012500
v -0.051574 -0.017561 0.014000
v -0.014000 -0.017363 0.011500
v 0.009639 -0.016351 0.011500
v 0.009636 -0.016280 0.011870
v -0.031729 -0.018121 0.011500
v -0.025819 -0.017869 0.011500
v -0.023078 -0.017680 0.011870
v -0.047527 -0.018936 0.011870
v -0.047548 -0.018712 0.012211
v -0.047580 -0.018371 0.012433
v -0.047484 -0.018000 0.012500
v -0.049684 -0.019233 0.011500
v -0.034684 -0.018248 0.011500
v -0.039430 -0.018387 0.011870
v -0.034266 -0.017229 0.012500
v -0.039458 -0.017820 0.012433
v -0.039441 -0.018162 0.012211
v -0.023088 -0.017455 0.012211
v -0.023103 -0.017113 0.012433
v -0.015027 -0.016406 0.012500
v 0.009597 -0.015352 0.012500
v 0.009612 -0.015713 0.012433
v 0.009627 -0.016055 0.012211
v 0.019801 -0.013890 0.005000
v 0.016016 -0.015304 0.011500
v 0.016016 -0.015304 0.005000
v 0.009639 -0.016351 0.005000
v -0.058753 -0.020733 0.005000
v -0.058753 -0.020733 0.008000
v -0.058967 -0.020769 0.005000
v -0.058967 -0.020769 0.008000
v -0.059518 -0.020754 0.005000
v -0.059518 -0.020754 0.008000
v -0.059660 -0.020724 0.005000
v -0.059660 -0.020724 0.008000
v -0.060234 -0.020485 0.005000
v -0.060234 -0.020485 0.008000
v -0.060296 -0.020445 0.005000
v -0.060296 -0.020445 0.008000
v -0.060798 -0.019966 0.005000
v -0.060798 -0.019966 0.008000
v -0.061106 -0.019343 0.008000
v -0.061106 -0.019343 0.005000
v -0.061125 -0.019275 0.005000
v -0.061125 -0.019275 0.008000
v -0.061183 -0.018653 0.005000
v -0.061183 -0.018653 0.008000
v -0.061169 -0.018512 0.005000
v -0.061169 -0.018512 0.008000
v -0.061019 -0.017978 0.005000
v -0.061019 -0.017978 0.008000
v -0.060922 -0.017787 0.008000
v -0.060922 -0.017787 0.005000
v -0.052654 -0.003350 0.008000
v -0.052654 -0.003350 0.005000
v -0.053623 0.012178 0.013500
v -0.042766 0.027644 0.013500
v -0.053623 0.012178 0.008000
v -0.042766 0.027644 0.008000
v -0.053857 0.011918 0.013500
v -0.053857 0.011918 0.008000
v -0.054132 0.011704 0.013500
v -0.054132 0.011704 0.008000
v -0.054440 0.011540 0.013500
v -0.054440 0.011540 0.008000
v -0.054603 0.011479 0.013500
v -0.054603 0.011479 0.008000
v -0.054771 0.011432 0.013500
v -0.054771 0.011432 0.008000
v -0.049007 0.009646 0.005000
v -0.049007 0.009646 0.008000
v -0.048807 0.009457 0.005000
v -0.048807 0.009457 0.008000
v -0.048582 0.009297 0.005000
v -0.048582 0.009297 0.008000
v -0.048338 0.009169 0.005000
v -0.048338 0.009169 0.008000
v -0.048079 0.009076 0.005000
v -0.048079 0.009076 0.008000
v -0.047809 0.009019 0.005000
v -0.047809 0.009019 0.008000
v -0.047534 0.009000 0.005000
v -0.047534 0.009000 0.008000
v -0.035217 0.009000 0.008000
v -0.035900 0.009120 0.008000
v -0.036501 0.009466 0.008000
v -0.036947 0.009997 0.008000
v -0.037186 0.010648 0.008000
v -0.037187 0.011342 0.008000
v -0.036952 0.011994 0.008000
v -0.024098 0.034439 0.008000
v -0.022740 0.035409 0.005000
v -0.022740 0.035409 0.008000
v -0.022745 0.035408 0.008000
v -0.023075 0.035314 0.008000
v -0.023383 0.035165 0.008000
v -0.023662 0.034965 0.008000
v -0.023903 0.034721 0.008000
v -0.022879 0.035387 0.005000
v -0.023115 0.035373 0.005000
v -0.023115 0.035373 0.008000
v -0.023191 0.035374 0.005000
v -0.023191 0.035374 0.008000
v -0.023307 0.035382 0.005000
v -0.023307 0.035382 0.008000
v -0.023500 0.035410 0.005000
v -0.023500 0.035410 0.008000
v -0.023686 0.035455 0.005000
v -0.023686 0.035455 0.008000
v -0.023801 0.035493 0.005000
v -0.023801 0.035493 0.008000
v -0.023957 0.035557 0.005000
v -0.023957 0.035557 0.008000
v -0.024084 0.035622 0.005000
v -0.024084 0.035622 0.008000
v -0.024210 0.035697 0.008000
v -0.024210 0.035697 0.005000
v -0.027057 0.037550 0.008000
v -0.027057 0.037550 0.005000
v -0.027385 0.037817 0.005000
v -0.027385 0.037817 0.008000
v -0.027599 0.038072 0.005000
v -0.027599 0.038072 0.008000
v -0.027794 0.038415 0.005000
v -0.027794 0.038415 0.008000
v -0.027910 0.038757 0.005000
v -0.027910 0.038757 0.008000
v -0.027963 0.039120 0.005000
v -0.027963 0.039120 0.008000
v -0.027963 0.039131 0.005000
v -0.027963 0.039131 0.008000
v -0.027946 0.039509 0.005000
v -0.027946 0.039509 0.008000
v -0.027869 0.039839 0.005000
v -0.027869 0.039839 0.008000
v -0.027857 0.039876 0.005000
v -0.027857 0.039876 0.008000
v -0.027701 0.040220 0.005000
v -0.027701 0.040220 0.008000
v 0.044251 0.033059 0.005000
v 0.044251 0.033059 0.011500
v -0.012708 0.050303 0.014000
v -0.012708 0.050303 0.012500
v 0.044202 0.033009 0.011868
v 0.044046 0.032850 0.012207
v 0.043809 0.032608 0.012430
v 0.043757 0.032555 0.012456
v 0.043552 0.032345 0.012500
v -0.012564 0.050613 0.012500
v -0.012732 0.052332 0.012500
v -0.012631 0.052144 0.012500
v 0.001036 0.052292 0.012500
v -0.012469 0.051618 0.012500
v 0.015737 -0.014344 0.012500
v 0.033957 0.040915 0.012500
v 0.027964 0.045141 0.012500
v 0.024654 0.047010 0.012500
v 0.042046 0.033803 0.012500
v -0.012508 0.050791 0.012500
v 0.009025 0.051665 0.012500
v -0.012452 0.051104 0.012500
v -0.012449 0.051450 0.012500
v 0.015867 0.050363 0.012500
v 0.021907 0.048301 0.012500
v -0.052385 -0.018147 0.014736
v -0.051828 -0.017415 0.014707
v -0.052122 -0.017246 0.014930
v -0.055226 -0.019016 0.015000
v -0.055163 -0.019379 0.014930
v -0.053444 -0.018612 0.014950
v -0.052186 -0.017210 0.014956
v -0.053623 -0.018355 0.015000
v -0.052441 -0.017064 0.015000
v -0.053235 -0.018911 0.014736
v -0.054239 -0.019443 0.014736
v -0.055105 -0.019713 0.014707
v -0.051634 -0.017526 0.014368
v -0.052200 -0.018308 0.014387
v -0.053095 -0.019112 0.014387
v -0.054151 -0.019672 0.014387
v -0.055066 -0.019932 0.014368
v -0.013575 0.050800 0.015000
v -0.013256 0.050617 0.014930
v -0.012962 0.050449 0.014707
v -0.012769 0.050338 0.014368
v -0.012710 0.050305 0.014072
v -0.027060 0.041339 0.005000
v -0.027060 0.041339 0.008000
v -0.052426 -0.002734 0.005000
v -0.052426 -0.002734 0.008000
v -0.052409 -0.002077 0.005000
v -0.052409 -0.002077 0.008000
v -0.052607 -0.001450 0.005000
v -0.052607 -0.001450 0.008000
v -0.052997 -0.000921 0.005000
v -0.052997 -0.000921 0.008000
v -0.053537 -0.000547 0.005000
v -0.053537 -0.000547 0.008000
v -0.054148 -0.000370 0.005000
v -0.054148 -0.000370 0.008000
v -0.014465 0.052297 0.015000
v -0.014473 0.052665 0.014930
v -0.014480 0.053004 0.014707
v -0.014070 0.052763 0.014859
v -0.014124 0.052551 0.014956
v -0.013675 0.052339 0.014956
v -0.012564 0.050613 0.014000
v -0.012508 0.050791 0.014000
v -0.012500 0.050835 0.014072
v -0.012782 0.050902 0.014707
v -0.013498 0.050969 0.015000
v -0.013184 0.050998 0.014956
v -0.013445 0.051236 0.015000
v -0.013468 0.051519 0.015000
v -0.013160 0.051465 0.014956
v -0.013579 0.051801 0.015000
v -0.013325 0.051949 0.014956
v -0.013774 0.052040 0.015000
v -0.014024 0.052205 0.015000
v -0.014292 0.052286 0.015000
v -0.014022 0.052951 0.014707
v -0.013258 0.052905 0.014072
v -0.013368 0.052984 0.014000
v -0.013950 0.053233 0.014072
v -0.012463 0.051557 0.014072
v -0.012631 0.052144 0.014000
v -0.012718 0.052303 0.014072
v -0.012942 0.052618 0.014000
v -0.013068 0.052749 0.014000
v -0.012452 0.051104 0.014000
v -0.012449 0.051450 0.014000
v -0.012469 0.051618 0.014000
v -0.013430 0.052671 0.014707
v -0.012968 0.052157 0.014707
v -0.012750 0.051519 0.014707
v -0.012540 0.050845 0.014294
v -0.013984 0.053098 0.014513
v -0.013960 0.053192 0.014294
v -0.013340 0.052793 0.014513
v -0.013283 0.052872 0.014294
v -0.012838 0.052234 0.014513
v -0.012754 0.052283 0.014294
v -0.012600 0.051539 0.014513
v -0.012504 0.051551 0.014294
v -0.012635 0.050867 0.014513
v 0.037933 0.038069 0.012433
v 0.031687 0.043082 0.012433
v 0.024819 0.047331 0.012433
v 0.017365 0.050321 0.012433
v 0.009522 0.051964 0.012433
v 0.001490 0.052635 0.012433
v 0.001505 0.052977 0.012211
v -0.013450 0.053033 0.012199
v -0.013094 0.052773 0.012394
v 0.001514 0.053202 0.011870
v -0.013864 0.053212 0.011932
v 0.009568 0.052303 0.012211
v 0.017462 0.050649 0.012211
v 0.024975 0.047636 0.012211
v 0.031888 0.043360 0.012211
v 0.038159 0.038327 0.012211
v 0.009598 0.052526 0.011870
v 0.017527 0.050865 0.011870
v 0.025078 0.047837 0.011870
v 0.032019 0.043543 0.011870
v 0.038307 0.038496 0.011870
v 0.001517 0.053273 0.011500
v 0.009607 0.052597 0.011500
v 0.017547 0.050933 0.011500
v 0.025110 0.047900 0.011500
v 0.032061 0.043600 0.011500
v 0.038354 0.038550 0.011500
v 0.004276 0.053124 0.005000
v 0.011691 0.052280 0.005000
v 0.018358 0.050684 0.005000
v 0.024614 0.048150 0.005000
v 0.030792 0.044493 0.005000
v -0.020599 0.045165 0.015000
v -0.020599 0.045165 0.005000
v -0.020843 0.044424 0.015000
v -0.020843 0.044424 0.005000
v -0.021341 0.043824 0.015000
v -0.021341 0.043824 0.005000
v -0.022023 0.043446 0.015000
v -0.022023 0.043446 0.005000
v -0.022797 0.043344 0.015000
v -0.022797 0.043344 0.005000
v -0.023554 0.043531 0.015000
v -0.023554 0.043531 0.005000
v -0.024190 0.043981 0.015000
v -0.024190 0.043981 0.005000
v -0.024619 0.044633 0.015000
v -0.024619 0.044633 0.005000
v -0.028007 0.042678 0.008000
v -0.028007 0.042678 0.005000
v -0.027947 0.042565 0.008000
v -0.027947 0.042565 0.005000
v -0.027783 0.042283 0.008000
v -0.027783 0.042283 0.005000
v -0.027755 0.042238 0.008000
v -0.027755 0.042238 0.005000
v -0.027597 0.042001 0.008000
v -0.027597 0.042001 0.005000
v -0.027595 0.041999 0.008000
v -0.027595 0.041999 0.005000
v -0.027340 0.041661 0.008000
v -0.027340 0.041661 0.005000
v -0.027284 0.041593 0.008000
v -0.027284 0.041593 0.005000
v -0.054014 0.011557 0.008000
v -0.042600 0.027956 0.008000
v -0.042491 0.028292 0.008000
v -0.050111 0.010588 0.008000
v -0.050449 0.010796 0.008000
v -0.051099 0.011117 0.008000
v -0.053283 0.011584 0.008000
v -0.053089 0.011576 0.008000
v -0.051285 0.011192 0.008000
v -0.052169 0.011453 0.008000
v -0.052172 0.011454 0.008000
v -0.042459 0.028466 0.008000
v -0.042443 0.028642 0.008000
v -0.042443 0.028819 0.008000
v -0.042443 0.028819 0.013500
v -0.042443 0.028642 0.013500
v -0.042459 0.028466 0.013500
v -0.042491 0.028292 0.013500
v -0.042600 0.027956 0.013500
v -0.059277 0.004268 0.008000
v -0.059277 0.004268 0.005000
v -0.059240 0.004112 0.008000
v -0.059240 0.004112 0.005000
v -0.058460 0.002325 0.008000
v -0.058460 0.002325 0.005000
v -0.058433 0.002282 0.008000
v -0.058433 0.002282 0.005000
v -0.057069 0.000820 0.005000
v -0.055140 -0.000164 0.005000
v -0.055140 -0.000164 0.008000
v -0.055300 -0.000113 0.005000
v -0.055300 -0.000113 0.008000
v -0.056123 0.000227 0.005000
v -0.056123 0.000227 0.008000
v -0.057022 0.000784 0.005000
v -0.057022 0.000784 0.008000
v -0.057069 0.000820 0.008000
v -0.068193 -0.023446 0.008000
v -0.059079 -0.020807 0.008000
v -0.059079 -0.020807 0.014000
v -0.067533 -0.023144 0.014368
v -0.068193 -0.023446 0.014000
v -0.067606 -0.022933 0.014707
v -0.067715 -0.022612 0.014930
v -0.067835 -0.022264 0.015000
v -0.049684 -0.019233 0.005000
v -0.034684 -0.018248 0.005000
v -0.031729 -0.018121 0.005000
v -0.025819 -0.017869 0.005000
v -0.014000 -0.017363 0.005000
v -0.050111 0.010588 0.005000
v -0.050449 0.010796 0.005000
v -0.051099 0.011117 0.005000
v -0.051285 0.011192 0.005000
v -0.052169 0.011453 0.005000
v -0.052172 0.011454 0.005000
v -0.053089 0.011576 0.005000
v -0.053283 0.011584 0.005000
v -0.054014 0.011557 0.005000
v -0.054402 0.011505 0.005000
v -0.021767 0.047332 0.015000
v -0.021767 0.047332 0.005000
v -0.021163 0.046892 0.015000
v -0.021163 0.046892 0.005000
v -0.020751 0.046268 0.015000
v -0.020751 0.046268 0.005000
v -0.020634 0.045911 0.015000
v -0.020634 0.045911 0.005000
v -0.020583 0.045540 0.015000
v -0.020583 0.045540 0.005000
v -0.026429 0.044079 0.005000
v -0.020445 0.048730 0.005000
v -0.329880 0.025953 0.015000
v -0.330655 0.026217 0.015000
v -0.332042 0.024538 0.015000
v -0.331686 0.028311 0.015000
v -0.335354 0.033200 0.015000
v -0.331633 0.027493 0.015000
v -0.331271 0.026758 0.015000
v -0.325904 -0.005662 0.015000
v -0.329453 -0.010127 0.015000
v -0.326722 -0.005715 0.015000
v -0.327497 -0.005451 0.015000
v -0.328113 -0.004910 0.015000
v -0.331496 0.028945 0.015000
v -0.331119 0.029489 0.015000
v -0.332546 0.033973 0.015000
v -0.330590 0.029889 0.015000
v -0.329964 0.030104 0.015000
v -0.328475 -0.004175 0.015000
v -0.328527 -0.003357 0.015000
v -0.328632 -0.002102 0.015000
v -0.328325 -0.002696 0.015000
v -0.328539 0.000639 0.015000
v -0.326691 -0.001547 0.015000
v -0.329062 0.026006 0.015000
v -0.327920 -0.002137 0.015000
v -0.327355 -0.001740 0.015000
v -0.328687 0.006754 0.015000
v -0.329210 0.011965 0.015000
v -0.329806 0.015653 0.015000
v -0.330325 0.035605 0.008000
v -0.330169 0.008765 0.000000
v -0.329739 0.007890 0.000000
v -0.333689 0.003925 0.000000
v -0.332820 0.013145 0.000000
v -0.332555 0.013279 0.000000
v -0.329931 0.010639 0.000000
v -0.332138 0.013400 0.000000
v -0.329252 0.011411 0.000000
v -0.332053 0.013414 0.000000
v -0.328323 0.011844 0.000000
v -0.333759 0.011777 0.000000
v -0.333536 0.012405 0.000000
v -0.333120 0.012925 0.000000
v -0.328366 -0.004482 -0.000000
v -0.327977 -0.005070 -0.000000
v -0.335132 -0.004405 -0.000000
v -0.326039 -0.005693 -0.000000
v -0.326744 -0.005712 -0.000000
v -0.326691 -0.001547 -0.000000
v -0.327355 -0.001740 -0.000000
v -0.328082 0.006932 0.000000
v -0.327920 -0.002137 -0.000000
v -0.328325 -0.002696 -0.000000
v -0.330232 0.009738 0.000000
v -0.333767 0.011052 0.000000
v -0.333784 0.011277 0.000000
v -0.339000 -0.005132 -0.000000
v -0.336329 -0.004913 -0.000000
v -0.339000 -0.011661 -0.000000
v -0.336094 -0.004883 -0.000000
v -0.335746 -0.004783 -0.000000
v -0.327415 -0.005496 -0.000000
v -0.327109 0.006995 0.000000
v -0.328539 -0.003798 -0.000000
v -0.334692 -0.003834 -0.000000
v -0.328527 -0.003357 -0.000000
v -0.329006 0.007246 0.000000
v -0.334556 -0.003498 -0.000000
v -0.334500 -0.003261 -0.000000
v -0.386122 0.009263 0.021000
v -0.387616 0.007504 0.021000
v -0.385315 0.007609 0.021000
v -0.381330 0.010112 0.021000
v -0.383911 0.011011 0.021000
v -0.384664 0.007891 0.021000
v -0.384716 0.007844 0.021000
v -0.385249 -0.007277 0.021000
v -0.387320 -0.007905 0.021000
v -0.382097 -0.009748 0.021000
v -0.383510 -0.011253 0.021000
v -0.378269 -0.010927 0.021000
v -0.378708 -0.012887 0.021000
v -0.374272 -0.010656 0.021000
v -0.373646 -0.012560 0.021000
v -0.370638 -0.008973 0.021000
v -0.369095 -0.010320 0.021000
v -0.367846 -0.006100 0.021000
v -0.365747 -0.006510 0.021000
v -0.366269 -0.002418 0.021000
v -0.364113 -0.001708 0.021000
v -0.366115 0.001584 0.021000
v -0.364454 0.003406 0.021000
v -0.367404 0.005377 0.021000
v -0.365457 0.005981 0.021000
v -0.369965 0.008456 0.021000
v -0.367016 0.008326 0.021000
v -0.373459 0.010415 0.021000
v -0.371351 0.011708 0.021000
v -0.377423 0.010992 0.021000
v -0.376220 0.012977 0.021000
v -0.381402 0.012232 0.021000
v -0.385896 -0.006944 0.021000
v -0.385954 -0.006939 0.021000
v -0.386045 -0.006939 0.021000
v -0.387938 -0.007026 0.021000
v -0.385307 -0.007216 0.021000
v -0.385356 -0.007173 0.021000
v -0.385447 -0.007104 0.021000
v -0.385476 -0.007086 0.021000
v -0.385605 -0.007019 0.021000
v -0.385609 -0.007018 0.021000
v -0.385238 0.007616 0.021000
v -0.385180 0.007625 0.021000
v -0.385096 0.007644 0.021000
v -0.385048 0.007658 0.021000
v -0.384964 0.007690 0.021000
v -0.384960 0.007692 0.021000
v -0.384833 0.007759 0.021000
v -0.384805 0.007777 0.021000
v -0.385750 -0.006970 0.021000
v -0.385776 -0.006964 0.021000
v -0.344807 -0.005799 0.015714
v -0.346156 -0.005990 0.017071
v -0.344807 -0.005799 0.027660
v -0.346349 -0.006018 0.017260
v -0.347300 -0.006161 0.028000
v -0.349142 -0.006457 0.019137
v -0.349142 -0.006457 0.028000
v -0.358104 0.001990 0.028000
v -0.358155 0.002425 0.028000
v -0.347018 0.002462 0.028000
v -0.349649 0.019128 0.028000
v -0.361908 0.011543 0.028000
v -0.350814 0.022765 0.028000
v -0.362322 0.012065 0.028000
v -0.353086 0.022015 0.028000
v -0.364928 0.014672 0.028000
v -0.364338 0.018097 0.028000
v -0.347823 0.010996 0.028000
v -0.358845 0.005602 0.028000
v -0.358865 0.005669 0.028000
v -0.360268 0.009003 0.028000
v -0.357112 -0.007861 0.028000
v -0.358836 -0.006000 0.028000
v -0.356429 -0.007837 0.028000
v -0.358760 -0.005320 0.028000
v -0.358466 -0.004182 0.028000
v -0.358076 -0.001697 0.028000
v -0.358021 -0.000892 0.028000
v -0.365625 0.015858 0.028000
v -0.365628 0.016557 0.028000
v -0.365391 0.017214 0.028000
v -0.365382 0.015203 0.028000
v -0.364943 0.017749 0.028000
v -0.357764 -0.007654 0.028000
v -0.358307 -0.007239 0.028000
v -0.358679 -0.006665 0.028000
v -0.364338 0.018097 0.020000
v -0.354676 0.021481 0.020000
v -0.353086 0.022015 0.019869
v -0.364928 0.014672 0.020000
v -0.365382 0.015203 0.020000
v -0.365625 0.015858 0.020000
v -0.365628 0.016557 0.020000
v -0.365391 0.017214 0.020000
v -0.364943 0.017749 0.020000
v -0.362322 0.012065 0.020000
v -0.361908 0.011543 0.020000
v -0.360268 0.009003 0.020000
v -0.358865 0.005669 0.020000
v -0.358845 0.005602 0.020000
v -0.358155 0.002425 0.020000
v -0.358104 0.001990 0.020000
v -0.358021 -0.000892 0.020000
v -0.358076 -0.001697 0.020000
v -0.358466 -0.004182 0.020000
v -0.358760 -0.005320 0.020000
v -0.356429 -0.007837 0.020000
v -0.357112 -0.007861 0.020000
v -0.357764 -0.007654 0.020000
v -0.358307 -0.007239 0.020000
v -0.358679 -0.006665 0.020000
v -0.358836 -0.006000 0.020000
v -0.353174 -0.007181 0.020000
v -0.349884 -0.006583 0.019434
v -0.384664 0.007891 0.020000
v -0.381330 0.010112 0.020000
v -0.377423 0.010992 0.020000
v -0.373459 0.010415 0.020000
v -0.369965 0.008456 0.020000
v -0.367404 0.005377 0.020000
v -0.366115 0.001584 0.020000
v -0.366269 -0.002418 0.020000
v -0.367846 -0.006100 0.020000
v -0.370638 -0.008973 0.020000
v -0.374272 -0.010656 0.020000
v -0.378269 -0.010927 0.020000
v -0.382097 -0.009748 0.020000
v -0.385249 -0.007277 0.020000
v -0.387616 0.007504 0.022200
v -0.389887 0.001708 0.028700
v -0.389887 0.001708 0.022200
v -0.389111 0.004724 0.028700
v -0.389111 0.004724 0.022200
v -0.386122 0.009263 0.028700
v -0.383911 0.011011 0.028700
v -0.381402 0.012232 0.028700
v -0.376220 0.012977 0.028700
v -0.371351 0.011708 0.028700
v -0.369033 0.010272 0.028700
v -0.364113 -0.001708 0.028700
v -0.364454 0.003406 0.028700
v -0.365457 0.005981 0.028700
v -0.367016 0.008326 0.028700
v -0.355142 -0.014209 0.028000
v -0.372171 -0.018376 0.028000
v -0.355142 -0.014209 0.020000
v -0.372171 -0.018376 0.020000
v -0.329252 0.011411 0.008000
v -0.329191 0.011456 0.008000
v -0.327754 0.009410 0.009502
v -0.328323 0.011844 0.008000
v -0.330232 0.009738 0.008000
v -0.329931 0.010639 0.008000
v -0.341705 -0.005411 0.011429
v -0.341999 -0.005444 0.012100
v -0.341705 -0.005411 0.026116
v -0.343939 -0.005683 0.014841
v -0.344434 -0.005749 0.027548
v -0.345420 0.016628 0.027311
v -0.344058 0.008952 0.027315
v -0.343530 0.001138 0.027308
v -0.340770 -0.005308 0.025293
v -0.348751 0.023434 0.027735
v -0.347496 0.023836 0.027297
v -0.346127 0.024269 0.026535
v -0.340688 0.003809 0.025351
v -0.341668 0.012794 0.025362
v -0.343688 0.021550 0.025325
v -0.344688 0.024717 0.025300
v -0.337814 0.025774 0.018321
v -0.336584 0.025127 0.017351
v -0.334599 0.017438 0.017515
v -0.333680 0.009640 0.017896
v -0.337859 0.026402 0.018150
v -0.337052 0.025898 0.017546
v -0.336634 0.025262 0.017355
v -0.342044 0.025527 0.022479
v -0.339048 0.026421 0.019288
v -0.338559 0.026500 0.018790
v -0.336329 -0.004913 0.020794
v -0.334737 -0.003917 0.019246
v -0.335285 -0.004530 0.019760
v -0.334558 -0.003505 0.019091
v -0.335412 -0.004087 0.019922
v -0.334500 -0.003261 0.019047
v -0.333823 0.001959 0.018499
v -0.336272 -0.004909 0.020737
v -0.346861 -0.012666 0.017987
v -0.345815 -0.012496 0.017071
v -0.345994 -0.012520 0.017246
v -0.352831 -0.013737 0.020000
v -0.351762 -0.013529 0.019942
v -0.349746 -0.013157 0.019504
v -0.349010 -0.013028 0.019228
v -0.343939 -0.012241 0.015184
v -0.341000 -0.005333 0.007732
v -0.341000 -0.011872 0.008074
v -0.341097 -0.011883 0.009466
v -0.343252 -0.012149 0.014419
v -0.342057 -0.011997 0.012562
v -0.341775 -0.011963 0.011945
v -0.341521 -0.005390 0.010925
v -0.341059 -0.005339 0.008816
v -0.343690 0.025025 0.012977
v -0.342044 0.025527 0.010571
v -0.343939 0.024949 0.013238
v -0.346127 0.024269 0.015458
v -0.347715 0.023766 0.017071
v -0.352994 0.022046 0.019853
v -0.350885 0.022742 0.019228
v -0.350067 0.023009 0.018836
v -0.353671 0.028672 0.019904
v -0.350630 0.029686 0.018945
v -0.348070 0.030540 0.017071
v -0.348821 0.030290 0.017759
v -0.355030 0.028219 0.020000
v -0.390238 -0.013629 0.020000
v -0.388519 -0.015110 0.020000
v -0.385379 -0.017053 0.020000
v -0.393195 -0.007279 0.020000
v -0.393039 -0.007259 0.020000
v -0.393935 -0.008596 0.020000
v -0.382078 -0.018309 0.020000
v -0.378798 -0.018915 0.020000
v -0.393111 -0.010071 0.020000
v -0.393502 -0.009417 0.020000
v -0.386045 -0.006939 0.020000
v -0.393882 -0.008717 0.020000
v -0.375380 -0.018931 0.020000
v -0.383783 0.017748 0.020000
v -0.385609 -0.007018 0.020000
v -0.385750 -0.006970 0.020000
v -0.385776 -0.006964 0.020000
v -0.385605 -0.007019 0.020000
v -0.385476 -0.007086 0.020000
v -0.385447 -0.007104 0.020000
v -0.385356 -0.007173 0.020000
v -0.385307 -0.007216 0.020000
v -0.393984 -0.008401 0.020000
v -0.393994 -0.008260 0.020000
v -0.393512 -0.007403 0.020000
v -0.390166 0.013698 0.020000
v -0.385315 0.007609 0.020000
v -0.392614 0.010826 0.020000
v -0.392948 0.007260 0.020000
v -0.391289 -0.012523 0.020000
v -0.385954 -0.006939 0.020000
v -0.385896 -0.006944 0.020000
v -0.393364 -0.007329 0.020000
v -0.387164 0.016053 0.020000
v -0.384716 0.007844 0.020000
v -0.384805 0.007777 0.020000
v -0.385096 0.007644 0.020000
v -0.385048 0.007658 0.020000
v -0.384964 0.007690 0.020000
v -0.393985 0.008386 0.020000
v -0.393938 0.008587 0.020000
v -0.393882 0.008718 0.020000
v -0.393936 -0.007924 0.020000
v -0.393859 -0.007758 0.020000
v -0.393769 -0.007627 0.020000
v -0.384833 0.007759 0.020000
v -0.384960 0.007692 0.020000
v -0.385180 0.007625 0.020000
v -0.385238 0.007616 0.020000
v -0.393976 -0.008069 0.020000
v -0.393648 -0.007502 0.020000
v -0.393993 0.008233 0.020000
v -0.393098 0.007264 0.020000
v -0.393292 0.007305 0.020000
v -0.393442 0.007365 0.020000
v -0.393600 0.007464 0.020000
v -0.393728 0.007580 0.020000
v -0.393835 0.007719 0.020000
v -0.393920 0.007882 0.020000
v -0.393969 0.008040 0.020000
v -0.393882 -0.008717 0.022200
v -0.393415 -0.009567 0.028000
v -0.395035 -0.005979 0.022200
v -0.395090 -0.005810 0.028000
v -0.395844 -0.002427 0.022200
v -0.395902 -0.001928 0.028000
v -0.395922 -0.001721 0.022200
v -0.393882 0.008718 0.022200
v -0.395972 0.001036 0.022200
v -0.395913 0.001817 0.028000
v -0.395502 0.004322 0.022200
v -0.395551 0.004105 0.028000
v -0.394400 0.007631 0.022200
v -0.395214 0.005408 0.028000
v -0.393731 0.009004 0.028000
v -0.391432 0.012358 0.028000
v -0.388396 0.015203 0.028000
v -0.383783 0.017748 0.028000
v -0.384818 0.017317 0.028000
v -0.386510 0.016449 0.028000
v -0.392703 -0.010697 0.028000
v -0.390933 -0.012918 0.028000
v -0.390241 -0.013626 0.028000
v -0.388995 -0.014735 0.028000
v -0.387814 -0.015622 0.028000
v -0.386669 -0.016356 0.028000
v -0.384311 -0.017537 0.028000
v -0.380693 -0.018638 0.028000
v -0.379693 -0.018808 0.028000
v -0.377071 -0.019000 0.028000
v -0.373232 -0.018623 0.028000
v -0.381504 0.012514 0.029000
v -0.376202 0.013276 0.029000
v -0.354826 0.027232 0.029000
v -0.365191 0.006119 0.029000
v -0.364165 0.003485 0.029000
v -0.347464 0.008427 0.029000
v -0.386332 0.009476 0.029000
v -0.392851 0.008530 0.029000
v -0.389391 0.004833 0.029000
v -0.394256 0.005123 0.029000
v -0.390185 0.001747 0.029000
v -0.394917 0.001722 0.029000
v -0.390294 0.000407 0.029000
v -0.347104 0.004400 0.029000
v -0.363815 -0.001747 0.029000
v -0.347107 -0.003645 0.029000
v -0.371221 0.011979 0.029000
v -0.368849 0.010509 0.029000
v -0.366785 0.008518 0.029000
v -0.348058 -0.011852 0.029000
v -0.364824 -0.005351 0.029000
v -0.355349 -0.013230 0.029000
v -0.383426 0.016814 0.029000
v -0.384407 0.016406 0.029000
v -0.384070 0.011265 0.029000
v -0.387796 0.014403 0.029000
v -0.390672 0.011708 0.029000
v -0.383471 -0.011620 0.029000
v -0.386463 -0.009346 0.029000
v -0.388364 -0.013959 0.029000
v -0.394988 -0.000667 0.029000
v -0.394907 -0.001827 0.029000
v -0.389893 -0.003265 0.029000
v -0.394138 -0.005504 0.029000
v -0.388488 -0.006702 0.029000
v -0.392551 -0.009064 0.029000
v -0.390199 -0.012238 0.029000
v -0.352838 0.027895 0.029000
v -0.350192 0.020909 0.029000
v -0.349459 0.018463 0.029000
v -0.348144 0.012837 0.029000
v -0.387245 -0.014800 0.029000
v -0.383926 -0.016614 0.029000
v -0.379794 -0.013003 0.029000
v -0.380499 -0.017657 0.029000
v -0.376319 -0.013283 0.029000
v -0.366813 -0.008551 0.029000
v -0.369599 -0.011051 0.029000
v -0.372425 -0.017409 0.029000
v -0.372939 -0.012665 0.029000
v -0.373430 -0.017643 0.029000
v -0.377068 -0.018000 0.029000
v -0.347893 -0.012838 0.028000
v -0.345994 -0.012520 0.027808
v -0.345993 -0.012520 0.027814
v -0.339383 -0.005168 0.000037
v -0.339798 -0.005208 0.000166
v -0.340254 -0.005254 0.000442
v -0.340773 -0.005308 0.001074
v -0.341000 -0.005333 0.002000
v -0.333784 0.011277 0.007000
v -0.336584 0.025127 0.000000
v -0.335842 0.022707 0.000000
v -0.335842 0.022707 0.007000
v -0.334526 0.017041 0.007000
v -0.339048 0.026421 0.000000
v -0.339000 0.026434 0.000000
v -0.338535 0.026501 0.000000
v -0.337867 0.026404 0.000000
v -0.337269 0.026090 0.000000
v -0.336810 0.025596 0.000000
v -0.341392 0.025724 0.008884
v -0.341000 0.025841 0.006100
v -0.340023 0.026132 0.000282
v -0.340413 0.026017 0.000584
v -0.340024 0.026132 0.001000
v -0.340963 0.025853 0.001615
v -0.340833 0.025891 0.001200
v -0.340647 0.025947 0.000865
v -0.341000 0.025841 0.002000
v -0.341000 -0.011872 0.025005
v -0.343050 -0.012122 0.026674
v -0.341222 -0.011898 0.025235
v -0.341000 -0.011872 0.002000
v -0.339952 -0.011757 0.000241
v -0.340414 -0.011807 0.000586
v -0.340664 -0.011835 0.000891
v -0.340970 -0.011869 0.001654
v -0.340834 -0.011853 0.001201
v -0.343939 0.031757 0.012881
v -0.342734 0.032111 0.011408
v -0.341000 0.032622 0.005746
v -0.341059 0.032604 0.006832
v -0.341457 0.032487 0.008746
v -0.348030 0.030553 0.017030
v -0.348030 0.030553 0.026214
v -0.350637 0.029684 0.027603
v -0.355142 0.028181 0.028000
v -0.353155 0.028844 0.028000
v -0.345942 -0.011564 0.028790
v -0.344003 -0.011353 0.028199
v -0.343167 -0.001976 0.028225
v -0.342831 -0.011227 0.027625
v -0.343664 0.008883 0.028239
v -0.347184 0.029835 0.027031
v -0.349833 0.028927 0.028485
v -0.345753 0.019498 0.028230
v -0.340270 0.007707 0.026069
v -0.341703 0.016664 0.026058
v -0.342617 0.020374 0.026038
v -0.344133 0.025303 0.025996
v -0.345989 0.030201 0.025939
v -0.339898 -0.001636 0.026024
v -0.340623 -0.011009 0.025928
v -0.339000 0.033204 0.000000
v -0.331496 0.028945 0.000000
v -0.329197 0.025975 0.000000
v -0.329902 0.025956 0.000000
v -0.330325 0.035605 0.000000
v -0.330590 0.029889 0.000000
v -0.331119 0.029489 0.000000
v -0.330573 0.026172 0.000000
v -0.333654 0.021271 0.000000
v -0.331135 0.026598 0.000000
v -0.329964 0.030104 0.000000
v -0.333687 0.021267 0.000000
v -0.334142 0.021266 0.000000
v -0.334748 0.021434 0.000000
v -0.331686 0.028311 0.000000
v -0.331697 0.027870 0.000000
v -0.331525 0.027186 0.000000
v -0.335662 0.022275 0.000000
v -0.335272 0.021781 0.000000
v -0.339513 0.033055 0.000067
v -0.340363 0.032809 0.000536
v -0.340839 0.032669 0.001214
v -0.341000 0.032622 0.002000
v -0.340398 -0.010983 0.025700
v -0.330204 -0.010266 0.015308
v -0.329339 -0.001963 0.015299
v -0.329250 0.000650 0.015297
v -0.329401 0.006830 0.015294
v -0.329910 0.011870 0.015293
v -0.336102 0.033102 0.015308
v -0.332776 0.024495 0.015298
v -0.330529 0.015667 0.015293
v -0.330892 -0.011155 0.014616
v -0.330066 -0.011137 0.014099
v -0.329440 -0.011127 0.014000
v -0.327279 -0.011123 0.014000
v -0.340999 -0.011872 0.025007
v -0.337032 0.033767 0.014616
v -0.336543 0.033905 0.014236
v -0.332808 0.034939 0.014000
v -0.335623 0.034163 0.014000
v -0.340002 0.032914 0.001000
v -0.346933 0.030876 0.025245
v -0.348030 0.030554 0.026222
v -0.348024 0.030555 0.026236
v -0.335944 0.033123 0.015177
v -0.329589 0.011914 0.015076
v -0.331950 0.022917 0.015077
v -0.335709 0.033154 0.015060
v -0.328925 0.000645 0.015077
v -0.329660 -0.010163 0.015020
v -0.329963 -0.010219 0.015129
v -0.332788 0.034865 0.014383
v -0.332731 0.034656 0.014707
v -0.332646 0.034343 0.014924
v -0.335603 0.034090 0.014383
v -0.335545 0.033881 0.014707
v -0.335457 0.033569 0.014924
v -0.335675 0.033515 0.014943
v -0.335889 0.033476 0.015001
v -0.336059 0.033758 0.014793
v -0.336239 0.033923 0.014489
v -0.336088 0.033440 0.015101
v -0.336782 0.033776 0.014852
v -0.336504 0.033654 0.015079
v -0.336263 0.033409 0.015239
v -0.346674 0.030886 0.025489
v -0.346394 0.030761 0.025716
v -0.346151 0.030512 0.025874
v -0.347200 0.029880 0.027027
v -0.347337 0.030152 0.026961
v -0.347425 0.030275 0.026898
v -0.347557 0.030413 0.026782
v -0.347719 0.030521 0.026616
v -0.350313 0.029723 0.027875
v -0.350144 0.029553 0.028195
v -0.349972 0.029263 0.028411
v -0.352955 0.028245 0.028930
v -0.353062 0.028566 0.028707
v -0.353132 0.028777 0.028368
v -0.354942 0.027582 0.028930
v -0.355049 0.027903 0.028707
v -0.355120 0.028114 0.028368
v -0.383537 0.017106 0.028950
v -0.383653 0.017410 0.028770
v -0.383755 0.017676 0.028387
v -0.383667 0.017447 0.028736
v -0.386211 0.016414 0.028569
v -0.372331 -0.017765 0.028930
v -0.374882 -0.018040 0.028986
v -0.374827 -0.018511 0.028770
v -0.393067 0.008472 0.028986
v -0.390049 0.012636 0.028986
v -0.395151 -0.000673 0.028986
v -0.394735 0.003925 0.028986
v -0.394294 -0.005554 0.028986
v -0.390374 -0.012291 0.028986
v -0.392012 -0.010226 0.028986
v -0.388467 -0.014086 0.028986
v -0.384127 -0.016707 0.028986
v -0.379574 -0.017980 0.028986
v -0.374791 -0.018814 0.028332
v -0.372188 -0.018308 0.028368
v -0.372245 -0.018093 0.028707
v -0.379685 -0.018752 0.028332
v -0.388959 -0.014691 0.028332
v -0.384433 -0.017424 0.028332
v -0.392656 -0.010665 0.028332
v -0.395036 -0.005793 0.028332
v -0.395496 0.004093 0.028332
v -0.395930 -0.000702 0.028332
v -0.393756 0.008836 0.028332
v -0.386270 0.016520 0.028332
v -0.390608 0.013178 0.028332
v -0.386121 0.016254 0.028770
v -0.385889 0.015840 0.028986
v -0.388085 0.014389 0.028986
v -0.390389 0.012965 0.028770
v -0.393486 0.008694 0.028770
v -0.395198 0.004027 0.028770
v -0.395625 -0.000690 0.028770
v -0.394745 -0.005699 0.028770
v -0.392404 -0.010493 0.028770
v -0.388767 -0.014454 0.028770
v -0.379642 -0.018450 0.028770
v -0.384313 -0.017143 0.028770
v -0.390522 0.013094 0.028569
v -0.393649 0.008780 0.028569
v -0.395378 0.004067 0.028569
v -0.395809 -0.000697 0.028569
v -0.394921 -0.005756 0.028569
v -0.392556 -0.010597 0.028569
v -0.388883 -0.014597 0.028569
v -0.384385 -0.017313 0.028569
v -0.379668 -0.018632 0.028569
v -0.374805 -0.018694 0.028569
v -0.372263 -0.018026 0.028770
v -0.355203 -0.013922 0.028707
v -0.355248 -0.013709 0.028872
v -0.355273 -0.013590 0.028930
v -0.355155 -0.014149 0.028344
v -0.355157 -0.014140 0.028368
v -0.355191 -0.013976 0.028648
v -0.347904 -0.012772 0.028361
v -0.347941 -0.012553 0.028704
v -0.347997 -0.012217 0.028929
v -0.345935 -0.011617 0.028785
v -0.345907 -0.011909 0.028706
v -0.345900 -0.012061 0.028623
v -0.345903 -0.012233 0.028481
v -0.345920 -0.012387 0.028277
v -0.340668 -0.011326 0.025848
v -0.343294 -0.012095 0.027193
v -0.343170 -0.011888 0.027478
v -0.343103 -0.011583 0.027682
v -0.341000 -0.011818 0.025464
v -0.340799 -0.011618 0.025685
v -0.340464 -0.011366 0.025592
v -0.340575 -0.011592 0.025457
v -0.340679 -0.011716 0.025341
v -0.340776 -0.011792 0.025237
v -0.330269 -0.010595 0.015237
v -0.330426 -0.010894 0.015076
v -0.330653 -0.011090 0.014851
v -0.327275 -0.010612 0.014872
v -0.327277 -0.010885 0.014648
v -0.327272 -0.010280 0.014988
v -0.327279 -0.011062 0.014344
v -0.329451 -0.010284 0.014988
v -0.329441 -0.011066 0.014344
v -0.329443 -0.010889 0.014648
v -0.329447 -0.010616 0.014872
v -0.329448 -0.010491 0.014932
v -0.329886 -0.010545 0.015000
v -0.329670 -0.010518 0.014944
v -0.330092 -0.011074 0.014482
v -0.330089 -0.010571 0.015098
v -0.329968 -0.010865 0.014789
v -0.329709 -0.010849 0.014722
v -0.392948 0.007260 0.022200
v -0.387938 -0.007026 0.022200
v -0.393039 -0.007259 0.022200
v -0.393994 -0.008260 0.022200
v -0.393984 -0.008401 0.022200
v -0.393922 -0.008592 0.022200
v -0.389560 -0.003354 0.022200
v -0.393442 0.007365 0.022200
v -0.393292 0.007305 0.022200
v -0.393195 -0.007279 0.022200
v -0.393364 -0.007329 0.022200
v -0.393512 -0.007403 0.022200
v -0.393098 0.007264 0.022200
v -0.393648 -0.007502 0.022200
v -0.393769 -0.007627 0.022200
v -0.393859 -0.007758 0.022200
v -0.393936 -0.007924 0.022200
v -0.393976 -0.008069 0.022200
v -0.393938 0.008587 0.022200
v -0.393985 0.008386 0.022200
v -0.393993 0.008233 0.022200
v -0.393969 0.008040 0.022200
v -0.393920 0.007882 0.022200
v -0.393835 0.007719 0.022200
v -0.393728 0.007580 0.022200
v -0.393600 0.007464 0.022200
v -0.332053 0.013414 0.006000
v -0.333654 0.021271 0.006000
v -0.334302 0.020791 0.006000
v -0.334434 0.021321 0.006000
v -0.334142 0.021266 0.006000
v -0.332944 0.013064 0.006000
v -0.333687 0.021267 0.006000
v -0.332138 0.013400 0.006000
v -0.332555 0.013279 0.006000
v -0.335587 0.022151 0.006572
v -0.334967 0.021551 0.006111
v -0.335441 0.021957 0.006419
v -0.333372 0.012654 0.006116
v -0.333237 0.012811 0.006052
v -0.333103 0.012939 0.006014
v -0.333785 0.011294 0.006988
v -0.333770 0.011712 0.006691
v -0.333574 0.012334 0.006286
v -0.334478 0.017050 0.006689
v -0.334336 0.017076 0.006409
v -0.334117 0.017115 0.006188
v -0.333840 0.017165 0.006047
v -0.328796 0.007138 0.008000
v -0.329006 0.007246 0.008000
v -0.329377 0.007509 0.008000
v -0.329739 0.007890 0.008000
v -0.330169 0.008765 0.008000
v -0.330219 0.008996 0.008000
v -0.330088 0.008515 0.008000
v -0.328082 0.006932 0.008000
v -0.328272 0.006964 0.008000
v -0.327720 0.006910 0.008000
v -0.327109 0.006995 0.008000
v 0.051293 0.004673 -0.011500
v 0.049373 0.003317 -0.005000
v 0.049373 0.003317 -0.011500
v 0.052080 0.025395 -0.005000
v 0.052993 0.024411 -0.005000
v 0.052080 0.025395 -0.011500
v 0.053615 0.023617 -0.011500
v 0.054344 0.022505 -0.011500
v 0.054177 0.022780 -0.005000
v 0.055360 0.020397 -0.011500
v 0.055110 0.021009 -0.005000
v 0.055581 0.019779 -0.005000
v 0.056028 0.018066 -0.011500
v 0.056158 0.017279 -0.005000
v 0.056197 0.016968 -0.011500
v 0.056229 0.016659 -0.005000
v 0.056180 0.013668 -0.011500
v 0.056180 0.013668 -0.005000
v 0.055503 0.010773 -0.005000
v 0.055397 0.010482 -0.011500
v 0.055285 0.010191 -0.005000
v 0.054969 0.009462 -0.011500
v 0.054123 0.007915 -0.005000
v 0.052040 0.005348 -0.005000
v 0.052268 0.005575 -0.011500
v 0.053371 0.006839 -0.005000
v 0.053371 0.006839 -0.011500
v 0.053761 0.007370 -0.011500
v 0.022153 -0.012661 -0.005000
v 0.022153 -0.012661 -0.011500
v -0.015033 0.009900 -0.010500
v -0.015033 0.009900 -0.005000
v -0.014069 0.011228 -0.010500
v -0.014069 0.011228 -0.005000
v -0.013361 0.012062 -0.010500
v -0.013361 0.012062 -0.005000
v -0.011817 0.013578 -0.010500
v -0.011817 0.013578 -0.005000
v -0.011380 0.013946 -0.010500
v -0.011380 0.013946 -0.005000
v -0.009179 0.015484 -0.010500
v -0.009179 0.015484 -0.005000
v -0.009138 0.015508 -0.010500
v -0.009138 0.015508 -0.005000
v -0.006684 0.016713 -0.010500
v -0.006684 0.016713 -0.005000
v -0.006241 0.016883 -0.010500
v -0.006241 0.016883 -0.005000
v -0.004077 0.017532 -0.010500
v -0.004077 0.017532 -0.005000
v -0.003099 0.017731 -0.010500
v -0.003099 0.017731 -0.005000
v -0.001375 0.017947 -0.005000
v -0.001375 0.017947 -0.010500
v 0.000174 0.018892 -0.005000
v 0.000174 0.018892 -0.010500
v -0.000011 0.018638 -0.005000
v -0.000011 0.018638 -0.010500
v -0.000233 0.018417 -0.005000
v -0.000233 0.018417 -0.010500
v -0.000487 0.018234 -0.005000
v -0.000487 0.018234 -0.010500
v -0.000767 0.018092 -0.005000
v -0.000767 0.018092 -0.010500
v -0.001065 0.017996 -0.005000
v -0.001065 0.017996 -0.010500
v 0.002070 0.021965 -0.010500
v 0.002070 0.021965 -0.005000
v 0.001548 0.024629 -0.005000
v 0.001548 0.024629 -0.010500
v 0.002055 0.024088 -0.005000
v 0.002055 0.024088 -0.010500
v 0.002330 0.023399 -0.005000
v 0.002330 0.023399 -0.010500
v 0.002367 0.023028 -0.005000
v 0.002367 0.023028 -0.010500
v 0.002335 0.022657 -0.005000
v 0.002335 0.022657 -0.010500
v 0.002235 0.022299 -0.005000
v 0.002235 0.022299 -0.010500
v -0.015176 0.036857 -0.005000
v -0.015176 0.036857 -0.010500
v -0.017411 0.036942 -0.005000
v -0.017411 0.036942 -0.010500
v -0.016868 0.037176 -0.005000
v -0.016868 0.037176 -0.010500
v -0.016577 0.037230 -0.005000
v -0.016577 0.037230 -0.010500
v -0.016281 0.037241 -0.005000
v -0.016281 0.037241 -0.010500
v -0.015986 0.037208 -0.005000
v -0.015986 0.037208 -0.010500
v -0.015700 0.037132 -0.005000
v -0.015700 0.037132 -0.010500
v -0.024098 0.034439 -0.010500
v -0.023903 0.034721 -0.010500
v -0.036952 0.011994 -0.010500
v -0.021452 0.035517 -0.010500
v -0.021749 0.035484 -0.010500
v -0.035217 0.009000 -0.010500
v -0.037187 0.011342 -0.010500
v -0.037186 0.010648 -0.010500
v -0.016375 0.009027 -0.010500
v -0.015236 0.009641 -0.010500
v -0.016703 0.009000 -0.010500
v -0.016056 0.009108 -0.010500
v -0.015755 0.009239 -0.010500
v -0.015479 0.009419 -0.010500
v -0.019828 0.035856 -0.010500
v -0.020470 0.035688 -0.010500
v -0.020571 0.035666 -0.010500
v -0.018320 0.036442 -0.010500
v -0.018583 0.036319 -0.010500
v -0.019801 0.035865 -0.010500
v -0.036947 0.009997 -0.010500
v -0.036501 0.009466 -0.010500
v -0.035900 0.009120 -0.010500
v -0.022415 0.035444 -0.010500
v -0.022745 0.035408 -0.010500
v -0.023075 0.035314 -0.010500
v -0.023383 0.035165 -0.010500
v -0.023662 0.034965 -0.010500
v -0.015236 0.009641 -0.005000
v -0.015479 0.009419 -0.005000
v -0.015755 0.009239 -0.005000
v -0.016056 0.009108 -0.005000
v -0.016375 0.009027 -0.005000
v -0.016703 0.009000 -0.005000
v 0.009597 -0.015352 -0.012500
v 0.011280 -0.015390 -0.012486
v 0.009612 -0.015713 -0.012433
v 0.016016 -0.015304 -0.011500
v 0.009639 -0.016351 -0.011500
v 0.011363 -0.016165 -0.011832
v 0.020550 -0.013467 -0.011832
v 0.022114 -0.012595 -0.011883
v 0.020496 -0.013359 -0.012069
v 0.022005 -0.012408 -0.012207
v 0.020413 -0.013194 -0.012270
v 0.021970 -0.012348 -0.012270
v 0.021840 -0.012128 -0.012424
v 0.020201 -0.012770 -0.012486
v 0.021795 -0.012052 -0.012456
v 0.020128 -0.012623 -0.012500
v 0.021647 -0.011798 -0.012500
v 0.015737 -0.014344 -0.012500
v 0.015783 -0.014501 -0.012486
v 0.015915 -0.014957 -0.012270
v 0.009636 -0.016280 -0.011870
v 0.009627 -0.016055 -0.012211
v 0.011350 -0.016044 -0.012069
v 0.009624 -0.015989 -0.012270
v 0.011330 -0.015861 -0.012270
v 0.015966 -0.015133 -0.012069
v 0.016000 -0.015250 -0.011832
v 0.049334 0.003384 -0.011887
v 0.049025 0.003910 -0.012450
v 0.049190 0.003629 -0.012270
v 0.049210 0.003596 -0.012236
v 0.048867 0.004180 -0.012500
v 0.050650 0.005438 -0.012500
v 0.051555 0.006276 -0.012500
v 0.051672 0.006161 -0.012486
v 0.052228 0.005615 -0.011832
v 0.054917 0.009486 -0.011832
v 0.055972 0.018056 -0.011832
v 0.056123 0.013675 -0.011832
v 0.054295 0.022476 -0.011832
v 0.054191 0.022414 -0.012069
v 0.051875 0.025185 -0.012207
v 0.052031 0.025345 -0.011868
v 0.051638 0.024943 -0.012430
v 0.051827 0.025136 -0.012270
v 0.054032 0.022321 -0.012270
v 0.051381 0.024680 -0.012500
v 0.051586 0.024890 -0.012456
v 0.052806 0.023029 -0.012500
v 0.053624 0.022080 -0.012486
v 0.055350 0.013771 -0.012486
v 0.055203 0.016856 -0.012500
v 0.055207 0.017907 -0.012486
v 0.054427 0.020040 -0.012500
v 0.053114 0.007905 -0.012486
v 0.052941 0.007943 -0.012500
v 0.054211 0.009816 -0.012486
v 0.054461 0.010832 -0.012500
v 0.055187 0.013791 -0.012500
v 0.052010 0.005829 -0.012270
v 0.054604 0.020035 -0.012486
v 0.055673 0.017997 -0.012270
v 0.054641 0.009616 -0.012270
v 0.055820 0.013712 -0.012270
v 0.053483 0.021997 -0.012500
v 0.055854 0.018033 -0.012069
v 0.056003 0.013690 -0.012069
v 0.054808 0.009537 -0.012069
v 0.052142 0.005699 -0.012069
v 0.019801 -0.013890 -0.005000
v 0.016016 -0.015304 -0.005000
v 0.009639 -0.016351 -0.005000
v -0.052864 -0.019039 -0.012418
v -0.047580 -0.018371 -0.012433
v -0.047548 -0.018712 -0.012211
v -0.034142 -0.017223 -0.012500
v -0.015027 -0.016406 -0.012500
v -0.023103 -0.017113 -0.012433
v -0.052328 -0.018561 -0.012500
v -0.047483 -0.018000 -0.012500
v -0.053446 -0.019425 -0.012223
v -0.047527 -0.018936 -0.011870
v -0.054258 -0.019794 -0.011872
v -0.047520 -0.019007 -0.011500
v -0.055054 -0.020001 -0.011500
v -0.055031 -0.019997 -0.011511
v -0.039458 -0.017820 -0.012433
v -0.039441 -0.018162 -0.012211
v -0.039430 -0.018387 -0.011870
v -0.031729 -0.018121 -0.011500
v -0.034684 -0.018248 -0.011500
v -0.039427 -0.018458 -0.011500
v -0.023078 -0.017680 -0.011870
v -0.023075 -0.017751 -0.011500
v -0.025819 -0.017869 -0.011500
v -0.023088 -0.017455 -0.012211
v -0.052872 -0.019045 -0.014000
v -0.051574 -0.017561 -0.014000
v -0.051574 -0.017561 -0.012500
v -0.054699 -0.019926 -0.014000
v -0.055054 -0.020001 -0.014000
v 0.044251 0.033059 -0.005000
v 0.044251 0.033059 -0.011500
v -0.012119 0.053344 -0.005000
v 0.004276 0.053124 -0.005000
v 0.011691 0.052280 -0.005000
v 0.018358 0.050684 -0.005000
v 0.024614 0.048150 -0.005000
v 0.030792 0.044493 -0.005000
v -0.022369 0.035446 -0.005000
v -0.021749 0.035484 -0.005000
v -0.020470 0.035688 -0.005000
v -0.019828 0.035856 -0.005000
v -0.019801 0.035865 -0.005000
v -0.018583 0.036319 -0.005000
v -0.018320 0.036442 -0.005000
v -0.054025 -0.019829 -0.005000
v -0.049684 -0.019233 -0.005000
v -0.037515 0.009000 -0.005000
v -0.034684 -0.018248 -0.005000
v -0.021452 0.035517 -0.005000
v -0.020571 0.035666 -0.005000
v -0.014000 -0.017363 -0.005000
v -0.025819 -0.017869 -0.005000
v -0.031729 -0.018121 -0.005000
v -0.012119 0.053344 -0.008000
v -0.022369 0.035446 -0.008000
v -0.022415 0.035444 -0.008000
v -0.024098 0.034439 -0.008000
v -0.023903 0.034721 -0.008000
v -0.023662 0.034965 -0.008000
v -0.023383 0.035165 -0.008000
v -0.023075 0.035314 -0.008000
v -0.022745 0.035408 -0.008000
v -0.022740 0.035409 -0.008000
v -0.036952 0.011994 -0.008000
v -0.035217 0.009000 -0.008000
v -0.035900 0.009120 -0.008000
v -0.036501 0.009466 -0.008000
v -0.036947 0.009997 -0.008000
v -0.037186 0.010648 -0.008000
v -0.037187 0.011342 -0.008000
v -0.037515 0.009000 -0.008000
v -0.054025 -0.019829 -0.008000
v -0.053845 0.013074 -0.013500
v -0.053845 0.013074 -0.008000
v -0.053556 0.013111 -0.013500
v -0.053556 0.013111 -0.008000
v -0.053275 0.013191 -0.013500
v -0.053275 0.013191 -0.008000
v -0.053009 0.013310 -0.013500
v -0.053009 0.013310 -0.008000
v -0.052763 0.013467 -0.013500
v -0.052763 0.013467 -0.008000
v -0.052542 0.013658 -0.013500
v -0.052542 0.013658 -0.008000
v -0.052351 0.013879 -0.013500
v -0.052351 0.013879 -0.008000
v -0.042766 0.027644 -0.013500
v -0.042766 0.027644 -0.008000
v -0.012708 0.050303 -0.014000
v -0.012708 0.050303 -0.012500
v -0.012631 0.052144 -0.012500
v -0.012732 0.052332 -0.012500
v 0.001027 0.052293 -0.012500
v 0.009025 0.051665 -0.012500
v -0.012452 0.051104 -0.012500
v -0.012469 0.051618 -0.012500
v 0.015867 0.050363 -0.012500
v 0.021908 0.048300 -0.012500
v -0.012564 0.050613 -0.012500
v 0.024654 0.047010 -0.012500
v 0.027965 0.045141 -0.012500
v 0.033639 0.041165 -0.012500
v 0.041441 0.034379 -0.012500
v 0.043552 0.032345 -0.012500
v 0.044202 0.033009 -0.011870
v 0.043804 0.032603 -0.012432
v 0.044044 0.032848 -0.012211
v -0.052441 -0.017064 -0.015000
v -0.013575 0.050800 -0.015000
v -0.052186 -0.017210 -0.014956
v -0.013320 0.050654 -0.014956
v -0.052122 -0.017246 -0.014930
v -0.013256 0.050617 -0.014930
v -0.051828 -0.017415 -0.014707
v -0.012962 0.050449 -0.014707
v -0.051634 -0.017526 -0.014368
v -0.012769 0.050338 -0.014368
v -0.051612 -0.017539 -0.014294
v -0.012710 0.050305 -0.014072
v -0.012746 0.050325 -0.014294
v -0.042600 0.027956 -0.013500
v -0.042600 0.027956 -0.008000
v -0.042491 0.028292 -0.013500
v -0.042491 0.028292 -0.008000
v -0.042459 0.028466 -0.013500
v -0.042459 0.028466 -0.008000
v -0.042441 0.028730 -0.013500
v -0.042441 0.028730 -0.008000
v -0.053957 0.013067 -0.013500
v -0.054140 0.013051 -0.013500
v -0.053998 0.013064 -0.013500
v -0.054424 0.013019 -0.013500
v -0.054387 0.013024 -0.013500
v -0.054262 0.013039 -0.013500
v -0.054252 0.013040 -0.013500
v -0.054150 0.013050 -0.013500
v -0.054150 0.013050 -0.008000
v -0.054252 0.013040 -0.008000
v -0.053957 0.013067 -0.008000
v -0.054262 0.013039 -0.008000
v -0.054387 0.013024 -0.008000
v -0.054424 0.013019 -0.008000
v -0.053998 0.013064 -0.008000
v -0.054140 0.013051 -0.008000
v -0.059079 -0.020807 -0.008000
v -0.068193 -0.023446 -0.008000
v 0.001517 0.053273 -0.011500
v -0.013021 0.052704 -0.012426
v 0.001490 0.052635 -0.012432
v 0.009522 0.051964 -0.012432
v 0.017365 0.050321 -0.012432
v 0.024819 0.047331 -0.012432
v 0.031687 0.043082 -0.012432
v 0.037933 0.038069 -0.012432
v -0.013964 0.053239 -0.011865
v 0.001514 0.053202 -0.011870
v -0.013200 0.052864 -0.012341
v 0.001505 0.052977 -0.012211
v -0.013447 0.053032 -0.012201
v 0.009607 0.052597 -0.011500
v 0.009598 0.052526 -0.011870
v 0.017547 0.050933 -0.011500
v 0.017527 0.050865 -0.011870
v 0.025110 0.047900 -0.011500
v 0.025078 0.047837 -0.011870
v 0.032061 0.043600 -0.011500
v 0.032019 0.043543 -0.011870
v 0.038354 0.038550 -0.011500
v 0.038307 0.038496 -0.011870
v 0.009568 0.052303 -0.012211
v 0.017462 0.050649 -0.012211
v 0.024975 0.047636 -0.012211
v 0.031888 0.043360 -0.012211
v 0.038159 0.038327 -0.012211
v -0.012750 0.051519 -0.014707
v -0.012782 0.050902 -0.014707
v -0.012972 0.050947 -0.014859
v -0.013136 0.052059 -0.014859
v -0.013325 0.051949 -0.014956
v -0.013675 0.052339 -0.014956
v -0.014473 0.052665 -0.014930
v -0.014124 0.052551 -0.014956
v -0.014465 0.052297 -0.015000
v -0.014292 0.052286 -0.015000
v -0.013445 0.051236 -0.015000
v -0.013468 0.051519 -0.015000
v -0.013579 0.051801 -0.015000
v -0.013774 0.052040 -0.015000
v -0.014024 0.052205 -0.015000
v -0.012635 0.050867 -0.014513
v -0.012500 0.050835 -0.014072
v -0.012493 0.051742 -0.014000
v -0.012460 0.051557 -0.014000
v -0.012463 0.051557 -0.014072
v -0.012447 0.051175 -0.014000
v -0.012554 0.050641 -0.014000
v -0.012631 0.052144 -0.014000
v -0.012718 0.052303 -0.014072
v -0.012715 0.052305 -0.014000
v -0.013258 0.052905 -0.014072
v -0.013105 0.052783 -0.014000
v -0.013606 0.053113 -0.014000
v -0.013950 0.053233 -0.014072
v -0.014141 0.053274 -0.014000
v -0.014022 0.052951 -0.014707
v -0.014480 0.053004 -0.014707
v -0.013430 0.052671 -0.014707
v -0.012968 0.052157 -0.014707
v -0.013498 0.050969 -0.015000
v -0.013184 0.050998 -0.014956
v -0.012540 0.050845 -0.014294
v -0.012600 0.051539 -0.014513
v -0.012504 0.051551 -0.014294
v -0.012838 0.052234 -0.014513
v -0.012754 0.052283 -0.014294
v -0.013340 0.052793 -0.014513
v -0.013283 0.052872 -0.014294
v -0.013984 0.053098 -0.014513
v -0.013960 0.053192 -0.014294
v -0.059079 -0.020807 -0.014000
v -0.067534 -0.023218 -0.014000
v -0.067557 -0.023151 -0.014371
v -0.073013 -0.024198 -0.015000
v -0.067859 -0.022272 -0.015000
v -0.067742 -0.022613 -0.014933
v -0.064269 -0.021127 -0.015000
v -0.055226 -0.019016 -0.015000
v -0.055163 -0.019379 -0.014930
v -0.067631 -0.022937 -0.014711
v -0.055066 -0.019932 -0.014368
v -0.055105 -0.019713 -0.014707
v -0.054941 -0.018956 -0.015000
v -0.053480 -0.018251 -0.015000
v -0.330320 0.035606 -0.008000
v -0.335774 0.034121 -0.008000
v -0.328566 0.004222 -0.008000
v -0.330610 0.019405 -0.008000
v -0.329611 -0.011129 -0.008000
v -0.334092 0.030238 -0.015000
v -0.335354 0.033200 -0.015000
v -0.333475 0.031200 -0.015000
v -0.332072 0.032383 -0.015000
v -0.330337 0.032981 -0.015000
v -0.330425 0.018619 -0.015000
v -0.331723 0.023506 -0.015000
v -0.330261 0.023078 -0.015000
v -0.327059 0.001329 -0.015000
v -0.328535 0.000909 -0.015000
v -0.328951 0.009834 -0.015000
v -0.329290 0.012542 -0.015000
v -0.327103 -0.008590 -0.015000
v -0.327271 -0.010123 -0.015000
v -0.328949 -0.007961 -0.015000
v -0.329453 -0.010127 -0.015000
v -0.329137 -0.007847 -0.015000
v -0.348030 0.030553 -0.017030
v -0.343939 0.031757 -0.012881
v -0.342041 0.032315 -0.010210
v -0.341104 0.032591 -0.007187
v -0.335774 0.034121 -0.005000
v -0.341000 0.032622 -0.005746
v -0.341000 0.032622 -0.005000
v -0.335623 0.034163 -0.014000
v -0.332808 0.034938 -0.014000
v -0.346933 0.030876 -0.025245
v -0.348024 0.030555 -0.026236
v -0.348030 0.030554 -0.026222
v -0.336546 0.033904 -0.014237
v -0.337032 0.033767 -0.014616
v -0.348030 0.030553 -0.026214
v -0.330892 -0.011155 -0.014616
v -0.330065 -0.011137 -0.014099
v -0.329440 -0.011127 -0.014000
v -0.327279 -0.011123 -0.014000
v -0.340999 -0.011872 -0.025008
v -0.341000 -0.011872 -0.025005
v -0.341000 -0.011872 -0.008074
v -0.329611 -0.011129 -0.005000
v -0.341000 -0.011872 -0.005000
v -0.329475 0.013757 -0.005000
v -0.329475 0.013757 -0.006000
v -0.332999 0.013288 -0.005000
v -0.332969 0.013292 -0.006000
v -0.332999 0.013288 -0.006000
v -0.331175 0.021601 -0.006000
v -0.331175 0.021601 -0.005000
v -0.334396 0.021172 -0.006000
v -0.334518 0.021156 -0.005000
v -0.334518 0.021156 -0.006007
v -0.341000 -0.005333 -0.007732
v -0.341000 -0.005333 -0.005000
v -0.336329 -0.004913 -0.005000
v -0.340770 -0.005308 -0.025293
v -0.341705 -0.005411 -0.026116
v -0.341705 -0.005411 -0.011429
v -0.336329 -0.004913 -0.020794
v -0.341014 -0.005334 -0.008268
v -0.333767 0.011052 -0.005000
v -0.333863 0.012203 -0.005000
v -0.333863 0.012203 -0.007000
v -0.335615 0.021888 -0.005000
v -0.336584 0.025127 -0.005000
v -0.335615 0.021888 -0.007000
v -0.336584 0.025127 -0.017351
v -0.334732 0.018119 -0.007000
v -0.334605 0.017470 -0.017514
v -0.333687 0.009764 -0.017887
v -0.333813 0.002077 -0.018488
v -0.333689 0.003925 -0.005000
v -0.334500 -0.003261 -0.019047
v -0.334500 -0.003261 -0.005000
v -0.336320 -0.004913 -0.020785
v -0.336099 -0.004884 -0.020561
v -0.336094 -0.004883 -0.005000
v -0.335422 -0.004622 -0.005000
v -0.335293 -0.004535 -0.019767
v -0.334886 -0.004139 -0.005000
v -0.334735 -0.003913 -0.019244
v -0.334692 -0.003834 -0.005000
v -0.334556 -0.003498 -0.005000
v -0.334558 -0.003505 -0.019091
v -0.342044 0.025527 -0.010571
v -0.342044 0.025527 -0.022479
v -0.341776 0.025608 -0.009981
v -0.339048 0.026421 -0.019288
v -0.341139 0.025800 -0.007767
v -0.339048 0.026421 -0.005000
v -0.341000 0.025841 -0.006100
v -0.341000 0.025841 -0.005000
v -0.336810 0.025596 -0.005000
v -0.336709 0.025424 -0.017374
v -0.337269 0.026090 -0.005000
v -0.337103 0.025949 -0.017578
v -0.337867 0.026404 -0.005000
v -0.337865 0.026404 -0.018156
v -0.338535 0.026501 -0.005000
v -0.338559 0.026500 -0.018790
v -0.334763 0.021154 -0.005000
v -0.334798 0.021159 -0.006081
v -0.335067 0.021238 -0.005000
v -0.335256 0.021352 -0.006386
v -0.335329 0.021413 -0.005000
v -0.335456 0.021556 -0.006635
v -0.335471 0.021576 -0.006658
v -0.335524 0.021662 -0.005000
v -0.335607 0.021859 -0.006970
v -0.333864 0.012220 -0.006983
v -0.333853 0.012463 -0.005000
v -0.333836 0.012545 -0.006659
v -0.333743 0.012779 -0.005000
v -0.333640 0.012931 -0.006292
v -0.333535 0.013041 -0.005000
v -0.333388 0.013150 -0.006098
v -0.333384 0.013152 -0.005000
v -0.333251 0.013220 -0.005000
v -0.333328 0.013184 -0.006070
v -0.328566 0.004222 -0.005000
v -0.330610 0.019405 -0.006000
v -0.334358 0.021018 -0.006000
v -0.334286 0.026280 -0.016181
v -0.333758 0.025252 -0.016009
v -0.343813 0.024350 -0.026006
v -0.330459 -0.000650 -0.016489
v -0.331098 -0.001801 -0.017093
v -0.339890 0.000987 -0.026042
v -0.339898 -0.001677 -0.026024
v -0.331402 -0.002976 -0.017340
v -0.340623 -0.011009 -0.025928
v -0.331331 -0.004698 -0.017143
v -0.340398 -0.010983 -0.025700
v -0.330891 -0.005922 -0.016580
v -0.330403 -0.006689 -0.015999
v -0.330204 -0.010266 -0.015308
v -0.330018 -0.007132 -0.015553
v -0.329800 -0.007341 -0.015304
v -0.329253 0.000505 -0.015297
v -0.340254 0.007542 -0.026068
v -0.329390 0.006661 -0.015294
v -0.342617 0.020374 -0.026038
v -0.333046 0.024408 -0.015586
v -0.341665 0.016490 -0.026059
v -0.329990 0.012441 -0.015293
v -0.330485 0.015435 -0.015293
v -0.332638 0.024061 -0.015298
v -0.336102 0.033102 -0.015308
v -0.334461 0.029224 -0.015303
v -0.345989 0.030201 -0.025939
v -0.334561 0.028692 -0.015597
v -0.334576 0.027509 -0.016038
v -0.344106 0.025223 -0.025997
v -0.385315 0.007609 -0.021000
v -0.387616 0.007504 -0.021000
v -0.386586 0.008781 -0.021000
v -0.387320 -0.007905 -0.021000
v -0.387938 -0.007026 -0.021000
v -0.386045 -0.006939 -0.021000
v -0.385238 0.007616 -0.021000
v -0.385356 -0.007173 -0.021000
v -0.385307 -0.007216 -0.021000
v -0.385249 -0.007277 -0.021000
v -0.383510 -0.011253 -0.021000
v -0.382097 -0.009748 -0.021000
v -0.378708 -0.012887 -0.021000
v -0.378269 -0.010927 -0.021000
v -0.373646 -0.012560 -0.021000
v -0.374272 -0.010656 -0.021000
v -0.369095 -0.010320 -0.021000
v -0.370638 -0.008973 -0.021000
v -0.365747 -0.006510 -0.021000
v -0.367846 -0.006100 -0.021000
v -0.364113 -0.001708 -0.021000
v -0.366269 -0.002418 -0.021000
v -0.364076 0.001406 -0.021000
v -0.366115 0.001584 -0.021000
v -0.365780 0.006567 -0.021000
v -0.367404 0.005377 -0.021000
v -0.367459 0.008831 -0.021000
v -0.369965 0.008456 -0.021000
v -0.369564 0.010663 -0.021000
v -0.374373 0.012732 -0.021000
v -0.373459 0.010415 -0.021000
v -0.379404 0.012776 -0.021000
v -0.377423 0.010992 -0.021000
v -0.384471 0.010639 -0.021000
v -0.381330 0.010112 -0.021000
v -0.384664 0.007891 -0.021000
v -0.384716 0.007844 -0.021000
v -0.384767 0.007803 -0.021000
v -0.384833 0.007759 -0.021000
v -0.384882 0.007730 -0.021000
v -0.385096 0.007644 -0.021000
v -0.385136 0.007634 -0.021000
v -0.385225 0.007617 -0.021000
v -0.385954 -0.006939 -0.021000
v -0.385896 -0.006944 -0.021000
v -0.385776 -0.006964 -0.021000
v -0.384960 0.007692 -0.021000
v -0.385048 0.007658 -0.021000
v -0.385605 -0.007019 -0.021000
v -0.385476 -0.007086 -0.021000
v -0.385447 -0.007104 -0.021000
v -0.385750 -0.006970 -0.021000
v -0.385609 -0.007018 -0.021000
v -0.389887 0.001708 -0.022500
v -0.389887 0.001708 -0.028700
v -0.388226 0.006556 -0.028700
v -0.387616 0.007504 -0.022500
v -0.386586 0.008781 -0.028700
v -0.388226 0.006556 -0.022500
v -0.364113 -0.001708 -0.028700
v -0.364076 0.001406 -0.028700
v -0.365780 0.006567 -0.028700
v -0.367459 0.008831 -0.028700
v -0.369564 0.010663 -0.028700
v -0.374373 0.012732 -0.028700
v -0.379404 0.012776 -0.028700
v -0.382017 0.011993 -0.028700
v -0.384471 0.010639 -0.028700
v -0.385249 -0.007277 -0.020000
v -0.382097 -0.009748 -0.020000
v -0.378269 -0.010927 -0.020000
v -0.374272 -0.010656 -0.020000
v -0.370638 -0.008973 -0.020000
v -0.367846 -0.006100 -0.020000
v -0.366269 -0.002418 -0.020000
v -0.366115 0.001584 -0.020000
v -0.367404 0.005377 -0.020000
v -0.369965 0.008456 -0.020000
v -0.373459 0.010415 -0.020000
v -0.377423 0.010992 -0.020000
v -0.381330 0.010112 -0.020000
v -0.384664 0.007891 -0.020000
v -0.364338 0.018097 -0.028000
v -0.364338 0.018097 -0.020000
v -0.364943 0.017749 -0.028000
v -0.364943 0.017749 -0.020000
v -0.365391 0.017214 -0.028000
v -0.365391 0.017214 -0.020000
v -0.365628 0.016557 -0.028000
v -0.365628 0.016557 -0.020000
v -0.365625 0.015858 -0.028000
v -0.365625 0.015858 -0.020000
v -0.365382 0.015203 -0.028000
v -0.365382 0.015203 -0.020000
v -0.364928 0.014672 -0.028000
v -0.364928 0.014672 -0.020000
v -0.358760 -0.005320 -0.020000
v -0.358760 -0.005320 -0.028000
v -0.358466 -0.004182 -0.020000
v -0.358466 -0.004182 -0.028000
v -0.358076 -0.001697 -0.020000
v -0.358076 -0.001697 -0.028000
v -0.358021 -0.000892 -0.020000
v -0.358021 -0.000892 -0.028000
v -0.358104 0.001990 -0.020000
v -0.358104 0.001990 -0.028000
v -0.358155 0.002425 -0.020000
v -0.358155 0.002425 -0.028000
v -0.358845 0.005602 -0.020000
v -0.358845 0.005602 -0.028000
v -0.360129 0.008739 -0.020000
v -0.360129 0.008739 -0.028000
v -0.360268 0.009003 -0.020000
v -0.360268 0.009003 -0.028000
v -0.362322 0.012065 -0.020000
v -0.362322 0.012065 -0.028000
v -0.364148 0.013993 -0.020000
v -0.364148 0.013993 -0.028000
v -0.358836 -0.006000 -0.028000
v -0.358836 -0.006000 -0.020000
v -0.358679 -0.006665 -0.028000
v -0.358679 -0.006665 -0.020000
v -0.358307 -0.007239 -0.028000
v -0.358307 -0.007239 -0.020000
v -0.357764 -0.007654 -0.028000
v -0.357764 -0.007654 -0.020000
v -0.357112 -0.007861 -0.028000
v -0.357112 -0.007861 -0.020000
v -0.356429 -0.007837 -0.028000
v -0.356429 -0.007837 -0.020000
v -0.372171 -0.018376 -0.028000
v -0.355142 -0.014209 -0.028000
v -0.372171 -0.018376 -0.020000
v -0.355142 -0.014209 -0.020000
v -0.383426 0.016814 -0.029000
v -0.354826 0.027232 -0.029000
v -0.374312 0.013026 -0.029000
v -0.349813 0.019685 -0.029000
v -0.365522 0.006718 -0.029000
v -0.352838 0.027895 -0.029000
v -0.367239 0.009034 -0.029000
v -0.369392 0.010909 -0.029000
v -0.367654 -0.009463 -0.029000
v -0.365403 -0.006511 -0.029000
v -0.355348 -0.013230 -0.029000
v -0.364059 -0.003070 -0.029000
v -0.379460 0.013071 -0.029000
v -0.382132 0.012270 -0.029000
v -0.387176 0.014848 -0.029000
v -0.384643 0.010884 -0.029000
v -0.391026 0.011282 -0.029000
v -0.386808 0.008983 -0.029000
v -0.393616 0.006922 -0.029000
v -0.388485 0.006708 -0.029000
v -0.394844 0.002365 -0.029000
v -0.390185 0.001747 -0.029000
v -0.394887 -0.002017 -0.029000
v -0.390150 -0.001995 -0.029000
v -0.394200 -0.005307 -0.029000
v -0.389850 -0.003431 -0.029000
v -0.393756 -0.006575 -0.029000
v -0.389063 -0.005602 -0.029000
v -0.391378 -0.010829 -0.029000
v -0.347866 0.011261 -0.029000
v -0.347464 0.008427 -0.029000
v -0.363778 0.001439 -0.029000
v -0.347030 0.002817 -0.029000
v -0.363815 -0.001747 -0.029000
v -0.347025 -0.001849 -0.029000
v -0.347246 -0.005565 -0.029000
v -0.348058 -0.011852 -0.029000
v -0.381117 -0.012647 -0.029000
v -0.378747 -0.013185 -0.029000
v -0.379612 -0.017809 -0.029000
v -0.376332 -0.017988 -0.029000
v -0.377689 -0.013282 -0.029000
v -0.375252 -0.017915 -0.029000
v -0.373779 -0.012904 -0.029000
v -0.372425 -0.017409 -0.029000
v -0.370298 -0.011488 -0.029000
v -0.368913 -0.010559 -0.029000
v -0.387559 -0.008087 -0.029000
v -0.387024 -0.008741 -0.029000
v -0.387941 -0.014293 -0.029000
v -0.384220 -0.011170 -0.029000
v -0.387002 -0.014965 -0.029000
v -0.383660 -0.011512 -0.029000
v -0.383858 -0.016642 -0.029000
v -0.381727 -0.017368 -0.029000
v -0.393882 0.008718 -0.022500
v -0.393882 0.008718 -0.020000
v -0.393026 0.010206 -0.020000
v -0.393111 -0.010071 -0.028000
v -0.393882 -0.008717 -0.022500
v -0.393502 -0.009416 -0.028000
v -0.395035 -0.005979 -0.022500
v -0.395035 -0.005979 -0.028000
v -0.393882 -0.008717 -0.020000
v -0.393502 -0.009416 -0.020000
v -0.393111 -0.010071 -0.020000
v -0.392239 -0.011348 -0.028000
v -0.391289 -0.012523 -0.020000
v -0.391289 -0.012523 -0.028000
v -0.390238 -0.013629 -0.020000
v -0.390238 -0.013629 -0.028000
v -0.388519 -0.015110 -0.020000
v -0.388519 -0.015110 -0.028000
v -0.386666 -0.016357 -0.020000
v -0.387558 -0.015797 -0.028000
v -0.386666 -0.016357 -0.028000
v -0.385379 -0.017053 -0.020000
v -0.385379 -0.017053 -0.028000
v -0.382742 -0.018112 -0.020000
v -0.382742 -0.018112 -0.028000
v -0.382078 -0.018309 -0.028000
v -0.382078 -0.018309 -0.020000
v -0.381989 -0.018333 -0.028000
v -0.378798 -0.018915 -0.020000
v -0.378798 -0.018915 -0.028000
v -0.375380 -0.018931 -0.020000
v -0.375380 -0.018931 -0.028000
v -0.374675 -0.018857 -0.020000
v -0.395844 -0.002427 -0.028000
v -0.395844 -0.002427 -0.022500
v -0.395922 -0.001721 -0.028000
v -0.395922 -0.001721 -0.022500
v -0.395972 0.001036 -0.028000
v -0.395972 0.001036 -0.022500
v -0.395835 0.002496 -0.028000
v -0.395853 0.002359 -0.022500
v -0.395502 0.004322 -0.028000
v -0.395502 0.004322 -0.022500
v -0.394922 0.006310 -0.028000
v -0.394922 0.006310 -0.022500
v -0.394400 0.007631 -0.028000
v -0.394400 0.007631 -0.022500
v -0.393026 0.010206 -0.028000
v -0.392614 0.010826 -0.028000
v -0.392614 0.010826 -0.020000
v -0.390166 0.013698 -0.028000
v -0.390166 0.013698 -0.020000
v -0.387164 0.016053 -0.028000
v -0.387164 0.016053 -0.020000
v -0.386511 0.016448 -0.028000
v -0.386511 0.016448 -0.020000
v -0.383783 0.017748 -0.020000
v -0.383783 0.017748 -0.028000
v -0.385315 0.007609 -0.020000
v -0.392948 0.007260 -0.020000
v -0.393098 0.007264 -0.020000
v -0.385238 0.007616 -0.020000
v -0.385225 0.007617 -0.020000
v -0.354676 0.021481 -0.020000
v -0.355030 0.028219 -0.020000
v -0.352831 -0.013737 -0.020000
v -0.353174 -0.007181 -0.020000
v -0.385136 0.007634 -0.020000
v -0.385096 0.007644 -0.020000
v -0.385048 0.007658 -0.020000
v -0.384833 0.007759 -0.020000
v -0.384767 0.007803 -0.020000
v -0.384716 0.007844 -0.020000
v -0.384960 0.007692 -0.020000
v -0.384882 0.007730 -0.020000
v -0.393984 -0.008401 -0.020000
v -0.393935 -0.008596 -0.020000
v -0.393039 -0.007259 -0.020000
v -0.385356 -0.007173 -0.020000
v -0.385447 -0.007104 -0.020000
v -0.386045 -0.006939 -0.020000
v -0.385954 -0.006939 -0.020000
v -0.385896 -0.006944 -0.020000
v -0.385307 -0.007216 -0.020000
v -0.393994 -0.008260 -0.020000
v -0.393195 -0.007279 -0.020000
v -0.393364 -0.007329 -0.020000
v -0.385476 -0.007086 -0.020000
v -0.385605 -0.007019 -0.020000
v -0.385609 -0.007018 -0.020000
v -0.393985 0.008386 -0.020000
v -0.393993 0.008233 -0.020000
v -0.393938 0.008587 -0.020000
v -0.393969 0.008040 -0.020000
v -0.393920 0.007882 -0.020000
v -0.393835 0.007719 -0.020000
v -0.393728 0.007580 -0.020000
v -0.393600 0.007464 -0.020000
v -0.393442 0.007365 -0.020000
v -0.393292 0.007305 -0.020000
v -0.393512 -0.007403 -0.020000
v -0.393648 -0.007502 -0.020000
v -0.393769 -0.007627 -0.020000
v -0.385750 -0.006970 -0.020000
v -0.385776 -0.006964 -0.020000
v -0.393859 -0.007758 -0.020000
v -0.393936 -0.007924 -0.020000
v -0.393976 -0.008069 -0.020000
v -0.353086 0.022015 -0.028000
v -0.353086 0.022015 -0.019869
v -0.351161 -0.006807 -0.019792
v -0.349142 -0.006457 -0.019137
v -0.349142 -0.006457 -0.028000
v -0.348489 0.014541 -0.028000
v -0.350814 0.022765 -0.028000
v -0.347226 0.006098 -0.028000
v -0.347041 -0.002293 -0.028000
v -0.347300 -0.006161 -0.028000
v -0.348070 0.030540 -0.017071
v -0.348704 0.030329 -0.017661
v -0.347715 0.023766 -0.017071
v -0.349043 0.030216 -0.017937
v -0.350139 0.022985 -0.018874
v -0.351678 0.029337 -0.019402
v -0.350671 0.022812 -0.019134
v -0.352044 0.029215 -0.019529
v -0.341102 -0.011884 -0.009500
v -0.342053 -0.005445 -0.012210
v -0.342126 -0.012005 -0.012697
v -0.343939 -0.005683 -0.014841
v -0.343939 -0.012241 -0.015184
v -0.341011 -0.011874 -0.008550
v -0.348091 -0.006286 -0.018588
v -0.348533 -0.012946 -0.019013
v -0.345994 -0.012520 -0.017246
v -0.346354 -0.006019 -0.017265
v -0.345815 -0.012496 -0.017071
v -0.346156 -0.005990 -0.017071
v -0.351667 -0.013511 -0.019931
v -0.345994 -0.012520 -0.027808
v -0.345993 -0.012520 -0.027814
v -0.347893 -0.012838 -0.028000
v -0.341222 -0.011898 -0.025235
v -0.343022 -0.012119 -0.026657
v -0.343167 -0.001976 -0.028225
v -0.343270 -0.011274 -0.027862
v -0.345942 -0.011564 -0.028790
v -0.343664 0.008883 -0.028239
v -0.345753 0.019498 -0.028230
v -0.349780 0.028945 -0.028467
v -0.347184 0.029835 -0.027031
v -0.355142 0.028181 -0.028000
v -0.353155 0.028844 -0.028000
v -0.350644 0.029682 -0.027605
v -0.343939 0.024949 -0.013238
v -0.346127 0.024269 -0.015458
v -0.346127 0.024269 -0.026535
v -0.347912 0.023703 -0.027467
v -0.344807 -0.005799 -0.015714
v -0.344807 -0.005799 -0.027660
v -0.343896 0.024962 -0.013194
v -0.344688 0.024717 -0.025300
v -0.345420 0.016628 -0.027311
v -0.343530 0.001138 -0.027308
v -0.344058 0.008952 -0.027315
v -0.342273 0.015954 -0.025354
v -0.344425 -0.005742 -0.027545
v -0.340915 0.007020 -0.025361
v -0.340617 -0.001964 -0.025319
v -0.337814 0.025774 -0.018321
v -0.335412 -0.004087 -0.019922
v -0.327059 0.001329 -0.010000
v -0.328949 -0.007961 -0.010000
v -0.329729 -0.007404 -0.010000
v -0.331402 -0.002976 -0.010000
v -0.330415 -0.006673 -0.010000
v -0.331431 -0.003253 -0.010000
v -0.331064 -0.005549 -0.010000
v -0.327920 -0.008411 -0.010000
v -0.325610 -0.008563 -0.010000
v -0.331192 -0.002061 -0.010000
v -0.330284 -0.000428 -0.010000
v -0.328839 0.000757 -0.010000
v -0.329053 0.000633 -0.015142
v -0.330337 0.032981 -0.010000
v -0.332887 0.024264 -0.010000
v -0.333573 0.024995 -0.010000
v -0.334561 0.028692 -0.010000
v -0.334356 0.029590 -0.010000
v -0.328768 0.023105 -0.010000
v -0.334589 0.028415 -0.010000
v -0.334222 0.026119 -0.010000
v -0.332108 0.023707 -0.010000
v -0.331078 0.023257 -0.010000
v -0.333475 0.031200 -0.010000
v -0.332072 0.032383 -0.010000
v -0.334411 0.029408 -0.015203
v -0.334310 0.029725 -0.015080
v -0.329373 -0.007687 -0.015033
v -0.329809 -0.010190 -0.015060
v -0.329499 -0.007592 -0.015079
v -0.330045 -0.010234 -0.015177
v -0.329669 0.012487 -0.015076
v -0.331840 0.023563 -0.015005
v -0.332209 0.023767 -0.015079
v -0.335561 0.033173 -0.015020
v -0.335858 0.033134 -0.015126
v -0.327279 -0.011047 -0.014383
v -0.327277 -0.010830 -0.014707
v -0.327274 -0.010506 -0.014924
v -0.329448 -0.010510 -0.014924
v -0.329444 -0.010834 -0.014707
v -0.329441 -0.011051 -0.014383
v -0.329672 -0.010524 -0.014941
v -0.329889 -0.010551 -0.014998
v -0.329971 -0.010868 -0.014787
v -0.330096 -0.011075 -0.014481
v -0.330092 -0.010577 -0.015097
v -0.330653 -0.011090 -0.014851
v -0.330426 -0.010894 -0.015076
v -0.330269 -0.010595 -0.015237
v -0.340464 -0.011366 -0.025592
v -0.340575 -0.011592 -0.025457
v -0.340778 -0.011793 -0.025235
v -0.340776 -0.011792 -0.025237
v -0.340679 -0.011716 -0.025341
v -0.340799 -0.011617 -0.025685
v -0.340999 -0.011817 -0.025465
v -0.340668 -0.011325 -0.025848
v -0.345935 -0.011618 -0.028785
v -0.343099 -0.011583 -0.027679
v -0.345907 -0.011910 -0.028705
v -0.343167 -0.011888 -0.027476
v -0.345900 -0.012061 -0.028623
v -0.345906 -0.011915 -0.028703
v -0.345936 -0.012447 -0.028155
v -0.345920 -0.012387 -0.028277
v -0.343291 -0.012095 -0.027191
v -0.345903 -0.012233 -0.028481
v -0.347905 -0.012769 -0.028368
v -0.347942 -0.012550 -0.028707
v -0.347998 -0.012215 -0.028930
v -0.355272 -0.013590 -0.028930
v -0.355202 -0.013922 -0.028707
v -0.355157 -0.014140 -0.028368
v -0.372190 -0.018301 -0.028387
v -0.372345 -0.017711 -0.028950
v -0.372253 -0.018064 -0.028736
v -0.372263 -0.018026 -0.028770
v -0.395515 0.002454 -0.028736
v -0.395758 0.002486 -0.028387
v -0.394639 0.006569 -0.028569
v -0.383557 0.017158 -0.028930
v -0.385541 0.016030 -0.028986
v -0.385764 0.016449 -0.028770
v -0.385908 0.016718 -0.028332
v -0.383758 0.017683 -0.028368
v -0.383678 0.017475 -0.028707
v -0.393332 0.009597 -0.028332
v -0.391339 0.012379 -0.028332
v -0.388826 0.014798 -0.028332
v -0.394752 0.006611 -0.028332
v -0.395154 0.002406 -0.028950
v -0.388340 0.014189 -0.028986
v -0.390749 0.011870 -0.028986
v -0.394022 0.006339 -0.028986
v -0.395476 0.002449 -0.028770
v -0.388636 0.014560 -0.028770
v -0.391107 0.012180 -0.028770
v -0.393069 0.009443 -0.028770
v -0.394466 0.006505 -0.028770
v -0.393228 0.009536 -0.028569
v -0.391247 0.012300 -0.028569
v -0.388751 0.014703 -0.028569
v -0.385851 0.016611 -0.028569
v -0.383653 0.017410 -0.028770
v -0.376302 -0.018809 -0.028569
v -0.395939 0.000418 -0.028332
v -0.395101 -0.005585 -0.028332
v -0.376326 -0.018151 -0.028986
v -0.384475 -0.016554 -0.028986
v -0.381770 -0.017526 -0.028986
v -0.387093 -0.015101 -0.028986
v -0.391568 -0.010848 -0.028986
v -0.393208 -0.008199 -0.028986
v -0.394356 -0.005355 -0.028986
v -0.395633 0.000411 -0.028770
v -0.392194 -0.011314 -0.028332
v -0.387526 -0.015749 -0.028332
v -0.381975 -0.018278 -0.028332
v -0.376297 -0.018930 -0.028332
v -0.376308 -0.018625 -0.028770
v -0.379088 -0.018043 -0.028986
v -0.381894 -0.017984 -0.028770
v -0.387357 -0.015496 -0.028770
v -0.395159 0.000401 -0.028986
v -0.394998 -0.002448 -0.028986
v -0.394809 -0.005495 -0.028770
v -0.391949 -0.011131 -0.028770
v -0.381943 -0.018162 -0.028569
v -0.387459 -0.015649 -0.028569
v -0.392097 -0.011242 -0.028569
v -0.394986 -0.005549 -0.028569
v -0.395818 0.000415 -0.028569
v -0.354942 0.027582 -0.028930
v -0.355120 0.028114 -0.028368
v -0.355049 0.027903 -0.028707
v -0.353132 0.028777 -0.028368
v -0.353062 0.028566 -0.028707
v -0.352955 0.028245 -0.028930
v -0.349976 0.029255 -0.028416
v -0.347200 0.029881 -0.027027
v -0.350319 0.029720 -0.027879
v -0.347557 0.030413 -0.026782
v -0.350149 0.029548 -0.028201
v -0.347425 0.030276 -0.026897
v -0.347337 0.030152 -0.026961
v -0.347720 0.030521 -0.026616
v -0.346679 0.030887 -0.025485
v -0.346397 0.030763 -0.025714
v -0.346152 0.030513 -0.025874
v -0.336263 0.033409 -0.015239
v -0.336504 0.033654 -0.015079
v -0.336782 0.033776 -0.014852
v -0.336083 0.033435 -0.015102
v -0.335671 0.033509 -0.014946
v -0.335615 0.034133 -0.014249
v -0.336235 0.033923 -0.014490
v -0.335604 0.034095 -0.014370
v -0.335575 0.033991 -0.014571
v -0.336055 0.033756 -0.014795
v -0.335884 0.033471 -0.015003
v -0.335449 0.033540 -0.014936
v -0.335452 0.033548 -0.014932
v -0.335531 0.033831 -0.014755
v -0.332639 0.034314 -0.014936
v -0.332718 0.034606 -0.014755
v -0.332761 0.034766 -0.014571
v -0.332800 0.034908 -0.014249
v -0.392948 0.007260 -0.022500
v -0.393938 0.008587 -0.022500
v -0.393922 -0.008592 -0.022500
v -0.389560 -0.003354 -0.022500
v -0.393769 -0.007627 -0.022500
v -0.393648 -0.007502 -0.022500
v -0.393512 -0.007403 -0.022500
v -0.393098 0.007264 -0.022500
v -0.393984 -0.008401 -0.022500
v -0.393994 -0.008260 -0.022500
v -0.393976 -0.008069 -0.022500
v -0.393936 -0.007924 -0.022500
v -0.393859 -0.007758 -0.022500
v -0.393292 0.007305 -0.022500
v -0.393442 0.007365 -0.022500
v -0.393600 0.007464 -0.022500
v -0.393364 -0.007329 -0.022500
v -0.393195 -0.007279 -0.022500
v -0.393039 -0.007259 -0.022500
v -0.387938 -0.007026 -0.022500
v -0.393969 0.008040 -0.022500
v -0.393993 0.008233 -0.022500
v -0.393985 0.008386 -0.022500
v -0.393728 0.007580 -0.022500
v -0.393835 0.007719 -0.022500
v -0.393920 0.007882 -0.022500
v -0.365747 -0.006510 -0.028700
v -0.366693 -0.007923 -0.028700
v -0.369095 -0.010320 -0.028700
v -0.372035 -0.012015 -0.028700
v -0.378708 -0.012887 -0.028700
v -0.373646 -0.012560 -0.028700
v -0.383510 -0.011253 -0.028700
v -0.384923 -0.010307 -0.028700
v -0.387320 -0.007905 -0.028700
v -0.389015 -0.004965 -0.028700
v -0.389560 -0.003354 -0.028700
vn -0.0000 -0.0000 -1.0000
vn 0.9721 -0.2345 -0.0000
vn 0.9464 -0.3222 -0.0229
vn 0.9077 -0.4197 -0.0000
vn 0.8003 -0.5996 -0.0000
vn 0.7511 -0.6598 -0.0221
vn 0.6251 -0.7805 0.0105
vn 0.5625 -0.8268 -0.0000
vn 0.9923 -0.1236 -0.0000
vn 0.9948 -0.1017 -0.0000
vn 0.9970 -0.0775 -0.0000
vn 0.9977 -0.0672 -0.0000
vn 0.9977 -0.0675 -0.0000
vn 0.9987 -0.0502 -0.0000
vn 0.9997 -0.0233 -0.0000
vn -0.0540 0.9983 0.0232
vn -0.0498 0.9986 -0.0160
vn -0.1430 0.9892 0.0313
vn -0.0579 0.9973 -0.0456
vn -0.0531 0.9984 0.0212
vn -0.0447 0.9988 0.0198
vn -0.0484 0.9987 0.0149
vn -0.2048 0.9775 0.0509
vn 0.0187 0.3488 -0.9370
vn -0.1258 0.5528 -0.8238
vn -0.0834 0.5629 -0.8223
vn -0.1216 0.6730 -0.7296
vn -0.0889 0.6668 -0.7400
vn -0.1063 0.7999 -0.5907
vn -0.1011 0.8006 -0.5905
vn -0.0862 0.8778 -0.4713
vn -0.0754 0.8841 -0.4613
vn -0.0880 0.9223 -0.3763
vn -0.0621 0.9491 -0.3089
vn -0.0885 0.9656 -0.2444
vn -0.0518 0.9837 -0.1721
vn -0.0867 0.9928 -0.0827
vn -0.0691 0.9923 -0.1029
vn -0.0538 0.9969 -0.0579
vn 0.0168 0.2000 -0.9797
vn 0.0035 0.3330 -0.9429
vn 0.0241 0.2871 -0.9576
vn 0.0120 0.2166 -0.9762
vn 0.0555 0.1271 -0.9903
vn -0.0034 0.1976 -0.9803
vn -0.0031 0.0985 -0.9951
vn 0.0078 0.2865 -0.9580
vn 0.0343 0.2886 -0.9568
vn 0.0138 0.3602 -0.9328
vn 0.0457 0.2975 -0.9536
vn 0.0305 0.3649 -0.9306
vn 0.0176 0.3522 -0.9358
vn -0.0746 0.4759 -0.8763
vn -0.0589 0.4520 -0.8901
vn -0.0176 0.5432 -0.8394
vn -0.0547 0.5056 -0.8611
vn 0.0166 0.4144 -0.9099
vn 0.0080 0.4317 -0.9020
vn -0.0120 0.4956 -0.8685
vn -0.0212 0.4193 -0.9076
vn -0.0450 0.4428 -0.8955
vn 0.0192 0.5314 -0.8469
vn 0.0196 0.4833 -0.8753
vn -0.0022 0.7115 -0.7026
vn -0.0188 0.8067 -0.5907
vn -0.0164 0.8298 -0.5578
vn -0.0351 0.9749 -0.2199
vn -0.0321 0.8882 -0.4583
vn -0.0269 0.9431 -0.3315
vn -0.0416 0.9190 -0.3921
vn -0.0376 0.9760 -0.2147
vn -0.0477 0.9689 -0.2428
vn -0.0753 0.9684 -0.2378
vn -0.0743 0.9675 -0.2418
vn -0.0683 0.9354 -0.3468
vn -0.0697 0.9299 -0.3611
vn -0.0693 0.8943 -0.4422
vn -0.0643 0.4239 -0.9034
vn -0.0568 0.5797 -0.8128
vn -0.0670 0.5468 -0.8346
vn -0.0458 0.7175 -0.6950
vn -0.0616 0.6812 -0.7295
vn -0.0639 0.8282 -0.5568
vn -0.0706 0.8080 -0.5849
vn -0.0658 0.8802 -0.4700
vn -0.0621 0.4804 -0.8749
vn -0.0129 0.4721 -0.8814
vn -0.0116 0.4595 -0.8881
vn 0.0321 0.4456 -0.8947
vn 0.0294 0.3969 -0.9174
vn 0.0114 0.6070 -0.7946
vn -0.0173 0.6143 -0.7889
vn -0.0315 0.6781 -0.7343
vn -0.0276 0.9741 -0.2245
vn -0.0269 0.9730 -0.2292
vn -0.0256 0.9402 -0.3396
vn -0.0270 0.9431 -0.3315
vn -0.0258 0.8856 -0.4637
vn -0.0266 0.8878 -0.4595
vn -0.0256 0.8102 -0.5856
vn -0.0248 0.8075 -0.5893
vn -0.0237 0.7123 -0.7015
vn -0.0026 0.7080 -0.7062
vn 0.0105 0.5994 -0.8004
vn -0.0468 0.9760 -0.2125
vn -0.0423 0.9707 -0.2366
vn -0.0423 0.9360 -0.3494
vn -0.0444 0.9405 -0.3368
vn -0.0449 0.8802 -0.4724
vn -0.0470 0.8866 -0.4602
vn -0.0478 0.8076 -0.5878
vn -0.0490 0.8122 -0.5814
vn -0.0496 0.6806 -0.7309
vn -0.0495 0.6805 -0.7311
vn -0.0497 0.5441 -0.8375
vn -0.0164 0.5384 -0.8425
vn -0.0136 0.5247 -0.8512
vn 0.0246 0.5123 -0.8584
vn 0.0282 0.4211 -0.9066
vn -0.1459 0.9860 -0.0807
vn -0.1403 0.9857 -0.0928
vn -0.1825 0.9809 -0.0677
vn -0.1908 0.9782 -0.0822
vn -0.2239 0.9735 -0.0466
vn -0.2018 0.9768 0.0723
vn -0.1905 0.9772 0.0936
vn -0.1625 0.9844 0.0677
vn -0.1341 0.9862 0.0972
vn -0.1253 0.9882 0.0880
vn -0.0408 0.0598 0.9974
vn -0.0397 0.2076 0.9774
vn -0.0209 0.2119 0.9771
vn -0.0091 0.2804 0.9598
vn -0.0021 0.2567 0.9665
vn -0.0154 0.2571 0.9663
vn -0.0290 0.2339 0.9718
vn 0.0390 0.2952 0.9546
vn 0.0363 0.2139 0.9762
vn 0.0330 0.2119 0.9767
vn 0.0392 0.2356 0.9710
vn 0.0320 0.1501 0.9881
vn 0.0018 0.1850 0.9827
vn 0.0280 0.1871 0.9819
vn 0.0344 0.2807 0.9592
vn 0.0279 0.2794 0.9598
vn 0.0250 0.2698 0.9626
vn 0.0104 0.2621 0.9650
vn 0.0122 0.2671 0.9636
vn -0.0016 0.2565 0.9665
vn 0.0128 0.1592 0.9872
vn -0.0119 0.1480 0.9889
vn -0.0181 0.1266 0.9918
vn -0.0282 0.1194 0.9924
vn -0.0215 0.1263 0.9918
vn 0.0042 0.3045 0.9525
vn 0.0062 0.3051 0.9523
vn 0.0556 0.2721 0.9607
vn 0.0502 0.2718 0.9610
vn 0.1620 0.2968 0.9411
vn 0.0446 0.2980 0.9535
vn 0.0020 0.3020 0.9533
vn 0.0074 0.3137 0.9495
vn 0.0218 0.3878 0.9215
vn -0.0340 0.3973 0.9171
vn 0.0124 0.2790 0.9602
vn -0.0513 0.3906 0.9191
vn 0.0053 0.3617 0.9323
vn -0.0028 0.3119 0.9501
vn -0.0487 0.4439 0.8947
vn -0.0446 0.4401 0.8969
vn -0.0166 0.4424 0.8967
vn -0.0265 0.4500 0.8926
vn -0.0436 0.4329 0.9004
vn 0.0130 0.3864 0.9222
vn -0.1211 0.9915 -0.0477
vn -0.0977 0.9952 0.0028
vn -0.1924 0.9808 -0.0319
vn -0.1858 0.9823 0.0250
vn -0.2374 0.9687 0.0720
vn -0.2525 0.9665 0.0462
vn -0.2585 0.9633 0.0726
vn -0.1014 0.9946 0.0239
vn -0.0777 0.9956 0.0519
vn -0.1950 0.9787 0.0643
vn -0.1986 0.9799 -0.0174
vn -0.2658 0.9629 -0.0472
vn -0.2655 0.9630 -0.0461
vn -0.1926 0.9184 0.3455
vn -0.1224 0.7916 0.5987
vn -0.0768 0.5173 0.8524
vn -0.0909 0.8837 0.4591
vn -0.0809 0.9550 0.2853
vn -0.0675 0.9703 0.2324
vn -0.0821 0.9141 0.3970
vn -0.0964 0.8845 0.4565
vn -0.0931 0.8094 0.5799
vn -0.0825 0.5162 0.8525
vn -0.0319 0.5468 0.8367
vn -0.0521 0.5089 0.8592
vn -0.0670 0.5173 0.8532
vn -0.0549 0.5301 0.8462
vn -0.0383 0.5276 0.8486
vn -0.0438 0.5166 0.8551
vn -0.0167 0.5262 0.8502
vn -0.0132 0.4618 0.8869
vn -0.2290 0.9538 0.1946
vn -0.2090 0.9529 0.2196
vn -0.2085 0.9532 0.2190
vn -0.1851 0.9551 0.2314
vn -0.1643 0.9616 0.2198
vn -0.1301 0.9634 0.2344
vn -0.1021 0.9709 0.2167
vn -0.0902 0.9712 0.2207
vn -0.0645 0.9874 0.1442
vn -0.0643 0.9874 0.1443
vn -0.0578 0.9909 0.1212
vn -0.0957 0.6725 0.7338
vn -0.1029 0.7826 0.6140
vn -0.0917 0.7795 0.6196
vn -0.1129 0.8423 0.5271
vn -0.1143 0.8423 0.5267
vn -0.1094 0.8397 0.5319
vn -0.1348 0.8394 0.5265
vn -0.1300 0.8374 0.5309
vn -0.1219 0.8379 0.5320
vn -0.1616 0.8775 0.4515
vn -0.0634 0.6682 0.7413
vn -0.0515 0.6557 0.7533
vn -0.0714 0.6563 0.7511
vn -0.0732 0.6574 0.7499
vn -0.0790 0.6540 0.7524
vn -0.0758 0.6533 0.7533
vn -0.0910 0.6352 0.7670
vn -0.0680 0.6244 0.7782
vn -0.1240 0.6049 0.7866
vn -0.0532 0.4305 -0.9010
vn -0.0034 0.3412 -0.9400
vn 0.0294 0.2930 -0.9557
vn 0.0042 0.3855 -0.9227
vn -0.0139 0.4119 -0.9111
vn -0.0000 0.3564 -0.9343
vn -0.0291 0.3936 -0.9188
vn -0.0502 0.4410 -0.8961
vn -0.0483 0.4322 -0.9005
vn -0.0484 0.4178 -0.9072
vn 0.0166 0.3876 -0.9217
vn 0.0163 0.3837 -0.9233
vn 0.0299 0.3649 -0.9306
vn -0.1144 0.7104 -0.6944
vn -0.1642 0.7597 -0.6292
vn -0.0863 0.9220 -0.3774
vn -0.0733 0.4673 -0.8811
vn -0.0535 0.4358 -0.8985
vn -0.1000 0.7968 -0.5960
vn -0.1218 0.6732 -0.7294
vn -0.0973 0.7010 -0.7065
vn -0.1106 0.5378 -0.8358
vn -0.2309 0.9700 -0.0755
vn -0.1000 0.9758 -0.1943
vn -0.1481 0.9850 -0.0889
vn -0.0626 0.9884 -0.1382
vn -0.2582 0.9512 -0.1690
vn -0.2080 0.9642 -0.1645
vn -0.2174 0.9661 -0.1396
vn -0.1603 0.9620 -0.2211
vn -0.1740 0.9692 -0.1742
vn -0.1131 0.9642 -0.2400
vn -0.1348 0.9766 -0.1677
vn -0.0838 0.9713 -0.2226
vn -0.0790 0.9689 -0.2347
vn 0.0006 0.5380 -0.8429
vn -0.0075 0.6052 -0.7960
vn 0.0267 0.4217 -0.9064
vn 0.0152 0.4055 -0.9140
vn 0.0259 0.4809 -0.8764
vn 0.0169 0.4563 -0.8897
vn -0.0041 0.4664 -0.8845
vn -0.0169 0.4673 -0.8839
vn -0.0226 0.4729 -0.8808
vn -0.0702 0.4483 -0.8911
vn -0.0644 0.4583 -0.8865
vn -0.0672 0.4615 -0.8846
vn -0.0553 0.4579 -0.8873
vn -0.0651 0.4692 -0.8807
vn -0.0420 0.4590 -0.8874
vn -0.0589 0.4804 -0.8750
vn -0.0373 0.4674 -0.8833
vn -0.1531 0.7564 -0.6360
vn -0.1734 0.7118 -0.6807
vn -0.1487 0.7281 -0.6692
vn -0.1165 0.7152 -0.6891
vn -0.1155 0.8516 -0.5113
vn -0.1102 0.8500 -0.5151
vn -0.0962 0.8807 -0.4637
vn -0.0711 0.9647 -0.2536
vn -0.0872 0.9516 -0.2947
vn -0.0958 0.9523 -0.2897
vn -0.1070 0.8343 -0.5409
vn -0.1602 0.8461 -0.5084
vn -0.1630 0.8443 -0.5104
vn -0.2139 0.8515 -0.4788
vn -0.2050 0.8579 -0.4712
vn -0.2151 0.8588 -0.4650
vn -0.1992 0.8054 -0.5582
vn -0.1404 0.7923 -0.5937
vn -0.1355 0.8063 -0.5758
vn -0.1002 0.7982 -0.5940
vn -0.0962 0.8090 -0.5799
vn -0.0609 0.8011 -0.5954
vn -0.0692 0.9206 -0.3844
vn -0.0622 0.9446 -0.3224
vn -0.1037 0.9456 -0.3083
vn -0.1061 0.9423 -0.3174
vn -0.1475 0.9423 -0.3004
vn -0.1506 0.9377 -0.3130
vn -0.1917 0.9365 -0.2936
vn -0.1940 0.9331 -0.3029
vn -0.2607 0.9276 -0.2674
vn -0.2718 0.9543 -0.1243
vn -0.1893 0.9657 -0.1776
vn -0.0563 0.9926 -0.1076
vn -0.0589 0.9919 -0.1129
vn -0.0696 0.9916 -0.1086
vn -0.0831 0.9359 -0.3424
vn -0.1481 0.9402 -0.3068
vn -0.1673 0.9308 -0.3249
vn -0.2226 0.9296 -0.2939
vn -0.2297 0.9254 -0.3013
vn -0.2535 0.9235 -0.2879
vn -0.2396 0.8825 -0.4048
vn -0.1717 0.8790 -0.4448
vn -0.1683 0.8865 -0.4310
vn -0.1286 0.8831 -0.4511
vn -0.1248 0.8913 -0.4359
vn -0.0884 0.8877 -0.4518
vn -0.1021 0.8583 -0.5029
vn -0.0236 0.8465 -0.5318
vn -0.0345 0.8327 -0.5526
vn -0.1358 0.5209 -0.8428
vn -0.0847 0.5380 -0.8387
vn -0.1053 0.5540 -0.8258
vn -0.0837 0.5622 -0.8227
vn -0.1225 0.5854 -0.8015
vn -0.0914 0.6006 -0.7943
vn -0.1271 0.6183 -0.7756
vn -0.0941 0.6383 -0.7641
vn -0.0917 0.6372 -0.7652
vn -0.0754 0.6484 -0.7575
vn -0.0591 0.6416 -0.7647
vn -0.0480 0.6500 -0.7584
vn -0.0329 0.6442 -0.7641
vn 0.0005 0.6709 -0.7416
vn -0.0255 0.7175 -0.6961
vn 0.0217 0.2673 -0.9634
vn 0.0162 0.0637 -0.9978
vn 0.0187 0.0681 -0.9975
vn -0.0941 0.3303 -0.9392
vn 0.0183 0.1745 -0.9845
vn -0.0105 0.1502 -0.9886
vn -0.1587 0.4677 -0.8695
vn -0.0605 0.3542 -0.9332
vn 0.0506 0.2054 -0.9774
vn 0.0190 0.2529 -0.9673
vn 0.0154 0.2104 -0.9775
vn 0.0132 0.2111 -0.9774
vn 0.0074 0.1448 -0.9894
vn -0.0137 0.1328 -0.9910
vn -0.0108 0.1111 -0.9937
vn -0.0515 0.0764 -0.9958
vn -0.0203 0.0976 -0.9950
vn -0.0085 0.0745 -0.9972
vn 0.0077 0.1443 -0.9895
vn 0.0063 0.1434 -0.9896
vn 0.0191 0.2039 -0.9788
vn 0.0038 0.1965 -0.9805
vn 0.0186 0.2731 -0.9618
vn -0.0089 0.2820 -0.9594
vn -0.0142 0.3369 -0.9414
vn -0.0453 0.3962 -0.9171
vn -0.0420 0.3981 -0.9164
vn -0.0219 0.3265 -0.9449
vn -0.0325 0.2616 -0.9646
vn 0.0161 0.2475 -0.9687
vn -0.0043 0.1465 -0.9892
vn 0.0254 0.1651 -0.9860
vn 0.0035 0.1053 -0.9944
vn 0.0200 0.1231 -0.9922
vn 0.0100 0.0836 -0.9964
vn 0.0086 0.0818 -0.9966
vn 0.0044 0.0595 -0.9982
vn -0.0257 0.0523 -0.9983
vn -0.0294 0.0436 -0.9986
vn -0.0484 0.0523 -0.9975
vn 0.0094 0.3317 -0.9433
vn -0.0787 0.2204 -0.9722
vn -0.0704 0.2266 -0.9715
vn -0.0631 0.1644 -0.9844
vn -0.0615 0.1414 -0.9880
vn -0.0662 0.1393 -0.9880
vn -0.0610 0.1232 -0.9905
vn -0.0517 0.1200 -0.9914
vn -0.0647 0.1149 -0.9913
vn -0.0517 0.1017 -0.9935
vn -0.0477 0.0754 -0.9960
vn -0.0570 0.0917 -0.9942
vn -0.0372 0.1070 -0.9936
vn -0.0213 0.1463 -0.9890
vn -0.0203 0.3262 -0.9451
vn -0.0454 0.2301 -0.9721
vn -0.0146 0.1990 -0.9799
vn -0.0141 0.3434 -0.9391
vn -0.0371 0.3304 -0.9431
vn -0.0443 0.3482 -0.9364
vn -0.0578 0.3468 -0.9361
vn -0.0827 0.2732 -0.9584
vn -0.0771 0.3273 -0.9418
vn -0.0719 0.3468 -0.9352
vn -0.0722 0.3478 -0.9348
vn -0.0761 0.2560 -0.9637
vn -0.0689 0.2738 -0.9593
vn -0.0582 0.3490 -0.9353
vn -0.0667 0.2454 -0.9671
vn -0.0610 0.2560 -0.9647
vn -0.0695 0.1990 -0.9775
vn -0.0754 0.2077 -0.9753
vn -0.0794 0.2053 -0.9755
vn -0.0778 0.2855 -0.9552
vn -0.0477 0.0895 -0.9948
vn -0.0588 0.1018 -0.9931
vn -0.0280 0.1903 -0.9813
vn -0.0418 0.1925 -0.9804
vn -0.0522 0.2121 -0.9758
vn -0.0466 0.2185 -0.9747
vn -0.0572 0.2193 -0.9740
vn -0.0704 0.1526 -0.9858
vn -0.0615 0.1631 -0.9847
vn -0.0022 -0.9455 0.3258
vn 0.0013 -0.9430 0.3328
vn 0.0005 -0.9305 0.3664
vn 0.0049 -0.9359 0.3522
vn 0.0061 -0.9516 0.3072
vn -0.0147 -0.9429 0.3327
vn -0.0051 -0.9455 0.3255
vn 0.0178 -0.8985 0.4387
vn 0.0073 -0.9205 0.3907
vn 0.0065 -0.9203 0.3911
vn 0.0380 -0.8951 0.4443
vn 0.0052 -0.8927 0.4506
vn 0.0456 -0.8571 0.5131
vn 0.0446 -0.9860 0.1608
vn 0.0502 -0.9821 0.1818
vn 0.0093 -0.9589 0.2838
vn 0.0128 -0.9609 0.2764
vn 0.0075 -0.9626 0.2709
vn 0.0262 -0.9620 0.2719
vn 0.0133 -0.9736 0.2277
vn 0.0329 -0.9718 0.2334
vn 0.0237 -0.9739 0.2258
vn 0.0094 -0.9707 0.2399
vn 0.0452 -0.9680 0.2469
vn 0.0365 -0.9664 0.2543
vn 0.0605 -0.9521 0.2997
vn 0.0005 -0.9252 0.3795
vn 0.0521 -0.9351 0.3505
vn 0.0136 -0.9395 0.3423
vn 0.0422 -0.9453 0.3234
vn 0.0094 -0.9481 0.3178
vn -0.0054 -0.9349 0.3550
vn -0.0181 -0.9296 0.3680
vn 0.0132 -0.9940 0.1086
vn 0.0516 -0.9986 -0.0149
vn 0.0225 -0.9936 0.1104
vn 0.0337 -0.9943 0.1007
vn 0.0455 -0.9898 -0.1348
vn 0.0483 -0.9850 -0.1655
vn 0.0215 -0.9918 -0.1257
vn 0.0476 -0.9952 -0.0855
vn 0.0285 -0.9996 -0.0005
vn 0.0357 -0.9698 -0.2413
vn 0.0439 -0.9586 -0.2813
vn 0.0270 -0.9588 -0.2829
vn 0.0169 -0.9662 -0.2571
vn 0.0304 -0.9436 -0.3298
vn 0.0192 -0.9919 -0.1260
vn 0.0340 -0.9828 -0.1813
vn 0.0209 -0.9996 -0.0173
vn 0.0254 -0.9991 -0.0328
vn 0.0212 -0.9942 0.1051
vn 0.0271 -0.9965 0.0792
vn 0.0124 0.0412 -0.9991
vn 0.0109 0.0400 -0.9991
vn 0.0103 0.0397 -0.9992
vn 0.0182 0.0575 -0.9982
vn 0.0178 0.0551 -0.9983
vn 0.0149 0.0453 -0.9989
vn 0.0091 0.0392 -0.9992
vn 0.0035 0.0395 -0.9992
vn 0.0038 0.0404 -0.9992
vn -0.0036 0.0307 -0.9995
vn -0.0102 0.0313 -0.9995
vn -0.0180 0.0358 -0.9992
vn -0.0259 0.0446 -0.9987
vn -0.0303 0.0530 -0.9981
vn -0.0304 0.0531 -0.9981
vn -0.0294 0.0440 -0.9986
vn -0.0354 0.0937 0.9950
vn -0.0324 0.0723 0.9969
vn -0.0315 0.0748 0.9967
vn -0.0302 0.0589 0.9978
vn -0.0227 0.0652 0.9976
vn -0.0045 0.0780 0.9969
vn -0.0062 0.0659 0.9978
vn 0.0167 0.0769 0.9969
vn 0.0232 0.0598 0.9979
vn 0.0313 0.0629 0.9975
vn 0.0487 0.0597 0.9970
vn 0.0466 0.0456 0.9979
vn -0.0305 0.0902 0.9955
vn -0.0197 0.1001 0.9948
vn -0.0241 0.0869 0.9959
vn -0.0020 0.1019 0.9948
vn -0.0051 0.0848 0.9964
vn 0.0237 0.0889 0.9958
vn 0.0214 0.0777 0.9967
vn 0.0448 0.0694 0.9966
vn 0.0468 0.0724 0.9963
vn 0.0606 0.0491 0.9970
vn 0.0281 0.1163 0.9928
vn -0.0010 0.0706 0.9975
vn -0.0348 0.0460 0.9983
vn -0.0346 0.0426 0.9985
vn -0.0374 0.0487 0.9981
vn 0.0455 0.1862 0.9815
vn 0.0396 0.1917 0.9807
vn -0.0371 0.2696 0.9623
vn 0.0296 0.2184 0.9754
vn 0.0259 0.0842 0.9961
vn 0.0348 0.1371 0.9899
vn 0.0441 0.1245 0.9912
vn 0.0377 0.1569 0.9869
vn 0.0474 0.0391 0.9981
vn 0.0436 0.0557 0.9975
vn 0.0310 0.0654 0.9974
vn 0.0317 0.0663 0.9973
vn 0.0196 0.0913 0.9956
vn 0.0431 0.0817 0.9957
vn 0.0126 0.1373 0.9905
vn 0.0251 0.1440 0.9893
vn 0.0308 0.2164 0.9758
vn 0.0334 0.2167 0.9757
vn -0.0363 0.0485 0.9982
vn -0.0294 0.0448 0.9986
vn -0.0042 0.0575 0.9983
vn -0.0058 0.0595 0.9982
vn 0.0112 0.1552 0.9878
vn 0.0143 0.0533 0.9985
vn 0.0170 0.0491 0.9986
vn 0.0038 0.1007 0.9949
vn 0.0171 0.0831 0.9964
vn 0.0147 0.0701 0.9974
vn 0.0185 0.0591 0.9981
vn -0.0908 0.9950 0.0420
vn -0.0749 0.9816 0.1756
vn -0.0900 0.9939 0.0638
vn -0.0978 0.9872 0.1256
vn -0.0997 0.9896 0.1033
vn -0.0955 0.9894 -0.1091
vn -0.0867 0.9932 -0.0780
vn -0.0753 0.9889 -0.1283
vn -0.0301 0.9897 -0.1398
vn -0.0290 0.9907 -0.1331
vn -0.0472 0.9922 -0.1152
vn -0.0523 0.9895 -0.1344
vn -0.0521 0.9897 -0.1336
vn -0.0376 0.9903 -0.1338
vn -0.0658 0.9881 0.1394
vn -0.0864 0.9823 0.1662
vn -0.0712 0.9936 0.0878
vn -0.0351 0.9861 0.1624
vn -0.0343 0.9867 0.1586
vn -0.0879 0.9958 -0.0254
vn -0.0890 0.9954 -0.0341
vn -0.0487 0.9982 -0.0342
vn -0.0515 0.9966 0.0638
vn -0.0466 0.9919 -0.1185
vn -0.0486 0.9982 -0.0348
vn -0.0318 0.9989 -0.0350
vn -0.0322 0.9988 -0.0372
vn -0.0523 0.9979 -0.0369
vn -0.0449 0.9873 0.1521
vn -0.0508 0.9856 0.1615
vn -0.0541 0.9969 0.0568
vn -0.0829 0.9949 0.0571
vn -0.0866 0.9929 -0.0820
vn -0.0407 0.9943 0.0985
vn -0.0552 0.9812 0.1850
vn -0.0514 0.9966 0.0643
vn -0.0340 0.9974 0.0642
vn -0.0336 0.9975 0.0619
vn -0.0522 0.9967 0.0621
vn -0.0538 0.9977 -0.0413
vn -0.0620 0.9972 -0.0412
vn -0.0852 0.9876 -0.1321
vn -0.0960 0.9685 -0.2298
vn -0.0929 0.9670 -0.2374
vn -0.0922 0.9304 -0.3548
vn -0.0911 0.9285 -0.3600
vn -0.0906 0.8942 -0.4385
vn -0.0899 0.8930 -0.4409
vn -0.0866 0.8266 -0.5561
vn -0.0870 0.8271 -0.5552
vn -0.0827 0.7126 -0.6967
vn -0.0854 0.7163 -0.6925
vn -0.0812 0.6071 -0.7905
vn -0.0581 0.5337 -0.8437
vn -0.0854 0.5786 -0.8111
vn -0.0803 0.4230 -0.9026
vn -0.0871 0.4079 -0.9088
vn -0.0866 0.2199 -0.9717
vn -0.0770 0.1991 -0.9770
vn -0.1034 0.2836 -0.9534
vn -0.0891 0.2617 -0.9610
vn -0.0838 0.3268 -0.9414
vn 0.0263 0.3597 0.9327
vn -0.0772 0.9704 0.2287
vn -0.1178 0.7860 0.6069
vn -0.1052 0.4358 0.8939
vn -0.1083 0.9627 0.2478
vn -0.0356 0.9486 0.3146
vn -0.0487 0.9561 0.2889
vn -0.0521 0.9528 0.2992
vn -0.0800 0.9564 0.2809
vn -0.0786 0.9579 0.2761
vn -0.1040 0.9554 0.2763
vn -0.1110 0.9324 0.3439
vn -0.0726 0.9734 0.2171
vn -0.0561 0.9681 0.2442
vn -0.0542 0.9704 0.2353
vn -0.0415 0.9692 0.2428
vn -0.0395 0.9721 0.2312
vn -0.1289 0.9724 0.1946
vn -0.1365 0.9583 0.2512
vn -0.1436 0.9768 0.1590
vn -0.1737 0.9626 0.2079
vn -0.1724 0.9656 0.1945
vn -0.0672 0.6676 0.7415
vn 0.0126 0.4135 0.9104
vn 0.0123 0.4660 0.8847
vn -0.0042 0.5511 0.8344
vn 0.0147 0.4156 0.9094
vn 0.0464 0.3901 0.9196
vn 0.0267 0.3789 0.9250
vn 0.0471 0.3476 0.9364
vn 0.0281 0.3796 0.9247
vn 0.0291 0.3793 0.9248
vn 0.0009 0.3623 0.9321
vn 0.0083 0.3443 0.9388
vn 0.0229 0.3473 0.9375
vn -0.0953 0.4538 0.8860
vn -0.0730 0.4149 0.9069
vn -0.0613 0.4316 0.9000
vn -0.0464 0.3990 0.9158
vn -0.0360 0.4007 0.9155
vn -0.0395 0.3921 0.9191
vn -0.0279 0.3785 0.9252
vn -0.0206 0.3798 0.9248
vn -0.0147 0.3587 0.9333
vn -0.0026 0.3589 0.9334
vn -0.1519 0.9261 0.3453
vn -0.1622 0.9324 0.3229
vn -0.1269 0.9394 0.3185
vn -0.1123 0.9322 0.3442
vn -0.1015 0.9339 0.3429
vn -0.0920 0.9281 0.3607
vn -0.0749 0.9304 0.3588
vn -0.0351 0.9688 0.2454
vn -0.0687 0.9215 0.3822
vn -0.0357 0.9233 0.3823
vn -0.0349 0.9213 0.3874
vn -0.0416 0.9208 0.3877
vn -0.0510 0.9309 0.3617
vn -0.0525 0.9265 0.3726
vn -0.0675 0.9249 0.3742
vn -0.0982 0.9750 0.1993
vn -0.1031 0.9712 0.2147
vn -0.1150 0.8907 0.4399
vn -0.1041 0.8484 0.5190
vn -0.0875 0.8498 0.5198
vn -0.0767 0.8244 0.5608
vn -0.0614 0.8253 0.5614
vn -0.0494 0.7941 0.6058
vn -0.0412 0.7944 0.6060
vn -0.0303 0.7656 0.6426
vn -0.0261 0.7658 0.6425
vn -0.0197 0.7512 0.6597
vn -0.0137 0.7517 0.6594
vn -0.0182 0.7594 0.6504
vn -0.0140 0.7597 0.6501
vn -0.0278 0.7711 0.6361
vn -0.0221 0.7716 0.6358
vn -0.0516 0.7923 0.6080
vn -0.0380 0.7935 0.6073
vn -0.0793 0.8187 0.5687
vn -0.0976 0.6233 0.7759
vn -0.1065 0.6447 0.7570
vn -0.0786 0.6470 0.7584
vn -0.0635 0.6014 0.7964
vn -0.0530 0.6019 0.7968
vn -0.0388 0.5557 0.8305
vn -0.0321 0.5559 0.8306
vn -0.0198 0.5154 0.8567
vn -0.0101 0.5158 0.8566
vn -0.0028 0.4946 0.8691
vn 0.0169 0.4959 0.8682
vn 0.0119 0.5073 0.8617
vn 0.0331 0.5089 0.8602
vn 0.0151 0.5283 0.8489
vn 0.0365 0.5300 0.8472
vn -0.0035 0.5672 0.8236
vn 0.0261 0.5698 0.8213
vn -0.0065 0.5975 0.8019
vn -0.1026 0.8156 0.5694
vn -0.1161 0.7926 0.5985
vn -0.1231 0.8841 0.4507
vn -0.0595 0.1442 0.9878
vn -0.1000 0.2849 0.9533
vn -0.0947 0.1708 0.9807
vn -0.0448 0.2938 0.9548
vn -0.0360 0.2872 0.9572
vn -0.0334 0.2916 0.9559
vn -0.0382 0.2157 0.9757
vn -0.0331 0.2059 0.9780
vn -0.0430 0.1427 0.9888
vn -0.0375 0.1306 0.9907
vn -0.0478 0.1204 0.9916
vn -0.1136 0.1573 0.9810
vn -0.0521 0.0857 0.9950
vn -0.0539 0.0860 0.9948
vn -0.0500 0.0735 0.9960
vn -0.0430 0.0604 0.9972
vn -0.0742 0.1568 0.9848
vn -0.0820 0.1670 0.9825
vn -0.0802 0.1669 0.9827
vn -0.0482 0.2945 0.9544
vn -0.0742 0.2591 0.9630
vn -0.0636 0.1447 0.9874
vn -0.0372 0.2155 0.9758
vn -0.0484 0.2555 0.9656
vn -0.0317 0.3227 0.9460
vn -0.0644 0.3217 0.9446
vn -0.0730 0.8418 0.5348
vn -0.0849 0.2972 0.9510
vn -0.0996 0.2844 0.9535
vn -0.0870 0.1609 0.9831
vn -0.0184 -0.7935 0.6083
vn -0.0214 -0.8066 0.5908
vn -0.5534 -0.8283 0.0875
vn -0.0133 -0.9959 0.0890
vn 0.3411 -0.9396 -0.0297
vn -0.6461 -0.7595 -0.0762
vn 0.5648 -0.8117 -0.1487
vn 0.0288 -0.9920 0.1229
vn -0.0154 -0.9997 0.0171
vn -0.0032 -0.9963 -0.0864
vn 0.0310 -0.9981 -0.0528
vn -0.0621 -0.9705 -0.2332
vn -0.0048 -0.9862 -0.1656
vn -0.0138 -0.9637 -0.2668
vn -0.0017 -0.9729 -0.2314
vn -0.0003 -0.9740 -0.2266
vn -0.0003 -0.9963 -0.0864
vn 0.0009 -0.9964 -0.0851
vn 0.0009 -0.9961 0.0888
vn -0.0005 -0.9962 0.0876
vn -0.0005 -0.9589 0.2837
vn -0.0181 -0.8455 0.5337
vn -0.0144 -0.8396 0.5430
vn -0.0052 -0.9390 0.3438
vn -0.0317 -0.9077 0.4185
vn 0.0100 -0.9746 0.2239
vn -0.0127 -0.9518 0.3064
vn 0.0035 -0.9440 -0.3299
vn -0.0017 -0.9461 -0.3239
vn -0.0108 -0.9431 -0.3323
vn -0.0135 -0.9444 -0.3285
vn -0.0306 -0.9414 -0.3360
vn -0.1074 0.1580 0.9816
vn -0.1155 0.1581 0.9806
vn -0.1478 0.1614 0.9758
vn -0.1256 0.1983 0.9721
vn -0.1217 0.1666 0.9785
vn -0.1182 0.2821 0.9521
vn -0.1338 0.3035 0.9434
vn -0.1348 0.3076 0.9419
vn -0.1548 0.3127 0.9372
vn -0.1200 -0.1301 -0.9842
vn -0.1263 -0.0502 0.9907
vn -0.1356 -0.0571 0.9891
vn -0.1110 -0.0741 0.9910
vn -0.1847 -0.1496 0.9713
vn -0.1397 -0.1357 0.9808
vn -0.1555 -0.1063 0.9821
vn -0.1333 -0.0807 0.9878
vn -0.3412 -0.5356 0.7725
vn -0.2252 -0.3718 0.9006
vn -0.2369 -0.3275 0.9147
vn -0.1668 -0.2459 0.9548
vn -0.1604 -0.2033 0.9659
vn -0.4973 -0.8595 0.1177
vn -0.4952 -0.8604 0.1203
vn -0.4870 -0.8349 0.2564
vn -0.4898 -0.8355 0.2489
vn -0.4685 -0.7995 0.3758
vn -0.4731 -0.8003 0.3683
vn -0.4269 -0.7034 0.5683
vn -0.4420 -0.7073 0.5518
vn -0.3336 -0.5616 0.7572
vn -0.0925 -0.2262 0.9697
vn -0.0674 -0.1205 0.9904
vn -0.1249 -0.0707 0.9896
vn -0.1043 -0.0575 0.9929
vn -0.1019 -0.0898 0.9907
vn -0.1107 -0.1985 0.9738
vn -0.1035 -0.1555 0.9824
vn -0.0989 -0.1647 0.9814
vn -0.0950 -0.1251 0.9876
vn -0.1166 -0.1000 0.9881
vn -0.1330 -0.3251 0.9363
vn -0.1773 -0.2435 0.9536
vn -0.1805 -0.2398 0.9539
vn -0.1215 -0.2852 0.9507
vn -0.1384 -0.2123 0.9674
vn -0.1469 -0.2012 0.9685
vn -0.1285 -0.2052 0.9703
vn -0.1612 -0.3746 0.9131
vn -0.1637 -0.3500 0.9223
vn -0.1624 -0.3516 0.9220
vn -0.1514 -0.3062 0.9398
vn -0.1457 -0.3111 0.9391
vn -0.1754 -0.2701 0.9467
vn -0.1323 -0.2766 0.9518
vn -0.1402 -0.2639 0.9543
vn -0.1332 -0.2612 0.9560
vn -0.0347 -0.7939 0.6070
vn -0.0456 -0.7754 0.6298
vn -0.1087 -0.8116 0.5741
vn -0.2197 -0.6171 0.7556
vn -0.1493 -0.6609 0.7355
vn -0.1546 -0.6609 0.7344
vn -0.1266 -0.7239 0.6781
vn -0.0693 -0.7299 0.6800
vn -0.3600 -0.5102 0.7811
vn -0.1894 -0.5080 0.8403
vn -0.2604 -0.5240 0.8110
vn -0.1892 -0.5841 0.7893
vn -0.1538 -0.5783 0.8012
vn -0.1752 -0.4181 0.8914
vn -0.1857 -0.4165 0.8900
vn -0.1756 -0.4156 0.8924
vn -0.1914 -0.3013 -0.9341
vn -0.1752 -0.2444 -0.9537
vn -0.1966 -0.2201 -0.9555
vn -0.1473 -0.1767 -0.9732
vn -0.1470 -0.1538 -0.9771
vn -0.1168 -0.1338 -0.9841
vn -0.1054 -0.1120 -0.9881
vn -0.0998 -0.1137 -0.9885
vn -0.0902 -0.1024 -0.9907
vn -0.1196 -0.0936 -0.9884
vn -0.0963 -0.0968 -0.9906
vn -0.0903 -0.0990 -0.9910
vn -0.1219 -0.0828 -0.9891
vn 0.0203 -0.0788 -0.9967
vn 0.0028 -0.0806 -0.9967
vn -0.0086 -0.0968 -0.9953
vn -0.2150 -0.1253 -0.9685
vn -0.0990 -0.0990 -0.9901
vn 0.0507 -0.0989 -0.9938
vn -0.1079 -0.1377 -0.9846
vn -0.1083 -0.1235 -0.9864
vn -0.2465 -0.3392 -0.9079
vn -0.1068 -0.2048 -0.9730
vn -0.0182 -0.1526 -0.9881
vn -0.4068 -0.2830 -0.8686
vn 0.0509 -0.0988 -0.9938
vn -0.2098 -0.2779 -0.9374
vn -0.1711 -0.2863 -0.9428
vn -0.1752 -0.2089 -0.9621
vn -0.1287 -0.2115 -0.9689
vn -0.1309 -0.1485 -0.9802
vn -0.1062 -0.1517 -0.9827
vn -0.1072 -0.1150 -0.9876
vn -0.1079 -0.1149 -0.9875
vn -0.1084 -0.0927 -0.9898
vn -0.1212 -0.0907 -0.9885
vn -0.2369 -0.3324 -0.9129
vn -0.1882 -0.3426 -0.9205
vn -0.1482 -0.2899 -0.9455
vn -0.1386 -0.2917 -0.9464
vn -0.1411 -0.2234 -0.9645
vn -0.1700 -0.1963 -0.9657
vn -0.0840 -0.2175 -0.9724
vn -0.1228 -0.1560 -0.9801
vn -0.2054 -0.3376 -0.9186
vn -0.2088 -0.3286 -0.9211
vn -0.2196 -0.4154 -0.8827
vn -0.0563 -0.9789 -0.1963
vn -0.1860 -0.9732 0.1353
vn -0.2925 -0.9478 0.1267
vn -0.2382 -0.9681 0.0771
vn -0.1182 -0.9841 0.1330
vn -0.1263 -0.9793 -0.1579
vn -0.2267 -0.9570 -0.1811
vn -0.3356 -0.9341 0.1220
vn -0.3388 -0.9335 0.1176
vn -0.3419 -0.9393 0.0269
vn -0.3426 -0.9391 0.0261
vn -0.3418 -0.9376 -0.0642
vn -0.3404 -0.9382 -0.0625
vn -0.1947 -0.9715 0.1353
vn -0.2479 -0.9626 0.1094
vn -0.2498 -0.9679 0.0277
vn -0.2501 -0.9679 0.0269
vn -0.2495 -0.9661 -0.0663
vn -0.2490 -0.9664 -0.0644
vn -0.2464 -0.9593 -0.1377
vn -0.3284 -0.9124 -0.2443
vn -0.3048 -0.9370 -0.1705
vn -0.1850 -0.9630 -0.1959
vn -0.1184 -0.9768 -0.1785
vn -0.1203 -0.9905 -0.0660
vn -0.1206 -0.9905 -0.0667
vn -0.1208 -0.9923 0.0276
vn -0.1207 -0.9923 0.0279
vn -0.1195 -0.9833 0.1372
vn -0.0335 -0.9920 0.1219
vn -0.0251 -0.9904 0.1360
vn -0.0384 -0.9991 0.0170
vn -0.0332 -0.9991 0.0277
vn -0.0332 -0.9981 -0.0523
vn -0.0381 -0.9971 -0.0662
vn -0.0254 -0.9859 -0.1652
vn -0.0384 -0.9799 -0.1959
vn -0.0329 -0.9634 -0.2660
vn -0.1307 -0.1316 0.9827
vn -0.1455 -0.2431 0.9590
vn -0.1618 -0.1853 0.9693
vn -0.1550 -0.1952 0.9684
vn -0.1385 -0.1957 0.9708
vn -0.1346 -0.1972 0.9711
vn -0.1341 -0.1967 0.9713
vn -0.1277 -0.1722 0.9767
vn -0.0350 -0.8106 0.5846
vn -0.0329 -0.9744 0.2225
vn -0.1789 -0.9309 0.3185
vn -0.1136 -0.9430 0.3129
vn -0.1091 -0.9402 0.3227
vn -0.0431 -0.9409 0.3360
vn -0.0403 -0.9388 0.3421
vn -0.1875 -0.9289 0.3194
vn -0.2204 -0.9158 0.3358
vn -0.2296 -0.9184 0.3221
vn -0.3116 -0.8901 0.3326
vn -0.3228 -0.8776 0.3545
vn -0.2835 -0.9028 0.3233
vn -0.4348 -0.8181 0.3765
vn -0.4552 -0.8534 0.2542
vn -0.3794 -0.8982 0.2219
vn -0.3767 -0.9019 0.2112
vn -0.4199 -0.8894 0.1807
vn -0.4185 -0.8911 0.1754
vn -0.4425 -0.8800 0.1726
vn -0.4600 -0.8700 0.1773
vn -0.4712 -0.8735 0.1221
vn -0.1987 -0.3948 0.8970
vn -0.2059 -0.3895 0.8977
vn -0.2035 -0.3881 0.8989
vn -0.1948 -0.3519 0.9155
vn -0.1923 -0.3745 0.9071
vn -0.1480 -0.2466 0.9577
vn -0.1934 -0.4022 0.8949
vn -0.1983 -0.4493 0.8711
vn -0.2058 -0.4520 0.8679
vn -0.1935 -0.4917 0.8490
vn -0.2269 -0.5206 0.8231
vn -0.1887 -0.7364 0.6497
vn -0.2092 -0.6537 0.7272
vn -0.2307 -0.6345 0.7377
vn -0.2318 -0.6341 0.7377
vn -0.2240 -0.5445 0.8083
vn -0.2285 -0.5174 0.8246
vn -0.0709 -0.7824 0.6187
vn -0.1431 -0.8619 0.4864
vn -0.0886 -0.7511 0.6542
vn -0.1627 -0.7310 0.6627
vn -0.1919 -0.7391 0.6457
vn -0.3925 -0.7252 0.5657
vn -0.4233 -0.8063 0.4131
vn -0.3922 -0.8178 0.4212
vn -0.3898 -0.8289 0.4012
vn -0.3547 -0.8431 0.4042
vn -0.3546 -0.8435 0.4033
vn -0.1460 -0.9040 0.4018
vn -0.3562 -0.9074 0.2229
vn -0.3071 -0.5670 0.7644
vn -0.3295 -0.6303 0.7029
vn -0.3080 -0.6366 0.7071
vn -0.3122 -0.6753 0.6682
vn -0.2903 -0.6842 0.6690
vn -0.2924 -0.7108 0.6398
vn -0.2654 -0.7217 0.6393
vn -0.2655 -0.7628 0.5896
vn -0.2011 -0.7860 0.5846
vn -0.1972 -0.8187 0.5393
vn -0.0969 -0.8467 0.5232
vn -0.0994 -0.8378 0.5368
vn -0.0118 -0.8560 0.5169
vn -0.0276 -0.8399 0.5421
vn -0.1230 -0.0829 -0.9889
vn -0.1239 -0.0795 -0.9891
vn -0.1111 -0.1101 -0.9877
vn -0.1094 -0.1354 -0.9847
vn -0.1166 -0.1010 -0.9880
vn -0.1102 -0.1104 -0.9878
vn -0.1114 -0.1114 -0.9875
vn -0.1108 -0.1302 -0.9853
vn -0.1038 -0.1225 -0.9870
vn -0.1034 -0.1365 -0.9852
vn -0.1060 -0.1426 -0.9841
vn -0.1027 -0.1806 -0.9782
vn -0.1539 -0.0949 0.9835
vn -0.1777 -0.1349 0.9748
vn -0.1152 -0.1232 0.9857
vn -0.1350 -0.0739 0.9881
vn -0.1232 -0.0583 0.9907
vn -0.1228 -0.0911 -0.9882
vn -0.1235 -0.0923 -0.9880
vn -0.1166 -0.0894 -0.9891
vn -0.1091 -0.1142 -0.9874
vn -0.1842 -0.3954 0.8999
vn -0.1837 -0.2600 0.9480
vn -0.1580 0.3123 0.9367
vn -0.1598 0.3150 0.9355
vn -0.1284 0.2611 0.9567
vn -0.2050 0.1895 0.9603
vn -0.1785 -0.1615 -0.9706
vn -0.1514 -0.0050 -0.9885
vn -0.1599 -0.0425 -0.9862
vn 0.0870 -0.4590 -0.8841
vn 0.1051 -0.8221 -0.5596
vn 0.0946 -0.9159 -0.3902
vn 0.0452 -0.9254 -0.3764
vn 0.0238 -0.9100 -0.4140
vn 0.0289 -0.8848 -0.4651
vn 0.0217 -0.8926 -0.4503
vn 0.1139 -0.8722 -0.4758
vn 0.1086 -0.9006 -0.4209
vn 0.1018 -0.9111 -0.3994
vn 0.1035 -0.5604 -0.8218
vn 0.1075 -0.6058 -0.7884
vn 0.1044 -0.6377 -0.7632
vn 0.0527 -0.3465 -0.9366
vn 0.0528 -0.3482 -0.9359
vn 0.0529 -0.3506 -0.9350
vn 0.0484 -0.3998 -0.9153
vn 0.0759 -0.3924 -0.9167
vn 0.0487 -0.3540 -0.9340
vn 0.0595 -0.3579 -0.9319
vn -0.0727 -0.2986 -0.9516
vn -0.0049 -0.2706 -0.9627
vn -0.1511 -0.1120 -0.9821
vn -0.1551 -0.1705 -0.9731
vn -0.1459 -0.1611 -0.9761
vn -0.1637 -0.1096 -0.9804
vn -0.1766 -0.0889 -0.9803
vn -0.1530 -0.0059 -0.9882
vn -0.1436 -0.0071 -0.9896
vn -0.1660 -0.0499 -0.9849
vn -0.0812 0.0165 -0.9966
vn -0.0952 0.0160 -0.9953
vn -0.1084 0.0186 -0.9939
vn -0.0862 -0.0129 -0.9962
vn -0.0782 -0.0104 -0.9969
vn -0.0713 -0.0091 -0.9974
vn -0.0697 -0.0093 -0.9975
vn -0.1027 -0.0886 -0.9908
vn -0.1163 -0.0981 -0.9884
vn -0.1190 -0.0948 -0.9884
vn -0.1226 -0.1021 -0.9872
vn -0.1399 -0.0913 -0.9859
vn -0.1218 -0.1150 -0.9859
vn -0.1230 -0.1067 -0.9867
vn -0.1787 -0.1614 -0.9706
vn -0.1687 -0.1845 -0.9682
vn -0.1669 -0.1472 -0.9749
vn -0.1657 -0.3741 -0.9125
vn -0.2011 -0.3239 -0.9245
vn -0.2127 -0.2625 -0.9412
vn -0.1235 -0.5099 -0.8513
vn -0.2174 -0.5558 -0.8024
vn -0.0226 -0.8890 -0.4573
vn -0.0454 -0.8501 -0.5247
vn -0.0560 -0.7753 -0.6292
vn -0.1729 -0.9805 -0.0937
vn 0.0119 -0.9005 -0.4347
vn 0.0023 -0.9061 -0.4231
vn -0.0079 -0.9064 -0.4223
vn -0.1185 0.0234 -0.9927
vn -0.1150 0.0206 -0.9931
vn -0.1037 -0.0566 -0.9930
vn -0.1142 -0.0412 -0.9926
vn -0.1019 -0.1209 -0.9874
vn -0.1083 -0.1112 -0.9879
vn -0.1542 -0.1763 -0.9722
vn -0.1716 -0.1549 -0.9729
vn -0.1641 -0.0923 -0.9821
vn -0.1646 -0.0910 -0.9822
vn -0.1455 -0.0601 -0.9875
vn -0.1435 -0.0388 -0.9889
vn -0.1020 0.0092 -0.9947
vn -0.0980 -0.0565 -0.9936
vn -0.0948 -0.0494 -0.9943
vn -0.0892 -0.1207 -0.9887
vn -0.0844 -0.1088 -0.9905
vn -0.0747 -0.2155 -0.9737
vn -0.0940 -0.2156 -0.9719
vn -0.1264 -0.0420 -0.9911
vn -0.1267 -0.0497 -0.9907
vn -0.1326 -0.0602 -0.9893
vn -0.1340 -0.1091 -0.9849
vn -0.1254 -0.0925 -0.9878
vn -0.1270 -0.1805 -0.9753
vn -0.1232 -0.1765 -0.9766
vn 0.0069 -0.7490 -0.6625
vn 0.0598 -0.7465 -0.6627
vn 0.1134 -0.7571 -0.6434
vn 0.1100 -0.8321 -0.5436
vn 0.0595 -0.8363 -0.5450
vn 0.0639 -0.9159 -0.3963
vn 0.0675 -0.9085 -0.4125
vn 0.1133 -0.6727 -0.7312
vn 0.1067 -0.7353 -0.6693
vn 0.0567 -0.7394 -0.6709
vn 0.0632 -0.8437 -0.5331
vn 0.0160 -0.8460 -0.5330
vn 0.0174 -0.8414 -0.5401
vn 0.0159 -0.8898 -0.4561
vn 0.0048 -0.8040 -0.5946
vn -0.0001 -0.8042 -0.5944
vn -0.0103 -0.7134 -0.7007
vn -0.0084 -0.7134 -0.7007
vn -0.0157 -0.6437 -0.7651
vn 0.0525 -0.6409 -0.7659
vn 0.0267 -0.7400 -0.6721
vn 0.0857 -0.6394 -0.7641
vn 0.0344 -0.2985 -0.9538
vn 0.0555 -0.3530 -0.9340
vn -0.0276 -0.3566 -0.9338
vn -0.0219 -0.4285 -0.9033
vn -0.0720 -0.4293 -0.9003
vn -0.0664 -0.4752 -0.8774
vn -0.0483 -0.4751 -0.8786
vn -0.0517 -0.2726 -0.9608
vn -0.0475 -0.3257 -0.9443
vn -0.1014 -0.3264 -0.9398
vn -0.0962 -0.3670 -0.9252
vn -0.0687 -0.3669 -0.9277
vn -0.0727 -0.4085 -0.9099
vn -0.0381 -0.4081 -0.9121
vn -0.0120 -0.6330 -0.7740
vn -0.0582 -0.6343 -0.7709
vn -0.0477 -0.6216 -0.7819
vn -0.1118 -0.6222 -0.7749
vn -0.0985 -0.6069 -0.7887
vn -0.1682 -0.6059 -0.7776
vn -0.1575 -0.5944 -0.7886
vn -0.1777 -0.5938 -0.7847
vn 0.0862 -0.5055 -0.8585
vn 0.0868 -0.5034 -0.8597
vn 0.0691 -0.5048 -0.8605
vn 0.0757 -0.4983 -0.8637
vn 0.0272 -0.5012 -0.8649
vn 0.0107 -0.5346 -0.8450
vn -0.0426 -0.5359 -0.8432
vn -0.0360 -0.5932 -0.8042
vn -0.0330 -0.5932 -0.8044
vn -0.0390 -0.6390 -0.7682
vn -0.0086 -0.6385 -0.7696
vn 0.0139 -0.8242 -0.5662
vn -0.0280 -0.8258 -0.5633
vn -0.0465 -0.8615 -0.5057
vn -0.0860 -0.8086 -0.5820
vn -0.1171 -0.8081 -0.5773
vn -0.1551 -0.7544 -0.6379
vn -0.1672 -0.7685 -0.6177
vn -0.2141 -0.7111 -0.6697
vn -0.2343 -0.6145 -0.7533
vn -0.2490 -0.5327 -0.8088
vn -0.2301 -0.5075 -0.8304
vn -0.2672 -0.3317 -0.9048
vn -0.1970 -0.3342 -0.9217
vn -0.2015 -0.3389 -0.9190
vn -0.1571 -0.3397 -0.9273
vn -0.1682 -0.3516 -0.9209
vn -0.1145 -0.3520 -0.9290
vn -0.1277 -0.3671 -0.9214
vn -0.0746 -0.3668 -0.9273
vn -0.0882 -0.3835 -0.9193
vn -0.0520 -0.3830 -0.9223
vn -0.0677 -0.2278 -0.9713
vn -0.0883 -0.2281 -0.9696
vn -0.0898 -0.2328 -0.9684
vn -0.1371 -0.2330 -0.9628
vn -0.1367 -0.2299 -0.9636
vn -0.1063 -0.2297 -0.9674
vn -0.1054 -0.1831 -0.9774
vn -0.1502 0.9820 0.1143
vn -0.1418 0.9787 0.1483
vn -0.1489 0.9869 0.0619
vn -0.1429 0.9894 -0.0251
vn -0.1436 0.9891 -0.0335
vn -0.1267 0.9839 0.1257
vn -0.1162 0.9872 -0.1092
vn -0.1356 0.9902 0.0325
vn -0.1338 0.9907 -0.0254
vn -0.1297 0.9900 -0.0561
vn -0.1333 0.9902 0.0420
vn -0.1382 0.9839 0.1133
vn -0.1421 0.9871 0.0737
vn -0.1429 0.4911 -0.8593
vn -0.1486 0.9797 -0.1343
vn -0.1432 0.9552 -0.2591
vn -0.1436 0.8443 -0.5162
vn -0.1403 0.8238 -0.5492
vn -0.1378 0.7083 -0.6923
vn -0.1302 0.5648 -0.8149
vn -0.1324 0.5727 -0.8090
vn -0.1391 0.6920 -0.7083
vn -0.1242 0.2028 -0.9713
vn -0.1181 0.3985 -0.9095
vn -0.0984 0.4063 -0.9084
vn -0.1014 0.4127 -0.9052
vn -0.0912 0.5293 -0.8435
vn -0.0950 0.6052 -0.7904
vn -0.1246 0.9053 -0.4061
vn -0.1418 0.9031 -0.4053
vn -0.1452 0.9247 -0.3518
vn -0.1050 0.9290 -0.3549
vn -0.1048 0.8926 -0.4386
vn -0.1106 0.8735 -0.4741
vn -0.1067 0.8242 -0.5562
vn -0.1062 0.8277 -0.5510
vn -0.1015 0.7101 -0.6967
vn -0.1012 0.7123 -0.6946
vn -0.1009 0.6335 -0.7671
vn -0.1115 0.5668 -0.8163
vn -0.0956 0.3412 -0.9351
vn -0.1137 0.3500 -0.9298
vn -0.1286 0.3084 -0.9425
vn -0.1234 0.2944 -0.9477
vn -0.1390 0.9711 -0.1942
vn -0.1422 0.9694 -0.2002
vn -0.1246 0.9621 -0.2425
vn -0.1170 0.9640 -0.2386
vn -0.1206 0.9657 -0.2299
vn -0.1042 0.1952 -0.9752
vn -0.1177 0.1991 -0.9729
vn -0.1209 0.2005 -0.9722
vn -0.1223 0.2027 -0.9716
vn -0.1264 0.1916 -0.9733
vn -0.1253 0.2136 -0.9689
vn -0.1246 0.2086 -0.9700
vn -0.1229 0.2041 -0.9712
vn -0.1052 0.2307 -0.9673
vn -0.1057 0.2246 -0.9687
vn -0.0907 0.2614 -0.9610
vn -0.1447 0.8864 0.4397
vn -0.1346 0.9594 0.2478
vn -0.1513 0.9387 0.3098
vn -0.1498 0.5125 0.8455
vn -0.1396 0.4304 0.8918
vn -0.1486 0.4591 0.8759
vn -0.1673 0.4589 0.8726
vn -0.1645 0.4550 0.8752
vn -0.1607 0.4552 0.8758
vn -0.1443 0.4944 0.8572
vn -0.1619 0.4916 0.8556
vn -0.1688 0.4721 0.8652
vn -0.1713 0.4752 0.8631
vn -0.1404 0.9285 0.3438
vn -0.1404 0.9530 0.2686
vn -0.1567 0.9507 0.2676
vn -0.1563 0.9501 0.2699
vn -0.1599 0.9496 0.2697
vn -0.1607 0.9509 0.2647
vn -0.1421 0.9536 0.2653
vn -0.1433 0.9748 0.1708
vn -0.1483 0.8350 0.5298
vn -0.1535 0.8477 0.5078
vn -0.1716 0.8447 0.5070
vn -0.1724 0.8467 0.5033
vn -0.1689 0.8473 0.5035
vn -0.1711 0.8525 0.4939
vn -0.1565 0.8548 0.4949
vn -0.1449 0.7819 0.6064
vn -0.1541 0.6825 0.7145
vn -0.1511 0.6729 0.7242
vn -0.1753 0.6688 0.7225
vn -0.1748 0.6674 0.7239
vn -0.1752 0.6673 0.7239
vn -0.1762 0.6701 0.7211
vn -0.1599 0.6726 0.7225
vn -0.1458 0.6157 0.7743
vn -0.1530 -0.0781 0.9851
vn -0.1592 -0.0804 0.9840
vn -0.1262 -0.0572 0.9904
vn -0.1657 -0.1662 0.9721
vn -0.1767 -0.1745 0.9687
vn -0.1161 -0.1270 0.9851
vn -0.2051 -0.1490 0.9673
vn -0.1567 -0.1063 0.9819
vn -0.2185 -0.2464 0.9442
vn -0.1815 -0.2024 0.9623
vn -0.2579 -0.2025 0.9447
vn -0.2218 -0.3287 0.9180
vn -0.3759 -0.4600 0.8044
vn -0.3472 -0.5343 0.7707
vn -0.4063 -0.5877 0.6997
vn -0.4418 -0.6582 0.6096
vn -0.4165 -0.7071 0.5714
vn -0.5061 -0.7445 0.4353
vn -0.5028 -0.8601 0.0864
vn -0.4700 -0.8745 0.1198
vn -0.5297 -0.8171 0.2275
vn -0.5131 -0.8205 0.2519
vn -0.4749 -0.7964 0.3744
vn -0.1227 -0.0795 -0.9893
vn -0.1255 -0.0756 -0.9892
vn -0.1330 -0.1139 -0.9846
vn -0.1194 -0.1188 -0.9857
vn -0.1656 -0.0888 -0.9822
vn -0.0800 -0.0999 -0.9918
vn -0.1227 -0.0801 -0.9892
vn -0.5014 -0.8602 -0.0928
vn -0.5293 -0.8355 -0.1474
vn -0.4556 -0.6695 -0.5867
vn -0.4650 -0.6490 -0.6021
vn -0.4502 -0.8028 -0.3910
vn -0.5235 -0.7390 -0.4240
vn -0.4763 -0.8557 -0.2022
vn -0.1411 -0.1505 -0.9785
vn -0.1354 -0.1527 -0.9789
vn -0.0954 -0.2760 -0.9564
vn -0.2372 -0.1984 -0.9510
vn -0.2365 -0.4909 -0.8385
vn -0.3524 -0.3825 -0.8541
vn -0.3690 -0.5980 -0.7115
vn -0.3781 -0.5622 -0.7355
vn -0.4216 -0.6241 -0.6579
vn -0.5004 -0.8658 0.0075
vn -0.3819 -0.9229 0.0499
vn -0.4204 -0.9057 0.0545
vn -0.4315 -0.9014 0.0357
vn -0.4422 -0.8961 0.0376
vn -0.4850 -0.8737 0.0364
vn -0.4675 -0.8839 -0.0167
vn -0.4948 -0.8690 0.0058
vn -0.3594 -0.9258 0.1175
vn -0.3496 -0.9213 -0.1702
vn -0.9993 -0.0321 -0.0202
vn -0.3743 -0.9208 -0.1100
vn -0.4778 -0.8781 0.0256
vn -0.3877 -0.9200 0.0577
vn -0.3870 -0.9178 -0.0883
vn -0.4300 -0.8988 -0.0854
vn -0.4263 -0.9012 -0.0786
vn -0.4769 -0.8777 -0.0464
vn -0.4787 -0.8771 -0.0387
vn -0.5007 -0.8639 -0.0548
vn -0.1530 0.3159 0.9364
vn -0.1380 0.3396 0.9304
vn -0.1230 0.4041 0.9064
vn -0.1268 0.3513 0.9276
vn -0.1243 -0.0912 0.9881
vn -0.1287 0.0866 0.9879
vn -0.1258 -0.0672 0.9898
vn -0.1270 -0.0245 0.9916
vn -0.1289 0.1183 0.9846
vn -0.1226 -0.1447 0.9819
vn -0.1239 -0.1157 0.9855
vn -0.1268 -0.0300 0.9915
vn -0.1271 -0.0170 0.9917
vn -0.9946 -0.1034 -0.0000
vn -0.9946 -0.1034 0.0001
vn -0.9946 -0.1035 0.0001
vn -0.9946 -0.1035 0.0002
vn -0.9946 -0.1034 -0.0002
vn -0.9947 -0.1032 -0.0000
vn -0.9946 -0.1033 -0.0000
vn -0.9946 -0.1035 -0.0000
vn -0.9946 -0.1034 -0.0001
vn -0.9946 -0.1036 -0.0001
vn -0.9946 -0.1036 0.0001
vn -0.9947 -0.1033 -0.0000
vn -0.9946 -0.1036 -0.0000
vn -0.9948 -0.1020 -0.0000
vn -0.9947 -0.1030 -0.0000
vn -0.9947 -0.1033 0.0001
vn -0.1699 -0.1851 0.9679
vn 0.9973 0.0484 -0.0547
vn 0.9784 -0.0069 0.2065
vn 0.9097 -0.0135 0.4150
vn 0.0106 0.2577 0.9662
vn -0.0054 0.2554 0.9668
vn 0.0982 0.2223 0.9700
vn 0.0747 0.2141 0.9740
vn 0.0669 0.1519 0.9861
vn 0.0750 0.1545 0.9851
vn 0.0862 0.1117 0.9900
vn 0.0853 0.1097 0.9903
vn 0.0647 0.1049 0.9924
vn 0.0644 0.1100 0.9918
vn 0.0524 0.0737 0.9959
vn 0.0563 0.0899 0.9944
vn 0.0332 0.0734 0.9967
vn 0.0656 0.0435 0.9969
vn 0.0461 0.1257 -0.9910
vn 0.0756 0.0996 -0.9922
vn 0.0643 0.1207 -0.9906
vn 0.0744 0.1191 -0.9901
vn 0.0499 0.1431 -0.9884
vn 0.1064 0.1043 -0.9888
vn 0.0463 0.0769 -0.9960
vn 0.0537 0.0695 -0.9961
vn 0.0244 0.0585 -0.9980
vn 0.0208 0.0559 -0.9982
vn 0.0161 0.2873 0.9577
vn 0.0396 0.3304 0.9430
vn 0.0222 0.3346 0.9421
vn 0.0379 0.3629 0.9310
vn 0.5409 0.4796 0.6910
vn 0.1804 0.3540 0.9177
vn 0.4858 0.4100 0.7720
vn 0.3688 0.3686 0.8533
vn 0.3736 0.3749 0.8484
vn 0.2754 0.3419 0.8985
vn 0.2497 0.3931 0.8849
vn 0.0741 0.3591 0.9303
vn 0.1039 0.3784 0.9198
vn 0.1748 0.3490 0.9207
vn 0.1740 0.3502 0.9204
vn 0.0882 0.3551 0.9307
vn 0.0714 0.3631 0.9290
vn 0.0694 0.3616 0.9297
vn 0.0413 0.3654 0.9299
vn 0.2395 0.2698 -0.9327
vn 0.3193 0.2592 -0.9115
vn 0.3668 0.2957 -0.8821
vn 0.3844 0.3115 -0.8690
vn 0.4070 0.3158 -0.8571
vn 0.5116 0.4124 -0.7538
vn 0.4664 0.3984 -0.7898
vn 0.6830 0.5722 0.4541
vn 0.5917 0.5026 0.6303
vn 0.7624 0.6240 0.1715
vn 0.7114 0.6392 0.2923
vn 0.6836 0.5810 0.4417
vn 0.6789 0.5821 0.4475
vn 0.7190 0.6076 0.3375
vn 0.7497 0.6247 0.2182
vn 0.7968 0.5857 0.1483
vn 0.7502 0.6133 0.2473
vn 0.5753 0.4619 -0.6750
vn 0.6056 0.5658 -0.5595
vn 0.7016 0.5635 -0.4361
vn 0.7385 0.6174 -0.2711
vn 0.7695 0.6050 -0.2046
vn 0.5419 0.4469 -0.7118
vn 0.6389 0.5196 -0.5673
vn 0.6454 0.5186 -0.5609
vn 0.7211 0.6039 -0.3396
vn 0.7884 0.5773 -0.2125
vn 0.7470 0.6400 -0.1797
vn 0.7883 0.6128 -0.0554
vn 0.7879 0.6129 -0.0588
vn 0.7558 0.6439 -0.1191
vn 0.7824 0.6219 -0.0331
vn 0.7811 0.6195 0.0780
vn 0.7773 0.6278 0.0417
vn 0.0857 0.2075 -0.9745
vn 0.0672 0.1885 -0.9798
vn 0.0776 0.2387 -0.9680
vn 0.0500 0.2302 -0.9718
vn 0.0654 0.2857 -0.9561
vn 0.0282 0.2792 -0.9598
vn 0.0653 0.1729 -0.9828
vn 0.0470 0.1657 -0.9851
vn 0.1005 0.1533 -0.9830
vn 0.0829 0.1246 -0.9887
vn 0.0764 0.1168 -0.9902
vn 0.0284 0.0885 -0.9957
vn 0.0285 0.0850 -0.9960
vn 0.0470 0.1197 -0.9917
vn 0.0486 0.0967 -0.9941
vn 0.0709 0.1158 -0.9907
vn 0.0745 0.1235 -0.9895
vn 0.0615 0.3036 -0.9508
vn 0.0454 0.2940 -0.9547
vn 0.0424 0.3184 -0.9470
vn 0.0344 0.3029 -0.9524
vn 0.0669 0.3066 -0.9495
vn 0.0639 0.3049 -0.9502
vn 0.0876 0.3200 -0.9434
vn 0.0753 0.2658 -0.9611
vn 0.1396 0.2682 -0.9532
vn 0.2053 0.2489 -0.9465
vn 0.0405 0.3046 0.9516
vn 0.0194 0.2637 0.9644
vn 0.0697 0.0434 0.9966
vn 0.0727 0.0424 0.9965
vn 0.0507 0.0430 0.9978
vn 0.0565 0.0411 0.9976
vn 0.0597 0.0314 0.9977
vn 0.0588 -0.3309 -0.9418
vn 0.0623 -0.4135 -0.9084
vn 0.0562 -0.4591 -0.8866
vn 0.1056 -0.3992 -0.9108
vn 0.0604 -0.4139 -0.9083
vn 0.0612 -0.4136 -0.9084
vn 0.0606 -0.5053 -0.8608
vn 0.1209 -0.5395 -0.8333
vn 0.0931 -0.5603 -0.8231
vn 0.0984 -0.7078 -0.6996
vn 0.0596 -0.6687 -0.7411
vn 0.0639 -0.6042 -0.7943
vn 0.1098 -0.9217 -0.3720
vn 0.1153 -0.9050 -0.4096
vn 0.1173 -0.9026 -0.4143
vn 0.0995 -0.8666 -0.4890
vn 0.1028 -0.8246 -0.5563
vn 0.0989 -0.8206 -0.5628
vn 0.0741 -0.7516 -0.6555
vn 0.1051 -0.9509 -0.2911
vn 0.0846 -0.9722 -0.2183
vn 0.0705 -0.9575 -0.2796
vn 0.0596 -0.9891 -0.1346
vn 0.0476 -0.9693 -0.2411
vn 0.0404 -0.9642 -0.2622
vn 0.0612 -0.9866 -0.1514
vn 0.0853 -0.9805 -0.1770
vn 0.0906 -0.9820 -0.1658
vn 0.1074 -0.9504 -0.2919
vn 0.1102 -0.9551 -0.2749
vn 0.0913 -0.9817 -0.1673
vn 0.0556 -0.3343 -0.9408
vn 0.0170 -0.4248 -0.9051
vn 0.0425 -0.4110 -0.9107
vn 0.0328 -0.5225 -0.8520
vn -0.0197 -0.5529 -0.8330
vn 0.0790 -0.6359 -0.7677
vn -0.0194 -0.7012 -0.7127
vn 0.0960 -0.9795 0.1771
vn 0.1065 -0.9849 0.1362
vn 0.0782 -0.9804 0.1807
vn 0.0566 -0.9863 0.1547
vn 0.0622 -0.9807 0.1853
vn 0.0564 -0.9340 -0.3527
vn -0.0033 -0.9936 0.1130
vn 0.1268 -0.9919 -0.0023
vn 0.0336 -0.9993 0.0186
vn 0.0480 -0.9952 -0.0854
vn 0.0373 -0.9958 -0.0833
vn 0.0969 -0.9880 0.1205
vn 0.0883 -0.9560 0.2796
vn 0.0890 -0.9943 -0.0591
vn 0.0893 -0.9942 -0.0603
vn 0.0826 -0.9950 0.0569
vn 0.0942 -0.9955 0.0133
vn 0.0928 -0.9947 0.0445
vn 0.0627 -0.9895 0.1303
vn 0.0604 -0.9919 0.1121
vn 0.0609 -0.9980 0.0147
vn 0.0598 -0.9981 0.0115
vn 0.0598 -0.9962 -0.0632
vn 0.0572 -0.9954 -0.0772
vn 0.0569 -0.9892 -0.1349
vn 0.0450 -0.9934 0.1052
vn 0.0479 -0.9902 0.1315
vn 0.0483 -0.9988 0.0120
vn 0.0501 -0.9986 0.0180
vn 0.0500 -0.9957 -0.0780
vn 0.0494 -0.9954 -0.0816
vn 0.0494 -0.9948 -0.0895
vn 0.0485 -0.9884 -0.1440
vn 0.0835 -0.1131 0.9901
vn 0.0545 -0.9530 0.2981
vn 0.0577 -0.9491 0.3098
vn 0.0306 -0.5367 0.8432
vn 0.0528 -0.7005 0.7117
vn 0.0195 -0.5916 0.8060
vn 0.0522 -0.8039 0.5924
vn 0.0232 -0.7274 0.6858
vn 0.0482 -0.8567 0.5136
vn 0.0495 -0.8592 0.5092
vn 0.0450 -0.8943 0.4452
vn 0.0461 -0.9191 0.3912
vn 0.0413 -0.2030 0.9783
vn 0.0365 -0.3961 0.9175
vn 0.0340 -0.4183 0.9077
vn 0.0247 -0.2715 0.9621
vn 0.0253 -0.2356 0.9715
vn 0.0088 -0.1274 0.9918
vn 0.0659 -0.1997 0.9776
vn 0.0859 -0.2579 0.9623
vn 0.1002 -0.2157 0.9713
vn 0.1042 -0.4325 0.8956
vn 0.1128 -0.4624 0.8795
vn 0.1130 -0.6072 0.7864
vn 0.1187 -0.6255 0.7711
vn 0.1150 -0.7345 0.6688
vn 0.1196 -0.7475 0.6534
vn 0.1037 -0.9468 0.3045
vn 0.0889 -0.9540 0.2864
vn 0.1128 -0.9192 0.3773
vn 0.1084 -0.8574 0.5032
vn 0.0665 -0.8881 0.4549
vn 0.1123 -0.8398 0.5311
vn 0.0611 -0.2198 0.9736
vn 0.0817 -0.4506 0.8890
vn 0.0686 -0.4096 0.9097
vn 0.0838 -0.6203 0.7799
vn 0.0734 -0.5910 0.8033
vn 0.0825 -0.7430 0.6642
vn 0.0750 -0.7254 0.6842
vn 0.0818 -0.8621 0.5001
vn 0.0741 -0.8552 0.5130
vn 0.0787 -0.9489 0.3056
vn 0.0761 -0.9477 0.3101
vn -0.0576 0.8348 0.5476
vn 0.0708 0.0549 0.9960
vn 0.0592 0.0771 0.9953
vn 0.0670 0.0248 0.9974
vn 0.0187 0.2091 0.9777
vn 0.1019 -0.2542 0.9618
vn 0.0757 -0.0389 0.9964
vn 0.1249 -0.4509 0.8838
vn -0.0249 0.5035 0.8637
vn -0.0279 0.5255 0.8503
vn -0.0165 0.1263 0.9919
vn -0.0126 0.0599 0.9981
vn -0.0499 0.7078 0.7047
vn -0.0266 -0.0137 0.9996
vn 0.0577 -0.8655 -0.4976
vn 0.0576 0.0698 0.9959
vn 0.0440 0.0753 0.9962
vn 0.1253 -0.9902 0.0621
vn -0.0156 0.4377 0.8990
vn 0.0815 -0.6612 0.7458
vn -0.0256 0.4121 0.9108
vn 0.0586 -0.8816 -0.4683
vn -0.0191 0.1579 0.9873
vn -0.0145 0.0906 0.9958
vn 0.0167 0.0912 0.9957
vn 0.1130 -0.7889 0.6040
vn 0.0392 0.0780 0.9962
vn 0.0605 0.0697 0.9957
vn 0.1275 -0.4418 0.8880
vn 0.0814 -0.0350 0.9961
vn 0.7697 -0.6385 -0.0000
vn 0.6749 -0.7379 -0.0000
vn 0.7549 -0.6558 -0.0064
vn 0.5575 -0.8302 -0.0035
vn 0.5537 -0.8327 -0.0000
vn 0.5553 -0.8316 -0.0011
vn 0.5830 -0.8125 -0.0000
vn 0.5584 -0.8296 -0.0000
vn 0.5583 -0.8296 -0.0000
vn 0.5613 -0.8276 0.0021
vn 0.5638 -0.8259 0.0041
vn 0.5599 -0.8286 0.0014
vn 0.5630 -0.8264 0.0040
vn 0.5674 -0.8234 0.0080
vn 0.5514 -0.8342 -0.0073
vn 0.5739 -0.8189 0.0040
vn 0.5755 -0.8178 0.0048
vn 0.5776 -0.8163 0.0061
vn 0.5809 -0.8140 0.0082
vn 0.6015 -0.7988 -0.0052
vn 0.5998 -0.8002 -0.0000
vn 0.5961 -0.8029 0.0001
vn 0.5924 -0.8056 0.0083
vn 0.5932 -0.8050 0.0095
vn 0.5888 -0.8083 0.0026
vn 0.6135 -0.7897 -0.0000
vn 0.5649 -0.8250 -0.0125
vn 0.6163 -0.7875 0.0001
vn 0.6002 -0.7999 -0.0001
vn 0.5931 -0.8051 0.0022
vn 0.5859 -0.8104 -0.0000
vn 0.5782 -0.8159 -0.0000
vn 0.5564 -0.8309 -0.0012
vn 0.5695 -0.8218 -0.0181
vn 0.5669 -0.8237 -0.0149
vn 0.5741 -0.8188 -0.0000
vn 0.5538 -0.8326 -0.0001
vn 0.5571 -0.8304 -0.0037
vn 0.5616 -0.8273 -0.0087
vn 0.6041 -0.7969 -0.0003
vn 0.6135 -0.7897 0.0011
vn 0.6135 -0.7897 0.0012
vn 0.6234 -0.7819 -0.0003
vn 0.6239 -0.7815 -0.0002
vn 0.4889 -0.8723 -0.0012
vn 0.4712 -0.8820 0.0030
vn 0.5289 -0.8487 -0.0026
vn 0.4968 -0.8679 0.0059
vn 0.5174 -0.8557 0.0012
vn 0.2944 -0.9557 0.0015
vn 0.4156 -0.9095 0.0011
vn 0.3581 -0.9336 -0.0071
vn 0.4174 -0.9087 0.0024
vn 0.3310 -0.9436 -0.0015
vn 0.2027 -0.9769 -0.0680
vn 0.1474 -0.9888 -0.0228
vn 0.1148 -0.9934 -0.0048
vn 0.2353 -0.9709 -0.0450
vn 0.1182 -0.9930 0.0040
vn 0.0985 -0.9951 0.0106
vn 0.0928 -0.9956 0.0120
vn 0.0934 -0.9956 0.0117
vn 0.1010 -0.9948 0.0102
vn 0.1315 -0.9913 0.0056
vn 0.2108 -0.9775 -0.0017
vn 0.7151 -0.6990 0.0018
vn 0.6836 -0.7299 -0.0050
vn 0.6677 -0.7443 -0.0146
vn 0.6452 -0.7640 -0.0000
vn 0.6164 -0.7874 -0.0000
vn 0.8556 -0.5174 0.0127
vn 0.8496 -0.5255 0.0446
vn 0.8542 -0.5200 -0.0000
vn 0.8414 -0.5404 -0.0000
vn 0.8259 -0.5638 -0.0096
vn 0.8144 -0.5803 -0.0011
vn 0.7643 -0.6448 0.0013
vn 0.8568 -0.5156 0.0034
vn 0.8598 -0.5107 -0.0038
vn 0.8605 -0.5095 -0.0049
vn 0.8606 -0.5093 -0.0052
vn 0.8610 -0.5086 -0.0059
vn 0.8606 -0.5093 -0.0051
vn 0.8579 -0.5138 -0.0007
vn 0.8538 -0.5206 -0.0001
vn 0.8499 -0.5269 0.0003
vn 0.8527 -0.5224 -0.0027
vn 0.8521 -0.5234 -0.0020
vn 0.8515 -0.5244 -0.0015
vn 0.8507 -0.5256 -0.0008
vn 0.8498 -0.5271 -0.0000
vn 0.8499 -0.5270 -0.0000
vn 0.8508 -0.5254 0.0006
vn 0.8516 -0.5242 0.0010
vn 0.8521 -0.5233 0.0014
vn 0.8526 -0.5226 0.0017
vn 0.8528 -0.5222 0.0018
vn 0.8490 -0.5284 -0.0008
vn 0.8534 -0.5213 0.0004
vn 0.8525 -0.5228 0.0001
vn 0.8538 -0.5206 -0.0000
vn 0.8596 -0.5110 -0.0009
vn 0.8579 -0.5137 0.0030
vn 0.8597 -0.5108 -0.0011
vn 0.8563 -0.5164 -0.0003
vn 0.8562 -0.5166 -0.0002
vn 0.8568 -0.5156 0.0119
vn 0.8564 -0.5162 0.0066
vn 0.8561 -0.5167 -0.0002
vn 0.8557 -0.5175 -0.0001
vn 0.8552 -0.5183 -0.0000
vn 0.8401 -0.5425 -0.0009
vn 0.8425 -0.5387 -0.0003
vn 0.8582 -0.5132 -0.0000
vn 0.8498 -0.5270 -0.0000
vn 0.8454 -0.5341 -0.0000
vn 0.8388 -0.5445 -0.0015
vn 0.8382 -0.5454 -0.0017
vn 0.8377 -0.5461 -0.0020
vn 0.8379 -0.5458 -0.0018
vn 0.8374 -0.5466 -0.0024
vn 0.8471 -0.5314 0.0071
vn 0.8441 -0.5362 0.0048
vn 0.8417 -0.5399 0.0020
vn 0.8350 -0.5502 -0.0001
vn 0.8357 -0.5492 0.0004
vn 0.8364 -0.5482 0.0013
vn 0.8367 -0.5477 0.0018
vn 0.8364 -0.5481 0.0009
vn 0.8376 -0.5463 -0.0005
vn 0.7549 -0.6558 0.0019
vn 0.8119 -0.5838 -0.0013
vn 0.8259 -0.5638 0.0094
vn 0.8419 -0.5396 -0.0000
vn 0.8532 -0.5216 -0.0000
vn 0.6135 -0.7897 -0.0008
vn 0.6224 -0.7827 -0.0000
vn 0.6430 -0.7658 -0.0000
vn 0.6677 -0.7443 0.0143
vn 0.6932 -0.7207 -0.0028
vn 0.7574 -0.6530 0.0041
vn 0.6287 -0.7777 -0.0000
vn 0.6344 -0.7730 0.0008
vn 0.6303 -0.7763 0.0039
vn 0.6786 -0.7339 -0.0306
vn 0.6691 -0.7432 0.0018
vn 0.6295 -0.7704 0.1009
vn 0.7314 -0.6820 -0.0000
vn 0.8199 -0.5726 -0.0000
vn 0.8160 -0.5780 -0.0000
vn 0.8139 -0.5810 -0.0078
vn 0.8434 -0.5373 0.0014
vn 0.8457 -0.5336 -0.0000
vn 0.8516 -0.5242 -0.0000
vn 0.8594 -0.5113 -0.0057
vn 0.0360 -0.0759 -0.9965
vn 0.0408 -0.1418 -0.9890
vn 0.0334 -0.1425 -0.9892
vn 0.0604 -0.3279 -0.9428
vn 0.0662 -0.4007 -0.9138
vn 0.0638 -0.4001 -0.9143
vn 0.0653 -0.4243 -0.9032
vn 0.0635 -0.4241 -0.9034
vn 0.0593 -0.3586 -0.9316
vn 0.0572 -0.3346 -0.9406
vn 0.0612 -0.3355 -0.9400
vn 0.0549 -0.2694 -0.9614
vn 0.0640 -0.4270 -0.9020
vn 0.0575 -0.3666 -0.9286
vn 0.0569 -0.3585 -0.9318
vn 0.0317 -0.1309 -0.9909
vn 0.0347 -0.1306 -0.9908
vn 0.0331 -0.1134 -0.9930
vn 0.0372 -0.1141 -0.9928
vn 0.0534 -0.3506 -0.9350
vn 0.0587 -0.3904 -0.9188
vn 0.0473 -0.3904 -0.9194
vn 0.0426 -0.3495 -0.9360
vn 0.0424 -0.3577 -0.9329
vn 0.0415 -0.3497 -0.9359
vn 0.0425 -0.2432 -0.9690
vn 0.0526 -0.4267 -0.9028
vn 0.0448 -0.3575 -0.9328
vn 0.0445 -0.3675 -0.9289
vn 0.0312 -0.2462 -0.9687
vn 0.0319 -0.1429 -0.9892
vn -0.0917 0.0085 0.9958
vn -0.0627 -0.3346 0.9403
vn -0.0647 0.0158 0.9978
vn -0.4881 0.2070 0.8479
vn -0.1809 -0.2526 0.9505
vn -0.2197 -0.3547 0.9088
vn -0.0906 -0.6768 0.7305
vn -0.0460 -0.7097 0.7030
vn -0.1288 -0.5796 0.8046
vn -0.1211 -0.6384 0.7601
vn -0.2042 -0.5858 0.7843
vn -0.2003 -0.5535 0.8084
vn -0.2326 -0.4819 0.8448
vn -0.2309 -0.3792 0.8960
vn -0.2533 -0.3832 0.8883
vn -0.1150 -0.1293 0.9849
vn -0.1145 -0.1591 0.9806
vn -0.2266 -0.2869 0.9308
vn -0.2029 -0.1982 0.9589
vn -0.1864 -0.2445 0.9516
vn -0.2046 -0.1688 0.9642
vn -0.0887 -0.1790 0.9798
vn -0.0961 -0.1767 0.9796
vn -0.0879 -0.0964 0.9915
vn -0.1115 -0.1109 0.9876
vn -0.1142 -0.0701 0.9910
vn -0.1259 -0.0539 0.9906
vn -0.1283 -0.0525 0.9903
vn -0.1717 -0.0236 0.9849
vn -0.1329 -0.0181 0.9910
vn -0.1350 -0.0175 0.9907
vn -0.1580 -0.0091 0.9874
vn -0.1330 0.0004 0.9911
vn -0.1220 0.0057 0.9925
vn -0.1277 0.0061 0.9918
vn -0.1371 0.0026 0.9906
vn -0.1327 0.0003 0.9912
vn -0.1332 0.0004 0.9911
vn -0.1170 0.0045 0.9931
vn -0.1147 -0.0026 0.9934
vn -0.1171 0.0019 0.9931
vn -0.0999 0.0078 0.9950
vn -0.0801 -0.0080 0.9968
vn -0.1286 -0.0211 0.9915
vn -0.1128 -0.0322 0.9931
vn -0.1060 -0.0352 0.9937
vn -0.1352 -0.0335 0.9902
vn -0.1179 -0.0478 0.9919
vn -0.1422 -0.0461 0.9888
vn -0.1405 -0.0477 0.9889
vn -0.1760 -0.0449 0.9834
vn -0.1630 -0.0570 0.9850
vn -0.2151 -0.0526 0.9752
vn -0.1798 -0.0873 0.9798
vn -0.1209 -0.5814 0.8046
vn -0.0951 -0.6594 0.7458
vn -0.1604 -0.5573 0.8146
vn -0.1578 -0.4733 0.8666
vn -0.2624 -0.4620 0.8472
vn -0.2468 -0.2783 0.9282
vn -0.2536 -0.2776 0.9266
vn -0.2298 -0.3092 0.9228
vn -0.1626 -0.2286 0.9598
vn -0.1703 -0.1910 0.9667
vn -0.1066 -0.3181 0.9420
vn -0.1275 -0.3166 0.9399
vn -0.1304 -0.5389 0.8322
vn -0.1669 -0.5252 0.8345
vn -0.1805 -0.3376 0.9238
vn -0.1479 -0.3404 0.9286
vn -0.1131 -0.2384 0.9646
vn -0.1793 -0.2330 0.9558
vn -0.1586 -0.1802 0.9708
vn -0.2504 -0.1714 0.9528
vn -0.2596 -0.1925 0.9463
vn -0.2554 -0.2193 0.9416
vn -0.2676 -0.3301 0.9052
vn -0.1825 -0.3396 0.9227
vn -0.1327 -0.4366 0.8898
vn -0.1120 -0.4381 0.8919
vn -0.0923 -0.4560 0.8852
vn -0.1096 -0.4549 0.8838
vn -0.0974 -0.5830 0.8066
vn -0.0508 -0.7310 0.6805
vn -0.0517 -0.7134 0.6989
vn -0.0217 -0.7914 0.6109
vn -0.1257 -0.0589 0.9903
vn -0.1247 -0.0796 0.9890
vn -0.1543 -0.0523 0.9866
vn -0.1611 -0.1065 0.9812
vn -0.1805 -0.0872 0.9797
vn -0.1897 -0.1500 0.9703
vn -0.2284 -0.1463 0.9625
vn -0.2425 -0.1142 0.9634
vn -0.1841 -0.1196 0.9756
vn -0.1716 -0.1454 0.9744
vn -0.1488 -0.1472 0.9778
vn -0.1413 -0.1613 0.9767
vn -0.1396 -0.1588 0.9774
vn -0.1792 -0.1561 0.9714
vn -0.1293 -0.0844 0.9880
vn -0.2190 -0.0786 0.9726
vn -0.0997 -0.0616 0.9931
vn -0.1964 0.0062 0.9805
vn -0.0646 0.0077 0.9979
vn -0.0978 -0.8196 0.5645
vn -0.1549 0.0471 0.9868
vn -0.0708 0.0166 0.9974
vn -0.0182 -0.7933 0.6086
vn -0.0535 -0.8005 0.5970
vn -0.1086 -0.6902 0.7155
vn -0.1226 -0.6973 0.7062
vn -0.1583 -0.5339 0.8306
vn -0.2178 -0.5380 0.8143
vn -0.2001 -0.3788 0.9036
vn -0.2671 -0.3771 0.8868
vn -0.2268 -0.2217 0.9484
vn -0.1846 -0.1923 0.9638
vn -0.1854 -0.1725 0.9674
vn -0.1407 -0.0771 0.9870
vn -0.1413 -0.0739 0.9872
vn -0.0777 0.0383 0.9962
vn -0.0784 0.0299 0.9965
vn -0.3112 0.0717 0.9476
vn -0.0951 -0.5981 0.7958
vn -0.0491 -0.5655 0.8233
vn -0.1053 -0.3862 0.9164
vn -0.0382 -0.3924 0.9190
vn -0.0767 -0.2053 0.9757
vn 0.0615 -0.2242 0.9726
vn -0.1006 -0.7561 0.6467
vn -0.0989 -0.7561 0.6470
vn -0.0621 -0.6902 0.7209
vn -0.1290 -0.8118 0.5695
vn -0.1334 -0.8099 0.5712
vn -0.1081 -0.8065 0.5813
vn -0.1833 -0.0691 0.9806
vn -0.0653 -0.0714 0.9953
vn -0.2502 -0.2131 0.9445
vn -0.0563 -0.2832 0.9574
vn -0.2509 -0.4260 0.8693
vn -0.0520 -0.4954 0.8671
vn -0.2463 -0.6215 0.7437
vn -0.1160 -0.6644 0.7383
vn -0.2288 -0.7263 0.6482
vn -0.0143 -0.8208 0.5710
vn -0.0871 -0.8092 0.5810
vn -0.1435 0.0451 0.9886
vn -0.1459 0.0481 0.9881
vn -0.0965 -0.0031 0.9953
vn -0.0802 0.0627 0.9948
vn -0.2612 0.1834 0.9477
vn -0.0715 0.0068 0.9974
vn -0.2098 -0.0926 0.9734
vn -0.0980 -0.1326 0.9863
vn -0.2546 -0.2439 0.9358
vn -0.1016 -0.3013 0.9481
vn -0.3123 -0.4462 0.8387
vn -0.1621 -0.5046 0.8480
vn -0.2919 -0.5865 0.7555
vn -0.1091 -0.6482 0.7536
vn -0.2140 -0.7084 0.6726
vn -0.0568 -0.7499 0.6591
vn -0.1407 -0.7945 0.5908
vn -0.0562 -0.7989 0.5988
vn -0.2325 -0.5267 -0.8176
vn -0.1986 -0.3932 -0.8978
vn -0.2080 -0.3988 -0.8931
vn -0.2112 -0.3981 -0.8927
vn -0.1469 -0.2477 -0.9577
vn -0.1246 -0.2819 -0.9513
vn -0.1345 -0.3325 -0.9335
vn -0.1415 -0.3318 -0.9327
vn -0.1541 -0.2017 -0.9672
vn -0.1203 -0.2303 -0.9657
vn -0.2301 -0.3978 -0.8881
vn -0.2769 -0.5835 -0.7634
vn -0.4212 -0.7867 -0.4513
vn -0.3795 -0.6783 -0.6292
vn -0.4778 -0.8734 -0.0942
vn -0.4735 -0.8664 -0.1585
vn -0.4417 -0.8676 -0.2282
vn -0.4100 -0.8907 -0.1965
vn -0.4202 -0.8634 -0.2792
vn -0.3573 -0.8893 -0.2854
vn -0.3634 -0.8692 -0.3353
vn -0.3006 -0.7441 -0.5967
vn -0.3039 -0.7477 -0.5904
vn -0.3375 -0.7365 -0.5862
vn -0.3517 -0.7497 -0.5606
vn -0.3628 -0.7461 -0.5584
vn -0.3968 -0.7707 -0.4986
vn -0.4255 -0.7625 -0.4875
vn -0.4817 -0.8529 -0.2015
vn -0.2650 -0.6012 -0.7539
vn -0.2186 -0.5444 -0.8099
vn -0.2478 -0.5343 -0.8081
vn -0.2291 -0.5146 -0.8263
vn -0.2374 -0.5120 -0.8255
vn -0.2359 -0.5106 -0.8268
vn -0.2764 -0.5048 -0.8178
vn -0.3583 -0.6425 -0.6774
vn -0.2183 -0.9118 -0.3479
vn -0.3096 -0.9026 -0.2992
vn -0.2950 -0.8923 -0.3417
vn -0.3395 -0.8782 -0.3370
vn -0.0321 -0.9414 -0.3359
vn -0.0595 -0.9149 -0.3993
vn -0.1892 -0.8182 -0.5429
vn -0.1242 -0.8619 -0.4916
vn -0.1125 -0.9045 -0.4114
vn -0.0278 -0.9102 -0.4133
vn -0.2395 -0.5239 -0.8174
vn -0.3162 -0.8552 -0.4107
vn -0.1519 -0.7361 -0.6596
vn -0.3029 -0.6912 -0.6562
vn -0.2047 -0.6524 -0.7297
vn -0.2373 -0.6098 -0.7562
vn -0.0550 -0.9563 -0.2872
vn -0.1201 -0.9279 -0.3530
vn -0.1199 -0.9154 -0.3842
vn -0.1763 -0.9115 -0.3717
vn -0.2305 -0.8804 -0.4145
vn -0.1783 -0.8493 -0.4968
vn -0.2880 -0.8105 -0.5100
vn -0.2261 -0.7646 -0.6036
vn -0.0313 -0.3761 0.9261
vn 0.0195 -0.8461 0.5327
vn -0.0295 -0.5522 0.8332
vn 0.1010 -0.5799 0.8084
vn -0.0245 -0.5799 0.8143
vn 0.0085 -0.8065 0.5911
vn -0.0182 -0.8454 0.5337
vn 0.0096 -0.9079 0.4190
vn -0.1179 -0.8300 0.5452
vn -0.0871 -0.8465 0.5252
vn -0.0719 -0.8284 0.5555
vn -0.0496 -0.8373 0.5444
vn -0.0168 -0.8291 0.5589
vn 0.0445 -0.8959 0.4420
vn -0.1455 -0.7711 0.6199
vn 0.0241 -0.4337 0.9008
vn 0.0021 -0.4274 0.9041
vn -0.0142 -0.2224 0.9749
vn 0.0623 -0.3231 0.9443
vn -0.0087 -0.1760 0.9844
vn 0.0264 -0.1990 0.9796
vn -0.0226 -0.0886 0.9958
vn -0.0510 -0.1439 0.9883
vn 0.0036 -0.3725 0.9280
vn -0.0784 -0.1938 0.9779
vn -0.2481 0.0655 0.9665
vn -0.0367 -0.8272 0.5608
vn 0.0044 -0.8138 0.5812
vn 0.0346 -0.7691 0.6382
vn -0.0412 -0.7616 0.6468
vn 0.0424 -0.6955 0.7173
vn -0.0437 -0.8942 0.4455
vn 0.2988 -0.9426 -0.1488
vn -0.1050 -0.8424 0.5286
vn -0.0677 -0.8880 0.4548
vn -0.0729 -0.8872 0.4556
vn -0.0293 -0.8814 0.4714
vn -0.1002 -0.8511 0.5153
vn -0.0105 -0.8727 0.4881
vn 0.0024 -0.9006 0.4346
vn -0.0076 -0.9012 0.4333
vn -0.0013 -0.8911 0.4539
vn -0.0337 -0.8904 0.4540
vn -0.0472 -0.8977 0.4381
vn 0.0093 -0.4643 0.8856
vn -0.0016 -0.4649 0.8854
vn 0.0183 -0.6051 0.7960
vn 0.0080 -0.6100 0.7923
vn 0.0003 -0.7318 0.6816
vn 0.0151 -0.7344 0.6785
vn -0.0464 -0.7931 0.6073
vn 0.6406 0.3152 0.7002
vn 0.4712 0.5364 0.7002
vn 0.6913 0.1506 0.7067
vn 0.2122 0.6799 0.7019
vn -0.0991 0.7027 0.7045
vn -0.6406 -0.3152 0.7002
vn -0.4706 -0.5368 0.7003
vn -0.1957 -0.6835 0.7033
vn 0.1154 -0.6993 0.7054
vn 0.4007 -0.5832 0.7066
vn 0.5968 -0.3798 0.7068
vn 0.6759 -0.2301 0.7002
vn 0.5141 -0.4916 0.7029
vn 0.2804 -0.6532 0.7034
vn -0.0233 -0.7085 0.7054
vn -0.3237 -0.6291 0.7067
vn -0.5609 -0.4305 0.7071
vn -0.7123 -0.0405 0.7008
vn -0.5928 -0.1527 0.7907
vn -0.7124 -0.0461 0.7002
vn -0.5097 0.4955 0.7033
vn -0.5938 0.3848 0.7067
vn -0.3743 0.6019 0.7054
vn -0.6759 0.2301 0.7002
vn -0.6758 0.2301 0.7002
vn -0.2496 0.6634 0.7054
vn 0.0398 0.7070 0.7061
vn 0.3385 0.6210 0.7070
vn 0.7110 0.0129 0.7031
vn 0.7122 -0.2051 0.6713
vn 0.7408 0.0255 0.6713
vn 0.6937 0.2632 0.6705
vn 0.0688 0.0451 0.9966
vn 0.2572 -0.3298 0.9083
vn 0.8243 0.5406 0.1683
vn 0.8218 -0.0043 0.5697
vn 0.9743 0.1498 0.1684
vn 0.9477 0.2715 0.1679
vn 0.9088 -0.3818 0.1684
vn 0.7430 -0.6478 0.1682
vn 0.6940 -0.5099 0.5083
vn 0.6693 -0.7237 0.1683
vn 0.5509 -0.7046 0.4473
vn 0.5667 -0.8025 0.1867
vn 0.5107 -0.6641 0.5461
vn 0.5496 -0.7028 0.4517
vn 0.7336 -0.5096 0.4495
vn 0.6492 -0.4510 0.6125
vn 0.8537 -0.4930 0.1679
vn 0.3287 -0.3956 0.8576
vn 0.1523 -0.1974 0.9684
vn 0.1085 -0.1536 0.9822
vn 0.2974 -0.0856 0.9509
vn 0.0473 -0.0249 0.9986
vn 0.0743 0.0356 0.9966
vn 0.0770 0.0371 0.9963
vn 0.0766 0.0217 0.9968
vn 0.0518 0.0126 0.9986
vn 0.3186 0.0110 0.9478
vn 0.0827 -0.0004 0.9966
vn 0.0803 -0.0197 0.9966
vn 0.3833 0.3002 0.8735
vn 0.5203 0.4076 0.7504
vn 0.5834 0.4550 0.6728
vn 0.6421 0.5110 0.5714
vn 0.6936 0.2632 0.6705
vn 0.8352 0.3169 0.4495
vn 0.7034 0.5489 0.4517
vn 0.7055 0.5507 0.4461
vn 0.7423 0.6406 0.1965
vn 0.8924 0.0308 0.4503
vn 0.7378 0.2799 0.6142
vn 0.8879 0.4282 0.1679
vn 0.4160 -0.5335 0.7364
vn 0.4567 -0.5819 0.6729
vn 0.6093 -0.4232 0.6706
vn 0.8580 -0.2470 0.4503
vn 0.8388 -0.2415 0.4879
vn 0.9574 -0.2351 0.1674
vn 0.9855 0.0340 0.1665
vn 0.8924 0.0308 0.4502
vn 0.8581 -0.2470 0.4502
vn 0.7122 -0.2050 0.6714
vn 0.6092 -0.4232 0.6706
vn 0.5046 -0.3505 0.7890
vn 0.3210 -0.2654 0.9091
vn 0.1202 0.1037 0.9873
vn 0.1823 0.1433 0.9727
vn 0.3335 0.2509 0.9087
vn 0.3756 0.1800 0.9091
vn 0.5759 0.2185 0.7878
vn 0.4006 0.1136 0.9092
vn 0.4193 0.0145 0.9077
vn 0.4031 -0.1161 0.9078
vn 0.4031 -0.1161 0.9077
vn 0.3612 -0.2073 0.9092
vn 0.0691 -0.0396 0.9968
vn 0.0658 -0.0544 0.9964
vn 0.0634 -0.0527 0.9966
vn 0.0558 -0.0604 0.9966
vn 0.4965 -0.8458 0.1951
vn 0.4972 -0.8472 0.1873
vn 0.4232 -0.7207 0.5490
vn 0.4209 -0.7171 0.5556
vn 0.2812 -0.4791 0.8315
vn 0.3392 -0.5816 0.7394
vn 0.1891 -0.3192 0.9286
vn 0.2578 -0.4393 0.8606
vn 0.0949 -0.1616 0.9823
vn 0.0925 -0.1577 0.9831
vn 0.0599 -0.9982 -0.0000
vn 0.0748 -0.9972 0.0018
vn 0.1080 -0.9941 -0.0000
vn 0.1671 -0.9859 -0.0000
vn 0.2161 -0.9764 -0.0000
vn 0.2533 -0.9674 -0.0000
vn 0.2861 -0.9582 -0.0000
vn 0.3496 -0.9369 -0.0000
vn 0.4229 -0.9062 -0.0000
vn 0.4822 -0.8761 -0.0000
vn 0.3956 -0.9184 -0.0000
vn 0.1833 -0.9831 -0.0000
vn 0.0360 -0.9994 -0.0000
vn -0.1120 -0.9937 -0.0000
vn -0.2577 -0.9662 -0.0000
vn -0.4644 -0.8856 -0.0000
vn -0.5902 -0.8072 -0.0000
vn -0.7297 -0.6838 -0.0000
vn -0.9287 -0.3708 -0.0000
vn -0.9950 -0.1000 -0.0000
vn -0.9963 0.0862 -0.0000
vn -0.9630 0.2695 -0.0000
vn -0.8963 0.4434 -0.0000
vn -0.8511 0.5250 -0.0000
vn -0.8074 0.5900 -0.0000
vn -0.7052 0.7090 -0.0000
vn -0.5857 0.8105 -0.0000
vn -0.4519 0.8921 -0.0000
vn -0.3069 0.9518 -0.0000
vn -0.1543 0.9880 -0.0000
vn -0.1244 0.9922 -0.0000
vn -0.1994 0.9799 -0.0000
vn -0.2872 0.9579 -0.0000
vn -0.3591 0.9333 -0.0000
vn -0.4408 0.8976 -0.0000
vn -0.5086 0.8610 -0.0000
vn -0.5727 0.8198 -0.0000
vn -0.6445 0.7646 -0.0000
vn -0.7006 0.7135 -0.0000
vn -0.7623 0.6472 -0.0000
vn -0.8092 0.5875 -0.0000
vn -0.7871 0.6169 -0.0000
vn -0.6752 0.7376 -0.0000
vn -0.5452 0.8383 -0.0000
vn -0.5451 0.8383 -0.0000
vn -0.4004 0.9164 -0.0000
vn -0.2446 0.9696 -0.0000
vn -0.0823 0.9966 -0.0000
vn 0.5062 -0.8624 -0.0000
vn 0.5768 -0.8169 -0.0000
vn 0.6782 -0.7334 -0.0473
vn 0.6058 -0.7956 0.0065
vn 0.7537 -0.6572 -0.0035
vn 0.7461 -0.6658 -0.0000
vn 0.8059 -0.5920 -0.0000
vn 0.8195 -0.5730 -0.0024
vn 0.8660 -0.5000 0.0063
vn 0.8907 -0.4546 -0.0077
vn 0.9219 -0.3874 0.0014
vn 0.9365 -0.3508 -0.0005
vn 0.9711 -0.2385 0.0051
vn 0.9737 -0.2277 -0.0000
vn 0.9999 -0.0163 -0.0000
vn 1.0000 -0.0052 0.0051
vn 0.9936 0.1127 -0.0005
vn 0.9884 0.1520 0.0014
vn 0.9743 0.2251 -0.0078
vn 0.9613 0.2754 0.0064
vn 0.9338 0.3577 -0.0024
vn 0.9007 0.4344 0.0061
vn 0.8849 0.4657 -0.0030
vn 0.8362 0.5485 0.0018
vn 0.8092 0.5876 -0.0056
vn 0.7330 0.6802 0.0130
vn 0.7570 0.6534 -0.0000
vn 0.2518 -0.9678 -0.0000
vn 0.4090 -0.9103 0.0642
vn 0.2644 -0.9586 -0.1060
vn 0.4685 -0.8833 0.0146
vn 0.5721 -0.8202 -0.0039
vn 0.6650 -0.7467 0.0147
vn 0.6682 -0.7438 0.0174
vn 0.7985 -0.6017 -0.0179
vn 0.8149 -0.5796 -0.0000
vn 0.0420 -0.9812 0.1886
vn 0.1055 -0.8271 0.5521
vn 0.0892 -0.7566 0.6478
vn 0.0688 -0.5394 0.8392
vn 0.0584 -0.4822 0.8741
vn 0.0209 -0.1839 0.9827
vn 0.0219 -0.1887 0.9818
vn 0.0594 -0.9048 0.4217
vn 0.0133 -0.2278 0.9736
vn 0.0123 -0.1817 0.9833
vn 0.0368 -0.5424 0.8393
vn 0.0368 -0.5425 0.8392
vn 0.0565 -0.8318 0.5522
vn 0.0565 -0.8318 0.5521
vn 0.0628 -0.9249 0.3750
vn 0.1263 -0.9903 0.0577
vn 0.1375 -0.9608 0.2408
vn 0.0421 -0.9845 0.1703
vn 0.0425 -0.9829 0.1789
vn 0.0360 -0.8329 0.5523
vn 0.0235 -0.5431 0.8393
vn 0.0078 -0.1809 0.9835
vn 0.0078 -0.1834 0.9830
vn 0.0079 -0.1835 0.9830
vn 0.0232 -0.5431 0.8393
vn 0.0356 -0.8329 0.5523
vn 0.4632 -0.8862 -0.0000
vn 0.3954 -0.9180 0.0305
vn 0.3500 -0.9368 -0.0000
vn 0.1620 -0.9868 -0.0000
vn 0.1638 -0.9865 -0.0000
vn -0.0279 -0.9996 -0.0000
vn -0.2010 -0.9796 -0.0000
vn -0.3847 -0.9230 -0.0000
vn -0.5393 -0.8421 -0.0000
vn -0.6905 -0.7233 -0.0000
vn -0.8962 -0.4436 -0.0000
vn -0.9645 -0.2640 -0.0000
vn -0.9957 -0.0928 -0.0000
vn -0.9950 0.0997 -0.0000
vn -0.9627 0.2707 -0.0000
vn -0.8932 0.4498 -0.0000
vn -0.8931 0.4498 -0.0000
vn -0.8678 0.4970 -0.0000
vn -0.8185 0.5745 -0.0000
vn -0.7432 0.6691 -0.0000
vn -0.6155 0.7881 -0.0000
vn -0.4693 0.8831 -0.0000
vn -0.3500 0.9367 -0.0000
vn -0.2669 0.9637 -0.0000
vn 0.6877 0.7260 -0.0000
vn 0.5815 0.8135 -0.0000
vn 0.4641 0.8858 -0.0000
vn 0.4642 0.8858 -0.0000
vn 0.3379 0.9412 -0.0000
vn 0.2054 0.9787 -0.0000
vn 0.0689 0.9976 -0.0000
vn -0.0000 1.0000 -0.0000
vn 0.1734 0.9849 -0.0000
vn 0.4992 0.8665 -0.0000
vn 0.7651 0.6439 -0.0000
vn 0.9390 0.3439 -0.0000
vn 1.0000 0.0027 -0.0000
vn 0.9408 -0.3390 -0.0000
vn 0.8678 -0.4970 -0.0000
vn 0.1082 -0.9941 -0.0000
vn 0.1890 -0.9819 -0.0105
vn 0.1093 -0.9940 -0.0000
vn 0.2747 -0.9615 -0.0000
vn 0.4350 -0.9004 -0.0000
vn 0.5823 -0.8130 -0.0000
vn 0.7127 -0.7015 -0.0000
vn 0.8220 -0.5695 -0.0000
vn 0.1545 -0.9880 -0.0000
vn 0.0610 -0.9981 0.0044
vn 0.0959 -0.9954 -0.0000
vn -0.0170 -0.9999 -0.0000
vn -0.0652 -0.9979 -0.0000
vn -0.1428 -0.9898 -0.0000
vn -0.2375 -0.9714 -0.0000
vn -0.2374 -0.9714 -0.0000
vn -0.3125 -0.9499 -0.0000
vn -0.3803 -0.9249 -0.0000
vn -0.4512 -0.8924 -0.0000
vn -0.5147 -0.8573 -0.0000
vn -0.5456 -0.8380 -0.0000
vn -0.6310 -0.7758 -0.0000
vn -0.7658 -0.6431 -0.0000
vn -0.8696 -0.4938 -0.0000
vn -0.9469 -0.3215 -0.0000
vn -0.9895 -0.1443 -0.0000
vn -0.9986 -0.0533 -0.0000
vn -0.9989 0.0470 -0.0000
vn -0.9745 0.2246 -0.0000
vn -0.9490 0.3152 -0.0000
vn -0.9108 0.4128 -0.0000
vn 0.6996 0.7146 -0.0000
vn 0.6858 0.7005 0.1971
vn 0.6874 0.7017 0.1874
vn 0.5845 0.5975 0.5490
vn 0.5732 0.5844 0.5744
vn 0.4600 0.4701 0.7532
vn 0.3831 0.3932 0.8358
vn 0.3390 0.3450 0.8753
vn 0.2317 0.2367 0.9436
vn 0.1041 0.1059 0.9889
vn 0.1107 0.1131 0.9874
vn -0.0000 -0.0000 1.0000
vn 0.4532 -0.3122 0.8350
vn 0.0680 -0.1782 0.9816
vn 0.2501 -0.2282 0.9409
vn 0.0617 -0.1498 0.9868
vn 0.1183 -0.1103 0.9868
vn 0.1123 -0.1027 0.9884
vn 0.2442 -0.2719 0.9308
vn 0.3760 -0.3514 0.8574
vn 0.2385 -0.4497 0.8607
vn 0.1632 -0.3895 0.9064
vn 0.1383 -0.5326 0.8350
vn 0.8006 -0.5695 0.1865
vn 0.7968 -0.5715 0.1962
vn 0.6554 -0.7295 0.1957
vn 0.4595 -0.8663 0.1957
vn 0.4595 -0.8663 0.1958
vn 0.2607 -0.9452 0.1963
vn 0.2652 -0.9460 0.1864
vn 0.6843 -0.4819 0.5474
vn 0.6628 -0.4821 0.5729
vn 0.5484 -0.6105 0.5715
vn 0.5484 -0.6105 0.5714
vn 0.3845 -0.7250 0.5715
vn 0.2136 -0.7917 0.5723
vn 0.2324 -0.8044 0.5467
vn 0.1626 -0.0931 0.9823
vn 0.1290 -0.0737 0.9889
vn 0.4762 -0.2730 0.8359
vn 0.2881 -0.1636 0.9435
vn 0.4764 -0.2728 0.8358
vn 0.7253 -0.4154 0.5490
vn 0.8524 -0.4882 0.1873
vn 0.8669 -0.4973 0.0355
vn 0.8460 -0.4845 0.2225
vn -0.9376 0.3476 -0.0000
vn -0.9997 0.0249 -0.0000
vn -0.9538 -0.3005 -0.0000
vn -0.8049 -0.5934 -0.0000
vn -0.5691 -0.8223 -0.0000
vn -0.2770 -0.9609 -0.0000
vn -0.0048 0.2188 0.9758
vn -0.0326 0.1866 0.9819
vn 0.0103 0.5492 0.8356
vn -0.1592 0.7234 0.6718
vn 0.1765 0.3728 0.9110
vn 0.0633 0.4026 0.9132
vn 0.9523 -0.2969 0.0710
vn 0.9064 -0.4209 0.0354
vn 0.7796 -0.3085 0.5451
vn 0.1713 -0.0780 0.9821
vn 0.1471 -0.0951 0.9845
vn 0.1417 -0.0284 0.9895
vn 0.1801 0.0147 0.9835
vn 0.1407 -0.0073 0.9900
vn 0.1520 0.0600 0.9866
vn 0.1433 0.0490 0.9885
vn 0.1166 0.0949 0.9886
vn 0.1189 0.1068 0.9871
vn 0.0792 0.1202 0.9896
vn 0.0691 0.1459 0.9869
vn 0.0415 0.1383 0.9895
vn -0.0166 0.1744 0.9845
vn 0.0122 0.1877 0.9822
vn 0.0437 0.7341 0.6776
vn 0.0832 0.7264 0.6822
vn 0.4060 0.8572 0.3168
vn 0.3151 0.8547 -0.4125
vn 0.1623 0.9786 0.1268
vn 0.8718 0.2978 0.3890
vn 0.8191 0.5360 -0.2042
vn 0.6347 0.5701 0.5217
vn 0.6680 0.6440 0.3728
vn 0.6134 0.7857 -0.0800
vn 0.9795 -0.0100 0.2014
vn 0.9929 0.1183 0.0125
vn 0.9424 0.2908 0.1653
vn 0.0628 0.5489 0.8335
vn -0.0156 0.6288 0.7774
vn 0.2661 0.5618 0.7833
vn 0.2663 0.4435 0.8558
vn 0.3896 0.3499 0.8520
vn 0.3896 0.3499 0.8519
vn 0.4952 0.1692 0.8522
vn 0.4951 0.1691 0.8522
vn 0.5213 -0.0269 0.8530
vn 0.4831 -0.1912 0.8544
vn 0.5369 -0.1577 0.8288
vn 0.9845 -0.1754 -0.0072
vn 0.9049 -0.0467 0.4230
vn 0.9822 -0.0507 0.1811
vn 0.1640 0.8994 0.4053
vn 0.3924 0.8284 0.3997
vn 0.3923 0.8284 0.3998
vn 0.6821 0.6127 0.3991
vn 0.6822 0.6127 0.3991
vn 0.8675 0.2963 0.3995
vn 0.8676 0.2963 0.3994
vn 0.9151 -0.0472 0.4005
vn 0.9151 -0.0472 0.4004
vn 0.9308 0.3180 0.1806
vn 0.9308 0.3179 0.1803
vn 0.7318 0.6573 0.1802
vn 0.7318 0.6573 0.1803
vn 0.4210 0.8889 0.1807
vn 0.1997 0.9625 0.1838
vn 0.1484 0.9157 0.3735
vn 0.8879 -0.3513 0.2970
vn 0.9143 -0.3618 0.1822
vn 0.9010 -0.3735 0.2208
vn 0.8551 -0.3261 0.4031
vn 0.7166 -0.3463 0.6055
vn 0.7928 -0.0409 0.6082
vn 0.7928 -0.0409 0.6081
vn 0.7521 0.2569 0.6069
vn 0.7521 0.2569 0.6070
vn 0.5915 0.5313 0.6065
vn 0.5916 0.5313 0.6064
vn 0.3401 0.7180 0.6073
vn 0.3401 0.7180 0.6074
vn 0.0979 0.7852 0.6115
vn 0.1168 0.7932 0.5977
vn 0.1033 0.1067 0.9889
vn 0.2113 0.2564 0.9432
vn 0.1425 0.1528 0.9779
vn 0.0904 0.1028 0.9906
vn 0.1522 0.1897 0.9700
vn 0.0831 0.1179 0.9895
vn 0.1623 0.2624 0.9512
vn 0.0904 0.1601 0.9830
vn 0.0782 0.1664 0.9830
vn 0.1281 0.3193 0.9390
vn 0.0486 0.1423 0.9886
vn 0.0506 0.2413 0.9691
vn 0.0322 0.1690 0.9851
vn 0.0163 0.1945 0.9808
vn 0.0138 0.1755 0.9844
vn 0.0017 0.6008 0.7994
vn 0.0027 0.8335 0.5525
vn 0.0529 0.9710 0.2332
vn 0.0018 0.9565 0.2918
vn 0.0041 0.9948 0.1014
vn 0.0007 0.2341 0.9722
vn -0.0007 0.1941 0.9810
vn 0.0029 0.5440 0.8391
vn 0.0453 0.5422 0.8391
vn 0.0453 0.5423 0.8389
vn 0.1117 0.5332 0.8386
vn 0.1118 0.5334 0.8384
vn 0.2030 0.5062 0.8382
vn 0.2867 0.4634 0.8385
vn 0.2866 0.4632 0.8386
vn 0.3407 0.4245 0.8389
vn 0.3405 0.4243 0.8390
vn 0.3705 0.3982 0.8392
vn 0.3743 0.4018 0.8357
vn 0.0027 0.8339 0.5519
vn 0.0695 0.8310 0.5519
vn 0.0695 0.8311 0.5517
vn 0.1711 0.8166 0.5512
vn 0.1712 0.8168 0.5509
vn 0.3107 0.7748 0.5505
vn 0.4390 0.7097 0.5509
vn 0.4389 0.7096 0.5513
vn 0.5220 0.6505 0.5517
vn 0.5220 0.6504 0.5518
vn 0.5681 0.6104 0.5520
vn 0.5697 0.6118 0.5488
vn 0.0019 0.9821 0.1884
vn 0.0818 0.9787 0.1884
vn 0.0818 0.9787 0.1883
vn 0.2014 0.9613 0.1881
vn 0.2015 0.9613 0.1880
vn 0.3656 0.9116 0.1878
vn 0.5167 0.8353 0.1881
vn 0.6147 0.7659 0.1883
vn 0.6147 0.7659 0.1885
vn 0.6692 0.7188 0.1886
vn 0.6694 0.7189 0.1873
vn 0.9070 -0.4211 -0.0000
vn 0.9547 -0.2976 -0.0000
vn 0.9845 -0.1754 -0.0000
vn 0.9999 -0.0102 -0.0000
vn 0.9930 0.1183 -0.0000
vn 0.9555 0.2948 -0.0000
vn 0.8368 0.5475 -0.0000
vn 0.8815 0.4709 0.0335
vn 0.7195 0.6937 -0.0317
vn 0.7734 0.6339 -0.0030
vn 0.6154 0.7882 0.0019
vn 0.5909 0.8067 -0.0047
vn 0.3914 0.9202 0.0075
vn 0.1695 0.9832 0.0677
vn 0.3459 0.9383 -0.0000
vn 0.0098 1.0000 -0.0000
vn 0.0020 0.9998 -0.0221
vn 0.1131 0.9933 0.0252
vn 0.0833 0.9963 -0.0219
vn 0.2327 0.9722 0.0271
vn 0.2051 0.9787 -0.0119
vn 0.3753 0.9268 0.0113
vn 0.3722 0.9281 0.0074
vn 0.5094 0.8605 -0.0057
vn 0.5260 0.8504 0.0141
vn 0.6473 0.7620 -0.0218
vn 0.6233 0.7767 -0.0906
vn 0.6814 0.7319 -0.0000
vn -0.9497 0.3131 -0.0000
vn -0.7699 0.6381 -0.0000
vn -0.4840 0.8751 -0.0000
vn -0.1313 0.9913 -0.0000
vn 0.2395 0.9709 -0.0000
vn 0.5773 0.8165 -0.0000
vn 0.8354 0.5496 -0.0000
vn 0.9784 0.2068 -0.0000
vn -0.8911 -0.4538 -0.0000
vn -0.8827 -0.4699 -0.0000
vn -0.8643 -0.5030 -0.0000
vn -0.8479 -0.5302 -0.0000
vn -0.8327 -0.5537 -0.0000
vn -0.8178 -0.5755 -0.0000
vn -0.8185 -0.5745 -0.0000
vn -0.7984 -0.6022 -0.0000
vn -0.7719 -0.6357 -0.0000
vn -0.7489 -0.6627 -0.0000
vn 0.0004 -0.0000 -1.0000
vn -0.0001 -0.0000 -1.0000
vn -0.9964 -0.0846 -0.0000
vn -1.0000 0.0037 -0.0000
vn -0.9958 0.0921 -0.0000
vn -0.9838 0.1794 -0.0000
vn -0.9513 0.3081 -0.0000
vn -0.8824 0.4705 -0.0000
vn -0.9912 -0.1327 -0.0000
vn -0.9725 -0.2329 -0.0000
vn -0.9166 -0.3998 -0.0000
vn -0.8373 -0.5468 -0.0000
vn -0.8372 -0.5469 -0.0000
vn -0.7314 -0.6820 -0.0000
vn -0.2041 -0.9790 -0.0000
vn -0.2994 -0.9541 -0.0000
vn -0.3823 -0.9240 -0.0000
vn -0.5268 -0.8500 -0.0000
vn -0.6037 -0.7972 -0.0000
vn 0.1927 -0.9632 0.1873
vn 0.3743 -0.9232 0.0874
vn 0.3662 -0.8867 0.2823
vn 0.3776 -0.9218 0.0880
vn 0.1726 -0.4188 0.8915
vn 0.2308 -0.5706 0.7881
vn 0.3133 -0.7753 0.5485
vn 0.2847 -0.6915 0.6639
vn 0.3263 -0.8046 0.4962
vn 0.2051 -0.5098 0.8355
vn 0.0701 -0.1741 0.9822
vn 0.0656 -0.1639 0.9843
vn 0.0469 -0.1820 0.9822
vn 0.1373 -0.5328 0.8350
vn 0.1372 -0.5328 0.8351
vn 0.2087 -0.8102 0.5478
vn 0.2087 -0.8101 0.5479
vn 0.2301 -0.8932 -0.3864
vn 0.2671 -0.9224 0.2788
vn 0.1941 -0.9810 -0.0000
vn 0.1632 -0.9864 0.0182
vn 0.1416 -0.9899 -0.0000
vn 0.0655 -0.9979 -0.0000
vn 0.0428 -0.9991 -0.0000
vn 0.1962 -0.9806 -0.0013
vn 0.2191 -0.9757 -0.0000
vn 0.2782 -0.9605 -0.0000
vn 0.3791 -0.9254 -0.0000
vn 0.6489 0.7608 -0.0000
vn 0.5242 0.8516 -0.0000
vn 0.4424 0.8968 -0.0000
vn 0.3719 0.9283 -0.0000
vn 0.2836 0.9590 -0.0000
vn 0.2089 0.9779 -0.0000
vn 0.2095 0.9778 -0.0000
vn 0.1325 0.9912 -0.0000
vn 0.0396 0.9992 -0.0000
vn -0.0376 0.9993 -0.0000
vn -0.1618 0.9868 -0.0000
vn -0.3116 0.9502 -0.0000
vn -0.2816 0.9595 -0.0113
vn -0.1308 0.9914 0.0080
vn -0.3531 -0.9356 -0.0000
vn -0.5885 -0.8085 -0.0000
vn -0.8343 -0.5512 -0.0000
vn -0.9506 -0.3103 -0.0000
vn -0.9907 -0.1362 -0.0000
vn -0.9991 0.0424 -0.0000
vn 0.0001 -0.0000 -1.0000
vn 0.0001 -0.0000 1.0000
vn -0.0001 -0.0000 1.0000
vn 0.0006 -0.0000 1.0000
vn -0.0003 -0.0000 1.0000
vn -0.1400 0.9901 -0.0000
vn -0.1447 0.9895 0.0006
vn -0.1439 0.9896 0.0005
vn -0.1557 0.9878 -0.0006
vn -0.1584 0.9874 -0.0000
vn 0.3288 -0.9444 -0.0000
vn 0.3305 -0.9438 -0.0027
vn 0.3183 -0.9480 -0.0000
vn 0.7604 0.6494 -0.0000
vn 0.7605 0.6494 -0.0000
vn 0.9374 0.3483 -0.0000
vn 1.0000 0.0048 -0.0000
vn 0.9406 -0.3394 -0.0000
vn 0.9406 -0.3395 -0.0000
vn 0.7665 -0.6422 -0.0000
vn 0.7666 -0.6422 -0.0000
vn 0.4990 -0.8666 -0.0000
vn 0.7073 0.7069 -0.0000
vn 0.7836 0.6213 -0.0000
vn 0.8401 0.5424 -0.0000
vn 0.9217 0.3879 -0.0000
vn 0.9217 0.3878 -0.0000
vn 0.9549 0.2969 -0.0000
vn 0.9551 0.2962 -0.0000
vn 0.9773 0.2120 -0.0000
vn 0.9932 0.1162 -0.0000
vn 0.9932 0.1161 -0.0000
vn 0.9996 0.0290 -0.0000
vn 0.9977 -0.0682 -0.0000
vn 0.9879 -0.1551 -0.0000
vn 0.9682 -0.2502 -0.0000
vn -0.0353 0.9994 -0.0000
vn 0.3035 0.9528 -0.0000
vn 0.6067 0.7949 -0.0000
vn 0.8390 0.5441 -0.0000
vn 0.9733 0.2296 -0.0000
vn 0.9937 -0.1117 -0.0000
vn 0.9937 -0.1118 -0.0000
vn -0.1976 0.9803 -0.0000
vn -0.1861 0.9825 0.0048
vn -0.1788 0.9839 0.0010
vn -0.1672 0.9859 -0.0000
vn 0.5545 -0.8322 -0.0000
vn 0.2197 -0.9756 -0.0000
vn -0.1441 -0.9896 -0.0000
vn -0.4889 -0.8723 -0.0000
vn -0.7688 -0.6395 -0.0000
vn -0.7688 -0.6394 -0.0000
vn -0.9468 -0.3218 -0.0000
vn -0.9993 0.0386 -0.0000
vn -0.9192 0.3938 -0.0000
vn -0.7173 0.6968 -0.0000
vn -0.4202 0.9074 -0.0000
vn -0.0675 0.9977 -0.0000
vn 0.2943 0.9557 -0.0000
vn 0.6169 0.7870 -0.0000
vn 0.7621 -0.6474 -0.0000
vn 0.9685 -0.2492 -0.0000
vn 0.8351 -0.5501 -0.0000
vn 0.8782 -0.4725 -0.0740
vn 0.6203 -0.7844 -0.0000
vn 0.4376 -0.8992 -0.0000
vn 0.4376 -0.8991 -0.0000
vn 0.1422 -0.9898 -0.0000
vn -0.2520 -0.9677 -0.0000
vn -0.5266 -0.8501 -0.0000
vn -0.6147 -0.7878 0.0382
vn -0.9978 -0.0666 -0.0000
vn -0.9318 -0.3631 -0.0000
vn -0.8329 -0.5535 -0.0000
vn -0.6945 -0.7195 -0.0000
vn 0.2377 -0.9713 -0.0000
vn 0.3024 -0.4169 -0.8572
vn -0.4386 -0.2804 -0.8538
vn -0.5239 -0.0704 -0.8489
vn -0.2446 -0.4822 -0.8412
vn 0.1351 -0.5230 -0.8416
vn 0.1249 -0.2791 -0.9521
vn 0.0375 -0.5064 -0.8615
vn 0.4950 -0.1657 -0.8529
vn 0.3930 -0.3454 -0.8522
vn -0.1119 0.9937 -0.0000
vn -0.1221 0.9925 0.0002
vn -0.1227 0.9924 0.0003
vn -0.1322 0.9912 -0.0000
vn -0.1337 0.9910 -0.0000
vn -0.1967 -0.0630 -0.9784
vn -0.1794 -0.0323 -0.9833
vn -0.2027 -0.0455 -0.9782
vn -0.1851 -0.0116 -0.9826
vn -0.2015 -0.0190 -0.9793
vn -0.6574 -0.0463 -0.7521
vn -0.4672 0.0306 -0.8836
vn -0.1976 -0.0082 -0.9803
vn -0.2839 -0.0366 -0.9582
vn -0.1357 0.0044 -0.9907
vn -0.1273 -0.0005 -0.9919
vn -0.3024 -0.0889 -0.9490
vn -0.4502 -0.1313 -0.8832
vn -0.5736 0.0104 -0.8190
vn -0.5435 -0.0360 -0.8386
vn -0.5707 -0.0613 -0.8189
vn -0.5337 -0.0952 -0.8403
vn -0.5603 -0.1327 -0.8176
vn -0.5569 -0.1347 -0.8196
vn -0.6028 -0.1965 -0.7733
vn -0.6677 -0.1877 -0.7204
vn -0.6769 -0.1152 -0.7270
vn -0.6915 -0.2238 -0.6869
vn -0.6734 -0.2389 -0.6996
vn -0.6750 -0.2329 -0.7001
vn -0.6746 -0.2285 -0.7020
vn -0.6852 -0.2010 -0.7000
vn -0.6854 -0.2013 -0.6998
vn -0.6644 -0.1861 -0.7238
vn -0.6733 -0.2398 -0.6994
vn -0.6729 -0.2389 -0.7001
vn -0.7121 0.0109 -0.7020
vn -0.7087 0.0431 -0.7042
vn -0.7138 0.0507 -0.6985
vn -0.7116 0.0434 -0.7013
vn -0.6993 0.0156 -0.7146
vn -0.7125 0.0515 -0.6998
vn -0.7128 0.0514 -0.6995
vn -0.6959 0.0139 -0.7180
vn -0.7037 0.0194 -0.7102
vn -0.7115 -0.0419 -0.7014
vn -0.6966 -0.0752 -0.7135
vn -0.7076 -0.1661 -0.6868
vn -0.5517 -0.0485 -0.8326
vn -0.6965 -0.0365 -0.7167
vn -0.6972 -0.0366 -0.7159
vn -0.6457 -0.0337 -0.7629
vn -0.0539 -0.0028 -0.9985
vn -0.1646 -0.0276 -0.9860
vn -0.2096 -0.0148 -0.9777
vn -0.3691 -0.0177 -0.9292
vn -0.3478 -0.0200 -0.9374
vn -0.4972 -0.0221 -0.8673
vn -0.7061 -0.0370 -0.7071
vn -0.9976 -0.0036 -0.0695
vn -0.7413 -0.0351 -0.6702
vn -0.8132 -0.0486 -0.5799
vn -0.8395 -0.0307 -0.5425
vn -0.9154 -0.0202 -0.4020
vn -0.9088 -0.0230 -0.4165
vn -0.9390 -0.0169 -0.3434
vn -0.9645 -0.0037 -0.2641
vn -0.9766 -0.0156 -0.2145
vn -0.9985 0.0005 -0.0540
vn 0.2915 -0.9566 -0.0000
vn 0.2935 -0.9560 -0.0004
vn 0.2960 -0.9552 -0.0009
vn 0.2935 -0.9560 0.0007
vn 0.2977 -0.9546 -0.0000
vn 0.3018 -0.9534 -0.0000
vn 0.3136 -0.9496 -0.0000
vn 0.3161 -0.9487 -0.0008
vn 0.3087 -0.9512 0.0014
vn 0.3133 -0.9497 -0.0013
vn 0.3050 -0.9524 0.0010
vn 0.3026 -0.9531 0.0021
vn 0.3090 -0.9511 -0.0025
vn 0.3059 -0.9521 -0.0008
vn -0.2938 -0.0226 -0.9556
vn -0.6689 -0.0351 -0.7426
vn -0.5967 -0.0165 -0.8023
vn -0.5407 -0.0318 -0.8406
vn -0.4269 -0.0212 -0.9040
vn -0.2750 -0.0290 -0.9610
vn -0.1659 -0.0093 -0.9861
vn -0.0818 -0.0018 -0.9967
vn -0.0690 -0.0036 -0.9976
vn -0.0003 -0.0000 -1.0000
vn -0.8788 -0.4773 -0.0000
vn -0.9216 -0.3879 0.0173
vn -0.9134 -0.4071 0.0032
vn -0.9750 -0.2222 -0.0028
vn -0.9788 -0.2047 0.0079
vn -0.9940 -0.1092 -0.0005
vn -0.8569 0.5154 -0.0000
vn -0.9998 -0.0181 0.0028
vn -0.9999 -0.0029 0.0105
vn -0.9899 0.1415 -0.0090
vn -0.9877 0.1561 -0.0026
vn -0.9488 0.3159 0.0037
vn -0.9673 0.2503 -0.0398
vn -0.9019 0.4301 0.0383
vn -0.9245 0.3812 0.0052
vn -0.8583 0.5131 -0.0030
vn -0.8247 0.5654 0.0136
vn -0.7611 0.6485 -0.0117
vn -0.6837 0.7296 0.0141
vn -0.6170 0.7869 -0.0114
vn -0.3844 0.9232 -0.0000
vn -0.4482 0.8939 -0.0098
vn -0.4566 0.8897 -0.0067
vn -0.5511 0.8344 0.0038
vn -0.8781 -0.4786 0.0005
vn -0.8584 -0.5129 -0.0003
vn -0.8457 -0.5336 0.0014
vn -0.8026 -0.5965 -0.0057
vn -0.7821 -0.6232 0.0040
vn -0.7154 -0.6987 -0.0027
vn -0.7250 -0.6888 -0.0000
vn -0.6648 -0.7471 -0.0000
vn -0.6527 -0.7576 -0.0033
vn -0.6007 -0.7995 0.0017
vn -0.5394 -0.8421 -0.0064
vn -0.5261 -0.8504 -0.0108
vn -0.4479 -0.8941 0.0057
vn -0.3557 -0.9346 -0.0091
vn -0.2910 -0.9567 0.0111
vn -0.1681 -0.9857 -0.0114
vn -0.1816 -0.9833 -0.0072
vn -0.0729 -0.9973 0.0051
vn -0.0047 -0.9999 -0.0096
vn 0.0978 -0.9951 0.0121
vn 0.1704 -0.9854 -0.0078
vn 0.2263 -0.9740 -0.0000
vn 0.1663 -0.9861 0.0001
vn 0.1727 -0.9850 -0.0007
vn 0.2001 -0.9798 -0.0000
vn 0.1858 -0.9826 -0.0043
vn 0.1904 -0.9817 -0.0073
vn 0.1809 -0.9835 -0.0026
vn 0.1652 -0.9863 -0.0000
vn 0.1653 -0.9862 0.0010
vn 0.0738 -0.9973 -0.0000
vn 0.9483 -0.3173 -0.0000
vn 0.7511 -0.6601 -0.0000
vn 0.5870 -0.8096 -0.0000
vn 0.4224 -0.9064 0.0018
vn 0.4085 -0.9128 -0.0000
vn -0.0966 0.9953 0.0010
vn -0.0955 0.9954 0.0068
vn -0.1003 0.9950 0.0016
vn -0.1027 0.9947 -0.0000
vn -0.0894 0.9960 -0.0000
vn -0.0815 0.9967 0.0048
vn -0.0940 0.9956 0.0015
vn -0.0918 0.9958 0.0009
vn -0.0968 0.9953 0.0029
vn -0.0895 0.9960 -0.0010
vn -0.1117 0.9937 0.0002
vn -0.1093 0.9940 -0.0000
vn -0.9730 0.2310 -0.0000
vn -0.9726 0.2326 -0.0000
vn -0.9269 0.3753 -0.0000
vn -0.9170 0.3989 -0.0004
vn -0.7921 0.6103 0.0008
vn -0.7459 0.6661 -0.0016
vn -0.5242 0.8516 0.0013
vn -0.2763 0.9611 -0.0059
vn -0.3601 0.9329 -0.0019
vn -0.1296 0.9916 0.0001
vn -0.0846 0.9964 -0.0000
vn -0.9971 -0.0755 -0.0000
vn -0.9561 -0.2931 -0.0000
vn -0.9918 -0.1278 -0.0098
vn -0.9931 -0.1171 -0.0025
vn -0.9741 -0.2262 0.0018
vn -0.9681 -0.2502 -0.0109
vn -0.9979 -0.0651 -0.0003
vn -0.9999 -0.0108 0.0040
vn -0.9998 0.0182 -0.0053
vn -0.9937 0.1120 0.0047
vn -0.9917 0.1285 -0.0000
vn 0.1611 -0.9869 -0.0000
vn 0.2700 -0.9629 -0.0029
vn 0.1428 -0.9897 0.0001
vn -0.1435 -0.9896 -0.0002
vn -0.1397 -0.9902 -0.0001
vn -0.4646 -0.8855 0.0001
vn -0.5310 -0.8474 -0.0027
vn -0.7328 -0.6805 0.0016
vn -0.8359 -0.5489 -0.0021
vn -0.9012 -0.4335 0.0008
vn -0.9380 -0.3465 -0.0000
vn 0.2857 -0.9583 -0.0000
vn 0.2873 -0.9578 -0.0006
vn 0.2858 -0.9583 -0.0002
vn 0.2844 -0.9587 -0.0000
vn 0.2822 -0.9594 -0.0036
vn 0.2840 -0.9588 0.0009
vn 0.2854 -0.9584 -0.0003
vn 0.2853 -0.9585 -0.0006
vn 0.2852 -0.9585 -0.0004
vn 0.2826 -0.9592 -0.0006
vn 0.2856 -0.9583 -0.0000
vn 0.2853 -0.9584 -0.0003
vn 0.1120 -0.9937 -0.0000
vn 0.1340 -0.9910 -0.0000
vn 0.1346 -0.9909 -0.0002
vn 0.1225 -0.9925 0.0007
vn 0.1311 -0.9914 -0.0016
vn 0.1252 -0.9921 -0.0005
vn 0.1133 -0.9936 0.0003
vn 0.1199 -0.9928 -0.0002
vn 0.1163 -0.9932 -0.0000
vn -1.0000 -0.0000 -0.0000
vn -0.0962 -0.0000 -0.9954
vn -0.2445 -0.0089 -0.9696
vn -0.2967 -0.0039 -0.9550
vn -0.5980 0.0049 -0.8015
vn -0.5173 -0.0061 -0.8558
vn -0.7736 0.0050 -0.6337
vn -0.7733 0.0050 -0.6340
vn -0.9962 -0.0000 -0.0867
vn -0.9712 0.0081 -0.2381
vn -0.9576 0.0033 -0.2881
vn -0.8779 -0.0012 -0.4788
vn -0.7698 -0.0334 -0.6374
vn -0.9985 -0.0029 -0.0544
vn -0.9902 0.0064 -0.1393
vn -0.9788 -0.0135 -0.2043
vn -0.9321 -0.0163 -0.3618
vn -0.8988 -0.0387 -0.4366
vn -0.8237 -0.0143 -0.5668
vn -0.7147 -0.0578 -0.6970
vn -0.7060 -0.0369 -0.7073
vn -0.3163 0.9487 -0.0000
vn -0.3164 0.9486 -0.0000
vn -0.3422 0.9396 -0.0000
vn -0.3423 0.9396 -0.0004
vn 0.2941 -0.0289 0.9553
vn 0.4430 -0.0420 0.8956
vn 0.1005 -0.0116 0.9949
vn 0.1921 0.0022 0.9814
vn 0.1930 -0.0001 0.9812
vn 0.2059 0.0082 0.9785
vn 0.2091 0.0489 0.9767
vn 0.1929 0.0298 0.9808
vn 0.1944 0.0174 0.9808
vn 0.4315 0.1627 0.8874
vn 0.1552 0.0404 0.9871
vn 0.1930 0.0731 0.9785
vn 0.5157 0.0835 0.8527
vn 0.5413 0.1380 0.8294
vn 0.5323 0.1699 0.8293
vn 0.5353 0.1716 0.8270
vn 0.6134 0.2412 0.7520
vn 0.1880 0.0563 0.9805
vn 0.1929 0.0388 0.9805
vn 0.5624 0.1114 0.8193
vn 0.5444 0.0238 0.8385
vn 0.5570 0.0182 0.8303
vn 0.5605 -0.0333 0.8275
vn 0.6119 -0.0555 0.7890
vn -0.0028 0.0099 -0.9999
vn -0.1293 -0.0000 -0.9916
vn -0.2747 -0.0096 -0.9615
vn -0.6175 0.0211 -0.7863
vn -0.4828 -0.0027 -0.8757
vn -0.7682 0.0011 -0.6402
vn -0.8187 0.0064 -0.5741
vn -0.9953 -0.0000 -0.0967
vn -0.9797 0.0060 -0.2003
vn -0.9545 -0.0002 -0.2981
vn -0.8740 0.0002 -0.4859
vn 0.7145 -0.0737 0.6958
vn 0.7136 -0.0624 0.6977
vn 0.7103 -0.0623 0.7012
vn 0.7121 -0.0236 0.7017
vn 0.7069 0.0248 0.7069
vn 0.7046 0.0176 0.7093
vn 0.7051 0.0713 0.7055
vn 0.6944 0.1119 0.7108
vn 0.6711 0.2586 0.6948
vn 0.6714 0.2626 0.6930
vn 0.6946 0.1130 0.7105
vn 0.6911 0.1755 0.7011
vn 0.6917 0.1743 0.7008
vn 0.6778 0.2144 0.7033
vn 0.9562 -0.2926 -0.0000
vn 0.8095 -0.5871 -0.0000
vn 0.5752 -0.8180 -0.0000
vn 0.2786 -0.9604 -0.0000
vn -0.0119 -0.9999 -0.0000
vn 0.9583 -0.2859 -0.0000
vn 0.9582 -0.2860 -0.0000
vn 0.8215 -0.5702 -0.0000
vn 0.6031 -0.7976 -0.0000
vn 0.6031 -0.7977 -0.0000
vn 0.3248 -0.9458 -0.0000
vn 0.3247 -0.9458 -0.0000
vn 0.0484 -0.9988 -0.0000
vn 0.0708 -0.9975 -0.0000
vn 0.0979 -0.9951 -0.0117
vn 0.0842 -0.9963 -0.0149
vn 0.0384 -0.9989 0.0261
vn 0.0713 -0.9974 -0.0038
vn 0.0785 -0.9969 -0.0102
vn 0.0878 -0.9960 -0.0178
vn 0.0936 -0.9954 -0.0223
vn 0.0192 -0.9995 0.0250
vn 0.0358 -0.9993 0.0136
vn 0.0018 -1.0000 0.0032
vn -0.0193 -0.9998 -0.0000
vn 0.0765 -0.9971 0.0058
vn 0.9134 0.4071 -0.0000
vn -0.2996 0.9533 -0.0389
vn -0.2587 0.9660 -0.0000
vn -0.2558 0.9667 0.0015
vn -0.2655 0.9641 -0.0029
vn -0.2723 0.9622 -0.0093
vn -0.2691 0.9631 -0.0000
vn -0.2792 0.9602 -0.0008
vn -0.2793 0.9602 -0.0008
vn -0.2667 0.9638 0.0049
vn -0.2778 0.9606 0.0007
vn -0.2810 0.9597 -0.0000
vn -0.2807 0.9598 0.0004
vn -0.2809 0.9597 0.0003
vn -0.2693 0.9631 0.0008
vn -0.2695 0.9630 0.0029
vn -0.2701 0.9628 -0.0063
vn -0.2795 0.9601 0.0014
vn -0.2799 0.9600 0.0021
vn -0.2796 0.9601 0.0007
vn -0.2822 0.9593 -0.0000
vn -0.2828 0.9592 0.0001
vn -0.2820 0.9594 0.0005
vn 0.6005 0.2312 0.7655
vn 0.1296 0.0277 0.9912
vn 0.2373 0.0597 0.9696
vn 0.1464 0.0554 0.9877
vn 0.1599 0.0612 0.9852
vn 0.1964 -0.0066 0.9805
vn 0.1966 0.0047 0.9805
vn 0.1272 0.0076 0.9919
vn 0.1942 0.0195 0.9808
vn 0.1926 0.0312 0.9808
vn 0.5589 -0.0183 0.8290
vn 0.0974 -0.0100 0.9952
vn 0.1296 -0.0141 0.9915
vn 0.3418 -0.0282 0.9393
vn 0.7832 -0.0720 0.6176
vn 0.6036 -0.0620 0.7949
vn 0.5593 0.0141 0.8289
vn 0.8869 0.0523 0.4590
vn 0.5530 0.0560 0.8313
vn 0.5485 0.0893 0.8314
vn 0.8357 0.1792 0.5191
vn 0.4573 0.1159 0.8818
vn 0.6519 0.2406 0.7191
vn 0.4223 0.1675 0.8908
vn -0.2573 0.9606 0.1051
vn -0.2601 0.9456 0.1953
vn -0.2356 0.8987 0.3698
vn -0.2213 0.8015 0.5556
vn -0.1906 0.7283 0.6582
vn -0.1489 0.5353 0.8314
vn -0.1240 0.4733 0.8722
vn -0.0536 0.1876 0.9808
vn -0.0439 0.1638 0.9855
vn -0.2604 0.9455 0.1953
vn -0.2604 0.9456 0.1951
vn -0.2208 0.8016 0.5556
vn -0.1475 0.5357 0.8315
vn -0.0518 0.1881 0.9808
vn 0.1333 0.2360 0.9626
vn 0.2012 0.2850 0.9372
vn -0.1142 0.8440 0.5240
vn -0.1244 0.8240 0.5527
vn -0.2185 0.9559 0.1964
vn -0.2183 0.9562 0.1949
vn 0.3763 0.3665 0.8509
vn 0.3611 0.3711 0.8555
vn 0.5428 0.4225 0.7259
vn -0.1697 0.9760 0.1364
vn -0.1689 0.9755 0.1409
vn 0.0592 0.8923 0.4476
vn 0.0572 0.9056 0.4202
vn 0.2642 0.6974 0.6662
vn 0.0087 0.3081 0.9513
vn -0.0634 0.5569 0.8282
vn 0.1396 0.5013 0.8540
vn -0.0069 0.5915 0.8063
vn 0.2337 0.6654 0.7090
vn 0.4204 0.6114 0.6704
vn 0.5086 0.4345 0.7434
vn -0.1531 0.9804 0.1240
vn -0.1542 0.9804 0.1229
vn 0.1159 0.9260 0.3593
vn 0.1203 0.9239 0.3632
vn 0.3808 0.7395 0.5551
vn 0.3869 0.7330 0.5594
vn 0.5854 0.4580 0.6690
vn 0.5911 0.4467 0.6716
vn 0.6003 0.2775 0.7500
vn 0.5377 0.4302 0.7251
vn 0.5302 0.4410 0.7242
vn 0.4097 0.6336 0.6563
vn 0.3480 0.7206 0.5996
vn 0.2955 0.7651 0.5721
vn 0.0896 0.9140 0.3957
vn 0.1509 0.8906 0.4290
vn -0.1789 0.9724 0.1495
vn -0.1194 0.9756 0.1845
vn -0.1917 0.9516 0.2402
vn -0.3101 0.9506 0.0126
vn -0.3159 0.9488 0.0025
vn -0.2303 0.9635 0.1362
vn -0.0355 0.8756 0.4817
vn 0.0117 0.8447 0.5352
vn 0.1393 0.7121 0.6881
vn 0.1783 0.6524 0.7366
vn 0.2364 0.5755 0.7829
vn 0.3439 0.3801 0.8586
vn 0.3579 0.3412 0.8692
vn 0.4114 0.2178 0.8851
vn 0.0890 0.2248 0.9703
vn 0.0829 0.2492 0.9649
vn -0.0464 0.5582 0.8284
vn -0.0514 0.5752 0.8164
vn -0.1806 0.8175 0.5469
vn -0.1835 0.8257 0.5333
vn -0.2827 0.9407 0.1873
vn -0.2814 0.9384 0.2008
vn -0.0593 0.1777 0.9823
vn -0.1737 0.5208 0.8358
vn -0.2645 0.7928 0.5490
vn -0.2645 0.7929 0.5490
vn -0.3108 0.9318 0.1873
vn -0.3108 0.9318 0.1874
vn -0.0542 0.1487 0.9874
vn -0.0639 0.1762 0.9823
vn -0.1658 0.4544 0.8752
vn -0.1875 0.5162 0.8357
vn -0.3362 0.9230 0.1873
vn -0.3357 0.9211 0.1971
vn -0.2860 0.7854 0.5489
vn -0.2804 0.7691 0.5743
vn -0.2251 0.6182 0.7531
vn -0.3400 0.7453 0.5736
vn 0.0645 -0.4105 0.9096
vn -0.2604 0.1888 0.9469
vn -0.0368 0.0393 0.9986
vn -0.6243 0.0565 0.7792
vn -0.0548 0.0107 0.9984
vn -0.3205 0.1175 0.9399
vn -0.0699 0.0288 0.9971
vn -0.0760 0.0521 0.9957
vn -0.3085 -0.0542 0.9497
vn -0.0820 -0.0057 0.9966
vn -0.0823 0.0024 0.9966
vn -0.0623 -0.0494 0.9968
vn -0.0420 -0.0311 0.9986
vn -0.4252 -0.2077 0.8810
vn -0.0755 -0.0336 0.9966
vn -0.0809 -0.0169 0.9966
vn -0.0494 -0.0657 0.9966
vn -0.2808 -0.4652 0.8395
vn 0.0424 -0.1826 0.9823
vn 0.0419 -0.1865 0.9816
vn 0.0052 -0.0529 0.9986
vn -0.0094 -0.7391 0.6735
vn -0.0058 -0.0583 0.9983
vn -0.0566 -0.2024 0.9777
vn -0.0265 -0.0872 0.9958
vn -0.0363 -0.0664 0.9971
vn 0.1523 -0.8225 0.5480
vn 0.2223 -0.9568 0.1873
vn 0.1783 -0.9383 0.2963
vn 0.0972 -0.9888 -0.1136
vn -0.0106 -0.8397 0.5429
vn -0.0719 -0.9831 0.1681
vn -0.5921 -0.7881 0.1683
vn -0.4821 -0.7527 0.4484
vn -0.4182 -0.6925 0.5879
vn -0.4436 -0.8855 0.1385
vn -0.2626 -0.9388 0.2230
vn -0.2546 -0.8369 0.4845
vn -0.1657 -0.9717 0.1684
vn -0.5846 -0.5367 0.6085
vn -0.6344 -0.6197 0.4620
vn -0.6553 -0.7364 0.1683
vn -0.7690 -0.3756 0.5172
vn -0.8337 -0.5259 0.1684
vn -0.7709 -0.6143 0.1680
vn -0.8417 0.0763 0.5345
vn -0.9972 -0.0029 -0.0742
vn -0.8612 -0.1513 0.4852
vn -0.9650 -0.2019 0.1676
vn -0.9005 -0.4013 0.1675
vn -0.8167 0.2995 0.4933
vn -0.9543 0.2469 0.1684
vn -0.9737 0.1539 0.1682
vn -0.4522 0.8812 0.1374
vn -0.5384 0.8151 0.2138
vn -0.4848 0.6292 0.6075
vn -0.6800 0.7257 -0.1050
vn -0.7069 0.5125 0.4875
vn -0.8050 0.5518 0.2179
vn -0.9176 0.3784 0.1220
vn -0.2796 0.5966 0.7523
vn -0.2195 0.4332 0.8742
vn -0.1766 0.3768 0.9093
vn -0.2294 0.3472 0.9093
vn -0.3745 0.4862 0.7895
vn -0.0608 0.1461 0.9874
vn -0.0681 0.1550 0.9856
vn -0.0257 0.0434 0.9987
vn -0.0502 0.0760 0.9958
vn -0.0492 0.0551 0.9973
vn -0.2772 0.3104 0.9093
vn -0.3390 0.2458 0.9081
vn -0.3927 0.1440 0.9083
vn -0.3928 0.1440 0.9083
vn -0.4163 0.0377 0.9084
vn -0.4122 -0.0724 0.9082
vn -0.4121 -0.0724 0.9082
vn -0.3763 -0.1838 0.9081
vn -0.3260 -0.2586 0.9093
vn -0.4513 -0.4144 0.7903
vn -0.0053 -0.4181 0.9084
vn -0.1126 -0.4027 0.9084
vn -0.2164 -0.3584 0.9082
vn -0.2853 -0.3030 0.9093
vn -0.0565 -0.0600 0.9966
vn -0.0584 -0.0623 0.9964
vn -0.3769 0.9051 0.1971
vn -0.4027 0.8620 0.3080
vn -0.3801 0.8060 0.4539
vn -0.5447 0.7070 0.4510
vn -0.5447 0.7071 0.4509
vn -0.7226 0.5239 0.4510
vn -0.7226 0.5238 0.4511
vn -0.8377 0.3072 0.4515
vn -0.8885 0.0805 0.4518
vn -0.8789 -0.1544 0.4514
vn -0.8020 -0.3917 0.4510
vn -0.8019 -0.3917 0.4510
vn -0.6575 -0.6037 0.4509
vn -0.6574 -0.6037 0.4510
vn -0.4613 -0.7639 0.4512
vn -0.2403 -0.8592 0.4517
vn -0.0113 -0.8921 0.4517
vn 0.1805 -0.8729 0.4534
vn 0.1162 -0.6645 0.7382
vn -0.3150 0.6672 0.6750
vn -0.4519 0.5866 0.6721
vn -0.5994 0.4346 0.6722
vn -0.6948 0.2548 0.6726
vn -0.6947 0.2548 0.6727
vn -0.7366 0.0667 0.6730
vn -0.7367 0.0667 0.6729
vn -0.7290 -0.1281 0.6724
vn -0.6653 -0.3250 0.6721
vn -0.5454 -0.5008 0.6721
vn -0.3826 -0.6337 0.6723
vn -0.1993 -0.7125 0.6728
vn -0.0094 -0.7397 0.6728
vn 0.1371 -0.7249 0.6750
vn 0.0948 -0.5014 0.8600
vn 0.1600 -0.6540 0.7394
vn 0.1440 -0.5866 0.7970
vn 0.1204 -0.4950 0.8605
vn 0.1021 -0.4175 0.9029
vn 0.0445 -0.1820 0.9823
vn 0.0446 -0.1821 0.9823
vn 0.2335 -0.9541 0.1873
vn 0.2338 -0.9565 0.1748
vn 0.2221 -0.9076 0.3564
vn 0.1987 -0.8119 0.5490
vn 0.2029 -0.8331 0.5146
vn 0.1748 -0.7142 0.6778
vn 0.1826 -0.9659 0.1838
vn 0.1833 -0.9674 0.1748
vn 0.1123 -0.5934 0.7971
vn 0.1365 -0.7224 0.6779
vn 0.1576 -0.8243 0.5437
vn 0.1594 -0.8424 0.5147
vn 0.1736 -0.9181 0.3563
vn 0.0348 -0.1841 0.9823
vn 0.0923 -0.4196 0.9030
vn 0.0306 -0.1861 0.9821
vn 0.1050 -0.5422 0.8337
vn 0.1086 -0.0737 0.9914
vn 0.1180 -0.1707 0.9782
vn 0.1388 -0.2468 0.9591
vn 0.1615 -0.4657 0.8701
vn 0.1608 -0.5315 0.8317
vn 0.1811 -0.6274 0.7573
vn 0.1877 -0.8184 0.5431
vn 0.1782 -0.7922 0.5837
vn 0.1945 -0.9635 0.1837
vn 0.1835 -0.9522 0.2441
vn 0.6028 -0.2751 0.7489
vn 0.2479 -0.9545 0.1660
vn 0.1353 -0.9908 0.0040
vn 0.1847 -0.9732 0.1373
vn 0.2045 -0.9490 0.2398
vn 0.2893 -0.8299 0.4770
vn 0.2956 -0.0455 0.9542
vn 0.3106 -0.2207 0.9246
vn 0.3514 -0.4595 0.8157
vn 0.3531 -0.4348 0.8284
vn 0.3477 -0.5728 0.7423
vn 0.3412 -0.6010 0.7227
vn 0.3025 -0.7726 0.5582
vn 0.2149 -0.9680 0.1297
vn 0.3959 -0.8305 0.3918
vn 0.4065 -0.8141 0.4147
vn 0.5316 -0.5823 0.6151
vn 0.5398 -0.5469 0.6399
vn 0.5894 -0.3333 0.7358
vn 0.4481 -0.2043 0.8703
vn 0.6949 -0.3026 0.6523
vn 0.7325 -0.2628 0.6280
vn 0.5890 -0.5793 0.5635
vn 0.5985 -0.6071 0.5227
vn 0.4870 -0.7797 0.3935
vn 0.4079 -0.8300 0.3804
vn 0.3853 -0.8788 0.2816
vn 0.1133 -0.9936 -0.0019
vn 0.2287 -0.9666 0.1159
vn 0.2269 -0.9670 0.1159
vn 0.6951 -0.2792 0.6625
vn 0.6903 -0.3030 0.6570
vn 0.5878 -0.6082 0.5334
vn 0.5921 -0.5995 0.5385
vn 0.4718 -0.7812 0.4087
vn 0.4034 -0.8516 0.3348
vn 0.3679 -0.8804 0.2991
vn 0.1684 -0.9809 0.0978
vn 0.2077 -0.9688 0.1352
vn -0.0160 -0.6353 0.7721
vn 0.0007 -0.1142 0.9935
vn -0.0007 -0.0910 0.9958
vn -0.0103 -0.6691 0.7431
vn -0.0191 -0.8636 0.5038
vn -0.0156 -0.8761 0.4819
vn -0.0202 -0.9844 0.1750
vn -0.0190 -0.9857 0.1672
vn 0.0001 -0.0787 0.9969
vn 0.0006 -0.3281 0.9446
vn -0.0111 -0.3280 0.9446
vn -0.0035 -0.3870 0.9221
vn 0.0018 -0.9846 0.1748
vn 0.0018 -0.9846 0.1750
vn 0.0016 -0.8638 0.5038
vn 0.0012 -0.6355 0.7721
vn 0.0008 -0.4274 0.9041
vn 0.0117 -0.2617 0.9651
vn 0.2741 -0.2966 0.9148
vn 0.3634 -0.2051 0.9088
vn 0.0411 -0.9855 0.1647
vn 0.1163 -0.9816 0.1512
vn 0.1406 -0.9754 0.1697
vn 0.3075 -0.8493 0.4291
vn -0.0331 -0.6354 0.7715
vn 0.1012 -0.4242 0.8999
vn 0.0794 -0.2114 0.9742
vn -0.0024 -0.2618 0.9651
vn 0.1086 -0.0769 0.9911
vn 0.6093 -0.2797 0.7419
vn 0.5368 -0.5999 0.5933
vn 0.4717 -0.5391 0.6978
vn 0.3275 -0.8378 0.4368
vn 0.1818 -0.8459 0.5014
vn 0.0487 -0.9834 0.1747
vn 0.1163 -0.8576 0.5010
vn 0.0598 -0.7745 0.6298
vn 0.1428 -0.5624 0.8145
vn 0.2408 -0.5597 0.7929
vn 0.2718 -0.5764 0.7707
vn 0.4165 -0.5714 0.7071
vn 0.4486 -0.2345 0.8624
vn 0.6076 -0.2809 0.7429
vn -0.7125 -0.0476 0.7000
vn -0.7125 -0.0476 0.7001
vn -0.6607 -0.2574 0.7051
vn -0.6607 -0.2575 0.7051
vn -0.5906 -0.3925 0.7050
vn -0.5907 -0.3926 0.7050
vn -0.4925 -0.5103 0.7050
vn -0.4925 -0.5102 0.7050
vn -0.3734 -0.6028 0.7051
vn -0.1799 -0.6908 0.7003
vn 0.1016 -0.7071 0.6997
vn 0.3104 -0.6376 0.7050
vn 0.3104 -0.6377 0.7050
vn 0.4399 -0.5563 0.7050
vn 0.5971 -0.3933 0.6991
vn 0.6873 -0.1768 0.7045
vn 0.0457 -0.9990 -0.0000
vn -0.0457 0.9990 -0.0000
vn -0.0002 1.0000 -0.0000
vn 0.0743 0.9972 -0.0000
vn 0.0742 0.9972 -0.0000
vn 0.1634 0.9866 -0.0000
vn 0.2362 0.9717 -0.0000
vn 0.3210 0.9471 -0.0000
vn 0.3209 0.9471 -0.0000
vn 0.3953 0.9186 -0.0000
vn 0.3896 0.9210 -0.0000
vn 0.4594 0.8882 -0.0000
vn 0.5384 0.8427 -0.0000
vn 0.5377 0.8432 -0.0000
vn 0.5985 0.8011 -0.0000
vn 0.6684 0.7438 -0.0000
vn 0.6680 0.7442 -0.0000
vn 0.7217 0.6922 -0.0000
vn 0.7214 0.6926 -0.0000
vn -0.1239 0.9923 -0.0000
vn -0.1238 0.9923 -0.0000
vn -0.2868 0.9580 -0.0000
vn -0.4459 0.8951 -0.0000
vn -0.5883 0.8086 -0.0000
vn -0.5885 0.8085 -0.0000
vn -0.7176 0.6964 -0.0000
vn -0.7178 0.6963 -0.0000
vn -0.8232 0.5677 -0.0000
vn -0.8231 0.5679 -0.0000
vn -0.9079 0.4192 -0.0000
vn -0.9080 0.4190 -0.0000
vn -0.9649 0.2625 -0.0000
vn -0.9650 0.2622 -0.0000
vn -0.9955 0.0945 -0.0000
vn -0.9956 0.0942 -0.0000
vn -0.9974 -0.0720 -0.0000
vn -0.9974 -0.0724 -0.0000
vn -0.9523 -0.3050 -0.0000
vn -0.9704 -0.2414 0.0060
vn -0.9171 -0.3987 0.0060
vn -0.9523 -0.3053 -0.0000
vn 0.0843 -0.9964 -0.0000
vn 0.1519 -0.9884 -0.0000
vn 0.2227 -0.9749 -0.0000
vn 0.2882 -0.9576 -0.0000
vn 0.3548 -0.9349 -0.0000
vn 0.3551 -0.9348 -0.0000
vn 0.4039 -0.9148 -0.0000
vn 0.4652 -0.8852 -0.0000
vn 0.4653 -0.8851 -0.0000
vn 0.5425 -0.8400 -0.0000
vn 0.5417 -0.8405 -0.0000
vn 0.6012 -0.7991 -0.0000
vn 0.6010 -0.7993 -0.0000
vn 0.6710 -0.7415 -0.0000
vn -0.0294 -0.9996 -0.0000
vn -0.2024 -0.9793 -0.0000
vn -0.3745 -0.9272 -0.0000
vn -0.5297 -0.8482 -0.0000
vn -0.5298 -0.8481 -0.0000
vn -0.6731 -0.7396 -0.0000
vn -0.6732 -0.7394 -0.0000
vn -0.7912 -0.6115 -0.0000
vn -0.8878 -0.4603 -0.0000
vn -0.8879 -0.4601 -0.0000
vn -0.9543 -0.2987 -0.0000
vn -0.9543 -0.2990 -0.0000
vn -0.9924 -0.1231 -0.0000
vn -0.9924 -0.1228 -0.0000
vn -0.9987 0.0506 -0.0000
vn -0.9987 0.0510 -0.0000
vn -0.9734 0.2289 -0.0000
vn -0.9190 0.3942 -0.0000
vn -0.1319 0.9913 -0.0000
vn 0.1319 -0.9913 -0.0000
vn -0.9233 -0.3842 -0.0000
vn -0.9081 -0.4188 0.0025
vn 0.1238 -0.9923 -0.0000
vn 0.1235 -0.9923 -0.0000
vn 0.0019 -1.0000 -0.0000
vn -0.2667 -0.9638 -0.0000
vn -0.1853 -0.9826 -0.0088
vn -0.3947 -0.9188 0.0034
vn -0.5528 -0.8333 -0.0039
vn -0.7841 -0.6205 0.0157
vn -0.6564 -0.7543 -0.0147
vn -0.8002 -0.5998 -0.0021
vn -0.9423 0.3344 0.0117
vn -0.1533 0.9882 -0.0000
vn -0.2802 0.9599 -0.0000
vn -0.4831 0.8756 -0.0000
vn -0.7596 0.6504 -0.0061
vn -0.6932 0.7206 -0.0141
vn -0.7801 0.6257 0.0006
vn -0.6180 0.7861 -0.0002
vn -0.5927 0.8054 -0.0014
vn -0.4503 0.8929 0.0028
vn -0.9972 -0.0742 -0.0000
vn -0.9994 0.0360 -0.0003
vn -0.9988 0.0482 -0.0011
vn -0.9537 0.3009 0.0014
vn -0.8504 0.5257 -0.0215
vn -0.9890 -0.1274 -0.0756
vn -0.9666 -0.1242 -0.2241
vn -0.9790 -0.1299 -0.1572
vn -0.8823 -0.1171 -0.4558
vn -0.8131 -0.1158 -0.5704
vn -0.6982 -0.0937 -0.7098
vn -0.5625 -0.0806 -0.8228
vn -0.3843 -0.0493 -0.9219
vn -0.0851 -0.0072 -0.9963
vn -0.2581 -0.0453 -0.9651
vn -0.2080 -0.0391 -0.9773
vn -0.2272 -0.0566 -0.9722
vn -0.2363 -0.0337 -0.9711
vn -0.4446 -0.0625 -0.8935
vn -0.4379 -0.0994 -0.8935
vn -0.6892 -0.1444 -0.7100
vn -0.6198 -0.1388 -0.7724
vn -0.8683 -0.1957 -0.4559
vn -0.8198 -0.1908 -0.5399
vn -0.9642 -0.2133 -0.1572
vn -0.9364 -0.2175 -0.2753
vn 0.2368 0.4578 -0.8569
vn 0.3753 0.3558 -0.8559
vn 0.5037 0.1093 -0.8569
vn 0.5192 0.0090 -0.8546
vn 0.4904 0.1590 -0.8569
vn 0.4529 0.2533 -0.8548
vn 0.2983 0.4218 -0.8562
vn 0.0874 0.5079 -0.8570
vn 0.0305 0.5151 -0.8566
vn 0.1625 0.4912 -0.8558
vn -0.0709 0.5131 -0.8554
vn -0.2546 0.4482 -0.8569
vn -0.3332 0.3980 -0.8547
vn -0.4838 0.2218 -0.8466
vn -0.1377 0.4882 -0.8618
vn -0.1882 0.4819 -0.8558
vn 0.9998 0.0173 0.0058
vn 0.9979 0.0645 -0.0000
vn 0.9772 0.2122 -0.0000
vn 0.9513 0.3083 -0.0000
vn 0.8972 0.4416 0.0047
vn 0.8728 0.4881 -0.0000
vn 0.6600 0.7513 -0.0000
vn 0.7256 0.6880 0.0111
vn 0.5774 0.8164 -0.0000
vn 0.4594 0.8883 -0.0000
vn 0.3140 0.9494 0.0046
vn 0.3223 0.9466 0.0038
vn -0.2716 0.9624 -0.0000
vn -0.1369 0.9906 -0.0000
vn -0.0645 0.9979 0.0056
vn 0.0590 0.9983 -0.0000
vn 0.1696 0.9855 -0.0000
vn -0.2998 0.9540 -0.0000
vn 0.9996 -0.0266 -0.0000
vn 0.9979 0.0646 -0.0027
vn 0.9696 0.2449 0.0020
vn 0.8972 0.4415 -0.0026
vn 0.8338 0.5521 0.0017
vn 0.6600 0.7513 -0.0020
vn 0.6040 0.7969 0.0009
vn 0.3223 0.9467 -0.0011
vn 0.3062 0.9520 -0.0003
vn -0.0645 0.9979 0.0003
vn -0.0261 0.9997 -0.0019
vn -0.2682 0.9634 0.0004
vn -0.2682 0.9634 -0.0000
vn 0.9996 -0.0267 -0.0000
vn 0.9695 0.2450 0.0020
vn 0.8973 0.4415 -0.0026
vn -0.2366 0.9716 0.0001
vn 0.6287 -0.7776 -0.0025
vn 0.6234 -0.7819 -0.0000
vn 0.6240 -0.7814 -0.0000
vn 0.6253 -0.7804 -0.0029
vn 0.6241 -0.7814 -0.0000
vn 0.6327 -0.7744 -0.0000
vn 0.5961 -0.8029 -0.0000
vn 0.6004 -0.7997 -0.0000
vn 0.6035 -0.7973 -0.0008
vn 0.6041 -0.7969 -0.0000
vn 0.6035 -0.7974 -0.0000
vn 0.7330 0.6802 -0.0000
vn 0.7570 0.6533 -0.0074
vn 0.8361 0.5484 0.0130
vn 0.8092 0.5876 -0.0041
vn 0.9007 0.4344 0.0047
vn 0.8849 0.4657 -0.0097
vn 0.9338 0.3577 0.0024
vn 0.9613 0.2754 -0.0064
vn 0.9743 0.2251 0.0078
vn 0.9884 0.1520 -0.0014
vn 0.9936 0.1127 0.0005
vn 1.0000 -0.0052 -0.0051
vn 0.9999 -0.0164 -0.0000
vn 0.9711 -0.2385 -0.0051
vn 0.9365 -0.3508 0.0005
vn 0.9219 -0.3874 -0.0014
vn 0.8907 -0.4546 0.0077
vn 0.6058 -0.7955 0.0130
vn 0.6789 -0.7342 -0.0018
vn 0.7461 -0.6658 0.0030
vn 0.7537 -0.6572 -0.0000
vn 0.8195 -0.5730 -0.0000
vn 0.8059 -0.5920 0.0047
vn 0.8660 -0.5000 -0.0063
vn 0.0038 -0.1837 -0.9830
vn 0.1557 -0.9484 0.2762
vn 0.4726 -0.8594 -0.1950
vn 0.4223 -0.7843 -0.4545
vn 0.4062 -0.7255 -0.5555
vn 0.3476 -0.6499 -0.6758
vn 0.3214 -0.5919 -0.7392
vn 0.2464 -0.4537 -0.8564
vn 0.1810 -0.3738 -0.9097
vn 0.1541 -0.3021 -0.9407
vn 0.0494 -0.0672 -0.9965
vn 0.0709 -0.1306 -0.9889
vn 0.0071 -0.0430 -0.9991
vn 0.0160 -0.0810 -0.9966
vn 0.0807 -0.4087 -0.9091
vn 0.0695 -0.9796 -0.1885
vn 0.0677 -0.8311 -0.5520
vn 0.0426 -0.8900 -0.4541
vn 0.0648 -0.6687 -0.7407
vn 0.0552 -0.7351 -0.6757
vn 0.0379 -0.5048 -0.8624
vn 0.0504 -0.4122 -0.9097
vn 0.1429 -0.7243 -0.6745
vn 0.1726 -0.8745 -0.4533
vn 0.1909 -0.9672 -0.1679
vn 0.0301 -0.0768 -0.9966
vn 0.1520 -0.3879 -0.9091
vn 0.2694 -0.6874 -0.6744
vn 0.3252 -0.8300 -0.4532
vn 0.3597 -0.9179 -0.1678
vn 0.3769 -0.8749 0.3043
vn 0.4963 -0.8455 -0.1971
vn 0.4965 -0.8458 -0.1951
vn 0.4209 -0.7171 -0.5556
vn 0.2616 -0.4449 -0.8565
vn 0.2448 -0.4171 -0.8753
vn 0.3408 -0.5807 -0.7394
vn 0.3329 -0.5672 -0.7533
vn 0.4146 -0.7058 -0.5744
vn 0.1714 -0.2920 -0.9409
vn 0.0753 -0.1281 -0.9889
vn 0.0801 -0.1365 -0.9874
vn 0.0559 -0.0604 -0.9966
vn 0.5656 -0.8010 -0.1965
vn 0.5516 -0.7049 -0.4460
vn 0.6693 -0.7237 -0.1683
vn 0.7430 -0.6478 -0.1682
vn 0.6940 -0.5099 -0.5083
vn 0.6492 -0.4510 -0.6125
vn 0.8537 -0.4930 -0.1679
vn 0.8709 0.0300 -0.4906
vn 0.9859 -0.0052 -0.1674
vn 0.9475 -0.2728 -0.1665
vn 0.8001 -0.1965 -0.5668
vn 0.9088 -0.3818 -0.1684
vn 0.8243 0.5406 -0.1683
vn 0.8879 0.4282 -0.1679
vn 0.7378 0.2799 -0.6142
vn 0.9477 0.2715 -0.1679
vn 0.9743 0.1498 -0.1684
vn 0.6560 0.5210 -0.5460
vn 0.4035 0.3161 -0.8586
vn 0.5325 0.4172 -0.7365
vn 0.1128 0.0974 -0.9888
vn 0.1787 0.1402 -0.9739
vn 0.3187 0.0110 -0.9478
vn 0.0518 0.0126 -0.9986
vn 0.0636 -0.0526 -0.9966
vn 0.0658 -0.0547 -0.9963
vn 0.0691 -0.0397 -0.9968
vn 0.0473 -0.0249 -0.9986
vn 0.2976 -0.0857 -0.9509
vn 0.0804 -0.0197 -0.9966
vn 0.0828 -0.0004 -0.9966
vn 0.2994 -0.3840 -0.8735
vn 0.2658 0.2029 -0.9424
vn 0.3342 0.2498 -0.9088
vn 0.3756 0.1799 -0.9091
vn 0.5759 0.2185 -0.7878
vn 0.0916 -0.1297 -0.9873
vn 0.1423 -0.1831 -0.9727
vn 0.2630 -0.3241 -0.9087
vn 0.3210 -0.2654 -0.9091
vn 0.5046 -0.3505 -0.7890
vn 0.3612 -0.2073 -0.9092
vn 0.4031 -0.1161 -0.9078
vn 0.4193 0.0145 -0.9077
vn 0.4006 0.1136 -0.9092
vn 0.0766 0.0217 -0.9968
vn 0.0770 0.0369 -0.9963
vn 0.0743 0.0358 -0.9966
vn 0.0688 0.0451 -0.9966
vn 0.7437 0.6419 -0.1867
vn 0.7048 0.5506 -0.4474
vn 0.7031 0.5492 -0.4517
vn 0.8352 0.3169 -0.4495
vn 0.8924 0.0308 -0.4503
vn 0.8924 0.0308 -0.4502
vn 0.8581 -0.2470 -0.4502
vn 0.7336 -0.5096 -0.4495
vn 0.5499 -0.7025 -0.4517
vn 0.4997 -0.6510 -0.5714
vn 0.5838 0.4544 -0.6728
vn 0.6937 0.2632 -0.6705
vn 0.6936 0.2632 -0.6705
vn 0.7408 0.0255 -0.6713
vn 0.7122 -0.2051 -0.6713
vn 0.7122 -0.2051 -0.6714
vn 0.6092 -0.4232 -0.6706
vn 0.6093 -0.4232 -0.6706
vn 0.4562 -0.5824 -0.6728
vn 0.4064 -0.5211 -0.7505
vn 0.3496 -0.9356 -0.0505
vn 0.0660 -0.5398 -0.8392
vn 0.0078 -0.1834 -0.9830
vn 0.0224 -0.1931 -0.9809
vn 0.0655 -0.5283 -0.8465
vn 0.1011 -0.8276 -0.5521
vn 0.1012 -0.7928 -0.6010
vn 0.1285 -0.9736 -0.1885
vn 0.1356 -0.9873 -0.0827
vn 0.1215 -0.9532 -0.2767
vn 0.0206 -0.1838 -0.9828
vn 0.0123 -0.1817 -0.9833
vn 0.0368 -0.5425 -0.8392
vn 0.0368 -0.5425 -0.8393
vn 0.0565 -0.8318 -0.5521
vn 0.0564 -0.8318 -0.5522
vn 0.0665 -0.9798 -0.1885
vn 0.0421 -0.9845 -0.1703
vn 0.0435 -0.9811 -0.1886
vn 0.0665 -0.9798 -0.1886
vn 0.0420 -0.9812 -0.1886
vn 0.0133 -0.2286 -0.9734
vn 0.0078 -0.1809 -0.9835
vn 0.0235 -0.5431 -0.8393
vn 0.0360 -0.8329 -0.5523
vn 0.0425 -0.9829 -0.1789
vn 0.0356 -0.8329 -0.5523
vn 0.0287 -0.6707 -0.7412
vn 0.0228 -0.5432 -0.8393
vn 0.0216 -0.5056 -0.8625
vn 0.0079 -0.1835 -0.9830
vn 0.6649 -0.7469 -0.0004
vn 0.7513 -0.6571 -0.0607
vn 0.7987 -0.6018 -0.0000
vn 0.5529 -0.8332 0.0004
vn 0.3870 -0.9193 -0.0715
vn 0.4342 -0.9002 -0.0341
vn 0.2072 -0.9781 0.0178
vn 0.2541 -0.9672 -0.0008
vn 0.1737 -0.9848 -0.0000
vn 0.1081 -0.9941 -0.0000
vn 0.0622 -0.9981 -0.0000
vn 0.0288 -0.9996 -0.0000
vn 0.0599 -0.9982 -0.0006
vn 0.1890 -0.9820 -0.0000
vn 0.1082 -0.9941 0.0001
vn -0.1289 0.9917 -0.0000
vn -0.2719 0.9623 -0.0000
vn -0.4090 0.9125 -0.0000
vn -0.5375 0.8433 -0.0000
vn -0.5375 0.8432 -0.0000
vn -0.6545 0.7560 -0.0000
vn -0.7576 0.6527 -0.0000
vn -0.8206 0.5714 -0.0000
vn 0.6870 0.7017 -0.1885
vn 0.3562 0.3640 -0.8606
vn 0.3795 0.3894 -0.8393
vn 0.4710 0.4811 -0.7394
vn 0.5832 0.5958 -0.5522
vn 0.5847 0.5972 -0.5490
vn 0.6872 0.7019 -0.1874
vn 0.2318 0.2367 -0.9435
vn 0.1031 0.1070 -0.9889
vn 0.1285 0.1313 -0.9830
vn 0.1289 -0.0738 -0.9889
vn 0.2875 -0.1647 -0.9435
vn 0.2873 -0.1646 -0.9436
vn 0.4764 -0.2728 -0.8358
vn 0.4764 -0.2729 -0.8358
vn 0.7253 -0.4154 -0.5490
vn 0.8189 -0.4690 -0.3308
vn 0.8672 -0.4967 -0.0355
vn 0.8581 -0.4915 -0.1486
vn 0.8530 -0.4885 -0.1839
vn 0.8187 -0.4689 -0.3315
vn -0.9975 0.0702 -0.0000
vn -0.9980 -0.0627 -0.0000
vn 0.0002 -0.0000 1.0000
vn -0.0637 0.9980 -0.0000
vn -0.0739 0.9973 -0.0000
vn -0.0861 0.9963 -0.0000
vn -0.0962 0.9954 -0.0000
vn -0.1037 0.9946 -0.0000
vn -0.1113 0.9938 -0.0000
vn -0.1112 0.9938 -0.0000
vn -0.1201 0.9928 -0.0000
vn -0.1308 0.9914 -0.0000
vn -0.1430 0.9897 -0.0000
vn 0.0020 0.9971 -0.0756
vn 0.0005 0.1949 -0.9808
vn 0.0006 0.1926 -0.9813
vn 0.0146 0.1743 -0.9846
vn 0.0154 0.1959 -0.9805
vn 0.0322 0.1691 -0.9851
vn 0.0506 0.2413 -0.9691
vn 0.0486 0.1424 -0.9886
vn 0.1281 0.3193 -0.9390
vn 0.0782 0.1664 -0.9830
vn 0.0904 0.1601 -0.9830
vn 0.1624 0.2625 -0.9512
vn 0.0851 0.1214 -0.9890
vn 0.1499 0.1867 -0.9709
vn 0.0909 0.1045 -0.9904
vn 0.1445 0.1552 -0.9773
vn 0.1275 0.1323 -0.9830
vn 0.0022 0.9641 -0.2656
vn 0.0029 0.9812 -0.1927
vn 0.0042 0.4717 -0.8818
vn 0.0019 0.6438 -0.7652
vn 0.0028 0.8533 -0.5215
vn 0.0030 0.9821 -0.1885
vn 0.0818 0.9787 -0.1884
vn 0.0818 0.9787 -0.1883
vn 0.2014 0.9613 -0.1881
vn 0.2014 0.9613 -0.1880
vn 0.3656 0.9116 -0.1878
vn 0.3656 0.9116 -0.1879
vn 0.5167 0.8353 -0.1880
vn 0.5167 0.8352 -0.1882
vn 0.6147 0.7659 -0.1884
vn 0.6147 0.7659 -0.1885
vn 0.6692 0.7188 -0.1886
vn 0.6692 0.7188 -0.1884
vn 0.0018 0.8339 -0.5519
vn 0.0695 0.8310 -0.5519
vn 0.0695 0.8311 -0.5517
vn 0.1711 0.8166 -0.5512
vn 0.1712 0.8168 -0.5509
vn 0.3107 0.7749 -0.5505
vn 0.3107 0.7748 -0.5506
vn 0.4390 0.7097 -0.5510
vn 0.4389 0.7096 -0.5512
vn 0.5220 0.6505 -0.5517
vn 0.5220 0.6504 -0.5518
vn 0.5682 0.6103 -0.5520
vn 0.5682 0.6102 -0.5521
vn 0.0022 0.5440 -0.8391
vn 0.0453 0.5422 -0.8390
vn 0.0453 0.5423 -0.8389
vn 0.1117 0.5332 -0.8386
vn 0.1118 0.5334 -0.8384
vn 0.2030 0.5062 -0.8382
vn 0.2867 0.4634 -0.8385
vn 0.2866 0.4632 -0.8386
vn 0.3406 0.4245 -0.8389
vn 0.3405 0.4243 -0.8390
vn 0.3706 0.3981 -0.8392
vn 0.3706 0.3980 -0.8392
vn 0.6200 -0.0320 -0.7839
vn 0.3074 0.2761 -0.9106
vn -0.0122 0.1871 -0.9823
vn 0.0103 0.1578 -0.9874
vn 0.2408 0.0197 -0.9704
vn 0.1398 0.0552 -0.9886
vn 0.1128 0.1013 -0.9884
vn 0.1276 0.1038 -0.9864
vn 0.0600 0.1267 -0.9901
vn 0.1020 0.1548 -0.9827
vn 0.0415 0.1383 -0.9895
vn 0.7638 -0.3424 -0.5472
vn 0.9143 -0.3618 -0.1821
vn 0.9837 0.1763 -0.0360
vn 0.9988 0.0346 -0.0359
vn 0.8952 -0.0462 -0.4432
vn 0.9602 -0.1923 0.2025
vn 0.8915 -0.3528 -0.2841
vn 0.9095 -0.4141 -0.0353
vn 0.8674 0.2978 -0.3987
vn 0.8718 0.2978 -0.3890
vn 0.8851 0.4640 -0.0357
vn 0.7435 0.6678 -0.0350
vn 0.6688 0.5439 -0.5069
vn 0.5348 0.8118 0.2344
vn 0.3750 0.7917 -0.4823
vn 0.2813 0.9367 0.2085
vn 0.0839 0.7325 -0.6755
vn 0.1169 0.5471 -0.8289
vn 0.0591 0.5158 -0.8547
vn 0.2238 0.4724 -0.8525
vn 0.2238 0.4725 -0.8525
vn 0.3516 0.3804 -0.8554
vn 0.3396 0.1160 -0.9334
vn 0.1417 -0.0284 -0.9895
vn 0.1923 0.0285 -0.9809
vn 0.4271 0.0633 -0.9020
vn 0.6359 0.0943 -0.7660
vn 0.4632 0.4160 -0.7826
vn 0.8551 -0.3261 -0.4031
vn 0.9151 -0.0472 -0.4004
vn 0.9151 -0.0472 -0.4005
vn 0.8676 0.2963 -0.3994
vn 0.6822 0.6127 -0.3991
vn 0.6821 0.6127 -0.3991
vn 0.3924 0.8284 -0.3998
vn 0.3924 0.8284 -0.3997
vn 0.1755 0.8971 -0.4055
vn 0.1608 0.9641 -0.2113
vn 0.1445 0.9888 -0.0372
vn 0.1919 0.9799 -0.0554
vn 0.1900 0.9644 -0.1837
vn 0.4210 0.8889 -0.1807
vn 0.4210 0.8889 -0.1806
vn 0.7318 0.6572 -0.1803
vn 0.7318 0.6573 -0.1802
vn 0.9308 0.3180 -0.1803
vn 0.9308 0.3179 -0.1806
vn 0.9822 -0.0507 -0.1811
vn 0.9143 -0.3617 -0.1823
vn 0.8783 -0.3475 -0.3284
vn 0.1358 -0.0618 -0.9888
vn 0.1441 -0.0570 -0.9879
vn 0.3107 -0.1229 -0.9425
vn 0.3850 -0.1349 -0.9130
vn 0.4925 -0.2442 -0.8353
vn 0.5750 -0.2276 -0.7858
vn 0.7364 -0.2914 -0.6106
vn 0.7927 -0.0409 -0.6082
vn 0.7928 -0.0409 -0.6081
vn 0.7521 0.2569 -0.6069
vn 0.7521 0.2569 -0.6070
vn 0.5915 0.5312 -0.6066
vn 0.5915 0.5313 -0.6064
vn 0.3401 0.7180 -0.6073
vn 0.3401 0.7180 -0.6074
vn 0.1037 0.7841 -0.6119
vn 0.0713 0.8540 -0.5154
vn -0.1058 0.7291 -0.6762
vn 0.0547 0.5491 -0.8340
vn -0.0040 0.4703 -0.8825
vn -0.0176 0.1870 -0.9822
vn -0.0045 0.2045 -0.9789
vn 0.9101 -0.4144 -0.0017
vn 0.9753 -0.2210 0.0023
vn 0.9805 -0.1964 -0.0057
vn 0.9995 0.0322 0.0053
vn 0.9994 0.0346 0.0046
vn 0.9843 0.1765 -0.0013
vn 0.9555 0.2948 0.0089
vn 0.9458 0.3247 -0.0000
vn 0.8820 0.4712 -0.0000
vn 0.8857 0.4643 0.0011
vn 0.7885 0.6150 -0.0027
vn 0.7758 0.6309 -0.0092
vn 0.6679 0.7442 0.0022
vn 0.5501 0.8350 -0.0090
vn 0.5568 0.8306 -0.0113
vn 0.2876 0.9576 0.0182
vn 0.3640 0.9313 -0.0148
vn 0.1446 0.9895 0.0043
vn 0.1894 0.9819 -0.0000
vn 0.2693 -0.9445 -0.1884
vn 0.0642 -0.1718 -0.9830
vn 0.0427 -0.1828 -0.9822
vn 0.0798 -0.1872 -0.9791
vn 0.0531 -0.1347 -0.9895
vn 0.2040 -0.5044 -0.8390
vn 0.2113 -0.5245 -0.8248
vn 0.3136 -0.7728 -0.5518
vn 0.3080 -0.7566 -0.5768
vn 0.3520 -0.8686 -0.3488
vn 0.3706 -0.9095 -0.1884
vn 0.3734 -0.9195 -0.1228
vn 0.1929 -0.9632 -0.1873
vn 0.2302 -0.8938 0.3849
vn 0.2088 -0.8101 -0.5478
vn 0.2082 -0.8080 -0.5512
vn 0.1374 -0.5328 -0.8350
vn 0.1358 -0.5274 -0.8387
vn 0.0295 -0.1140 -0.9930
vn 0.0557 -0.1747 -0.9830
vn 0.0134 0.9999 -0.0000
vn -0.0196 0.9998 -0.0000
vn 0.0020 0.9999 -0.0124
vn 0.0100 0.9998 0.0188
vn 0.0833 0.9964 -0.0125
vn 0.1131 0.9935 0.0122
vn 0.2051 0.9786 -0.0180
vn 0.2327 0.9725 0.0082
vn 0.3722 0.9281 -0.0109
vn 0.3754 0.9269 -0.0071
vn 0.5260 0.8504 0.0074
vn 0.5094 0.8603 -0.0187
vn 0.6258 0.7798 0.0151
vn 0.6464 0.7609 0.0563
vn 0.1359 -0.9907 0.0108
vn 0.1253 -0.9921 -0.0000
vn 0.1308 -0.9914 0.0105
vn 0.1900 -0.9818 -0.0074
vn 0.0655 -0.9978 -0.0128
vn 0.0677 -0.9976 -0.0171
vn 0.0443 -0.9990 -0.0000
vn 0.3790 -0.9254 -0.0000
vn 0.3762 -0.9265 0.0061
vn 0.2742 -0.9617 -0.0064
vn 0.2782 -0.9605 0.0001
vn 0.1963 -0.9805 0.0001
vn 0.1962 -0.9806 -0.0000
vn -0.2722 0.9622 -0.0108
vn -0.2751 0.9614 -0.0055
vn -0.2762 0.9611 -0.0020
vn -0.2759 0.9612 -0.0000
vn -0.2757 0.9612 -0.0005
vn -0.2758 0.9612 -0.0000
vn -0.2655 0.9641 0.0001
vn -0.2627 0.9649 0.0016
vn -0.2587 0.9659 -0.0002
vn -0.2557 0.9667 -0.0000
vn -0.2821 0.9594 -0.0005
vn -0.2701 0.9628 -0.0000
vn -0.2720 0.9623 0.0002
vn -0.2809 0.9597 0.0021
vn -0.2805 0.9598 0.0002
vn -0.2834 0.9590 -0.0000
vn 0.0224 -0.9998 -0.0005
vn 0.0152 -0.9999 0.0001
vn -0.0078 -1.0000 -0.0006
vn 0.0018 -1.0000 -0.0075
vn 0.0805 -0.9967 -0.0099
vn 0.0834 -0.9964 -0.0123
vn 0.0651 -0.9979 -0.0000
vn -0.1320 0.9913 -0.0000
vn -0.0885 0.9961 -0.0000
vn -0.0934 0.9956 0.0011
vn -0.0856 0.9963 -0.0054
vn -0.0891 0.9960 -0.0005
vn -0.9965 -0.0833 -0.0000
vn -0.9581 -0.2865 -0.0000
vn -0.9734 -0.2283 0.0196
vn -0.9682 -0.2503 0.0038
vn -0.9894 -0.1453 -0.0029
vn -0.9929 -0.1189 0.0106
vn -0.9968 -0.0802 0.0018
vn -0.9998 0.0171 -0.0079
vn -0.9999 -0.0109 0.0107
vn -0.9917 0.1284 -0.0085
vn -0.9937 0.1120 -0.0000
vn -0.0725 0.9974 -0.0000
vn -0.1306 0.9914 -0.0000
vn -0.1296 0.9916 -0.0000
vn -0.3621 0.9322 0.0001
vn -0.3983 0.9173 0.0019
vn -0.6691 0.7432 -0.0015
vn -0.7456 0.6663 0.0027
vn -0.8442 0.5361 -0.0004
vn -0.9269 0.3753 0.0007
vn -0.9175 0.3978 -0.0001
vn -0.9730 0.2309 -0.0000
vn -0.9725 0.2329 -0.0000
vn 0.2894 -0.9572 -0.0000
vn 0.2856 -0.9583 0.0001
vn 0.2866 -0.9580 0.0004
vn 0.2845 -0.9587 -0.0000
vn 0.2843 -0.9587 0.0002
vn -0.9012 -0.4334 -0.0000
vn -0.9216 -0.3881 -0.0021
vn -0.7328 -0.6804 0.0035
vn -0.7989 -0.6015 -0.0038
vn -0.4646 -0.8855 0.0039
vn -0.5125 -0.8587 -0.0000
vn -0.1435 -0.9897 -0.0000
vn -0.1383 -0.9904 0.0003
vn 0.1551 -0.9879 -0.0002
vn 0.1609 -0.9870 -0.0000
vn 0.0097 -1.0000 -0.0000
vn -0.0073 -1.0000 -0.0041
vn -0.2681 -0.9634 0.0047
vn -0.3756 -0.9264 -0.0247
vn -0.5549 -0.8319 0.0076
vn -0.7099 -0.7043 -0.0062
vn -0.8202 -0.5720 0.0140
vn -0.7865 -0.6175 0.0066
vn -0.8977 -0.4406 -0.0061
vn -0.9268 -0.3757 0.0016
vn -0.9613 -0.2755 -0.0000
vn -0.9962 -0.0871 -0.0000
vn -0.9993 0.0372 0.0010
vn -0.9956 0.0930 -0.0059
vn -0.9442 0.3293 0.0064
vn -0.8855 0.4644 -0.0160
vn -0.7825 0.6225 0.0108
vn -0.6510 0.7590 -0.0116
vn -0.5948 0.8039 0.0004
vn -0.4517 0.8922 -0.0003
vn -0.4934 0.8698 0.0063
vn -0.2602 0.9655 -0.0136
vn -0.3008 0.9537 -0.0000
vn 0.9955 0.0950 -0.0000
vn 0.9744 0.1312 -0.1824
vn 0.9977 -0.0679 -0.0000
vn 0.9387 0.3448 -0.0000
vn 0.9392 0.3295 -0.0966
vn 0.9685 0.2492 -0.0000
vn 0.9804 0.1970 -0.0000
vn 0.6757 0.2299 -0.7004
vn 0.7093 -0.0242 -0.7044
vn 0.7122 -0.0072 -0.7019
vn 0.7115 -0.0369 -0.7017
vn 0.7087 -0.0622 -0.7027
vn 0.7044 -0.0519 -0.7079
vn 0.7137 -0.0825 -0.6956
vn 0.7092 -0.0677 -0.7018
vn 0.7112 -0.0770 -0.6987
vn 0.7140 -0.0944 -0.6938
vn 0.7035 -0.0969 -0.7040
vn 0.7067 -0.0969 -0.7009
vn 0.7103 -0.0150 -0.7038
vn 0.7110 0.0367 -0.7022
vn 0.7048 0.0161 -0.7092
vn 0.6798 0.2101 -0.7027
vn 0.6763 0.2182 -0.7036
vn 0.6920 0.1735 -0.7007
vn 0.7053 0.0733 -0.7051
vn 0.6942 0.1102 -0.7113
vn 0.6947 0.1147 -0.7101
vn 0.6915 0.1744 -0.7010
vn 0.6591 0.1641 -0.7340
vn 0.6637 0.2800 -0.6936
vn 0.6665 0.2602 -0.6986
vn 0.6674 0.2525 -0.7006
vn 0.6728 0.2405 -0.6996
vn 0.6753 0.2333 -0.6997
vn 0.6670 0.2605 -0.6980
vn 0.0006 -0.0000 -1.0000
vn 0.9460 -0.3242 -0.0000
vn 0.7785 -0.6276 -0.0000
vn 0.6599 -0.7513 -0.0000
vn 0.7786 -0.6276 -0.0000
vn 0.8050 -0.5932 0.0115
vn 0.8408 -0.5413 -0.0000
vn -0.9999 0.0117 -0.0000
vn -0.9496 -0.3136 -0.0000
vn -0.8032 -0.5957 -0.0000
vn -0.6568 -0.7541 -0.0000
vn -0.3951 -0.9186 -0.0000
vn -0.0087 -1.0000 -0.0000
vn 0.2870 -0.9579 -0.0000
vn 0.3883 -0.9207 -0.0382
vn 0.4831 -0.8756 -0.0000
vn 0.9254 0.3789 -0.0000
vn 0.8843 0.4669 -0.0000
vn 0.8305 0.5570 -0.0000
vn 0.7263 0.6874 -0.0000
vn 0.6562 0.7546 -0.0000
vn 0.8391 0.5440 -0.0000
vn 0.3034 0.9529 -0.0000
vn -0.8669 0.4985 -0.0000
vn -0.8584 -0.5129 0.0059
vn -0.9216 -0.3879 -0.0143
vn -0.9134 -0.4071 -0.0000
vn -0.8788 -0.4772 -0.0000
vn -0.8742 -0.4856 -0.0030
vn -0.8584 -0.5129 -0.0000
vn -0.8257 -0.5641 -0.0000
vn -0.8026 -0.5965 0.0077
vn -0.7776 -0.6287 -0.0000
vn -0.6527 -0.7576 -0.0000
vn -0.6526 -0.7577 -0.0000
vn -0.5585 -0.8295 -0.0000
vn -0.5812 -0.8137 0.0077
vn -0.5324 -0.8465 -0.0000
vn -0.4752 -0.8799 -0.0000
vn -0.3726 -0.9280 -0.0000
vn -0.2848 -0.9586 -0.0000
vn -0.2650 -0.9643 -0.0000
vn -0.1817 -0.9834 0.0010
vn -0.1793 -0.9838 -0.0000
vn -0.0047 -1.0000 -0.0000
vn 0.1038 -0.9946 -0.0000
vn 0.1704 -0.9854 -0.0059
vn 0.1887 -0.9820 -0.0000
vn -0.9750 -0.2222 -0.0000
vn -0.9940 -0.1091 -0.0000
vn -0.9998 -0.0181 -0.0000
vn -0.9957 0.0930 -0.0000
vn -0.9960 0.0894 -0.0010
vn -0.9837 0.1796 0.0013
vn -0.9844 0.1760 -0.0000
vn -0.9599 0.2802 -0.0000
vn -0.9302 0.3671 -0.0000
vn -0.8822 0.4708 -0.0000
vn -0.9024 0.4303 -0.0240
vn -0.8328 0.5536 -0.0000
vn -0.7611 0.6486 -0.0000
vn -0.6171 0.7869 -0.0000
vn -0.5178 0.8555 -0.0000
vn -0.5179 0.8555 -0.0000
vn -0.4301 0.9028 -0.0000
vn -0.4302 0.9028 -0.0000
vn -0.0002 -0.0000 1.0000
vn 0.3305 -0.9438 -0.0000
vn 0.3288 -0.9444 0.0023
vn -0.1709 0.9853 -0.0000
vn -0.1861 0.9825 -0.0000
vn -0.1975 0.9802 -0.0108
vn -0.1824 0.9832 -0.0029
vn -0.6746 -0.0354 0.7373
vn -0.6266 -0.0244 0.7789
vn -0.5939 -0.0142 0.8044
vn -0.4748 -0.0419 0.8791
vn -0.4317 -0.0296 0.9015
vn -0.3233 -0.0111 0.9462
vn -0.2899 -0.0032 0.9571
vn -0.1476 -0.0253 0.9887
vn -0.0810 -0.0042 0.9967
vn -0.9521 -0.0121 0.3054
vn -0.8108 -0.0344 0.5843
vn -0.8063 -0.0309 0.5907
vn -0.9997 -0.0012 0.0237
vn -0.9996 -0.0016 0.0266
vn -0.9955 -0.0046 0.0949
vn -0.9764 -0.0272 0.2140
vn -0.9133 0.0358 0.4057
vn -0.5693 -0.0146 0.8220
vn -0.6026 -0.0311 0.7974
vn -0.6972 -0.0366 0.7159
vn -0.6964 -0.0365 0.7167
vn -0.4592 -0.0261 0.8879
vn -0.3070 -0.0106 0.9517
vn -0.2814 0.0013 0.9596
vn -0.1005 -0.0131 0.9949
vn -0.0588 -0.0031 0.9983
vn 0.1654 -0.9862 -0.0000
vn 0.1764 -0.9843 0.0033
vn 0.1652 -0.9863 -0.0009
vn 0.1657 -0.9862 -0.0047
vn 0.1858 -0.9826 0.0050
vn 0.1903 -0.9817 0.0029
vn 0.1110 -0.9938 -0.0000
vn 0.1122 -0.9937 -0.0000
vn 0.1178 -0.9930 -0.0000
vn 0.1274 -0.9919 0.0009
vn 0.1324 -0.9912 0.0025
vn 0.1190 -0.9929 -0.0058
vn 0.1328 -0.9911 0.0021
vn 0.1243 -0.9922 -0.0031
vn 0.2208 -0.0405 -0.9745
vn 0.3242 0.0373 -0.9453
vn 0.1007 -0.0130 -0.9948
vn 0.5926 -0.0543 -0.8037
vn 0.5606 -0.0385 -0.8272
vn 0.5590 -0.0075 -0.8291
vn 0.5374 0.0265 -0.8429
vn 0.5434 0.0238 -0.8391
vn 0.5595 0.0891 -0.8240
vn 0.5251 0.1040 -0.8447
vn 0.5415 0.1373 -0.8294
vn 0.5226 0.2020 -0.8283
vn 0.4476 0.1231 -0.8857
vn 0.6135 0.2409 -0.7520
vn 0.5646 0.1972 -0.8015
vn 0.5206 0.1633 -0.8380
vn 0.1528 0.0563 -0.9867
vn 0.1886 0.0558 -0.9805
vn 0.1881 0.0435 -0.9812
vn 0.2001 0.0402 -0.9789
vn 0.1965 -0.0117 -0.9804
vn 0.1969 0.0002 -0.9804
vn 0.2065 0.0082 -0.9784
vn 0.1947 0.0151 -0.9808
vn 0.1932 0.0274 -0.9808
vn -0.3165 0.9486 -0.0000
vn -0.3423 0.9396 -0.0000
vn -0.3422 0.9396 0.0004
vn -0.3162 0.9487 -0.0000
vn -0.7061 -0.0370 0.7071
vn -0.7060 -0.0370 0.7072
vn 0.3060 -0.9520 0.0008
vn 0.3026 -0.9531 -0.0012
vn 0.3097 -0.9508 0.0008
vn 0.3076 -0.9515 0.0001
vn 0.3135 -0.9496 -0.0000
vn -0.1608 0.9870 -0.0005
vn -0.1441 0.9896 0.0009
vn -0.1507 0.9886 -0.0015
vn -0.1449 0.9895 -0.0006
vn 0.2917 -0.9565 -0.0000
vn 0.2947 -0.9556 0.0007
vn 0.2926 -0.9562 0.0002
vn 0.2970 -0.9549 -0.0001
vn -0.4262 -0.1303 0.8952
vn -0.2063 0.0138 0.9784
vn -0.1825 -0.0115 0.9831
vn -0.2075 -0.0046 0.9782
vn -0.1828 -0.0330 0.9826
vn -0.1996 -0.0299 0.9794
vn -0.1896 -0.0451 0.9808
vn -0.1656 -0.0468 0.9851
vn -0.6101 -0.1729 0.7732
vn -0.1313 -0.0261 0.9910
vn -0.2902 0.0049 0.9569
vn -0.4676 0.0304 0.8834
vn -0.5438 -0.1344 0.8284
vn -0.5403 -0.0963 0.8359
vn -0.5637 -0.0863 0.8214
vn -0.5435 -0.0360 0.8387
vn -0.5748 -0.0153 0.8182
vn -0.5708 -0.0097 0.8211
vn -0.6628 0.0363 0.7480
vn -0.0981 0.9952 -0.0000
vn -0.1243 0.9922 -0.0007
vn -0.1303 0.9915 -0.0019
vn -0.1214 0.9926 0.0008
vn -0.1464 0.9892 -0.0000
vn -0.6955 -0.1651 0.6993
vn -0.5445 -0.1053 0.8321
vn -0.6644 -0.1863 0.7238
vn -0.6733 -0.2400 0.6993
vn -0.6729 -0.2391 0.7000
vn -0.6715 -0.2297 0.7045
vn -0.6749 -0.2388 0.6983
vn -0.6747 -0.2295 0.7015
vn -0.6677 -0.1879 0.7204
vn -0.6907 0.0131 0.7230
vn -0.7102 -0.0432 0.7027
vn -0.6950 -0.1062 0.7111
vn -0.7173 -0.1846 0.6719
vn -0.6874 -0.1938 0.7000
vn -0.7128 0.0382 0.7003
vn -0.7122 0.0517 0.7001
vn -0.7130 0.0512 0.6993
vn -0.7179 -0.0206 0.6959
vn -0.7110 0.0419 0.7020
vn -0.7116 0.0432 0.7013
vn -0.7126 0.0466 0.7001
vn -0.7101 0.0458 0.7027
vn -0.7119 0.0485 0.7006
vn -0.7139 0.0547 0.6982
vn -0.7082 -0.0369 0.7050
vn -0.8132 -0.0319 0.5811
vn -0.8118 -0.0307 0.5831
vn -0.9095 -0.0217 0.4152
vn -0.9600 -0.0284 0.2787
vn -0.9544 -0.0205 0.2977
vn -0.9965 -0.0020 0.0832
vn -0.9974 -0.0038 0.0720
vn 0.6342 -0.7731 -0.0127
vn 0.6885 -0.7252 0.0063
vn 0.8738 -0.4862 -0.0069
vn 0.8755 -0.4832 -0.0061
vn 0.9746 -0.2239 0.0047
vn 0.9680 -0.2508 -0.0000
vn 0.5427 -0.8399 -0.0024
vn 0.4703 -0.8825 0.0017
vn 0.3060 -0.9520 -0.0104
vn 0.2736 -0.9619 -0.0000
vn 0.0624 -0.9981 -0.0000
vn 0.9519 -0.3064 0.0005
vn 0.9209 -0.3897 -0.0020
vn 0.8771 -0.4801 -0.0160
vn 0.9667 -0.2559 -0.0014
vn 0.9750 -0.2222 -0.0039
vn 0.9828 -0.1849 -0.0000
vn 0.0878 -0.9961 -0.0000
vn 0.8414 -0.5403 -0.0000
vn 0.6448 -0.7643 -0.0000
vn 0.3257 -0.9455 -0.0000
vn 0.1254 -0.0173 -0.9920
vn 0.1706 -0.0187 -0.9852
vn 0.3161 -0.0445 -0.9477
vn 0.4524 -0.0603 -0.8898
vn 0.5521 -0.0832 -0.8296
vn 0.6409 -0.0877 -0.7626
vn 0.6074 0.0140 -0.7943
vn 0.2586 0.0120 -0.9659
vn 0.1547 0.0135 -0.9879
vn 0.1936 0.0243 -0.9808
vn 0.1919 0.0358 -0.9808
vn 0.9903 0.0522 -0.1289
vn 0.5529 0.0575 -0.8313
vn 0.5483 0.0905 -0.8314
vn 0.0448 0.0119 -0.9989
vn 0.0817 0.0224 -0.9964
vn 0.2233 0.0500 -0.9735
vn 0.8044 0.1810 -0.5659
vn 0.5195 0.1292 -0.8446
vn 0.0908 0.0387 -0.9951
vn 0.1735 0.0802 -0.9816
vn 0.3180 0.1319 -0.9389
vn 0.5589 0.2431 -0.7928
vn 0.4623 0.1869 -0.8668
vn 0.5991 0.2526 -0.7598
vn -0.0192 -0.9941 -0.1067
vn -0.0278 -0.9804 -0.1951
vn -0.0111 -0.9277 -0.3732
vn -0.0247 -0.8312 -0.5555
vn -0.0084 -0.7506 -0.6608
vn -0.0178 -0.5554 -0.8314
vn -0.0055 -0.4873 -0.8732
vn -0.0080 -0.1950 -0.9808
vn -0.0031 -0.1688 -0.9856
vn 0.0004 -0.1951 -0.9808
vn 0.0010 -0.5556 -0.8315
vn 0.0015 -0.8315 -0.5556
vn 0.0018 -0.9808 -0.1951
vn 0.1967 -0.1890 -0.9621
vn 0.2714 -0.2223 -0.9364
vn 0.1330 -0.8458 -0.5167
vn 0.1131 -0.8257 -0.5526
vn 0.0604 -0.9845 -0.1645
vn 0.0458 -0.9797 -0.1950
vn 0.4675 -0.2504 -0.8478
vn 0.4492 -0.2630 -0.8539
vn 0.6416 -0.2583 -0.7223
vn 0.1271 -0.9774 -0.1687
vn 0.1233 -0.9819 -0.1440
vn 0.3154 -0.8412 -0.4392
vn 0.3165 -0.8501 -0.4208
vn 0.4557 -0.5945 -0.6625
vn 0.0935 -0.2999 -0.9494
vn 0.1005 -0.5520 -0.8278
vn 0.2770 -0.4417 -0.8533
vn 0.1587 -0.5753 -0.8024
vn 0.4158 -0.5763 -0.7036
vn 0.5759 -0.4721 -0.6674
vn 0.6134 -0.2797 -0.7386
vn 0.6907 -0.3030 -0.6566
vn 0.5877 -0.6082 -0.5336
vn 0.5922 -0.5996 -0.5383
vn 0.6946 -0.2792 -0.6630
vn 0.1693 -0.9808 -0.0969
vn 0.2063 -0.9691 -0.1355
vn 0.3208 -0.9133 -0.2508
vn 0.4030 -0.8516 -0.3353
vn 0.3690 -0.8803 -0.2981
vn 0.4718 -0.7813 -0.4087
vn 0.1127 -0.9936 -0.0000
vn 0.4437 -0.8266 -0.3461
vn 0.4228 -0.7837 -0.4550
vn 0.3856 -0.8787 -0.2815
vn 0.3379 -0.9124 -0.2311
vn 0.2268 -0.9667 -0.1184
vn 0.2269 -0.9671 -0.1147
vn 0.7005 -0.2669 -0.6619
vn 0.7213 -0.2993 -0.6246
vn 0.5892 -0.5789 -0.5637
vn 0.5988 -0.6071 -0.5225
vn 0.3316 -0.0400 -0.9426
vn 0.3467 -0.3266 -0.8793
vn 0.3571 -0.2124 -0.9096
vn 0.3477 -0.5732 -0.7419
vn 0.3533 -0.4375 -0.8269
vn 0.3568 -0.3606 -0.8618
vn 0.2618 -0.8798 -0.3969
vn 0.3149 -0.7700 -0.5549
vn 0.2813 -0.8306 -0.4805
vn 0.3414 -0.6012 -0.7225
vn 0.1841 -0.9735 -0.1358
vn 0.1559 -0.9878 -0.0021
vn 0.1921 -0.9658 -0.1743
vn 0.2188 -0.9675 -0.1266
vn 0.2384 -0.9575 -0.1624
vn 0.3962 -0.8301 -0.3923
vn 0.4065 -0.8143 -0.4143
vn 0.5318 -0.5819 -0.6153
vn 0.5398 -0.5473 -0.6396
vn 0.5969 -0.2754 -0.7536
vn 0.5932 -0.1402 -0.7928
vn 0.1795 -0.9677 -0.1769
vn 0.1783 -0.9660 -0.1873
vn 0.1903 -0.8913 -0.4115
vn 0.1821 -0.8161 -0.5484
vn 0.1873 -0.7914 -0.5820
vn 0.1546 -0.3925 -0.9066
vn 0.1614 -0.4683 -0.8687
vn 0.1607 -0.5283 -0.8337
vn 0.1813 -0.6276 -0.7571
vn 0.1390 -0.2471 -0.9590
vn 0.1179 -0.1695 -0.9785
vn 0.1086 -0.0738 -0.9913
vn 0.0348 -0.1841 -0.9823
vn 0.0348 -0.1842 -0.9823
vn 0.1020 -0.5395 -0.8358
vn 0.1553 -0.8213 -0.5489
vn 0.1825 -0.9652 -0.1873
vn 0.2330 -0.9523 -0.1971
vn 0.0451 -0.1820 -0.9823
vn 0.0376 -0.1537 -0.9874
vn 0.2333 -0.9542 -0.1873
vn 0.1948 -0.7951 -0.5743
vn 0.1982 -0.8121 -0.5488
vn 0.1310 -0.5334 -0.8357
vn 0.1595 -0.6381 -0.7532
vn 0.1145 -0.4700 -0.8752
vn -0.7971 0.1930 -0.5722
vn -0.1853 0.3718 -0.9097
vn -0.3499 0.7597 -0.5481
vn -0.7555 0.5413 -0.3691
vn -0.7565 0.6446 0.1100
vn -0.6410 0.6659 -0.3817
vn -0.6130 0.7817 0.1150
vn -0.5094 0.7743 -0.3755
vn -0.5030 0.8309 -0.2379
vn -0.4092 0.9124 -0.0013
vn -0.4226 0.8869 -0.1868
vn -0.9343 0.2727 -0.2295
vn -0.9210 0.3635 -0.1403
vn -0.8492 0.4039 -0.3402
vn -0.8811 0.4702 -0.0501
vn -0.8084 0.5374 -0.2403
vn -0.1541 0.0415 -0.9872
vn -0.0706 0.1736 -0.9823
vn -0.0217 0.0414 -0.9989
vn -0.0819 0.1245 -0.9888
vn -0.0298 0.0321 -0.9990
vn -0.0404 0.0419 -0.9983
vn -0.1824 0.1084 -0.9772
vn -0.2141 0.1267 -0.9686
vn -0.0340 0.0005 -0.9994
vn -0.4700 0.1272 -0.8735
vn -0.2290 0.3481 -0.9090
vn -0.2290 0.3481 -0.9091
vn -0.2890 0.3002 -0.9091
vn -0.2890 0.3002 -0.9090
vn -0.3387 0.2427 -0.9091
vn -0.2355 0.1394 -0.9618
vn -0.3762 0.1789 -0.9091
vn -0.4050 0.1009 -0.9087
vn -0.6406 0.1596 -0.7512
vn -0.9645 0.1761 -0.1970
vn -0.8632 0.2165 -0.4561
vn -0.8650 0.2170 -0.4524
vn -0.8050 0.3828 -0.4533
vn -0.7246 0.5192 -0.4532
vn -0.7246 0.5192 -0.4533
vn -0.6182 0.6422 -0.4532
vn -0.6182 0.6421 -0.4532
vn -0.4899 0.7447 -0.4532
vn -0.4900 0.7447 -0.4531
vn -0.3538 0.8181 -0.4535
vn -0.2889 0.6094 -0.7384
vn -0.7168 0.1800 -0.6737
vn -0.6667 0.3171 -0.6745
vn -0.6002 0.4301 -0.6744
vn -0.5121 0.5319 -0.6744
vn -0.5122 0.5320 -0.6743
vn -0.4059 0.6169 -0.6743
vn -0.4058 0.6169 -0.6744
vn -0.3057 0.6713 -0.6752
vn -0.2114 0.4642 -0.8602
vn 0.1256 -0.8104 -0.5723
vn -0.7354 -0.1026 -0.6699
vn 0.0280 -0.1562 -0.9873
vn 0.0306 -0.1948 -0.9804
vn -0.0361 -0.1004 -0.9943
vn -0.0265 -0.0779 -0.9966
vn -0.0168 -0.0806 -0.9966
vn -0.0478 -0.0668 -0.9966
vn -0.6835 -0.7192 -0.1245
vn -0.0642 -0.0637 -0.9959
vn -0.0666 -0.0412 -0.9969
vn -0.0375 -0.0210 -0.9991
vn -0.1243 -0.0502 -0.9910
vn -0.0776 -0.0271 -0.9966
vn -0.0807 -0.0169 -0.9966
vn -0.4828 0.0372 -0.8750
vn -0.9761 0.0912 -0.1970
vn -0.9673 0.0780 -0.2415
vn -0.9977 -0.0180 -0.0658
vn -0.8323 -0.0915 -0.5467
vn -0.8139 -0.5561 -0.1684
vn -0.7820 -0.4673 -0.4124
vn -0.6535 -0.3317 -0.6804
vn -0.8749 -0.3900 -0.2872
vn -0.9727 -0.2217 -0.0683
vn -0.5729 -0.8021 -0.1685
vn -0.5856 -0.6798 -0.4417
vn -0.4878 -0.5133 -0.7061
vn -0.6398 -0.6078 -0.4704
vn -0.7665 -0.6197 -0.1684
vn -0.2612 -0.9505 -0.1685
vn -0.2805 -0.9440 -0.1739
vn -0.3466 -0.8631 -0.3673
vn -0.3096 -0.6796 -0.6651
vn -0.4442 -0.8225 -0.3552
vn -0.5248 -0.8344 -0.1685
vn -0.1767 -0.9698 -0.1679
vn -0.0885 -0.7710 -0.6306
vn -0.0047 -0.9999 0.0111
vn 0.0967 -0.6529 -0.7512
vn 0.0614 -0.4829 -0.8735
vn 0.0611 -0.4128 -0.9088
vn -0.0162 -0.4159 -0.9093
vn -0.0728 -0.6343 -0.7697
vn -0.2834 -0.6221 -0.7299
vn -0.1408 -0.3918 -0.9092
vn -0.0788 -0.4087 -0.9093
vn -0.0195 -0.1011 -0.9947
vn -0.0025 -0.0631 -0.9980
vn -0.0045 -0.0824 -0.9966
vn 0.0055 -0.0820 -0.9966
vn -0.4149 0.0178 -0.9097
vn -0.4156 -0.0235 -0.9092
vn -0.6722 -0.0938 -0.7344
vn -0.1572 0.0184 -0.9874
vn -0.0455 0.0004 -0.9990
vn -0.0989 -0.0056 -0.9951
vn -0.0652 -0.0144 -0.9978
vn -0.4066 -0.0897 -0.9092
vn -0.3861 -0.1559 -0.9092
vn -0.6484 -0.3291 -0.6864
vn -0.3542 -0.2192 -0.9091
vn -0.2895 -0.3047 -0.9074
vn -0.2895 -0.3046 -0.9074
vn -0.2021 -0.3641 -0.9092
vn -0.0400 -0.0721 -0.9966
vn -0.0298 -0.0559 -0.9980
vn 0.1670 -0.9662 -0.1964
vn 0.1355 -0.9167 -0.3759
vn 0.1292 -0.8823 -0.4526
vn -0.1018 -0.8869 -0.4506
vn -0.3702 -0.8127 -0.4500
vn -0.6154 -0.6475 -0.4494
vn -0.6154 -0.6476 -0.4494
vn -0.7966 -0.4043 -0.4494
vn -0.7966 -0.4043 -0.4495
vn -0.8844 -0.1234 -0.4501
vn -0.8884 0.0655 -0.4543
vn -0.8155 0.0740 -0.5741
vn 0.1069 -0.7312 -0.6738
vn -0.0845 -0.7360 -0.6717
vn -0.3073 -0.6747 -0.6711
vn -0.3074 -0.6747 -0.6710
vn -0.5111 -0.5378 -0.6705
vn -0.5110 -0.5377 -0.6706
vn -0.6615 -0.3357 -0.6706
vn -0.6615 -0.3358 -0.6706
vn -0.7342 -0.1024 -0.6712
vn -0.7343 -0.1024 -0.6711
vn -0.7355 0.0539 -0.6754
vn -0.6564 0.0506 -0.7527
vn -0.0642 0.1761 -0.9823
vn -0.3362 0.9230 -0.1874
vn -0.3362 0.9230 -0.1872
vn -0.2861 0.7854 -0.5489
vn -0.2305 0.6327 -0.7393
vn -0.1875 0.5161 -0.8357
vn -0.1743 0.4786 -0.8606
vn -0.0641 0.1761 -0.9823
vn -0.3108 0.9318 -0.1873
vn -0.3108 0.9318 -0.1874
vn -0.2645 0.7929 -0.5490
vn -0.1737 0.5208 -0.8358
vn -0.0593 0.1777 -0.9823
vn 0.0942 0.2192 -0.9711
vn 0.3499 0.3635 -0.8634
vn 0.4139 0.2184 -0.8837
vn -0.0281 0.8755 -0.4824
vn 0.1391 0.7121 -0.6881
vn 0.1809 0.6480 -0.7398
vn 0.2358 0.5753 -0.7832
vn 0.3437 0.3804 -0.8586
vn -0.3405 0.9402 -0.0043
vn -0.3281 0.9444 -0.0209
vn -0.1815 0.9556 -0.2323
vn 0.0036 0.8412 -0.5407
vn -0.2842 0.9403 -0.1873
vn 0.0910 0.2254 -0.9700
vn -0.0463 0.5582 -0.8284
vn -0.0499 0.5705 -0.8198
vn -0.1806 0.8175 -0.5469
vn -0.1828 0.8239 -0.5364
vn -0.2798 0.9390 -0.2001
vn -0.2400 0.9591 -0.1501
vn -0.1674 0.9770 -0.1321
vn -0.1317 0.9721 -0.1939
vn 0.0934 0.9187 -0.3837
vn 0.1375 0.8875 -0.4399
vn 0.2956 0.7653 -0.5718
vn 0.3459 0.7230 -0.5980
vn 0.4095 0.6337 -0.6564
vn 0.5302 0.4413 -0.7240
vn 0.5372 0.4312 -0.7249
vn 0.6004 0.2773 -0.7501
vn 0.5852 0.4579 -0.6692
vn 0.5907 0.4478 -0.6712
vn 0.3806 0.7394 -0.5553
vn 0.3848 0.7354 -0.5578
vn 0.1158 0.9260 -0.3594
vn 0.1161 0.9258 -0.3596
vn -0.1530 0.9804 -0.1239
vn -0.1567 0.9802 -0.1206
vn 0.3455 0.7285 -0.5915
vn 0.2869 0.2953 -0.9113
vn -0.2379 0.9631 -0.1255
vn -0.2351 0.9467 -0.2202
vn -0.1950 0.9307 -0.3096
vn -0.1477 0.8694 -0.4716
vn -0.1519 0.8270 -0.5414
vn 0.2357 0.6608 -0.7126
vn 0.2965 0.6463 -0.7031
vn 0.0762 0.8933 -0.4430
vn 0.0452 0.9006 -0.4322
vn -0.1702 0.9757 -0.1381
vn -0.1673 0.9760 -0.1392
vn 0.0676 0.2039 -0.9766
vn 0.0134 0.2202 -0.9754
vn -0.0090 0.3669 -0.9302
vn -0.0411 0.5215 -0.8522
vn -0.0573 0.7482 -0.6610
vn -0.0083 0.5115 -0.8593
vn 0.0961 0.6233 -0.7761
vn 0.1833 0.3504 -0.9185
vn 0.3686 0.3446 -0.8633
vn 0.5007 0.4346 -0.7486
vn 0.5047 0.4333 -0.7467
vn -0.0459 0.1688 -0.9846
vn -0.0384 0.1114 -0.9930
vn -0.1219 0.4977 -0.8588
vn -0.1133 0.3757 -0.9198
vn -0.1828 0.7213 -0.6681
vn -0.1779 0.6482 -0.7404
vn -0.2310 0.8794 -0.4164
vn -0.2327 0.8460 -0.4796
vn -0.2520 0.9595 -0.1255
vn -0.2551 0.9524 -0.1666
vn -0.2634 0.9565 -0.1256
vn -0.2634 0.9565 -0.1255
vn -0.2524 0.9165 -0.3102
vn -0.2366 0.8779 -0.4164
vn -0.0477 0.1731 -0.9837
vn -0.0948 0.3443 -0.9341
vn -0.1355 0.4940 -0.8588
vn -0.1370 0.4975 -0.8566
vn -0.1976 0.7173 -0.6682
vn -0.2339 0.8492 -0.4735
vn 0.6755 -0.2315 -0.7000
vn 0.6755 -0.2315 -0.7001
vn 0.5709 -0.4207 -0.7051
vn 0.4680 -0.5328 -0.7050
vn 0.4680 -0.5329 -0.7050
vn 0.3426 -0.6209 -0.7050
vn 0.2035 -0.6792 -0.7051
vn 0.2035 -0.6792 -0.7052
vn -0.0062 -0.7138 -0.7003
vn -0.2823 -0.6562 -0.6998
vn -0.4657 -0.5348 -0.7050
vn -0.4657 -0.5348 -0.7051
vn -0.5696 -0.4225 -0.7050
vn -0.5697 -0.4225 -0.7050
vn -0.6790 -0.2242 -0.6991
vn -0.6789 -0.2242 -0.6991
vn -0.7097 0.0083 -0.7045
vn -0.7096 0.0083 -0.7045
vn -0.2867 0.9580 -0.0000
vn -0.2869 0.9580 -0.0000
vn -0.5884 0.8086 -0.0000
vn -0.7179 0.6962 -0.0000
vn -0.8230 0.5680 -0.0000
vn -0.8233 0.5676 -0.0000
vn -0.9650 0.2621 -0.0000
vn -0.9649 0.2627 -0.0000
vn -0.9956 0.0940 -0.0000
vn -0.9974 -0.0726 -0.0000
vn -0.9704 -0.2414 -0.0000
vn -0.9523 -0.3051 -0.0053
vn -0.9525 -0.3045 -0.0053
vn -0.9168 -0.3993 -0.0000
vn 0.1633 0.9866 -0.0000
vn 0.2367 0.9716 -0.0000
vn 0.5987 0.8009 -0.0000
vn 0.1294 -0.9916 -0.0000
vn 0.1300 -0.9915 -0.0000
vn 0.1807 -0.9835 -0.0000
vn 0.2449 -0.9695 -0.0000
vn 0.2446 -0.9696 -0.0000
vn 0.2879 -0.9577 -0.0000
vn 0.3569 -0.9342 -0.0000
vn 0.3566 -0.9342 -0.0000
vn 0.4398 -0.8981 -0.0000
vn 0.4396 -0.8982 -0.0000
vn 0.5034 -0.8641 -0.0000
vn 0.5608 -0.8279 -0.0000
vn 0.6191 -0.7853 -0.0000
vn 0.6196 -0.7850 -0.0000
vn -0.2025 -0.9793 -0.0000
vn -0.3744 -0.9273 -0.0000
vn -0.3746 -0.9272 -0.0000
vn -0.5299 -0.8480 -0.0000
vn -0.6730 -0.7396 -0.0000
vn -0.7913 -0.6115 -0.0000
vn -0.8877 -0.4603 -0.0000
vn -0.8879 -0.4599 -0.0000
vn -0.9544 -0.2985 -0.0000
vn -0.9924 -0.1233 -0.0000
vn -0.9924 -0.1229 -0.0000
vn -0.9987 0.0509 -0.0000
vn -0.9735 0.2288 -0.0000
vn -0.9190 0.3943 -0.0000
vn -0.0593 -0.0148 0.9981
vn -0.0551 -0.0099 0.9984
vn -0.8005 -0.1471 0.5809
vn -0.5521 -0.0967 0.8282
vn -0.5813 -0.1041 0.8070
vn -0.3866 -0.0700 0.9196
vn -0.2536 -0.0454 0.9662
vn -0.1960 -0.0370 0.9799
vn -0.0149 -0.0020 0.9999
vn -0.9725 -0.2281 0.0470
vn -0.9508 -0.2244 0.2135
vn -0.8273 -0.1502 0.5413
vn -0.8957 -0.1622 0.4140
vn -0.9510 -0.1722 0.2567
vn -0.8292 -0.1235 -0.5451
vn -0.9876 -0.1450 0.0594
vn 0.9873 0.1579 -0.0181
vn 0.9991 0.0421 0.0055
vn 0.9946 -0.1040 -0.0000
vn 0.5196 0.8543 -0.0142
vn 0.7287 0.6844 0.0256
vn 0.5662 0.8229 -0.0484
vn 0.6056 0.7950 -0.0346
vn 0.6500 0.7596 -0.0202
vn 0.6982 0.7158 -0.0091
vn 0.7543 0.6565 -0.0002
vn 0.8661 0.4999 0.0005
vn 0.8464 0.5325 -0.0079
vn 0.9403 0.3404 0.0054
vn -0.1857 0.9826 -0.0000
vn -0.0368 0.9993 0.0056
vn 0.0656 0.9975 -0.0250
vn 0.3222 0.9465 0.0188
vn 0.4003 0.9164 -0.0000
vn 0.5814 0.8136 -0.0000
vn 0.7632 0.6461 0.0042
vn 0.8901 0.4557 -0.0078
vn 0.8661 0.4998 0.0041
vn 0.9731 0.2304 -0.0040
vn 0.9872 0.1578 -0.0215
vn 0.9999 -0.0148 0.0044
vn 0.9946 -0.1036 -0.0000
vn 0.2808 0.9596 -0.0169
vn 0.4357 0.9001 -0.0026
vn 0.5814 0.8136 0.0077
vn 0.4875 0.8729 -0.0203
vn 0.7286 0.6843 0.0304
vn 0.5785 0.8147 -0.0415
vn 0.6556 0.7549 -0.0173
vn -0.1724 0.9850 -0.0000
vn -0.0234 0.9997 0.0016
vn 0.4001 0.9159 0.0326
vn -0.6959 0.1283 -0.7066
vn -0.4946 0.1684 -0.8526
vn -0.6356 0.2482 -0.7310
vn -0.6004 0.4020 -0.6913
vn -0.6919 0.5277 -0.4928
vn -0.4165 0.4172 -0.8077
vn -0.4648 0.5338 -0.7064
vn -0.3545 0.6153 -0.7041
vn -0.2742 0.4088 -0.8704
vn -0.3293 0.8095 -0.4860
vn -0.0502 0.5189 -0.8533
vn -0.0431 0.6659 -0.7448
vn -0.2331 0.6886 -0.6867
vn 0.0649 0.7044 -0.7068
vn 0.1569 0.6910 -0.7056
vn 0.1546 0.4542 -0.8774
vn 0.2889 0.6475 -0.7052
vn 0.3937 0.5882 -0.7064
vn 0.3291 0.5379 -0.7761
vn 0.5513 0.6365 -0.5394
vn 0.4378 0.4370 -0.7857
vn 0.5476 0.4477 -0.7069
vn 0.6153 0.3545 -0.7041
vn 0.5380 0.3255 -0.7776
vn 0.7279 0.2464 -0.6398
vn 0.7106 0.0067 -0.7035
vn 0.5129 0.0332 -0.8578
vn 0.6927 0.1446 -0.7066
vn 0.6660 0.2415 -0.7058
s 0
usemtl black
f 1//1 2//1 3//1
f 3//1 4//1 1//1
f 1//1 4//1 5//1
f 1//1 5//1 6//1
f 6//1 7//1 1//1
f 1//1 7//1 8//1
f 1//1 8//1 9//1
f 9//1 8//1 10//1
f 11//2 12//2 8//2
f 8//3 12//3 10//3
f 12//4 13//4 10//4
f 10//5 13//5 14//5
f 10//6 14//6 9//6
f 9//7 14//7 15//7
f 9//8 15//8 1//8
f 11//9 8//9 16//9
f 16//9 8//9 7//9
f 16//10 7//10 17//10
f 17//10 7//10 6//10
f 17//11 6//11 18//11
f 18//11 6//11 5//11
f 18//12 5//12 19//12
f 19//13 5//13 4//13
f 19//14 4//14 20//14
f 20//14 4//14 3//14
f 20//15 3//15 21//15
f 21//15 3//15 2//15
f 285//437 286//437 287//437
f 287//438 286//438 288//438
f 287//439 288//439 289//439
f 289//440 288//440 290//440
f 291//441 292//441 287//441
f 287//442 292//442 293//442
f 287//443 293//443 285//443
f 294//444 295//444 296//444
f 297//445 298//445 299//445
f 299//446 298//446 294//446
f 299//447 294//447 300//447
f 300//448 294//448 296//448
f 300//449 296//449 301//449
f 302//450 303//450 304//450
f 304//451 303//451 305//451
f 306//452 307//452 290//452
f 290//453 307//453 308//453
f 290//454 308//454 289//454
f 289//455 308//455 309//455
f 289//456 309//456 287//456
f 287//457 309//457 302//457
f 287//458 302//458 291//458
f 291//459 302//459 304//459
f 291//460 304//460 310//460
f 310//461 304//461 305//461
f 310//462 305//462 311//462
f 311//463 295//463 310//463
f 310//464 295//464 294//464
f 310//465 294//465 291//465
f 291//466 294//466 298//466
f 291//467 298//467 292//467
f 292//468 298//468 297//468
f 292//469 297//469 293//469
f 308//470 307//470 312//470
f 313//471 314//471 315//471
f 315//472 314//472 302//472
f 315//473 302//473 309//473
f 316//474 317//474 318//474
f 318//475 317//475 319//475
f 318//476 319//476 313//476
f 313//477 319//477 320//477
f 313//478 320//478 314//478
f 321//479 316//479 322//479
f 322//480 316//480 318//480
f 322//481 318//481 323//481
f 323//482 318//482 324//482
f 324//483 318//483 325//483
f 325//484 318//484 313//484
f 325//485 313//485 326//485
f 326//486 313//486 315//486
f 326//487 315//487 312//487
f 312//488 315//488 309//488
f 312//489 309//489 308//489
f 465//755 466//755 467//755
f 467//756 466//756 468//756
f 307//757 469//757 312//757
f 470//758 471//758 472//758
f 312//759 469//759 326//759
f 326//760 469//760 473//760
f 326//761 473//761 325//761
f 472//762 474//762 470//762
f 470//763 474//763 475//763
f 470//764 475//764 476//764
f 476//765 475//765 477//765
f 476//766 477//766 478//766
f 478//767 477//767 479//767
f 478//768 479//768 480//768
f 478//769 325//769 476//769
f 476//770 325//770 473//770
f 476//771 473//771 470//771
f 470//772 473//772 469//772
f 470//773 469//773 471//773
f 471//774 469//774 307//774
f 471//775 307//775 306//775
f 481//776 466//776 465//776
f 465//777 482//777 481//777
f 481//778 482//778 483//778
f 481//779 483//779 306//779
f 306//780 483//780 472//780
f 306//781 472//781 471//781
f 324//782 325//782 484//782
f 484//783 325//783 478//783
f 484//784 478//784 485//784
f 485//785 478//785 480//785
f 485//786 480//786 486//786
f 494//796 495//796 496//796
f 497//797 498//797 499//797
f 499//798 498//798 500//798
f 499//799 500//799 501//799
f 502//800 503//800 504//800
f 504//801 503//801 501//801
f 504//802 501//802 505//802
f 505//803 501//803 500//803
f 506//804 507//804 508//804
f 508//805 507//805 509//805
f 508//806 509//806 510//806
f 510//807 509//807 511//807
f 510//808 511//808 512//808
f 513//809 514//809 515//809
f 515//810 514//810 516//810
f 515//811 516//811 517//811
f 517//812 516//812 518//812
f 517//813 518//813 519//813
f 519//814 518//814 520//814
f 519//815 520//815 506//815
f 506//816 520//816 521//816
f 506//817 521//817 507//817
f 522//818 523//818 524//818
f 525//819 526//819 527//819
f 528//820 529//820 525//820
f 525//821 529//821 530//821
f 525//822 530//822 526//822
f 523//823 522//823 531//823
f 531//824 522//824 532//824
f 531//825 532//825 527//825
f 527//826 532//826 533//826
f 527//827 533//827 525//827
f 534//828 535//828 536//828
f 536//829 537//829 534//829
f 534//830 537//830 538//830
f 534//831 538//831 524//831
f 524//832 538//832 539//832
f 524//833 539//833 522//833
f 523//834 531//834 540//834
f 541//835 535//835 542//835
f 542//836 535//836 534//836
f 542//837 534//837 543//837
f 543//838 534//838 524//838
f 543//839 524//839 544//839
f 544//840 524//840 523//840
f 544//841 523//841 545//841
f 545//842 523//842 540//842
f 545//843 540//843 546//843
f 465//844 467//844 547//844
f 547//845 467//845 548//845
f 547//846 548//846 549//846
f 550//847 551//847 552//847
f 552//848 551//848 553//848
f 552//849 553//849 549//849
f 549//850 553//850 554//850
f 549//851 554//851 547//851
f 555//852 556//852 557//852
f 557//853 556//853 558//853
f 557//854 558//854 550//854
f 550//855 558//855 559//855
f 550//856 559//856 551//856
f 541//857 560//857 555//857
f 555//858 560//858 561//858
f 555//859 561//859 556//859
f 562//860 563//860 564//860
f 565//861 566//861 567//861
f 567//862 566//862 568//862
f 567//863 568//863 569//863
f 569//864 568//864 570//864
f 569//865 570//865 571//865
f 571//866 570//866 572//866
f 572//867 570//867 573//867
f 572//868 573//868 574//868
f 575//869 576//869 573//869
f 573//870 576//870 577//870
f 573//871 577//871 574//871
f 578//872 579//872 580//872
f 580//873 579//873 581//873
f 580//874 581//874 582//874
f 583//875 584//875 581//875
f 581//876 584//876 585//876
f 581//877 585//877 582//877
f 586//878 587//878 583//878
f 583//879 587//879 588//879
f 583//880 588//880 584//880
f 564//881 589//881 562//881
f 562//882 589//882 590//882
f 562//883 590//883 586//883
f 586//884 590//884 591//884
f 586//885 591//885 587//885
f 565//886 563//886 566//886
f 566//887 563//887 562//887
f 566//888 562//888 568//888
f 568//889 562//889 586//889
f 568//890 586//890 570//890
f 570//891 586//891 583//891
f 570//892 583//892 573//892
f 573//893 583//893 581//893
f 573//894 581//894 575//894
f 575//895 581//895 579//895
f 589//896 564//896 592//896
f 592//897 564//897 563//897
f 592//898 593//898 589//898
f 589//899 593//899 594//899
f 589//900 594//900 590//900
f 590//901 594//901 591//901
f 591//902 594//902 595//902
f 591//903 595//903 587//903
f 563//904 565//904 592//904
f 592//905 565//905 596//905
f 592//906 596//906 597//906
f 598//907 599//907 600//907
f 601//908 602//908 603//908
f 604//909 605//909 606//909
f 604//910 606//910 607//910
f 601//911 603//911 608//911
f 598//912 600//912 609//912
f 610//913 611//913 612//913
f 605//914 613//914 606//914
f 606//915 613//915 614//915
f 606//916 614//916 615//916
f 615//917 614//917 616//917
f 615//918 616//918 617//918
f 617//919 616//919 618//919
f 602//920 607//920 603//920
f 603//921 607//921 606//921
f 603//922 606//922 619//922
f 619//923 606//923 615//923
f 619//924 615//924 612//924
f 612//925 615//925 617//925
f 612//926 617//926 610//926
f 610//927 617//927 618//927
f 610//928 618//928 620//928
f 611//929 609//929 612//929
f 612//930 609//930 600//930
f 612//931 600//931 619//931
f 619//932 600//932 621//932
f 619//933 621//933 603//933
f 603//934 621//934 622//934
f 603//935 622//935 608//935
f 472//936 608//936 474//936
f 474//937 608//937 622//937
f 474//938 622//938 475//938
f 475//939 622//939 621//939
f 475//940 621//940 477//940
f 477//941 621//941 600//941
f 477//942 600//942 479//942
f 479//943 600//943 599//943
f 479//944 599//944 480//944
f 527//945 526//945 623//945
f 511//946 546//946 540//946
f 502//947 512//947 503//947
f 503//948 512//948 511//948
f 503//949 511//949 623//949
f 511//950 540//950 623//950
f 623//951 540//951 531//951
f 623//952 531//952 527//952
f 624//953 465//953 547//953
f 608//954 472//954 483//954
f 602//955 601//955 625//955
f 625//956 601//956 608//956
f 625//957 608//957 626//957
f 626//958 608//958 483//958
f 626//959 483//959 482//959
f 602//960 625//960 607//960
f 607//961 625//961 627//961
f 607//962 627//962 604//962
f 628//963 613//963 627//963
f 627//964 613//964 605//964
f 627//965 605//965 604//965
f 520//966 518//966 629//966
f 629//967 518//967 516//967
f 630//968 631//968 632//968
f 632//969 631//969 633//969
f 632//970 633//970 634//970
f 634//971 633//971 629//971
f 634//972 629//972 635//972
f 635//973 629//973 516//973
f 635//974 516//974 514//974
f 543//975 544//975 636//975
f 636//976 544//976 545//976
f 636//977 545//977 507//977
f 507//978 545//978 546//978
f 507//979 546//979 509//979
f 509//980 546//980 511//980
f 543//981 636//981 542//981
f 542//982 636//982 637//982
f 542//983 637//983 541//983
f 541//984 637//984 638//984
f 541//985 638//985 560//985
f 639//986 640//986 559//986
f 559//987 558//987 639//987
f 639//988 558//988 556//988
f 639//989 556//989 638//989
f 638//990 556//990 561//990
f 638//991 561//991 560//991
f 547//992 554//992 624//992
f 624//993 554//993 553//993
f 624//994 553//994 640//994
f 640//995 553//995 551//995
f 640//996 551//996 559//996
f 521//997 520//997 641//997
f 641//998 520//998 629//998
f 641//999 629//999 642//999
f 642//1000 629//1000 633//1000
f 642//1001 633//1001 628//1001
f 628//1002 633//1002 631//1002
f 628//1003 631//1003 613//1003
f 613//1004 631//1004 630//1004
f 507//1005 521//1005 636//1005
f 636//1006 521//1006 641//1006
f 636//1007 641//1007 637//1007
f 637//1008 641//1008 642//1008
f 637//1009 642//1009 638//1009
f 638//1010 642//1010 628//1010
f 638//1011 628//1011 639//1011
f 639//1012 628//1012 627//1012
f 639//1013 627//1013 640//1013
f 640//1014 627//1014 625//1014
f 640//1015 625//1015 624//1015
f 624//1016 625//1016 626//1016
f 624//1017 626//1017 465//1017
f 465//1018 626//1018 482//1018
f 580//1019 643//1019 578//1019
f 578//1020 643//1020 644//1020
f 585//1021 584//1021 645//1021
f 645//1022 646//1022 496//1022
f 582//1023 585//1023 647//1023
f 647//1024 585//1024 645//1024
f 647//1025 645//1025 495//1025
f 495//1026 645//1026 496//1026
f 584//1027 588//1027 645//1027
f 645//1028 588//1028 587//1028
f 645//1029 587//1029 646//1029
f 646//1030 587//1030 595//1030
f 623//1031 526//1031 530//1031
f 503//1032 623//1032 501//1032
f 501//1033 623//1033 530//1033
f 501//1034 530//1034 499//1034
f 499//1035 530//1035 529//1035
f 499//797 529//797 497//797
f 580//1036 582//1036 643//1036
f 643//1037 582//1037 647//1037
f 643//1038 647//1038 648//1038
f 648//1039 647//1039 495//1039
f 541//1040 555//1040 535//1040
f 535//1041 555//1041 536//1041
f 652//1046 653//1046 654//1046
f 273//1047 275//1047 655//1047
f 261//1048 656//1048 655//1048
f 657//1049 658//1049 659//1049
f 660//1050 661//1050 662//1050
f 663//1051 664//1051 662//1051
f 665//1052 321//1052 666//1052
f 666//1053 321//1053 667//1053
f 667//1054 321//1054 322//1054
f 667//1055 322//1055 323//1055
f 661//1056 668//1056 662//1056
f 662//1057 668//1057 669//1057
f 662//1058 669//1058 663//1058
f 670//1059 671//1059 672//1059
f 672//1060 671//1060 673//1060
f 672//1061 673//1061 674//1061
f 330//1062 675//1062 333//1062
f 333//1063 675//1063 676//1063
f 333//1064 676//1064 677//1064
f 677//1065 657//1065 333//1065
f 333//1066 657//1066 659//1066
f 333//1067 659//1067 334//1067
f 334//1068 659//1068 678//1068
f 337//1069 336//1069 679//1069
f 679//1070 336//1070 335//1070
f 656//1071 261//1071 680//1071
f 338//1072 681//1072 339//1072
f 339//1073 681//1073 680//1073
f 339//1074 680//1074 340//1074
f 340//1075 680//1075 261//1075
f 275//1076 276//1076 655//1076
f 655//1077 276//1077 256//1077
f 655//1078 256//1078 261//1078
f 267//1079 268//1079 682//1079
f 682//1080 268//1080 270//1080
f 682//1081 270//1081 272//1081
f 405//1082 263//1082 683//1082
f 263//1083 262//1083 683//1083
f 683//1084 262//1084 265//1084
f 683//1085 265//1085 267//1085
f 684//1086 685//1086 405//1086
f 576//1087 685//1087 577//1087
f 577//1088 685//1088 684//1088
f 577//1089 684//1089 574//1089
f 654//1090 571//1090 684//1090
f 684//1091 571//1091 572//1091
f 684//1092 572//1092 574//1092
f 653//1093 567//1093 654//1093
f 654//1094 567//1094 569//1094
f 654//1095 569//1095 571//1095
f 597//1096 596//1096 653//1096
f 653//1097 596//1097 565//1097
f 653//1098 565//1098 567//1098
f 686//1099 687//1099 688//1099
f 688//1100 687//1100 689//1100
f 485//1101 486//1101 690//1101
f 690//1102 486//1102 691//1102
f 690//1103 691//1103 692//1103
f 692//1104 691//1104 693//1104
f 323//1105 324//1105 690//1105
f 690//1106 324//1106 484//1106
f 690//1107 484//1107 485//1107
f 272//1108 273//1108 682//1108
f 682//1109 273//1109 655//1109
f 682//1110 655//1110 694//1110
f 694//1111 655//1111 656//1111
f 694//1112 656//1112 695//1112
f 695//1113 656//1113 680//1113
f 696//1114 652//1114 697//1114
f 697//1115 652//1115 654//1115
f 697//1116 654//1116 698//1116
f 698//1117 654//1117 684//1117
f 698//1118 684//1118 699//1118
f 699//1119 684//1119 405//1119
f 267//1120 682//1120 683//1120
f 683//1121 682//1121 694//1121
f 683//1122 694//1122 700//1122
f 700//1123 694//1123 695//1123
f 700//1124 695//1124 701//1124
f 701//1125 695//1125 702//1125
f 701//1126 702//1126 703//1126
f 405//1127 683//1127 699//1127
f 699//1128 683//1128 700//1128
f 699//1129 700//1129 698//1129
f 698//1130 700//1130 701//1130
f 698//1131 701//1131 697//1131
f 697//1132 701//1132 703//1132
f 697//1133 703//1133 696//1133
f 704//1134 705//1134 706//1134
f 706//1135 705//1135 674//1135
f 707//1136 660//1136 708//1136
f 708//1137 660//1137 662//1137
f 708//1138 662//1138 666//1138
f 666//1139 662//1139 664//1139
f 666//1140 664//1140 665//1140
f 673//1141 707//1141 674//1141
f 674//1142 707//1142 708//1142
f 674//1143 708//1143 706//1143
f 706//1144 708//1144 666//1144
f 706//1145 666//1145 704//1145
f 704//1146 666//1146 667//1146
f 323//1147 690//1147 667//1147
f 667//1148 690//1148 709//1148
f 667//1149 709//1149 704//1149
f 704//1150 709//1150 710//1150
f 704//1151 710//1151 705//1151
f 705//1152 710//1152 711//1152
f 705//1153 711//1153 674//1153
f 674//1154 711//1154 712//1154
f 674//1155 712//1155 672//1155
f 335//1156 334//1156 679//1156
f 679//1157 334//1157 678//1157
f 679//1158 678//1158 713//1158
f 713//1159 678//1159 714//1159
f 713//1160 714//1160 715//1160
f 715//1161 714//1161 716//1161
f 715//1162 716//1162 717//1162
f 337//1163 679//1163 718//1163
f 718//1164 679//1164 713//1164
f 718//1165 713//1165 719//1165
f 719//1166 713//1166 715//1166
f 719//1167 715//1167 720//1167
f 720//1168 715//1168 717//1168
f 720//1169 717//1169 721//1169
f 721//1170 717//1170 722//1170
f 721//1171 722//1171 723//1171
f 723//1172 722//1172 724//1172
f 723//1173 724//1173 725//1173
f 725//1174 724//1174 726//1174
f 725//1175 726//1175 689//1175
f 689//1176 726//1176 727//1176
f 689//1177 727//1177 688//1177
f 658//1178 670//1178 659//1178
f 659//1179 670//1179 672//1179
f 659//1180 672//1180 678//1180
f 678//1181 672//1181 712//1181
f 678//1182 712//1182 714//1182
f 714//1183 712//1183 711//1183
f 714//1184 711//1184 716//1184
f 716//1185 711//1185 710//1185
f 716//1186 710//1186 717//1186
f 717//1187 710//1187 709//1187
f 717//1188 709//1188 722//1188
f 722//1189 709//1189 690//1189
f 722//1190 690//1190 724//1190
f 724//1191 690//1191 692//1191
f 724//1192 692//1192 726//1192
f 726//1193 692//1193 693//1193
f 726//1194 693//1194 727//1194
f 727//1195 693//1195 728//1195
f 727//1196 728//1196 688//1196
f 688//1197 729//1197 686//1197
f 686//1198 729//1198 597//1198
f 686//1199 597//1199 687//1199
f 687//1200 597//1200 653//1200
f 687//1201 653//1201 689//1201
f 689//1202 653//1202 652//1202
f 689//1203 652//1203 725//1203
f 725//1204 652//1204 696//1204
f 725//1205 696//1205 723//1205
f 723//1206 696//1206 703//1206
f 723//1207 703//1207 721//1207
f 721//1208 703//1208 702//1208
f 721//1209 702//1209 720//1209
f 720//1210 702//1210 695//1210
f 720//1211 695//1211 719//1211
f 719//1212 695//1212 680//1212
f 719//1213 680//1213 718//1213
f 718//1214 680//1214 681//1214
f 718//1215 681//1215 337//1215
f 337//1216 681//1216 338//1216
f 734//1221 735//1221 736//1221
f 757//1270 752//1270 644//1270
f 773//1314 505//1314 774//1314
f 774//1315 505//1315 500//1315
f 774//1316 500//1316 498//1316
f 775//1317 776//1317 777//1317
f 777//1318 776//1318 502//1318
f 777//1319 502//1319 773//1319
f 773//1320 502//1320 504//1320
f 773//1321 504//1321 505//1321
f 776//1322 775//1322 778//1322
f 512//1323 776//1323 510//1323
f 510//1324 776//1324 778//1324
f 510//1325 778//1325 508//1325
f 508//1326 778//1326 779//1326
f 508//1327 779//1327 506//1327
f 779//1328 780//1328 506//1328
f 506//1329 780//1329 781//1329
f 506//1330 781//1330 519//1330
f 519//1331 781//1331 782//1331
f 783//1332 513//1332 784//1332
f 784//1333 513//1333 515//1333
f 784//1334 515//1334 782//1334
f 782//1335 515//1335 517//1335
f 782//1336 517//1336 519//1336
f 643//1337 785//1337 644//1337
f 644//1338 785//1338 757//1338
f 495//1339 494//1339 648//1339
f 648//1340 494//1340 786//1340
f 648//1341 786//1341 643//1341
f 643//1342 786//1342 787//1342
f 643//1343 787//1343 785//1343
f 788//1344 789//1344 790//1344
f 790//1345 789//1345 791//1345
f 792//1346 793//1346 794//1346
f 794//1347 793//1347 795//1347
f 794//1348 795//1348 791//1348
f 791//1349 795//1349 796//1349
f 791//1350 796//1350 790//1350
f 786//1351 494//1351 797//1351
f 797//1352 494//1352 496//1352
f 797//1353 496//1353 798//1353
f 798//1354 496//1354 799//1354
f 798//1355 799//1355 800//1355
f 800//1356 799//1356 801//1356
f 800//1357 801//1357 792//1357
f 792//1358 801//1358 802//1358
f 792//1359 802//1359 793//1359
f 513//1360 783//1360 803//1360
f 630//1361 632//1361 804//1361
f 804//1362 632//1362 634//1362
f 804//1363 634//1363 805//1363
f 805//1364 634//1364 635//1364
f 805//1365 635//1365 803//1365
f 803//1366 635//1366 514//1366
f 803//1367 514//1367 513//1367
f 614//1368 613//1368 630//1368
f 620//1369 618//1369 806//1369
f 806//1370 618//1370 616//1370
f 806//1371 616//1371 807//1371
f 614//1372 630//1372 616//1372
f 616//1373 630//1373 804//1373
f 616//1374 804//1374 807//1374
f 807//1375 804//1375 805//1375
f 807//1376 805//1376 808//1376
f 808//1377 805//1377 788//1377
f 788//1378 805//1378 803//1378
f 788//1379 803//1379 789//1379
f 529//1384 528//1384 811//1384
f 812//1385 651//1385 810//1385
f 813//1386 774//1386 498//1386
f 529//1387 811//1387 497//1387
f 810//1388 814//1388 812//1388
f 812//1389 814//1389 813//1389
f 812//1390 813//1390 811//1390
f 811//1391 813//1391 498//1391
f 811//1392 498//1392 497//1392
f 815//1393 816//1393 817//1393
f 818//1393 819//1393 820//1393
f 820//1393 819//1393 821//1393
f 820//1393 821//1393 786//1393
f 797//1394 798//1394 822//1394
f 823//1393 824//1393 825//1393
f 825//1393 824//1393 753//1393
f 825//1393 753//1393 752//1393
f 817//1393 826//1393 815//1393
f 815//1393 826//1393 827//1393
f 815//1393 827//1393 803//1393
f 827//1393 828//1393 803//1393
f 803//1393 828//1393 829//1393
f 803//1393 829//1393 789//1393
f 752//1394 757//1394 825//1394
f 825//1393 757//1393 785//1393
f 825//1393 785//1393 821//1393
f 821//1393 785//1393 787//1393
f 821//1393 787//1393 786//1393
f 789//1393 829//1393 791//1393
f 791//1393 829//1393 830//1393
f 791//1393 830//1393 794//1393
f 822//1395 798//1395 831//1395
f 831//1396 798//1396 800//1396
f 831//1397 800//1397 830//1397
f 830//1396 800//1396 792//1396
f 830//1393 792//1393 794//1393
f 822//1398 832//1398 797//1398
f 797//1394 832//1394 833//1394
f 797//1398 833//1398 786//1398
f 786//1399 833//1399 834//1399
f 786//1400 834//1400 820//1400
f 835//1393 836//1393 815//1393
f 836//1393 837//1393 815//1393
f 815//1393 837//1393 838//1393
f 815//1393 838//1393 816//1393
f 839//1393 840//1393 741//1393
f 741//1393 840//1393 747//1393
f 840//1393 841//1393 747//1393
f 747//1401 841//1401 842//1401
f 747//1393 842//1393 745//1393
f 745//1393 842//1393 835//1393
f 745//1393 835//1393 744//1393
f 824//1393 843//1393 753//1393
f 753//1393 843//1393 844//1393
f 753//1393 844//1393 740//1393
f 740//1393 844//1393 845//1393
f 740//1393 845//1393 741//1393
f 741//1402 845//1402 846//1402
f 741//1393 846//1393 839//1393
f 847//1393 848//1393 815//1393
f 849//1393 850//1393 851//1393
f 851//1393 850//1393 736//1393
f 848//1393 851//1393 815//1393
f 815//1393 851//1393 736//1393
f 815//1393 736//1393 835//1393
f 835//1393 736//1393 742//1393
f 835//1393 742//1393 744//1393
f 763//1401 852//1401 853//1401
f 759//1393 733//1393 850//1393
f 850//1393 733//1393 734//1393
f 850//1393 734//1393 736//1393
f 763//1393 853//1393 764//1393
f 764//1400 853//1400 854//1400
f 764//1393 854//1393 809//1393
f 759//1393 850//1393 760//1393
f 760//1393 850//1393 855//1393
f 760//1393 855//1393 769//1393
f 769//1394 855//1394 856//1394
f 769//1393 856//1393 763//1393
f 763//1403 856//1403 857//1403
f 763//1404 857//1404 852//1404
f 854//1393 847//1393 809//1393
f 809//1393 847//1393 815//1393
f 809//1393 815//1393 858//1393
f 859//1405 860//1405 861//1405
f 862//1393 863//1393 864//1393
f 864//1393 863//1393 865//1393
f 864//1393 865//1393 815//1393
f 815//1393 865//1393 866//1393
f 815//1400 866//1400 858//1400
f 774//1406 813//1406 858//1406
f 861//1393 867//1393 868//1393
f 813//1405 814//1405 858//1405
f 858//1407 814//1407 810//1407
f 858//1400 810//1400 809//1400
f 869//1394 803//1394 870//1394
f 870//1393 803//1393 783//1393
f 859//1393 861//1393 871//1393
f 774//1393 858//1393 773//1393
f 773//1393 858//1393 872//1393
f 773//1393 872//1393 777//1393
f 775//1393 873//1393 778//1393
f 778//1393 873//1393 874//1393
f 778//1393 874//1393 779//1393
f 779//1401 874//1401 875//1401
f 779//1393 875//1393 780//1393
f 780//1394 875//1394 876//1394
f 868//1393 877//1393 861//1393
f 861//1399 877//1399 878//1399
f 861//1400 878//1400 879//1400
f 880//1393 881//1393 775//1393
f 775//1408 881//1408 882//1408
f 775//1400 882//1400 873//1400
f 783//1393 784//1393 870//1393
f 870//1393 784//1393 782//1393
f 870//1393 782//1393 876//1393
f 876//1393 782//1393 781//1393
f 876//1393 781//1393 780//1393
f 775//1393 777//1393 880//1393
f 880//1393 777//1393 872//1393
f 880//1393 872//1393 869//1393
f 869//1393 872//1393 883//1393
f 869//1393 883//1393 803//1393
f 803//1394 883//1394 867//1394
f 803//1393 867//1393 815//1393
f 815//1393 867//1393 861//1393
f 815//1394 861//1394 864//1394
f 879//1400 884//1400 861//1400
f 861//1400 884//1400 885//1400
f 861//1404 885//1404 871//1404
f 776//1409 512//1409 502//1409
f 651//1410 812//1410 886//1410
f 886//1411 812//1411 811//1411
f 886//1412 811//1412 528//1412
f 896//1427 897//1427 898//1427
f 898//1428 899//1428 896//1428
f 896//1429 899//1429 900//1429
f 896//1430 900//1430 901//1430
f 901//1431 900//1431 902//1431
f 901//1432 902//1432 903//1432
f 898//1433 897//1433 239//1433
f 239//1434 897//1434 904//1434
f 239//1435 904//1435 240//1435
f 240//1436 904//1436 331//1436
f 911//1447 909//1447 912//1447
f 912//1450 909//1450 915//1450
f 921//1469 926//1469 925//1469
f 940//1512 207//1512 32//1512
f 944//1524 945//1524 946//1524
f 947//1525 948//1525 949//1525
f 947//1526 658//1526 657//1526
f 657//1527 677//1527 947//1527
f 947//1528 677//1528 950//1528
f 947//1529 950//1529 948//1529
f 658//1530 947//1530 670//1530
f 670//1531 947//1531 951//1531
f 670//1532 951//1532 671//1532
f 952//1533 707//1533 951//1533
f 951//1534 707//1534 673//1534
f 951//1535 673//1535 671//1535
f 663//1536 669//1536 953//1536
f 953//1537 669//1537 668//1537
f 953//1538 668//1538 954//1538
f 954//1539 668//1539 661//1539
f 954//1540 661//1540 952//1540
f 952//1541 661//1541 660//1541
f 952//1542 660//1542 707//1542
f 663//1543 955//1543 664//1543
f 664//1544 955//1544 956//1544
f 664//1545 956//1545 665//1545
f 957//1546 317//1546 316//1546
f 321//1547 665//1547 316//1547
f 316//1548 665//1548 956//1548
f 316//1549 956//1549 957//1549
f 957//1550 956//1550 955//1550
f 957//1551 955//1551 958//1551
f 663//1552 953//1552 955//1552
f 955//1553 953//1553 959//1553
f 955//1554 959//1554 958//1554
f 944//1555 946//1555 949//1555
f 949//1556 946//1556 960//1556
f 949//1557 960//1557 947//1557
f 947//1558 960//1558 961//1558
f 947//1559 961//1559 951//1559
f 951//1560 961//1560 962//1560
f 951//1561 962//1561 952//1561
f 963//1562 964//1562 965//1562
f 965//1563 964//1563 966//1563
f 966//1564 967//1564 965//1564
f 965//1565 967//1565 305//1565
f 965//1566 305//1566 303//1566
f 317//1567 957//1567 968//1567
f 302//1568 314//1568 969//1568
f 969//1569 314//1569 320//1569
f 969//1570 320//1570 970//1570
f 970//1571 320//1571 319//1571
f 970//1572 319//1572 971//1572
f 972//1573 963//1573 965//1573
f 957//1574 958//1574 968//1574
f 968//1575 958//1575 973//1575
f 968//1576 973//1576 974//1576
f 974//1577 973//1577 972//1577
f 974//1578 972//1578 975//1578
f 975//1579 972//1579 965//1579
f 965//1580 303//1580 975//1580
f 975//1581 303//1581 976//1581
f 975//1582 976//1582 974//1582
f 974//1583 976//1583 977//1583
f 974//1584 977//1584 968//1584
f 968//1585 977//1585 978//1585
f 968//1586 978//1586 317//1586
f 303//1587 302//1587 976//1587
f 976//1588 302//1588 969//1588
f 976//1589 969//1589 977//1589
f 977//1590 969//1590 970//1590
f 977//1591 970//1591 978//1591
f 978//1592 970//1592 971//1592
f 978//1593 971//1593 317//1593
f 317//1594 971//1594 319//1594
f 979//1595 980//1595 981//1595
f 305//1596 967//1596 311//1596
f 311//1597 967//1597 982//1597
f 983//1598 984//1598 985//1598
f 985//1599 984//1599 986//1599
f 985//1600 986//1600 987//1600
f 987//1601 986//1601 301//1601
f 987//1602 301//1602 988//1602
f 988//1603 301//1603 296//1603
f 988//1604 296//1604 982//1604
f 982//1605 296//1605 295//1605
f 982//1606 295//1606 311//1606
f 989//1607 990//1607 991//1607
f 983//1608 985//1608 992//1608
f 992//1609 985//1609 989//1609
f 992//1610 989//1610 993//1610
f 993//1611 989//1611 991//1611
f 993//1612 991//1612 994//1612
f 995//1613 981//1613 990//1613
f 979//1614 981//1614 996//1614
f 981//1615 995//1615 996//1615
f 996//1616 995//1616 997//1616
f 996//1617 997//1617 998//1617
f 998//1618 997//1618 999//1618
f 998//1619 999//1619 1000//1619
f 1000//1620 999//1620 1001//1620
f 1000//1621 1001//1621 1002//1621
f 1003//1622 966//1622 964//1622
f 964//1623 1004//1623 1003//1623
f 1003//1624 1004//1624 1005//1624
f 1003//1625 1005//1625 1001//1625
f 1001//1626 1005//1626 1006//1626
f 1001//1627 1006//1627 1002//1627
f 990//1628 989//1628 995//1628
f 995//1629 989//1629 985//1629
f 995//1630 985//1630 997//1630
f 997//1631 985//1631 987//1631
f 997//1632 987//1632 999//1632
f 999//1633 987//1633 988//1633
f 999//1634 988//1634 1001//1634
f 1001//1635 988//1635 982//1635
f 1001//1636 982//1636 1003//1636
f 1003//1637 982//1637 967//1637
f 1003//1638 967//1638 966//1638
f 1007//1639 994//1639 991//1639
f 1008//1640 943//1640 942//1640
f 1009//1641 1010//1641 1008//1641
f 1010//1642 1009//1642 1011//1642
f 990//1643 981//1643 1012//1643
f 1012//1644 981//1644 980//1644
f 1012//1645 980//1645 1011//1645
f 1011//1646 1009//1646 1012//1646
f 1012//1647 1009//1647 991//1647
f 1012//1648 991//1648 990//1648
f 1013//1649 1014//1649 991//1649
f 991//1650 1014//1650 1015//1650
f 991//1651 1015//1651 1007//1651
f 1007//1652 1015//1652 1016//1652
f 355//1653 343//1653 1017//1653
f 360//1654 359//1654 1018//1654
f 1018//1655 359//1655 358//1655
f 1018//1656 358//1656 1019//1656
f 1019//1657 358//1657 357//1657
f 1019//1658 357//1658 1017//1658
f 1017//1659 357//1659 356//1659
f 1017//1660 356//1660 355//1660
f 343//1661 1013//1661 1017//1661
f 1017//1662 1013//1662 991//1662
f 1017//1663 991//1663 1019//1663
f 1019//1664 991//1664 1009//1664
f 1019//1665 1009//1665 1018//1665
f 1018//1666 1009//1666 1008//1666
f 1018//1667 1008//1667 360//1667
f 360//1668 1008//1668 942//1668
f 1020//1669 1021//1669 1022//1669
f 1023//1670 1024//1670 1025//1670
f 938//1671 1026//1671 1027//1671
f 1028//1672 1029//1672 907//1672
f 907//1673 1029//1673 1030//1673
f 907//1674 1030//1674 940//1674
f 1031//1675 1032//1675 1030//1675
f 1030//1675 1032//1675 1033//1675
f 1030//1676 1033//1676 940//1676
f 940//1677 1033//1677 1034//1677
f 940//1678 1034//1678 1035//1678
f 1035//1679 1036//1679 940//1679
f 940//1676 1036//1676 1037//1676
f 940//1680 1037//1680 1038//1680
f 1038//1681 1039//1681 940//1681
f 940//1682 1039//1682 1040//1682
f 940//1683 1040//1683 939//1683
f 939//1684 1040//1684 1041//1684
f 1041//1685 1042//1685 939//1685
f 939//1686 1042//1686 1043//1686
f 939//1687 1043//1687 937//1687
f 937//1688 1043//1688 1044//1688
f 1045//1689 1046//1689 1047//1689
f 1045//1690 1047//1690 1032//1690
f 1032//1691 1047//1691 1033//1691
f 1033//1692 1047//1692 1048//1692
f 1033//1693 1048//1693 1049//1693
f 1050//1694 1051//1694 1052//1694
f 1052//1694 1051//1694 1053//1694
f 1052//1694 1053//1694 1054//1694
f 1054//1694 1053//1694 1055//1694
f 1054//1694 1055//1694 1056//1694
f 1057//1695 1058//1695 907//1695
f 888//1696 887//1696 1059//1696
f 888//1697 1059//1697 905//1697
f 905//1698 1059//1698 1060//1698
f 905//1699 1060//1699 906//1699
f 906//1700 1060//1700 1061//1700
f 906//1701 1061//1701 907//1701
f 907//1702 1061//1702 1062//1702
f 907//1703 1062//1703 1057//1703
f 1063//1704 1028//1704 1064//1704
f 1064//1705 1028//1705 907//1705
f 1064//1706 907//1706 1065//1706
f 1065//1707 907//1707 1058//1707
f 1048//1708 1051//1708 1049//1708
f 1049//1709 1051//1709 1050//1709
f 1049//1710 1050//1710 1066//1710
f 1066//1711 1050//1711 1067//1711
f 1066//1712 1067//1712 1068//1712
f 916//1713 912//1713 941//1713
f 941//1714 912//1714 915//1714
f 941//1715 915//1715 940//1715
f 940//1716 915//1716 913//1716
f 940//1717 913//1717 907//1717
f 918//1718 919//1718 910//1718
f 916//1719 917//1719 912//1719
f 912//1720 917//1720 918//1720
f 912//1721 918//1721 911//1721
f 911//1722 918//1722 910//1722
f 920//1723 928//1723 930//1723
f 930//1724 932//1724 920//1724
f 920//1725 932//1725 933//1725
f 920//1726 933//1726 919//1726
f 919//1727 933//1727 924//1727
f 924//1728 923//1728 919//1728
f 919//1729 923//1729 925//1729
f 919//1730 925//1730 926//1730
f 926//1731 922//1731 919//1731
f 919//1732 922//1732 908//1732
f 919//1733 908//1733 910//1733
f 938//1734 934//1734 1026//1734
f 1026//1735 934//1735 935//1735
f 1026//1736 935//1736 1044//1736
f 1044//1737 935//1737 936//1737
f 1044//1738 936//1738 937//1738
f 1069//1739 1070//1739 1071//1739
f 1071//1740 1070//1740 1072//1740
f 897//1741 896//1741 1073//1741
f 1073//1742 896//1742 901//1742
f 1073//1743 901//1743 1027//1743
f 1027//1744 901//1744 903//1744
f 1027//1745 903//1745 938//1745
f 960//1746 946//1746 1073//1746
f 1073//1747 946//1747 945//1747
f 1073//1748 945//1748 1074//1748
f 1074//1749 1075//1749 1073//1749
f 1073//1750 1075//1750 904//1750
f 1073//1751 904//1751 897//1751
f 1073//1752 1076//1752 960//1752
f 960//1753 1076//1753 1077//1753
f 960//1754 1077//1754 961//1754
f 961//1755 1077//1755 1078//1755
f 961//1756 1078//1756 1079//1756
f 1079//1757 1080//1757 961//1757
f 961//1758 1080//1758 1081//1758
f 961//1759 1081//1759 1071//1759
f 1082//1760 1083//1760 998//1760
f 1083//1761 1084//1761 998//1761
f 998//1762 1084//1762 1085//1762
f 998//1763 1085//1763 1086//1763
f 1086//1764 1087//1764 998//1764
f 998//1765 1087//1765 1088//1765
f 998//1766 1088//1766 996//1766
f 996//1767 1088//1767 1089//1767
f 996//1768 1089//1768 979//1768
f 979//1769 1089//1769 1090//1769
f 895//1770 1090//1770 894//1770
f 894//1771 1090//1771 1091//1771
f 895//1772 943//1772 1090//1772
f 1090//1773 943//1773 1008//1773
f 1090//1774 1008//1774 1092//1774
f 1008//1775 1010//1775 1092//1775
f 1092//1776 1010//1776 1011//1776
f 1092//1777 1011//1777 1090//1777
f 1090//1778 1011//1778 980//1778
f 1090//1779 980//1779 979//1779
f 1002//1780 1006//1780 961//1780
f 1002//1781 961//1781 1000//1781
f 1072//1782 1093//1782 1071//1782
f 1071//1782 1093//1782 1082//1782
f 1071//1759 1082//1759 961//1759
f 961//1783 1082//1783 998//1783
f 961//1784 998//1784 1000//1784
f 1006//1785 1005//1785 961//1785
f 961//1786 1005//1786 1004//1786
f 961//1787 1004//1787 964//1787
f 964//1788 963//1788 961//1788
f 961//1789 963//1789 972//1789
f 961//1790 972//1790 962//1790
f 962//1791 972//1791 1094//1791
f 962//1792 1094//1792 952//1792
f 972//1793 973//1793 1094//1793
f 1094//1794 973//1794 958//1794
f 1094//1795 958//1795 959//1795
f 959//1796 953//1796 1094//1796
f 1094//1797 953//1797 954//1797
f 1094//1798 954//1798 952//1798
f 1095//1799 891//1799 1096//1799
f 1096//1800 891//1800 892//1800
f 1096//1801 892//1801 1091//1801
f 1091//1802 892//1802 893//1802
f 1091//1803 893//1803 894//1803
f 1055//1694 1059//1694 1056//1694
f 1056//1804 1059//1804 887//1804
f 1056//1805 887//1805 1097//1805
f 1097//1806 887//1806 889//1806
f 1097//1807 889//1807 1095//1807
f 1095//1808 889//1808 890//1808
f 1095//1809 890//1809 891//1809
f 1098//1810 1099//1810 1100//1810
f 1068//1811 1067//1811 1101//1811
f 1101//1812 1067//1812 1098//1812
f 1101//1813 1098//1813 1102//1813
f 1102//1814 1098//1814 1100//1814
f 1102//1815 1100//1815 1103//1815
f 1104//1669 1105//1669 1106//1669
f 1103//1670 1023//1670 1102//1670
f 1102//1670 1023//1670 1025//1670
f 1102//1816 1025//1816 1106//1816
f 1106//1816 1025//1816 1020//1816
f 1106//1669 1020//1669 1104//1669
f 1020//1669 1022//1669 1104//1669
f 1104//1817 1022//1817 1107//1817
f 1104//1817 1107//1817 1108//1817
f 1109//1818 1104//1818 1110//1818
f 1110//1819 1104//1819 1108//1819
f 1110//1820 1108//1820 1111//1820
f 1111//1821 1108//1821 1070//1821
f 1111//1822 1070//1822 1112//1822
f 1112//1823 1070//1823 1069//1823
f 904//1824 1075//1824 331//1824
f 331//1825 1075//1825 1113//1825
f 1114//1826 328//1826 327//1826
f 1074//1827 945//1827 1115//1827
f 1115//1828 945//1828 944//1828
f 1115//1829 944//1829 1116//1829
f 1116//1830 944//1830 949//1830
f 1116//1831 949//1831 948//1831
f 1116//1832 1117//1832 1115//1832
f 1115//1833 1117//1833 1113//1833
f 1115//1834 1113//1834 1074//1834
f 1074//1835 1113//1835 1075//1835
f 948//1836 1118//1836 1116//1836
f 1116//1837 1118//1837 1114//1837
f 1116//1838 1114//1838 1117//1838
f 1117//1839 1114//1839 327//1839
f 1117//1840 327//1840 1113//1840
f 1113//1841 327//1841 332//1841
f 1113//1842 332//1842 331//1842
f 950//1843 677//1843 676//1843
f 948//1844 950//1844 1119//1844
f 950//1845 676//1845 1119//1845
f 1119//1846 676//1846 675//1846
f 1119//1847 675//1847 1120//1847
f 1120//1848 675//1848 330//1848
f 1120//1849 330//1849 329//1849
f 948//1850 1119//1850 1118//1850
f 1118//1851 1119//1851 1120//1851
f 1118//1852 1120//1852 1114//1852
f 1114//1853 1120//1853 329//1853
f 1114//1854 329//1854 328//1854
f 461//1855 1121//1855 119//1855
f 1122//1856 1123//1856 1124//1856
f 1125//1857 346//1857 364//1857
f 1122//1858 1124//1858 1126//1858
f 1126//1859 1124//1859 1127//1859
f 1126//1860 1127//1860 1128//1860
f 549//1861 548//1861 1129//1861
f 1129//1862 548//1862 467//1862
f 549//1863 1129//1863 552//1863
f 552//1864 1129//1864 1130//1864
f 552//1865 1130//1865 550//1865
f 550//1866 1130//1866 1131//1866
f 550//1867 1131//1867 557//1867
f 557//1868 1131//1868 1132//1868
f 557//1869 1132//1869 555//1869
f 533//1870 532//1870 1133//1870
f 1133//1871 532//1871 522//1871
f 536//1872 1134//1872 537//1872
f 537//1873 1134//1873 1135//1873
f 537//1874 1135//1874 538//1874
f 538//1875 1135//1875 1133//1875
f 538//1876 1133//1876 539//1876
f 539//1877 1133//1877 522//1877
f 533//1878 1133//1878 525//1878
f 525//1879 1133//1879 1136//1879
f 525//1880 1136//1880 528//1880
f 491//1881 651//1881 886//1881
f 491//1882 1137//1882 488//1882
f 488//1883 1137//1883 1138//1883
f 488//1884 1138//1884 487//1884
f 487//1885 1138//1885 453//1885
f 453//1886 1138//1886 1139//1886
f 453//1887 1139//1887 454//1887
f 459//1888 450//1888 1140//1888
f 1140//1889 450//1889 449//1889
f 1140//1890 449//1890 1139//1890
f 1139//1891 449//1891 462//1891
f 1139//1892 462//1892 454//1892
f 1121//1893 461//1893 1140//1893
f 1140//1894 461//1894 460//1894
f 1140//1895 460//1895 459//1895
f 1125//1896 364//1896 1141//1896
f 1141//1897 364//1897 365//1897
f 1141//1898 365//1898 1142//1898
f 365//1899 119//1899 1142//1899
f 1142//1900 119//1900 1121//1900
f 1142//1901 1121//1901 1143//1901
f 1143//1902 1121//1902 1140//1902
f 1143//1903 1140//1903 1144//1903
f 1144//1904 1140//1904 1139//1904
f 1144//1905 1139//1905 1145//1905
f 1145//1906 1139//1906 1138//1906
f 1145//1907 1138//1907 1146//1907
f 1146//1908 1138//1908 1137//1908
f 1129//1909 1147//1909 1130//1909
f 1130//1910 1147//1910 1148//1910
f 1130//1911 1148//1911 1131//1911
f 1131//1912 1148//1912 1149//1912
f 1131//1913 1149//1913 1132//1913
f 1132//1914 1149//1914 1134//1914
f 1132//1915 1134//1915 555//1915
f 555//1916 1134//1916 536//1916
f 1150//1917 1151//1917 1152//1917
f 1152//1918 1153//1918 1150//1918
f 1150//1919 1153//1919 1154//1919
f 1150//1920 1154//1920 1155//1920
f 1155//1921 1154//1921 1156//1921
f 1155//1922 1156//1922 1128//1922
f 1128//1923 1127//1923 1155//1923
f 1155//1924 1127//1924 1157//1924
f 1155//1925 1157//1925 1150//1925
f 1150//1926 1157//1926 1158//1926
f 1150//1927 1158//1927 1151//1927
f 1158//1928 1135//1928 1151//1928
f 1151//1929 1135//1929 1134//1929
f 1151//1930 1134//1930 1152//1930
f 1152//1931 1134//1931 1149//1931
f 1152//1932 1149//1932 1153//1932
f 1153//1933 1149//1933 1148//1933
f 1153//1934 1148//1934 1154//1934
f 1154//1935 1148//1935 1147//1935
f 1154//1936 1147//1936 1156//1936
f 1156//1937 1147//1937 1129//1937
f 1156//1938 1129//1938 1159//1938
f 1159//1939 1129//1939 467//1939
f 1159//1940 467//1940 468//1940
f 886//1941 528//1941 491//1941
f 491//1942 528//1942 1136//1942
f 491//1943 1136//1943 1137//1943
f 1137//1944 1136//1944 1133//1944
f 1137//1945 1133//1945 1146//1945
f 1146//1946 1133//1946 1135//1946
f 1146//1947 1135//1947 1145//1947
f 1145//1948 1135//1948 1158//1948
f 1145//1949 1158//1949 1144//1949
f 1144//1950 1158//1950 1157//1950
f 1144//1951 1157//1951 1143//1951
f 1143//1952 1157//1952 1127//1952
f 1143//1953 1127//1953 1142//1953
f 1142//1954 1127//1954 1124//1954
f 1142//1955 1124//1955 1141//1955
f 1141//1956 1124//1956 1123//1956
f 1141//1957 1123//1957 1125//1957
f 1125//1958 1123//1958 1160//1958
f 1125//1959 1160//1959 346//1959
f 1161//1960 1162//1960 1163//1960
f 1016//1961 1015//1961 1014//1961
f 344//1962 346//1962 1160//1962
f 468//1963 1164//1963 1159//1963
f 1159//1964 1164//1964 1165//1964
f 1159//1965 1165//1965 1156//1965
f 1156//1966 1165//1966 1166//1966
f 1156//1967 1166//1967 1128//1967
f 1128//1968 1166//1968 1167//1968
f 1128//1969 1167//1969 1126//1969
f 1126//1970 1167//1970 1168//1970
f 1126//1971 1168//1971 1122//1971
f 1122//1972 1168//1972 1169//1972
f 1122//1973 1169//1973 1123//1973
f 1123//1974 1169//1974 1170//1974
f 1123//1975 1170//1975 1160//1975
f 1160//1976 1170//1976 342//1976
f 1160//1977 342//1977 344//1977
f 1016//1978 1014//1978 1171//1978
f 1172//1979 1173//1979 1174//1979
f 1174//1980 1173//1980 1175//1980
f 1174//1981 1175//1981 1176//1981
f 1176//1982 1175//1982 1171//1982
f 1176//1983 1171//1983 1177//1983
f 1177//1984 1171//1984 1014//1984
f 1178//1985 1179//1985 1172//1985
f 1172//1986 1179//1986 1180//1986
f 1172//1987 1180//1987 1173//1987
f 1161//1988 1181//1988 1178//1988
f 1178//1989 1181//1989 1182//1989
f 1178//1990 1182//1990 1179//1990
f 1177//1991 1183//1991 1176//1991
f 1176//1992 1183//1992 1184//1992
f 1176//1993 1184//1993 1174//1993
f 1174//1994 1184//1994 1185//1994
f 1174//1995 1185//1995 1172//1995
f 1172//1996 1185//1996 1186//1996
f 1172//1997 1186//1997 1178//1997
f 1178//1998 1186//1998 1187//1998
f 1178//1999 1187//1999 1161//1999
f 1161//2000 1187//2000 1188//2000
f 1161//2001 1188//2001 1162//2001
f 1014//2002 1013//2002 1177//2002
f 1177//2003 1013//2003 343//2003
f 1177//2004 343//2004 1183//2004
f 1183//2005 343//2005 342//2005
f 1183//2006 342//2006 1184//2006
f 1184//2007 342//2007 1170//2007
f 1184//2008 1170//2008 1185//2008
f 1185//2009 1170//2009 1169//2009
f 1185//2010 1169//2010 1186//2010
f 1186//2011 1169//2011 1168//2011
f 1186//2012 1168//2012 1187//2012
f 1187//2013 1168//2013 1167//2013
f 1187//2014 1167//2014 1188//2014
f 1188//2015 1167//2015 1166//2015
f 1188//2016 1166//2016 1162//2016
f 1162//2017 1166//2017 1165//2017
f 1162//2018 1165//2018 1163//2018
f 1163//2019 1165//2019 1164//2019
f 597//2020 1189//2020 1190//2020
f 594//2021 593//2021 1190//2021
f 1190//2022 593//2022 592//2022
f 1190//2023 592//2023 597//2023
f 646//2024 595//2024 1191//2024
f 1191//2025 595//2025 594//2025
f 1191//2026 594//2026 1192//2026
f 1192//2027 594//2027 1190//2027
f 496//2028 646//2028 799//2028
f 799//2029 646//2029 1191//2029
f 799//2030 1191//2030 801//2030
f 801//2031 1191//2031 802//2031
f 796//2032 795//2032 1193//2032
f 1193//2033 795//2033 793//2033
f 808//2034 788//2034 790//2034
f 808//2035 790//2035 1194//2035
f 1194//2036 1195//2036 808//2036
f 808//2037 1195//2037 1196//2037
f 808//2038 1196//2038 807//2038
f 807//2039 1196//2039 1197//2039
f 807//2040 1197//2040 806//2040
f 1198//2041 1197//2041 1199//2041
f 1199//2042 1197//2042 1196//2042
f 1199//2043 1196//2043 1200//2043
f 1200//2044 1196//2044 1195//2044
f 1200//2045 1195//2045 1193//2045
f 1193//2046 1195//2046 1194//2046
f 1193//2047 1194//2047 796//2047
f 796//2048 1194//2048 790//2048
f 1189//2049 1198//2049 1190//2049
f 1190//2050 1198//2050 1199//2050
f 1190//2051 1199//2051 1192//2051
f 1192//2052 1199//2052 1200//2052
f 1192//2053 1200//2053 1191//2053
f 1191//2054 1200//2054 1193//2054
f 1191//2055 1193//2055 802//2055
f 802//2056 1193//2056 793//2056
f 610//2057 1201//2057 611//2057
f 1201//2058 610//2058 1197//2058
f 1197//2059 610//2059 620//2059
f 1197//2060 620//2060 806//2060
f 480//2061 599//2061 486//2061
f 486//2062 599//2062 691//2062
f 728//2063 693//2063 1202//2063
f 1202//2064 693//2064 691//2064
f 1202//2065 691//2065 1203//2065
f 1203//2066 691//2066 599//2066
f 1189//2067 597//2067 729//2067
f 728//2068 1202//2068 688//2068
f 688//2069 1202//2069 1204//2069
f 688//2070 1204//2070 729//2070
f 729//2071 1204//2071 1198//2071
f 729//2072 1198//2072 1189//2072
f 599//2073 598//2073 1203//2073
f 1203//2074 598//2074 609//2074
f 1203//2075 609//2075 1202//2075
f 1202//2076 609//2076 611//2076
f 1202//2077 611//2077 1204//2077
f 1204//2078 611//2078 1201//2078
f 1204//2079 1201//2079 1198//2079
f 1198//2080 1201//2080 1197//2080
f 1205//2081 1206//2081 1207//2081
f 301//2082 1208//2082 300//2082
f 984//2083 1209//2083 1210//2083
f 1209//2084 984//2084 983//2084
f 1173//2085 1207//2085 1175//2085
f 468//2086 466//2086 1211//2086
f 1211//2087 466//2087 481//2087
f 1211//2088 481//2088 306//2088
f 1181//2089 1161//2089 1212//2089
f 1212//2090 1161//2090 1163//2090
f 1212//2091 1163//2091 1211//2091
f 1211//2092 1163//2092 1164//2092
f 1211//2093 1164//2093 468//2093
f 1213//2094 1179//2094 1214//2094
f 1214//2095 1179//2095 1182//2095
f 1175//2096 1207//2096 1171//2096
f 1171//2097 1207//2097 1206//2097
f 1171//2098 1206//2098 1215//2098
f 1205//2099 994//2099 1206//2099
f 1206//2100 994//2100 1007//2100
f 1206//2101 1007//2101 1215//2101
f 1215//2102 1007//2102 1016//2102
f 1215//2103 1016//2103 1171//2103
f 983//2104 992//2104 1205//2104
f 1205//2105 992//2105 993//2105
f 1205//2106 993//2106 994//2106
f 1214//2107 1208//2107 1213//2107
f 1213//2108 1208//2108 301//2108
f 1213//2109 301//2109 1210//2109
f 1210//2110 301//2110 986//2110
f 1210//2111 986//2111 984//2111
f 285//2112 1214//2112 1212//2112
f 1212//2113 1214//2113 1182//2113
f 1212//2114 1182//2114 1181//2114
f 285//2115 293//2115 1214//2115
f 1214//2116 293//2116 297//2116
f 1214//2117 297//2117 1208//2117
f 1208//2118 297//2118 299//2118
f 1208//2119 299//2119 300//2119
f 306//2120 290//2120 1211//2120
f 1211//2121 290//2121 288//2121
f 1211//2122 288//2122 1212//2122
f 1212//2123 288//2123 286//2123
f 1212//2124 286//2124 285//2124
f 983//2125 1205//2125 1209//2125
f 1209//2126 1205//2126 1207//2126
f 1209//2127 1207//2127 1210//2127
f 1210//2128 1207//2128 1173//2128
f 1210//2129 1173//2129 1213//2129
f 1213//2130 1173//2130 1180//2130
f 1213//2131 1180//2131 1179//2131
f 1216//1 1217//1 1218//1
f 1219//1 1220//1 1221//1
f 1217//1 1222//1 1218//1
f 1218//1 1222//1 1223//1
f 1218//1 1223//1 1224//1
f 1225//1 1226//1 1227//1
f 1227//1 1226//1 1228//1
f 1227//1 1228//1 1229//1
f 1229//1 1228//1 1230//1
f 1229//1 1230//1 1231//1
f 1219//1 1221//1 1232//1
f 1231//1 1233//1 1229//1
f 1229//1 1233//1 1234//1
f 1229//1 1234//1 1235//1
f 1220//1 1236//1 1221//1
f 1221//1 1236//1 1237//1
f 1221//1 1237//1 1238//1
f 1238//1 1237//1 1239//1
f 1238//1 1239//1 1240//1
f 1241//1 1225//1 1242//1
f 1242//1 1225//1 1227//1
f 1242//1 1227//1 1243//1
f 1243//1 1227//1 1244//1
f 1224//1 1245//1 1218//1
f 1218//1 1245//1 1246//1
f 1218//1 1246//1 1247//1
f 1235//1 1248//1 1229//1
f 1229//1 1248//1 1218//1
f 1229//1 1218//1 1249//1
f 1249//1 1218//1 1247//1
f 1250//1 1251//1 1221//1
f 1216//1 1218//1 1252//1
f 1252//1 1218//1 1253//1
f 1252//1 1253//1 1254//1
f 1255//1 1256//1 1257//1
f 1257//1 1256//1 1258//1
f 1257//1 1258//1 1221//1
f 1221//1 1258//1 1259//1
f 1221//1 1259//1 1250//1
f 1251//1 1260//1 1221//1
f 1221//1 1260//1 1261//1
f 1221//1 1261//1 1232//1
f 1262//1 1263//1 1257//1
f 1257//1 1263//1 1264//1
f 1257//1 1264//1 1255//1
f 1265//1 1266//1 1239//1
f 1239//1 1266//1 1267//1
f 1239//1 1267//1 1240//1
f 1254//1 1268//1 1252//1
f 1252//1 1268//1 1269//1
f 1252//1 1269//1 1270//1
f 1270//1 1269//1 1271//1
f 1270//1 1271//1 1272//1
f 1272//1 1271//1 1273//1
f 1272//1 1273//1 1239//1
f 1239//1 1273//1 1274//1
f 1239//1 1274//1 1265//1
f 1275//2132 1276//2132 1277//2132
f 1276//2133 1275//2133 1278//2133
f 1279//2134 1277//2134 1276//2134
f 1280//2135 1281//2135 1276//2135
f 1282//2136 1283//2136 1276//2136
f 1284//2137 1276//2137 1285//2137
f 1286//2138 1287//2138 1276//2138
f 1288//2139 1289//2139 1276//2139
f 1290//2140 1291//2140 1276//2140
f 1292//2141 1293//2141 1276//2141
f 1294//2142 1295//2142 1276//2142
f 1276//2143 1295//2143 1296//2143
f 1293//2144 1294//2144 1276//2144
f 1291//2145 1292//2145 1276//2145
f 1289//2146 1290//2146 1276//2146
f 1287//2147 1288//2147 1276//2147
f 1284//2148 1286//2148 1276//2148
f 1297//2149 1298//2149 1299//2149
f 1299//2150 1298//2150 1285//2150
f 1299//2151 1285//2151 1276//2151
f 1276//2152 1300//2152 1301//2152
f 1302//2153 1276//2153 1301//2153
f 1303//2154 1300//2154 1276//2154
f 1297//2155 1299//2155 1302//2155
f 1302//2156 1299//2156 1276//2156
f 1283//2157 1303//2157 1276//2157
f 1281//2158 1282//2158 1276//2158
f 1278//2159 1280//2159 1276//2159
f 1296//2160 1279//2160 1276//2160
f 1304//2161 1305//2161 1306//2161
f 1307//2162 1308//2162 1305//2162
f 1309//2163 1310//2163 1308//2163
f 1311//2164 1312//2164 1313//2164
f 1314//2165 1315//2165 1316//2165
f 1317//2166 1318//2166 1319//2166
f 1320//2167 1321//2167 1322//2167
f 1322//2168 1321//2168 1323//2168
f 1322//2169 1323//2169 1324//2169
f 1325//2170 1326//2170 1327//2170
f 1328//2171 1329//2171 1330//2171
f 1330//2172 1329//2172 1331//2172
f 1328//2173 1330//2173 1332//2173
f 1332//2174 1330//2174 1333//2174
f 1332//2175 1333//2175 1334//2175
f 1335//2176 1333//2176 1336//2176
f 1336//2177 1333//2177 1330//2177
f 1336//2178 1330//2178 1325//2178
f 1325//2179 1330//2179 1331//2179
f 1325//2180 1331//2180 1326//2180
f 1314//2181 1316//2181 1337//2181
f 1337//2182 1316//2182 1338//2182
f 1337//2183 1338//2183 1339//2183
f 1340//2184 1341//2184 1342//2184
f 1342//2185 1341//2185 1343//2185
f 1313//2186 1312//2186 1344//2186
f 1344//2187 1312//2187 1345//2187
f 1344//2188 1345//2188 1346//2188
f 1346//2189 1345//2189 1347//2189
f 1346//2190 1347//2190 1340//2190
f 1340//2191 1347//2191 1348//2191
f 1340//2192 1348//2192 1341//2192
f 1310//2193 1349//2193 1350//2193
f 1349//2194 1310//2194 1351//2194
f 1351//2195 1310//2195 1309//2195
f 1351//2196 1309//2196 1352//2196
f 1308//2197 1307//2197 1309//2197
f 1309//2198 1307//2198 1317//2198
f 1309//2199 1317//2199 1352//2199
f 1352//2200 1317//2200 1319//2200
f 1352//2201 1319//2201 1353//2201
f 1305//2162 1304//2162 1307//2162
f 1307//2202 1304//2202 1322//2202
f 1307//2198 1322//2198 1317//2198
f 1317//2203 1322//2203 1324//2203
f 1317//2204 1324//2204 1318//2204
f 1314//2205 1335//2205 1315//2205
f 1315//2206 1335//2206 1336//2206
f 1315//2207 1336//2207 1354//2207
f 1354//2178 1336//2178 1325//2178
f 1354//2208 1325//2208 1355//2208
f 1355//2209 1325//2209 1327//2209
f 1355//2210 1327//2210 1320//2210
f 1320//2211 1322//2211 1355//2211
f 1355//2212 1322//2212 1304//2212
f 1355//2213 1304//2213 1354//2213
f 1354//2214 1304//2214 1306//2214
f 1354//2215 1306//2215 1315//2215
f 1315//2216 1306//2216 1356//2216
f 1315//2217 1356//2217 1316//2217
f 1357//2218 1311//2218 1350//2218
f 1350//2219 1311//2219 1313//2219
f 1350//2220 1313//2220 1310//2220
f 1310//2221 1313//2221 1344//2221
f 1310//2222 1344//2222 1308//2222
f 1308//2223 1344//2223 1346//2223
f 1308//2224 1346//2224 1305//2224
f 1305//2224 1346//2224 1340//2224
f 1305//2225 1340//2225 1306//2225
f 1306//2226 1340//2226 1342//2226
f 1306//2227 1342//2227 1356//2227
f 1356//2228 1342//2228 1343//2228
f 1356//2229 1343//2229 1316//2229
f 1316//2230 1343//2230 1358//2230
f 1316//2231 1358//2231 1338//2231
f 1359//2232 1360//2232 1334//2232
f 1334//2233 1333//2233 1359//2233
f 1359//2234 1333//2234 1335//2234
f 1359//2235 1335//2235 1361//2235
f 1361//2236 1335//2236 1362//2236
f 1362//2237 1335//2237 1314//2237
f 1362//2238 1314//2238 1363//2238
f 1314//2239 1337//2239 1363//2239
f 1363//2240 1337//2240 1339//2240
f 1363//2241 1339//2241 1364//2241
f 1365//2242 1366//2242 1248//2242
f 1248//2243 1366//2243 1218//2243
f 1218//2244 1366//2244 1367//2244
f 1218//2245 1367//2245 1253//2245
f 1253//2245 1367//2245 1368//2245
f 1253//2246 1368//2246 1254//2246
f 1254//2246 1368//2246 1369//2246
f 1254//2247 1369//2247 1268//2247
f 1268//2247 1369//2247 1370//2247
f 1268//2248 1370//2248 1269//2248
f 1269//2248 1370//2248 1371//2248
f 1269//2249 1371//2249 1271//2249
f 1271//2249 1371//2249 1372//2249
f 1271//2250 1372//2250 1273//2250
f 1372//2250 1373//2250 1273//2250
f 1273//2251 1373//2251 1374//2251
f 1273//2251 1374//2251 1274//2251
f 1274//2252 1374//2252 1265//2252
f 1265//2252 1374//2252 1375//2252
f 1265//2253 1375//2253 1266//2253
f 1266//2253 1375//2253 1376//2253
f 1266//2254 1376//2254 1267//2254
f 1267//2254 1376//2254 1377//2254
f 1267//2255 1377//2255 1240//2255
f 1240//2255 1377//2255 1378//2255
f 1240//2256 1378//2256 1238//2256
f 1238//2256 1378//2256 1379//2256
f 1238//2257 1379//2257 1221//2257
f 1221//2257 1379//2257 1380//2257
f 1381//2258 1257//2258 1380//2258
f 1380//2258 1257//2258 1221//2258
f 1257//2259 1381//2259 1262//2259
f 1262//2259 1381//2259 1382//2259
f 1262//2260 1382//2260 1263//2260
f 1263//2260 1382//2260 1383//2260
f 1263//2261 1383//2261 1264//2261
f 1264//2261 1383//2261 1384//2261
f 1264//2262 1384//2262 1255//2262
f 1255//2262 1384//2262 1385//2262
f 1255//2263 1385//2263 1256//2263
f 1256//2263 1385//2263 1386//2263
f 1256//2264 1386//2264 1258//2264
f 1258//2264 1386//2264 1387//2264
f 1387//2265 1388//2265 1258//2265
f 1258//2265 1388//2265 1259//2265
f 1259//2266 1388//2266 1250//2266
f 1250//2266 1388//2266 1389//2266
f 1250//2267 1389//2267 1251//2267
f 1251//2267 1389//2267 1390//2267
f 1251//2268 1390//2268 1260//2268
f 1260//2268 1390//2268 1391//2268
f 1260//2269 1391//2269 1261//2269
f 1261//2269 1391//2269 1392//2269
f 1261//2270 1392//2270 1232//2270
f 1232//2270 1392//2270 1393//2270
f 1232//2271 1393//2271 1219//2271
f 1219//2271 1393//2271 1394//2271
f 1219//2272 1394//2272 1220//2272
f 1220//2272 1394//2272 1395//2272
f 1220//2273 1395//2273 1236//2273
f 1236//2273 1395//2273 1396//2273
f 1236//2274 1396//2274 1237//2274
f 1237//2274 1396//2274 1397//2274
f 1237//2275 1397//2275 1239//2275
f 1239//2275 1397//2275 1398//2275
f 1239//2276 1398//2276 1272//2276
f 1272//2276 1398//2276 1399//2276
f 1272//2277 1399//2277 1270//2277
f 1270//2277 1399//2277 1400//2277
f 1270//2278 1400//2278 1252//2278
f 1252//2278 1400//2278 1401//2278
f 1252//2279 1401//2279 1216//2279
f 1216//2279 1401//2279 1402//2279
f 1216//2280 1402//2280 1217//2280
f 1217//2280 1402//2280 1403//2280
f 1217//2281 1403//2281 1222//2281
f 1403//2281 1404//2281 1222//2281
f 1222//2282 1404//2282 1405//2282
f 1222//2282 1405//2282 1223//2282
f 1223//2283 1405//2283 1224//2283
f 1224//2283 1405//2283 1406//2283
f 1224//2284 1406//2284 1245//2284
f 1245//2284 1406//2284 1407//2284
f 1245//2285 1407//2285 1246//2285
f 1246//2286 1407//2286 1408//2286
f 1246//2287 1408//2287 1247//2287
f 1247//2287 1408//2287 1409//2287
f 1247//2288 1409//2288 1249//2288
f 1249//2288 1409//2288 1410//2288
f 1249//2289 1410//2289 1229//2289
f 1229//2289 1410//2289 1411//2289
f 1412//2290 1334//2290 1413//2290
f 1413//2290 1334//2290 1360//2290
f 1334//2291 1412//2291 1332//2291
f 1332//2292 1412//2292 1328//2292
f 1328//2293 1412//2293 1414//2293
f 1328//2294 1414//2294 1329//2294
f 1329//2295 1414//2295 1415//2295
f 1329//2296 1415//2296 1331//2296
f 1331//2297 1415//2297 1416//2297
f 1331//2298 1416//2298 1326//2298
f 1326//2299 1416//2299 1417//2299
f 1326//2300 1417//2300 1327//2300
f 1327//2301 1417//2301 1418//2301
f 1327//2302 1418//2302 1320//2302
f 1418//2303 1419//2303 1320//2303
f 1320//2304 1419//2304 1420//2304
f 1320//2305 1420//2305 1321//2305
f 1321//2306 1420//2306 1421//2306
f 1321//2307 1421//2307 1323//2307
f 1323//2308 1421//2308 1422//2308
f 1323//2309 1422//2309 1324//2309
f 1324//2310 1422//2310 1423//2310
f 1324//2311 1423//2311 1318//2311
f 1318//2312 1423//2312 1424//2312
f 1318//2313 1424//2313 1319//2313
f 1424//2314 1425//2314 1319//2314
f 1319//2315 1425//2315 1426//2315
f 1319//2316 1426//2316 1353//2316
f 1427//2317 1428//2317 1429//2317
f 1429//2318 1428//2318 1430//2318
f 1429//2319 1430//2319 1431//2319
f 1431//2320 1430//2320 1432//2320
f 1430//2321 1433//2321 1432//2321
f 1432//2322 1433//2322 1434//2322
f 1432//2323 1434//2323 1435//2323
f 1435//2324 1434//2324 1436//2324
f 1435//2325 1436//2325 1437//2325
f 1438//2326 1439//2326 1440//2326
f 1441//2326 1442//2326 1443//2326
f 1428//2327 1444//2327 1445//2327
f 1428//2328 1445//2328 1430//2328
f 1430//2329 1445//2329 1446//2329
f 1430//2330 1446//2330 1433//2330
f 1433//2331 1446//2331 1447//2331
f 1433//2332 1447//2332 1434//2332
f 1448//2333 1449//2333 1450//2333
f 1451//2334 1447//2334 1452//2334
f 1452//2335 1447//2335 1446//2335
f 1452//2336 1446//2336 1453//2336
f 1453//2337 1446//2337 1445//2337
f 1453//2338 1445//2338 1450//2338
f 1450//2339 1445//2339 1444//2339
f 1450//2340 1444//2340 1448//2340
f 1448//2341 1444//2341 1428//2341
f 1448//2342 1428//2342 1427//2342
f 1449//2343 1441//2343 1450//2343
f 1450//2344 1441//2344 1443//2344
f 1450//2345 1443//2345 1453//2345
f 1453//2345 1443//2345 1454//2345
f 1453//2346 1454//2346 1452//2346
f 1452//2346 1454//2346 1455//2346
f 1452//2347 1455//2347 1451//2347
f 1451//2348 1455//2348 1456//2348
f 1457//2349 1456//2349 1458//2349
f 1458//2349 1456//2349 1455//2349
f 1458//2350 1455//2350 1459//2350
f 1459//2350 1455//2350 1454//2350
f 1459//2351 1454//2351 1440//2351
f 1440//2351 1454//2351 1443//2351
f 1440//2326 1443//2326 1438//2326
f 1438//2326 1443//2326 1442//2326
f 1413//2352 1360//2352 1460//2352
f 1460//2353 1360//2353 1461//2353
f 1460//2354 1461//2354 1462//2354
f 1462//2355 1461//2355 1439//2355
f 1462//2355 1439//2355 1463//2355
f 1464//2356 1465//2356 1466//2356
f 1466//2356 1465//2356 1467//2356
f 1466//2357 1467//2357 1468//2357
f 1468//2357 1467//2357 1469//2357
f 1468//2358 1469//2358 1470//2358
f 1470//2358 1469//2358 1471//2358
f 1470//2359 1471//2359 1472//2359
f 1472//2359 1471//2359 1473//2359
f 1472//2360 1473//2360 1474//2360
f 1474//2360 1473//2360 1475//2360
f 1474//2361 1475//2361 1476//2361
f 1476//2361 1475//2361 1477//2361
f 1476//2362 1477//2362 1478//2362
f 1476//2362 1478//2362 1479//2362
f 1479//2363 1478//2363 1480//2363
f 1480//2363 1478//2363 1481//2363
f 1480//2364 1481//2364 1482//2364
f 1482//2364 1481//2364 1483//2364
f 1482//2365 1483//2365 1484//2365
f 1484//2365 1483//2365 1485//2365
f 1484//2366 1485//2366 1486//2366
f 1485//2366 1487//2366 1486//2366
f 1486//2367 1487//2367 1488//2367
f 1486//2368 1488//2368 1489//2368
f 1490//2369 1491//2369 1488//2369
f 1488//2369 1491//2369 1489//2369
f 1492//2370 1493//2370 1494//2370
f 1494//2370 1493//2370 1495//2370
f 1492//2371 1494//2371 1496//2371
f 1496//2371 1494//2371 1497//2371
f 1496//2372 1497//2372 1498//2372
f 1498//2372 1497//2372 1499//2372
f 1498//2373 1499//2373 1500//2373
f 1500//2373 1499//2373 1501//2373
f 1500//2374 1501//2374 1502//2374
f 1502//2374 1501//2374 1503//2374
f 1502//2375 1503//2375 1504//2375
f 1504//2375 1503//2375 1505//2375
f 1506//2376 1507//2376 1508//2376
f 1508//2376 1507//2376 1509//2376
f 1508//2377 1509//2377 1510//2377
f 1510//2377 1509//2377 1511//2377
f 1510//2378 1511//2378 1512//2378
f 1512//2379 1511//2379 1513//2379
f 1512//2380 1513//2380 1514//2380
f 1514//2380 1513//2380 1515//2380
f 1514//2381 1515//2381 1516//2381
f 1516//2381 1515//2381 1517//2381
f 1516//2382 1517//2382 1518//2382
f 1518//2382 1517//2382 1519//2382
f 1518//2383 1519//2383 1520//2383
f 1227//2383 1229//2383 1520//2383
f 1520//2383 1229//2383 1411//2383
f 1520//2383 1411//2383 1518//2383
f 1227//2384 1520//2384 1244//2384
f 1244//2384 1520//2384 1521//2384
f 1244//2385 1521//2385 1243//2385
f 1243//2385 1521//2385 1522//2385
f 1243//2386 1522//2386 1242//2386
f 1242//2386 1522//2386 1523//2386
f 1242//2387 1523//2387 1241//2387
f 1241//2387 1523//2387 1524//2387
f 1241//2388 1524//2388 1225//2388
f 1225//2388 1524//2388 1525//2388
f 1225//2389 1525//2389 1226//2389
f 1226//2389 1525//2389 1526//2389
f 1526//2390 1527//2390 1226//2390
f 1226//2390 1527//2390 1228//2390
f 1528//2391 1365//2391 1529//2391
f 1529//2391 1365//2391 1248//2391
f 1529//2392 1248//2392 1530//2392
f 1248//2393 1235//2393 1530//2393
f 1530//2394 1235//2394 1234//2394
f 1530//2394 1234//2394 1531//2394
f 1531//2395 1234//2395 1233//2395
f 1531//2395 1233//2395 1532//2395
f 1532//2396 1233//2396 1231//2396
f 1532//2396 1231//2396 1533//2396
f 1533//2397 1231//2397 1230//2397
f 1533//2397 1230//2397 1534//2397
f 1534//2398 1230//2398 1228//2398
f 1534//2398 1228//2398 1527//2398
f 1529//2399 1535//2399 1528//2399
f 1535//2400 1529//2400 1536//2400
f 1536//2401 1529//2401 1537//2401
f 1536//2402 1537//2402 1538//2402
f 1538//2402 1537//2402 1539//2402
f 1538//2403 1539//2403 1540//2403
f 1540//2403 1539//2403 1541//2403
f 1540//2404 1541//2404 1542//2404
f 1542//2404 1541//2404 1543//2404
f 1542//2405 1543//2405 1544//2405
f 1544//2406 1543//2406 1545//2406
f 1544//2407 1545//2407 1546//2407
f 1546//2407 1545//2407 1547//2407
f 1546//2408 1547//2408 1548//2408
f 1548//2408 1547//2408 1549//2408
f 1548//2409 1549//2409 1550//2409
f 1549//2409 1551//2409 1550//2409
f 1550//2410 1551//2410 1552//2410
f 1550//2410 1552//2410 1553//2410
f 1554//2411 1555//2411 1552//2411
f 1552//2411 1555//2411 1553//2411
f 1555//2412 1554//2412 1556//2412
f 1556//2412 1554//2412 1557//2412
f 1556//2413 1557//2413 1558//2413
f 1558//2413 1557//2413 1559//2413
f 1558//2414 1559//2414 1560//2414
f 1560//2414 1559//2414 1561//2414
f 1560//2415 1561//2415 1562//2415
f 1562//2415 1561//2415 1563//2415
f 1562//2416 1563//2416 1564//2416
f 1564//2416 1563//2416 1565//2416
f 1564//2417 1565//2417 1566//2417
f 1566//2417 1565//2417 1567//2417
f 1566//2418 1567//2418 1568//2418
f 1568//2418 1567//2418 1569//2418
f 1568//2419 1569//2419 1570//2419
f 1570//2419 1569//2419 1571//2419
f 1570//2420 1571//2420 1572//2420
f 1572//2420 1571//2420 1573//2420
f 1572//2421 1573//2421 1574//2421
f 1574//2421 1573//2421 1575//2421
f 1576//2422 1577//2422 1426//2422
f 1426//2422 1577//2422 1353//2422
f 1578//2390 1437//2390 1579//2390
f 1579//2390 1437//2390 1436//2390
f 1352//2423 1353//2423 1577//2423
f 1577//2424 1580//2424 1352//2424
f 1352//2425 1580//2425 1581//2425
f 1352//2426 1581//2426 1351//2426
f 1351//2427 1581//2427 1349//2427
f 1349//2428 1581//2428 1582//2428
f 1349//2429 1582//2429 1350//2429
f 1582//2430 1583//2430 1350//2430
f 1350//2431 1583//2431 1584//2431
f 1350//2432 1584//2432 1357//2432
f 1279//2433 1296//2433 1436//2433
f 1436//2433 1434//2433 1447//2433
f 1292//2433 1291//2433 1579//2433
f 1297//2433 1302//2433 1457//2433
f 1291//2433 1290//2433 1579//2433
f 1579//2433 1290//2433 1289//2433
f 1579//2433 1289//2433 1585//2433
f 1585//2433 1289//2433 1288//2433
f 1585//2433 1288//2433 1287//2433
f 1451//2433 1281//2433 1280//2433
f 1586//2433 1587//2433 1588//2433
f 1588//2433 1587//2433 1589//2433
f 1457//2433 1302//2433 1456//2433
f 1456//2433 1302//2433 1301//2433
f 1456//2433 1301//2433 1300//2433
f 1451//2433 1280//2433 1447//2433
f 1280//2433 1278//2433 1447//2433
f 1447//2433 1278//2433 1275//2433
f 1447//2433 1275//2433 1436//2433
f 1436//2433 1275//2433 1277//2433
f 1436//2433 1277//2433 1279//2433
f 1296//2433 1295//2433 1436//2433
f 1436//2433 1295//2433 1294//2433
f 1436//2433 1294//2433 1579//2433
f 1579//2433 1294//2433 1293//2433
f 1579//2433 1293//2433 1292//2433
f 1347//2433 1345//2433 1298//2433
f 1457//2433 1590//2433 1297//2433
f 1297//2433 1590//2433 1364//2433
f 1297//2433 1364//2433 1298//2433
f 1298//2433 1364//2433 1339//2433
f 1300//2433 1303//2433 1456//2433
f 1456//2433 1303//2433 1283//2433
f 1456//2433 1283//2433 1451//2433
f 1451//2433 1283//2433 1282//2433
f 1451//2433 1282//2433 1281//2433
f 1591//2433 1592//2433 1284//2433
f 1284//2433 1592//2433 1593//2433
f 1284//2433 1593//2433 1286//2433
f 1591//2433 1284//2433 1594//2433
f 1594//2433 1284//2433 1285//2433
f 1594//2433 1285//2433 1584//2433
f 1345//2433 1312//2433 1298//2433
f 1298//2433 1312//2433 1311//2433
f 1298//2433 1311//2433 1285//2433
f 1285//2433 1311//2433 1357//2433
f 1285//2433 1357//2433 1584//2433
f 1339//2433 1338//2433 1298//2433
f 1298//2433 1338//2433 1358//2433
f 1298//2433 1358//2433 1343//2433
f 1595//2433 1596//2433 1597//2433
f 1597//2433 1596//2433 1588//2433
f 1597//2433 1588//2433 1598//2433
f 1598//2433 1588//2433 1589//2433
f 1343//2433 1341//2433 1298//2433
f 1298//2433 1341//2433 1348//2433
f 1298//2433 1348//2433 1347//2433
f 1595//2433 1585//2433 1596//2433
f 1596//2433 1585//2433 1287//2433
f 1596//2433 1287//2433 1599//2433
f 1599//2433 1287//2433 1286//2433
f 1599//2433 1286//2433 1600//2433
f 1600//2433 1286//2433 1593//2433
f 1601//2434 1602//2434 1603//2434
f 1604//2435 1605//2435 1606//2435
f 1606//2436 1603//2436 1607//2436
f 1604//2437 1606//2437 1608//2437
f 1608//2438 1606//2438 1607//2438
f 1608//2439 1607//2439 1609//2439
f 1601//2440 1603//2440 1610//2440
f 1610//2441 1603//2441 1606//2441
f 1610//2442 1606//2442 1611//2442
f 1611//2443 1606//2443 1605//2443
f 1611//2444 1605//2444 1612//2444
f 1437//2445 1613//2445 1435//2445
f 1435//2446 1613//2446 1614//2446
f 1435//2447 1614//2447 1432//2447
f 1432//2447 1614//2447 1615//2447
f 1432//2448 1615//2448 1431//2448
f 1431//2449 1615//2449 1616//2449
f 1431//2450 1616//2450 1429//2450
f 1429//2451 1616//2451 1617//2451
f 1613//2452 1602//2452 1614//2452
f 1614//2453 1602//2453 1601//2453
f 1614//2454 1601//2454 1615//2454
f 1615//2455 1601//2455 1610//2455
f 1615//2456 1610//2456 1616//2456
f 1616//2456 1610//2456 1611//2456
f 1616//2457 1611//2457 1617//2457
f 1617//2458 1611//2458 1612//2458
f 1618//2459 1609//2459 1619//2459
f 1619//2460 1609//2460 1607//2460
f 1619//2461 1607//2461 1620//2461
f 1620//2462 1607//2462 1603//2462
f 1603//2463 1602//2463 1620//2463
f 1620//2464 1602//2464 1613//2464
f 1620//2464 1613//2464 1621//2464
f 1437//2465 1578//2465 1613//2465
f 1613//2466 1578//2466 1622//2466
f 1613//2467 1622//2467 1621//2467
f 1574//2369 1575//2369 1623//2369
f 1623//2369 1575//2369 1624//2369
f 1491//2468 1490//2468 1625//2468
f 1625//2468 1490//2468 1626//2468
f 1625//2469 1626//2469 1627//2469
f 1627//2469 1626//2469 1628//2469
f 1627//2470 1628//2470 1629//2470
f 1629//2470 1628//2470 1630//2470
f 1629//2471 1630//2471 1631//2471
f 1631//2471 1630//2471 1632//2471
f 1631//2472 1632//2472 1633//2472
f 1633//2472 1632//2472 1634//2472
f 1633//2473 1634//2473 1635//2473
f 1635//2473 1634//2473 1636//2473
f 1061//2474 1060//2474 1637//2474
f 1637//2475 1638//2475 1061//2475
f 1061//2476 1638//2476 1639//2476
f 1061//2477 1639//2477 1062//2477
f 1640//2478 1641//2478 1642//2478
f 1641//2479 1640//2479 1638//2479
f 1643//2480 1644//2480 1645//2480
f 1622//2481 1578//2481 1643//2481
f 1646//2482 1620//2482 1621//2482
f 1618//2483 1619//2483 1647//2483
f 1647//2484 1619//2484 1648//2484
f 1647//2485 1648//2485 1649//2485
f 1649//2486 1648//2486 1650//2486
f 1650//2487 1648//2487 1651//2487
f 1650//2488 1651//2488 1652//2488
f 1652//2489 1651//2489 1653//2489
f 1652//2490 1653//2490 1654//2490
f 1654//2491 1653//2491 1642//2491
f 1654//2492 1642//2492 1655//2492
f 1655//2493 1642//2493 1641//2493
f 1655//2494 1641//2494 1656//2494
f 1656//2495 1641//2495 1638//2495
f 1656//2496 1638//2496 1637//2496
f 1062//2497 1639//2497 1057//2497
f 1057//2498 1639//2498 1657//2498
f 1658//2499 1659//2499 1660//2499
f 1660//2500 1659//2500 1064//2500
f 1660//2501 1064//2501 1065//2501
f 1661//2502 1662//2502 1663//2502
f 1663//2503 1662//2503 1664//2503
f 1663//2504 1664//2504 1658//2504
f 1658//2505 1664//2505 1665//2505
f 1658//2506 1665//2506 1659//2506
f 1666//2507 1667//2507 1661//2507
f 1661//2508 1667//2508 1668//2508
f 1661//2509 1668//2509 1662//2509
f 1639//2510 1638//2510 1657//2510
f 1657//2511 1638//2511 1640//2511
f 1657//2512 1640//2512 1669//2512
f 1669//2513 1640//2513 1642//2513
f 1669//2514 1642//2514 1670//2514
f 1670//2515 1642//2515 1653//2515
f 1670//2516 1653//2516 1671//2516
f 1671//2517 1653//2517 1651//2517
f 1671//2518 1651//2518 1646//2518
f 1646//2518 1651//2518 1648//2518
f 1646//2519 1648//2519 1620//2519
f 1620//2520 1648//2520 1619//2520
f 1644//2521 1666//2521 1645//2521
f 1645//2522 1666//2522 1661//2522
f 1645//2523 1661//2523 1672//2523
f 1058//2524 1673//2524 1674//2524
f 1674//2525 1673//2525 1675//2525
f 1674//2526 1675//2526 1676//2526
f 1676//2527 1675//2527 1677//2527
f 1676//2528 1677//2528 1678//2528
f 1678//2529 1677//2529 1679//2529
f 1678//2530 1679//2530 1680//2530
f 1680//2531 1679//2531 1681//2531
f 1680//2532 1681//2532 1672//2532
f 1672//2523 1661//2523 1680//2523
f 1680//2533 1661//2533 1663//2533
f 1680//2534 1663//2534 1678//2534
f 1678//2535 1663//2535 1658//2535
f 1678//2536 1658//2536 1676//2536
f 1676//2537 1658//2537 1660//2537
f 1676//2537 1660//2537 1674//2537
f 1674//2538 1660//2538 1065//2538
f 1674//2539 1065//2539 1058//2539
f 1643//2540 1645//2540 1622//2540
f 1622//2541 1645//2541 1672//2541
f 1622//2542 1672//2542 1621//2542
f 1621//2543 1672//2543 1681//2543
f 1621//2544 1681//2544 1646//2544
f 1646//2545 1681//2545 1679//2545
f 1646//2546 1679//2546 1671//2546
f 1671//2547 1679//2547 1677//2547
f 1671//2548 1677//2548 1670//2548
f 1670//2549 1677//2549 1675//2549
f 1670//2550 1675//2550 1669//2550
f 1669//2551 1675//2551 1673//2551
f 1669//2552 1673//2552 1657//2552
f 1657//2553 1673//2553 1058//2553
f 1657//2554 1058//2554 1057//2554
f 1594//2555 1584//2555 1583//2555
f 1583//2556 1582//2556 1594//2556
f 1594//2557 1582//2557 1682//2557
f 1594//2558 1682//2558 1591//2558
f 1591//2559 1682//2559 1683//2559
f 1591//2560 1683//2560 1592//2560
f 1592//2561 1683//2561 1684//2561
f 1592//2562 1684//2562 1593//2562
f 1593//2563 1684//2563 1600//2563
f 1600//2564 1684//2564 1685//2564
f 1600//2565 1685//2565 1599//2565
f 1599//2566 1685//2566 1686//2566
f 1599//2567 1686//2567 1596//2567
f 1596//2568 1686//2568 1687//2568
f 1596//2569 1687//2569 1588//2569
f 1688//2570 1689//2570 1690//2570
f 1691//2571 1692//2571 1689//2571
f 1063//2572 1692//2572 1028//2572
f 1028//2573 1692//2573 1691//2573
f 1028//2574 1691//2574 1029//2574
f 1586//2575 1588//2575 1690//2575
f 1690//2576 1588//2576 1687//2576
f 1690//2577 1687//2577 1688//2577
f 1688//2578 1687//2578 1686//2578
f 1688//2579 1686//2579 1693//2579
f 1693//2580 1686//2580 1685//2580
f 1693//2581 1685//2581 1694//2581
f 1694//2582 1685//2582 1684//2582
f 1694//2582 1684//2582 1695//2582
f 1695//2583 1684//2583 1683//2583
f 1695//2584 1683//2584 1696//2584
f 1696//2585 1683//2585 1682//2585
f 1696//2586 1682//2586 1697//2586
f 1697//2587 1682//2587 1582//2587
f 1697//2588 1582//2588 1581//2588
f 1689//2589 1688//2589 1691//2589
f 1691//2590 1688//2590 1693//2590
f 1691//2591 1693//2591 1698//2591
f 1698//2592 1693//2592 1694//2592
f 1698//2593 1694//2593 1699//2593
f 1699//2594 1694//2594 1695//2594
f 1699//2594 1695//2594 1700//2594
f 1700//2595 1695//2595 1696//2595
f 1700//2596 1696//2596 1701//2596
f 1701//2597 1696//2597 1697//2597
f 1701//2598 1697//2598 1702//2598
f 1702//2599 1697//2599 1581//2599
f 1702//2600 1581//2600 1580//2600
f 1029//2601 1691//2601 1703//2601
f 1703//2602 1691//2602 1698//2602
f 1703//2603 1698//2603 1704//2603
f 1704//2604 1698//2604 1699//2604
f 1704//2605 1699//2605 1705//2605
f 1705//2606 1699//2606 1700//2606
f 1705//2606 1700//2606 1706//2606
f 1706//2607 1700//2607 1701//2607
f 1706//2607 1701//2607 1707//2607
f 1707//2608 1701//2608 1702//2608
f 1707//2609 1702//2609 1708//2609
f 1708//2610 1702//2610 1580//2610
f 1708//2611 1580//2611 1577//2611
f 1578//2612 1579//2612 1643//2612
f 1643//2612 1579//2612 1585//2612
f 1643//2613 1585//2613 1644//2613
f 1644//2613 1585//2613 1595//2613
f 1644//2614 1595//2614 1666//2614
f 1666//2614 1595//2614 1597//2614
f 1666//2615 1597//2615 1667//2615
f 1667//2615 1597//2615 1598//2615
f 1667//2616 1598//2616 1668//2616
f 1668//2616 1598//2616 1589//2616
f 1668//2617 1589//2617 1662//2617
f 1662//2617 1589//2617 1587//2617
f 1662//2618 1587//2618 1664//2618
f 1664//2619 1587//2619 1586//2619
f 1664//2620 1586//2620 1665//2620
f 1665//2621 1586//2621 1690//2621
f 1665//2622 1690//2622 1659//2622
f 1659//2623 1690//2623 1689//2623
f 1689//2624 1692//2624 1659//2624
f 1659//2625 1692//2625 1063//2625
f 1659//2626 1063//2626 1064//2626
f 1030//2627 1029//2627 1709//2627
f 1709//2628 1029//2628 1703//2628
f 1709//2629 1703//2629 1710//2629
f 1710//2630 1703//2630 1704//2630
f 1710//2631 1704//2631 1711//2631
f 1711//2632 1704//2632 1705//2632
f 1711//2633 1705//2633 1712//2633
f 1712//2634 1705//2634 1706//2634
f 1712//2635 1706//2635 1713//2635
f 1713//2636 1706//2636 1707//2636
f 1713//2637 1707//2637 1576//2637
f 1576//2638 1707//2638 1708//2638
f 1576//2639 1708//2639 1577//2639
f 1714//2640 1715//2640 1716//2640
f 1716//2640 1715//2640 1717//2640
f 1716//2641 1717//2641 1718//2641
f 1718//2641 1717//2641 1719//2641
f 1718//2642 1719//2642 1720//2642
f 1720//2642 1719//2642 1721//2642
f 1720//2643 1721//2643 1722//2643
f 1722//2643 1721//2643 1723//2643
f 1722//2644 1723//2644 1724//2644
f 1724//2644 1723//2644 1725//2644
f 1724//2645 1725//2645 1726//2645
f 1726//2645 1725//2645 1727//2645
f 1726//2646 1727//2646 1728//2646
f 1728//2646 1727//2646 1729//2646
f 1728//2647 1729//2647 1056//2647
f 1056//2647 1729//2647 1054//2647
f 1024//2648 1023//2648 1730//2648
f 1730//2648 1023//2648 1731//2648
f 1730//2649 1731//2649 1732//2649
f 1732//2649 1731//2649 1733//2649
f 1732//2650 1733//2650 1734//2650
f 1734//2650 1733//2650 1735//2650
f 1734//2651 1735//2651 1736//2651
f 1736//2651 1735//2651 1737//2651
f 1736//2652 1737//2652 1738//2652
f 1738//2652 1737//2652 1739//2652
f 1738//2653 1739//2653 1740//2653
f 1740//2654 1739//2654 1741//2654
f 1740//2655 1741//2655 1742//2655
f 1742//2655 1741//2655 1743//2655
f 1742//2656 1743//2656 1744//2656
f 1743//2656 1745//2656 1744//2656
f 1744//2657 1745//2657 1623//2657
f 1744//2657 1623//2657 1624//2657
f 1523//1 1522//1 1519//1
f 1519//1 1522//1 1521//1
f 1519//1 1521//1 1520//1
f 1526//1 1525//1 1494//1
f 1559//1 1557//1 1494//1
f 1746//1 1505//1 1503//1
f 1515//1 1513//1 1525//1
f 1494//1 1495//1 1559//1
f 1559//1 1495//1 1747//1
f 1559//1 1747//1 1748//1
f 1515//1 1525//1 1517//1
f 1507//1 1749//1 1525//1
f 1525//1 1749//1 1750//1
f 1525//1 1750//1 1751//1
f 1503//1 1501//1 1746//1
f 1746//1 1501//1 1499//1
f 1746//1 1499//1 1752//1
f 1752//1 1499//1 1497//1
f 1752//1 1497//1 1753//1
f 1753//1 1497//1 1494//1
f 1569//1 1025//1 1571//1
f 1571//1 1025//1 1573//1
f 1569//1 1567//1 1025//1
f 1025//1 1567//1 1565//1
f 1025//1 1565//1 1563//1
f 1513//1 1511//1 1525//1
f 1525//1 1511//1 1509//1
f 1525//1 1509//1 1507//1
f 1529//1 1530//1 1537//1
f 1537//1 1530//1 1531//1
f 1537//1 1531//1 1539//1
f 1539//1 1531//1 1532//1
f 1539//1 1532//1 1541//1
f 1541//1 1532//1 1543//1
f 1551//1 1549//1 1533//1
f 1517//1 1525//1 1519//1
f 1519//1 1525//1 1524//1
f 1519//1 1524//1 1523//1
f 1751//1 1754//1 1525//1
f 1525//1 1754//1 1755//1
f 1525//1 1755//1 1494//1
f 1494//2658 1755//2658 1756//2658
f 1494//1 1756//1 1753//1
f 1624//1 1575//1 1744//1
f 1744//1 1575//1 1742//1
f 1748//1 1757//1 1559//1
f 1559//1 1757//1 1758//1
f 1559//1 1758//1 1759//1
f 1526//1 1494//1 1527//1
f 1527//1 1494//1 1557//1
f 1527//1 1557//1 1534//1
f 1534//1 1557//1 1554//1
f 1534//1 1554//1 1533//1
f 1533//1 1554//1 1552//1
f 1533//1 1552//1 1551//1
f 1549//1 1547//1 1533//1
f 1533//1 1547//1 1545//1
f 1533//1 1545//1 1532//1
f 1532//1 1545//1 1543//1
f 1573//1 1025//1 1575//1
f 1575//1 1025//1 1024//1
f 1575//1 1024//1 1730//1
f 1759//1 1020//1 1559//1
f 1559//1 1020//1 1025//1
f 1559//1 1025//1 1561//1
f 1561//1 1025//1 1563//1
f 1730//1 1732//1 1575//1
f 1575//1 1732//1 1734//1
f 1575//1 1734//1 1736//1
f 1736//1 1738//1 1575//1
f 1575//2659 1738//2659 1740//2659
f 1575//1 1740//1 1742//1
f 1021//2660 1020//2660 1760//2660
f 1760//2660 1020//2660 1759//2660
f 1760//2661 1759//2661 1761//2661
f 1761//2661 1759//2661 1758//2661
f 1761//2662 1758//2662 1762//2662
f 1762//2662 1758//2662 1757//2662
f 1762//2663 1757//2663 1763//2663
f 1763//2663 1757//2663 1748//2663
f 1763//2664 1748//2664 1764//2664
f 1764//2664 1748//2664 1747//2664
f 1764//2665 1747//2665 1493//2665
f 1493//2665 1747//2665 1495//2665
f 1022//1 1021//1 1760//1
f 1760//1 1761//1 1022//1
f 1022//1 1761//1 1762//1
f 1022//1 1762//1 1763//1
f 1492//1 1502//1 1022//1
f 1022//1 1502//1 1504//1
f 1022//1 1504//1 1107//1
f 1496//1 1498//1 1492//1
f 1492//1 1498//1 1500//1
f 1492//1 1500//1 1502//1
f 1763//1 1764//1 1022//1
f 1022//1 1764//1 1493//1
f 1022//1 1493//1 1492//1
f 1093//2666 1072//2666 1765//2666
f 1765//2666 1072//2666 1766//2666
f 1765//2667 1766//2667 1767//2667
f 1767//2667 1766//2667 1768//2667
f 1767//2668 1768//2668 1769//2668
f 1769//2668 1768//2668 1770//2668
f 1769//2669 1770//2669 1771//2669
f 1771//2670 1770//2670 1772//2670
f 1771//2671 1772//2671 1773//2671
f 1635//2672 1636//2672 1774//2672
f 1774//2672 1636//2672 1775//2672
f 1774//2673 1775//2673 1776//2673
f 1776//2673 1775//2673 1777//2673
f 1776//2674 1777//2674 1778//2674
f 1778//2674 1777//2674 1779//2674
f 1778//2675 1779//2675 1780//2675
f 1780//2675 1779//2675 1781//2675
f 1780//2676 1781//2676 1773//2676
f 1773//2676 1781//2676 1782//2676
f 1773//2671 1782//2671 1771//2671
f 1477//1 1475//1 1783//1
f 1783//1 1475//1 1473//1
f 1473//1 1471//1 1783//1
f 1783//1 1471//1 1469//1
f 1783//1 1469//1 1784//1
f 1784//1 1469//1 1467//1
f 1784//1 1467//1 1465//1
f 1483//1 1082//1 1485//1
f 1485//1 1082//1 1487//1
f 1483//1 1481//1 1082//1
f 1082//1 1481//1 1478//1
f 1082//1 1478//1 1783//1
f 1783//1 1478//1 1477//1
f 1093//1 1765//1 1082//1
f 1082//1 1765//1 1767//1
f 1082//1 1767//1 1769//1
f 1769//1 1771//1 1082//1
f 1082//1 1771//1 1782//1
f 1082//1 1782//1 1487//1
f 1487//1 1782//1 1781//1
f 1781//1 1779//1 1487//1
f 1487//1 1779//1 1777//1
f 1487//1 1777//1 1488//1
f 1777//1 1775//1 1488//1
f 1488//1 1775//1 1636//1
f 1488//1 1636//1 1490//1
f 1490//1 1636//1 1634//1
f 1628//1 1626//1 1630//1
f 1630//1 1626//1 1490//1
f 1630//1 1490//1 1632//1
f 1632//1 1490//1 1634//1
f 1785//2677 1429//2677 1617//2677
f 1786//2678 1085//2678 1787//2678
f 1787//2679 1085//2679 1084//2679
f 1787//2680 1084//2680 1083//2680
f 1089//2681 1088//2681 1788//2681
f 1788//2682 1088//2682 1087//2682
f 1788//2683 1087//2683 1786//2683
f 1786//2684 1087//2684 1086//2684
f 1786//2685 1086//2685 1085//2685
f 1788//2686 1789//2686 1089//2686
f 1089//2687 1789//2687 1790//2687
f 1089//2688 1790//2688 1090//2688
f 1604//2689 1790//2689 1605//2689
f 1605//2689 1790//2689 1789//2689
f 1605//2690 1789//2690 1612//2690
f 1612//2691 1789//2691 1788//2691
f 1612//2692 1788//2692 1617//2692
f 1617//2693 1788//2693 1786//2693
f 1617//2694 1786//2694 1785//2694
f 1785//2695 1786//2695 1787//2695
f 1465//2696 1464//2696 1427//2696
f 1427//2697 1464//2697 1791//2697
f 1427//2698 1791//2698 1448//2698
f 1448//2699 1791//2699 1792//2699
f 1448//2699 1792//2699 1449//2699
f 1449//2700 1792//2700 1793//2700
f 1449//2700 1793//2700 1441//2700
f 1441//2700 1793//2700 1794//2700
f 1441//2700 1794//2700 1442//2700
f 1442//2700 1794//2700 1795//2700
f 1442//2700 1795//2700 1438//2700
f 1438//2700 1795//2700 1463//2700
f 1438//2700 1463//2700 1439//2700
f 1427//2696 1429//2696 1465//2696
f 1465//2701 1429//2701 1785//2701
f 1465//2702 1785//2702 1784//2702
f 1784//2703 1785//2703 1787//2703
f 1784//2703 1787//2703 1783//2703
f 1783//2704 1787//2704 1083//2704
f 1783//2704 1083//2704 1082//2704
f 1507//2705 1506//2705 1749//2705
f 1749//2705 1506//2705 1796//2705
f 1749//2706 1796//2706 1750//2706
f 1750//2706 1796//2706 1797//2706
f 1750//2707 1797//2707 1751//2707
f 1751//2707 1797//2707 1798//2707
f 1751//2708 1798//2708 1754//2708
f 1754//2708 1798//2708 1799//2708
f 1754//2709 1799//2709 1755//2709
f 1755//2709 1799//2709 1800//2709
f 1755//2710 1800//2710 1756//2710
f 1756//2711 1800//2711 1801//2711
f 1756//2712 1801//2712 1753//2712
f 1753//2712 1801//2712 1802//2712
f 1753//2713 1802//2713 1752//2713
f 1752//2713 1802//2713 1803//2713
f 1752//2714 1803//2714 1746//2714
f 1746//2714 1803//2714 1804//2714
f 1746//2715 1804//2715 1505//2715
f 1107//2716 1504//2716 1108//2716
f 1108//2716 1504//2716 1505//2716
f 1108//2717 1505//2717 1805//2717
f 1805//2718 1505//2718 1804//2718
f 1059//2719 1055//2719 1806//2719
f 1806//2719 1055//2719 1807//2719
f 1806//2720 1807//2720 1808//2720
f 1808//2720 1807//2720 1809//2720
f 1808//2721 1809//2721 1810//2721
f 1810//2721 1809//2721 1811//2721
f 1810//2722 1811//2722 1812//2722
f 1812//2722 1811//2722 1813//2722
f 1812//2723 1813//2723 1814//2723
f 1814//2723 1813//2723 1815//2723
f 1814//2724 1815//2724 1714//2724
f 1714//2724 1815//2724 1715//2724
f 1816//1 1054//1 1729//1
f 14//1 1381//1 15//1
f 15//1 1381//1 1380//1
f 1564//1 15//1 1562//1
f 1562//1 15//1 1560//1
f 1380//1 1379//1 15//1
f 15//1 1379//1 1378//1
f 15//1 1378//1 1377//1
f 1377//1 1376//1 15//1
f 15//1 1376//1 1375//1
f 15//1 1375//1 1374//1
f 1564//1 1566//1 15//1
f 15//1 1566//1 1568//1
f 15//1 1568//1 1570//1
f 1570//1 1572//1 15//1
f 15//1 1572//1 1574//1
f 15//1 1574//1 1623//1
f 1627//1 1419//1 1418//1
f 1462//1 1625//1 1460//1
f 1460//1 1625//1 1627//1
f 1460//1 1627//1 1413//1
f 11//1 1713//1 12//1
f 12//1 1713//1 1381//1
f 12//1 1381//1 13//1
f 13//1 1381//1 14//1
f 1813//1 1811//1 1030//1
f 1030//1 1811//1 1809//1
f 1030//1 1809//1 1031//1
f 1462//1 1463//1 1625//1
f 1625//1 1463//1 1795//1
f 1625//1 1795//1 1491//1
f 1491//1 1795//1 1794//1
f 1491//1 1794//1 1793//1
f 1466//1 1468//1 1489//1
f 1418//1 1417//1 1627//1
f 1627//1 1417//1 1416//1
f 1627//1 1416//1 1415//1
f 1717//1 21//1 1719//1
f 1719//1 21//1 15//1
f 1719//1 15//1 1721//1
f 1721//1 15//1 1723//1
f 1031//1 1809//1 1817//1
f 1817//1 1809//1 1807//1
f 1817//1 1807//1 1055//1
f 15//1 1553//1 1555//1
f 1793//1 1792//1 1491//1
f 1491//1 1792//1 1791//1
f 1491//1 1791//1 1489//1
f 1489//1 1791//1 1464//1
f 1489//1 1464//1 1466//1
f 1415//1 1414//1 1627//1
f 1627//1 1414//1 1412//1
f 1627//1 1412//1 1413//1
f 1408//1 1407//1 1419//1
f 1422//1 1421//1 1385//1
f 1633//1 1510//1 1631//1
f 1631//1 1510//1 1512//1
f 1631//1 1512//1 1514//1
f 1800//1 1799//1 1635//1
f 1635//1 1799//1 1798//1
f 1635//1 1798//1 1797//1
f 1804//1 1803//1 1635//1
f 1717//1 1715//1 21//1
f 21//1 1715//1 1815//1
f 21//1 1815//1 1813//1
f 1374//1 1373//1 15//1
f 15//1 1373//1 1372//1
f 15//1 1372//1 1371//1
f 1371//1 1370//1 15//1
f 15//1 1370//1 1369//1
f 15//1 1369//1 1368//1
f 1421//1 1420//1 1385//1
f 1385//1 1420//1 1419//1
f 1385//1 1419//1 1386//1
f 1426//1 1384//1 1576//1
f 1576//1 1384//1 1383//1
f 1576//1 1383//1 1713//1
f 1713//1 1383//1 1382//1
f 1713//1 1382//1 1381//1
f 1797//1 1796//1 1635//1
f 1635//1 1796//1 1506//1
f 1635//1 1506//1 1633//1
f 1633//1 1506//1 1508//1
f 1633//1 1508//1 1510//1
f 1774//1 1776//1 1070//1
f 1070//1 1776//1 1778//1
f 1070//1 1778//1 1780//1
f 1804//1 1635//1 1805//1
f 11//1 16//1 1713//1
f 1713//1 16//1 17//1
f 1713//1 17//1 18//1
f 18//1 19//1 1713//1
f 1713//1 19//1 20//1
f 1713//1 20//1 1712//1
f 1712//1 20//1 1711//1
f 1368//1 1367//1 15//1
f 15//1 1367//1 1366//1
f 15//1 1366//1 1365//1
f 1365//1 1528//1 15//1
f 15//1 1528//1 1535//1
f 15//1 1535//1 1536//1
f 1555//1 1556//1 15//1
f 15//1 1556//1 1558//1
f 15//1 1558//1 1560//1
f 1468//1 1470//1 1489//1
f 1489//1 1470//1 1472//1
f 1489//1 1472//1 1486//1
f 1486//1 1472//1 1484//1
f 1426//1 1425//1 1384//1
f 1384//1 1425//1 1424//1
f 1384//1 1424//1 1385//1
f 1385//1 1424//1 1423//1
f 1385//1 1423//1 1422//1
f 1803//1 1802//1 1635//1
f 1635//1 1802//1 1801//1
f 1635//2725 1801//2725 1800//2725
f 1813//1 1030//1 21//1
f 21//1 1030//1 1709//1
f 21//1 1709//1 20//1
f 20//1 1709//1 1710//1
f 20//1 1710//1 1711//1
f 1743//1 1741//1 1727//1
f 1727//1 1741//1 1739//1
f 1727//1 1739//1 1729//1
f 1729//1 1739//1 1737//1
f 1729//1 1737//1 1735//1
f 1536//1 1538//1 15//1
f 15//1 1538//1 1540//1
f 15//1 1540//1 1542//1
f 1514//1 1516//1 1631//1
f 1631//1 1516//1 1518//1
f 1631//1 1518//1 1629//1
f 1629//1 1518//1 1411//1
f 1629//1 1411//1 1627//1
f 1627//1 1411//1 1410//1
f 1627//1 1410//1 1419//1
f 1419//1 1410//1 1409//1
f 1419//1 1409//1 1408//1
f 1770//1 1768//1 1070//1
f 1070//1 1768//1 1766//1
f 1070//1 1766//1 1072//1
f 1774//1 1070//1 1635//1
f 1635//1 1070//1 1108//1
f 1635//1 1108//1 1805//1
f 1723//1 15//1 1725//1
f 1725//1 15//1 1623//1
f 1725//1 1623//1 1727//1
f 1727//1 1623//1 1745//1
f 1727//1 1745//1 1743//1
f 1023//1 1816//1 1731//1
f 1731//1 1816//1 1729//1
f 1731//1 1729//1 1733//1
f 1733//1 1729//1 1735//1
f 15//1 1542//1 1544//1
f 15//1 1544//1 1546//1
f 1546//1 1548//1 15//1
f 15//1 1548//1 1550//1
f 15//1 1550//1 1553//1
f 1474//1 1480//1 1472//1
f 1472//1 1480//1 1482//1
f 1472//1 1482//1 1484//1
f 1474//1 1476//1 1480//1
f 1480//1 1476//1 1479//1
f 1389//1 1419//1 1390//1
f 1390//1 1419//1 1391//1
f 1389//1 1388//1 1419//1
f 1419//1 1388//1 1387//1
f 1419//1 1387//1 1386//1
f 1780//1 1773//1 1070//1
f 1070//1 1773//1 1772//1
f 1070//1 1772//1 1770//1
f 1404//1 1403//1 1405//1
f 1405//1 1403//1 1402//1
f 1405//1 1402//1 1406//1
f 1406//1 1402//1 1401//1
f 1406//1 1401//1 1400//1
f 1406//1 1394//1 1407//1
f 1407//1 1394//1 1393//1
f 1407//1 1393//1 1419//1
f 1419//1 1393//1 1392//1
f 1419//1 1392//1 1391//1
f 1400//1 1399//1 1406//1
f 1406//1 1399//1 1398//1
f 1406//1 1398//1 1397//1
f 1397//1 1396//1 1406//1
f 1406//1 1396//1 1395//1
f 1406//1 1395//1 1394//1
f 1096//2433 1726//2433 1095//2433
f 1095//2433 1726//2433 1728//2433
f 1095//2433 1728//2433 1097//2433
f 1097//2433 1728//2433 1056//2433
f 1060//2433 1059//2433 1806//2433
f 1091//2433 1090//2433 1790//2433
f 1724//2433 1609//2433 1722//2433
f 1722//2433 1609//2433 1720//2433
f 1814//2433 1714//2433 1618//2433
f 1618//2433 1714//2433 1716//2433
f 1618//2433 1716//2433 1609//2433
f 1609//2433 1716//2433 1718//2433
f 1609//2433 1718//2433 1720//2433
f 1656//2433 1637//2433 1618//2433
f 1618//2433 1637//2433 1060//2433
f 1806//2433 1808//2433 1060//2433
f 1060//2433 1808//2433 1810//2433
f 1060//2433 1810//2433 1618//2433
f 1618//2433 1810//2433 1812//2433
f 1618//2433 1812//2433 1814//2433
f 1724//2433 1726//2433 1609//2433
f 1609//2433 1726//2433 1096//2433
f 1609//2433 1096//2433 1608//2433
f 1608//2433 1096//2433 1091//2433
f 1608//2433 1091//2433 1604//2433
f 1604//2433 1091//2433 1790//2433
f 1618//2433 1647//2433 1656//2433
f 1656//2433 1647//2433 1649//2433
f 1656//2433 1649//2433 1655//2433
f 1655//2433 1649//2433 1650//2433
f 1655//2433 1650//2433 1654//2433
f 1654//2433 1650//2433 1652//2433
f 1818//2433 1819//2433 1820//2433
f 1821//2433 1822//2433 1823//2433
f 1823//2433 1822//2433 1820//2433
f 1823//2433 1820//2433 1824//2433
f 1824//2433 1820//2433 1819//2433
f 881//2433 880//2433 1825//2433
f 881//2433 1825//2433 1826//2433
f 1825//2433 1827//2433 1826//2433
f 1826//2433 1827//2433 1828//2433
f 1826//2433 1828//2433 1829//2433
f 1821//2433 1830//2433 1822//2433
f 1822//2433 1830//2433 1831//2433
f 1822//2433 1831//2433 1832//2433
f 1832//2433 1831//2433 1833//2433
f 1832//2433 1833//2433 854//2433
f 854//2433 1833//2433 1834//2433
f 854//2433 1834//2433 847//2433
f 1829//2433 1835//2433 1826//2433
f 1826//2433 1835//2433 1836//2433
f 1826//2433 1836//2433 1837//2433
f 1837//2433 1836//2433 1838//2433
f 1837//2433 1838//2433 1839//2433
f 872//2433 858//2433 1840//2433
f 1840//2433 858//2433 1841//2433
f 1840//2433 1841//2433 1818//2433
f 1838//2433 1842//2433 1839//2433
f 1839//2433 1842//2433 1843//2433
f 1839//2433 1843//2433 1844//2433
f 1844//2433 1843//2433 1840//2433
f 1844//2433 1840//2433 1845//2433
f 1845//2433 1840//2433 1818//2433
f 1845//2433 1818//2433 1846//2433
f 1846//2433 1818//2433 1820//2433
f 850//1 849//1 1847//1
f 1848//1 1849//1 1850//1
f 1851//1 1852//1 1853//1
f 1853//1 1852//1 1854//1
f 1853//1 1854//1 1855//1
f 1855//1 1854//1 1856//1
f 1855//1 1856//1 1857//1
f 1857//1 1856//1 864//1
f 1857//1 864//1 861//1
f 1858//1 1859//1 1853//1
f 1853//1 1859//1 1860//1
f 1853//1 1860//1 1851//1
f 1861//1 1862//1 1863//1
f 869//1 870//1 1864//1
f 1864//1 870//1 1865//1
f 1866//1 1867//1 1868//1
f 1868//1 1867//1 1869//1
f 1868//1 1869//1 1870//1
f 1848//1 1850//1 1871//1
f 1871//1 1850//1 1872//1
f 1871//1 1872//1 1853//1
f 1853//1 1872//1 1873//1
f 1853//1 1873//1 1858//1
f 1874//1 1875//1 1876//1
f 1876//1 1875//1 1877//1
f 1876//1 1877//1 870//1
f 870//1 1877//1 1878//1
f 870//1 1878//1 1863//1
f 1863//1 1862//1 870//1
f 870//1 1862//1 1879//1
f 870//1 1879//1 1865//1
f 1866//1 1868//1 883//1
f 883//1 1868//1 1880//1
f 883//1 1880//1 867//1
f 1861//1 1863//1 1881//1
f 1881//1 1863//1 1882//1
f 1881//1 1882//1 1883//1
f 1870//1 1883//1 1868//1
f 1868//1 1883//1 1882//1
f 1868//1 1882//1 1884//1
f 1884//1 1882//1 1885//1
f 1884//1 1885//1 1849//1
f 1849//1 1885//1 1886//1
f 1849//1 1886//1 1850//1
f 1887//2433 1888//2433 1889//2433
f 1890//2433 1891//2433 1892//2433
f 1892//2433 1891//2433 1887//2433
f 1892//2433 1887//2433 1893//2433
f 1894//2433 1895//2433 1896//2433
f 1896//2433 1895//2433 1897//2433
f 1896//2433 1897//2433 1898//2433
f 1898//2433 1897//2433 1899//2433
f 1898//2433 1899//2433 1900//2433
f 1900//2433 1899//2433 1901//2433
f 1900//2433 1901//2433 1902//2433
f 1902//2433 1901//2433 1903//2433
f 1902//2433 1903//2433 1904//2433
f 1904//2433 1903//2433 1905//2433
f 1904//2433 1905//2433 1906//2433
f 1906//2433 1905//2433 1907//2433
f 1906//2433 1907//2433 1908//2433
f 1908//2433 1907//2433 1909//2433
f 1908//2433 1909//2433 1910//2433
f 1910//2433 1909//2433 1911//2433
f 1910//2433 1911//2433 1912//2433
f 1912//2433 1911//2433 1913//2433
f 1912//2433 1913//2433 1914//2433
f 1914//2433 1913//2433 1915//2433
f 1914//2433 1915//2433 1916//2433
f 1916//2433 1915//2433 1917//2433
f 1916//2433 1917//2433 1890//2433
f 1890//2433 1917//2433 1918//2433
f 1890//2433 1918//2433 1891//2433
f 1919//2726 1920//2726 1895//2726
f 1895//2433 1920//2433 1921//2433
f 1895//2433 1921//2433 1922//2433
f 1894//2433 1923//2433 1895//2433
f 1895//2433 1923//2433 1924//2433
f 1895//2433 1924//2433 1925//2433
f 1925//2727 1926//2727 1895//2727
f 1895//2433 1926//2433 1927//2433
f 1895//2728 1927//2728 1928//2728
f 1889//2433 1929//2433 1887//2433
f 1887//2433 1929//2433 1930//2433
f 1887//2433 1930//2433 1931//2433
f 1931//2433 1932//2433 1887//2433
f 1887//2433 1932//2433 1933//2433
f 1887//2729 1933//2729 1934//2729
f 1934//2433 1935//2433 1887//2433
f 1887//2433 1935//2433 1936//2433
f 1887//2433 1936//2433 1893//2433
f 1928//2433 1937//2433 1895//2433
f 1895//2433 1937//2433 1938//2433
f 1895//2433 1938//2433 1919//2433
f 1939//2730 1940//2730 1941//2730
f 1941//2731 1940//2731 1942//2731
f 1941//2732 1942//2732 1943//2732
f 1943//2733 1942//2733 1944//2733
f 1943//2734 1944//2734 1945//2734
f 1946//1 1947//1 1948//1
f 1949//1 1950//1 1951//1
f 1951//1 1950//1 1952//1
f 1951//1 1952//1 1953//1
f 1953//1 1952//1 1954//1
f 1953//1 1954//1 1955//1
f 1948//1 1947//1 1956//1
f 1947//1 1957//1 1956//1
f 1956//1 1957//1 1958//1
f 1956//1 1958//1 1949//1
f 1949//1 1958//1 1959//1
f 1949//1 1959//1 1950//1
f 1960//1 1961//1 1962//1
f 1962//1 1961//1 1963//1
f 1962//1 1963//1 1945//1
f 1945//1 1963//1 1964//1
f 1945//1 1964//1 1943//1
f 1943//1 1964//1 1965//1
f 1943//1 1965//1 1948//1
f 1948//1 1965//1 1966//1
f 1948//1 1966//1 1946//1
f 1967//1 1968//1 1969//1
f 1954//1 1970//1 1955//1
f 1955//1 1970//1 1967//1
f 1955//1 1967//1 1971//1
f 1971//1 1967//1 1969//1
f 1960//1 1972//1 1961//1
f 1961//1 1972//1 1973//1
f 1961//1 1973//1 1974//1
f 1955//2735 1975//2735 1953//2735
f 1953//2736 1975//2736 1976//2736
f 1953//2737 1976//2737 1977//2737
f 1954//2738 1978//2738 1970//2738
f 1970//2739 1978//2739 1979//2739
f 1970//2740 1979//2740 1967//2740
f 1967//2740 1979//2740 1980//2740
f 1967//2741 1980//2741 1968//2741
f 1968//2741 1980//2741 1981//2741
f 1968//2742 1981//2742 1969//2742
f 1969//2743 1981//2743 1982//2743
f 1969//2744 1982//2744 1971//2744
f 1971//2745 1982//2745 1983//2745
f 1971//2746 1983//2746 1955//2746
f 1955//2746 1983//2746 1975//2746
f 1978//2747 1954//2747 1984//2747
f 1984//2747 1954//2747 1952//2747
f 1984//2748 1952//2748 1985//2748
f 1985//2748 1952//2748 1950//2748
f 1985//2749 1950//2749 1986//2749
f 1986//2749 1950//2749 1959//2749
f 1986//2750 1959//2750 1987//2750
f 1987//2751 1959//2751 1958//2751
f 1987//2752 1958//2752 1988//2752
f 1988//2753 1958//2753 1957//2753
f 1988//2754 1957//2754 1989//2754
f 1989//2754 1957//2754 1947//2754
f 1989//2755 1947//2755 1990//2755
f 1990//2756 1947//2756 1946//2756
f 1990//2757 1946//2757 1991//2757
f 1991//2757 1946//2757 1966//2757
f 1991//2758 1966//2758 1992//2758
f 1992//2758 1966//2758 1965//2758
f 1992//2759 1965//2759 1993//2759
f 1965//2759 1964//2759 1993//2759
f 1993//2760 1964//2760 1963//2760
f 1993//2760 1963//2760 1994//2760
f 1962//2761 1995//2761 1960//2761
f 1960//2761 1995//2761 1996//2761
f 1960//2762 1996//2762 1972//2762
f 1972//2762 1996//2762 1997//2762
f 1972//2763 1997//2763 1973//2763
f 1973//2763 1997//2763 1998//2763
f 1973//2764 1998//2764 1974//2764
f 1974//2764 1998//2764 1999//2764
f 1974//2765 1999//2765 1961//2765
f 1961//2765 1999//2765 2000//2765
f 1961//2766 2000//2766 1963//2766
f 1963//2767 2000//2767 1994//2767
f 1995//2768 1962//2768 2001//2768
f 2001//2769 1962//2769 1945//2769
f 2001//2770 1945//2770 2002//2770
f 2002//2771 1945//2771 1944//2771
f 1892//2772 2003//2772 1890//2772
f 1890//2772 2003//2772 2004//2772
f 1890//2773 2004//2773 1916//2773
f 1916//2773 2004//2773 2005//2773
f 1916//2774 2005//2774 1914//2774
f 1914//2774 2005//2774 2006//2774
f 1914//2775 2006//2775 1912//2775
f 1912//2775 2006//2775 2007//2775
f 1912//2776 2007//2776 1910//2776
f 1910//2777 2007//2777 2008//2777
f 1910//2778 2008//2778 1908//2778
f 1908//2778 2008//2778 2009//2778
f 1908//2779 2009//2779 1906//2779
f 1906//2779 2009//2779 2010//2779
f 1906//2780 2010//2780 1904//2780
f 1904//2780 2010//2780 2011//2780
f 1904//2781 2011//2781 1902//2781
f 1902//2781 2011//2781 2012//2781
f 1902//2782 2012//2782 1900//2782
f 1900//2782 2012//2782 2013//2782
f 1900//2783 2013//2783 1898//2783
f 1898//2783 2013//2783 2014//2783
f 1898//2784 2014//2784 1896//2784
f 1896//2784 2014//2784 2015//2784
f 1896//2785 2015//2785 1894//2785
f 1894//2785 2015//2785 2016//2785
f 2017//2786 1888//2786 1887//2786
f 2018//2787 2019//2787 2020//2787
f 2020//2787 2019//2787 2021//2787
f 2020//2788 2021//2788 2022//2788
f 2021//2789 2017//2789 2022//2789
f 2022//2786 2017//2786 1887//2786
f 2022//2790 1887//2790 2023//2790
f 2023//2790 1887//2790 1891//2790
f 2023//2791 1891//2791 2024//2791
f 2024//2792 1891//2792 1918//2792
f 2024//2793 1918//2793 2025//2793
f 2025//2793 1918//2793 1917//2793
f 2025//2794 1917//2794 2026//2794
f 2026//2794 1917//2794 1915//2794
f 2026//2795 1915//2795 2027//2795
f 2027//2796 1915//2796 1913//2796
f 1907//2797 2028//2797 1909//2797
f 1909//2797 2028//2797 2029//2797
f 1909//2798 2029//2798 1911//2798
f 1911//2798 2029//2798 2030//2798
f 1911//2799 2030//2799 1913//2799
f 1913//2799 2030//2799 2031//2799
f 1913//2800 2031//2800 2027//2800
f 2032//2801 2033//2801 2034//2801
f 2034//2801 2033//2801 2035//2801
f 2036//2802 2037//2802 2038//2802
f 2038//2803 871//2803 885//2803
f 884//2804 2038//2804 885//2804
f 859//2805 871//2805 2038//2805
f 2038//2806 2037//2806 859//2806
f 859//2807 2037//2807 2039//2807
f 859//2808 2039//2808 860//2808
f 2038//2809 2040//2809 2041//2809
f 2041//2810 2036//2810 2038//2810
f 2042//2811 2043//2811 2044//2811
f 2044//2812 2043//2812 2045//2812
f 2044//2813 2045//2813 2046//2813
f 2046//2814 2045//2814 1939//2814
f 2046//2815 1939//2815 1941//2815
f 1951//2816 2047//2816 1949//2816
f 1949//2817 2047//2817 2048//2817
f 1949//2818 2048//2818 1956//2818
f 1956//2819 2048//2819 2049//2819
f 1956//2820 2049//2820 1948//2820
f 2050//2821 2044//2821 2049//2821
f 2049//2822 2044//2822 2046//2822
f 2049//2823 2046//2823 1948//2823
f 1948//2824 2046//2824 1941//2824
f 1948//2825 1941//2825 1943//2825
f 1951//2826 2051//2826 2047//2826
f 2047//2827 2051//2827 2052//2827
f 2047//2828 2052//2828 2053//2828
f 2050//2829 2049//2829 2054//2829
f 2054//2830 2049//2830 2048//2830
f 2054//2831 2048//2831 2055//2831
f 2055//2832 2048//2832 2047//2832
f 2055//2833 2047//2833 2056//2833
f 2056//2834 2047//2834 2053//2834
f 2056//2835 2053//2835 2057//2835
f 2058//2836 2059//2836 2060//2836
f 2061//2837 2056//2837 2060//2837
f 2060//2838 2056//2838 2057//2838
f 2062//2839 2063//2839 2058//2839
f 2058//2840 2063//2840 2064//2840
f 2058//2841 2064//2841 2059//2841
f 2057//2842 2065//2842 2060//2842
f 2060//2843 2065//2843 2066//2843
f 2060//2844 2066//2844 2058//2844
f 2058//2845 2066//2845 2067//2845
f 2058//2846 2067//2846 2062//2846
f 2068//2847 2050//2847 2054//2847
f 2069//2848 2070//2848 2071//2848
f 2071//2849 2070//2849 2072//2849
f 2071//2850 2072//2850 2073//2850
f 2073//2851 2072//2851 2074//2851
f 2070//2852 2075//2852 2072//2852
f 2072//2853 2075//2853 2068//2853
f 2072//2854 2068//2854 2074//2854
f 2074//2855 2068//2855 2054//2855
f 2074//2856 2054//2856 2061//2856
f 2061//2857 2054//2857 2055//2857
f 2061//2858 2055//2858 2056//2858
f 1942//2859 2076//2859 1944//2859
f 1940//2860 2077//2860 1942//2860
f 1942//2861 2077//2861 2078//2861
f 1942//2862 2078//2862 2076//2862
f 2079//2863 2001//2863 2080//2863
f 2080//2864 2001//2864 2002//2864
f 2080//2865 2002//2865 2081//2865
f 2081//2866 2002//2866 1944//2866
f 2081//2867 1944//2867 2082//2867
f 2082//2868 1944//2868 2076//2868
f 2045//2869 2083//2869 1939//2869
f 1939//2869 2083//2869 2077//2869
f 1939//2869 2077//2869 1940//2869
f 2084//2870 2085//2870 2086//2870
f 2083//2871 2045//2871 2087//2871
f 2087//2872 2045//2872 2043//2872
f 2087//2873 2043//2873 2088//2873
f 2088//2874 2043//2874 2042//2874
f 2088//2875 2042//2875 2089//2875
f 2089//2876 2042//2876 2090//2876
f 2089//2877 2090//2877 2086//2877
f 2086//2878 2090//2878 2091//2878
f 2086//2879 2091//2879 2084//2879
f 2092//2880 2093//2880 2065//2880
f 2092//2881 2065//2881 2094//2881
f 2094//2882 2065//2882 2095//2882
f 2095//2883 2065//2883 2057//2883
f 2095//2884 2057//2884 2053//2884
f 2096//2885 2095//2885 2053//2885
f 1953//2886 1977//2886 1951//2886
f 1951//2887 1977//2887 2097//2887
f 1951//2888 2097//2888 2051//2888
f 2051//2889 2097//2889 2098//2889
f 2051//2890 2098//2890 2052//2890
f 2052//2891 2098//2891 2053//2891
f 2053//2892 2098//2892 2099//2892
f 2053//2893 2099//2893 2096//2893
f 2097//2894 2100//2894 2101//2894
f 2102//2895 2096//2895 2103//2895
f 2103//2896 2096//2896 2099//2896
f 2103//2897 2099//2897 2101//2897
f 2101//2898 2099//2898 2098//2898
f 2101//2899 2098//2899 2097//2899
f 2097//2900 1977//2900 2100//2900
f 2100//2901 1977//2901 1976//2901
f 2100//2902 1976//2902 2104//2902
f 2105//1 2016//1 2106//1
f 2106//1 2016//1 2015//1
f 2106//1 2015//1 2107//1
f 2108//1 2109//1 2110//1
f 2107//1 2015//1 2111//1
f 2111//1 2015//1 2014//1
f 2111//1 2014//1 2112//1
f 2113//1 2114//1 2115//1
f 2115//1 2114//1 2109//1
f 2109//1 2114//1 2116//1
f 2109//1 2116//1 2110//1
f 2112//1 2014//1 2117//1
f 2117//1 2014//1 2013//1
f 2117//1 2013//1 2035//1
f 2118//1 2104//1 2006//1
f 2119//1 2105//1 2120//1
f 2120//1 2105//1 2121//1
f 2119//1 2122//1 2105//1
f 2105//1 2122//1 2123//1
f 2105//1 2123//1 2124//1
f 2124//1 2125//1 2105//1
f 2105//1 2125//1 2126//1
f 2105//1 2126//1 2016//1
f 2035//1 2013//1 2034//1
f 2034//1 2013//1 2012//1
f 2034//1 2012//1 2011//1
f 1989//1 2009//1 1988//1
f 1988//1 2009//1 2008//1
f 1988//1 2008//1 1987//1
f 1987//1 2008//1 1986//1
f 2007//1 1984//1 2008//1
f 2008//1 1984//1 1985//1
f 2008//1 1985//1 1986//1
f 2127//1 2128//1 2129//1
f 1999//1 1998//1 2011//1
f 2130//1 2131//1 2132//1
f 2132//1 2131//1 2133//1
f 2113//1 2115//1 2134//1
f 2134//1 2115//1 2135//1
f 2134//1 2135//1 2105//1
f 2105//1 2135//1 2136//1
f 2105//1 2136//1 2121//1
f 2127//1 2129//1 2110//1
f 2110//1 2129//1 2137//1
f 2110//1 2137//1 2108//1
f 2001//1 2079//1 1995//1
f 1995//1 2079//1 2034//1
f 1995//1 2034//1 1996//1
f 1992//1 2010//1 1991//1
f 1991//1 2010//1 2009//1
f 1991//1 2009//1 1990//1
f 1990//1 2009//1 1989//1
f 1981//1 1980//1 2006//1
f 2006//1 1980//1 1979//1
f 2006//1 1979//1 2007//1
f 2007//1 1979//1 1978//1
f 2007//1 1978//1 1984//1
f 2006//1 2005//1 2118//1
f 2118//1 2005//1 2004//1
f 2118//1 2004//1 2138//1
f 2138//1 2004//1 2003//1
f 2138//1 2003//1 2130//1
f 2130//1 2003//1 2139//1
f 2130//1 2139//1 2140//1
f 2141//1 2130//1 2142//1
f 2142//1 2130//1 2143//1
f 2144//1 2145//1 2133//1
f 2133//1 2145//1 2146//1
f 2133//1 2146//1 2132//1
f 2147//1 2148//1 2149//1
f 2011//1 1998//1 2034//1
f 2034//1 1998//1 1997//1
f 2034//1 1997//1 1996//1
f 1976//1 1975//1 2104//1
f 2104//1 1975//1 1983//1
f 2104//1 1983//1 2006//1
f 2006//1 1983//1 1982//1
f 2006//1 1982//1 1981//1
f 2140//1 2150//1 2130//1
f 2130//1 2150//1 2151//1
f 2130//2903 2151//2903 2143//2903
f 2141//1 2152//1 2130//1
f 2130//1 2152//1 2153//1
f 2130//1 2153//1 2131//1
f 2128//1 2154//1 2129//1
f 2129//1 2154//1 2147//1
f 2129//2659 2147//2659 2155//2659
f 2155//2725 2147//2725 2149//2725
f 1992//1 1993//1 2010//1
f 2010//1 1993//1 1994//1
f 2010//1 1994//1 2011//1
f 2011//1 1994//1 2000//1
f 2011//1 2000//1 1999//1
f 2144//1 2133//1 2156//1
f 2156//1 2133//1 2157//1
f 2156//1 2157//1 2158//1
f 2158//1 2159//1 2156//1
f 2156//1 2159//1 2160//1
f 2156//1 2160//1 2161//1
f 2161//2725 2162//2725 2156//2725
f 2156//1 2162//1 2163//1
f 2156//2659 2163//2659 2164//2659
f 2165//2904 2116//2904 2114//2904
f 2165//2905 2166//2905 2167//2905
f 2167//2906 2166//2906 2168//2906
f 2167//2907 2168//2907 2169//2907
f 2169//2908 2168//2908 2170//2908
f 2169//2909 2170//2909 2171//2909
f 2132//2910 2146//2910 2172//2910
f 2171//2911 2170//2911 2173//2911
f 2173//2912 2170//2912 2174//2912
f 2173//2913 2174//2913 2175//2913
f 2175//2914 2174//2914 2176//2914
f 2175//2915 2176//2915 2177//2915
f 2177//2916 2176//2916 2178//2916
f 2177//2917 2178//2917 2172//2917
f 2172//2918 2178//2918 2179//2918
f 2172//2919 2179//2919 2132//2919
f 2132//2920 2179//2920 2180//2920
f 2132//2921 2180//2921 2130//2921
f 2130//2922 2180//2922 2181//2922
f 2130//2923 2181//2923 2138//2923
f 2182//2924 2118//2924 2183//2924
f 2183//2925 2118//2925 2138//2925
f 2183//2926 2138//2926 2184//2926
f 2184//2927 2138//2927 2181//2927
f 2165//2928 2114//2928 2166//2928
f 2166//2929 2114//2929 2113//2929
f 2166//2930 2113//2930 2185//2930
f 2185//2931 2113//2931 2134//2931
f 2185//2932 2134//2932 2186//2932
f 2186//2933 2134//2933 2187//2933
f 2187//2934 2134//2934 2105//2934
f 2187//2935 2105//2935 2188//2935
f 2188//2936 2105//2936 2106//2936
f 2188//2937 2106//2937 2189//2937
f 2189//2938 2106//2938 2190//2938
f 2190//2939 2106//2939 2107//2939
f 2190//2940 2107//2940 2191//2940
f 2191//2941 2107//2941 2111//2941
f 2191//2942 2111//2942 2192//2942
f 2192//2943 2111//2943 2193//2943
f 2193//2944 2111//2944 2112//2944
f 2193//2945 2112//2945 2194//2945
f 2194//2946 2112//2946 2117//2946
f 2194//2947 2117//2947 2195//2947
f 2195//2948 2117//2948 2035//2948
f 2195//2949 2035//2949 2033//2949
f 2196//2433 2197//2433 2198//2433
f 2199//2433 2200//2433 2201//2433
f 2202//2433 2203//2433 2204//2433
f 2204//2433 2203//2433 2205//2433
f 2204//2433 2205//2433 2206//2433
f 2206//2433 2205//2433 2207//2433
f 2206//2433 2207//2433 2208//2433
f 2201//2433 2200//2433 2209//2433
f 2209//2433 2200//2433 2210//2433
f 2209//2433 2210//2433 2211//2433
f 2197//2433 2212//2433 2198//2433
f 2198//2433 2212//2433 2213//2433
f 2198//2433 2213//2433 2214//2433
f 2211//2433 2210//2433 2215//2433
f 2215//2433 2210//2433 2216//2433
f 2215//2433 2216//2433 2217//2433
f 2198//2433 2218//2433 2196//2433
f 2196//2433 2218//2433 2219//2433
f 2196//2433 2219//2433 2220//2433
f 2220//2433 2219//2433 2221//2433
f 2220//2433 2221//2433 2202//2433
f 2202//2433 2221//2433 2222//2433
f 2202//2433 2222//2433 2203//2433
f 2223//2433 2224//2433 2225//2433
f 2207//2433 2226//2433 2208//2433
f 2208//2433 2226//2433 2227//2433
f 2208//2433 2227//2433 2228//2433
f 2228//2433 2227//2433 2229//2433
f 2228//2433 2229//2433 2230//2433
f 2230//2433 2229//2433 2231//2433
f 2230//2433 2231//2433 2224//2433
f 2224//2433 2231//2433 2232//2433
f 2224//2433 2232//2433 2225//2433
f 2233//2433 2198//2433 2234//2433
f 2234//2433 2198//2433 2214//2433
f 2234//2433 2214//2433 2235//2433
f 2235//2433 2214//2433 2199//2433
f 2235//2433 2199//2433 2236//2433
f 2236//2433 2199//2433 2201//2433
f 2225//2433 2237//2433 2223//2433
f 2223//2433 2237//2433 2238//2433
f 2223//2433 2238//2433 2239//2433
f 2239//2433 2238//2433 2240//2433
f 2239//2433 2240//2433 2241//2433
f 2216//2433 2242//2433 2217//2433
f 2217//2433 2242//2433 2243//2433
f 2217//2433 2243//2433 2244//2433
f 2244//2433 2243//2433 2245//2433
f 2244//2433 2245//2433 2246//2433
f 2246//2433 2245//2433 2241//2433
f 2246//2433 2241//2433 2247//2433
f 2247//2433 2241//2433 2240//2433
f 2082//2950 2076//2950 2248//2950
f 2082//2951 2248//2951 2081//2951
f 2032//2952 2034//2952 2079//2952
f 2032//2953 2079//2953 2248//2953
f 2248//2954 2079//2954 2080//2954
f 2248//2955 2080//2955 2081//2955
f 2076//2956 2078//2956 2248//2956
f 2248//2956 2078//2956 2249//2956
f 2248//2957 2249//2957 2250//2957
f 1857//2958 861//2958 860//2958
f 2040//2959 1871//2959 2041//2959
f 2041//2959 1871//2959 1853//2959
f 2041//2960 1853//2960 2036//2960
f 2036//2960 1853//2960 1855//2960
f 2036//2961 1855//2961 2037//2961
f 2037//2962 1855//2962 1857//2962
f 2037//2963 1857//2963 2039//2963
f 2039//2958 1857//2958 860//2958
f 2084//2964 2251//2964 2252//2964
f 2253//2965 2254//2965 2252//2965
f 2252//2966 2254//2966 2255//2966
f 2252//2967 2255//2967 2084//2967
f 2068//2968 1875//2968 2084//2968
f 2084//2969 1875//2969 1874//2969
f 2084//2970 1874//2970 2251//2970
f 2084//2971 2091//2971 2068//2971
f 2068//2972 2091//2972 2090//2972
f 2068//2973 2090//2973 2050//2973
f 2050//2974 2090//2974 2042//2974
f 2050//2975 2042//2975 2044//2975
f 2073//2976 1886//2976 1885//2976
f 2073//2977 1885//2977 2071//2977
f 2071//2978 1885//2978 1882//2978
f 2071//2979 1882//2979 2069//2979
f 2069//2980 1882//2980 1863//2980
f 2069//2981 1863//2981 2070//2981
f 1863//2982 1878//2982 2070//2982
f 2070//2983 1878//2983 1877//2983
f 2070//2984 1877//2984 2075//2984
f 2075//2985 1877//2985 1875//2985
f 2075//2986 1875//2986 2068//2986
f 2256//2987 1873//2987 1872//2987
f 2257//2988 2258//2988 2259//2988
f 2256//2989 2061//2989 2260//2989
f 2260//2990 2061//2990 2060//2990
f 2260//2991 2060//2991 2259//2991
f 2259//2992 2060//2992 2059//2992
f 2259//2988 2059//2988 2257//2988
f 2256//2993 1872//2993 2061//2993
f 2061//2994 1872//2994 1850//2994
f 2061//2995 1850//2995 2074//2995
f 2074//2996 1850//2996 1886//2996
f 2074//2997 1886//2997 2073//2997
f 2066//2998 2261//2998 2067//2998
f 2067//2999 2261//2999 2262//2999
f 2262//3000 2263//3000 2067//3000
f 2067//3001 2263//3001 2264//3001
f 2067//3002 2264//3002 2062//3002
f 2062//3003 2264//3003 2265//3003
f 2062//3004 2265//3004 2063//3004
f 2063//3005 2265//3005 2266//3005
f 2063//3006 2266//3006 2064//3006
f 2064//3007 2266//3007 2257//3007
f 2064//3008 2257//3008 2059//3008
f 2066//3009 2065//3009 2093//3009
f 2093//3010 2267//3010 2066//3010
f 2066//3011 2267//3011 2268//3011
f 2066//3012 2268//3012 2261//3012
f 2269//3013 2261//3013 2270//3013
f 2270//3014 2261//3014 2271//3014
f 2272//3015 2273//3015 2271//3015
f 2271//3016 2273//3016 2274//3016
f 2271//3017 2274//3017 2270//3017
f 2261//3018 2268//3018 2271//3018
f 2271//3019 2268//3019 2275//3019
f 2271//3020 2275//3020 2272//3020
f 2086//3021 2085//3021 2276//3021
f 2277//3022 2249//3022 2078//3022
f 2078//3023 2077//3023 2277//3023
f 2277//3023 2077//3023 2083//3023
f 2277//3024 2083//3024 2278//3024
f 2083//3025 2087//3025 2278//3025
f 2278//3026 2087//3026 2088//3026
f 2278//3027 2088//3027 2276//3027
f 2276//3028 2088//3028 2089//3028
f 2276//3029 2089//3029 2086//3029
f 2255//3030 2279//3030 2084//3030
f 2084//3030 2279//3030 2085//3030
f 1874//3031 1876//3031 2251//3031
f 2251//3032 1876//3032 2280//3032
f 2251//3033 2280//3033 2252//3033
f 2252//3034 2280//3034 2281//3034
f 2252//3035 2281//3035 2253//3035
f 2253//3036 2281//3036 2282//3036
f 2253//3037 2282//3037 2254//3037
f 2279//3038 2255//3038 2283//3038
f 2283//3039 2255//3039 2254//3039
f 2283//3040 2254//3040 2284//3040
f 2284//3041 2254//3041 2282//3041
f 2094//3042 2285//3042 2286//3042
f 2287//3043 2268//3043 2288//3043
f 2288//3044 2268//3044 2267//3044
f 2288//3045 2267//3045 2289//3045
f 2289//3046 2267//3046 2093//3046
f 2289//3047 2093//3047 2286//3047
f 2286//3048 2093//3048 2092//3048
f 2286//3049 2092//3049 2094//3049
f 2096//2869 2102//2869 2095//2869
f 2095//3050 2102//3050 2290//3050
f 2095//2869 2290//2869 2094//2869
f 2094//2869 2290//2869 2285//2869
f 2291//3051 2290//3051 2102//3051
f 2102//3052 2103//3052 2291//3052
f 2291//3052 2103//3052 2101//3052
f 2291//3052 2101//3052 2292//3052
f 2292//3052 2101//3052 2100//3052
f 2118//3053 2182//3053 2104//3053
f 2104//3054 2182//3054 2293//3054
f 2104//3052 2293//3052 2100//3052
f 2100//3052 2293//3052 2294//3052
f 2100//3052 2294//3052 2292//3052
f 2295//3055 2296//3055 2297//3055
f 2297//3056 2296//3056 2298//3056
f 2215//3057 2295//3057 2211//3057
f 2211//3058 2295//3058 2297//3058
f 2211//3059 2297//3059 2209//3059
f 2209//3060 2297//3060 2299//3060
f 2235//3061 2236//3061 2299//3061
f 2299//3062 2236//3062 2201//3062
f 2299//3063 2201//3063 2209//3063
f 2300//3064 2301//3064 2302//3064
f 2302//3065 2301//3065 2233//3065
f 2302//3066 2233//3066 2234//3066
f 2303//3067 2304//3067 2302//3067
f 2302//3068 2304//3068 2305//3068
f 2302//3069 2305//3069 2300//3069
f 2300//3070 2305//3070 2306//3070
f 2300//3071 2306//3071 2307//3071
f 2234//3072 2235//3072 2302//3072
f 2302//3073 2235//3073 2299//3073
f 2302//3074 2299//3074 2303//3074
f 2303//3075 2299//3075 2297//3075
f 2303//3076 2297//3076 2308//3076
f 2308//3077 2297//3077 2298//3077
f 2308//3078 2298//3078 2309//3078
f 2263//1 2262//1 2310//1
f 2266//1 2265//1 2311//1
f 866//1 865//1 2312//1
f 2312//1 865//1 2313//1
f 2314//1 2315//1 2316//1
f 2313//1 865//1 2317//1
f 2317//1 865//1 2318//1
f 2317//1 2318//1 2319//1
f 851//1 848//1 2314//1
f 2314//1 848//1 2320//1
f 2314//1 2320//1 2315//1
f 2263//1 2310//1 2264//1
f 2264//1 2310//1 2314//1
f 2264//1 2314//1 2265//1
f 2265//1 2314//1 2316//1
f 2265//1 2316//1 2311//1
f 2318//1 2321//1 2319//1
f 2319//1 2321//1 2322//1
f 2319//1 2322//1 2323//1
f 2311//1 2324//1 2266//1
f 2266//1 2324//1 2325//1
f 2266//1 2325//1 2257//1
f 2257//1 2325//1 2326//1
f 2257//1 2326//1 2258//1
f 2258//1 2326//1 2319//1
f 2258//1 2319//1 2327//1
f 2327//1 2319//1 2323//1
f 2327//1 2323//1 2328//1
f 2261//3079 2329//3079 2262//3079
f 2262//3080 2329//3080 2310//3080
f 2261//3081 2269//3081 2329//3081
f 2329//3082 2269//3082 2270//3082
f 2329//3083 2270//3083 2330//3083
f 2330//3084 2270//3084 2274//3084
f 2330//3085 2274//3085 2331//3085
f 2275//3086 2332//3086 2272//3086
f 2272//3087 2332//3087 2331//3087
f 2272//3088 2331//3088 2273//3088
f 2273//3089 2331//3089 2274//3089
f 2332//3030 2275//3030 2287//3030
f 2287//3030 2275//3030 2268//3030
f 2333//3090 2334//3090 2335//3090
f 2308//3091 2309//3091 2333//3091
f 2333//3092 2335//3092 2308//3092
f 2308//3093 2335//3093 2336//3093
f 2308//3094 2336//3094 2303//3094
f 2336//3095 2337//3095 2303//3095
f 2303//3096 2337//3096 2338//3096
f 2303//3097 2338//3097 2304//3097
f 2339//3098 2307//3098 2340//3098
f 2340//3099 2307//3099 2306//3099
f 2338//3100 2341//3100 2304//3100
f 2304//3101 2341//3101 2340//3101
f 2304//3102 2340//3102 2305//3102
f 2305//3103 2340//3103 2306//3103
f 1836//3104 1883//3104 1838//3104
f 1838//3104 1883//3104 1870//3104
f 1838//3105 1870//3105 1842//3105
f 1842//3105 1870//3105 1869//3105
f 1842//3106 1869//3106 1843//3106
f 1843//3106 1869//3106 1867//3106
f 1843//3107 1867//3107 1840//3107
f 1840//3107 1867//3107 1866//3107
f 1840//3108 1866//3108 872//3108
f 872//3108 1866//3108 883//3108
f 1821//3109 2324//3109 1830//3109
f 1830//3110 2324//3110 2311//3110
f 1830//3111 2311//3111 1831//3111
f 1831//3111 2311//3111 2316//3111
f 1831//3112 2316//3112 1833//3112
f 1833//3113 2316//3113 2315//3113
f 1833//3114 2315//3114 1834//3114
f 1834//3115 2315//3115 2320//3115
f 1834//3116 2320//3116 847//3116
f 847//3116 2320//3116 848//3116
f 2085//3117 2279//3117 2342//3117
f 2281//3118 2280//3118 1876//3118
f 2284//3119 2282//3119 2343//3119
f 2342//3120 2279//3120 2343//3120
f 2343//3121 2279//3121 2283//3121
f 2343//3122 2283//3122 2284//3122
f 2282//3123 2281//3123 2343//3123
f 2343//3124 2281//3124 1876//3124
f 2343//3125 1876//3125 2344//3125
f 2344//3126 1876//3126 870//3126
f 2344//3127 870//3127 2345//3127
f 2345//3128 870//3128 876//3128
f 2342//3129 2346//3129 2276//3129
f 2342//3117 2276//3117 2085//3117
f 851//3130 2314//3130 849//3130
f 849//3130 2314//3130 1847//3130
f 1847//3131 2347//3131 2348//3131
f 855//3132 850//3132 2349//3132
f 2349//3133 850//3133 1847//3133
f 2349//3134 1847//3134 2350//3134
f 2350//3135 1847//3135 2348//3135
f 2287//3136 1847//3136 2314//3136
f 2310//3137 2329//3137 2351//3137
f 2351//3138 2329//3138 2330//3138
f 2314//3139 2310//3139 2287//3139
f 2287//3140 2310//3140 2351//3140
f 2287//3141 2351//3141 2332//3141
f 2332//3142 2351//3142 2330//3142
f 2332//3143 2330//3143 2331//3143
f 2287//3144 2288//3144 1847//3144
f 1847//3145 2288//3145 2289//3145
f 1847//3146 2289//3146 2347//3146
f 2289//3147 2286//3147 2347//3147
f 2347//3148 2286//3148 2285//3148
f 2347//3149 2285//3149 2352//3149
f 2352//3150 2285//3150 2290//3150
f 2290//3150 2291//3150 2352//3150
f 2352//3151 2291//3151 2353//3151
f 2352//3152 2353//3152 2354//3152
f 2355//3153 2339//3153 2340//3153
f 2356//3154 1846//3154 2357//3154
f 2357//3155 1846//3155 1820//3155
f 2357//3156 1820//3156 2358//3156
f 2358//3157 1820//3157 1822//3157
f 1837//3158 1839//3158 2359//3158
f 2359//3159 1839//3159 1844//3159
f 2359//3160 1844//3160 2356//3160
f 2356//3161 1844//3161 1845//3161
f 2356//3162 1845//3162 1846//3162
f 2359//3163 2336//3163 2335//3163
f 1826//3164 1837//3164 2360//3164
f 2360//3165 1837//3165 2359//3165
f 2360//3166 2359//3166 2361//3166
f 2361//3167 2359//3167 2335//3167
f 2361//3168 2335//3168 2334//3168
f 2336//3169 2359//3169 2337//3169
f 2337//3170 2359//3170 2356//3170
f 2337//3171 2356//3171 2338//3171
f 2338//3172 2356//3172 2341//3172
f 2341//3173 2356//3173 2357//3173
f 2341//3174 2357//3174 2340//3174
f 2340//3175 2357//3175 2358//3175
f 2340//3176 2358//3176 2355//3176
f 855//3177 2349//3177 856//3177
f 856//3178 2349//3178 2362//3178
f 856//3179 2362//3179 857//3179
f 857//3180 2362//3180 2363//3180
f 857//3181 2363//3181 852//3181
f 852//3182 2363//3182 2364//3182
f 852//3183 2364//3183 853//3183
f 853//3184 2364//3184 1832//3184
f 853//3185 1832//3185 854//3185
f 2349//3186 2350//3186 2362//3186
f 2362//3187 2350//3187 2365//3187
f 2362//3188 2365//3188 2363//3188
f 2363//3188 2365//3188 2366//3188
f 2363//3189 2366//3189 2364//3189
f 2364//3189 2366//3189 2367//3189
f 2364//3190 2367//3190 1832//3190
f 1832//3190 2367//3190 1822//3190
f 2358//3191 1822//3191 2367//3191
f 2368//3192 2369//3192 2358//3192
f 2370//3193 2366//3193 2371//3193
f 2371//3194 2366//3194 2365//3194
f 2371//3195 2365//3195 2348//3195
f 2348//3196 2365//3196 2350//3196
f 2358//3197 2369//3197 2355//3197
f 2355//3198 2369//3198 2372//3198
f 2355//3199 2372//3199 2339//3199
f 2348//3200 2347//3200 2371//3200
f 2371//3201 2347//3201 2373//3201
f 2371//3202 2373//3202 2370//3202
f 2370//3203 2373//3203 2374//3203
f 2370//3204 2374//3204 2375//3204
f 2358//3205 2367//3205 2368//3205
f 2368//3206 2367//3206 2366//3206
f 2368//3207 2366//3207 2369//3207
f 2369//3208 2366//3208 2370//3208
f 2369//3209 2370//3209 2372//3209
f 2372//3210 2370//3210 2375//3210
f 2372//3211 2375//3211 2339//3211
f 2347//3212 2352//3212 2373//3212
f 2373//3213 2352//3213 2376//3213
f 2373//3214 2376//3214 2374//3214
f 2374//3215 2376//3215 2377//3215
f 2374//3216 2377//3216 2375//3216
f 2375//3217 2377//3217 2378//3217
f 2375//3218 2378//3218 2339//3218
f 2339//3219 2378//3219 2307//3219
f 2300//3220 2307//3220 2379//3220
f 2379//3221 2307//3221 2378//3221
f 2379//3222 2378//3222 2380//3222
f 2380//3223 2378//3223 2381//3223
f 2381//3224 2378//3224 2377//3224
f 2381//3225 2377//3225 2382//3225
f 2382//3226 2377//3226 2376//3226
f 2382//3227 2376//3227 2383//3227
f 2383//3228 2376//3228 2352//3228
f 2383//3229 2352//3229 2354//3229
f 2383//3230 2354//3230 2292//3230
f 2292//3231 2354//3231 2353//3231
f 2292//3232 2353//3232 2291//3232
f 2292//3233 2384//3233 2383//3233
f 2383//3234 2384//3234 2385//3234
f 2383//3235 2385//3235 2382//3235
f 2382//3236 2385//3236 2381//3236
f 2381//3237 2385//3237 2386//3237
f 2381//3238 2386//3238 2380//3238
f 2380//3239 2386//3239 2379//3239
f 2379//3240 2386//3240 2301//3240
f 2379//3241 2301//3241 2300//3241
f 2233//3242 2301//3242 2387//3242
f 2387//3243 2301//3243 2386//3243
f 2387//3244 2386//3244 2388//3244
f 2388//3245 2386//3245 2385//3245
f 2388//3246 2385//3246 2389//3246
f 2389//3247 2385//3247 2384//3247
f 2389//3248 2384//3248 2294//3248
f 2294//3249 2384//3249 2292//3249
f 2198//3250 2233//3250 2390//3250
f 2390//3250 2233//3250 2387//3250
f 2390//3251 2387//3251 2391//3251
f 2391//3251 2387//3251 2388//3251
f 2391//3252 2388//3252 2392//3252
f 2392//3253 2388//3253 2389//3253
f 2392//3254 2389//3254 2293//3254
f 2293//3255 2389//3255 2294//3255
f 2218//3256 2198//3256 2393//3256
f 2393//3257 2198//3257 2390//3257
f 2393//3258 2390//3258 2394//3258
f 2394//3259 2390//3259 2391//3259
f 2293//3260 2182//3260 2392//3260
f 2392//3261 2182//3261 2395//3261
f 2392//3262 2395//3262 2391//3262
f 2391//3263 2395//3263 2396//3263
f 2391//3264 2396//3264 2394//3264
f 2396//3265 2395//3265 2397//3265
f 2398//3266 2399//3266 2400//3266
f 2401//3267 2222//3267 2402//3267
f 2402//3268 2222//3268 2221//3268
f 2403//3269 2207//3269 2404//3269
f 2404//3270 2207//3270 2205//3270
f 2404//3271 2205//3271 2401//3271
f 2401//3272 2205//3272 2203//3272
f 2401//3273 2203//3273 2222//3273
f 2405//3274 2227//3274 2403//3274
f 2403//3275 2227//3275 2226//3275
f 2403//3276 2226//3276 2207//3276
f 2406//3277 2232//3277 2407//3277
f 2407//3278 2232//3278 2231//3278
f 2407//3279 2231//3279 2405//3279
f 2405//3280 2231//3280 2229//3280
f 2405//3281 2229//3281 2227//3281
f 2225//3282 2408//3282 2237//3282
f 2237//3283 2408//3283 2409//3283
f 2398//3284 2244//3284 2246//3284
f 2398//3285 2246//3285 2399//3285
f 2399//3286 2246//3286 2247//3286
f 2399//3287 2247//3287 2410//3287
f 2410//3288 2247//3288 2240//3288
f 2410//3289 2240//3289 2409//3289
f 2409//3290 2240//3290 2238//3290
f 2409//3291 2238//3291 2237//3291
f 2411//3292 2412//3292 2413//3292
f 2033//3293 2412//3293 2195//3293
f 2195//3294 2412//3294 2411//3294
f 2195//3295 2411//3295 2194//3295
f 2194//3296 2411//3296 2414//3296
f 2194//3297 2414//3297 2193//3297
f 2188//3298 2189//3298 2415//3298
f 2415//3299 2189//3299 2190//3299
f 2415//3300 2190//3300 2416//3300
f 2416//3301 2190//3301 2191//3301
f 2416//3302 2191//3302 2414//3302
f 2414//3303 2191//3303 2192//3303
f 2414//3304 2192//3304 2193//3304
f 2417//3305 2186//3305 2415//3305
f 2415//3306 2186//3306 2187//3306
f 2415//3307 2187//3307 2188//3307
f 2418//3308 2166//3308 2417//3308
f 2417//3309 2166//3309 2185//3309
f 2417//3310 2185//3310 2186//3310
f 2419//3311 2174//3311 2420//3311
f 2420//3312 2174//3312 2170//3312
f 2420//3313 2170//3313 2418//3313
f 2418//3314 2170//3314 2168//3314
f 2418//3315 2168//3315 2166//3315
f 2421//3316 2178//3316 2419//3316
f 2419//3317 2178//3317 2176//3317
f 2419//3318 2176//3318 2174//3318
f 2183//3319 2184//3319 2422//3319
f 2422//3320 2184//3320 2181//3320
f 2422//3321 2181//3321 2423//3321
f 2423//3322 2181//3322 2180//3322
f 2423//3323 2180//3323 2421//3323
f 2421//3324 2180//3324 2179//3324
f 2421//3325 2179//3325 2178//3325
f 2424//3326 2394//3326 2396//3326
f 2393//3327 2394//3327 2425//3327
f 2425//3328 2394//3328 2424//3328
f 2425//3329 2424//3329 2426//3329
f 2426//3330 2424//3330 2427//3330
f 2218//3331 2393//3331 2219//3331
f 2219//3332 2393//3332 2425//3332
f 2219//3333 2425//3333 2221//3333
f 2221//3334 2425//3334 2426//3334
f 2221//3335 2426//3335 2402//3335
f 2402//3336 2426//3336 2427//3336
f 2402//3337 2427//3337 2401//3337
f 2401//3337 2427//3337 2428//3337
f 2401//3338 2428//3338 2404//3338
f 2404//3339 2428//3339 2429//3339
f 2404//3340 2429//3340 2403//3340
f 2403//3340 2429//3340 2430//3340
f 2403//3341 2430//3341 2405//3341
f 2405//3342 2430//3342 2431//3342
f 2405//3343 2431//3343 2407//3343
f 2407//3343 2431//3343 2432//3343
f 2407//3344 2432//3344 2406//3344
f 2406//3345 2432//3345 2433//3345
f 2400//3346 2399//3346 2434//3346
f 2434//3346 2399//3346 2410//3346
f 2434//3347 2410//3347 2435//3347
f 2435//3347 2410//3347 2409//3347
f 2435//3348 2409//3348 2433//3348
f 2433//3348 2409//3348 2408//3348
f 2433//3349 2408//3349 2406//3349
f 2406//3350 2408//3350 2225//3350
f 2406//3351 2225//3351 2232//3351
f 2182//3352 2183//3352 2395//3352
f 2395//3353 2183//3353 2422//3353
f 2395//3354 2422//3354 2397//3354
f 2397//3355 2422//3355 2423//3355
f 2397//3356 2423//3356 2436//3356
f 2436//3357 2423//3357 2421//3357
f 2436//3358 2421//3358 2437//3358
f 2437//3359 2421//3359 2419//3359
f 2437//3359 2419//3359 2438//3359
f 2438//3360 2419//3360 2420//3360
f 2438//3360 2420//3360 2439//3360
f 2439//3361 2420//3361 2418//3361
f 2439//3361 2418//3361 2440//3361
f 2440//3362 2418//3362 2417//3362
f 2440//3363 2417//3363 2441//3363
f 2441//3364 2417//3364 2415//3364
f 2441//3365 2415//3365 2442//3365
f 2442//3366 2415//3366 2416//3366
f 2442//3366 2416//3366 2443//3366
f 2443//3367 2416//3367 2414//3367
f 2443//3367 2414//3367 2444//3367
f 2444//3368 2414//3368 2411//3368
f 2444//3368 2411//3368 2445//3368
f 2445//3369 2411//3369 2413//3369
f 2445//3370 2413//3370 2446//3370
f 2396//3371 2397//3371 2424//3371
f 2424//3372 2397//3372 2436//3372
f 2424//3372 2436//3372 2427//3372
f 2427//3373 2436//3373 2437//3373
f 2427//3373 2437//3373 2428//3373
f 2428//3374 2437//3374 2438//3374
f 2428//3375 2438//3375 2429//3375
f 2429//3376 2438//3376 2439//3376
f 2429//3377 2439//3377 2430//3377
f 2430//3378 2439//3378 2440//3378
f 2430//3378 2440//3378 2431//3378
f 2431//3379 2440//3379 2441//3379
f 2431//3379 2441//3379 2432//3379
f 2432//3380 2441//3380 2442//3380
f 2432//3380 2442//3380 2433//3380
f 2433//3381 2442//3381 2443//3381
f 2433//3381 2443//3381 2435//3381
f 2435//3382 2443//3382 2444//3382
f 2435//3382 2444//3382 2434//3382
f 2434//3383 2444//3383 2445//3383
f 2434//3383 2445//3383 2400//3383
f 2400//3384 2445//3384 2446//3384
f 2400//3385 2446//3385 2398//3385
f 2413//3386 2447//3386 2446//3386
f 2446//3387 2447//3387 2448//3387
f 2446//3388 2448//3388 2398//3388
f 2398//3389 2448//3389 2449//3389
f 2398//3390 2449//3390 2244//3390
f 2244//3391 2449//3391 2217//3391
f 2412//3392 2033//3392 2032//3392
f 2032//3393 2450//3393 2412//3393
f 2412//3394 2450//3394 2451//3394
f 2412//3395 2451//3395 2413//3395
f 2413//3396 2451//3396 2452//3396
f 2413//3397 2452//3397 2447//3397
f 2248//3398 2453//3398 2032//3398
f 2032//3399 2453//3399 2450//3399
f 2448//3400 2447//3400 2454//3400
f 2454//3401 2447//3401 2452//3401
f 2454//3402 2452//3402 2453//3402
f 2453//3403 2452//3403 2451//3403
f 2453//3404 2451//3404 2450//3404
f 2217//3405 2449//3405 2215//3405
f 2215//3406 2449//3406 2448//3406
f 2215//3407 2448//3407 2455//3407
f 2455//3408 2448//3408 2454//3408
f 2295//3409 2215//3409 2456//3409
f 2456//3410 2215//3410 2455//3410
f 2456//3411 2455//3411 2457//3411
f 2457//3412 2455//3412 2458//3412
f 2458//3413 2455//3413 2454//3413
f 2458//3414 2454//3414 2459//3414
f 2459//3415 2454//3415 2453//3415
f 2459//3416 2453//3416 2460//3416
f 2460//3417 2453//3417 2248//3417
f 2460//3418 2248//3418 2250//3418
f 2461//3419 2309//3419 2298//3419
f 2462//3420 2277//3420 2278//3420
f 2249//3421 2277//3421 2250//3421
f 2250//3422 2277//3422 2462//3422
f 2250//3423 2462//3423 2460//3423
f 2460//3424 2462//3424 2463//3424
f 2295//3425 2456//3425 2296//3425
f 2296//3426 2456//3426 2457//3426
f 2296//3427 2457//3427 2464//3427
f 2464//3428 2457//3428 2458//3428
f 2464//3429 2458//3429 2463//3429
f 2463//3430 2458//3430 2459//3430
f 2463//3431 2459//3431 2460//3431
f 2278//3432 2465//3432 2462//3432
f 2462//3433 2465//3433 2466//3433
f 2462//3434 2466//3434 2463//3434
f 2463//3435 2466//3435 2461//3435
f 2463//3436 2461//3436 2464//3436
f 2464//3437 2461//3437 2298//3437
f 2464//3438 2298//3438 2296//3438
f 2467//3439 2333//3439 2309//3439
f 2309//3440 2461//3440 2467//3440
f 2467//3441 2461//3441 2466//3441
f 2467//3442 2466//3442 2468//3442
f 2468//3443 2466//3443 2469//3443
f 2469//3444 2466//3444 2465//3444
f 2469//3445 2465//3445 2470//3445
f 2278//3446 2276//3446 2346//3446
f 2278//3447 2346//3447 2465//3447
f 2465//3448 2346//3448 2470//3448
f 2471//3449 2334//3449 2333//3449
f 2333//3450 2467//3450 2471//3450
f 2471//3451 2467//3451 2468//3451
f 2471//3452 2468//3452 2472//3452
f 2472//3453 2468//3453 2469//3453
f 2472//3454 2469//3454 2473//3454
f 2473//3455 2469//3455 2470//3455
f 2473//3456 2470//3456 2342//3456
f 2342//3457 2470//3457 2346//3457
f 873//3458 2474//3458 2475//3458
f 882//3459 881//3459 2476//3459
f 2476//3460 881//3460 1826//3460
f 873//3461 2475//3461 874//3461
f 874//3462 2475//3462 2477//3462
f 874//3463 2477//3463 875//3463
f 875//3464 2477//3464 2345//3464
f 875//3465 2345//3465 876//3465
f 1826//3466 2478//3466 2476//3466
f 2476//3467 2478//3467 2474//3467
f 2476//3468 2474//3468 882//3468
f 882//3469 2474//3469 873//3469
f 2344//3470 2345//3470 2479//3470
f 2479//3471 2345//3471 2477//3471
f 2479//3472 2477//3472 2480//3472
f 2480//3472 2477//3472 2475//3472
f 2480//3473 2475//3473 2481//3473
f 2481//3473 2475//3473 2474//3473
f 2481//3474 2474//3474 2482//3474
f 2482//3475 2474//3475 2478//3475
f 2483//3476 2484//3476 2361//3476
f 2361//3477 2484//3477 2360//3477
f 2485//3478 2343//3478 2344//3478
f 2342//3479 2343//3479 2473//3479
f 2473//3480 2343//3480 2485//3480
f 2473//3481 2485//3481 2472//3481
f 2480//3482 2481//3482 2484//3482
f 2484//3483 2481//3483 2482//3483
f 2484//3484 2482//3484 2360//3484
f 2360//3485 2482//3485 2478//3485
f 2360//3486 2478//3486 1826//3486
f 2334//3487 2471//3487 2486//3487
f 2486//3488 2471//3488 2472//3488
f 2486//3489 2472//3489 2487//3489
f 2487//3490 2472//3490 2485//3490
f 2487//3491 2485//3491 2488//3491
f 2344//3492 2479//3492 2485//3492
f 2485//3493 2479//3493 2480//3493
f 2485//3494 2480//3494 2488//3494
f 2488//3495 2480//3495 2484//3495
f 2488//3496 2484//3496 2487//3496
f 2487//3497 2484//3497 2483//3497
f 2487//3498 2483//3498 2486//3498
f 2486//3499 2483//3499 2361//3499
f 2486//3500 2361//3500 2334//3500
f 2028//3501 2210//3501 2029//3501
f 2029//3502 2210//3502 2200//3502
f 2029//3503 2200//3503 2030//3503
f 2030//3504 2200//3504 2199//3504
f 2030//3505 2199//3505 2031//3505
f 2031//3506 2199//3506 2214//3506
f 2031//3507 2214//3507 2027//3507
f 2027//3508 2214//3508 2213//3508
f 2027//3509 2213//3509 2026//3509
f 2026//3509 2213//3509 2212//3509
f 2026//3510 2212//3510 2025//3510
f 2025//3510 2212//3510 2197//3510
f 2025//3511 2197//3511 2024//3511
f 2024//3511 2197//3511 2196//3511
f 2024//3512 2196//3512 2023//3512
f 2023//3513 2196//3513 2220//3513
f 2023//3514 2220//3514 2022//3514
f 2022//3514 2220//3514 2202//3514
f 2022//3515 2202//3515 2020//3515
f 2020//3515 2202//3515 2204//3515
f 2020//3516 2204//3516 2018//3516
f 2018//3516 2204//3516 2206//3516
f 2131//3517 1889//3517 1888//3517
f 2017//3517 2489//3517 1888//3517
f 1888//3517 2489//3517 2133//3517
f 1888//3517 2133//3517 2131//3517
f 1921//3518 2115//3518 1922//3518
f 1922//3518 2115//3518 2109//3518
f 1922//3518 2109//3518 2490//3518
f 2490//3518 2109//3518 2491//3518
f 2492//1 2493//1 2167//1
f 2167//2725 2493//2725 2494//2725
f 2167//2659 2494//2659 2165//2659
f 2019//1 2495//1 2171//1
f 2496//1 2497//1 2021//1
f 2495//1 2490//1 2491//1
f 2491//1 2167//1 2495//1
f 2495//1 2167//1 2169//1
f 2495//1 2169//1 2171//1
f 2491//1 2498//1 2167//1
f 2167//1 2498//1 2499//1
f 2167//1 2499//1 2500//1
f 2497//1 2501//1 2021//1
f 2021//1 2501//1 2489//1
f 2021//1 2489//1 2017//1
f 2500//1 2502//1 2167//1
f 2167//1 2502//1 2503//1
f 2167//1 2503//1 2504//1
f 2504//1 2505//1 2167//1
f 2167//1 2505//1 2506//1
f 2167//1 2506//1 2492//1
f 2172//1 2507//1 2177//1
f 2177//1 2507//1 2508//1
f 2177//1 2508//1 2509//1
f 2171//1 2173//1 2019//1
f 2019//1 2173//1 2175//1
f 2019//1 2175//1 2021//1
f 2021//1 2175//1 2177//1
f 2021//1 2177//1 2496//1
f 2509//1 2510//1 2177//1
f 2177//1 2510//1 2511//1
f 2177//1 2511//1 2512//1
f 2512//1 2513//1 2177//1
f 2177//1 2513//1 2514//1
f 2177//1 2514//1 2496//1
f 2115//3519 1921//3519 2135//3519
f 2135//3519 1921//3519 1920//3519
f 2135//3520 1920//3520 2136//3520
f 2136//3521 1920//3521 1919//3521
f 2136//3522 1919//3522 2121//3522
f 2121//3522 1919//3522 1938//3522
f 2121//3523 1938//3523 2120//3523
f 2120//3523 1938//3523 1937//3523
f 2120//3524 1937//3524 2119//3524
f 2119//3525 1937//3525 1928//3525
f 2119//3526 1928//3526 2122//3526
f 2122//3527 1928//3527 1927//3527
f 2122//3528 1927//3528 2123//3528
f 2123//3528 1927//3528 1926//3528
f 2123//3529 1926//3529 2124//3529
f 2124//3530 1926//3530 1925//3530
f 2124//3531 1925//3531 2125//3531
f 2125//3531 1925//3531 1924//3531
f 2125//3532 1924//3532 2126//3532
f 1924//3533 1923//3533 2126//3533
f 2126//3534 1923//3534 1894//3534
f 2126//3535 1894//3535 2016//3535
f 2491//3536 2109//3536 2498//3536
f 2498//3537 2109//3537 2108//3537
f 2498//3538 2108//3538 2499//3538
f 2499//3538 2108//3538 2137//3538
f 2499//3539 2137//3539 2500//3539
f 2500//3539 2137//3539 2129//3539
f 2500//3540 2129//3540 2502//3540
f 2502//3541 2129//3541 2155//3541
f 2502//3542 2155//3542 2503//3542
f 2503//3543 2155//3543 2149//3543
f 2503//3544 2149//3544 2504//3544
f 2504//3545 2149//3545 2148//3545
f 2504//3546 2148//3546 2505//3546
f 2505//3547 2148//3547 2147//3547
f 2505//3548 2147//3548 2506//3548
f 2506//3549 2147//3549 2154//3549
f 2506//3550 2154//3550 2492//3550
f 2492//3551 2154//3551 2128//3551
f 2492//3552 2128//3552 2493//3552
f 2493//3553 2128//3553 2127//3553
f 2493//3554 2127//3554 2494//3554
f 2127//3555 2110//3555 2494//3555
f 2494//3556 2110//3556 2116//3556
f 2494//3557 2116//3557 2165//3557
f 1889//3558 2131//3558 1929//3558
f 1929//3558 2131//3558 2153//3558
f 1929//3559 2153//3559 1930//3559
f 1930//3559 2153//3559 2152//3559
f 1930//3560 2152//3560 1931//3560
f 1931//3560 2152//3560 2141//3560
f 1931//3561 2141//3561 1932//3561
f 1932//3561 2141//3561 2142//3561
f 1932//3562 2142//3562 1933//3562
f 1933//3563 2142//3563 2143//3563
f 1933//3564 2143//3564 1934//3564
f 2143//3564 2151//3564 1934//3564
f 1934//3565 2151//3565 2150//3565
f 1934//3566 2150//3566 1935//3566
f 1935//3567 2150//3567 1936//3567
f 1936//3568 2150//3568 2140//3568
f 1936//3569 2140//3569 1893//3569
f 2140//3570 2139//3570 1893//3570
f 1893//3571 2139//3571 2003//3571
f 1893//3571 2003//3571 1892//3571
f 2133//3572 2489//3572 2157//3572
f 2157//3572 2489//3572 2501//3572
f 2157//3573 2501//3573 2158//3573
f 2158//3573 2501//3573 2497//3573
f 2158//3574 2497//3574 2159//3574
f 2159//3574 2497//3574 2496//3574
f 2159//3575 2496//3575 2160//3575
f 2160//3576 2496//3576 2514//3576
f 2160//3577 2514//3577 2161//3577
f 2161//3578 2514//3578 2513//3578
f 2161//3579 2513//3579 2162//3579
f 2162//3579 2513//3579 2512//3579
f 2162//3580 2512//3580 2163//3580
f 2163//3581 2512//3581 2511//3581
f 2163//3582 2511//3582 2164//3582
f 2164//3583 2511//3583 2510//3583
f 2164//3584 2510//3584 2156//3584
f 2156//3585 2510//3585 2509//3585
f 2156//3586 2509//3586 2144//3586
f 2144//3587 2509//3587 2508//3587
f 2144//3588 2508//3588 2145//3588
f 2508//3588 2507//3588 2145//3588
f 2145//3589 2507//3589 2172//3589
f 2145//3589 2172//3589 2146//3589
f 864//3590 1856//3590 862//3590
f 862//3590 1856//3590 2515//3590
f 863//3591 2516//3591 865//3591
f 865//3591 2516//3591 2318//3591
f 2517//1 2518//1 2519//1
f 2517//1 2519//1 2520//1
f 863//1 862//1 2516//1
f 2516//1 862//1 2515//1
f 2516//1 2515//1 2521//1
f 2521//1 2515//1 2522//1
f 2521//1 2522//1 2519//1
f 2519//1 2522//1 2523//1
f 2519//1 2523//1 2520//1
f 2258//3592 2327//3592 2259//3592
f 2259//3593 2327//3593 2524//3593
f 2318//3594 2516//3594 2321//3594
f 2321//3595 2516//3595 2521//3595
f 2321//3596 2521//3596 2322//3596
f 2322//3596 2521//3596 2519//3596
f 2322//3597 2519//3597 2323//3597
f 2519//3598 2518//3598 2323//3598
f 2323//3599 2518//3599 2525//3599
f 2323//3600 2525//3600 2328//3600
f 2328//3601 2525//3601 2327//3601
f 2327//3602 2525//3602 2526//3602
f 2327//3603 2526//3603 2524//3603
f 2527//3604 1859//3604 1858//3604
f 2515//3605 1856//3605 2522//3605
f 2522//3605 1856//3605 1854//3605
f 2522//3606 1854//3606 2523//3606
f 2523//3606 1854//3606 1852//3606
f 2523//3607 1852//3607 2520//3607
f 2527//3608 2528//3608 1859//3608
f 1859//3609 2528//3609 2529//3609
f 1859//3610 2529//3610 1860//3610
f 1860//3611 2529//3611 2520//3611
f 1860//3612 2520//3612 1851//3612
f 1851//3613 2520//3613 1852//3613
f 2256//3614 2530//3614 1873//3614
f 1873//3615 2530//3615 2531//3615
f 1873//3616 2531//3616 1858//3616
f 1858//3617 2531//3617 2532//3617
f 1858//3618 2532//3618 2527//3618
f 2530//3619 2256//3619 2260//3619
f 2530//3620 2260//3620 2531//3620
f 2260//3621 2533//3621 2531//3621
f 2531//3622 2533//3622 2534//3622
f 2531//3623 2534//3623 2532//3623
f 2532//3624 2534//3624 2535//3624
f 2532//3625 2535//3625 2527//3625
f 2527//3626 2535//3626 2528//3626
f 2520//3627 2529//3627 2536//3627
f 2520//3628 2536//3628 2517//3628
f 2517//3629 2536//3629 2525//3629
f 2517//3630 2525//3630 2518//3630
f 2529//3631 2528//3631 2536//3631
f 2536//3632 2528//3632 2535//3632
f 2536//3633 2535//3633 2525//3633
f 2525//3634 2535//3634 2534//3634
f 2525//3635 2534//3635 2526//3635
f 2526//3636 2534//3636 2533//3636
f 2526//3637 2533//3637 2524//3637
f 2524//3638 2533//3638 2260//3638
f 2524//3639 2260//3639 2259//3639
f 2537//3640 2538//3640 2038//3640
f 2539//3641 2540//3641 2038//3641
f 2038//3642 2541//3642 2542//3642
f 2040//3643 2038//3643 2542//3643
f 2543//3644 2541//3644 2038//3644
f 2540//3645 2543//3645 2038//3645
f 2538//3646 2539//3646 2038//3646
f 2038//3647 2544//3647 2545//3647
f 2546//3648 2544//3648 2038//3648
f 2545//3649 2537//3649 2038//3649
f 2547//3650 2546//3650 2038//3650
f 2038//3651 878//3651 877//3651
f 879//3652 878//3652 2038//3652
f 884//3653 879//3653 2038//3653
f 868//3654 2547//3654 877//3654
f 877//3655 2547//3655 2038//3655
f 2542//3656 1848//3656 2040//3656
f 2040//3657 1848//3657 1871//3657
f 2542//3658 2541//3658 1848//3658
f 1848//3659 2541//3659 2543//3659
f 1848//3660 2543//3660 1849//3660
f 1849//3661 2543//3661 2540//3661
f 1849//3662 2540//3662 1884//3662
f 1884//3663 2540//3663 2539//3663
f 1884//3664 2539//3664 2538//3664
f 2538//3665 2537//3665 1884//3665
f 1884//3666 2537//3666 2545//3666
f 1884//3667 2545//3667 1868//3667
f 868//3668 867//3668 2547//3668
f 2547//3668 867//3668 1880//3668
f 2547//3669 1880//3669 2546//3669
f 2546//3670 1880//3670 1868//3670
f 2546//3671 1868//3671 2544//3671
f 2544//3672 1868//3672 2545//3672
f 1825//3673 880//3673 869//3673
f 1883//3674 1836//3674 1881//3674
f 1881//3675 1836//3675 1835//3675
f 1881//3676 1835//3676 1861//3676
f 1861//3677 1835//3677 1829//3677
f 1861//3678 1829//3678 1862//3678
f 1862//3679 1829//3679 1828//3679
f 1862//3680 1828//3680 1879//3680
f 1879//3681 1828//3681 1827//3681
f 1879//3682 1827//3682 1865//3682
f 1865//3683 1827//3683 1825//3683
f 1865//3684 1825//3684 1864//3684
f 1864//3685 1825//3685 869//3685
f 1841//3686 858//3686 866//3686
f 2324//3687 1821//3687 2325//3687
f 2325//3675 1821//3675 1823//3675
f 2325//3688 1823//3688 2326//3688
f 2326//3689 1823//3689 1824//3689
f 2326//3678 1824//3678 2319//3678
f 2319//3679 1824//3679 1819//3679
f 2319//3680 1819//3680 2317//3680
f 2317//3681 1819//3681 1818//3681
f 2317//3682 1818//3682 2313//3682
f 2313//3683 1818//3683 1841//3683
f 2313//3684 1841//3684 2312//3684
f 2312//3690 1841//3690 866//3690
f 2//2369 1//2369 21//2369
f 21//2369 1//2369 15//2369
f 1100//3691 1099//3691 1054//3691
f 1067//3692 1050//3692 1052//3692
f 1054//3693 1099//3693 1052//3693
f 1052//3693 1099//3693 1098//3693
f 1052//3694 1098//3694 1067//3694
f 1054//3695 1816//3695 1100//3695
f 1100//3696 1816//3696 1023//3696
f 1100//3696 1023//3696 1103//3696
f 1031//3697 1817//3697 1032//3697
f 1032//3697 1817//3697 1045//3697
f 1047//3698 1046//3698 1048//3698
f 1048//3699 1046//3699 1053//3699
f 1048//3700 1053//3700 1051//3700
f 1045//1689 1817//1689 1046//1689
f 1046//3701 1817//3701 1055//3701
f 1046//3701 1055//3701 1053//3701
f 2548//2291 2549//2291 2550//2291
f 2551//3702 2552//3702 2553//3702
f 2553//3703 2552//3703 2554//3703
f 2554//3704 2552//3704 2555//3704
f 2555//3705 2552//3705 2556//3705
f 2555//3706 2556//3706 2557//3706
f 2556//3707 2558//3707 2557//3707
f 2557//3708 2558//3708 2559//3708
f 2557//3709 2559//3709 2560//3709
f 2560//3710 2559//3710 2561//3710
f 2560//3711 2561//3711 2562//3711
f 2562//3712 2561//3712 2563//3712
f 2562//3713 2563//3713 2564//3713
f 2563//3714 2565//3714 2564//3714
f 2564//2303 2565//2303 2566//2303
f 2564//3715 2566//3715 2567//3715
f 2567//3716 2566//3716 2568//3716
f 2567//3717 2568//3717 2569//3717
f 2569//3718 2568//3718 2570//3718
f 2549//3719 2548//3719 2571//3719
f 2571//3720 2548//3720 2572//3720
f 2571//3721 2572//3721 2573//3721
f 2573//3722 2572//3722 2574//3722
f 2573//3723 2574//3723 2570//3723
f 2570//3724 2574//3724 2575//3724
f 2570//3725 2575//3725 2569//3725
f 2576//2290 2577//2290 2549//2290
f 2549//2290 2577//2290 2550//2290
f 2578//2282 2579//2282 2580//2282
f 2580//2282 2579//2282 2581//2282
f 2580//2281 2581//2281 2582//2281
f 2582//2281 2581//2281 2583//2281
f 2582//2280 2583//2280 2584//2280
f 2584//2280 2583//2280 2585//2280
f 2584//2279 2585//2279 2586//2279
f 2586//2279 2585//2279 2587//2279
f 2586//2278 2587//2278 2588//2278
f 2588//2278 2587//2278 2589//2278
f 2588//2277 2589//2277 2590//2277
f 2590//2277 2589//2277 2591//2277
f 2590//2276 2591//2276 2592//2276
f 2592//2276 2591//2276 2593//2276
f 2592//2275 2593//2275 2594//2275
f 2594//2275 2593//2275 2595//2275
f 2594//2274 2595//2274 2596//2274
f 2596//2274 2595//2274 2597//2274
f 2596//2273 2597//2273 2598//2273
f 2597//2273 2599//2273 2598//2273
f 2598//2272 2599//2272 2600//2272
f 2598//2272 2600//2272 2601//2272
f 2602//2266 2603//2266 2604//2266
f 2604//2266 2603//2266 2605//2266
f 2604//2267 2605//2267 2606//2267
f 2606//2267 2605//2267 2607//2267
f 2606//2268 2607//2268 2608//2268
f 2608//2268 2607//2268 2609//2268
f 2608//2269 2609//2269 2610//2269
f 2610//2269 2609//2269 2611//2269
f 2610//2270 2611//2270 2612//2270
f 2612//2270 2611//2270 2613//2270
f 2612//2271 2613//2271 2600//2271
f 2600//2271 2613//2271 2601//2271
f 2614//2265 2603//2265 2615//2265
f 2615//2265 2603//2265 2602//2265
f 2616//2259 2617//2259 2618//2259
f 2618//2259 2617//2259 2619//2259
f 2618//2260 2619//2260 2620//2260
f 2620//2260 2619//2260 2621//2260
f 2620//2261 2621//2261 2622//2261
f 2622//2261 2621//2261 2623//2261
f 2622//2262 2623//2262 2624//2262
f 2624//2262 2623//2262 2625//2262
f 2624//2263 2625//2263 2626//2263
f 2626//2263 2625//2263 2627//2263
f 2626//2264 2627//2264 2615//2264
f 2615//2264 2627//2264 2614//2264
f 2628//2258 2629//2258 2616//2258
f 2616//2258 2629//2258 2617//2258
f 2630//2252 2631//2252 2632//2252
f 2632//2252 2631//2252 2633//2252
f 2632//2253 2633//2253 2634//2253
f 2634//2253 2633//2253 2635//2253
f 2634//2254 2635//2254 2636//2254
f 2636//2254 2635//2254 2637//2254
f 2636//2255 2637//2255 2638//2255
f 2638//2255 2637//2255 2639//2255
f 2638//2256 2639//2256 2640//2256
f 2640//2256 2639//2256 2641//2256
f 2640//2257 2641//2257 2628//2257
f 2628//2257 2641//2257 2629//2257
f 2582//2433 2584//2433 2642//2433
f 2642//2433 2584//2433 2586//2433
f 2642//2433 2586//2433 2643//2433
f 2594//2433 2596//2433 2629//2433
f 2629//2433 2596//2433 2598//2433
f 2629//2433 2598//2433 2601//2433
f 2644//2433 2578//2433 2642//2433
f 2642//2433 2578//2433 2580//2433
f 2642//2433 2580//2433 2582//2433
f 2629//2433 2603//2433 2614//2433
f 2586//2433 2645//2433 2646//2433
f 2647//2433 2648//2433 2649//2433
f 2650//2433 2651//2433 2652//2433
f 2652//2433 2651//2433 2578//2433
f 2652//2433 2578//2433 2647//2433
f 2647//2433 2578//2433 2644//2433
f 2647//2433 2644//2433 2648//2433
f 2650//2433 2653//2433 2651//2433
f 2651//2433 2653//2433 2654//2433
f 2651//2433 2654//2433 2655//2433
f 2656//2433 2657//2433 2586//2433
f 2586//2433 2657//2433 2658//2433
f 2586//2433 2658//2433 2645//2433
f 2601//2433 2613//2433 2629//2433
f 2629//2433 2613//2433 2611//2433
f 2629//2433 2611//2433 2609//2433
f 2621//2433 2619//2433 2617//2433
f 2637//2433 2635//2433 2590//2433
f 2590//2433 2659//2433 2588//2433
f 2588//2433 2659//2433 2660//2433
f 2588//2433 2660//2433 2586//2433
f 2586//2433 2660//2433 2661//2433
f 2586//2433 2661//2433 2656//2433
f 2609//2433 2607//2433 2629//2433
f 2629//2433 2607//2433 2605//2433
f 2629//2433 2605//2433 2603//2433
f 2649//2433 2662//2433 2647//2433
f 2647//2433 2662//2433 2663//2433
f 2647//2433 2663//2433 2664//2433
f 2594//2433 2629//2433 2592//2433
f 2592//2433 2629//2433 2641//2433
f 2592//2433 2641//2433 2590//2433
f 2590//2433 2641//2433 2639//2433
f 2590//2433 2639//2433 2637//2433
f 2635//2433 2633//2433 2590//2433
f 2590//2433 2633//2433 2631//2433
f 2590//2433 2631//2433 2659//2433
f 2614//2433 2627//2433 2629//2433
f 2629//2433 2627//2433 2625//2433
f 2629//2433 2625//2433 2617//2433
f 2617//2433 2625//2433 2623//2433
f 2617//2433 2623//2433 2621//2433
f 2646//2433 2665//2433 2586//2433
f 2586//2433 2665//2433 2666//2433
f 2586//2433 2666//2433 2667//2433
f 2667//2433 2668//2433 2586//2433
f 2586//2433 2668//2433 2669//2433
f 2586//2433 2669//2433 2643//2433
f 2579//2283 2578//2283 2670//2283
f 2670//2283 2578//2283 2651//2283
f 2670//2284 2651//2284 2671//2284
f 2671//2284 2651//2284 2655//2284
f 2671//2285 2655//2285 2672//2285
f 2672//2286 2655//2286 2654//2286
f 2672//2287 2654//2287 2673//2287
f 2673//2287 2654//2287 2653//2287
f 2673//2288 2653//2288 2674//2288
f 2674//2288 2653//2288 2650//2288
f 2674//2289 2650//2289 2675//2289
f 2675//2289 2650//2289 2652//2289
f 2676//3726 2677//3726 2678//3726
f 2679//3727 2680//3727 2681//3727
f 2577//3728 2682//3728 2683//3728
f 2683//3729 2682//3729 2684//3729
f 2683//3730 2684//3730 2685//3730
f 2685//3731 2684//3731 2686//3731
f 2685//3732 2686//3732 2687//3732
f 2687//3733 2686//3733 2688//3733
f 2688//3734 2686//3734 2689//3734
f 2688//3735 2689//3735 2690//3735
f 2690//3736 2689//3736 2691//3736
f 2690//3737 2691//3737 2692//3737
f 2676//3738 2693//3738 2677//3738
f 2677//3739 2693//3739 2694//3739
f 2677//3740 2694//3740 2695//3740
f 2680//3741 2696//3741 2681//3741
f 2681//3742 2696//3742 2697//3742
f 2681//3743 2697//3743 2698//3743
f 2698//3744 2697//3744 2699//3744
f 2698//3745 2699//3745 2700//3745
f 2700//3746 2699//3746 2678//3746
f 2678//3747 2677//3747 2700//3747
f 2700//3740 2677//3740 2695//3740
f 2700//3748 2695//3748 2698//3748
f 2698//3748 2695//3748 2701//3748
f 2698//3749 2701//3749 2681//3749
f 2681//3749 2701//3749 2702//3749
f 2681//3750 2702//3750 2679//3750
f 2693//3751 2691//3751 2694//3751
f 2694//3751 2691//3751 2689//3751
f 2694//3752 2689//3752 2695//3752
f 2695//3752 2689//3752 2686//3752
f 2695//3753 2686//3753 2701//3753
f 2701//3753 2686//3753 2684//3753
f 2701//3754 2684//3754 2702//3754
f 2702//3754 2684//3754 2682//3754
f 2702//3755 2682//3755 2679//3755
f 2679//3756 2682//3756 2577//3756
f 2550//3757 2577//3757 2703//3757
f 2703//3758 2577//3758 2683//3758
f 2703//3759 2683//3759 2685//3759
f 2688//3760 2704//3760 2687//3760
f 2687//3761 2704//3761 2705//3761
f 2687//3762 2705//3762 2685//3762
f 2685//3763 2705//3763 2706//3763
f 2685//3764 2706//3764 2703//3764
f 2688//3765 2690//3765 2704//3765
f 2704//3766 2690//3766 2692//3766
f 2704//3767 2692//3767 2707//3767
f 2708//3768 2709//3768 2710//3768
f 2550//3769 2703//3769 2548//3769
f 2548//3770 2703//3770 2711//3770
f 2548//3771 2711//3771 2572//3771
f 2572//3772 2711//3772 2574//3772
f 2574//3773 2711//3773 2575//3773
f 2575//3774 2711//3774 2712//3774
f 2575//3775 2712//3775 2569//3775
f 2713//3776 2562//3776 2714//3776
f 2714//3777 2562//3777 2564//3777
f 2714//3778 2564//3778 2712//3778
f 2712//3779 2564//3779 2567//3779
f 2712//3780 2567//3780 2569//3780
f 2554//3781 2555//3781 2715//3781
f 2715//3782 2555//3782 2557//3782
f 2715//3783 2557//3783 2713//3783
f 2713//3784 2557//3784 2560//3784
f 2713//3785 2560//3785 2562//3785
f 2716//3786 2717//3786 2718//3786
f 2719//3787 2720//3787 2721//3787
f 2721//3788 2720//3788 2717//3788
f 2722//3789 2723//3789 2724//3789
f 2724//3790 2723//3790 2725//3790
f 2726//3791 2727//3791 2728//3791
f 2728//3792 2727//3792 2729//3792
f 2710//3793 2709//3793 2730//3793
f 2730//3794 2709//3794 2731//3794
f 2730//3795 2731//3795 2732//3795
f 2732//3796 2731//3796 2733//3796
f 2732//3797 2733//3797 2726//3797
f 2726//3798 2733//3798 2734//3798
f 2726//3799 2734//3799 2727//3799
f 2735//3800 2705//3800 2704//3800
f 2723//3801 2719//3801 2725//3801
f 2725//3802 2719//3802 2721//3802
f 2725//3803 2721//3803 2736//3803
f 2736//3804 2721//3804 2737//3804
f 2707//3805 2708//3805 2704//3805
f 2704//3806 2708//3806 2710//3806
f 2704//3807 2710//3807 2735//3807
f 2735//3808 2710//3808 2730//3808
f 2735//3809 2730//3809 2738//3809
f 2738//3810 2730//3810 2732//3810
f 2738//3811 2732//3811 2739//3811
f 2739//3811 2732//3811 2726//3811
f 2739//3812 2726//3812 2737//3812
f 2737//3812 2726//3812 2728//3812
f 2737//3813 2728//3813 2736//3813
f 2736//3814 2728//3814 2729//3814
f 2736//3815 2729//3815 2725//3815
f 2725//3816 2729//3816 2740//3816
f 2725//3817 2740//3817 2724//3817
f 2553//3818 2554//3818 2718//3818
f 2718//3819 2554//3819 2715//3819
f 2718//3820 2715//3820 2716//3820
f 2716//3821 2715//3821 2713//3821
f 2716//3821 2713//3821 2741//3821
f 2741//3822 2713//3822 2714//3822
f 2741//3823 2714//3823 2742//3823
f 2742//3824 2714//3824 2712//3824
f 2742//3824 2712//3824 2743//3824
f 2743//3825 2712//3825 2711//3825
f 2743//3825 2711//3825 2744//3825
f 2744//3826 2711//3826 2703//3826
f 2744//3827 2703//3827 2706//3827
f 2717//3828 2716//3828 2721//3828
f 2721//3829 2716//3829 2741//3829
f 2721//3830 2741//3830 2737//3830
f 2737//3831 2741//3831 2742//3831
f 2737//3831 2742//3831 2739//3831
f 2739//3832 2742//3832 2743//3832
f 2739//3833 2743//3833 2738//3833
f 2738//3834 2743//3834 2744//3834
f 2738//3835 2744//3835 2735//3835
f 2735//3836 2744//3836 2706//3836
f 2735//3837 2706//3837 2705//3837
f 2576//2352 2745//2352 2577//2352
f 2577//3838 2745//3838 2746//3838
f 2577//2252 2746//2252 2679//2252
f 2679//2355 2746//2355 2747//2355
f 2679//2355 2747//2355 2680//2355
f 2748//3839 2749//3839 2750//3839
f 2751//3840 2752//3840 2753//3840
f 2748//3841 2754//3841 2755//3841
f 2748//3842 2750//3842 2756//3842
f 2756//3843 2750//3843 2757//3843
f 2756//3844 2757//3844 2758//3844
f 2759//3845 2760//3845 2757//3845
f 2757//3846 2760//3846 2761//3846
f 2757//3847 2761//3847 2758//3847
f 2748//3848 2755//3848 2749//3848
f 2749//3849 2755//3849 2762//3849
f 2749//3850 2762//3850 2750//3850
f 2750//3851 2762//3851 2763//3851
f 2750//3852 2763//3852 2757//3852
f 2757//3853 2763//3853 2764//3853
f 2757//3854 2764//3854 2759//3854
f 2765//3855 2766//3855 2764//3855
f 2764//3856 2766//3856 2767//3856
f 2764//3857 2767//3857 2759//3857
f 2768//3858 2769//3858 2770//3858
f 2755//3859 2751//3859 2762//3859
f 2762//3860 2751//3860 2753//3860
f 2762//3861 2753//3861 2763//3861
f 2763//3861 2753//3861 2771//3861
f 2763//3862 2771//3862 2764//3862
f 2764//3862 2771//3862 2768//3862
f 2764//3863 2768//3863 2765//3863
f 2765//3858 2768//3858 2770//3858
f 2680//3858 2769//3858 2696//3858
f 2696//3858 2769//3858 2768//3858
f 2696//3864 2768//3864 2697//3864
f 2697//3864 2768//3864 2771//3864
f 2697//3865 2771//3865 2699//3865
f 2699//3866 2771//3866 2753//3866
f 2699//3867 2753//3867 2678//3867
f 2678//3868 2753//3868 2752//3868
f 2678//3868 2752//3868 2676//3868
f 2748//3869 2772//3869 2754//3869
f 2754//3870 2772//3870 2773//3870
f 2754//3871 2773//3871 2774//3871
f 2748//3872 2756//3872 2772//3872
f 2772//3873 2756//3873 2758//3873
f 2772//3874 2758//3874 2775//3874
f 2775//3875 2758//3875 2776//3875
f 2776//3876 2758//3876 2761//3876
f 2776//3877 2761//3877 2760//3877
f 2551//2422 2553//2422 2777//2422
f 2777//2422 2553//2422 2778//2422
f 2630//2433 2632//2433 2779//2433
f 2779//2433 2632//2433 2634//2433
f 2779//2433 2634//2433 2636//2433
f 2636//2433 2638//2433 2779//2433
f 2779//2433 2638//2433 2640//2433
f 2779//2433 2640//2433 2780//2433
f 2780//2433 2640//2433 2628//2433
f 2780//2433 2628//2433 2781//2433
f 2781//2433 2628//2433 2616//2433
f 2781//2433 2616//2433 2782//2433
f 2782//2433 2616//2433 2783//2433
f 2783//2433 2616//2433 2784//2433
f 2784//2433 2616//2433 2618//2433
f 2784//2433 2618//2433 2777//2433
f 2777//2433 2618//2433 2620//2433
f 2777//2433 2620//2433 2551//2433
f 2551//2433 2620//2433 2622//2433
f 2551//2433 2622//2433 2552//2433
f 2566//2433 2565//2433 2624//2433
f 2624//2433 2565//2433 2563//2433
f 2624//2433 2563//2433 2561//2433
f 2779//2433 2785//2433 2786//2433
f 2787//2433 2788//2433 2779//2433
f 2779//2433 2788//2433 2789//2433
f 2561//2433 2559//2433 2624//2433
f 2624//2433 2559//2433 2558//2433
f 2624//2433 2558//2433 2622//2433
f 2622//2433 2558//2433 2556//2433
f 2622//2433 2556//2433 2552//2433
f 2573//2433 2570//2433 2624//2433
f 2624//2433 2570//2433 2568//2433
f 2624//2433 2568//2433 2566//2433
f 2789//2433 2790//2433 2779//2433
f 2779//2433 2790//2433 2791//2433
f 2779//2433 2791//2433 2630//2433
f 2626//2433 2549//2433 2624//2433
f 2624//2433 2549//2433 2571//2433
f 2624//2433 2571//2433 2573//2433
f 2792//2433 2793//2433 2794//2433
f 2794//2433 2793//2433 2795//2433
f 2786//2433 2796//2433 2779//2433
f 2779//2433 2796//2433 2797//2433
f 2779//2433 2797//2433 2787//2433
f 2670//2433 2671//2433 2747//2433
f 2747//2433 2671//2433 2672//2433
f 2747//2433 2672//2433 2798//2433
f 2798//2433 2672//2433 2673//2433
f 2673//2433 2674//2433 2798//2433
f 2798//2433 2674//2433 2675//2433
f 2798//2433 2675//2433 2799//2433
f 2799//2433 2675//2433 2794//2433
f 2799//2433 2794//2433 2800//2433
f 2800//2433 2794//2433 2795//2433
f 2626//2433 2615//2433 2549//2433
f 2549//2433 2615//2433 2602//2433
f 2549//2433 2602//2433 2576//2433
f 2602//2433 2604//2433 2576//2433
f 2576//2433 2604//2433 2606//2433
f 2576//2433 2606//2433 2745//2433
f 2745//2433 2606//2433 2608//2433
f 2745//2433 2608//2433 2746//2433
f 2746//2433 2608//2433 2610//2433
f 2746//2433 2610//2433 2747//2433
f 2747//2433 2610//2433 2612//2433
f 2747//2433 2612//2433 2600//2433
f 2583//2433 2581//2433 2747//2433
f 2747//2433 2581//2433 2579//2433
f 2747//2433 2579//2433 2670//2433
f 2600//2433 2599//2433 2747//2433
f 2747//2433 2599//2433 2597//2433
f 2747//2433 2597//2433 2595//2433
f 2589//2433 2587//2433 2747//2433
f 2747//2433 2587//2433 2585//2433
f 2747//2433 2585//2433 2583//2433
f 2595//2433 2593//2433 2747//2433
f 2747//2433 2593//2433 2591//2433
f 2747//2433 2591//2433 2589//2433
f 2779//2369 2801//2369 2785//2369
f 2785//2369 2801//2369 2802//2369
f 2631//2251 2630//2251 2659//2251
f 2659//2251 2630//2251 2791//2251
f 2659//2250 2791//2250 2660//2250
f 2660//2250 2791//2250 2790//2250
f 2660//2249 2790//2249 2661//2249
f 2661//2249 2790//2249 2789//2249
f 2661//2248 2789//2248 2656//2248
f 2656//2248 2789//2248 2788//2248
f 2656//2247 2788//2247 2657//2247
f 2657//2247 2788//2247 2787//2247
f 2657//2246 2787//2246 2658//2246
f 2658//2246 2787//2246 2797//2246
f 2658//2245 2797//2245 2645//2245
f 2645//2245 2797//2245 2796//2245
f 2645//3878 2796//3878 2646//3878
f 2786//3879 2785//3879 2802//3879
f 2803//3880 2665//3880 2802//3880
f 2802//3881 2665//3881 2646//3881
f 2802//3879 2646//3879 2786//3879
f 2786//2244 2646//2244 2796//2244
f 2666//2393 2665//2393 2803//2393
f 2804//2398 2642//2398 2805//2398
f 2805//2398 2642//2398 2643//2398
f 2805//2397 2643//2397 2806//2397
f 2806//2397 2643//2397 2669//2397
f 2806//2396 2669//2396 2807//2396
f 2807//2396 2669//2396 2668//2396
f 2807//2395 2668//2395 2808//2395
f 2808//2395 2668//2395 2667//2395
f 2808//2394 2667//2394 2809//2394
f 2809//2394 2667//2394 2666//2394
f 2809//3882 2666//3882 2810//3882
f 2810//3883 2666//3883 2803//3883
f 2804//2390 2811//2390 2642//2390
f 2642//2390 2811//2390 2644//2390
f 2812//2384 2647//2384 2813//2384
f 2813//2384 2647//2384 2664//2384
f 2813//2385 2664//2385 2814//2385
f 2814//2385 2664//2385 2663//2385
f 2814//2386 2663//2386 2815//2386
f 2815//2386 2663//2386 2662//2386
f 2815//2387 2662//2387 2816//2387
f 2816//2387 2662//2387 2649//2387
f 2816//2388 2649//2388 2817//2388
f 2817//2388 2649//2388 2648//2388
f 2817//2389 2648//2389 2811//2389
f 2811//2389 2648//2389 2644//2389
f 2818//2383 2794//2383 2812//2383
f 2812//2383 2794//2383 2675//2383
f 2812//2383 2675//2383 2647//2383
f 2647//2383 2675//2383 2652//2383
f 2818//2369 2819//2369 2794//2369
f 2794//2369 2819//2369 2792//2369
f 2820//3884 2821//3884 2822//3884
f 2822//3884 2821//3884 2823//3884
f 2822//3885 2823//3885 2824//3885
f 2824//3885 2823//3885 2825//3885
f 2824//3886 2825//3886 2826//3886
f 2826//3886 2825//3886 2827//3886
f 2826//3887 2827//3887 2828//3887
f 2828//3888 2827//3888 2829//3888
f 2828//3889 2829//3889 2830//3889
f 2830//3889 2829//3889 2831//3889
f 2830//3890 2831//3890 2832//3890
f 2832//3890 2831//3890 2833//3890
f 2834//3891 2832//3891 2835//3891
f 2835//3891 2832//3891 2833//3891
f 2773//2390 2836//2390 2774//2390
f 2774//2390 2836//2390 2837//2390
f 2838//1 2839//1 2840//1
f 2841//1 2842//1 2840//1
f 2840//1 2842//1 2843//1
f 2840//1 2843//1 2838//1
f 2841//1 2844//1 2842//1
f 2842//1 2844//1 2845//1
f 2842//1 2845//1 2846//1
f 2752//1 2751//1 2837//1
f 2837//1 2751//1 2755//1
f 2837//1 2755//1 2774//1
f 2774//1 2755//1 2754//1
f 2724//1 2740//1 2837//1
f 2845//1 2847//1 2846//1
f 2846//1 2847//1 2848//1
f 2846//1 2848//1 2849//1
f 2849//1 2850//1 2846//1
f 2846//1 2850//1 2851//1
f 2846//1 2851//1 2837//1
f 2837//1 2851//1 2722//1
f 2837//1 2722//1 2724//1
f 2740//1 2729//1 2837//1
f 2837//1 2729//1 2727//1
f 2837//1 2727//1 2734//1
f 2837//1 2692//1 2691//1
f 2709//1 2708//1 2837//1
f 2837//1 2708//1 2707//1
f 2837//1 2707//1 2692//1
f 2691//1 2693//1 2837//1
f 2837//1 2693//1 2676//1
f 2837//1 2676//1 2752//1
f 2734//1 2733//1 2837//1
f 2837//1 2733//1 2731//1
f 2837//1 2731//1 2709//1
f 2852//3892 2778//3892 2553//3892
f 2719//3893 2853//3893 2720//3893
f 2720//3894 2853//3894 2854//3894
f 2720//3895 2854//3895 2717//3895
f 2717//3896 2854//3896 2852//3896
f 2717//3897 2852//3897 2718//3897
f 2718//3898 2852//3898 2553//3898
f 2719//3899 2723//3899 2853//3899
f 2853//3900 2723//3900 2722//3900
f 2853//3901 2722//3901 2851//3901
f 2855//3902 2856//3902 2857//3902
f 2857//3902 2856//3902 2858//3902
f 2857//3903 2858//3903 2859//3903
f 2859//3904 2858//3904 2860//3904
f 2859//3905 2860//3905 2861//3905
f 2861//3906 2860//3906 2862//3906
f 2861//3907 2862//3907 2863//3907
f 2863//3907 2862//3907 2864//3907
f 2863//3908 2864//3908 2865//3908
f 2836//3909 2773//3909 2866//3909
f 2866//3910 2773//3910 2865//3910
f 2866//3911 2865//3911 2867//3911
f 2867//3912 2865//3912 2864//3912
f 2834//2665 2835//2665 2868//2665
f 2868//2665 2835//2665 2869//2665
f 2868//2664 2869//2664 2870//2664
f 2870//2664 2869//2664 2871//2664
f 2870//2663 2871//2663 2872//2663
f 2872//2663 2871//2663 2873//2663
f 2872//3913 2873//3913 2874//3913
f 2874//3913 2873//3913 2875//3913
f 2874//3914 2875//3914 1105//3914
f 1105//3914 2875//3914 1106//3914
f 2876//2433 2820//2433 2822//2433
f 2874//2433 1105//2433 1104//2433
f 2877//2433 2878//2433 1104//2433
f 1104//2433 2878//2433 2876//2433
f 1109//2433 2879//2433 1104//2433
f 1104//2433 2879//2433 2880//2433
f 1104//2433 2880//2433 2881//2433
f 2881//2433 2882//2433 1104//2433
f 1104//2433 2882//2433 2883//2433
f 1104//2433 2883//2433 2877//2433
f 2822//2433 2824//2433 2876//2433
f 2876//2433 2824//2433 2826//2433
f 2876//2433 2826//2433 2828//2433
f 2868//2433 2870//2433 1104//2433
f 1104//2433 2870//2433 2872//2433
f 1104//2433 2872//2433 2874//2433
f 2828//2433 2830//2433 2876//2433
f 2876//2433 2830//2433 2832//2433
f 2876//2433 2832//2433 1104//2433
f 1104//2433 2832//2433 2834//2433
f 1104//2433 2834//2433 2868//2433
f 2818//2433 2835//2433 2833//2433
f 2814//2433 2818//2433 2813//2433
f 2813//2433 2818//2433 2812//2433
f 2833//2433 2831//2433 2818//2433
f 2818//2433 2831//2433 2829//2433
f 2818//2433 2829//2433 2819//2433
f 2819//2433 2829//2433 2827//2433
f 2819//2433 2827//2433 2825//2433
f 1102//2433 1106//2433 2875//2433
f 2835//2433 2811//2433 2869//2433
f 2869//2433 2811//2433 2804//2433
f 2869//2433 2804//2433 2871//2433
f 2814//2433 2815//2433 2818//2433
f 2818//2433 2815//2433 2816//2433
f 2818//2433 2816//2433 2835//2433
f 2835//2433 2816//2433 2817//2433
f 2835//2433 2817//2433 2811//2433
f 2805//2433 1101//2433 2804//2433
f 2804//2433 1101//2433 1102//2433
f 1102//2433 2875//2433 2804//2433
f 2804//2433 2875//2433 2873//2433
f 2804//2433 2873//2433 2871//2433
f 2884//2433 2885//2433 2819//2433
f 2802//2433 2801//2433 2803//2433
f 2803//2433 2801//2433 2810//2433
f 2805//2433 2806//2433 1101//2433
f 1101//2433 2806//2433 2807//2433
f 1101//2433 2807//2433 1068//2433
f 1068//2433 2807//2433 2808//2433
f 1068//2433 2808//2433 1066//2433
f 1066//2433 2808//2433 2809//2433
f 1066//2433 2809//2433 1049//2433
f 1049//2433 2809//2433 2810//2433
f 1049//2433 2810//2433 1033//2433
f 1033//2433 2810//2433 2801//2433
f 2825//2433 2823//2433 2819//2433
f 2819//2433 2823//2433 2821//2433
f 2819//2433 2821//2433 2886//2433
f 2885//3915 2887//3915 2819//3915
f 2819//2433 2887//2433 2888//2433
f 2819//2433 2888//2433 2889//2433
f 2886//2433 2890//2433 2819//2433
f 2819//2433 2890//2433 2891//2433
f 2819//2727 2891//2727 2884//2727
f 2889//2433 1110//2433 2819//2433
f 2819//2433 1110//2433 1111//2433
f 2819//2433 1111//2433 2892//2433
f 2892//2433 1111//2433 1112//2433
f 2892//2433 1112//2433 2893//2433
f 2893//2433 1112//2433 1069//2433
f 2893//2433 1069//2433 1071//2433
f 2821//3916 2820//3916 2886//3916
f 2886//3916 2820//3916 2876//3916
f 2886//3917 2876//3917 2890//3917
f 2890//3917 2876//3917 2878//3917
f 2890//3918 2878//3918 2891//3918
f 2891//3918 2878//3918 2877//3918
f 2891//3919 2877//3919 2884//3919
f 2884//3919 2877//3919 2883//3919
f 2884//3920 2883//3920 2885//3920
f 2885//3920 2883//3920 2882//3920
f 2885//3921 2882//3921 2887//3921
f 2887//3922 2882//3922 2881//3922
f 2887//3923 2881//3923 2888//3923
f 2888//3923 2881//3923 2880//3923
f 2888//3924 2880//3924 2889//3924
f 2880//3924 2879//3924 2889//3924
f 2889//3925 2879//3925 1109//3925
f 2889//3925 1109//3925 1110//3925
f 1035//3926 1034//3926 2894//3926
f 2839//3927 2895//3927 2896//3927
f 2839//3928 2896//3928 2840//3928
f 2840//3929 2896//3929 2897//3929
f 2840//3930 2897//3930 2841//3930
f 2841//3931 2897//3931 2844//3931
f 2844//3932 2897//3932 2898//3932
f 2844//3933 2898//3933 2845//3933
f 2845//3934 2898//3934 2899//3934
f 2845//3935 2899//3935 2847//3935
f 2847//3936 2899//3936 2848//3936
f 2848//3937 2899//3937 2900//3937
f 2848//3938 2900//3938 2849//3938
f 2849//3939 2900//3939 2901//3939
f 2849//3940 2901//3940 2850//3940
f 2850//3941 2901//3941 2853//3941
f 2850//3942 2853//3942 2851//3942
f 2902//3943 1036//3943 2903//3943
f 2903//3944 1036//3944 1035//3944
f 2895//3945 2904//3945 2905//3945
f 2905//3946 2904//3946 2906//3946
f 2905//3947 2906//3947 2902//3947
f 1035//3948 2894//3948 2903//3948
f 2903//3949 2894//3949 2907//3949
f 2903//3950 2907//3950 2908//3950
f 2908//3951 2907//3951 2909//3951
f 2908//3952 2909//3952 2910//3952
f 2910//3953 2909//3953 2911//3953
f 2910//3954 2911//3954 2912//3954
f 2912//3955 2911//3955 2913//3955
f 2912//3956 2913//3956 2914//3956
f 2914//3957 2913//3957 2915//3957
f 2914//3958 2915//3958 2916//3958
f 2916//3959 2915//3959 2778//3959
f 2916//3960 2778//3960 2852//3960
f 2902//3961 2903//3961 2905//3961
f 2905//3962 2903//3962 2908//3962
f 2905//3963 2908//3963 2917//3963
f 2917//3964 2908//3964 2910//3964
f 2917//3965 2910//3965 2918//3965
f 2918//3966 2910//3966 2912//3966
f 2918//3967 2912//3967 2919//3967
f 2919//3968 2912//3968 2914//3968
f 2919//3969 2914//3969 2920//3969
f 2920//3970 2914//3970 2916//3970
f 2920//3971 2916//3971 2921//3971
f 2921//3972 2916//3972 2852//3972
f 2921//3973 2852//3973 2854//3973
f 2895//3974 2905//3974 2896//3974
f 2896//3975 2905//3975 2917//3975
f 2896//3976 2917//3976 2897//3976
f 2897//3977 2917//3977 2918//3977
f 2897//3978 2918//3978 2898//3978
f 2898//3979 2918//3979 2919//3979
f 2898//3979 2919//3979 2899//3979
f 2899//3980 2919//3980 2920//3980
f 2899//3981 2920//3981 2900//3981
f 2900//3982 2920//3982 2921//3982
f 2900//3983 2921//3983 2901//3983
f 2901//3984 2921//3984 2854//3984
f 2901//3985 2854//3985 2853//3985
f 2922//3986 2923//3986 2924//3986
f 2925//3987 2926//3987 2927//3987
f 2928//3988 2929//3988 2930//3988
f 2930//3989 2929//3989 2931//3989
f 2932//3990 2933//3990 2926//3990
f 2926//3991 2933//3991 2934//3991
f 2926//3992 2934//3992 2927//3992
f 2927//3993 2934//3993 2935//3993
f 2927//3994 2935//3994 2929//3994
f 2929//3995 2935//3995 2936//3995
f 2929//3996 2936//3996 2931//3996
f 2937//3997 2864//3997 2862//3997
f 2938//3998 2866//3998 2867//3998
f 2939//3999 2940//3999 2941//3999
f 2941//4000 2940//4000 2942//4000
f 2941//4001 2942//4001 2938//4001
f 2938//4002 2942//4002 2943//4002
f 2938//4003 2943//4003 2866//4003
f 2866//4004 2943//4004 2836//4004
f 2939//4005 2941//4005 2944//4005
f 2944//4006 2941//4006 2945//4006
f 2944//4007 2945//4007 2946//4007
f 2946//4008 2945//4008 2947//4008
f 2946//4009 2947//4009 2948//4009
f 2948//4010 2947//4010 2949//4010
f 2949//4011 2947//4011 2950//4011
f 2949//4012 2950//4012 2951//4012
f 2952//4013 2953//4013 1040//4013
f 2928//4014 2953//4014 2929//4014
f 2929//4015 2953//4015 2952//4015
f 2929//4016 2952//4016 2927//4016
f 2927//4017 2952//4017 2954//4017
f 2927//4018 2954//4018 2925//4018
f 2922//4019 2924//4019 2955//4019
f 2956//4020 2932//4020 2957//4020
f 2957//4021 2932//4021 2926//4021
f 2957//4022 2926//4022 2924//4022
f 2924//4022 2926//4022 2925//4022
f 2924//4023 2925//4023 2955//4023
f 2955//4024 2925//4024 2954//4024
f 2864//4025 2937//4025 2958//4025
f 2958//4026 2937//4026 2959//4026
f 2958//4027 2959//4027 2960//4027
f 2960//4028 2959//4028 2961//4028
f 2960//4028 2961//4028 2962//4028
f 2962//4029 2961//4029 2963//4029
f 2962//4030 2963//4030 2964//4030
f 2964//4031 2963//4031 2965//4031
f 2964//4032 2965//4032 2966//4032
f 2966//4033 2965//4033 1039//4033
f 2966//4034 1039//4034 1038//4034
f 1037//4035 2951//4035 1038//4035
f 1038//4036 2951//4036 2950//4036
f 1038//4037 2950//4037 2966//4037
f 2966//4038 2950//4038 2947//4038
f 2966//4039 2947//4039 2964//4039
f 2964//4040 2947//4040 2945//4040
f 2964//4041 2945//4041 2962//4041
f 2962//4042 2945//4042 2941//4042
f 2962//4043 2941//4043 2960//4043
f 2960//4044 2941//4044 2938//4044
f 2960//4044 2938//4044 2958//4044
f 2958//4045 2938//4045 2867//4045
f 2958//4046 2867//4046 2864//4046
f 2856//4047 2956//4047 2858//4047
f 2858//4048 2956//4048 2957//4048
f 2858//4049 2957//4049 2860//4049
f 2860//4050 2957//4050 2924//4050
f 2860//4051 2924//4051 2862//4051
f 2862//4052 2924//4052 2923//4052
f 2862//4053 2923//4053 2937//4053
f 2937//4054 2923//4054 2922//4054
f 2937//4055 2922//4055 2959//4055
f 2959//4056 2922//4056 2955//4056
f 2959//4057 2955//4057 2961//4057
f 2961//4058 2955//4058 2954//4058
f 2961//4059 2954//4059 2963//4059
f 2963//4060 2954//4060 2952//4060
f 2963//4061 2952//4061 2965//4061
f 2965//4062 2952//4062 1040//4062
f 2965//4063 1040//4063 1039//4063
f 1040//4064 2953//4064 1041//4064
f 1041//4065 2953//4065 2928//4065
f 1041//4066 2928//4066 1042//4066
f 1042//4067 2928//4067 2930//4067
f 1042//4068 2930//4068 1043//4068
f 2837//2612 2836//2612 2846//2612
f 2846//4069 2836//4069 2943//4069
f 2846//4070 2943//4070 2842//4070
f 2842//4071 2943//4071 2942//4071
f 2842//4072 2942//4072 2843//4072
f 2942//4073 2940//4073 2843//4073
f 2843//4074 2940//4074 2939//4074
f 2843//4075 2939//4075 2838//4075
f 2838//4076 2939//4076 2944//4076
f 2838//4077 2944//4077 2839//4077
f 2839//4078 2944//4078 2946//4078
f 2839//4079 2946//4079 2895//4079
f 2895//4080 2946//4080 2948//4080
f 2895//4081 2948//4081 2904//4081
f 2904//4082 2948//4082 2949//4082
f 2904//4083 2949//4083 2906//4083
f 2906//4084 2949//4084 2951//4084
f 2906//4085 2951//4085 2902//4085
f 2902//4086 2951//4086 1037//4086
f 2902//4087 1037//4087 1036//4087
f 2967//4088 2968//4088 2969//4088
f 2970//4089 2971//4089 2972//4089
f 2973//4090 2974//4090 2975//4090
f 1077//4091 1076//4091 2970//4091
f 2970//4092 2972//4092 1077//4092
f 1077//4093 2972//4093 2976//4093
f 1077//4094 2976//4094 1078//4094
f 1078//4095 2976//4095 2969//4095
f 1078//4096 2969//4096 1079//4096
f 1079//4097 2969//4097 1080//4097
f 1080//4098 2969//4098 2968//4098
f 1080//4099 2968//4099 1081//4099
f 2776//4100 2967//4100 2977//4100
f 2977//4101 2967//4101 2969//4101
f 2977//4102 2969//4102 2978//4102
f 2978//4103 2969//4103 2976//4103
f 2978//4104 2976//4104 2975//4104
f 2975//4105 2976//4105 2972//4105
f 2975//4106 2972//4106 2973//4106
f 2973//4107 2972//4107 2971//4107
f 1076//1 1073//1 2970//1
f 2970//1 1073//1 2971//1
f 2979//1 2974//1 1073//1
f 1073//1 2974//1 2973//1
f 1073//1 2973//1 2971//1
f 1044//1 2855//1 1026//1
f 1026//1 2855//1 1027//1
f 1044//1 1043//1 2855//1
f 2855//1 1043//1 2930//1
f 2855//1 2930//1 2856//1
f 2856//1 2930//1 2931//1
f 2856//1 2931//1 2956//1
f 1027//1 2855//1 1073//1
f 1073//1 2855//1 2980//1
f 1073//1 2980//1 2979//1
f 2956//1 2931//1 2932//1
f 2932//1 2931//1 2936//1
f 2932//1 2936//1 2933//1
f 2933//1 2936//1 2935//1
f 2933//1 2935//1 2934//1
f 2801//4108 2779//4108 2780//4108
f 1034//4109 1033//4109 2801//4109
f 1034//4110 2801//4110 2894//4110
f 2894//4111 2801//4111 2780//4111
f 2894//4112 2780//4112 2907//4112
f 2907//4113 2780//4113 2781//4113
f 2907//4114 2781//4114 2909//4114
f 2909//4115 2781//4115 2782//4115
f 2909//4116 2782//4116 2911//4116
f 2911//4117 2782//4117 2783//4117
f 2911//4118 2783//4118 2913//4118
f 2913//4119 2783//4119 2784//4119
f 2913//4120 2784//4120 2915//4120
f 2915//4121 2784//4121 2777//4121
f 2915//2639 2777//2639 2778//2639
f 2680//2700 2747//2700 2798//2700
f 2793//4122 2792//4122 2759//4122
f 2759//4123 2792//4123 2819//4123
f 2759//4124 2819//4124 2760//4124
f 2760//4125 2819//4125 2892//4125
f 2680//2700 2798//2700 2769//2700
f 2769//2700 2798//2700 2799//2700
f 2769//2700 2799//2700 2770//2700
f 2770//2700 2799//2700 2800//2700
f 2770//2700 2800//2700 2765//2700
f 2765//2700 2800//2700 2795//2700
f 2765//2700 2795//2700 2766//2700
f 2793//4126 2759//4126 2795//4126
f 2795//4127 2759//4127 2767//4127
f 2795//4128 2767//4128 2766//4128
f 2893//4129 1071//4129 1081//4129
f 1081//4130 2968//4130 2893//4130
f 2893//4131 2968//4131 2967//4131
f 2893//4132 2967//4132 2892//4132
f 2892//4133 2967//4133 2776//4133
f 2892//4134 2776//4134 2760//4134
f 835//2433 2981//2433 836//2433
f 836//2433 2981//2433 2982//2433
f 836//2433 2982//2433 837//2433
f 2983//2433 817//2433 2984//2433
f 2984//2433 817//2433 816//2433
f 2984//2433 816//2433 2982//2433
f 2982//2433 816//2433 838//2433
f 2982//2433 838//2433 837//2433
f 829//2433 828//2433 2985//2433
f 2985//2433 828//2433 827//2433
f 2985//2433 827//2433 2983//2433
f 2983//2433 827//2433 826//2433
f 2983//2433 826//2433 817//2433
f 2986//1 2987//1 2988//1
f 2988//1 2987//1 2989//1
f 2989//1 2987//1 2990//1
f 2990//1 2987//1 845//1
f 2990//1 845//1 844//1
f 2991//1 2992//1 2993//1
f 825//1 821//1 2994//1
f 2994//1 2995//1 2996//1
f 2993//1 825//1 2991//1
f 2991//1 825//1 2994//1
f 2991//1 2994//1 2997//1
f 2997//1 2994//1 2996//1
f 820//1 834//1 2998//1
f 2998//1 834//1 2999//1
f 2998//1 2999//1 3000//1
f 3000//1 2999//1 3001//1
f 3000//1 3001//1 3002//1
f 2982//4135 3003//4135 3004//4135
f 3004//4136 3005//4136 2982//4136
f 2982//4137 3005//4137 3006//4137
f 2982//4138 3006//4138 3007//4138
f 3007//4139 3006//4139 3008//4139
f 3007//4140 3008//4140 3009//4140
f 3010//4141 2982//4141 3011//4141
f 3011//4142 2982//4142 2981//4142
f 3011//4143 2981//4143 842//4143
f 842//4144 2981//4144 835//4144
f 3012//4145 3013//4145 3014//4145
f 3010//4146 3015//4146 2982//4146
f 2982//4147 3015//4147 3016//4147
f 2982//4148 3016//4148 3003//4148
f 3003//4149 3016//4149 3012//4149
f 3003//3150 3012//3150 3017//3150
f 3017//4150 3012//4150 3014//4150
f 3018//4151 3019//4151 2985//4151
f 2985//4152 3019//4152 3020//4152
f 2985//4153 3020//4153 829//4153
f 829//4154 3020//4154 3021//4154
f 829//3128 3021//3128 830//3128
f 3022//4155 3018//4155 3023//4155
f 3023//4156 3018//4156 2985//4156
f 3023//4157 2985//4157 3024//4157
f 3024//4157 2985//4157 3025//4157
f 3024//4157 3025//4157 3026//4157
f 3027//3590 3028//3590 3029//3590
f 3029//3590 3028//3590 3030//3590
f 3029//4158 3030//4158 3031//4158
f 3032//3591 3033//3591 3034//3591
f 3034//3591 3033//3591 3035//3591
f 3034//3591 3035//3591 3036//3591
f 3037//2968 3038//2968 3039//2968
f 3040//2975 3041//2975 3042//2975
f 3039//4159 3043//4159 3040//4159
f 3040//4160 3042//4160 3039//4160
f 3039//4161 3042//4161 3044//4161
f 3039//4162 3044//4162 3037//4162
f 3045//4163 3046//4163 3047//4163
f 3048//4164 3049//4164 3050//4164
f 3050//4164 3049//4164 3051//4164
f 3050//4165 3051//4165 3052//4165
f 3052//4166 3051//4166 3053//4166
f 3052//4167 3053//4167 3047//4167
f 3047//4168 3053//4168 3054//4168
f 3047//4169 3054//4169 3045//4169
f 3045//4170 3054//4170 3055//4170
f 3045//4171 3055//4171 3056//4171
f 3056//4172 3055//4172 3057//4172
f 3056//4173 3057//4173 3058//4173
f 3059//4174 3043//4174 3039//4174
f 3059//4175 3039//4175 3060//4175
f 3039//4176 3061//4176 3060//4176
f 3060//4177 3061//4177 3062//4177
f 3060//4178 3062//4178 3063//4178
f 3063//4179 3062//4179 3064//4179
f 3063//4180 3064//4180 3065//4180
f 3064//4181 3066//4181 3065//4181
f 3065//4182 3066//4182 3067//4182
f 3065//4183 3067//4183 3068//4183
f 3068//4184 3067//4184 3058//4184
f 3068//4185 3058//4185 3057//4185
f 3069//4186 3070//4186 3071//4186
f 3071//4187 3070//4187 3072//4187
f 3071//4188 3072//4188 3073//4188
f 3073//4189 3072//4189 3074//4189
f 3073//4190 3074//4190 3075//4190
f 3075//3012 3074//3012 3076//3012
f 3051//4191 3049//4191 3077//4191
f 3051//4192 3077//4192 3078//4192
f 3078//4193 3077//4193 3079//4193
f 3078//4194 3079//4194 3080//4194
f 3080//4195 3079//4195 3081//4195
f 3080//4196 3081//4196 3082//4196
f 3082//4197 3081//4197 3083//4197
f 3082//4198 3083//4198 3084//4198
f 3084//4199 3083//4199 3074//4199
f 3084//4200 3074//4200 3072//4200
f 3009//3030 3008//3030 3076//3030
f 3076//3030 3008//3030 3075//3030
f 3038//3030 3037//3030 3026//3030
f 3026//3030 3037//3030 3024//3030
f 3036//4201 3035//4201 3085//4201
f 3036//4202 3085//4202 3086//4202
f 3086//4203 3085//4203 3087//4203
f 3086//4204 3087//4204 3088//4204
f 3088//4205 3087//4205 3089//4205
f 3088//4206 3089//4206 3090//4206
f 3090//4207 3089//4207 3091//4207
f 3091//4208 3089//4208 3092//4208
f 3091//4209 3092//4209 3093//4209
f 3093//4210 3092//4210 3048//4210
f 3093//4211 3048//4211 3050//4211
f 3047//4212 3046//4212 3094//4212
f 3094//4213 3046//4213 3095//4213
f 3094//4214 3095//4214 3096//4214
f 3096//4215 3095//4215 3097//4215
f 3096//4216 3097//4216 3098//4216
f 3098//4217 3097//4217 3099//4217
f 3098//4218 3099//4218 3100//4218
f 3099//4219 3101//4219 3100//4219
f 3100//4220 3101//4220 3102//4220
f 3100//4221 3102//4221 3103//4221
f 3103//4222 3102//4222 3029//4222
f 3103//4223 3029//4223 3031//4223
f 3028//4224 3027//4224 3104//4224
f 2984//4225 3028//4225 2983//4225
f 2983//4224 3028//4224 3104//4224
f 2983//4226 3104//4226 2985//4226
f 2985//4226 3104//4226 3025//4226
f 3007//4227 3033//4227 2982//4227
f 2982//4227 3033//4227 3032//4227
f 2982//4228 3032//4228 2984//4228
f 2984//4229 3032//4229 3105//4229
f 2984//4230 3105//4230 3028//4230
f 3032//2433 3034//2433 3106//2433
f 3030//2433 3028//2433 3106//2433
f 3106//2433 3028//2433 3105//2433
f 3106//2433 3105//2433 3032//2433
f 3107//4231 3108//4231 3109//4231
f 3110//4232 3111//4232 3112//4232
f 3112//4233 3111//4233 3113//4233
f 3113//4234 3111//4234 3114//4234
f 3113//4235 3114//4235 3115//4235
f 3115//4236 3114//4236 3116//4236
f 3115//4237 3116//4237 3117//4237
f 3116//4238 3118//4238 3117//4238
f 3117//4239 3118//4239 3119//4239
f 3117//4240 3119//4240 3120//4240
f 3120//4241 3119//4241 3121//4241
f 3120//4242 3121//4242 3122//4242
f 3110//4243 3112//4243 3123//4243
f 3123//4244 3112//4244 3124//4244
f 3123//4245 3124//4245 3125//4245
f 3109//4246 3108//4246 3126//4246
f 3126//4247 3108//4247 3127//4247
f 3126//4248 3127//4248 3128//4248
f 3125//4249 3124//4249 3129//4249
f 3129//4250 3124//4250 3128//4250
f 3129//4251 3128//4251 3130//4251
f 3130//4252 3128//4252 3127//4252
f 3130//4253 3127//4253 3131//4253
f 3132//4254 3133//4254 3134//4254
f 3134//4255 3133//4255 3135//4255
f 3134//4256 3135//4256 3136//4256
f 3107//4257 3109//4257 3136//4257
f 3136//4258 3109//4258 3137//4258
f 3136//4259 3137//4259 3134//4259
f 3138//1 3139//1 3140//1
f 3141//1 3142//1 3143//1
f 3138//1 3140//1 3144//1
f 3145//1 3146//1 3141//1
f 3141//1 3146//1 3147//1
f 3141//1 3147//1 3148//1
f 3148//1 3147//1 3149//1
f 3148//1 3149//1 3150//1
f 3150//1 3149//1 3151//1
f 3150//1 3151//1 3152//1
f 3152//1 3151//1 3153//1
f 3152//1 3153//1 3154//1
f 3154//1 3153//1 3155//1
f 3154//1 3155//1 3156//1
f 3156//1 3155//1 3157//1
f 3156//1 3157//1 3158//1
f 3158//1 3157//1 3159//1
f 3158//1 3159//1 3160//1
f 3160//1 3159//1 3161//1
f 3160//1 3161//1 3162//1
f 3162//1 3161//1 3163//1
f 3162//1 3163//1 3164//1
f 3164//1 3163//1 3165//1
f 3164//1 3165//1 3166//1
f 3166//1 3165//1 3167//1
f 3167//1 3165//1 3168//1
f 3167//1 3168//1 3169//1
f 3169//1 3168//1 3170//1
f 3169//1 3170//1 3171//1
f 3171//1 3170//1 3172//1
f 3171//1 3172//1 3140//1
f 3140//1 3172//1 3173//1
f 3140//1 3173//1 3174//1
f 3174//1 3175//1 3140//1
f 3140//1 3175//1 3176//1
f 3140//1 3176//1 3177//1
f 3178//1 3179//1 3140//1
f 3140//1 3179//1 3180//1
f 3140//2725 3180//2725 3144//2725
f 3143//1 3181//1 3141//1
f 3141//1 3181//1 3182//1
f 3141//1 3182//1 3183//1
f 3177//1 3184//1 3140//1
f 3140//1 3184//1 3185//1
f 3140//1 3185//1 3178//1
f 3186//1 3187//1 3141//1
f 3141//1 3187//1 3188//1
f 3141//1 3188//1 3145//1
f 3183//1 3189//1 3141//1
f 3141//1 3189//1 3190//1
f 3141//4260 3190//4260 3186//4260
f 3191//4261 3192//4261 3193//4261
f 3140//4262 3139//4262 3194//4262
f 3171//4263 3140//4263 3195//4263
f 3195//4264 3140//4264 3194//4264
f 3195//4265 3194//4265 3193//4265
f 3193//4266 3194//4266 3196//4266
f 3193//4261 3196//4261 3191//4261
f 3197//4267 3158//4267 3198//4267
f 3198//4267 3158//4267 3160//4267
f 3198//4268 3160//4268 3199//4268
f 3199//4268 3160//4268 3162//4268
f 3199//4269 3162//4269 3200//4269
f 3200//4269 3162//4269 3164//4269
f 3200//4270 3164//4270 3201//4270
f 3201//4270 3164//4270 3166//4270
f 3201//4271 3166//4271 3202//4271
f 3202//4271 3166//4271 3167//4271
f 3202//4272 3167//4272 3203//4272
f 3203//4272 3167//4272 3169//4272
f 3203//4273 3169//4273 3204//4273
f 3204//4274 3169//4274 3171//4274
f 3204//4275 3171//4275 3205//4275
f 3205//4263 3171//4263 3195//4263
f 3147//2785 3206//2785 3149//2785
f 3149//2785 3206//2785 3207//2785
f 3149//2784 3207//2784 3151//2784
f 3151//2784 3207//2784 3208//2784
f 3151//2783 3208//2783 3153//2783
f 3153//2783 3208//2783 3209//2783
f 3153//2782 3209//2782 3155//2782
f 3155//2782 3209//2782 3210//2782
f 3155//2781 3210//2781 3157//2781
f 3157//2781 3210//2781 3211//2781
f 3157//2780 3211//2780 3159//2780
f 3159//2780 3211//2780 3212//2780
f 3159//2779 3212//2779 3161//2779
f 3161//2779 3212//2779 3213//2779
f 3161//2778 3213//2778 3163//2778
f 3163//2778 3213//2778 3214//2778
f 3163//2776 3214//2776 3165//2776
f 3165//2776 3214//2776 3215//2776
f 3165//2775 3215//2775 3168//2775
f 3168//2775 3215//2775 3216//2775
f 3168//2774 3216//2774 3170//2774
f 3170//2774 3216//2774 3217//2774
f 3170//2773 3217//2773 3172//2773
f 3172//2773 3217//2773 3218//2773
f 3172//2772 3218//2772 3173//2772
f 3173//2772 3218//2772 3219//2772
f 3220//2746 3221//2746 3222//2746
f 3222//2746 3221//2746 3223//2746
f 3222//2744 3223//2744 3224//2744
f 3224//2745 3223//2745 3225//2745
f 3224//2743 3225//2743 3226//2743
f 3226//2742 3225//2742 3227//2742
f 3226//2741 3227//2741 3228//2741
f 3228//2741 3227//2741 3229//2741
f 3228//2740 3229//2740 3230//2740
f 3230//2740 3229//2740 3231//2740
f 3230//2738 3231//2738 3232//2738
f 3232//2738 3231//2738 3233//2738
f 3234//2760 3235//2760 3236//2760
f 3236//2760 3235//2760 3237//2760
f 3236//2759 3237//2759 3238//2759
f 3238//2759 3237//2759 3239//2759
f 3238//2758 3239//2758 3240//2758
f 3240//2758 3239//2758 3241//2758
f 3240//2757 3241//2757 3242//2757
f 3242//2757 3241//2757 3243//2757
f 3242//2755 3243//2755 3244//2755
f 3244//2756 3243//2756 3245//2756
f 3244//2754 3245//2754 3246//2754
f 3246//2754 3245//2754 3247//2754
f 3246//4276 3247//4276 3248//4276
f 3248//4276 3247//4276 3249//4276
f 3248//4277 3249//4277 3250//4277
f 3250//4277 3249//4277 3251//4277
f 3250//4278 3251//4278 3252//4278
f 3252//4278 3251//4278 3253//4278
f 3252//4279 3253//4279 3254//4279
f 3253//4279 3255//4279 3254//4279
f 3254//4280 3255//4280 3232//4280
f 3254//4280 3232//4280 3233//4280
f 3235//2767 3234//2767 3256//2767
f 3256//2767 3234//2767 3257//2767
f 3256//2765 3257//2765 3258//2765
f 3258//2765 3257//2765 3259//2765
f 3258//4281 3259//4281 3260//4281
f 3260//2764 3259//2764 3261//2764
f 3260//2763 3261//2763 3262//2763
f 3262//2763 3261//2763 3263//2763
f 3262//2762 3263//2762 3264//2762
f 3264//4282 3263//4282 3265//4282
f 3264//2761 3265//2761 3266//2761
f 3266//2761 3265//2761 3267//2761
f 3268//2801 3269//2801 3270//2801
f 3270//2801 3269//2801 3271//2801
f 3272//1 3273//1 3274//1
f 3275//1 3276//1 3277//1
f 3277//1 3276//1 3278//1
f 3277//1 3278//1 3273//1
f 3273//1 3278//1 3279//1
f 3273//1 3279//1 3274//1
f 3280//1 3281//1 3282//1
f 3282//1 3281//1 3283//1
f 3274//1 3284//1 3272//1
f 3272//1 3284//1 3285//1
f 3272//1 3285//1 3286//1
f 3286//1 3285//1 3287//1
f 3286//1 3287//1 3288//1
f 3288//1 3287//1 3289//1
f 3288//1 3289//1 3290//1
f 3290//1 3289//1 3291//1
f 3290//1 3291//1 3292//1
f 3292//1 3291//1 3293//1
f 3292//1 3293//1 3294//1
f 3294//1 3293//1 3295//1
f 3294//1 3295//1 3296//1
f 3296//1 3295//1 3297//1
f 3296//1 3297//1 3298//1
f 3298//1 3297//1 3299//1
f 3298//1 3299//1 3300//1
f 3275//1 3301//1 3276//1
f 3276//1 3301//1 3302//1
f 3276//1 3302//1 3303//1
f 3303//1 3302//1 3304//1
f 3303//1 3304//1 3305//1
f 3305//1 3304//1 3306//1
f 3305//1 3306//1 3283//1
f 3283//1 3306//1 3307//1
f 3283//1 3307//1 3282//1
f 3282//1 3307//1 3308//1
f 3309//1 3310//1 3311//1
f 3311//1 3310//1 3312//1
f 3312//1 3310//1 3313//1
f 3312//1 3313//1 3314//1
f 3314//1 3313//1 3315//1
f 3314//1 3315//1 3316//1
f 3316//1 3315//1 3317//1
f 3316//1 3317//1 3282//1
f 3282//1 3317//1 3318//1
f 3282//1 3318//1 3280//1
f 3299//1 3319//1 3300//1
f 3300//1 3319//1 3320//1
f 3300//1 3320//1 3321//1
f 3321//1 3320//1 3322//1
f 3321//1 3322//1 3323//1
f 3323//1 3322//1 3324//1
f 3323//1 3324//1 3325//1
f 3325//1 3324//1 3309//1
f 3325//1 3309//1 3326//1
f 3326//1 3309//1 3311//1
f 3327//4283 3328//4283 3329//4283
f 3330//4284 3331//4284 3332//4284
f 3332//4285 3331//4285 3333//4285
f 3332//4286 3333//4286 3334//4286
f 3335//4287 3331//4287 3336//4287
f 3336//4288 3331//4288 3330//4288
f 3336//4289 3330//4289 3337//4289
f 3337//4290 3330//4290 3338//4290
f 3337//4291 3338//4291 3339//4291
f 3339//4292 3338//4292 3340//4292
f 3339//2934 3340//2934 3341//2934
f 3341//2934 3340//2934 3342//2934
f 3341//4293 3342//4293 3343//4293
f 3343//4294 3342//4294 3344//4294
f 3343//4295 3344//4295 3345//4295
f 3344//4296 3346//4296 3345//4296
f 3345//4297 3346//4297 3347//4297
f 3345//4298 3347//4298 3348//4298
f 3348//4298 3347//4298 3349//4298
f 3348//4299 3349//4299 3350//4299
f 3349//4299 3351//4299 3350//4299
f 3350//4300 3351//4300 3352//4300
f 3350//4300 3352//4300 3353//4300
f 3353//4301 3352//4301 3354//4301
f 3353//4302 3354//4302 3355//4302
f 3355//4303 3354//4303 3356//4303
f 3355//4304 3356//4304 3357//4304
f 3357//4304 3356//4304 3358//4304
f 3357//4305 3358//4305 3359//4305
f 3359//4306 3358//4306 3268//4306
f 3359//4307 3268//4307 3270//4307
f 3334//4308 3333//4308 3360//4308
f 3360//4308 3333//4308 3361//4308
f 3360//4309 3361//4309 3362//4309
f 3362//4309 3361//4309 3363//4309
f 3362//4310 3363//4310 3364//4310
f 3364//4310 3363//4310 3365//4310
f 3364//4311 3365//4311 3366//4311
f 3366//4312 3365//4312 3367//4312
f 3366//4313 3367//4313 3368//4313
f 3368//4314 3367//4314 3369//4314
f 3368//4315 3369//4315 3370//4315
f 3370//4315 3369//4315 3371//4315
f 3370//4316 3371//4316 3372//4316
f 3372//4316 3371//4316 3373//4316
f 3372//4317 3373//4317 3374//4317
f 3373//4318 3327//4318 3374//4318
f 3374//4283 3327//4283 3329//4283
f 3374//4319 3329//4319 3375//4319
f 3375//4319 3329//4319 3376//4319
f 3375//4320 3376//4320 3377//4320
f 3377//4320 3376//4320 3378//4320
f 3377//4321 3378//4321 3379//4321
f 3379//4321 3378//4321 3380//4321
f 3379//4322 3380//4322 3381//4322
f 3380//4323 3382//4323 3381//4323
f 3381//4324 3382//4324 3383//4324
f 3381//4325 3383//4325 3384//4325
f 3345//2433 3348//2433 3207//2433
f 3376//2433 3329//2433 3385//2433
f 3378//2433 3219//2433 3380//2433
f 3380//2433 3219//2433 3218//2433
f 3353//2433 3355//2433 3208//2433
f 3208//2433 3355//2433 3357//2433
f 3208//2433 3357//2433 3209//2433
f 3207//2433 3348//2433 3208//2433
f 3208//2433 3348//2433 3350//2433
f 3208//2433 3350//2433 3353//2433
f 3345//2433 3207//2433 3343//2433
f 3343//2433 3207//2433 3206//2433
f 3343//2433 3206//2433 3341//2433
f 3385//2433 3329//2433 3386//2433
f 3386//2433 3329//2433 3328//2433
f 3386//2433 3328//2433 3387//2433
f 3376//2433 3385//2433 3378//2433
f 3378//2433 3385//2433 3388//2433
f 3378//2433 3388//2433 3389//2433
f 3390//2433 3391//2433 3221//2433
f 3221//2433 3391//2433 3223//2433
f 3248//2433 3250//2433 3214//2433
f 3214//2433 3250//2433 3252//2433
f 3214//2433 3252//2433 3215//2433
f 3248//2433 3214//2433 3246//2433
f 3246//2433 3214//2433 3213//2433
f 3246//2433 3213//2433 3244//2433
f 3271//2433 3392//2433 3393//2433
f 3389//2433 3394//2433 3378//2433
f 3378//2433 3394//2433 3395//2433
f 3378//2433 3395//2433 3396//2433
f 3397//2433 3398//2433 3378//2433
f 3378//2433 3398//2433 3399//2433
f 3378//2433 3399//2433 3219//2433
f 3229//2433 3227//2433 3216//2433
f 3216//2433 3227//2433 3225//2433
f 3393//2433 3267//2433 3271//2433
f 3271//2433 3267//2433 3265//2433
f 3271//2433 3265//2433 3263//2433
f 3396//2433 3400//2433 3378//2433
f 3378//2433 3400//2433 3401//2433
f 3378//2433 3401//2433 3397//2433
f 3252//2433 3254//2433 3215//2433
f 3215//2433 3254//2433 3233//2433
f 3215//2433 3233//2433 3216//2433
f 3216//2433 3233//2433 3231//2433
f 3216//2433 3231//2433 3229//2433
f 3225//2433 3223//2433 3216//2433
f 3216//2433 3223//2433 3391//2433
f 3216//2433 3391//2433 3217//2433
f 3217//2433 3391//2433 3383//2433
f 3217//2433 3383//2433 3218//2433
f 3218//2433 3383//2433 3382//2433
f 3218//2433 3382//2433 3380//2433
f 3236//2433 3238//2433 3212//2433
f 3212//2433 3238//2433 3240//2433
f 3212//2433 3240//2433 3213//2433
f 3213//2433 3240//2433 3242//2433
f 3213//2433 3242//2433 3244//2433
f 3357//2433 3359//2433 3209//2433
f 3209//2433 3359//2433 3270//2433
f 3209//2433 3270//2433 3210//2433
f 3210//2433 3270//2433 3271//2433
f 3210//2433 3271//2433 3211//2433
f 3211//2433 3271//2433 3263//2433
f 3211//2433 3263//2433 3261//2433
f 3402//2433 3403//2433 3404//2433
f 3405//2433 3406//2433 3339//2433
f 3403//2433 3335//2433 3404//2433
f 3404//2433 3335//2433 3336//2433
f 3404//2433 3336//2433 3407//2433
f 3407//2433 3336//2433 3337//2433
f 3407//2433 3337//2433 3408//2433
f 3408//2433 3337//2433 3339//2433
f 3408//2433 3339//2433 3409//2433
f 3261//2433 3259//2433 3211//2433
f 3211//2433 3259//2433 3257//2433
f 3211//2433 3257//2433 3212//2433
f 3212//2433 3257//2433 3234//2433
f 3212//2433 3234//2433 3236//2433
f 3341//2433 3206//2433 3339//2433
f 3339//2433 3206//2433 3410//2433
f 3339//2433 3410//2433 3405//2433
f 3402//2433 3404//2433 3411//2433
f 3411//2433 3404//2433 3412//2433
f 3411//2433 3412//2433 3413//2433
f 3406//2433 3414//2433 3339//2433
f 3339//2433 3414//2433 3415//2433
f 3339//4326 3415//4326 3416//4326
f 3417//4326 3418//4326 3419//4326
f 3419//2433 3418//2433 3420//2433
f 3420//2433 3421//2433 3419//2433
f 3419//2433 3421//2433 3422//2433
f 3419//2433 3422//2433 3423//2433
f 3423//2433 3424//2433 3419//2433
f 3419//2433 3424//2433 3425//2433
f 3419//2433 3425//2433 3328//2433
f 3328//2433 3425//2433 3426//2433
f 3328//2433 3426//2433 3387//2433
f 3413//2433 3427//2433 3411//2433
f 3411//2433 3427//2433 3428//2433
f 3411//2433 3428//2433 3429//2433
f 3416//2433 3430//2433 3339//2433
f 3339//2433 3430//2433 3431//2433
f 3339//2433 3431//2433 3409//2433
f 3429//2433 3432//2433 3411//2433
f 3411//2433 3432//2433 3433//2433
f 3411//2433 3433//2433 3434//2433
f 3221//4327 3220//4327 3390//4327
f 3390//4328 3220//4328 3435//4328
f 3390//2737 3435//2737 3436//2737
f 3437//4329 3438//4329 3439//4329
f 3266//4330 3267//4330 3439//4330
f 3439//4331 3267//4331 3393//4331
f 3439//4332 3393//4332 3437//4332
f 3228//2433 3230//2433 3232//2433
f 3440//2433 3441//2433 3253//2433
f 3253//2433 3441//2433 3435//2433
f 3247//2433 3442//2433 3249//2433
f 3249//2433 3442//2433 3440//2433
f 3249//2433 3440//2433 3251//2433
f 3251//2433 3440//2433 3253//2433
f 3247//2433 3245//2433 3442//2433
f 3442//2433 3245//2433 3243//2433
f 3442//2433 3243//2433 3443//2433
f 3224//2433 3226//2433 3222//2433
f 3222//2433 3226//2433 3228//2433
f 3222//2433 3228//2433 3220//2433
f 3220//2433 3228//2433 3232//2433
f 3220//2433 3232//2433 3435//2433
f 3435//2433 3232//2433 3255//2433
f 3435//2433 3255//2433 3253//2433
f 3256//2433 3258//2433 3260//2433
f 3243//2433 3241//2433 3443//2433
f 3443//2433 3241//2433 3239//2433
f 3443//2433 3239//2433 3444//2433
f 3444//2433 3239//2433 3237//2433
f 3444//2433 3237//2433 3439//2433
f 3439//2433 3237//2433 3235//2433
f 3439//2433 3235//2433 3266//2433
f 3266//2433 3235//2433 3256//2433
f 3266//2433 3256//2433 3264//2433
f 3264//2433 3256//2433 3260//2433
f 3264//2433 3260//2433 3262//2433
f 3445//4333 3446//4333 3447//4333
f 3447//4334 3446//4334 3448//4334
f 3447//4335 3448//4335 3449//4335
f 3449//4336 3448//4336 3450//4336
f 3449//4337 3450//4337 3451//4337
f 3451//4338 3450//4338 3452//4338
f 3451//4339 3452//4339 3436//4339
f 3436//4340 3452//4340 3391//4340
f 3436//4341 3391//4341 3390//4341
f 3453//4342 3454//4342 3455//4342
f 3455//4343 3454//4343 3456//4343
f 3455//4344 3456//4344 3457//4344
f 3024//4345 3037//4345 3458//4345
f 3458//4346 3037//4346 3044//4346
f 3458//4347 3044//4347 3453//4347
f 3453//4348 3044//4348 3042//4348
f 3453//4349 3042//4349 3454//4349
f 3459//4350 3460//4350 3461//4350
f 3459//4351 3461//4351 3462//4351
f 3462//4352 3461//4352 3463//4352
f 3462//4353 3463//4353 3464//4353
f 3459//4354 3438//4354 3460//4354
f 3460//4355 3438//4355 3437//4355
f 3460//4356 3437//4356 3465//4356
f 3465//4357 3437//4357 3393//4357
f 3465//4358 3393//4358 3392//4358
f 3461//4359 3460//4359 3466//4359
f 3466//4360 3460//4360 3465//4360
f 3467//4361 3466//4361 3468//4361
f 3468//4362 3466//4362 3465//4362
f 3468//4363 3465//4363 3269//4363
f 3269//4364 3465//4364 3392//4364
f 3269//2952 3392//2952 3271//2952
f 3024//4365 3458//4365 3023//4365
f 3023//4366 3458//4366 3453//4366
f 3023//4367 3453//4367 3455//4367
f 3455//4368 3457//4368 3023//4368
f 3023//4369 3457//4369 3463//4369
f 3023//4370 3463//4370 3469//4370
f 3469//4371 3463//4371 3461//4371
f 3469//4372 3461//4372 3470//4372
f 3470//3022 3461//3022 3466//3022
f 3471//4373 3472//4373 3307//4373
f 3307//4374 3472//4374 3473//4374
f 3307//4375 3473//4375 3308//4375
f 3115//4376 3472//4376 3113//4376
f 3113//4377 3472//4377 3471//4377
f 3113//4378 3471//4378 3112//4378
f 3112//4379 3471//4379 3124//4379
f 3124//4380 3471//4380 3474//4380
f 3124//4381 3474//4381 3128//4381
f 3128//4382 3474//4382 3475//4382
f 3128//4383 3475//4383 3126//4383
f 3126//4384 3475//4384 3476//4384
f 3126//4385 3476//4385 3477//4385
f 3134//4386 3137//4386 3477//4386
f 3477//4387 3137//4387 3109//4387
f 3477//4388 3109//4388 3126//4388
f 3277//4389 3476//4389 3275//4389
f 3275//4390 3476//4390 3475//4390
f 3275//4391 3475//4391 3301//4391
f 3301//4392 3475//4392 3474//4392
f 3307//4393 3306//4393 3471//4393
f 3471//4394 3306//4394 3304//4394
f 3471//4395 3304//4395 3474//4395
f 3474//4396 3304//4396 3302//4396
f 3474//4397 3302//4397 3301//4397
f 3450//3052 3448//3052 3017//3052
f 3450//4398 3017//4398 3452//4398
f 3384//4399 3383//4399 3478//4399
f 3478//4400 3383//4400 3391//4400
f 3478//3052 3391//3052 3479//3052
f 3479//3052 3391//3052 3452//3052
f 3479//3052 3452//3052 3480//3052
f 3480//3052 3452//3052 3017//3052
f 3448//3052 3446//3052 3017//3052
f 3017//3052 3446//3052 3445//3052
f 3017//4401 3445//4401 3003//4401
f 3481//4402 3004//4402 3482//4402
f 3482//4402 3004//4402 3003//4402
f 3482//4402 3003//4402 3447//4402
f 3447//4403 3003//4403 3445//4403
f 3482//2885 3447//2885 3483//2885
f 3483//4404 3447//4404 3449//4404
f 3483//4405 3449//4405 3484//4405
f 3484//4406 3449//4406 3451//4406
f 3484//4407 3451//4407 3441//4407
f 3441//4408 3451//4408 3436//4408
f 3441//2886 3436//2886 3435//2886
f 3464//2730 3485//2730 3486//2730
f 3439//2734 3438//2734 3444//2734
f 3444//4409 3438//4409 3459//4409
f 3444//4410 3459//4410 3486//4410
f 3486//4411 3459//4411 3462//4411
f 3486//4412 3462//4412 3464//4412
f 3464//4402 3463//4402 3485//4402
f 3485//4402 3463//4402 3457//4402
f 3485//4402 3457//4402 3456//4402
f 3069//4413 3487//4413 3070//4413
f 3070//4414 3487//4414 3481//4414
f 3070//4415 3481//4415 3488//4415
f 3488//4416 3481//4416 3482//4416
f 3488//2884 3482//2884 3483//2884
f 3483//4417 3484//4417 3489//4417
f 3444//4418 3490//4418 3443//4418
f 3443//4419 3490//4419 3491//4419
f 3443//4420 3491//4420 3442//4420
f 3442//4421 3491//4421 3489//4421
f 3442//4422 3489//4422 3440//4422
f 3440//4423 3489//4423 3484//4423
f 3440//4424 3484//4424 3441//4424
f 3492//4425 3488//4425 3483//4425
f 3444//4426 3486//4426 3490//4426
f 3490//4427 3486//4427 3493//4427
f 3490//4428 3493//4428 3041//4428
f 3483//4429 3489//4429 3492//4429
f 3492//4430 3489//4430 3491//4430
f 3492//4431 3491//4431 3494//4431
f 3494//4432 3491//4432 3490//4432
f 3494//4433 3490//4433 3495//4433
f 3495//4434 3490//4434 3041//4434
f 3495//4435 3041//4435 3040//4435
f 3454//4436 3042//4436 3041//4436
f 3454//4437 3041//4437 3456//4437
f 3456//4438 3041//4438 3485//4438
f 3485//4439 3041//4439 3493//4439
f 3485//4440 3493//4440 3486//4440
f 3072//4441 3070//4441 3054//4441
f 3054//4442 3053//4442 3072//4442
f 3072//4443 3053//4443 3496//4443
f 3072//4444 3496//4444 3084//4444
f 3084//4445 3496//4445 3082//4445
f 3080//4446 3082//4446 3078//4446
f 3078//4447 3082//4447 3496//4447
f 3078//4448 3496//4448 3051//4448
f 3051//4449 3496//4449 3053//4449
f 3057//4450 3055//4450 3494//4450
f 3494//4451 3055//4451 3054//4451
f 3494//4452 3054//4452 3492//4452
f 3492//4453 3054//4453 3070//4453
f 3492//4454 3070//4454 3488//4454
f 3495//4455 3040//4455 3043//4455
f 3060//4456 3063//4456 3497//4456
f 3497//4457 3063//4457 3065//4457
f 3494//4458 3495//4458 3057//4458
f 3057//4459 3495//4459 3497//4459
f 3057//4460 3497//4460 3068//4460
f 3068//4461 3497//4461 3065//4461
f 3495//4462 3043//4462 3497//4462
f 3497//4463 3043//4463 3059//4463
f 3497//4464 3059//4464 3060//4464
f 3481//4465 3487//4465 3004//4465
f 3004//4466 3487//4466 3069//4466
f 3004//4467 3069//4467 3005//4467
f 3069//4468 3071//4468 3005//4468
f 3005//4469 3071//4469 3073//4469
f 3005//4470 3073//4470 3006//4470
f 3006//4471 3073//4471 3075//4471
f 3006//4472 3075//4472 3008//4472
f 3498//1 819//1 818//1
f 3499//1 3500//1 3501//1
f 3501//1 3500//1 3502//1
f 3501//1 3502//1 3503//1
f 3503//1 3502//1 3504//1
f 3505//1 3499//1 3506//1
f 3506//1 3499//1 3501//1
f 3506//1 3501//1 818//1
f 818//1 3501//1 3507//1
f 3507//1 3508//1 818//1
f 818//1 3508//1 3509//1
f 818//1 3509//1 3498//1
f 3509//4473 3508//4473 3123//4473
f 3123//4474 3508//4474 3110//4474
f 3110//4475 3508//4475 3507//4475
f 3110//4476 3507//4476 3111//4476
f 3111//4477 3507//4477 3501//4477
f 3111//4478 3501//4478 3114//4478
f 3123//4479 3510//4479 3509//4479
f 3509//4480 3510//4480 2995//4480
f 3509//4481 2995//4481 3498//4481
f 3498//4482 2995//4482 2994//4482
f 3498//4483 2994//4483 819//4483
f 819//4483 2994//4483 821//4483
f 3511//1 843//1 824//1
f 824//1 3512//1 3513//1
f 824//1 3514//1 3515//1
f 824//1 823//1 3516//1
f 3514//1 824//1 3517//1
f 3517//1 824//1 3513//1
f 3517//1 3513//1 3518//1
f 3512//1 824//1 3519//1
f 3519//1 824//1 3516//1
f 3519//1 3516//1 3520//1
f 3515//1 3521//1 824//1
f 824//1 3521//1 3522//1
f 824//1 3522//1 3511//1
f 3523//4484 3524//4484 3515//4484
f 3515//4485 3524//4485 2986//4485
f 3515//4486 2986//4486 3521//4486
f 3523//4487 3515//4487 3133//4487
f 3133//4488 3515//4488 3514//4488
f 3133//4489 3514//4489 3135//4489
f 2990//4490 844//4490 843//4490
f 2986//4491 2988//4491 3521//4491
f 3521//4492 2988//4492 2989//4492
f 3521//4492 2989//4492 3522//4492
f 3522//4493 2989//4493 2990//4493
f 3522//4493 2990//4493 3511//4493
f 3511//4490 2990//4490 843//4490
f 3002//4494 3001//4494 3525//4494
f 3525//4495 3001//4495 3526//4495
f 3525//4496 3526//4496 3527//4496
f 3527//4497 3526//4497 3528//4497
f 3527//4498 3528//4498 3122//4498
f 3122//4499 3528//4499 3120//4499
f 3510//4500 3123//4500 3125//4500
f 2995//4501 3510//4501 2996//4501
f 2996//4502 3510//4502 3529//4502
f 2996//4503 3529//4503 2997//4503
f 2997//4504 3529//4504 2991//4504
f 3510//4505 3125//4505 3529//4505
f 3529//4506 3125//4506 3129//4506
f 3529//4507 3129//4507 3130//4507
f 2992//4508 2991//4508 3530//4508
f 3530//4509 2991//4509 3529//4509
f 3530//4510 3529//4510 3531//4510
f 3531//4511 3529//4511 3130//4511
f 3531//4512 3130//4512 3131//4512
f 2987//4513 2986//4513 3532//4513
f 3532//4514 2986//4514 3524//4514
f 3532//4515 3524//4515 3533//4515
f 3533//4516 3524//4516 3132//4516
f 3132//4517 3524//4517 3523//4517
f 3132//4518 3523//4518 3133//4518
f 830//4519 3021//4519 831//4519
f 831//4520 3021//4520 3534//4520
f 831//4521 3534//4521 822//4521
f 822//4522 3534//4522 3535//4522
f 822//4523 3535//4523 832//4523
f 832//4524 3535//4524 3536//4524
f 832//4525 3536//4525 833//4525
f 833//4526 3536//4526 2999//4526
f 833//4527 2999//4527 834//4527
f 3001//4528 2999//4528 3537//4528
f 3537//4528 2999//4528 3536//4528
f 3537//4529 3536//4529 3538//4529
f 3538//4529 3536//4529 3535//4529
f 3538//4530 3535//4530 3539//4530
f 3539//4530 3535//4530 3534//4530
f 3539//4531 3534//4531 3020//4531
f 3020//4531 3534//4531 3021//4531
f 3526//4532 3001//4532 3537//4532
f 3540//4533 3541//4533 3526//4533
f 3542//4534 3538//4534 3543//4534
f 3543//4535 3538//4535 3539//4535
f 3543//4536 3539//4536 3019//4536
f 3019//4537 3539//4537 3020//4537
f 3526//4538 3541//4538 3528//4538
f 3528//4539 3541//4539 3544//4539
f 3528//4540 3544//4540 3120//4540
f 3019//4541 3018//4541 3543//4541
f 3543//4542 3018//4542 3545//4542
f 3543//4543 3545//4543 3542//4543
f 3542//4544 3545//4544 3546//4544
f 3542//4545 3546//4545 3547//4545
f 3526//4546 3537//4546 3540//4546
f 3540//4547 3537//4547 3538//4547
f 3540//4548 3538//4548 3541//4548
f 3541//4549 3538//4549 3542//4549
f 3541//4550 3542//4550 3544//4550
f 3544//4551 3542//4551 3547//4551
f 3544//4552 3547//4552 3120//4552
f 3548//4553 3117//4553 3120//4553
f 3546//4554 3549//4554 3548//4554
f 3546//4555 3548//4555 3547//4555
f 3547//4556 3548//4556 3120//4556
f 3545//4557 3018//4557 3022//4557
f 3022//4558 3550//4558 3545//4558
f 3545//4559 3550//4559 3551//4559
f 3545//4560 3551//4560 3546//4560
f 3546//4561 3551//4561 3552//4561
f 3546//4562 3552//4562 3549//4562
f 3022//4563 3023//4563 3469//4563
f 3553//4564 3549//4564 3554//4564
f 3554//4565 3549//4565 3552//4565
f 3552//4566 3551//4566 3554//4566
f 3554//4567 3551//4567 3550//4567
f 3554//4568 3550//4568 3469//4568
f 3469//4569 3550//4569 3022//4569
f 3115//4570 3117//4570 3555//4570
f 3555//4571 3117//4571 3548//4571
f 3555//4572 3548//4572 3553//4572
f 3553//4573 3548//4573 3549//4573
f 3473//4574 3472//4574 3556//4574
f 3556//4575 3472//4575 3557//4575
f 3556//4576 3557//4576 3558//4576
f 3559//4577 3560//4577 3557//4577
f 3557//4578 3560//4578 3561//4578
f 3557//4579 3561//4579 3558//4579
f 3562//4580 3563//4580 3564//4580
f 3564//4581 3563//4581 3565//4581
f 3564//4582 3565//4582 3559//4582
f 3559//4583 3565//4583 3560//4583
f 3470//4584 3466//4584 3564//4584
f 3564//4585 3466//4585 3467//4585
f 3564//4586 3467//4586 3562//4586
f 3469//4587 3470//4587 3554//4587
f 3554//4588 3470//4588 3564//4588
f 3554//4589 3564//4589 3553//4589
f 3553//4590 3564//4590 3559//4590
f 3553//4591 3559//4591 3555//4591
f 3555//4592 3559//4592 3557//4592
f 3555//4593 3557//4593 3115//4593
f 3115//4594 3557//4594 3472//4594
f 3467//4595 3468//4595 3562//4595
f 3562//4596 3468//4596 3566//4596
f 3562//4597 3566//4597 3563//4597
f 3563//4598 3566//4598 3567//4598
f 3563//4599 3567//4599 3565//4599
f 3558//4600 3561//4600 3568//4600
f 3568//4601 3561//4601 3560//4601
f 3568//4602 3560//4602 3567//4602
f 3567//4603 3560//4603 3565//4603
f 3558//4604 3568//4604 3556//4604
f 3556//4605 3568//4605 3308//4605
f 3556//4606 3308//4606 3473//4606
f 3282//4607 3308//4607 3569//4607
f 3569//4608 3308//4608 3568//4608
f 3569//4609 3568//4609 3570//4609
f 3570//4609 3568//4609 3567//4609
f 3570//4610 3567//4610 3571//4610
f 3571//4610 3567//4610 3566//4610
f 3571//4611 3566//4611 3269//4611
f 3269//4611 3566//4611 3468//4611
f 3269//4612 3268//4612 3572//4612
f 3569//4613 3573//4613 3282//4613
f 3282//4614 3573//4614 3316//4614
f 3269//4615 3572//4615 3571//4615
f 3571//4616 3572//4616 3574//4616
f 3571//4617 3574//4617 3570//4617
f 3570//4618 3574//4618 3569//4618
f 3569//4619 3574//4619 3575//4619
f 3569//4620 3575//4620 3573//4620
f 3576//4621 3577//4621 3578//4621
f 3579//4622 3580//4622 3581//4622
f 3582//4623 3583//4623 3584//4623
f 3585//4624 3375//4624 3586//4624
f 3586//4625 3375//4625 3377//4625
f 3586//4626 3377//4626 3587//4626
f 3587//4627 3377//4627 3379//4627
f 3587//4628 3379//4628 3582//4628
f 3582//4629 3379//4629 3381//4629
f 3582//4630 3381//4630 3583//4630
f 3583//4631 3381//4631 3384//4631
f 3368//4632 3370//4632 3588//4632
f 3588//4633 3370//4633 3372//4633
f 3588//4634 3372//4634 3585//4634
f 3585//4635 3372//4635 3374//4635
f 3585//4636 3374//4636 3375//4636
f 3290//4637 3292//4637 3589//4637
f 3579//4638 3272//4638 3580//4638
f 3580//4639 3272//4639 3286//4639
f 3580//4640 3286//4640 3590//4640
f 3590//4641 3286//4641 3288//4641
f 3590//4642 3288//4642 3591//4642
f 3591//4643 3288//4643 3290//4643
f 3591//4644 3290//4644 3592//4644
f 3592//4645 3290//4645 3589//4645
f 3592//4646 3589//4646 3593//4646
f 3581//4647 3580//4647 3594//4647
f 3594//4648 3580//4648 3590//4648
f 3594//4649 3590//4649 3595//4649
f 3595//4650 3590//4650 3591//4650
f 3595//4651 3591//4651 3596//4651
f 3596//4652 3591//4652 3592//4652
f 3596//4653 3592//4653 3597//4653
f 3597//4654 3592//4654 3593//4654
f 3597//4655 3593//4655 3576//4655
f 3366//4656 3368//4656 3577//4656
f 3577//4657 3368//4657 3588//4657
f 3577//4658 3588//4658 3578//4658
f 3578//4659 3588//4659 3585//4659
f 3578//4659 3585//4659 3598//4659
f 3598//4660 3585//4660 3586//4660
f 3598//4661 3586//4661 3599//4661
f 3599//4662 3586//4662 3587//4662
f 3599//4663 3587//4663 3600//4663
f 3600//4664 3587//4664 3582//4664
f 3600//4665 3582//4665 3601//4665
f 3601//4666 3582//4666 3584//4666
f 3601//4667 3584//4667 3602//4667
f 3576//4668 3578//4668 3597//4668
f 3597//4669 3578//4669 3598//4669
f 3597//4669 3598//4669 3596//4669
f 3596//4670 3598//4670 3599//4670
f 3596//4670 3599//4670 3595//4670
f 3595//4671 3599//4671 3600//4671
f 3595//4672 3600//4672 3594//4672
f 3594//4673 3600//4673 3601//4673
f 3594//4674 3601//4674 3581//4674
f 3581//4675 3601//4675 3602//4675
f 3581//4676 3602//4676 3579//4676
f 3574//4677 3572//4677 3603//4677
f 3360//4678 3604//4678 3605//4678
f 3316//4679 3573//4679 3314//4679
f 3314//4680 3573//4680 3606//4680
f 3607//4681 3325//4681 3608//4681
f 3608//4682 3325//4682 3326//4682
f 3608//4683 3326//4683 3311//4683
f 3323//4684 3609//4684 3321//4684
f 3321//4685 3609//4685 3610//4685
f 3321//4686 3610//4686 3300//4686
f 3300//4687 3610//4687 3611//4687
f 3300//4688 3611//4688 3298//4688
f 3298//4689 3611//4689 3612//4689
f 3298//4690 3612//4690 3296//4690
f 3296//4691 3612//4691 3294//4691
f 3613//4692 3593//4692 3589//4692
f 3366//4693 3577//4693 3364//4693
f 3364//4694 3577//4694 3604//4694
f 3364//4695 3604//4695 3362//4695
f 3362//4696 3604//4696 3360//4696
f 3338//4697 3330//4697 3614//4697
f 3614//4698 3330//4698 3332//4698
f 3614//4699 3332//4699 3605//4699
f 3605//4700 3332//4700 3334//4700
f 3605//4701 3334//4701 3360//4701
f 3346//4702 3344//4702 3615//4702
f 3615//4703 3344//4703 3342//4703
f 3615//4704 3342//4704 3614//4704
f 3614//4705 3342//4705 3340//4705
f 3614//4706 3340//4706 3338//4706
f 3616//4707 3354//4707 3352//4707
f 3352//4708 3351//4708 3616//4708
f 3616//4709 3351//4709 3349//4709
f 3616//4710 3349//4710 3615//4710
f 3615//4711 3349//4711 3347//4711
f 3615//4712 3347//4712 3346//4712
f 3354//4713 3616//4713 3356//4713
f 3356//4714 3616//4714 3617//4714
f 3356//4715 3617//4715 3358//4715
f 3618//4716 3575//4716 3574//4716
f 3573//4717 3575//4717 3606//4717
f 3606//4718 3575//4718 3618//4718
f 3606//4719 3618//4719 3619//4719
f 3619//4720 3618//4720 3620//4720
f 3621//4721 3607//4721 3620//4721
f 3620//4722 3607//4722 3608//4722
f 3620//4723 3608//4723 3619//4723
f 3619//4724 3608//4724 3311//4724
f 3619//4725 3311//4725 3606//4725
f 3606//4726 3311//4726 3312//4726
f 3606//4727 3312//4727 3314//4727
f 3589//4728 3622//4728 3613//4728
f 3613//4729 3622//4729 3623//4729
f 3613//4730 3623//4730 3624//4730
f 3589//4731 3292//4731 3622//4731
f 3622//4732 3292//4732 3294//4732
f 3622//4733 3294//4733 3623//4733
f 3623//4734 3294//4734 3612//4734
f 3623//4735 3612//4735 3624//4735
f 3624//4736 3612//4736 3611//4736
f 3624//4737 3611//4737 3625//4737
f 3625//4738 3611//4738 3610//4738
f 3625//4739 3610//4739 3621//4739
f 3621//4740 3610//4740 3609//4740
f 3621//4741 3609//4741 3607//4741
f 3607//4742 3609//4742 3323//4742
f 3607//4743 3323//4743 3325//4743
f 3268//4744 3358//4744 3572//4744
f 3572//4745 3358//4745 3617//4745
f 3572//4746 3617//4746 3603//4746
f 3603//4747 3617//4747 3616//4747
f 3603//4747 3616//4747 3626//4747
f 3626//4748 3616//4748 3615//4748
f 3626//4748 3615//4748 3627//4748
f 3627//4749 3615//4749 3614//4749
f 3627//4750 3614//4750 3628//4750
f 3628//4751 3614//4751 3605//4751
f 3628//4752 3605//4752 3629//4752
f 3629//4753 3605//4753 3604//4753
f 3629//4753 3604//4753 3630//4753
f 3630//4754 3604//4754 3577//4754
f 3630//4755 3577//4755 3576//4755
f 3574//4756 3603//4756 3618//4756
f 3618//4757 3603//4757 3626//4757
f 3618//4757 3626//4757 3620//4757
f 3620//4758 3626//4758 3627//4758
f 3620//4759 3627//4759 3621//4759
f 3621//4760 3627//4760 3628//4760
f 3621//4761 3628//4761 3625//4761
f 3625//4762 3628//4762 3629//4762
f 3625//4763 3629//4763 3624//4763
f 3624//4764 3629//4764 3630//4764
f 3624//4765 3630//4765 3613//4765
f 3613//4766 3630//4766 3576//4766
f 3613//4767 3576//4767 3593//4767
f 3631//4768 3273//4768 3272//4768
f 3384//4769 3478//4769 3583//4769
f 3583//4770 3478//4770 3632//4770
f 3583//4771 3632//4771 3584//4771
f 3584//4771 3632//4771 3633//4771
f 3584//4772 3633//4772 3602//4772
f 3602//4773 3633//4773 3631//4773
f 3602//4774 3631//4774 3579//4774
f 3579//4775 3631//4775 3272//4775
f 3478//4776 3479//4776 3632//4776
f 3632//4777 3479//4777 3634//4777
f 3632//4778 3634//4778 3633//4778
f 3633//4778 3634//4778 3635//4778
f 3633//4779 3635//4779 3631//4779
f 3631//4779 3635//4779 3636//4779
f 3631//4780 3636//4780 3273//4780
f 3273//4780 3636//4780 3277//4780
f 3277//4781 3637//4781 3476//4781
f 3476//4782 3637//4782 3638//4782
f 3476//4783 3638//4783 3477//4783
f 3639//4784 3640//4784 3641//4784
f 3641//4785 3640//4785 3642//4785
f 3641//4786 3642//4786 3637//4786
f 3637//4787 3642//4787 3643//4787
f 3637//4788 3643//4788 3638//4788
f 3017//4789 3014//4789 3639//4789
f 3014//4790 3013//4790 3639//4790
f 3639//4791 3013//4791 3644//4791
f 3639//4792 3644//4792 3640//4792
f 3634//4793 3479//4793 3480//4793
f 3277//4794 3636//4794 3637//4794
f 3637//4795 3636//4795 3635//4795
f 3637//4796 3635//4796 3641//4796
f 3641//4797 3635//4797 3634//4797
f 3641//4798 3634//4798 3639//4798
f 3639//4799 3634//4799 3480//4799
f 3639//4800 3480//4800 3017//4800
f 3013//4801 3012//4801 3645//4801
f 3013//4802 3645//4802 3644//4802
f 3644//4803 3645//4803 3646//4803
f 3644//4804 3646//4804 3640//4804
f 3640//4805 3646//4805 3642//4805
f 3642//4806 3646//4806 3647//4806
f 3642//4807 3647//4807 3643//4807
f 3643//4808 3647//4808 3638//4808
f 3638//4809 3647//4809 3134//4809
f 3638//4810 3134//4810 3477//4810
f 3132//4811 3134//4811 3648//4811
f 3648//4812 3134//4812 3647//4812
f 3648//4813 3647//4813 3649//4813
f 3649//4814 3647//4814 3646//4814
f 3649//4815 3646//4815 3650//4815
f 3650//4816 3646//4816 3645//4816
f 3650//4817 3645//4817 3016//4817
f 3016//4818 3645//4818 3012//4818
f 3651//4819 3648//4819 3649//4819
f 3652//4820 3532//4820 3533//4820
f 3015//4821 3010//4821 3653//4821
f 3015//4822 3653//4822 3654//4822
f 3653//4823 3655//4823 3654//4823
f 3654//4824 3655//4824 3656//4824
f 3654//4825 3656//4825 3657//4825
f 3658//4826 3651//4826 3657//4826
f 3657//4827 3651//4827 3649//4827
f 3657//4828 3649//4828 3654//4828
f 3654//4829 3649//4829 3650//4829
f 3654//4830 3650//4830 3015//4830
f 3015//4831 3650//4831 3016//4831
f 2987//4832 3532//4832 3659//4832
f 3659//4833 3532//4833 3652//4833
f 3659//4834 3652//4834 3660//4834
f 3660//4835 3652//4835 3661//4835
f 3656//4836 3661//4836 3657//4836
f 3657//4837 3661//4837 3652//4837
f 3657//4838 3652//4838 3658//4838
f 3658//4839 3652//4839 3533//4839
f 3658//4840 3533//4840 3651//4840
f 3651//4841 3533//4841 3132//4841
f 3651//4842 3132//4842 3648//4842
f 3662//4843 845//4843 2987//4843
f 845//4844 3662//4844 846//4844
f 846//4845 3662//4845 3663//4845
f 846//4846 3663//4846 839//4846
f 839//4847 3663//4847 3664//4847
f 839//4848 3664//4848 840//4848
f 840//4849 3664//4849 3665//4849
f 840//4850 3665//4850 841//4850
f 841//4851 3665//4851 3011//4851
f 841//4852 3011//4852 842//4852
f 3010//4853 3011//4853 3653//4853
f 3653//4854 3011//4854 3665//4854
f 3653//4855 3665//4855 3655//4855
f 3655//4856 3665//4856 3664//4856
f 2987//4857 3659//4857 3662//4857
f 3662//4858 3659//4858 3660//4858
f 3662//4859 3660//4859 3663//4859
f 3663//4860 3660//4860 3661//4860
f 3663//4861 3661//4861 3664//4861
f 3664//4861 3661//4861 3656//4861
f 3664//4862 3656//4862 3655//4862
f 3192//4863 3293//4863 3193//4863
f 3193//4864 3293//4864 3291//4864
f 3193//4865 3291//4865 3195//4865
f 3195//4865 3291//4865 3289//4865
f 3195//4866 3289//4866 3205//4866
f 3205//4867 3289//4867 3287//4867
f 3205//4868 3287//4868 3204//4868
f 3204//4868 3287//4868 3285//4868
f 3204//4869 3285//4869 3203//4869
f 3203//4870 3285//4870 3284//4870
f 3203//4871 3284//4871 3202//4871
f 3202//4871 3284//4871 3274//4871
f 3202//4872 3274//4872 3201//4872
f 3201//4872 3274//4872 3279//4872
f 3201//4873 3279//4873 3200//4873
f 3200//4874 3279//4874 3278//4874
f 3200//4875 3278//4875 3199//4875
f 3199//4876 3278//4876 3276//4876
f 3199//4877 3276//4877 3198//4877
f 3198//4878 3276//4878 3303//4878
f 3198//4879 3303//4879 3197//4879
f 3197//4880 3303//4880 3305//4880
f 3196//2433 3194//2433 3666//2433
f 3667//2433 3327//2433 3373//2433
f 3333//2433 3331//2433 3668//2433
f 3333//2433 3669//2433 3361//2433
f 3361//2433 3669//2433 3363//2433
f 3670//2433 3671//2433 3333//2433
f 3333//2433 3671//2433 3672//2433
f 3196//2433 3666//2433 3191//2433
f 3363//2433 3669//2433 3365//2433
f 3365//2433 3669//2433 3191//2433
f 3365//2433 3191//2433 3367//2433
f 3367//2433 3191//2433 3666//2433
f 3367//2433 3666//2433 3673//2433
f 3668//2433 3674//2433 3333//2433
f 3333//2433 3674//2433 3675//2433
f 3333//2433 3675//2433 3676//2433
f 3676//2433 3677//2433 3333//2433
f 3333//2433 3677//2433 3678//2433
f 3333//2433 3678//2433 3670//2433
f 3673//2433 3679//2433 3367//2433
f 3367//2433 3679//2433 3680//2433
f 3367//2433 3680//2433 3369//2433
f 3369//2433 3680//2433 3681//2433
f 3369//2433 3681//2433 3371//2433
f 3672//2433 3682//2433 3333//2433
f 3333//2433 3682//2433 3683//2433
f 3333//2433 3683//2433 3669//2433
f 3669//2433 3683//2433 3684//2433
f 3669//2433 3684//2433 3685//2433
f 3686//2433 3687//2433 3373//2433
f 3373//2433 3687//2433 3688//2433
f 3373//2433 3688//2433 3667//2433
f 3681//2433 3689//2433 3371//2433
f 3371//2433 3689//2433 3690//2433
f 3371//2433 3690//2433 3373//2433
f 3373//2433 3690//2433 3691//2433
f 3373//2433 3691//2433 3686//2433
f 3407//3518 3143//3518 3142//3518
f 3685//3518 3684//3518 3142//3518
f 3142//3518 3684//3518 3404//3518
f 3142//3518 3404//3518 3407//3518
f 3138//3517 3385//3517 3139//3517
f 3139//3517 3385//3517 3386//3517
f 3139//3517 3386//3517 3194//3517
f 3194//3517 3386//3517 3666//3517
f 3404//3537 3684//3537 3412//3537
f 3412//3537 3684//3537 3683//3537
f 3412//4881 3683//4881 3413//4881
f 3413//4882 3683//4882 3682//4882
f 3413//3539 3682//3539 3427//3539
f 3427//3539 3682//3539 3672//3539
f 3427//4883 3672//4883 3428//4883
f 3428//4883 3672//4883 3671//4883
f 3428//3542 3671//3542 3429//3542
f 3429//4884 3671//4884 3670//4884
f 3429//4885 3670//4885 3432//4885
f 3432//4886 3670//4886 3678//4886
f 3432//3546 3678//3546 3433//3546
f 3433//3546 3678//3546 3677//3546
f 3433//4887 3677//4887 3434//4887
f 3434//4888 3677//4888 3676//4888
f 3434//4889 3676//4889 3411//4889
f 3411//3550 3676//3550 3675//3550
f 3411//3552 3675//3552 3402//3552
f 3402//4890 3675//4890 3674//4890
f 3402//4891 3674//4891 3403//4891
f 3674//4892 3668//4892 3403//4892
f 3403//4893 3668//4893 3331//4893
f 3403//4894 3331//4894 3335//4894
f 3143//3519 3407//3519 3181//3519
f 3181//3519 3407//3519 3408//3519
f 3181//3520 3408//3520 3182//3520
f 3182//3520 3408//3520 3409//3520
f 3182//4895 3409//4895 3183//4895
f 3183//3522 3409//3522 3431//3522
f 3183//3523 3431//3523 3189//3523
f 3189//4896 3431//4896 3430//4896
f 3189//3525 3430//3525 3190//3525
f 3190//3525 3430//3525 3416//3525
f 3190//3526 3416//3526 3186//3526
f 3186//3526 3416//3526 3415//3526
f 3186//3528 3415//3528 3187//3528
f 3187//3528 3415//3528 3414//3528
f 3187//3530 3414//3530 3188//3530
f 3188//3530 3414//3530 3406//3530
f 3188//3531 3406//3531 3145//3531
f 3145//4897 3406//4897 3405//4897
f 3145//3533 3405//3533 3146//3533
f 3405//3533 3410//3533 3146//3533
f 3146//3534 3410//3534 3206//3534
f 3146//3534 3206//3534 3147//3534
f 3385//3558 3138//3558 3388//3558
f 3388//3558 3138//3558 3144//3558
f 3388//4898 3144//4898 3389//4898
f 3389//4899 3144//4899 3180//4899
f 3389//4900 3180//4900 3394//4900
f 3394//4900 3180//4900 3179//4900
f 3394//4901 3179//4901 3395//4901
f 3395//4902 3179//4902 3178//4902
f 3395//4903 3178//4903 3396//4903
f 3396//3561 3178//3561 3185//3561
f 3396//4904 3185//4904 3400//4904
f 3400//4905 3185//4905 3184//4905
f 3400//4906 3184//4906 3401//4906
f 3401//4907 3184//4907 3177//4907
f 3401//4908 3177//4908 3397//4908
f 3397//4908 3177//4908 3176//4908
f 3397//4909 3176//4909 3398//4909
f 3398//4909 3176//4909 3175//4909
f 3398//4910 3175//4910 3399//4910
f 3175//4911 3174//4911 3399//4911
f 3399//3571 3174//3571 3173//3571
f 3399//3571 3173//3571 3219//3571
f 3666//3572 3386//3572 3673//3572
f 3673//3572 3386//3572 3387//3572
f 3673//3573 3387//3573 3679//3573
f 3679//4912 3387//4912 3426//4912
f 3679//4913 3426//4913 3680//4913
f 3680//4914 3426//4914 3425//4914
f 3680//3575 3425//3575 3681//3575
f 3681//4915 3425//4915 3424//4915
f 3681//4916 3424//4916 3689//4916
f 3689//4916 3424//4916 3423//4916
f 3689//4917 3423//4917 3690//4917
f 3690//4917 3423//4917 3422//4917
f 3690//4918 3422//4918 3691//4918
f 3691//4919 3422//4919 3421//4919
f 3691//3583 3421//3583 3686//3583
f 3686//4920 3421//4920 3420//4920
f 3686//4921 3420//4921 3687//4921
f 3687//4922 3420//4922 3418//4922
f 3687//4923 3418//4923 3688//4923
f 3688//4923 3418//4923 3417//4923
f 3688//4924 3417//4924 3667//4924
f 3417//4924 3419//4924 3667//4924
f 3667//4925 3419//4925 3328//4925
f 3667//4925 3328//4925 3327//4925
f 3106//4926 3034//4926 3036//4926
f 3106//4927 3036//4927 3030//4927
f 3096//4928 3098//4928 3088//4928
f 3088//4929 3098//4929 3100//4929
f 3088//4930 3100//4930 3086//4930
f 3086//4931 3100//4931 3103//4931
f 3086//4932 3103//4932 3036//4932
f 3036//4933 3103//4933 3031//4933
f 3036//4934 3031//4934 3030//4934
f 3093//4935 3050//4935 3052//4935
f 3093//4936 3052//4936 3091//4936
f 3088//4937 3090//4937 3096//4937
f 3096//4938 3090//4938 3091//4938
f 3096//4939 3091//4939 3094//4939
f 3094//4940 3091//4940 3052//4940
f 3094//4941 3052//4941 3047//4941
f 3504//4942 3116//4942 3503//4942
f 3503//4943 3116//4943 3114//4943
f 3503//4944 3114//4944 3501//4944
f 3000//4945 3002//4945 3500//4945
f 3500//4946 3002//4946 3502//4946
f 3002//4947 3525//4947 3502//4947
f 3502//4948 3525//4948 3527//4948
f 3502//4949 3527//4949 3122//4949
f 3122//4950 3121//4950 3502//4950
f 3502//4951 3121//4951 3119//4951
f 3502//4952 3119//4952 3504//4952
f 3504//4953 3119//4953 3118//4953
f 3504//4954 3118//4954 3116//4954
f 818//4955 820//4955 3506//4955
f 3506//4956 820//4956 2998//4956
f 3506//4957 2998//4957 3505//4957
f 3505//4958 2998//4958 3000//4958
f 3505//4959 3000//4959 3499//4959
f 3499//4960 3000//4960 3500//4960
f 3127//4961 3108//4961 3513//4961
f 3513//4962 3108//4962 3107//4962
f 3513//4963 3107//4963 3518//4963
f 3518//4964 3107//4964 3136//4964
f 3518//4965 3136//4965 3517//4965
f 3517//4966 3136//4966 3135//4966
f 3517//4967 3135//4967 3514//4967
f 2993//4968 2992//4968 3519//4968
f 3519//4969 2992//4969 3530//4969
f 3519//4970 3530//4970 3512//4970
f 3512//4971 3530//4971 3531//4971
f 3512//4972 3531//4972 3513//4972
f 3513//4973 3531//4973 3131//4973
f 3513//4974 3131//4974 3127//4974
f 823//4975 825//4975 3516//4975
f 3516//4976 825//4976 2993//4976
f 3516//4957 2993//4957 3520//4957
f 3520//4977 2993//4977 3519//4977
f 3197//4978 3305//4978 3283//4978
f 3197//4979 3283//4979 3692//4979
f 3692//4980 3283//4980 3281//4980
f 3692//4981 3281//4981 3693//4981
f 3693//4982 3281//4982 3280//4982
f 3693//4983 3280//4983 3694//4983
f 3694//4984 3280//4984 3318//4984
f 3694//4985 3318//4985 3695//4985
f 3695//4986 3318//4986 3317//4986
f 3695//4987 3317//4987 3315//4987
f 3313//4988 3696//4988 3315//4988
f 3315//4989 3696//4989 3697//4989
f 3315//4990 3697//4990 3695//4990
f 3313//4991 3310//4991 3696//4991
f 3696//4992 3310//4992 3309//4992
f 3696//4993 3309//4993 3698//4993
f 3698//4994 3309//4994 3324//4994
f 3698//4995 3324//4995 3699//4995
f 3324//4996 3322//4996 3699//4996
f 3699//4997 3322//4997 3320//4997
f 3699//4998 3320//4998 3700//4998
f 3700//4999 3320//4999 3319//4999
f 3700//5000 3319//5000 3701//5000
f 3701//5001 3319//5001 3299//5001
f 3701//5002 3299//5002 3702//5002
f 3293//5003 3192//5003 3295//5003
f 3295//5004 3192//5004 3702//5004
f 3295//5005 3702//5005 3297//5005
f 3297//5006 3702//5006 3299//5006
f 3058//2433 3067//2433 3025//2433
f 3025//2433 3067//2433 3066//2433
f 3025//2433 3066//2433 3064//2433
f 3064//2433 3062//2433 3025//2433
f 3025//2433 3062//2433 3061//2433
f 3025//2433 3061//2433 3026//2433
f 3026//2433 3061//2433 3039//2433
f 3026//2433 3039//2433 3038//2433
f 3058//2433 3025//2433 3056//2433
f 3056//2433 3025//2433 3104//2433
f 3056//2433 3104//2433 3045//2433
f 3045//2433 3104//2433 3027//2433
f 3045//2433 3027//2433 3046//2433
f 3046//2433 3027//2433 3029//2433
f 3046//2433 3029//2433 3102//2433
f 3102//2433 3101//2433 3046//2433
f 3046//2433 3101//2433 3099//2433
f 3046//2433 3099//2433 3095//2433
f 3095//2433 3099//2433 3097//2433
f 3083//2433 3081//2433 3007//2433
f 3083//2433 3007//2433 3074//2433
f 3074//2433 3007//2433 3009//2433
f 3074//2433 3009//2433 3076//2433
f 3081//2433 3079//2433 3007//2433
f 3007//2433 3079//2433 3077//2433
f 3007//2433 3077//2433 3033//2433
f 3092//2433 3089//2433 3087//2433
f 3077//2433 3049//2433 3033//2433
f 3033//2433 3049//2433 3048//2433
f 3033//2433 3048//2433 3035//2433
f 3035//2433 3048//2433 3092//2433
f 3035//2433 3092//2433 3085//2433
f 3085//2433 3092//2433 3087//2433
usemtl silver
f 22//16 23//16 24//16
f 25//17 26//17 27//17
f 27//18 26//18 28//18
f 29//19 22//19 30//19
f 30//20 22//20 24//20
f 30//21 24//21 26//21
f 26//22 24//22 31//22
f 26//23 31//23 28//23
f 32//24 33//24 34//24
f 34//25 33//25 35//25
f 34//26 35//26 36//26
f 36//27 35//27 37//27
f 36//28 37//28 38//28
f 38//29 37//29 39//29
f 38//30 39//30 40//30
f 40//31 39//31 41//31
f 40//32 41//32 42//32
f 42//33 41//33 43//33
f 42//34 43//34 44//34
f 44//35 43//35 45//35
f 44//36 45//36 46//36
f 46//37 45//37 47//37
f 47//38 45//38 26//38
f 47//39 26//39 25//39
f 48//40 49//40 50//40
f 51//41 52//41 53//41
f 53//42 52//42 50//42
f 53//43 50//43 54//43
f 54//44 50//44 55//44
f 55//45 50//45 49//45
f 55//46 49//46 56//46
f 57//47 48//47 58//47
f 58//48 48//48 50//48
f 58//49 50//49 59//49
f 59//50 50//50 52//50
f 59//51 52//51 60//51
f 60//52 52//52 51//52
f 61//53 62//53 63//53
f 62//54 61//54 64//54
f 64//55 61//55 65//55
f 64//56 65//56 66//56
f 60//57 51//57 67//57
f 67//58 51//58 68//58
f 67//59 68//59 66//59
f 66//60 68//60 69//60
f 66//61 69//61 64//61
f 70//62 71//62 72//62
f 72//63 71//63 73//63
f 74//64 75//64 76//64
f 76//65 75//65 77//65
f 76//66 77//66 78//66
f 79//67 80//67 81//67
f 77//68 82//68 78//68
f 78//69 82//69 79//69
f 78//70 79//70 83//70
f 83//71 79//71 81//71
f 83//72 81//72 84//72
f 85//73 86//73 87//73
f 87//74 88//74 85//74
f 85//75 88//75 89//75
f 85//76 89//76 90//76
f 90//77 89//77 91//77
f 63//78 92//78 61//78
f 61//79 92//79 93//79
f 61//80 93//80 65//80
f 65//81 93//81 94//81
f 65//82 94//82 95//82
f 95//83 94//83 91//83
f 95//84 91//84 96//84
f 96//85 91//85 89//85
f 65//86 97//86 66//86
f 66//87 97//87 98//87
f 66//88 98//88 67//88
f 67//89 98//89 59//89
f 67//90 59//90 60//90
f 70//91 72//91 99//91
f 99//92 72//92 100//92
f 99//93 100//93 101//93
f 102//94 80//94 103//94
f 103//95 80//95 79//95
f 103//96 79//96 104//96
f 104//97 79//97 82//97
f 104//98 82//98 105//98
f 105//99 82//99 77//99
f 105//100 77//100 101//100
f 101//101 77//101 75//101
f 101//102 75//102 99//102
f 99//103 75//103 74//103
f 99//104 74//104 70//104
f 87//105 102//105 88//105
f 88//106 102//106 103//106
f 88//107 103//107 89//107
f 89//108 103//108 104//108
f 89//109 104//109 96//109
f 96//110 104//110 105//110
f 96//111 105//111 95//111
f 95//112 105//112 101//112
f 95//113 101//113 65//113
f 65//114 101//114 100//114
f 65//115 100//115 97//115
f 97//116 100//116 72//116
f 97//117 72//117 98//117
f 98//118 72//118 73//118
f 98//119 73//119 59//119
f 106//120 107//120 108//120
f 108//121 107//121 109//121
f 109//122 107//122 110//122
f 110//123 107//123 111//123
f 110//124 111//124 112//124
f 113//125 111//125 114//125
f 114//126 111//126 107//126
f 114//127 107//127 115//127
f 115//128 107//128 106//128
f 115//129 106//129 116//129
f 117//130 118//130 119//130
f 120//131 121//131 122//131
f 122//132 121//132 123//132
f 122//133 123//133 124//133
f 125//134 126//134 123//134
f 123//135 126//135 127//135
f 123//136 127//136 124//136
f 128//137 129//137 130//137
f 131//138 132//138 133//138
f 133//139 132//139 134//139
f 133//140 134//140 128//140
f 135//141 136//141 131//141
f 131//142 136//142 137//142
f 131//143 137//143 132//143
f 128//144 130//144 133//144
f 133//145 130//145 138//145
f 133//146 138//146 131//146
f 131//147 138//147 125//147
f 131//148 125//148 135//148
f 135//149 125//149 123//149
f 135//150 123//150 136//150
f 136//151 123//151 121//151
f 136//152 121//152 117//152
f 117//153 121//153 120//153
f 117//154 120//154 118//154
f 139//155 140//155 141//155
f 140//156 139//156 134//156
f 139//157 142//157 134//157
f 134//158 142//158 143//158
f 134//159 143//159 128//159
f 128//160 143//160 129//160
f 141//161 144//161 139//161
f 139//162 144//162 145//162
f 139//163 145//163 146//163
f 147//164 148//164 149//164
f 144//165 150//165 151//165
f 148//166 147//166 151//166
f 151//167 147//167 145//167
f 151//168 145//168 144//168
f 152//169 153//169 149//169
f 149//170 153//170 154//170
f 149//171 154//171 147//171
f 147//172 154//172 155//172
f 147//173 155//173 145//173
f 145//174 155//174 146//174
f 22//175 29//175 156//175
f 156//176 29//176 157//176
f 156//177 157//177 158//177
f 159//178 160//178 161//178
f 160//179 159//179 162//179
f 162//180 159//180 111//180
f 162//181 111//181 113//181
f 23//182 22//182 161//182
f 161//183 22//183 156//183
f 161//184 156//184 159//184
f 159//185 156//185 158//185
f 159//186 158//186 111//186
f 111//187 158//187 112//187
f 163//188 164//188 165//188
f 166//189 167//189 168//189
f 169//190 170//190 171//190
f 172//191 173//191 174//191
f 174//192 173//192 175//192
f 176//193 175//193 177//193
f 177//192 175//192 173//192
f 177//194 173//194 178//194
f 178//195 173//195 172//195
f 178//196 172//196 179//196
f 169//197 171//197 152//197
f 180//198 181//198 182//198
f 152//199 171//199 153//199
f 153//200 171//200 183//200
f 153//201 183//201 154//201
f 154//202 183//202 180//202
f 154//203 180//203 155//203
f 155//204 180//204 182//204
f 155//205 182//205 146//205
f 113//206 163//206 162//206
f 162//207 163//207 165//207
f 162//208 165//208 160//208
f 160//209 165//209 184//209
f 160//210 184//210 161//210
f 161//211 184//211 174//211
f 161//212 174//212 23//212
f 23//213 174//213 175//213
f 23//214 175//214 24//214
f 24//215 175//215 176//215
f 24//216 176//216 31//216
f 185//217 179//217 186//217
f 186//218 179//218 172//218
f 186//219 172//219 187//219
f 187//220 172//220 174//220
f 187//221 174//221 188//221
f 188//222 174//222 184//222
f 188//223 184//223 168//223
f 168//224 184//224 165//224
f 168//225 165//225 166//225
f 166//226 165//226 164//226
f 167//227 181//227 168//227
f 168//228 181//228 180//228
f 168//229 180//229 188//229
f 188//230 180//230 183//230
f 188//231 183//231 187//231
f 187//232 183//232 171//232
f 187//233 171//233 186//233
f 186//234 171//234 170//234
f 186//235 170//235 185//235
f 189//236 190//236 191//236
f 192//237 57//237 193//237
f 193//238 57//238 58//238
f 194//239 195//239 193//239
f 193//240 195//240 196//240
f 193//241 196//241 192//241
f 192//242 196//242 197//242
f 192//243 197//243 191//243
f 191//244 197//244 198//244
f 191//245 198//245 189//245
f 194//246 193//246 199//246
f 199//247 193//247 58//247
f 199//248 58//248 59//248
f 200//249 201//249 202//249
f 203//250 204//250 205//250
f 43//251 41//251 206//251
f 32//252 207//252 208//252
f 209//253 189//253 198//253
f 39//254 37//254 200//254
f 200//255 37//255 35//255
f 200//256 35//256 201//256
f 201//257 35//257 33//257
f 210//258 157//258 211//258
f 211//259 157//259 29//259
f 211//260 29//260 212//260
f 212//261 29//261 30//261
f 158//262 213//262 112//262
f 112//263 213//263 214//263
f 112//264 214//264 110//264
f 110//265 214//265 215//265
f 110//266 215//266 109//266
f 109//267 215//267 216//267
f 109//268 216//268 108//268
f 108//269 216//269 83//269
f 108//270 83//270 84//270
f 71//271 70//271 217//271
f 217//272 70//272 74//272
f 199//273 59//273 73//273
f 199//274 73//274 194//274
f 73//275 71//275 194//275
f 194//276 71//276 217//276
f 194//277 217//277 195//277
f 195//278 217//278 218//278
f 195//279 218//279 196//279
f 207//280 209//280 208//280
f 208//281 209//281 198//281
f 208//282 198//282 219//282
f 219//283 198//283 197//283
f 219//284 197//284 220//284
f 220//285 197//285 196//285
f 220//286 196//286 221//286
f 221//287 196//287 218//287
f 204//288 203//288 202//288
f 203//289 222//289 202//289
f 202//290 222//290 223//290
f 202//291 223//291 200//291
f 200//292 223//292 206//292
f 200//293 206//293 39//293
f 39//294 206//294 41//294
f 45//295 43//295 224//295
f 224//296 43//296 206//296
f 224//297 206//297 225//297
f 225//298 206//298 223//298
f 225//299 223//299 226//299
f 226//300 223//300 222//300
f 226//301 222//301 227//301
f 227//302 222//302 203//302
f 227//303 203//303 228//303
f 228//304 203//304 205//304
f 228//305 205//305 229//305
f 229//306 205//306 230//306
f 229//307 230//307 231//307
f 231//308 230//308 232//308
f 231//309 232//309 233//309
f 78//310 83//310 234//310
f 234//311 83//311 216//311
f 234//312 216//312 235//312
f 235//313 216//313 215//313
f 235//314 215//314 236//314
f 236//315 215//315 214//315
f 236//316 214//316 237//316
f 237//317 214//317 213//317
f 237//318 213//318 210//318
f 210//319 213//319 158//319
f 210//320 158//320 157//320
f 26//321 45//321 30//321
f 30//322 45//322 224//322
f 30//323 224//323 212//323
f 212//324 224//324 225//324
f 212//325 225//325 211//325
f 211//326 225//326 226//326
f 211//327 226//327 210//327
f 210//328 226//328 227//328
f 210//329 227//329 237//329
f 237//330 227//330 228//330
f 237//331 228//331 236//331
f 236//332 228//332 229//332
f 236//333 229//333 235//333
f 235//334 229//334 231//334
f 235//335 231//335 234//335
f 234//336 231//336 233//336
f 234//337 233//337 78//337
f 78//338 233//338 76//338
f 33//339 32//339 201//339
f 201//340 32//340 208//340
f 201//341 208//341 202//341
f 202//342 208//342 219//342
f 202//343 219//343 204//343
f 204//344 219//344 220//344
f 204//345 220//345 205//345
f 205//346 220//346 221//346
f 205//347 221//347 230//347
f 230//348 221//348 218//348
f 230//349 218//349 232//349
f 232//350 218//350 217//350
f 232//351 217//351 233//351
f 233//352 217//352 74//352
f 233//353 74//353 76//353
f 238//354 57//354 192//354
f 239//355 240//355 241//355
f 241//356 240//356 242//356
f 243//357 244//357 245//357
f 245//358 244//358 246//358
f 245//359 246//359 247//359
f 248//360 249//360 243//360
f 243//361 249//361 250//361
f 243//362 250//362 244//362
f 57//363 238//363 48//363
f 48//364 238//364 251//364
f 48//365 251//365 49//365
f 49//366 251//366 252//366
f 49//367 252//367 56//367
f 253//368 254//368 255//368
f 256//369 56//369 255//369
f 255//370 56//370 252//370
f 255//371 252//371 253//371
f 253//372 252//372 251//372
f 253//373 251//373 257//373
f 257//374 251//374 238//374
f 257//375 238//375 258//375
f 258//376 238//376 192//376
f 258//377 192//377 259//377
f 259//378 192//378 191//378
f 259//379 191//379 248//379
f 248//380 191//380 190//380
f 248//381 243//381 259//381
f 259//382 243//382 245//382
f 259//383 245//383 258//383
f 258//384 245//384 247//384
f 258//385 247//385 257//385
f 257//386 247//386 241//386
f 257//387 241//387 253//387
f 253//388 241//388 242//388
f 253//389 242//389 254//389
f 254//390 242//390 260//390
f 254//391 260//391 255//391
f 255//392 260//392 261//392
f 255//393 261//393 256//393
f 68//394 51//394 53//394
f 262//395 263//395 264//395
f 262//396 264//396 265//396
f 266//397 267//397 265//397
f 268//398 269//398 270//398
f 270//399 269//399 271//399
f 270//400 271//400 272//400
f 272//401 271//401 273//401
f 273//402 271//402 274//402
f 273//403 274//403 275//403
f 256//404 276//404 56//404
f 56//405 276//405 277//405
f 56//406 277//406 55//406
f 55//407 277//407 54//407
f 68//408 53//408 69//408
f 54//409 277//409 53//409
f 53//410 277//410 278//410
f 53//411 278//411 69//411
f 69//412 278//412 279//412
f 69//413 279//413 64//413
f 280//414 62//414 64//414
f 281//415 282//415 283//415
f 283//416 282//416 63//416
f 283//417 63//417 62//417
f 62//418 280//418 283//418
f 283//419 280//419 284//419
f 283//420 284//420 281//420
f 64//421 279//421 280//421
f 280//422 279//422 266//422
f 280//423 266//423 284//423
f 284//424 266//424 265//424
f 284//425 265//425 281//425
f 281//426 265//426 264//426
f 281//427 264//427 282//427
f 276//428 275//428 277//428
f 277//429 275//429 274//429
f 277//430 274//430 278//430
f 278//431 274//431 271//431
f 278//432 271//432 279//432
f 279//433 271//433 269//433
f 279//434 269//434 266//434
f 266//435 269//435 268//435
f 266//436 268//436 267//436
f 327//490 328//490 242//490
f 242//491 328//491 329//491
f 242//492 329//492 330//492
f 240//493 331//493 242//493
f 242//494 331//494 332//494
f 242//495 332//495 327//495
f 242//496 330//496 333//496
f 242//497 333//497 260//497
f 260//498 333//498 334//498
f 260//499 334//499 335//499
f 335//500 336//500 260//500
f 260//501 336//501 337//501
f 260//502 337//502 338//502
f 338//503 339//503 260//503
f 260//504 339//504 340//504
f 260//505 340//505 261//505
f 341//506 342//506 343//506
f 342//507 341//507 344//507
f 344//508 341//508 345//508
f 344//509 345//509 346//509
f 341//510 347//510 345//510
f 345//511 347//511 348//511
f 345//512 348//512 349//512
f 349//513 348//513 350//513
f 350//514 348//514 351//514
f 350//515 351//515 352//515
f 352//516 351//516 353//516
f 352//517 353//517 354//517
f 343//518 355//518 341//518
f 341//519 355//519 356//519
f 341//520 356//520 347//520
f 347//521 356//521 357//521
f 347//522 357//522 348//522
f 348//523 357//523 358//523
f 348//524 358//524 351//524
f 351//525 358//525 359//525
f 351//526 359//526 353//526
f 353//527 359//527 360//527
f 137//528 361//528 362//528
f 136//529 117//529 363//529
f 364//530 363//530 365//530
f 365//531 363//531 117//531
f 365//532 117//532 119//532
f 140//533 134//533 366//533
f 366//534 134//534 132//534
f 150//535 144//535 367//535
f 367//536 144//536 141//536
f 368//537 369//537 362//537
f 362//538 369//538 366//538
f 362//539 366//539 137//539
f 137//540 366//540 132//540
f 354//541 370//541 352//541
f 352//542 370//542 371//542
f 350//543 352//543 368//543
f 368//544 352//544 371//544
f 368//545 371//545 369//545
f 369//546 371//546 372//546
f 369//547 372//547 366//547
f 366//548 372//548 367//548
f 366//549 367//549 140//549
f 140//550 367//550 141//550
f 364//551 346//551 363//551
f 363//552 346//552 345//552
f 363//553 345//553 373//553
f 373//554 345//554 349//554
f 137//555 136//555 361//555
f 361//556 136//556 363//556
f 361//557 363//557 362//557
f 362//558 363//558 373//558
f 362//559 373//559 368//559
f 368//560 373//560 349//560
f 368//561 349//561 350//561
f 374//562 375//562 376//562
f 377//563 378//563 379//563
f 376//564 375//564 379//564
f 379//565 375//565 380//565
f 379//566 380//566 377//566
f 381//567 382//567 86//567
f 86//568 382//568 383//568
f 86//569 383//569 87//569
f 384//570 80//570 385//570
f 385//571 80//571 102//571
f 385//572 102//572 87//572
f 386//573 84//573 384//573
f 384//574 84//574 81//574
f 384//575 81//575 80//575
f 387//576 388//576 389//576
f 389//577 388//577 116//577
f 389//578 116//578 106//578
f 390//579 391//579 392//579
f 392//580 391//580 393//580
f 382//581 374//581 383//581
f 383//582 374//582 376//582
f 383//583 376//583 394//583
f 394//584 376//584 379//584
f 87//585 383//585 385//585
f 385//586 383//586 394//586
f 385//587 394//587 384//587
f 384//588 394//588 395//588
f 384//589 395//589 386//589
f 392//590 387//590 390//590
f 390//591 387//591 389//591
f 390//592 389//592 396//592
f 396//593 389//593 106//593
f 396//594 106//594 108//594
f 378//595 393//595 379//595
f 379//596 393//596 391//596
f 379//597 391//597 394//597
f 394//598 391//598 390//598
f 394//599 390//599 395//599
f 395//600 390//600 396//600
f 395//601 396//601 386//601
f 386//602 396//602 108//602
f 386//603 108//603 84//603
f 381//604 86//604 397//604
f 397//605 86//605 85//605
f 397//606 85//606 398//606
f 398//607 85//607 90//607
f 398//608 90//608 399//608
f 399//609 90//609 91//609
f 399//610 91//610 400//610
f 400//611 91//611 94//611
f 400//612 94//612 401//612
f 401//613 94//613 93//613
f 401//614 93//614 402//614
f 402//615 93//615 403//615
f 93//616 92//616 403//616
f 403//617 92//617 63//617
f 403//618 63//618 404//618
f 263//619 405//619 264//619
f 264//620 405//620 406//620
f 264//621 406//621 282//621
f 282//622 406//622 404//622
f 282//623 404//623 63//623
f 130//624 407//624 408//624
f 116//625 388//625 409//625
f 410//626 411//626 412//626
f 413//627 414//627 415//627
f 377//628 380//628 416//628
f 417//629 393//629 418//629
f 418//630 393//630 378//630
f 418//631 378//631 419//631
f 419//632 378//632 377//632
f 419//633 377//633 420//633
f 420//634 377//634 416//634
f 420//635 416//635 421//635
f 409//636 388//636 422//636
f 422//637 388//637 387//637
f 422//638 387//638 423//638
f 423//639 387//639 392//639
f 423//640 392//640 424//640
f 425//641 426//641 115//641
f 115//642 426//642 427//642
f 115//643 427//643 114//643
f 114//644 427//644 163//644
f 114//645 163//645 113//645
f 428//646 181//646 167//646
f 139//647 146//647 428//647
f 428//648 146//648 182//648
f 428//649 182//649 181//649
f 139//650 428//650 142//650
f 142//651 428//651 429//651
f 142//652 429//652 143//652
f 407//653 130//653 429//653
f 429//654 130//654 129//654
f 429//655 129//655 143//655
f 430//656 125//656 408//656
f 408//657 125//657 138//657
f 408//658 138//658 130//658
f 413//659 415//659 431//659
f 431//660 415//660 432//660
f 431//661 432//661 433//661
f 432//662 434//662 433//662
f 433//663 434//663 124//663
f 433//664 124//664 435//664
f 435//665 124//665 127//665
f 435//666 127//666 430//666
f 430//667 127//667 126//667
f 430//668 126//668 125//668
f 164//669 163//669 436//669
f 436//670 163//670 427//670
f 436//671 427//671 437//671
f 437//672 427//672 426//672
f 437//673 426//673 438//673
f 438//674 426//674 425//674
f 438//675 425//675 439//675
f 392//676 393//676 424//676
f 424//677 393//677 417//677
f 424//678 417//678 423//678
f 423//679 417//679 440//679
f 423//680 440//680 422//680
f 422//681 440//681 439//681
f 422//682 439//682 409//682
f 409//683 439//683 425//683
f 409//684 425//684 116//684
f 116//685 425//685 115//685
f 421//686 410//686 420//686
f 420//687 410//687 412//687
f 420//688 412//688 419//688
f 419//689 412//689 441//689
f 419//690 441//690 418//690
f 418//691 441//691 442//691
f 418//692 442//692 417//692
f 417//693 442//693 443//693
f 417//694 443//694 440//694
f 440//695 443//695 444//695
f 440//696 444//696 439//696
f 439//697 444//697 445//697
f 439//698 445//698 438//698
f 438//699 445//699 446//699
f 438//700 446//700 437//700
f 437//701 446//701 447//701
f 437//702 447//702 436//702
f 436//703 447//703 448//703
f 411//704 413//704 412//704
f 412//705 413//705 431//705
f 412//706 431//706 441//706
f 441//707 431//707 433//707
f 441//708 433//708 442//708
f 442//709 433//709 435//709
f 442//710 435//710 443//710
f 443//711 435//711 430//711
f 443//712 430//712 444//712
f 444//713 430//713 408//713
f 444//714 408//714 445//714
f 445//715 408//715 407//715
f 445//716 407//716 446//716
f 446//717 407//717 429//717
f 446//718 429//718 447//718
f 447//719 429//719 428//719
f 447//720 428//720 448//720
f 448//721 428//721 167//721
f 448//722 167//722 436//722
f 436//723 167//723 166//723
f 436//724 166//724 164//724
f 449//725 450//725 451//725
f 415//726 414//726 452//726
f 453//727 454//727 455//727
f 456//728 434//728 432//728
f 122//729 124//729 434//729
f 434//730 456//730 122//730
f 122//731 456//731 457//731
f 122//732 457//732 120//732
f 120//733 457//733 458//733
f 120//734 458//734 118//734
f 450//735 459//735 457//735
f 457//736 459//736 458//736
f 458//737 459//737 460//737
f 458//738 460//738 118//738
f 118//739 460//739 461//739
f 118//740 461//740 119//740
f 449//741 451//741 462//741
f 454//742 462//742 455//742
f 455//743 462//743 451//743
f 455//744 451//744 463//744
f 463//745 451//745 464//745
f 450//746 457//746 451//746
f 451//747 457//747 456//747
f 451//748 456//748 464//748
f 464//749 456//749 432//749
f 464//750 432//750 463//750
f 463//751 432//751 415//751
f 463//752 415//752 455//752
f 455//753 415//753 452//753
f 455//754 452//754 453//754
f 487//787 453//787 452//787
f 487//788 452//788 488//788
f 489//789 490//789 488//789
f 488//790 490//790 491//790
f 488//791 452//791 489//791
f 489//792 452//792 414//792
f 489//793 414//793 490//793
f 490//794 414//794 492//794
f 490//795 492//795 493//795
f 490//1042 493//1042 649//1042
f 650//1043 651//1043 649//1043
f 649//1044 651//1044 491//1044
f 649//1045 491//1045 490//1045
f 730//1217 731//1217 732//1217
f 730//1218 732//1218 733//1218
f 733//1219 732//1219 734//1219
f 734//1220 732//1220 735//1220
f 737//1222 380//1222 375//1222
f 381//1223 738//1223 382//1223
f 382//1224 738//1224 735//1224
f 382//1225 735//1225 374//1225
f 374//1226 735//1226 732//1226
f 374//1227 732//1227 375//1227
f 375//1228 732//1228 731//1228
f 375//1229 731//1229 737//1229
f 739//1230 740//1230 741//1230
f 742//1231 736//1231 735//1231
f 743//1232 744//1232 742//1232
f 745//1233 746//1233 747//1233
f 747//1234 746//1234 748//1234
f 747//1235 748//1235 749//1235
f 750//1236 739//1236 749//1236
f 749//1237 739//1237 741//1237
f 749//1238 741//1238 747//1238
f 751//1239 752//1239 753//1239
f 754//1240 755//1240 751//1240
f 404//1241 755//1241 403//1241
f 403//1242 755//1242 754//1242
f 403//1243 754//1243 402//1243
f 402//1244 754//1244 401//1244
f 756//1245 746//1245 743//1245
f 743//1246 746//1246 745//1246
f 743//1247 745//1247 744//1247
f 397//1248 398//1248 756//1248
f 756//1249 398//1249 399//1249
f 756//1250 399//1250 746//1250
f 746//1251 399//1251 400//1251
f 746//1252 400//1252 748//1252
f 748//1253 400//1253 401//1253
f 748//1254 401//1254 749//1254
f 749//1255 401//1255 754//1255
f 749//1256 754//1256 750//1256
f 750//1257 754//1257 751//1257
f 750//1258 751//1258 739//1258
f 739//1259 751//1259 753//1259
f 739//1260 753//1260 740//1260
f 742//1261 735//1261 743//1261
f 743//1262 735//1262 738//1262
f 743//1263 738//1263 756//1263
f 756//1264 738//1264 381//1264
f 756//1265 381//1265 397//1265
f 406//1266 405//1266 685//1266
f 685//1267 576//1267 751//1267
f 751//1268 576//1268 575//1268
f 751//1269 575//1269 579//1269
f 644//1271 752//1271 751//1271
f 644//1272 751//1272 578//1272
f 578//1273 751//1273 579//1273
f 685//1274 751//1274 406//1274
f 406//1275 751//1275 755//1275
f 406//1276 755//1276 404//1276
f 410//1277 421//1277 758//1277
f 416//1278 380//1278 737//1278
f 759//1279 760//1279 761//1279
f 762//1280 763//1280 764//1280
f 414//1281 413//1281 492//1281
f 492//1282 413//1282 765//1282
f 650//1283 649//1283 765//1283
f 765//1284 649//1284 493//1284
f 765//1285 493//1285 492//1285
f 764//1286 766//1286 762//1286
f 762//1287 766//1287 650//1287
f 762//1288 650//1288 767//1288
f 767//1289 650//1289 765//1289
f 421//1290 416//1290 758//1290
f 758//1291 416//1291 737//1291
f 758//1292 737//1292 768//1292
f 768//1293 737//1293 731//1293
f 768//1294 731//1294 761//1294
f 761//1295 731//1295 730//1295
f 761//1296 730//1296 759//1296
f 759//1297 730//1297 733//1297
f 760//1298 769//1298 761//1298
f 761//1299 769//1299 770//1299
f 761//1300 770//1300 768//1300
f 768//1301 770//1301 771//1301
f 768//1302 771//1302 758//1302
f 758//1303 771//1303 772//1303
f 758//1304 772//1304 410//1304
f 410//1305 772//1305 411//1305
f 769//1306 763//1306 770//1306
f 770//1307 763//1307 762//1307
f 770//1308 762//1308 771//1308
f 771//1309 762//1309 767//1309
f 771//1310 767//1310 772//1310
f 772//1311 767//1311 765//1311
f 772//1312 765//1312 411//1312
f 411//1313 765//1313 413//1313
f 651//1380 650//1380 766//1380
f 766//1381 764//1381 651//1381
f 651//1382 764//1382 809//1382
f 651//1383 809//1383 810//1383
f 887//1413 888//1413 148//1413
f 887//1414 148//1414 889//1414
f 148//1415 151//1415 889//1415
f 889//1416 151//1416 150//1416
f 889//1417 150//1417 890//1417
f 890//1418 150//1418 367//1418
f 890//1419 367//1419 891//1419
f 891//1420 367//1420 892//1420
f 892//1421 367//1421 372//1421
f 892//1422 372//1422 893//1422
f 372//1423 371//1423 370//1423
f 893//1424 372//1424 894//1424
f 894//1425 372//1425 370//1425
f 894//1426 370//1426 895//1426
f 149//1437 905//1437 906//1437
f 149//1438 906//1438 152//1438
f 152//1439 906//1439 907//1439
f 152//1440 907//1440 169//1440
f 908//1441 177//1441 178//1441
f 179//1442 185//1442 909//1442
f 908//1443 178//1443 910//1443
f 910//1444 178//1444 179//1444
f 910//1445 179//1445 911//1445
f 911//1446 179//1446 909//1446
f 907//1448 913//1448 914//1448
f 914//1449 913//1449 915//1449
f 915//1451 909//1451 185//1451
f 915//1452 185//1452 914//1452
f 914//1453 185//1453 170//1453
f 914//1454 170//1454 907//1454
f 907//1455 170//1455 169//1455
f 36//1456 38//1456 916//1456
f 916//1457 38//1457 917//1457
f 917//1458 38//1458 918//1458
f 918//1459 38//1459 40//1459
f 918//1460 40//1460 919//1460
f 919//1461 40//1461 42//1461
f 919//1462 42//1462 920//1462
f 177//1463 921//1463 176//1463
f 922//1464 177//1464 908//1464
f 923//1465 924//1465 28//1465
f 923//1466 28//1466 925//1466
f 177//1467 922//1467 921//1467
f 921//1468 922//1468 926//1468
f 925//1470 28//1470 921//1470
f 921//1471 28//1471 31//1471
f 921//1472 31//1472 176//1472
f 920//1473 927//1473 928//1473
f 928//1474 927//1474 929//1474
f 928//1475 929//1475 930//1475
f 930//1476 929//1476 931//1476
f 930//1477 931//1477 932//1477
f 920//1478 42//1478 927//1478
f 927//1479 42//1479 44//1479
f 927//1480 44//1480 929//1480
f 929//1481 44//1481 46//1481
f 929//1482 46//1482 931//1482
f 931//1483 46//1483 47//1483
f 933//1484 932//1484 25//1484
f 25//1485 932//1485 931//1485
f 25//1486 931//1486 47//1486
f 25//1487 27//1487 933//1487
f 933//1488 27//1488 28//1488
f 933//1489 28//1489 924//1489
f 250//1490 249//1490 934//1490
f 934//1491 249//1491 935//1491
f 935//1492 249//1492 248//1492
f 935//1493 248//1493 936//1493
f 936//1494 248//1494 190//1494
f 936//1495 190//1495 937//1495
f 934//1496 938//1496 250//1496
f 250//1497 938//1497 903//1497
f 250//1498 903//1498 244//1498
f 244//1499 903//1499 902//1499
f 244//1500 902//1500 246//1500
f 239//1501 241//1501 898//1501
f 898//1502 241//1502 247//1502
f 898//1503 247//1503 899//1503
f 899//1504 247//1504 246//1504
f 899//1505 246//1505 900//1505
f 900//1506 246//1506 902//1506
f 937//1507 190//1507 189//1507
f 937//1508 189//1508 939//1508
f 189//1509 209//1509 939//1509
f 939//1510 209//1510 207//1510
f 939//1511 207//1511 940//1511
f 940//1513 32//1513 941//1513
f 32//1514 34//1514 941//1514
f 941//1515 34//1515 36//1515
f 941//1516 36//1516 916//1516
f 149//1517 148//1517 905//1517
f 905//1518 148//1518 888//1518
f 360//1519 942//1519 353//1519
f 353//1520 942//1520 943//1520
f 353//1521 943//1521 354//1521
f 354//1522 943//1522 895//1522
f 354//1523 895//1523 370//1523
