# Blender 5.1.0 Alpha
# www.blender.org
mtllib materials.mtl
o left_arm_link04
v 0.042721 -0.051474 0.002000
v 0.042270 -0.051475 0.010000
v 0.042901 -0.051527 0.002000
v 0.042450 -0.051527 0.010000
v 0.042975 -0.051569 0.002000
v 0.042525 -0.051569 0.010000
v 0.043033 -0.051625 0.002000
v 0.042583 -0.051624 0.010000
v 0.043074 -0.051695 0.002000
v 0.042624 -0.051694 0.010000
v 0.043098 -0.051777 0.002000
v 0.042647 -0.051776 0.010000
v 0.043109 -0.051964 0.002000
v 0.042655 -0.051964 0.010000
v 0.042905 -0.065439 0.002000
v 0.040119 -0.105761 0.002581
v 0.040132 -0.105761 0.002000
v 0.041489 -0.092353 0.002000
v 0.042139 -0.078908 0.006008
v 0.042401 -0.062802 0.010000
v 0.041696 -0.077686 0.010000
v 0.038902 -0.105761 0.010000
v 0.039755 -0.105761 0.005929
v 0.041171 -0.092357 0.006013
v 0.041616 -0.078922 0.010000
v 0.041213 -0.084434 0.010000
v 0.040500 -0.092366 0.010000
v 0.042391 -0.078906 0.002000
v 0.033625 -0.049510 0.010000
v 0.034127 -0.049507 0.003723
v 0.034177 -0.049508 0.002000
v -0.042591 -0.068902 0.006007
v -0.042154 -0.068872 0.010000
v -0.042152 -0.068688 0.010000
v -0.042805 -0.068915 0.002000
v -0.042586 -0.068719 0.006008
v -0.042101 -0.068503 0.010000
v -0.042534 -0.068535 0.006009
v -0.041996 -0.068342 0.010000
v -0.042428 -0.068376 0.006009
v -0.041859 -0.068218 0.010000
v -0.042291 -0.068253 0.006009
v -0.042800 -0.068731 0.002000
v -0.042747 -0.068548 0.002000
v -0.042641 -0.068390 0.002000
v -0.042503 -0.068268 0.002000
v -0.039042 -0.105761 0.009440
v -0.038902 -0.105761 0.010000
v -0.040941 -0.087465 0.010000
v -0.041865 -0.087478 0.002000
v -0.040132 -0.105761 0.002000
v -0.039882 -0.105761 0.005114
v -0.041567 -0.087471 0.006012
v -0.042534 -0.068268 0.000250
v -0.034084 -0.061624 0.000250
v -0.034054 -0.061624 0.002000
v -0.042836 -0.068915 0.000250
v -0.041932 -0.086962 0.000250
v -0.040163 -0.105761 0.000250
v -0.042671 -0.068390 0.000250
v -0.042830 -0.068731 0.000250
v -0.042830 -0.068727 0.000250
v -0.042778 -0.068548 0.000250
v -0.027937 -0.105761 0.028860
v -0.029408 -0.092214 0.030950
v -0.031955 -0.092131 0.028272
v 0.032454 -0.092109 0.027693
v 0.031507 -0.105761 0.024914
v 0.034583 -0.092023 0.024771
v 0.033931 -0.105761 0.021496
v 0.036426 -0.091939 0.021745
v 0.035986 -0.105761 0.017844
v 0.037977 -0.091860 0.018459
v 0.037649 -0.105761 0.013997
v 0.039237 -0.091789 0.015055
v 0.040215 -0.091729 0.011571
v 0.014814 -0.092561 0.040124
v 0.014893 -0.105761 0.037304
v 0.018200 -0.092504 0.038779
v 0.018698 -0.105761 0.035549
v 0.021447 -0.092437 0.037123
v 0.020160 -0.105761 0.034741
v 0.024525 -0.092362 0.035167
v 0.022300 -0.105761 0.033408
v 0.027403 -0.092281 0.032929
v 0.025660 -0.105761 0.030902
v 0.030054 -0.092196 0.030430
v 0.028740 -0.105761 0.028061
v 0.030640 -0.105761 0.025972
v 0.000547 -0.092669 0.042348
v 0.000522 -0.105761 0.040164
v 0.002678 -0.105761 0.040078
v 0.007760 -0.092642 0.041856
v 0.006839 -0.105761 0.039580
v 0.007345 -0.105761 0.039490
v 0.011323 -0.092608 0.041149
v 0.010925 -0.105761 0.038653
v 0.013956 -0.105761 0.037664
v -0.013704 -0.092552 0.040014
v -0.009831 -0.105761 0.038945
v -0.006659 -0.092635 0.041722
v -0.005720 -0.105761 0.039758
v -0.001524 -0.105761 0.040138
v -0.021350 -0.105761 0.034023
v -0.019396 -0.105761 0.035173
v -0.020412 -0.092434 0.037232
v -0.017689 -0.105761 0.036062
v -0.013835 -0.105761 0.037709
v -0.013077 -0.105761 0.037979
v -0.030792 -0.105761 0.025792
v -0.034196 -0.092044 0.025343
v -0.033312 -0.105761 0.022444
v -0.036115 -0.091958 0.022218
v -0.037721 -0.091876 0.018947
v -0.035469 -0.105761 0.018851
v -0.039031 -0.091803 0.015552
v -0.037240 -0.105761 0.015053
v -0.040063 -0.091739 0.012083
v -0.038605 -0.105761 0.011091
v -0.038280 -0.068392 0.024696
v -0.039585 -0.068582 0.021308
v -0.039068 -0.077970 0.020057
v -0.040495 -0.068705 0.018296
v -0.040255 -0.077851 0.016402
v -0.041167 -0.077749 0.012709
v -0.026949 -0.064492 0.038941
v -0.028875 -0.065238 0.037452
v -0.027855 -0.078654 0.035491
v -0.031763 -0.066360 0.034745
v -0.030810 -0.078523 0.032982
v -0.033941 -0.067182 0.032178
v -0.033447 -0.078384 0.030120
v -0.035525 -0.067729 0.029905
v -0.035703 -0.078242 0.026959
v -0.037566 -0.078102 0.023581
v -0.014627 -0.059730 0.045209
v -0.014919 -0.059843 0.045104
v -0.014759 -0.065507 0.044368
v -0.021505 -0.062391 0.042254
v -0.006992 -0.056764 0.047400
v -0.007156 -0.065645 0.046215
v -0.003429 -0.055401 0.048096
v 0.000593 -0.065699 0.047123
v 0.000450 -0.054127 0.048640
v 0.004513 -0.065687 0.047217
v 0.006662 -0.052709 0.048964
v 0.008443 -0.065651 0.046992
v 0.012346 -0.065592 0.046398
v 0.012624 -0.052046 0.048412
v 0.016179 -0.065512 0.045406
v 0.016658 -0.051939 0.047448
v 0.019892 -0.065415 0.044004
v 0.018773 -0.051951 0.046727
v 0.023435 -0.065302 0.042196
v 0.024511 -0.051962 0.043928
v 0.026759 -0.065177 0.039999
v 0.027494 -0.051959 0.041885
v 0.029820 -0.065043 0.037440
v 0.029866 -0.051961 0.039893
v 0.031765 -0.051961 0.038006
v 0.032582 -0.064905 0.034552
v 0.033368 -0.051961 0.036162
v 0.035012 -0.064764 0.031374
v 0.035872 -0.051962 0.032664
v 0.037088 -0.064625 0.027966
v 0.037801 -0.051962 0.029211
v 0.038803 -0.064491 0.024400
v 0.038980 -0.051963 0.026585
v 0.040162 -0.064367 0.020633
v 0.040695 -0.051963 0.021466
v 0.041107 -0.051963 0.019835
v 0.041195 -0.064255 0.016767
v 0.041618 -0.051963 0.017426
v 0.042563 -0.051964 0.010899
v 0.041295 -0.077733 0.012229
v 0.040427 -0.077830 0.015941
v 0.039277 -0.077944 0.019588
v 0.037815 -0.078072 0.023127
v 0.036026 -0.078208 0.026408
v 0.033910 -0.078350 0.029576
v 0.031480 -0.078492 0.032542
v 0.028756 -0.078633 0.035242
v 0.025767 -0.078767 0.037646
v 0.022547 -0.078892 0.039727
v 0.019131 -0.079005 0.041462
v 0.015562 -0.079102 0.042837
v 0.011880 -0.079181 0.043847
v -0.024666 -0.078778 0.037643
v -0.026600 -0.092293 0.033340
v -0.023586 -0.092366 0.035431
v -0.024778 -0.105761 0.031613
v 0.008130 -0.079239 0.044497
v 0.004349 -0.079275 0.044808
v 0.000571 -0.079285 0.044810
v -0.006923 -0.079231 0.044047
v -0.014269 -0.079092 0.042275
v -0.021311 -0.078893 0.039470
v -0.022081 -0.065307 0.041529
v -0.025577 -0.065191 0.039677
v -0.018464 -0.065413 0.043080
v -0.025646 -0.063990 0.039840
v 0.039444 -0.051691 0.025338
v 0.039458 -0.051773 0.025354
v 0.040705 -0.051773 0.021419
v 0.030580 -0.051570 0.039085
v 0.030615 -0.051623 0.039128
v 0.033388 -0.051623 0.036070
v 0.000340 -0.053739 0.048533
v 0.000353 -0.053797 0.048589
v 0.004349 -0.052806 0.048889
v 0.004332 -0.052754 0.048832
v 0.004319 -0.052714 0.048759
v 0.000333 -0.053694 0.048461
v 0.041563 -0.051622 0.017360
v 0.041436 -0.051527 0.017313
v -0.005756 -0.055766 0.047316
v -0.007299 -0.056360 0.046988
v -0.007314 -0.056425 0.047153
v -0.028385 -0.064554 0.037690
v -0.026163 -0.063621 0.039149
v -0.031083 -0.065515 0.035070
v -0.037732 -0.067671 0.025303
v -0.037900 -0.067700 0.024928
v -0.038016 -0.067832 0.024999
v -0.041483 -0.068299 0.013214
v -0.040713 -0.068364 0.017285
v -0.039491 -0.068053 0.021171
v -0.039964 -0.068006 0.019187
v -0.040624 -0.068206 0.017227
v -0.040306 -0.068052 0.017935
v -0.040497 -0.068078 0.017184
v -0.035729 -0.067200 0.029091
v -0.036156 -0.067419 0.028642
v -0.034891 -0.066934 0.030403
v -0.033918 -0.066677 0.032013
v -0.031318 -0.065686 0.035041
v -0.014726 -0.059284 0.045012
v -0.013877 -0.058890 0.045135
v -0.018326 -0.060673 0.043597
v -0.020615 -0.061484 0.042367
v -0.021828 -0.062024 0.041931
v -0.025198 -0.063325 0.039976
v 0.027424 -0.051530 0.041731
v 0.024294 -0.051483 0.043663
v 0.024012 -0.051531 0.044037
v 0.023645 -0.051483 0.044048
v 0.020340 -0.051531 0.045913
v 0.018572 -0.051483 0.046436
v 0.016466 -0.051528 0.047325
v 0.030531 -0.051530 0.039031
v 0.029577 -0.051482 0.039692
v 0.027316 -0.051483 0.041590
v 0.035653 -0.051480 0.032347
v 0.035685 -0.051529 0.032629
v 0.037686 -0.051529 0.029033
v 0.038707 -0.051478 0.026290
v 0.039297 -0.051528 0.025247
v 0.038908 -0.051478 0.025779
v 0.040533 -0.051527 0.021324
v 0.040791 -0.051477 0.019545
v 0.041263 -0.051476 0.017275
v 0.042215 -0.051475 0.010534
v 0.041619 -0.051774 0.017394
v 0.008397 -0.052054 0.048801
v 0.008420 -0.052108 0.048856
v 0.012507 -0.051710 0.048394
v 0.008379 -0.052015 0.048730
v 0.012480 -0.051655 0.048344
v 0.016527 -0.051616 0.047442
v 0.033349 -0.051569 0.036030
v 0.027467 -0.051569 0.041790
v 0.024050 -0.051571 0.044100
v 0.020375 -0.051571 0.045977
v 0.016497 -0.051565 0.047393
v 0.012455 -0.051614 0.048274
v 0.035786 -0.051623 0.032712
v 0.033295 -0.051530 0.035980
v 0.031613 -0.051482 0.037663
v 0.040654 -0.051622 0.021381
v 0.039413 -0.051622 0.025313
v 0.037795 -0.051623 0.029108
v 0.027499 -0.051622 0.041834
v 0.024079 -0.051624 0.044146
v 0.020404 -0.051625 0.046024
v 0.027526 -0.051771 0.041875
v 0.024105 -0.051775 0.044186
v 0.020436 -0.051775 0.046062
v 0.016566 -0.051758 0.047486
v 0.037835 -0.051773 0.029150
v 0.037823 -0.051691 0.029134
v 0.035822 -0.051773 0.032754
v 0.035812 -0.051691 0.032739
v 0.033420 -0.051773 0.036112
v 0.033411 -0.051691 0.036097
v 0.030645 -0.051773 0.039169
v 0.030636 -0.051691 0.039155
v 0.027518 -0.051690 0.041863
v 0.024097 -0.051693 0.044174
v 0.020425 -0.051693 0.046052
v -0.014691 -0.059554 0.045199
v -0.007277 -0.056680 0.047344
v -0.007311 -0.056531 0.047282
v -0.040747 -0.068546 0.017331
v -0.039572 -0.068210 0.021240
v -0.039597 -0.068391 0.021293
v -0.038086 -0.067987 0.025078
v -0.038099 -0.068167 0.025134
v -0.036220 -0.067569 0.028726
v -0.036228 -0.067744 0.028782
v -0.033977 -0.066824 0.032101
v -0.033980 -0.066995 0.032155
v -0.031368 -0.065830 0.035135
v -0.031364 -0.066001 0.035187
v -0.028428 -0.064691 0.037793
v -0.028420 -0.064858 0.037846
v -0.025231 -0.063456 0.040086
v -0.025217 -0.063621 0.040141
v -0.021849 -0.062151 0.042047
v -0.021827 -0.062312 0.042104
v -0.014727 -0.059400 0.045137
v -0.003528 -0.055079 0.048034
v -0.003490 -0.055228 0.048093
v 0.000372 -0.053867 0.048625
v 0.000396 -0.053948 0.048643
v 0.004370 -0.052872 0.048927
v 0.004392 -0.052950 0.048946
v 0.008443 -0.052175 0.048890
v 0.008464 -0.052255 0.048906
v 0.012531 -0.051780 0.048425
v 0.012549 -0.051862 0.048437
v 0.016551 -0.051680 0.047473
v -0.003537 -0.054975 0.047904
v 0.000378 -0.053626 0.048294
v 0.016411 -0.051482 0.047162
v 0.016220 -0.051482 0.047218
v 0.012596 -0.051556 0.048071
v 0.006855 -0.052194 0.048612
v -0.037570 -0.064703 0.010000
v -0.033732 -0.061515 0.010000
v 0.042422 -0.078906 0.000250
v 0.041519 -0.092353 0.000250
v 0.040163 -0.105761 0.000250
v 0.043139 -0.051964 0.000250
v 0.042935 -0.065439 0.000250
v 0.042752 -0.051474 0.000250
v 0.042921 -0.051523 0.000250
v 0.043003 -0.051568 0.000250
v 0.043064 -0.051625 0.000250
v 0.043105 -0.051697 0.000250
v 0.043130 -0.051787 0.000250
v 0.034207 -0.049507 0.000250
v -0.029725 -0.063244 -0.032788
v -0.028358 -0.062718 -0.034091
v -0.031494 -0.065628 -0.034686
v -0.028307 -0.063653 -0.036096
v -0.028803 -0.064587 -0.037193
v -0.028141 -0.064027 -0.037121
v -0.027898 -0.064100 -0.037646
v -0.027799 -0.064095 -0.037788
v -0.026904 -0.063796 -0.038553
v -0.025850 -0.063446 -0.039400
v -0.026287 -0.063561 -0.038998
v -0.023948 -0.062662 -0.040510
v -0.022507 -0.062154 -0.041425
v -0.019889 -0.061097 -0.042669
v -0.018696 -0.060682 -0.043297
v -0.015602 -0.059445 -0.044481
v -0.015543 -0.059464 -0.044578
v -0.014372 -0.059011 -0.045001
v -0.010450 -0.057458 -0.046161
v -0.009556 -0.057151 -0.046474
v -0.005172 -0.055419 -0.047397
v -0.004446 -0.055178 -0.047608
v -0.002858 -0.054541 -0.047804
v -0.000630 -0.053837 -0.048202
v -0.001199 -0.053975 -0.048049
v 0.002683 -0.052908 -0.048458
v 0.003224 -0.052819 -0.048566
v 0.006382 -0.052168 -0.048585
v 0.016769 -0.051435 -0.047066
v 0.013614 -0.051457 -0.047892
v 0.013182 -0.051460 -0.047948
v 0.010345 -0.051663 -0.048411
v 0.009906 -0.051688 -0.048411
v 0.009207 -0.051786 -0.048520
v 0.006820 -0.052123 -0.048639
v -0.033364 -0.066354 -0.032539
v -0.031867 -0.064280 -0.030747
v 0.029249 -0.049759 -0.031173
v 0.034509 -0.051455 -0.034083
v 0.029231 -0.049789 -0.031385
v 0.033441 -0.051454 -0.035520
v 0.028841 -0.050517 -0.035905
v 0.031487 -0.051452 -0.037805
v 0.028541 -0.051238 -0.039664
v 0.030843 -0.051452 -0.038478
v 0.028203 -0.051418 -0.040759
v 0.027981 -0.051449 -0.041077
v 0.036661 -0.051461 -0.030636
v 0.029425 -0.049481 -0.028971
v 0.036882 -0.051462 -0.030230
v 0.029585 -0.049278 -0.026049
v 0.029136 -0.049163 -0.028515
v 0.029144 -0.049180 -0.028156
v 0.029193 -0.049246 -0.028004
v 0.029276 -0.049193 -0.027171
v 0.029310 -0.049211 -0.027027
v 0.029284 -0.049240 -0.027226
v 0.029384 -0.049240 -0.026742
v 0.029423 -0.049251 -0.026600
v 0.029404 -0.049274 -0.026854
v 0.029111 -0.049099 -0.028879
v 0.029113 -0.049063 -0.028884
v 0.029125 -0.049093 -0.028311
v 0.029175 -0.048882 -0.028913
v 0.029204 -0.048839 -0.028567
v 0.029115 -0.049161 -0.028872
v 0.029174 -0.049244 -0.028440
v 0.029149 -0.049269 -0.028867
v 0.029234 -0.049313 -0.028375
v 0.029195 -0.049341 -0.028873
v 0.029249 -0.049396 -0.028887
v 0.029392 -0.049470 -0.028952
v 0.029347 -0.049326 -0.027731
v 0.029385 -0.049292 -0.027140
v 0.029362 -0.049265 -0.026975
v 0.029175 -0.049079 -0.027734
v 0.029216 -0.049147 -0.027453
v 0.029190 -0.049172 -0.027615
v 0.029217 -0.049199 -0.027484
v 0.029193 -0.049214 -0.027679
v 0.029219 -0.048818 -0.028393
v 0.029235 -0.048795 -0.028224
v 0.029138 -0.049102 -0.028020
v 0.029168 -0.048972 -0.028004
v 0.029264 -0.049294 -0.027861
v 0.029248 -0.049222 -0.027354
v 0.029260 -0.049257 -0.027454
v 0.029224 -0.049238 -0.027565
v 0.029299 -0.049272 -0.027346
v 0.029322 -0.049254 -0.027099
v 0.029346 -0.049227 -0.026884
v 0.029167 -0.049184 -0.027793
v -0.040557 -0.068201 -0.017477
v -0.038689 -0.067839 -0.023034
v -0.038821 -0.067994 -0.023111
v 0.011698 -0.051555 -0.048249
v 0.014170 -0.051449 -0.047783
v 0.014233 -0.051543 -0.047968
v 0.039013 -0.051476 -0.025541
v 0.039514 -0.051477 -0.024134
v 0.039705 -0.051546 -0.024203
v -0.038274 -0.068387 -0.024712
v -0.038880 -0.068487 -0.023242
v -0.038893 -0.068274 -0.023221
v -0.035529 -0.067738 -0.029896
v -0.036607 -0.068039 -0.028091
v -0.036631 -0.067830 -0.028064
v -0.031753 -0.066349 -0.034758
v -0.033881 -0.067168 -0.032256
v -0.033922 -0.066961 -0.032225
v 0.000437 -0.054119 -0.048640
v -0.001998 -0.054884 -0.048323
v -0.002061 -0.054682 -0.048320
v 0.006775 -0.052690 -0.048962
v 0.004098 -0.053208 -0.048926
v 0.004048 -0.053002 -0.048930
v 0.012659 -0.052052 -0.048405
v 0.009370 -0.052317 -0.048833
v 0.009336 -0.052110 -0.048842
v 0.016658 -0.051956 -0.047446
v 0.014355 -0.051990 -0.048060
v 0.014337 -0.051776 -0.048074
v 0.029875 -0.051960 -0.039885
v 0.029532 -0.051960 -0.040196
v 0.029532 -0.051749 -0.040206
v 0.038994 -0.051963 -0.026554
v 0.037506 -0.051962 -0.029801
v 0.037507 -0.051750 -0.029800
v 0.041116 -0.051963 -0.019796
v 0.039842 -0.051963 -0.024272
v 0.039838 -0.051751 -0.024267
v 0.042569 -0.051964 -0.010836
v 0.041456 -0.051963 -0.018249
v 0.041447 -0.051751 -0.018242
v -0.040727 -0.068520 -0.017391
v -0.040492 -0.068704 -0.018308
v -0.042154 -0.068873 -0.010000
v -0.041351 -0.068185 -0.013213
v -0.041994 -0.068345 -0.010000
v -0.041856 -0.068222 -0.010000
v 0.042582 -0.051625 -0.010000
v 0.042580 -0.051624 -0.010012
v 0.042524 -0.051569 -0.010000
v 0.042638 -0.051751 -0.010026
v 0.042646 -0.051776 -0.010000
v 0.042655 -0.051964 -0.010000
v 0.042623 -0.051694 -0.010000
v 0.040403 -0.051479 -0.021163
v 0.041105 -0.051480 -0.018143
v 0.041304 -0.051547 -0.018189
v 0.041884 -0.051501 -0.014090
v 0.037722 -0.051467 -0.028560
v 0.039231 -0.051474 -0.024912
v 0.038462 -0.051474 -0.026928
v 0.037206 -0.051467 -0.029637
v 0.030333 -0.051455 -0.039004
v 0.029282 -0.051454 -0.039984
v 0.033383 -0.051536 -0.035934
v 0.031341 -0.051456 -0.037980
v 0.033225 -0.051457 -0.035812
v 0.019607 -0.051443 -0.046054
v 0.018212 -0.051437 -0.046580
v 0.020923 -0.051445 -0.045481
v 0.021619 -0.051442 -0.045137
v 0.009208 -0.051790 -0.048531
v 0.010454 -0.051657 -0.048411
v -0.008732 -0.056839 -0.046696
v -0.005438 -0.055565 -0.047426
v -0.003780 -0.054928 -0.047735
v -0.015544 -0.059469 -0.044587
v -0.018452 -0.060592 -0.043413
v -0.021473 -0.061845 -0.042118
v -0.026140 -0.063564 -0.039215
v -0.032109 -0.065872 -0.034037
v -0.032975 -0.066208 -0.033035
v -0.033796 -0.066525 -0.031993
v -0.035092 -0.066986 -0.030130
v -0.036462 -0.067398 -0.027848
v -0.036608 -0.067429 -0.027560
v -0.036640 -0.067437 -0.027500
v -0.039269 -0.067918 -0.021406
v -0.039109 -0.067895 -0.021867
v -0.037654 -0.067662 -0.025481
v -0.037980 -0.067716 -0.024734
v -0.040631 -0.068243 -0.017302
v -0.040694 -0.068366 -0.017348
v -0.042100 -0.068505 -0.010000
v -0.042151 -0.068688 -0.010000
v 0.034396 -0.051749 -0.034837
v 0.035889 -0.051962 -0.032637
v 0.035777 -0.051962 -0.032813
v 0.031788 -0.051961 -0.037981
v 0.024934 -0.051750 -0.043677
v 0.024536 -0.051963 -0.043913
v 0.019807 -0.051745 -0.046326
v 0.018652 -0.051951 -0.046772
v -0.006908 -0.056746 -0.047416
v -0.008721 -0.057225 -0.046998
v -0.002088 -0.054542 -0.048271
v -0.026923 -0.064484 -0.038959
v -0.030307 -0.065790 -0.036193
v -0.030356 -0.065586 -0.036167
v 0.041394 -0.051625 -0.018219
v 0.042449 -0.051528 -0.010000
v 0.039789 -0.051625 -0.024241
v 0.037463 -0.051622 -0.029774
v 0.024889 -0.051617 -0.043652
v 0.019758 -0.051614 -0.046296
v 0.024824 -0.051531 -0.043591
v 0.004009 -0.052867 -0.048882
v 0.003981 -0.052770 -0.048799
v -0.033920 -0.066806 -0.032175
v -0.032218 -0.066152 -0.034229
v -0.033888 -0.066682 -0.032111
v -0.032190 -0.066028 -0.034163
v -0.008739 -0.057077 -0.046950
v -0.008739 -0.056965 -0.046871
v -0.002098 -0.054438 -0.048188
v -0.015566 -0.059868 -0.044876
v -0.021345 -0.062105 -0.042349
v -0.015578 -0.059719 -0.044829
v -0.021352 -0.061952 -0.042303
v -0.015569 -0.059602 -0.044753
v -0.021336 -0.061831 -0.042231
v -0.026196 -0.063710 -0.039361
v -0.026217 -0.063833 -0.039430
v -0.026213 -0.063987 -0.039475
v -0.021468 -0.062376 -0.042273
v -0.014873 -0.059825 -0.045121
v -0.036619 -0.067677 -0.028010
v -0.036577 -0.067555 -0.027946
v 0.037384 -0.051541 -0.029730
v 0.037860 -0.051471 -0.028295
v 0.039503 -0.051475 -0.024130
v 0.040461 -0.051477 -0.020893
v 0.041437 -0.051477 -0.016309
v 0.042268 -0.051475 -0.010000
v 0.034355 -0.051620 -0.034812
v 0.034281 -0.051537 -0.034763
v 0.034118 -0.051458 -0.034647
v 0.034394 -0.051962 -0.034833
v 0.033498 -0.051749 -0.036009
v 0.033456 -0.051620 -0.035984
v 0.029489 -0.051619 -0.040182
v 0.029420 -0.051535 -0.040126
v 0.027069 -0.051451 -0.041804
v 0.028195 -0.051453 -0.040918
v 0.024709 -0.051449 -0.043430
v 0.019696 -0.051527 -0.046227
v 0.022214 -0.051446 -0.044852
v 0.024916 -0.051446 -0.043286
v 0.016923 -0.051439 -0.047029
v 0.018275 -0.051441 -0.046569
v 0.014287 -0.051637 -0.048041
v 0.009290 -0.051979 -0.048798
v 0.009248 -0.051888 -0.048716
v 0.006576 -0.052167 -0.048653
v 0.003826 -0.052762 -0.048737
v -0.002260 -0.054463 -0.048129
v 0.000125 -0.053627 -0.048321
v -0.012164 -0.058164 -0.045738
v -0.010454 -0.057504 -0.046241
v -0.013861 -0.058819 -0.045186
v -0.028258 -0.064382 -0.037649
v -0.030333 -0.065309 -0.036052
v -0.030260 -0.065156 -0.035918
v -0.029274 -0.064775 -0.036805
v -0.030358 -0.065432 -0.036119
v -0.031203 -0.065521 -0.034998
v -0.041284 -0.068172 -0.013527
v -0.040788 -0.068121 -0.015931
v -0.038873 -0.068118 -0.023169
v 0.032437 -0.049492 -0.015591
v 0.033503 -0.049507 -0.010000
v 0.031856 -0.049471 -0.018004
v 0.030649 -0.049392 -0.022448
v -0.040950 -0.087354 -0.010000
v -0.041293 -0.083169 -0.010000
v -0.041156 -0.077922 -0.012701
v -0.028875 -0.065322 -0.037435
v 0.041184 -0.064506 -0.016752
v 0.040149 -0.064618 -0.020615
v -0.040039 -0.096570 -0.010000
v -0.040054 -0.091828 -0.012079
v -0.038902 -0.105761 -0.010000
v -0.039022 -0.091891 -0.015547
v -0.037649 -0.105761 -0.013997
v -0.037711 -0.091964 -0.018940
v -0.035986 -0.105761 -0.017844
v -0.036104 -0.092046 -0.022210
v -0.033931 -0.105761 -0.021496
v -0.034185 -0.092131 -0.025333
v -0.031507 -0.105761 -0.024914
v -0.031945 -0.092217 -0.028260
v -0.028740 -0.105761 -0.028061
v -0.029398 -0.092300 -0.030938
v -0.026591 -0.092378 -0.033326
v -0.025660 -0.105761 -0.030902
v -0.022300 -0.105761 -0.033408
v -0.024653 -0.078948 -0.037616
v -0.021301 -0.079063 -0.039442
v -0.018698 -0.105761 -0.035549
v -0.014893 -0.105761 -0.037304
v -0.014262 -0.079261 -0.042247
v -0.013077 -0.105761 -0.037979
v 0.000547 -0.092752 -0.042332
v 0.000522 -0.105761 -0.040164
v -0.002678 -0.105761 -0.040078
v 0.007758 -0.092726 -0.041840
v 0.005652 -0.105761 -0.039767
v 0.001500 -0.105761 -0.040139
v 0.027393 -0.092367 -0.032915
v 0.025776 -0.105761 -0.030806
v 0.024725 -0.105761 -0.031656
v 0.024516 -0.092447 -0.035152
v 0.021292 -0.105761 -0.034059
v 0.021440 -0.092521 -0.037107
v 0.020160 -0.105761 -0.034741
v 0.018193 -0.092588 -0.038763
v 0.017627 -0.105761 -0.036092
v 0.014809 -0.092646 -0.040107
v 0.013771 -0.105761 -0.037732
v 0.011319 -0.092692 -0.041133
v 0.009765 -0.105761 -0.038962
v 0.007345 -0.105761 -0.039490
v 0.027888 -0.105761 -0.028907
v 0.030044 -0.092282 -0.030417
v 0.030748 -0.105761 -0.025844
v 0.032443 -0.092196 -0.027682
v 0.034572 -0.092110 -0.024852
v 0.033273 -0.105761 -0.022500
v 0.036416 -0.092027 -0.021742
v 0.035437 -0.105761 -0.018911
v 0.037968 -0.091948 -0.018452
v 0.039228 -0.091878 -0.015050
v 0.037214 -0.105761 -0.015116
v 0.040207 -0.091818 -0.011567
v 0.038586 -0.105761 -0.011157
v 0.040382 -0.093519 -0.010002
v 0.038902 -0.105761 -0.010000
v 0.042205 -0.068034 -0.010000
v 0.037072 -0.064878 -0.027985
v 0.038787 -0.064743 -0.024381
v 0.034994 -0.065018 -0.031343
v 0.016169 -0.065770 -0.045362
v 0.019880 -0.065672 -0.043960
v 0.023420 -0.065558 -0.042153
v 0.026742 -0.065433 -0.039958
v 0.029803 -0.065299 -0.037401
v 0.032564 -0.065159 -0.034516
v 0.004511 -0.065946 -0.047175
v 0.008438 -0.065909 -0.046948
v 0.012339 -0.065850 -0.046354
v 0.000592 -0.065957 -0.047083
v -0.025561 -0.065447 -0.039642
v -0.022068 -0.065563 -0.041494
v -0.014750 -0.065764 -0.044332
v -0.007151 -0.065903 -0.046178
v -0.030794 -0.078693 -0.032957
v -0.033430 -0.078555 -0.030097
v -0.035686 -0.078413 -0.026939
v -0.037550 -0.078274 -0.023564
v -0.039054 -0.078142 -0.020044
v -0.040243 -0.078023 -0.016392
v -0.027840 -0.078824 -0.035464
v 0.041465 -0.081107 -0.010000
v 0.041284 -0.077905 -0.012221
v 0.040414 -0.078002 -0.015930
v 0.039263 -0.078116 -0.019575
v 0.037800 -0.078243 -0.023116
v 0.036010 -0.078380 -0.026479
v 0.033894 -0.078521 -0.029553
v 0.031464 -0.078663 -0.032515
v 0.028741 -0.078803 -0.035214
v 0.025753 -0.078937 -0.037616
v 0.022534 -0.079061 -0.039694
v 0.019121 -0.079174 -0.041428
v 0.015553 -0.079271 -0.042803
v 0.011874 -0.079349 -0.043813
v 0.008125 -0.079408 -0.044464
v 0.004347 -0.079443 -0.044776
v 0.000571 -0.079454 -0.044780
v -0.006920 -0.079399 -0.044018
v -0.006839 -0.105761 -0.039580
v -0.010925 -0.105761 -0.038652
v -0.042534 -0.068268 -0.000250
v -0.034084 -0.061624 -0.000250
v -0.042503 -0.068268 -0.002000
v -0.034054 -0.061625 -0.002000
v -0.040132 -0.105761 -0.002000
v -0.040163 -0.105761 -0.000250
v -0.041932 -0.086962 -0.000250
v -0.041902 -0.086962 -0.002000
v -0.042836 -0.068915 -0.000250
v -0.042805 -0.068915 -0.002000
v -0.042641 -0.068390 -0.002000
v -0.042671 -0.068390 -0.000250
v -0.042747 -0.068548 -0.002000
v -0.042778 -0.068548 -0.000250
v -0.042800 -0.068731 -0.002000
v -0.042830 -0.068731 -0.000250
v -0.041571 -0.087377 -0.006040
v -0.042589 -0.068902 -0.006036
v -0.039735 -0.105761 -0.006050
v -0.033949 -0.061595 -0.004515
v -0.033746 -0.061528 -0.006920
v -0.033406 -0.061415 -0.010000
v 0.042752 -0.051474 -0.000250
v 0.042721 -0.051474 -0.002000
v 0.034207 -0.049507 -0.000250
v 0.034177 -0.049507 -0.002000
v 0.043139 -0.051964 -0.000250
v 0.043109 -0.051964 -0.002000
v 0.043098 -0.051777 -0.002000
v 0.043129 -0.051777 -0.000250
v 0.043074 -0.051695 -0.002000
v 0.043105 -0.051695 -0.000250
v 0.043033 -0.051625 -0.002000
v 0.043064 -0.051625 -0.000250
v 0.042975 -0.051569 -0.002000
v 0.043005 -0.051569 -0.000250
v 0.042901 -0.051527 -0.002000
v 0.042931 -0.051527 -0.000250
v 0.040163 -0.105761 -0.000250
v 0.040132 -0.105761 -0.002000
v 0.041489 -0.092353 -0.002000
v 0.041519 -0.092353 -0.000250
v 0.042391 -0.078906 -0.002000
v 0.042422 -0.078906 -0.000250
v 0.042935 -0.065439 -0.000250
v 0.042705 -0.065449 -0.006035
v 0.040119 -0.105761 -0.002581
v 0.039755 -0.105761 -0.005929
v 0.041165 -0.092379 -0.006042
v 0.042135 -0.078924 -0.006037
v 0.033866 -0.049508 -0.007032
v -0.000000 -0.026571 -0.052000
v -0.000000 -0.024333 -0.052000
v 0.003230 -0.026375 -0.052000
v 0.006405 -0.025788 -0.052000
v 0.010675 -0.024333 -0.052000
v 0.010005 -0.024616 -0.052000
v 0.006774 -0.025694 -0.052000
v -0.003431 -0.026349 -0.052000
v -0.006774 -0.025694 -0.052000
v -0.007474 -0.025499 -0.052000
v -0.010674 -0.024333 -0.052000
v 0.006848 -0.043276 -0.050611
v -0.000000 -0.043282 -0.050623
v -0.000000 -0.033804 -0.051828
v 0.004380 -0.033732 -0.051823
v 0.008774 -0.033281 -0.051823
v 0.009681 -0.036722 -0.051529
v 0.008327 -0.031585 -0.051912
v 0.011350 -0.043050 -0.050626
v 0.022850 -0.024333 -0.051879
v 0.023002 -0.026451 -0.051800
v 0.022454 -0.024333 -0.051894
v 0.015254 -0.042469 -0.050657
v 0.013591 -0.037869 -0.051325
v 0.017248 -0.037090 -0.051325
v 0.011867 -0.032927 -0.051800
v 0.020728 -0.035715 -0.051325
v 0.021406 -0.040406 -0.050759
v 0.018578 -0.041568 -0.050715
v 0.023792 -0.033570 -0.051325
v 0.024193 -0.038795 -0.050783
v 0.022768 -0.039684 -0.050775
v 0.026240 -0.030724 -0.051325
v 0.026677 -0.036834 -0.050773
v 0.026099 -0.037345 -0.050778
v 0.028071 -0.027470 -0.051325
v 0.030618 -0.032075 -0.050653
v 0.028791 -0.034609 -0.050727
v 0.033138 -0.026864 -0.050488
v 0.032139 -0.029260 -0.050562
v 0.031084 -0.031297 -0.050628
v 0.027639 -0.024333 -0.051539
v 0.029334 -0.024333 -0.051326
v 0.031988 -0.024333 -0.050871
v 0.033970 -0.024333 -0.050429
v 0.019784 -0.024333 -0.051962
v 0.020737 -0.028844 -0.051800
v 0.018518 -0.024333 -0.051978
v 0.015032 -0.032055 -0.051800
v 0.014460 -0.024333 -0.051998
v 0.018042 -0.030726 -0.051800
v 0.016522 -0.024333 -0.051993
v 0.017718 -0.024333 -0.051985
v -0.001419 -0.043287 -0.050622
v -0.007006 -0.043281 -0.050608
v -0.004380 -0.033734 -0.051823
v -0.008718 -0.033067 -0.051836
v -0.010141 -0.038464 -0.051324
v -0.011350 -0.043050 -0.050626
v -0.017984 -0.024333 -0.051983
v -0.017653 -0.024333 -0.051986
v -0.020738 -0.028844 -0.051800
v -0.033970 -0.024333 -0.050429
v -0.029407 -0.024333 -0.051316
v -0.032619 -0.028179 -0.050527
v -0.028072 -0.027470 -0.051325
v -0.030957 -0.031538 -0.050631
v -0.032442 -0.028592 -0.050540
v -0.029253 -0.034038 -0.050711
v -0.026240 -0.030724 -0.051325
v -0.028890 -0.034490 -0.050724
v -0.027187 -0.036360 -0.050764
v -0.023793 -0.033571 -0.051325
v -0.026101 -0.037350 -0.050777
v -0.024986 -0.038234 -0.050783
v -0.020728 -0.035715 -0.051325
v -0.022444 -0.039870 -0.050771
v -0.017248 -0.037090 -0.051325
v -0.019595 -0.041189 -0.050735
v -0.016568 -0.042149 -0.050685
v -0.013591 -0.037869 -0.051325
v -0.014653 -0.042569 -0.050654
v -0.013269 -0.042805 -0.050640
v -0.011867 -0.032927 -0.051800
v -0.015033 -0.032055 -0.051800
v -0.011505 -0.024333 -0.052000
v -0.018042 -0.030727 -0.051800
v -0.014529 -0.024333 -0.051998
v -0.014840 -0.024333 -0.051998
v -0.023002 -0.026451 -0.051800
v -0.024819 -0.024333 -0.051779
v -0.024462 -0.024333 -0.051801
v -0.022591 -0.024333 -0.051889
v -0.021489 -0.024333 -0.051925
v -0.019749 -0.024333 -0.051962
v 0.028079 -0.050811 -0.040438
v 0.027938 -0.050879 -0.040793
v 0.028340 -0.049685 -0.041904
v 0.036455 -0.024333 -0.048245
v 0.036762 -0.024333 -0.047921
v 0.035790 -0.027908 -0.048245
v 0.035427 -0.031519 -0.047930
v 0.034555 -0.033801 -0.048132
v 0.034543 -0.035221 -0.047779
v 0.033588 -0.037153 -0.047843
v 0.033362 -0.038817 -0.047323
v 0.032439 -0.040201 -0.047298
v 0.031890 -0.042225 -0.046471
v 0.028335 -0.048335 -0.043709
v 0.029567 -0.046007 -0.045147
v 0.030252 -0.045398 -0.045182
v 0.029938 -0.045321 -0.045498
v 0.031016 -0.043263 -0.046381
v 0.028681 -0.048339 -0.043412
v 0.028039 -0.049731 -0.042329
v 0.027532 -0.050138 -0.042295
v 0.027791 -0.050919 -0.041035
v 0.027270 -0.050953 -0.041555
v 0.037029 -0.024333 -0.047480
v 0.037210 -0.024333 -0.046549
v 0.035681 -0.031548 -0.047505
v 0.035841 -0.031547 -0.046526
v 0.034799 -0.035232 -0.047352
v 0.034960 -0.035186 -0.046359
v 0.033627 -0.038814 -0.046899
v 0.033813 -0.038726 -0.045919
v 0.032169 -0.042212 -0.046056
v 0.032394 -0.042095 -0.045102
v 0.030544 -0.045376 -0.044772
v 0.030802 -0.045240 -0.043836
v 0.028979 -0.048303 -0.042996
v 0.029251 -0.048144 -0.042052
v 0.028607 -0.049504 -0.040936
v 0.028184 -0.050676 -0.039787
v 0.034033 -0.027216 -0.049757
v 0.032222 -0.034229 -0.049320
v 0.027761 -0.040853 -0.049084
v 0.023208 -0.039555 -0.050734
v 0.028958 -0.037321 -0.049890
v 0.030087 -0.033712 -0.050455
v 0.011424 -0.050899 -0.047929
v 0.015925 -0.044840 -0.049705
v 0.014923 -0.050808 -0.047290
v 0.018247 -0.045601 -0.049120
v 0.020548 -0.046296 -0.048383
v 0.018404 -0.050855 -0.046294
v 0.019114 -0.049453 -0.046938
v 0.022036 -0.050912 -0.044796
v 0.021305 -0.049950 -0.045877
v 0.023081 -0.050926 -0.044263
v 0.023422 -0.050324 -0.044637
v 0.025299 -0.050950 -0.042951
v 0.027089 -0.047716 -0.045104
v 0.028604 -0.044652 -0.046753
v 0.029961 -0.041346 -0.048018
v 0.026446 -0.044228 -0.047911
v 0.021909 -0.042997 -0.049673
v 0.022804 -0.046899 -0.047476
v 0.024992 -0.047381 -0.046385
v 0.033981 -0.024333 -0.050421
v -0.002963 -0.053832 -0.047494
v -0.006603 -0.055215 -0.046822
v -0.006308 -0.050065 -0.048462
v 0.008566 -0.047839 -0.049216
v 0.005563 -0.048120 -0.049252
v -0.000352 -0.046353 -0.049740
v -0.006169 -0.046991 -0.049430
v -0.011395 -0.051183 -0.047740
v -0.011361 -0.044942 -0.049958
v -0.010484 -0.056712 -0.045887
v -0.011424 -0.057075 -0.045622
v 0.005760 -0.051569 -0.048268
v 0.001631 -0.052442 -0.048063
v -0.000492 -0.048905 -0.049011
v -0.000290 -0.052964 -0.047863
v -0.002134 -0.053543 -0.047619
v 0.009398 -0.051070 -0.048143
v -0.025064 -0.045558 -0.048272
v -0.027559 -0.045995 -0.047355
v -0.028923 -0.041819 -0.048894
v -0.024888 -0.040638 -0.050221
v -0.026389 -0.041355 -0.049739
v -0.027243 -0.038914 -0.050261
v -0.015523 -0.044336 -0.049986
v -0.014628 -0.052164 -0.047035
v -0.019767 -0.053247 -0.045655
v -0.015791 -0.058760 -0.044173
v -0.017779 -0.059525 -0.043381
v -0.034467 -0.034119 -0.048188
v -0.033319 -0.033242 -0.049248
v -0.032391 -0.037753 -0.048691
v -0.031991 -0.041088 -0.047684
v -0.032650 -0.039579 -0.047875
v -0.033301 -0.037905 -0.048019
v -0.028911 -0.047457 -0.045973
v -0.030392 -0.044370 -0.046995
v -0.031234 -0.042124 -0.047676
v -0.024762 -0.054106 -0.043773
v -0.027273 -0.052948 -0.043452
v -0.027924 -0.050120 -0.044828
v -0.023598 -0.061760 -0.040494
v -0.026964 -0.063059 -0.038302
v -0.026962 -0.056313 -0.041734
v -0.019980 -0.060370 -0.042396
v -0.035552 -0.029178 -0.048244
v -0.034157 -0.028915 -0.049480
v -0.032954 -0.031663 -0.049764
v -0.030048 -0.037420 -0.049864
v -0.031347 -0.034374 -0.050015
v -0.032701 -0.032148 -0.049812
v -0.029463 -0.036769 -0.050184
v -0.022479 -0.045023 -0.048995
v -0.021863 -0.042287 -0.050125
v -0.018826 -0.043475 -0.050052
v -0.024815 -0.039645 -0.050498
v -0.034127 -0.028909 -0.049503
v -0.031981 -0.031658 -0.050235
v -0.027620 -0.037377 -0.050505
v -0.030020 -0.034687 -0.050405
v -0.034402 -0.024333 -0.050115
v -0.035266 -0.024333 -0.049396
v -0.036451 -0.024333 -0.048244
v -0.033300 -0.039606 -0.047173
v -0.027091 -0.063108 -0.038208
v -0.027544 -0.063261 -0.037781
v -0.027344 -0.058413 -0.040437
v -0.032807 -0.041239 -0.046060
v -0.033513 -0.039559 -0.046252
v -0.034139 -0.037873 -0.046380
v -0.035215 -0.034269 -0.046508
v -0.034959 -0.034519 -0.047434
v -0.036301 -0.029225 -0.046545
v -0.036100 -0.029297 -0.047479
v -0.037211 -0.024333 -0.046547
v -0.037004 -0.024333 -0.047470
v -0.028521 -0.051216 -0.043304
v -0.029256 -0.048948 -0.043853
v -0.029233 -0.048903 -0.044374
v -0.029846 -0.047479 -0.044462
v -0.028083 -0.053586 -0.042116
v -0.028223 -0.052898 -0.041959
v -0.028869 -0.050096 -0.043334
v -0.027787 -0.063279 -0.037347
v -0.027889 -0.063053 -0.036681
v -0.027887 -0.062297 -0.037074
v -0.027838 -0.058396 -0.039637
v -0.027936 -0.055756 -0.040483
v -0.028120 -0.053621 -0.041589
v -0.027563 -0.053744 -0.042842
v -0.027975 -0.051432 -0.043996
v -0.028668 -0.049101 -0.045073
v -0.029619 -0.046791 -0.045992
v -0.030741 -0.044471 -0.046713
v -0.029014 -0.049042 -0.044765
v -0.030201 -0.046600 -0.045273
v -0.031089 -0.044416 -0.046371
v -0.031320 -0.044287 -0.045958
v -0.031335 -0.044338 -0.045471
v -0.027664 -0.063286 -0.037605
v -0.027671 -0.058442 -0.040081
v -0.027896 -0.053698 -0.042525
v -0.028316 -0.051361 -0.043694
v -0.031180 -0.044653 -0.045389
v 0.029190 -0.049744 -0.031175
v 0.029057 -0.049685 -0.031182
v 0.028949 -0.049567 -0.031192
v 0.028910 -0.049442 -0.031204
v 0.028909 -0.049408 -0.031207
v 0.028910 -0.049373 -0.031211
v 0.028969 -0.049193 -0.031228
v 0.027766 -0.051072 -0.040947
v 0.027930 -0.051015 -0.040677
v 0.027940 -0.051106 -0.040658
v 0.028050 -0.050964 -0.040378
v 0.027774 -0.050976 -0.040993
v 0.028064 -0.051058 -0.040359
v 0.027970 -0.051200 -0.040655
v 0.028101 -0.051154 -0.040351
v 0.028156 -0.051240 -0.040354
v 0.027908 -0.051402 -0.040995
v 0.027891 -0.051384 -0.040978
v 0.028224 -0.051307 -0.040367
v 0.027880 -0.051371 -0.040969
v 0.027843 -0.051317 -0.040943
v 0.027802 -0.051231 -0.040927
v 0.027775 -0.051140 -0.040931
v 0.028161 -0.050793 -0.039750
v 0.028163 -0.050840 -0.039736
v 0.028202 -0.050976 -0.039699
v 0.028233 -0.051031 -0.039685
v 0.028342 -0.051153 -0.039662
v 0.027022 -0.051151 -0.041609
v 0.027020 -0.051237 -0.041607
v 0.026196 -0.051240 -0.042209
v 0.024502 -0.051066 -0.043355
v 0.027062 -0.051003 -0.041661
v 0.027036 -0.051071 -0.041629
v 0.026211 -0.051075 -0.042230
v 0.020877 -0.051037 -0.045248
v 0.013067 -0.051008 -0.047623
v 0.009015 -0.051307 -0.048132
v 0.004962 -0.051921 -0.048218
v 0.000970 -0.052816 -0.047965
v -0.002914 -0.054019 -0.047464
v -0.010437 -0.056891 -0.045855
v -0.017694 -0.059683 -0.043364
v -0.024601 -0.062340 -0.039829
v -0.027077 -0.063184 -0.038181
v -0.027395 -0.063297 -0.037911
v -0.027660 -0.063360 -0.037578
v -0.028052 -0.062357 -0.034252
v -0.027953 -0.061992 -0.034415
v -0.028038 -0.063096 -0.035740
v -0.027933 -0.062854 -0.035840
v -0.028005 -0.063520 -0.036661
v -0.028350 -0.062713 -0.034093
v -0.028191 -0.063315 -0.035652
v -0.028152 -0.063750 -0.036599
v -0.027823 -0.063976 -0.037575
v -0.027052 -0.063753 -0.038309
v -0.026225 -0.063433 -0.038897
v -0.024594 -0.062805 -0.039972
v -0.021206 -0.061498 -0.041881
v -0.017689 -0.060144 -0.043511
v -0.010405 -0.057332 -0.046023
v -0.002884 -0.054445 -0.047644
v 0.001009 -0.053226 -0.048153
v 0.005007 -0.052317 -0.048407
v 0.009063 -0.051691 -0.048315
v 0.017091 -0.051361 -0.046800
v 0.020913 -0.051372 -0.045325
v 0.026231 -0.051382 -0.042260
v -0.026238 -0.062970 -0.038753
v -0.027064 -0.063285 -0.038164
v -0.027392 -0.063401 -0.037889
v -0.027905 -0.063271 -0.036742
v -0.027843 -0.063419 -0.037154
v -0.027727 -0.063728 -0.037533
v -0.027667 -0.063463 -0.037552
v -0.027050 -0.063534 -0.038195
v -0.014077 -0.058751 -0.044887
v -0.017675 -0.059926 -0.043402
v -0.010416 -0.057129 -0.045898
v -0.026211 -0.063213 -0.038792
v -0.024578 -0.062584 -0.039867
v 0.026207 -0.051319 -0.042226
v 0.013087 -0.051216 -0.047661
v 0.013101 -0.051307 -0.047717
v 0.013118 -0.051380 -0.047791
v 0.024490 -0.051234 -0.043336
v 0.024501 -0.051315 -0.043355
v 0.024523 -0.051379 -0.043393
v 0.020891 -0.051305 -0.045275
v 0.020877 -0.051220 -0.045243
v 0.024491 -0.051148 -0.043336
v 0.020873 -0.051127 -0.045234
v 0.017044 -0.051103 -0.046661
v 0.017054 -0.051202 -0.046685
v 0.017069 -0.051291 -0.046733
v 0.017041 -0.051003 -0.046664
v 0.013077 -0.051113 -0.047628
v 0.009038 -0.051521 -0.048178
v 0.004985 -0.052141 -0.048269
v 0.000993 -0.053042 -0.048017
v -0.002895 -0.054252 -0.047512
v -0.027921 -0.062520 -0.035549
v 0.028895 -0.049464 -0.031360
v 0.028953 -0.049621 -0.031344
v 0.029065 -0.049721 -0.031333
v 0.029177 -0.049766 -0.031328
v 0.028955 -0.049215 -0.031383
v 0.028953 -0.049220 -0.031383
v 0.028905 -0.049345 -0.031372
v 0.028698 -0.050689 -0.036929
v 0.028478 -0.050899 -0.038317
v 0.028587 -0.050637 -0.036944
v 0.028369 -0.050796 -0.038363
v 0.028482 -0.050533 -0.036986
v 0.028292 -0.050650 -0.038416
v 0.028410 -0.050387 -0.037034
v 0.028275 -0.050535 -0.038433
v 0.028395 -0.050273 -0.037051
v 0.028302 -0.050405 -0.038412
v 0.028431 -0.050133 -0.037031
v 0.028309 -0.050388 -0.038371
v 0.028807 -0.050450 -0.035606
v 0.028697 -0.050397 -0.035618
v 0.028595 -0.050294 -0.035654
v 0.028527 -0.050148 -0.035696
v 0.028516 -0.050034 -0.035712
v 0.028555 -0.049895 -0.035698
v -0.037489 -0.024333 -0.036235
v -0.035910 -0.032534 -0.036235
v -0.035424 -0.034552 -0.036236
v -0.034279 -0.038297 -0.036173
v -0.033768 -0.039656 -0.036065
v -0.031604 -0.044412 -0.034875
v -0.032337 -0.042908 -0.035406
v -0.032666 -0.042210 -0.035606
v -0.029564 -0.048903 -0.032753
v -0.029880 -0.048101 -0.033164
v -0.030744 -0.046172 -0.034110
v -0.029160 -0.050077 -0.032141
v -0.028499 -0.052899 -0.030646
v -0.028150 -0.058238 -0.027837
v -0.028092 -0.059787 -0.029491
v -0.028091 -0.059118 -0.029792
v -0.028117 -0.058731 -0.028932
v -0.028412 -0.061525 -0.031471
v -0.028171 -0.060123 -0.029298
v -0.028202 -0.060179 -0.029246
v -0.028347 -0.060337 -0.028989
v -0.028443 -0.060384 -0.028827
v -0.029682 -0.061031 -0.027300
v -0.031325 -0.062772 -0.027892
v -0.030821 -0.061509 -0.025241
v -0.030748 -0.061480 -0.025392
v -0.031775 -0.064011 -0.030258
v -0.030319 -0.060388 -0.022607
v -0.029372 -0.059972 -0.024877
v -0.029621 -0.060553 -0.025968
v -0.028374 -0.059692 -0.027398
v -0.028268 -0.059336 -0.026890
v -0.028260 -0.059777 -0.028080
v -0.028153 -0.058567 -0.027661
v -0.028131 -0.059500 -0.028465
v -0.028170 -0.058879 -0.027460
v -0.028187 -0.059021 -0.027340
v -0.028191 -0.059675 -0.028255
v -0.028211 -0.059146 -0.027205
v -0.028240 -0.059504 -0.027579
v -0.028240 -0.059254 -0.027049
v -0.032753 -0.061218 -0.014064
v -0.030516 -0.060467 -0.022077
v -0.031696 -0.060878 -0.018441
v -0.004615 -0.052579 0.037759
v -0.011425 -0.054672 0.035842
v 0.014316 -0.049516 0.037744
v -0.033706 -0.061507 0.010270
v -0.032635 -0.061180 0.016545
v -0.031787 -0.060922 0.019109
v 0.002353 -0.050755 0.038752
v 0.018961 -0.049511 0.035675
v 0.009754 -0.049722 0.038676
v 0.008898 -0.049797 0.038758
v 0.006656 -0.050048 0.038869
v 0.030789 -0.049524 0.022127
v 0.030324 -0.049525 0.023223
v 0.027553 -0.049526 0.028048
v 0.025923 -0.049524 0.030077
v 0.023714 -0.049519 0.032282
v 0.021266 -0.049514 0.034218
v -0.016677 -0.056288 0.033557
v -0.017922 -0.056671 0.032889
v -0.021839 -0.057874 0.030431
v -0.024225 -0.058607 0.028653
v -0.026567 -0.059325 0.026626
v -0.028052 -0.059780 0.025099
v -0.030788 -0.060616 0.021244
v 0.032275 -0.049519 0.017533
v 0.032603 -0.049517 0.016158
v 0.000522 -0.051153 0.038586
v -0.000685 -0.051449 0.038441
v 0.037489 -0.024333 -0.036235
v 0.036507 -0.029607 -0.036233
v 0.036183 -0.031251 -0.036216
v 0.035386 -0.034669 -0.035988
v 0.035102 -0.035692 -0.035851
v 0.034371 -0.037991 -0.035431
v 0.033787 -0.039566 -0.034893
v 0.033173 -0.041044 -0.034176
v 0.032130 -0.043277 -0.032781
v 0.031081 -0.045303 -0.031263
v 0.030518 -0.046349 -0.030404
v 0.029613 -0.048042 -0.028919
v 0.037819 0.004791 -0.050392
v 0.037950 0.003616 -0.050392
v 0.036853 0.003511 -0.050685
v -0.000000 0.038121 -0.050393
v 0.003116 0.037994 -0.050393
v 0.002052 0.036963 -0.050685
v 0.001732 0.031196 -0.051795
v -0.000000 0.031244 -0.051795
v -0.000000 0.033540 -0.051455
v 0.001473 0.026531 -0.052000
v -0.000000 0.026571 -0.052000
v -0.000000 0.030231 -0.051893
v 0.031103 0.002963 -0.051795
v 0.030433 -0.002516 -0.051867
v 0.026481 -0.002189 -0.052000
v 0.034123 -0.002821 -0.051322
v 0.038110 0.000939 -0.050392
v 0.037992 -0.003141 -0.050392
v 0.037173 0.008452 -0.050392
v 0.035653 0.009965 -0.050685
v 0.036714 0.010262 -0.050392
v 0.033332 0.016106 -0.050685
v 0.029964 0.021739 -0.050685
v 0.030856 0.022386 -0.050393
v 0.032885 0.019283 -0.050392
v 0.034615 0.015970 -0.050393
v 0.036125 0.012175 -0.050392
v 0.025270 0.028542 -0.050393
v 0.026419 0.027483 -0.050393
v 0.025655 0.026688 -0.050685
v 0.028178 0.025676 -0.050392
v 0.030761 0.022516 -0.050393
v 0.022073 0.031081 -0.050393
v 0.020538 0.030800 -0.050685
v 0.020591 0.032082 -0.050393
v 0.007160 0.037443 -0.050393
v 0.008802 0.037091 -0.050393
v 0.008547 0.036019 -0.050685
v 0.011124 0.036462 -0.050393
v 0.014774 0.033944 -0.050685
v 0.014959 0.035064 -0.050393
v 0.018623 0.033263 -0.050393
v 0.006620 0.037542 -0.050393
v 0.030090 0.008411 -0.051795
v 0.028132 0.013593 -0.051795
v 0.025289 0.018347 -0.051795
v 0.021652 0.022524 -0.051795
v 0.017334 0.025994 -0.051795
v 0.012469 0.028648 -0.051795
v 0.007214 0.030399 -0.051795
v 0.026452 0.002520 -0.052000
v 0.025591 0.007153 -0.052000
v 0.023925 0.011560 -0.052000
v 0.021507 0.015604 -0.052000
v 0.018414 0.019156 -0.052000
v 0.014742 0.022107 -0.052000
v 0.010605 0.024364 -0.052000
v 0.006135 0.025853 -0.052000
v -0.029858 -0.002469 -0.051913
v -0.031105 -0.002572 -0.051799
v -0.031070 0.002963 -0.051799
v -0.037384 0.007465 -0.050392
v -0.036551 0.010830 -0.050392
v -0.035603 0.009958 -0.050698
v -0.004075 0.037903 -0.050393
v -0.002018 0.036914 -0.050698
v -0.008105 0.037250 -0.050393
v -0.008508 0.035977 -0.050698
v -0.008773 0.037098 -0.050393
v -0.012042 0.036169 -0.050393
v -0.014731 0.033907 -0.050698
v -0.015191 0.034964 -0.050393
v -0.022852 0.030513 -0.050393
v -0.021131 0.031729 -0.050393
v -0.020492 0.030770 -0.050698
v -0.019457 0.032782 -0.050393
v -0.015841 0.034674 -0.050393
v -0.031321 0.021732 -0.050392
v -0.030848 0.022398 -0.050393
v -0.029915 0.021721 -0.050698
v -0.028819 0.024955 -0.050393
v -0.025607 0.026665 -0.050698
v -0.025983 0.027895 -0.050393
v -0.023646 0.029902 -0.050393
v -0.033466 0.018256 -0.050392
v -0.033283 0.016093 -0.050698
v -0.034320 0.016595 -0.050393
v -0.035226 0.014574 -0.050392
v -0.037943 0.003691 -0.050392
v -0.036802 0.003510 -0.050698
v -0.038121 -0.000175 -0.050392
v -0.033324 -0.002755 -0.051473
v -0.037992 -0.003141 -0.050392
v -0.026452 0.002523 -0.052000
v -0.026481 -0.002189 -0.052000
v -0.001704 0.031165 -0.051799
v -0.030058 0.008408 -0.051799
v -0.025589 0.007158 -0.052000
v -0.028099 0.013587 -0.051799
v -0.023922 0.011567 -0.052000
v -0.025256 0.018338 -0.051799
v -0.021502 0.015612 -0.052000
v -0.021619 0.022512 -0.051799
v -0.018405 0.019165 -0.052000
v -0.017301 0.025978 -0.051799
v -0.014729 0.022116 -0.052000
v -0.012437 0.028626 -0.051799
v -0.010588 0.024371 -0.052000
v -0.007183 0.030373 -0.051799
v -0.006115 0.025858 -0.052000
v -0.001450 0.026532 -0.052000
v -0.013000 0.038912 -0.046548
v -0.010150 0.039751 -0.046548
v -0.010126 0.039568 -0.047487
v 0.011924 0.039255 -0.046548
v 0.015207 0.038104 -0.046548
v 0.015169 0.037922 -0.047487
v 0.040255 0.001642 -0.048251
v 0.040784 0.002223 -0.047488
v 0.040740 -0.002929 -0.047489
v 0.011111 0.038726 -0.048251
v 0.010155 0.038988 -0.048251
v 0.010275 0.039530 -0.047487
v -0.013661 0.037902 -0.048251
v -0.014850 0.037452 -0.048251
v -0.015026 0.037979 -0.047487
v -0.040165 0.003160 -0.048251
v -0.040228 0.002220 -0.048251
v -0.040776 0.002377 -0.047488
v -0.039083 -0.010206 -0.048251
v -0.037847 -0.016868 -0.048251
v -0.037896 -0.016875 -0.048202
v -0.040275 -0.001065 -0.048251
v -0.039974 -0.005021 -0.048251
v -0.040751 -0.002775 -0.047488
v -0.039513 -0.007919 -0.048246
v -0.040083 -0.007880 -0.047486
v -0.038409 -0.016943 -0.047460
v -0.039618 0.007318 -0.048251
v -0.040152 0.007490 -0.047488
v -0.038890 0.012485 -0.047488
v -0.038642 0.011400 -0.048251
v -0.037009 0.017280 -0.047488
v -0.037246 0.015360 -0.048251
v -0.030717 0.026070 -0.048251
v -0.033261 0.022735 -0.048251
v -0.034539 0.021801 -0.047488
v -0.034114 0.021435 -0.048251
v -0.035447 0.019149 -0.048251
v -0.019687 0.035786 -0.047487
v -0.024656 0.031863 -0.048251
v -0.024035 0.033024 -0.047488
v -0.027837 0.029125 -0.048251
v -0.028000 0.029736 -0.047488
v -0.031520 0.025975 -0.047488
v -0.017529 0.036276 -0.048251
v -0.021208 0.034255 -0.048251
v -0.009644 0.039118 -0.048251
v 0.007020 0.039672 -0.048251
v 0.005217 0.040509 -0.047487
v 0.015077 0.037361 -0.048251
v 0.025839 0.030912 -0.048251
v 0.024159 0.032933 -0.047488
v 0.027775 0.029184 -0.048251
v 0.028112 0.029630 -0.047488
v 0.028915 0.028055 -0.048251
v 0.031675 0.024897 -0.048251
v 0.031618 0.025856 -0.047488
v 0.034621 0.021670 -0.047488
v 0.034095 0.021465 -0.048251
v 0.037074 0.017140 -0.047488
v 0.036142 0.017802 -0.048251
v 0.038936 0.012338 -0.047488
v 0.037798 0.013946 -0.048251
v 0.040180 0.007339 -0.047488
v 0.039865 0.005825 -0.048251
v 0.039653 0.007127 -0.048251
v 0.039044 0.009936 -0.048251
v 0.039725 -0.006721 -0.048250
v 0.040107 -0.003810 -0.048252
v 0.040207 -0.002558 -0.048251
v 0.040055 -0.008031 -0.047485
v 0.038373 -0.017086 -0.047482
v 0.037825 -0.016982 -0.048251
v 0.038550 -0.017119 -0.046548
v 0.040256 -0.007922 -0.046548
v 0.040790 -0.004386 -0.046548
v 0.039077 0.012495 -0.046548
v 0.040337 0.007487 -0.046548
v 0.040958 0.002361 -0.046548
v 0.040930 -0.002803 -0.046548
v 0.035919 0.019824 -0.046548
v 0.037198 0.017304 -0.046548
v 0.038539 0.014066 -0.046548
v 0.019821 0.035711 -0.047487
v 0.017817 0.036956 -0.046548
v 0.019872 0.035892 -0.046548
v 0.024223 0.033111 -0.046548
v 0.028191 0.029806 -0.046548
v 0.031712 0.026029 -0.046548
v 0.034730 0.021840 -0.046548
v 0.010300 0.039712 -0.046548
v 0.018884 0.035589 -0.048251
v 0.022482 0.033432 -0.048251
v 0.005750 0.040621 -0.046548
v -0.005065 0.040528 -0.047487
v -0.006863 0.040448 -0.046548
v -0.005077 0.040711 -0.046548
v 0.000077 0.040843 -0.047487
v 0.000077 0.041026 -0.046548
v 0.005230 0.040691 -0.046548
v -0.015063 0.038161 -0.046548
v -0.005522 0.039908 -0.048251
v -0.001341 0.040266 -0.048251
v 0.002857 0.040187 -0.048251
v -0.018827 0.036451 -0.046548
v -0.031613 0.026149 -0.046548
v -0.028078 0.029913 -0.046548
v -0.024099 0.033203 -0.046548
v -0.019737 0.035967 -0.046548
v -0.036269 0.019176 -0.046548
v -0.034648 0.021971 -0.046548
v -0.032890 0.024524 -0.046548
v -0.040941 -0.002648 -0.046548
v -0.041015 0.000963 -0.046548
v -0.040949 0.002516 -0.046548
v -0.040309 0.007639 -0.046548
v -0.039030 0.012642 -0.046548
v -0.037133 0.017445 -0.046548
v -0.038578 -0.016966 -0.046548
v -0.040285 -0.007770 -0.046548
v -0.040717 -0.005026 -0.046548
v 0.037056 -0.009255 -0.050396
v 0.035696 -0.016578 -0.050395
v 0.037906 -0.004057 -0.050393
v -0.037375 -0.007533 -0.050398
v -0.035696 -0.016578 -0.050395
v 0.026345 -0.003458 -0.052000
v 0.025686 -0.006802 -0.052000
v -0.011985 -0.023715 -0.052000
v -0.014923 -0.021985 -0.052000
v -0.016685 -0.020680 -0.052000
v -0.017614 -0.019894 -0.052000
v -0.019334 -0.018227 -0.052000
v -0.020016 -0.017476 -0.052000
v 0.013700 -0.022767 -0.052000
v 0.024608 -0.010024 -0.052000
v 0.023116 -0.013103 -0.052000
v 0.021249 -0.015954 -0.052000
v 0.019032 -0.018542 -0.052000
v 0.016502 -0.020826 -0.052000
v -0.022088 -0.014771 -0.052000
v -0.023796 -0.011824 -0.052000
v -0.025114 -0.008679 -0.052000
v -0.026019 -0.005392 -0.052000
v 0.024858 -0.023716 -0.051799
v 0.026892 -0.019501 -0.051799
v 0.019244 -0.023878 -0.051976
v 0.020679 -0.022366 -0.051976
v 0.021965 -0.020741 -0.051976
v 0.035037 -0.019972 -0.050392
v 0.030032 -0.022479 -0.051313
v 0.031424 -0.017432 -0.051313
v 0.032551 -0.012454 -0.051313
v 0.033495 -0.007524 -0.051313
v 0.030527 -0.006662 -0.051799
v 0.029621 -0.010935 -0.051799
v 0.024135 -0.017265 -0.051976
v 0.025848 -0.013619 -0.051976
v 0.027159 -0.009875 -0.051976
v 0.028433 -0.015213 -0.051799
v -0.024858 -0.023717 -0.051799
v -0.030032 -0.022479 -0.051313
v -0.019244 -0.023879 -0.051976
v -0.020679 -0.022367 -0.051976
v -0.021965 -0.020741 -0.051976
v -0.024135 -0.017265 -0.051976
v -0.025848 -0.013619 -0.051976
v -0.027159 -0.009875 -0.051976
v -0.028094 -0.006058 -0.051976
v -0.034577 -0.022037 -0.050401
v -0.031424 -0.017432 -0.051313
v -0.032551 -0.012454 -0.051313
v -0.033495 -0.007524 -0.051313
v -0.030527 -0.006663 -0.051799
v -0.029621 -0.010935 -0.051799
v -0.028433 -0.015213 -0.051799
v -0.026892 -0.019501 -0.051799
v 0.038996 -0.016213 -0.036235
v 0.040288 -0.009251 -0.036235
v 0.040967 -0.005230 -0.036235
v 0.041045 -0.004579 -0.036235
v 0.041296 -0.000560 -0.036235
v 0.041284 0.001154 -0.036235
v 0.041135 0.003687 -0.036235
v 0.040538 0.007894 -0.036235
v 0.039513 0.012013 -0.036235
v 0.039047 0.013453 -0.036235
v 0.038068 0.016015 -0.036235
v 0.036221 0.019844 -0.036235
v 0.033991 0.023458 -0.036235
v 0.033087 0.024718 -0.036235
v 0.031402 0.026826 -0.036235
v 0.028478 0.029912 -0.036235
v 0.025258 0.032676 -0.036235
v 0.023977 0.033627 -0.036235
v 0.021762 0.035102 -0.036235
v 0.018503 0.036923 -0.036235
v 0.018040 0.037151 -0.036235
v 0.014132 0.038806 -0.036235
v 0.012584 0.039336 -0.036235
v 0.010063 0.040056 -0.036235
v 0.005896 0.040877 -0.036235
v 0.001666 0.041267 -0.036235
v -0.000006 0.041300 -0.036235
v -0.002583 0.041219 -0.036235
v -0.006805 0.040735 -0.036235
v -0.010952 0.039821 -0.036235
v -0.012598 0.039331 -0.036235
v -0.014992 0.038483 -0.036235
v -0.018862 0.036740 -0.036235
v -0.022536 0.034609 -0.036235
v -0.023992 0.033616 -0.036235
v -0.025979 0.032106 -0.036235
v -0.029136 0.029270 -0.036235
v -0.031989 0.026122 -0.036235
v -0.032856 0.025023 -0.036235
v -0.034507 0.022692 -0.036235
v -0.036654 0.019031 -0.036235
v -0.038416 0.015162 -0.036235
v -0.041207 0.002772 -0.036235
v -0.040703 0.006992 -0.036235
v -0.039771 0.011135 -0.036235
v -0.038921 0.013814 -0.036235
v -0.041273 -0.001483 -0.036235
v -0.041025 -0.004757 -0.036235
v -0.040903 -0.005712 -0.036235
v -0.039977 -0.010929 -0.036235
v -0.039496 -0.013520 -0.036235
v -0.000000 -0.024333 -0.036235
v 0.001091 -0.050234 -0.030201
v 0.000542 -0.053516 -0.028030
v 0.001355 -0.046936 -0.032277
v -0.025548 -0.058861 -0.026850
v -0.016972 -0.057370 -0.026726
v 0.000532 -0.054170 -0.027188
v 0.000120 -0.054399 -0.026477
v 0.000658 -0.054306 -0.026469
v 0.000508 -0.053769 -0.027833
v 0.000503 -0.053979 -0.027597
v 0.000515 -0.054084 -0.027397
v 0.000061 -0.055566 0.000250
v 0.000063 -0.055565 -0.000250
v -0.017025 -0.058597 -0.000250
v -0.017274 -0.057015 0.029427
v 0.016948 -0.051831 0.019703
v -0.000011 -0.055358 0.009948
v 0.025370 -0.049661 0.029444
v 0.016767 -0.050814 0.029404
v 0.008047 -0.051131 0.034172
v -0.000352 -0.053461 0.029361
v -0.017137 -0.057963 0.019715
v 0.016649 -0.050040 0.034226
v 0.008189 -0.052063 0.029373
v -0.000138 -0.054733 0.019691
v -0.025429 -0.059607 -0.023604
v 0.000224 -0.055282 -0.020005
v 0.000238 -0.055722 -0.013337
v 0.000177 -0.055783 -0.006623
v -0.025377 -0.060328 -0.013593
v -0.025379 -0.060004 -0.020282
v -0.016851 -0.058160 -0.023527
v -0.016789 -0.058655 -0.020225
v -0.016787 -0.059024 -0.013544
v -0.016879 -0.058946 -0.006812
vn 0.2841 0.9587 0.0161
vn 0.2804 0.9598 0.0158
vn 0.4914 0.8705 0.0277
vn 0.4859 0.8736 0.0273
vn 0.6902 0.7226 0.0388
vn 0.6883 0.7244 0.0387
vn 0.8617 0.5051 0.0485
vn 0.8639 0.5013 0.0486
vn 0.9591 0.2779 0.0540
vn 0.9617 0.2687 0.0543
vn 0.9968 0.0563 0.0562
vn 0.9973 0.0463 0.0565
vn 0.9983 -0.0151 0.0566
vn 0.9947 -0.1006 0.0227
vn 0.9911 -0.0470 0.1244
vn 0.9734 -0.1041 0.2040
vn 0.9895 -0.0642 0.1295
vn 0.9890 -0.0721 0.1294
vn 0.9889 -0.0711 0.1308
vn 0.9823 -0.0883 0.1651
vn 0.9794 -0.1168 0.1646
vn 0.9972 -0.0234 0.0705
vn 0.9966 -0.0346 0.0742
vn 0.9973 -0.0380 0.0627
vn 0.9955 -0.0716 0.0625
vn 0.9947 -0.0667 0.0786
vn 0.9914 -0.1052 0.0783
vn 0.9895 -0.0964 0.1074
vn 0.2216 0.9750 0.0183
vn 0.2256 0.9741 0.0128
vn 0.2243 0.9745 0.0059
vn -0.9940 0.0124 0.1088
vn -0.9983 0.0247 0.0533
vn -0.9938 0.0243 0.1081
vn -0.9602 0.2598 0.1026
vn -0.9569 0.2722 0.1015
vn -0.8316 0.5488 0.0857
vn -0.8294 0.5520 0.0853
vn -0.6724 0.7372 0.0667
vn -0.6673 0.7419 0.0658
vn -0.9982 0.0289 0.0531
vn -0.9606 0.2734 0.0503
vn -0.9594 0.2776 0.0500
vn -0.8317 0.5536 0.0423
vn -0.8296 0.5568 0.0420
vn -0.6684 0.7431 0.0328
vn -0.6644 0.7467 0.0324
vn -0.9647 -0.1075 0.2405
vn -0.9924 -0.0941 0.0796
vn -0.9925 -0.0547 0.1091
vn -0.9858 -0.0643 0.1549
vn -0.9760 -0.1071 0.1896
vn -0.9831 -0.0982 0.1545
vn -0.9927 -0.0951 0.0740
vn -0.9957 -0.0549 0.0741
vn -0.9973 -0.0505 0.0535
vn -0.6181 0.7861 0.0108
vn -0.6180 0.7861 0.0112
vn -0.9986 -0.0506 0.0174
vn -0.9985 -0.0500 0.0235
vn -0.9955 -0.0944 0.0103
vn -0.9954 -0.0937 0.0174
vn -0.6647 0.7470 0.0116
vn -0.8303 0.5572 0.0145
vn -0.9994 0.0289 0.0174
vn -0.9908 0.1339 0.0173
vn -0.9604 0.2780 0.0171
vn -0.9596 0.2807 0.0168
vn -0.8302 0.5573 0.0145
vn -0.7154 -0.1818 0.6746
vn 0.7985 -0.1728 0.5766
vn 0.8033 -0.1739 0.5697
vn 0.8447 -0.1617 0.5102
vn 0.8597 -0.1639 0.4837
vn 0.8959 -0.1469 0.4194
vn 0.9078 -0.1474 0.3926
vn 0.9306 -0.1316 0.3416
vn 0.9461 -0.1300 0.2966
vn 0.9564 -0.1194 0.2666
vn 0.9681 -0.1155 0.2223
vn 0.3650 -0.1924 0.9109
vn 0.4101 -0.2013 0.8895
vn 0.4488 -0.1956 0.8720
vn 0.4741 -0.1991 0.8576
vn 0.5291 -0.1986 0.8250
vn 0.5186 -0.1954 0.8324
vn 0.6048 -0.2016 0.7704
vn 0.5865 -0.1941 0.7864
vn 0.6762 -0.1943 0.7106
vn 0.6657 -0.1905 0.7215
vn 0.7418 -0.1845 0.6447
vn 0.7275 -0.1801 0.6620
vn 0.7611 -0.1797 0.6232
vn 0.0393 -0.1645 0.9856
vn 0.0677 -0.1597 0.9848
vn 0.1167 -0.1777 0.9771
vn 0.1737 -0.1801 0.9682
vn 0.1930 -0.1801 0.9645
vn 0.2236 -0.1883 0.9563
vn 0.2792 -0.1872 0.9418
vn 0.3041 -0.1936 0.9328
vn 0.3524 -0.1935 0.9156
vn -0.2348 -0.1466 0.9609
vn -0.1914 -0.1587 0.9686
vn -0.0861 -0.1535 0.9844
vn -0.0892 -0.1520 0.9843
vn -0.0123 -0.1645 0.9863
vn -0.5001 -0.1693 0.8493
vn -0.4551 -0.1697 0.8741
vn -0.3882 -0.1547 0.9085
vn -0.3308 -0.1590 0.9302
vn -0.2818 -0.1592 0.9462
vn -0.7197 -0.1832 0.6697
vn -0.7844 -0.1752 0.5950
vn -0.7866 -0.1758 0.5919
vn -0.8428 -0.1628 0.5131
vn -0.8859 -0.1729 0.4305
vn -0.8488 -0.1412 0.5096
vn -0.9231 -0.1522 0.3531
vn -0.8986 -0.1303 0.4190
vn -0.9508 -0.1321 0.2803
vn -0.9385 -0.1204 0.3235
vn -0.9774 -0.1142 0.1778
vn -0.9594 -0.1069 0.2611
vn -0.9268 -0.0992 0.3623
vn -0.9522 -0.0912 0.2916
vn -0.9483 -0.0880 0.3050
vn -0.9782 -0.0664 0.1969
vn -0.9705 -0.0351 0.2386
vn -0.5640 -0.1613 0.8099
vn -0.6416 -0.1585 0.7505
vn -0.6431 -0.1590 0.7491
vn -0.7286 -0.1539 0.6674
vn -0.7303 -0.1545 0.6654
vn -0.7955 -0.1433 0.5887
vn -0.8083 -0.1462 0.5703
vn -0.8714 -0.1187 0.4760
vn -0.8715 -0.1188 0.4758
vn -0.9156 -0.1117 0.3862
vn -0.2889 -0.1315 0.9483
vn -0.3509 -0.1305 0.9273
vn -0.2243 -0.1354 0.9651
vn -0.2364 -0.1242 0.9637
vn -0.1427 -0.1283 0.9814
vn -0.1162 -0.1383 0.9836
vn -0.0957 -0.1306 0.9868
vn -0.0233 -0.1303 0.9912
vn -0.0220 -0.1298 0.9913
vn 0.0579 -0.1426 0.9881
vn 0.1509 -0.1286 0.9801
vn 0.1074 -0.1484 0.9831
vn 0.2507 -0.1474 0.9568
vn 0.2337 -0.1527 0.9603
vn 0.3527 -0.1513 0.9234
vn 0.3176 -0.1625 0.9342
vn 0.4536 -0.1402 0.8801
vn 0.4331 -0.1503 0.8887
vn 0.5490 -0.1510 0.8221
vn 0.5589 -0.1475 0.8160
vn 0.6384 -0.1434 0.7562
vn 0.6364 -0.1443 0.7577
vn 0.6984 -0.1343 0.7030
vn 0.7193 -0.1364 0.6812
vn 0.7487 -0.1265 0.6508
vn 0.7909 -0.1226 0.5995
vn 0.8080 -0.1125 0.5783
vn 0.8509 -0.1089 0.5139
vn 0.8689 -0.0967 0.4855
vn 0.8987 -0.0928 0.4286
vn 0.9090 -0.0841 0.4082
vn 0.9389 -0.0720 0.3365
vn 0.9464 -0.0619 0.3170
vn 0.9679 -0.0580 0.2446
vn 0.9650 -0.0570 0.2560
vn 0.9773 -0.0448 0.2072
vn 0.9888 -0.0417 0.1431
vn 0.9851 -0.0288 0.1694
vn 0.9945 -0.0233 0.1024
vn 0.9812 -0.0716 0.1793
vn 0.9734 -0.0875 0.2119
vn 0.9715 -0.0853 0.2210
vn 0.9595 -0.0866 0.2680
vn 0.9697 -0.0969 0.2243
vn 0.9337 -0.1014 0.3433
vn 0.9487 -0.1126 0.2955
vn 0.8991 -0.1181 0.4216
vn 0.9181 -0.1293 0.3747
vn 0.8477 -0.1360 0.5127
vn 0.8710 -0.1465 0.4689
vn 0.8010 -0.1523 0.5790
vn 0.8241 -0.1615 0.5430
vn 0.7439 -0.1673 0.6470
vn 0.7656 -0.1751 0.6191
vn 0.6778 -0.1804 0.7128
vn 0.6966 -0.1865 0.6928
vn 0.6059 -0.1910 0.7723
vn 0.6200 -0.1952 0.7599
vn 0.5290 -0.1988 0.8250
vn 0.5370 -0.2011 0.8193
vn 0.4481 -0.2037 0.8704
vn 0.4487 -0.2039 0.8701
vn 0.3642 -0.2056 0.9083
vn 0.3568 -0.2036 0.9117
vn 0.2784 -0.2046 0.9384
vn 0.2632 -0.2005 0.9437
vn 0.1924 -0.2009 0.9605
vn -0.5640 -0.1762 0.8068
vn -0.5637 -0.1796 0.8062
vn -0.5657 -0.1790 0.8049
vn -0.9868 -0.0644 0.1486
vn -0.9692 -0.0868 0.2305
vn -0.9677 -0.0870 0.2365
vn -0.9541 -0.1009 0.2818
vn -0.9472 -0.1016 0.3042
vn -0.9272 -0.1182 0.3554
vn -0.9149 -0.1195 0.3856
vn -0.8907 -0.1360 0.4338
vn -0.8697 -0.1377 0.4740
vn -0.8440 -0.1524 0.5142
vn -0.8074 -0.1548 0.5693
vn -0.7856 -0.1654 0.5962
vn -0.7290 -0.1683 0.6635
vn -0.7164 -0.1736 0.6758
vn -0.6416 -0.1765 0.7465
vn 0.1706 -0.1951 0.9658
vn 0.0820 -0.1949 0.9774
vn 0.0674 -0.1987 0.9777
vn 0.0012 -0.1810 0.9835
vn -0.0858 -0.1802 0.9799
vn -0.1010 -0.1720 0.9799
vn -0.2341 -0.1706 0.9571
vn -0.2342 -0.1706 0.9571
vn -0.4891 -0.1715 0.8552
vn -0.4889 -0.1737 0.8548
vn -0.4753 -0.1781 0.8616
vn -0.4764 -0.1581 0.8649
vn -0.4663 -0.1615 0.8698
vn -0.3806 -0.1578 0.9112
vn -0.3801 -0.1687 0.9094
vn -0.3686 -0.1753 0.9129
vn -0.3689 -0.1669 0.9144
vn -0.3929 -0.1596 0.9056
vn 0.9824 -0.0637 0.1753
vn 0.9833 -0.0466 0.1758
vn 0.9732 -0.0382 0.2267
vn 0.9847 -0.0656 0.1614
vn 0.9519 -0.0720 0.2978
vn 0.9634 -0.0825 0.2549
vn 0.9217 -0.0892 0.3776
vn 0.9370 -0.0996 0.3349
vn 0.8747 -0.1079 0.4725
vn 0.8966 -0.1191 0.4266
vn 0.8275 -0.1275 0.5468
vn 0.8485 -0.1365 0.5113
vn 0.7687 -0.1448 0.6231
vn 0.7883 -0.1521 0.5962
vn 0.6992 -0.1598 0.6968
vn 0.7168 -0.1657 0.6773
vn 0.6221 -0.1722 0.7638
vn 0.6358 -0.1765 0.7514
vn 0.5385 -0.1817 0.8228
vn 0.5468 -0.1841 0.8168
vn 0.4497 -0.1880 0.8731
vn 0.4512 -0.1885 0.8723
vn 0.3574 -0.1910 0.9142
vn 0.3512 -0.1893 0.9169
vn 0.2635 -0.1908 0.9456
vn 0.2498 -0.1870 0.9501
vn 0.1707 -0.1875 0.9673
vn 0.1505 -0.1818 0.9717
vn 0.0821 -0.1818 0.9799
vn 0.0579 -0.1750 0.9829
vn 0.0012 -0.1746 0.9846
vn -0.0230 -0.1677 0.9856
vn -0.1011 -0.1668 0.9808
vn -0.1160 -0.1584 0.9805
vn -0.2345 -0.1571 0.9593
vn -0.2359 -0.1563 0.9591
vn -0.3279 -0.1554 0.9318
vn -0.3291 -0.0739 0.9414
vn -0.3933 -0.1477 0.9075
vn -0.4626 -0.1266 0.8775
vn -0.4670 -0.1454 0.8722
vn -0.5237 -0.1442 0.8396
vn -0.5287 -0.1602 0.8336
vn -0.5563 -0.1630 0.8148
vn -0.5552 -0.1792 0.8122
vn -0.6407 -0.1768 0.7472
vn -0.6402 -0.1822 0.7463
vn -0.6458 -0.1844 0.7409
vn 0.9292 0.2234 0.2944
vn 0.5196 0.7128 0.4712
vn -0.2153 0.6466 0.7318
vn -0.2424 0.8373 0.4901
vn 0.8588 0.4983 0.1189
vn 0.4851 0.8719 0.0672
vn -0.3981 0.8654 0.3044
vn -0.4764 0.8618 0.1744
vn -0.6592 0.7125 0.2404
vn -0.6708 0.7353 0.0970
vn -0.8281 0.5465 0.1247
vn -0.9816 0.0412 0.1863
vn -0.6701 0.7098 0.2172
vn -0.5312 0.8344 0.1466
vn -0.7741 0.6010 0.1990
vn -0.7056 0.6887 0.1671
vn -0.6772 0.7209 0.1474
vn -0.6776 0.6828 0.2732
vn -0.6293 0.7400 0.2375
vn -0.6492 0.7108 0.2707
vn -0.6790 0.6684 0.3037
vn -0.5519 0.8084 0.2046
vn -0.5893 0.7665 0.2552
vn -0.5821 0.7448 0.3261
vn -0.4377 0.8567 0.2730
vn -0.4261 0.8791 0.2134
vn -0.4892 0.7755 0.3992
vn -0.4649 0.8538 0.2345
vn -0.4682 0.8499 0.2418
vn -0.5669 0.7177 0.4044
vn 0.1665 0.9547 0.2465
vn 0.1314 0.9663 0.2216
vn 0.1312 0.9575 0.2570
vn 0.0719 0.9857 0.1526
vn 0.1303 0.9256 0.3555
vn 0.2310 0.9359 0.2659
vn 0.1664 0.9659 0.1984
vn 0.1464 0.9659 0.2137
vn 0.2473 0.9591 0.1377
vn 0.1346 0.9886 0.0682
vn 0.3186 0.9381 0.1357
vn 0.2639 0.9590 0.1037
vn 0.2181 0.9735 0.0689
vn 0.1772 0.9827 0.0538
vn 0.3335 0.9397 0.0753
vn 0.2695 0.9614 0.0563
vn 0.2733 0.9611 0.0388
vn 0.3107 0.9495 0.0430
vn 0.2803 0.9595 0.0286
vn 0.9937 0.0461 0.1023
vn 0.9680 0.2120 0.1344
vn -0.2406 0.8157 0.5261
vn -0.2206 0.6828 0.6966
vn -0.1173 0.7122 0.6921
vn -0.1118 0.6857 0.7192
vn 0.0092 0.7157 0.6984
vn -0.1449 0.8613 0.4870
vn -0.1429 0.8525 0.5028
vn -0.0311 0.8737 0.4855
vn 0.0156 0.6800 0.7331
vn 0.1474 0.7063 0.6924
vn 0.5153 0.7186 0.4670
vn 0.3527 0.8794 0.3197
vn 0.3109 0.8805 0.3578
vn 0.3097 0.8814 0.3566
vn 0.2638 0.8819 0.3908
vn 0.2674 0.8786 0.3957
vn 0.2175 0.8783 0.4258
vn 0.2172 0.8786 0.4253
vn 0.1661 0.8766 0.4516
vn 0.1540 0.8940 0.4208
vn 0.0872 0.8892 0.4492
vn 0.5701 0.7136 0.4072
vn 0.3913 0.8787 0.2734
vn 0.3511 0.8806 0.3182
vn 0.2812 0.9252 0.2549
vn 0.1600 0.9739 0.1607
vn 0.6857 0.7217 0.0948
vn 0.5814 0.8095 0.0818
vn 0.5673 0.8135 0.1282
vn 0.5725 0.8096 0.1291
vn 0.5543 0.8137 0.1751
vn 0.5607 0.8089 0.1767
vn 0.5350 0.8134 0.2282
vn 0.5419 0.8082 0.2307
vn 0.5092 0.8125 0.2838
vn 0.5146 0.8082 0.2865
vn 0.4751 0.8120 0.3390
vn 0.2023 0.9686 0.1445
vn 0.1181 0.9889 0.0901
vn 0.4578 0.7161 0.5269
vn 0.4579 0.7158 0.5272
vn 0.3899 0.7173 0.5774
vn 0.3945 0.7094 0.5840
vn 0.3211 0.7085 0.6285
vn 0.3199 0.7109 0.6263
vn 0.2453 0.7048 0.6657
vn 0.2282 0.7487 0.6224
vn 0.1404 0.7361 0.6621
vn 0.0928 0.8754 0.4743
vn -0.0277 0.8601 0.5093
vn 0.5582 0.0715 0.8266
vn 0.4428 -0.2325 0.8659
vn 0.3520 -0.5930 0.7242
vn 0.3344 0.2598 0.9059
vn 0.3223 -0.0365 0.9459
vn 0.2339 -0.0860 0.9685
vn 0.8940 0.2339 0.3823
vn 0.8992 0.2100 0.3839
vn 0.8516 0.2203 0.4756
vn 0.8559 0.1987 0.4775
vn 0.7955 0.2078 0.5691
vn 0.7989 0.1886 0.5712
vn 0.7261 0.1958 0.6591
vn 0.7283 0.1814 0.6608
vn 0.6441 0.1861 0.7420
vn 0.6449 0.1800 0.7427
vn 0.5502 0.1821 0.8149
vn 0.5513 0.1728 0.8162
vn 0.4485 0.1713 0.8772
vn 0.4480 0.1769 0.8764
vn 0.3410 0.1686 0.9248
vn 0.8950 0.2290 0.3827
vn 0.9011 -0.3114 0.3019
vn 0.9530 0.0241 0.3020
vn 0.9695 0.0090 0.2449
vn 0.9528 0.2132 0.2162
vn 0.9778 0.0310 0.2073
vn 0.9895 0.0202 0.1432
vn 0.5642 -0.0519 0.8240
vn 0.6417 -0.0684 0.7639
vn 0.6435 0.1907 0.7413
vn 0.6930 -0.1828 0.6974
vn 0.7175 0.2469 0.6513
vn 0.7543 -0.0316 0.6557
vn 0.8115 -0.0670 0.5806
vn 0.8115 -0.0635 0.5809
vn 0.8730 -0.0029 0.4876
vn 0.8729 0.0013 0.4878
vn 0.9118 -0.0311 0.4094
vn -0.3668 0.2852 0.8855
vn -0.9502 0.2570 0.1762
vn -0.9582 0.2229 0.1793
vn -0.9354 0.2390 0.2605
vn -0.9418 0.2064 0.2652
vn -0.9130 0.2246 0.3406
vn -0.9203 0.1780 0.3484
vn -0.8814 0.2001 0.4279
vn -0.8838 0.1778 0.4329
vn -0.8359 0.2004 0.5111
vn -0.8368 0.1764 0.5184
vn -0.7744 0.2007 0.6001
vn -0.7730 0.1662 0.6123
vn -0.6979 0.1915 0.6901
vn -0.6973 0.1862 0.6922
vn -0.6221 0.2097 0.7544
vn -0.6202 0.1982 0.7590
vn -0.5516 0.2197 0.8047
vn -0.5496 0.2103 0.8085
vn -0.4625 0.2384 0.8539
vn -0.9821 0.0123 0.1880
vn -0.9323 -0.3060 0.1926
vn -0.9526 0.1382 0.2710
vn -0.9561 -0.0379 0.2906
vn -0.9306 -0.0306 0.3646
vn -0.9327 0.0587 0.3558
vn -0.8590 -0.2134 0.4654
vn -0.6869 -0.5806 0.4372
vn -0.8373 0.1639 0.5215
vn -0.8061 -0.0939 0.5842
vn -0.7489 -0.0728 0.6587
vn -0.7660 0.0646 0.6396
vn -0.6080 -0.2513 0.7531
vn -0.6814 0.0581 0.7296
vn -0.5609 -0.1700 0.8102
vn -0.6146 0.1579 0.7729
vn -0.2358 0.3096 0.9211
vn -0.1903 0.1620 0.9683
vn -0.1196 0.1844 0.9755
vn -0.1236 0.1998 0.9720
vn -0.0300 0.2270 0.9734
vn -0.0217 0.1842 0.9826
vn 0.0904 0.2118 0.9731
vn 0.0970 0.1636 0.9817
vn 0.2219 0.1877 0.9568
vn -0.3885 0.7042 0.5943
vn -0.2980 0.3086 0.9033
vn -0.2920 0.2914 0.9109
vn -0.3190 0.9454 -0.0676
vn -0.3957 0.8477 0.3533
vn -0.3888 0.7059 0.5920
vn -0.4343 0.6896 0.5795
vn -0.3629 0.2719 0.8912
vn -0.4616 0.2345 0.8555
vn -0.4114 0.0429 0.9104
vn -0.4471 -0.1622 0.8797
vn -0.4278 -0.2167 0.8775
vn -0.5635 -0.0167 0.8259
vn -0.4149 0.8588 0.3004
vn -0.4307 0.7908 0.4349
vn -0.4325 0.6651 0.6088
vn -0.4818 0.6467 0.5913
vn -0.3370 -0.1681 0.9264
vn -0.5188 0.6247 0.5836
vn -0.5604 0.6102 0.5600
vn -0.5606 0.6084 0.5618
vn -0.6079 0.5925 0.5286
vn -0.6085 0.5893 0.5314
vn -0.6608 0.5718 0.4862
vn -0.6639 0.5598 0.4958
vn -0.7170 0.5413 0.4392
vn -0.7143 0.5493 0.4336
vn -0.7537 0.5343 0.3827
vn -0.7541 0.5333 0.3833
vn -0.7824 0.5215 0.3404
vn -0.7820 0.5224 0.3401
vn -0.8125 0.5084 0.2852
vn -0.7989 0.5338 0.2770
vn -0.8253 0.5211 0.2178
vn -0.8155 0.5379 0.2134
vn -0.8318 0.5297 0.1658
vn -0.6821 0.7197 0.1294
vn -0.5222 0.8488 0.0825
vn 0.3369 0.2184 0.9159
vn 0.2206 0.2019 0.9542
vn 0.2310 -0.0345 0.9723
vn 0.1214 -0.0808 0.9893
vn 0.1276 -0.3890 0.9123
vn -0.0357 0.2650 0.9636
vn 0.0287 -0.3400 0.9400
vn -0.0665 -0.0361 0.9971
vn -0.1219 -0.0527 0.9911
vn -0.1292 -0.0335 0.9911
vn -0.1734 -0.0491 0.9836
vn -0.1925 -0.0045 0.9813
vn -0.2263 -0.1305 0.9653
vn -0.2628 -0.0416 0.9640
vn -0.3154 -0.0616 0.9470
vn -0.4032 0.0184 0.9149
vn 0.0822 0.9663 0.2439
vn 0.0736 0.9662 0.2469
vn 0.0497 0.9538 0.2964
vn 0.0531 0.9498 0.3084
vn -0.0698 0.9708 0.2294
vn -0.1139 0.9928 -0.0375
vn -0.1392 0.8306 0.5393
vn -0.2067 0.9676 -0.1447
vn -0.2487 0.9180 0.3088
vn -0.3376 0.8996 0.2770
vn -0.3350 0.7873 0.5177
vn -0.3292 0.7241 0.6061
vn -0.3076 0.6176 0.7238
vn -0.2547 0.3875 0.8860
vn -0.1700 0.4147 0.8939
vn -0.1781 0.4498 0.8752
vn -0.0754 0.4815 0.8732
vn -0.0668 0.4379 0.8965
vn 0.0535 0.4712 0.8804
vn 0.0628 0.4181 0.9062
vn 0.1959 0.4491 0.8718
vn 0.1908 0.4800 0.8562
vn 0.2987 0.4997 0.8131
vn 0.3112 0.4369 0.8440
vn 0.4070 0.4468 0.7967
vn 0.4085 0.4411 0.7991
vn 0.5019 0.4427 0.7430
vn 0.4986 0.4539 0.7385
vn 0.5851 0.4515 0.6736
vn 0.5840 0.4546 0.6725
vn 0.6619 0.4492 0.6001
vn 0.6571 0.4614 0.5961
vn 0.7254 0.4531 0.5182
vn 0.7181 0.4698 0.5134
vn 0.7758 0.4596 0.4324
vn 0.7674 0.4773 0.4281
vn 0.8141 0.4656 0.3471
vn 0.8036 0.4862 0.3431
vn 0.8396 0.4741 0.2651
vn 0.8869 0.3690 0.2778
vn 0.9105 0.3587 0.2057
vn 0.9025 0.3788 0.2048
vn 0.9206 0.3685 0.1290
vn 0.9546 0.2667 0.1326
vn -0.6389 0.7691 0.0152
vn -0.6326 0.7720 0.0618
vn -0.6173 0.7861 0.0312
vn -0.6178 0.7858 0.0298
vn 0.9976 -0.0669 0.0174
vn 0.9948 -0.1007 0.0174
vn 0.9997 -0.0151 0.0175
vn 0.9997 -0.0151 0.0174
vn 0.9991 -0.0381 0.0174
vn 0.2841 0.9588 0.0050
vn 0.2777 0.9607 0.0056
vn 0.4916 0.8708 0.0079
vn 0.4810 0.8767 0.0084
vn 0.6906 0.7231 0.0116
vn 0.6841 0.7293 0.0119
vn 0.8626 0.5056 0.0150
vn 0.8647 0.5021 0.0148
vn 0.9603 0.2783 0.0168
vn 0.9637 0.2666 0.0162
vn 0.9982 0.0564 0.0181
vn 0.9986 0.0499 0.0174
vn 0.2243 0.9745 0.0042
vn 0.2243 0.9745 0.0039
vn -0.6033 0.7202 -0.3425
vn -0.6005 0.7187 -0.3505
vn -0.5999 0.7223 -0.3440
vn -0.5789 0.7311 -0.3610
vn -0.5768 0.7295 -0.3675
vn -0.5778 0.7257 -0.3736
vn -0.5878 0.6930 -0.4175
vn -0.6237 0.5613 -0.5441
vn -0.5690 0.7101 -0.4146
vn -0.5224 0.7804 -0.3435
vn -0.5800 0.5265 -0.6216
vn -0.4684 0.8409 -0.2712
vn -0.5289 0.5740 -0.6251
vn -0.4507 0.8408 -0.2999
vn -0.4721 0.7690 -0.4309
vn -0.4555 0.7831 -0.4234
vn -0.4253 0.8574 -0.2898
vn -0.4402 0.6441 -0.6257
vn -0.4055 0.8570 -0.3180
vn -0.4032 0.7191 -0.5660
vn -0.3858 0.8517 -0.3547
vn -0.3065 0.5180 -0.7986
vn -0.3372 0.7328 -0.5911
vn -0.2785 0.9425 -0.1848
vn -0.2485 0.7027 -0.6666
vn -0.1988 0.9587 -0.2032
vn -0.0046 0.9999 -0.0094
vn 0.1094 0.4713 -0.8751
vn -0.0580 0.9951 -0.0804
vn -0.0517 0.8848 -0.4630
vn -0.1334 0.9906 -0.0311
vn -0.1264 0.9695 -0.2098
vn -0.1573 0.7441 -0.6492
vn -0.6302 0.7127 -0.3080
vn -0.6316 0.7149 -0.2999
vn 0.2229 0.9620 -0.1577
vn 0.2201 0.9618 -0.1631
vn 0.2104 0.9622 -0.1731
vn 0.2107 0.9609 -0.1795
vn 0.1958 0.9601 -0.1998
vn 0.1769 0.9697 -0.1686
vn 0.2016 0.9546 -0.2194
vn 0.2293 0.9403 -0.2517
vn 0.2313 0.9624 -0.1427
vn 0.2312 0.9628 -0.1400
vn 0.2352 0.9640 -0.1242
vn 0.2433 0.9666 -0.0803
vn 0.7910 0.6118 0.0096
vn 0.9168 0.3603 -0.1722
vn 0.6311 0.7669 -0.1163
vn 0.5344 0.8373 -0.1155
vn 0.9975 -0.0666 -0.0244
vn 0.9436 -0.3291 -0.0372
vn 0.9419 -0.3337 -0.0390
vn 0.9816 0.1906 -0.0150
vn 0.9518 0.2981 -0.0721
vn 0.7869 0.6118 -0.0807
vn 0.8384 0.5365 -0.0962
vn 0.6967 0.7110 -0.0953
vn 0.2350 0.9662 -0.1057
vn 0.4666 0.8808 -0.0804
vn 0.4000 0.9126 -0.0851
vn 0.4060 0.9098 -0.0862
vn 0.4369 0.8953 -0.0874
vn 0.5712 0.8088 -0.1400
vn 0.9864 -0.0475 -0.1571
vn 0.9779 0.1066 -0.1798
vn 0.9501 0.2801 -0.1375
vn 0.9452 -0.3237 -0.0426
vn 0.9669 -0.2324 0.1055
vn 0.4257 0.9003 -0.0909
vn 0.6633 0.7415 -0.1013
vn 0.4347 0.8987 -0.0579
vn 0.7820 0.6196 -0.0679
vn 0.9024 0.3843 -0.1949
vn 0.7761 0.6175 -0.1278
vn 0.7604 0.6351 -0.1358
vn 0.4041 0.9114 -0.0782
vn 0.4652 0.8788 -0.1067
vn 0.4807 0.8734 -0.0780
vn 0.7003 0.6944 -0.1656
vn 0.7461 0.6512 -0.1390
vn 0.9724 -0.2076 -0.1070
vn 0.9920 -0.0072 -0.1261
vn 0.9922 -0.0006 -0.1250
vn 0.9495 0.2816 -0.1385
vn 0.9397 -0.3376 -0.0544
vn 0.9885 0.1457 -0.0412
vn 0.9823 0.1777 -0.0598
vn 0.8513 0.5224 -0.0483
vn 0.8465 0.5299 -0.0511
vn 0.7444 0.6646 -0.0648
vn 0.8724 0.4679 -0.1417
vn 0.8788 0.4574 -0.1361
vn 0.9685 0.1269 -0.2144
vn 0.9681 0.1816 -0.1729
vn 0.9972 0.0698 -0.0258
vn 0.9542 0.2946 -0.0525
vn 0.9192 0.3906 -0.0499
vn 0.9160 0.3992 -0.0389
vn 0.5944 0.8038 -0.0231
vn 0.6417 0.7646 -0.0596
vn 0.4880 0.8671 -0.0997
vn 0.5516 0.8334 -0.0345
vn 0.4955 0.8665 -0.0605
vn 0.6312 0.7657 -0.1237
vn 0.6570 0.7451 -0.1149
vn 0.8164 0.5468 -0.1854
vn 0.8456 0.5097 -0.1586
vn -0.6995 0.6888 -0.1902
vn 0.0449 0.8956 -0.4425
vn 0.3018 0.9474 -0.1065
vn -0.9239 -0.0205 -0.3822
vn -0.8555 -0.0367 -0.5165
vn -0.7523 -0.0516 -0.6568
vn -0.1223 -0.0216 -0.9923
vn -0.0096 -0.0198 -0.9998
vn 0.1306 -0.0200 -0.9912
vn 0.2580 -0.0410 -0.9653
vn 0.6718 -0.0346 -0.7399
vn 0.9092 0.0010 -0.4164
vn 0.9615 0.0240 -0.2738
vn 0.9879 0.0455 -0.1484
vn -0.9501 -0.2436 -0.1950
vn -0.6640 0.7416 -0.0958
vn 0.6871 0.7244 -0.0554
vn 0.9676 0.0468 -0.2480
vn 0.8992 0.4245 -0.1056
vn 0.7450 0.4367 -0.5042
vn 0.9614 0.2745 -0.0186
vn 0.3038 0.9501 -0.0704
vn 0.3075 0.9500 -0.0541
vn 0.0543 0.9983 -0.0206
vn 0.0570 -0.9977 -0.0374
vn 0.0715 0.9946 -0.0756
vn 0.2793 0.9291 -0.2423
vn 0.5107 0.7367 -0.4433
vn 0.0376 0.9985 -0.0404
vn 0.0216 0.9987 -0.0463
vn 0.0344 0.9964 -0.0778
vn -0.0426 0.8579 -0.5120
vn -0.0510 0.9960 -0.0728
vn -0.3847 0.9115 -0.1457
vn -0.3763 0.9219 -0.0919
vn -0.3384 0.4906 -0.8030
vn -0.4558 0.7809 -0.4272
vn -0.4695 0.7759 -0.4213
vn -0.4373 0.8619 -0.2569
vn -0.5124 0.6004 -0.6139
vn -0.4001 -0.3463 -0.8485
vn -0.5828 0.4794 -0.6562
vn -0.4908 0.7822 -0.3839
vn -0.4423 0.8930 -0.0834
vn -0.4636 0.8797 -0.1056
vn -0.7916 0.3012 -0.5317
vn -0.5534 0.8124 -0.1838
vn 0.5635 -0.8032 0.1931
vn -0.6052 0.7635 -0.2253
vn -0.6387 0.7291 -0.2458
vn 0.2481 -0.9680 0.0375
vn 0.2028 -0.9790 0.0185
vn -0.9244 0.3425 -0.1677
vn -0.8549 0.4959 -0.1526
vn -0.8234 0.5480 -0.1472
vn -0.9502 0.2564 -0.1770
vn -0.9481 0.2645 -0.1766
vn -0.9819 0.0157 -0.1888
vn 0.7851 0.3700 -0.4967
vn 0.7037 0.0668 -0.7073
vn 0.4556 0.1247 -0.8814
vn 0.3901 -0.4474 -0.8048
vn -0.1683 -0.0361 -0.9851
vn -0.2808 0.2545 -0.9254
vn -0.2845 0.2665 -0.9209
vn -0.6204 -0.0506 -0.7827
vn -0.6877 -0.0747 -0.7221
vn 0.9926 0.0664 -0.1018
vn 0.9653 0.2203 -0.1400
vn 0.8956 0.4255 -0.1299
vn 0.9039 0.4072 -0.1307
vn 0.6802 0.7264 -0.0984
vn 0.6354 0.7666 -0.0925
vn 0.4861 0.8711 -0.0700
vn 0.9733 -0.1851 -0.1357
vn 0.9371 0.0254 -0.3482
vn 0.8180 0.4605 -0.3445
vn 0.8456 0.3976 -0.3562
vn 0.8570 0.3685 -0.3602
vn 0.5978 0.7613 -0.2510
vn 0.4371 0.3077 -0.8451
vn 0.4282 0.3560 -0.8306
vn 0.3277 0.6995 -0.6351
vn -0.0694 -0.0342 -0.9970
vn -0.2179 0.4846 -0.8472
vn -0.1716 0.2814 -0.9441
vn -0.1750 0.2940 -0.9396
vn -0.2407 0.5967 -0.7655
vn -0.7848 0.2017 -0.5861
vn -0.7548 0.4419 -0.4848
vn -0.7588 0.4273 -0.4916
vn -0.3566 0.5396 -0.7626
vn -0.4643 0.2348 -0.8540
vn -0.4647 0.2360 -0.8535
vn -0.5021 0.5014 -0.7046
vn -0.5015 0.4931 -0.7109
vn -0.5764 0.4716 -0.6674
vn -0.5764 0.4753 -0.6648
vn -0.5580 0.2215 -0.7997
vn -0.5570 0.2161 -0.8019
vn -0.5042 -0.0143 -0.8635
vn -0.3684 -0.0933 -0.9250
vn -0.3111 -0.2262 -0.9231
vn -0.8091 -0.0735 -0.5831
vn -0.8330 0.2603 -0.4881
vn -0.8412 0.1776 -0.5107
vn -0.8365 0.2418 -0.4916
vn -0.7979 0.4238 -0.4286
vn -0.7795 0.4799 -0.4027
vn 0.9757 0.0471 -0.2140
vn 0.9018 0.3589 -0.2408
vn 0.8786 0.4159 -0.2347
vn 0.8898 0.3899 -0.2370
vn 0.6156 0.7708 -0.1639
vn 0.6311 0.7574 -0.1677
vn 0.5165 0.8452 -0.1372
vn 0.3073 0.9472 -0.0914
vn 0.3107 0.9388 -0.1490
vn 0.7975 0.4228 -0.4304
vn 0.1275 0.9899 -0.0614
vn 0.3309 0.9302 -0.1586
vn 0.1474 0.9871 -0.0628
vn 0.4171 0.8905 -0.1819
vn 0.6183 0.7420 -0.2590
vn 0.5618 0.7931 -0.2352
vn 0.3847 0.9105 -0.1513
vn 0.0931 0.9950 -0.0354
vn 0.4107 0.9001 -0.1454
vn 0.2088 0.9753 -0.0715
vn 0.2116 0.9753 -0.0627
vn 0.1247 0.9915 -0.0364
vn 0.4858 0.8668 -0.1126
vn 0.0469 0.9989 -0.0098
vn 0.5067 0.8571 -0.0929
vn 0.1569 0.9874 -0.0210
vn 0.2795 0.9596 -0.0324
vn 0.8686 0.0016 -0.4955
vn 0.7500 0.4723 -0.4631
vn 0.7900 0.3716 -0.4877
vn 0.7966 0.3523 -0.4912
vn 0.5691 0.7437 -0.3508
vn 0.5833 0.7287 -0.3589
vn 0.2942 0.9386 -0.1805
vn 0.3143 0.9297 -0.1919
vn 0.0941 -0.9938 -0.0599
vn 0.1195 0.9889 -0.0882
vn 0.8249 -0.0194 -0.5649
vn 0.7934 -0.0199 -0.6084
vn 0.7433 0.3502 -0.5700
vn 0.7437 0.3490 -0.5702
vn 0.5440 0.7281 -0.4171
vn 0.5450 0.7270 -0.4177
vn 0.2917 0.9300 -0.2235
vn 0.2933 0.9293 -0.2243
vn 0.3716 0.8837 -0.2847
vn 0.1023 0.9910 -0.0868
vn 0.7419 -0.2689 -0.6142
vn 0.6428 0.4668 -0.6074
vn 0.6826 0.3436 -0.6450
vn 0.6816 0.3470 -0.6442
vn 0.5018 0.7235 -0.4741
vn 0.5025 0.7225 -0.4748
vn 0.5171 0.7028 -0.4886
vn 0.3132 0.8632 -0.3959
vn 0.2178 0.9238 -0.3149
vn 0.4428 0.6780 -0.5867
vn 0.4212 0.7150 -0.5580
vn 0.4225 0.7130 -0.5596
vn 0.5676 0.3346 -0.7523
vn 0.5687 0.3300 -0.7535
vn 0.5855 -0.2361 -0.7755
vn 0.5964 -0.0375 -0.8018
vn 0.3186 0.7181 -0.6187
vn 0.3460 0.6549 -0.6719
vn 0.1911 0.9231 -0.3337
vn 0.0808 0.9869 -0.1400
vn 0.5142 0.4241 -0.7455
vn 0.0330 0.9985 -0.0441
vn 0.2709 0.8998 -0.3421
vn 0.1255 0.9814 -0.1452
vn 0.2468 0.9257 -0.2866
vn 0.2582 0.9259 -0.2756
vn 0.3603 0.8630 -0.3541
vn 0.4125 0.8155 -0.4060
vn 0.1717 0.9715 -0.1634
vn 0.1734 0.8444 -0.5068
vn 0.1122 0.8999 -0.4215
vn 0.2345 0.6283 -0.7418
vn 0.2221 0.6755 -0.7032
vn 0.2153 0.6966 -0.6844
vn 0.2870 0.3171 -0.9039
vn 0.2867 0.3193 -0.9032
vn 0.2631 0.4880 -0.8323
vn 0.3093 0.2499 -0.9175
vn 0.2011 -0.0467 -0.9785
vn 0.1119 0.4078 -0.9062
vn 0.1283 0.2717 -0.9538
vn 0.1169 0.3500 -0.9294
vn 0.0725 0.6385 -0.7662
vn 0.0617 0.6845 -0.7264
vn 0.0919 0.5178 -0.8506
vn -0.1023 0.8704 -0.4816
vn -0.0484 0.8789 -0.4745
vn 0.0264 0.7437 -0.6680
vn -0.1336 0.8672 0.4798
vn 0.1895 -0.2556 -0.9480
vn -0.0370 0.9928 0.1143
vn 0.1694 0.7585 -0.6293
vn 0.0830 0.9664 -0.2434
vn 0.1136 0.9371 -0.3301
vn 0.1040 0.9585 -0.2655
vn 0.1458 0.9161 -0.3736
vn 0.1608 0.9166 -0.3661
vn 0.2356 0.8444 -0.4811
vn 0.2996 0.7306 -0.6135
vn 0.0458 0.9958 -0.0796
vn 0.0543 -0.0331 -0.9980
vn -0.0634 0.4635 -0.8838
vn -0.0355 0.3043 -0.9519
vn -0.0388 0.3206 -0.9464
vn -0.0959 0.6427 -0.7601
vn -0.0949 0.6379 -0.7643
vn -0.0751 0.5276 -0.8462
vn -0.1639 0.8326 -0.5291
vn -0.3187 0.7862 -0.5294
vn -0.2977 0.6989 -0.6503
vn -0.2300 0.9485 0.2179
vn -0.2831 0.2622 -0.9226
vn -0.3610 0.5579 -0.7473
vn -0.2392 0.5897 -0.7714
vn -0.1993 0.3992 -0.8949
vn -0.2370 0.6820 -0.6919
vn -0.2447 0.7548 -0.6086
vn -0.1874 0.9167 -0.3530
vn -0.1849 0.9713 0.1493
vn 0.0108 0.2398 -0.9708
vn -0.1096 0.9140 -0.3907
vn -0.0627 0.9200 -0.3869
vn -0.4339 0.6425 -0.6316
vn -0.0961 -0.4232 -0.9009
vn -0.3369 0.1233 -0.9334
vn -0.3714 0.2424 -0.8963
vn -0.3747 0.2538 -0.8917
vn -0.4300 0.5215 -0.7370
vn -0.4295 0.5185 -0.7394
vn -0.4188 0.4518 -0.7877
vn -0.4488 0.6246 -0.6392
vn -0.4285 0.8969 -0.1094
vn -0.4678 0.8652 -0.1806
vn -0.5900 0.6729 -0.4462
vn -0.5491 0.6870 -0.4759
vn -0.5743 0.5202 -0.6321
vn -0.5089 0.6757 -0.5333
vn -0.4993 0.4633 -0.7322
vn -0.4805 0.7180 -0.5036
vn -0.4621 0.7244 -0.5115
vn -0.4571 0.5104 -0.7284
vn -0.4140 0.8818 -0.2260
vn -0.3794 0.9221 -0.0762
vn -0.3964 0.9037 -0.1618
vn -0.4030 0.5361 -0.7418
vn -0.4236 0.7437 -0.5172
vn -0.4058 0.7499 -0.5225
vn -0.3555 0.5345 -0.7668
vn -0.3674 0.6183 -0.6948
vn -0.3627 0.5494 -0.7528
vn 0.3701 -0.6411 0.6723
vn -0.3563 0.8961 -0.2646
vn -0.6265 0.6614 -0.4123
vn -0.7536 0.3382 -0.5637
vn -0.5315 -0.5258 -0.6641
vn -0.7352 0.1930 -0.6498
vn -0.7178 0.4425 -0.5376
vn -0.7185 0.4395 -0.5392
vn -0.6751 0.5938 -0.4377
vn -0.6418 0.6557 -0.3977
vn -0.5157 0.8406 -0.1653
vn -0.0217 -0.9925 -0.1201
vn -0.6869 0.6745 -0.2707
vn -0.6747 0.6783 -0.2910
vn -0.6970 0.6441 -0.3150
vn -0.6796 0.6511 -0.3380
vn -0.7059 0.5865 -0.3972
vn -0.6720 0.6448 -0.3643
vn -0.6567 0.6506 -0.3814
vn -0.7414 0.3567 -0.5685
vn -0.4920 0.8547 -0.1658
vn -0.4069 0.9116 -0.0582
vn -0.4625 0.8759 -0.1376
vn -0.6734 0.3778 -0.6355
vn -0.6513 0.5399 -0.5333
vn -0.6640 0.3388 -0.6665
vn -0.6564 0.4587 -0.5990
vn -0.6572 0.4503 -0.6044
vn -0.6593 0.2160 -0.7202
vn -0.6571 0.1973 -0.7275
vn -0.6540 0.1690 -0.7374
vn -0.3954 -0.3263 -0.8586
vn -0.7828 0.6043 -0.1485
vn -0.5666 0.8141 -0.1271
vn -0.6103 -0.7503 -0.2542
vn -0.3272 0.9423 -0.0705
vn -0.6791 0.6947 -0.2371
vn -0.8162 0.4700 -0.3361
vn -0.8074 0.4889 -0.3303
vn -0.8200 0.4607 -0.3397
vn -0.8866 0.2485 -0.3900
vn -0.8927 0.2127 -0.3974
vn -0.8813 0.2717 -0.3867
vn -0.8936 -0.0501 -0.4461
vn -0.4565 0.8876 -0.0615
vn -0.8363 0.5250 -0.1577
vn -0.7107 0.6904 -0.1350
vn -0.8442 0.4781 -0.2425
vn -0.8259 0.5123 -0.2353
vn -0.8495 0.4667 -0.2460
vn -0.9202 0.2773 -0.2761
vn -0.9333 0.2196 -0.2843
vn -0.9327 0.2225 -0.2840
vn -0.9497 -0.0294 -0.3116
vn 0.2189 0.9750 -0.0392
vn 0.2131 0.9766 -0.0284
vn 0.2117 0.9763 -0.0449
vn 0.2131 0.9761 -0.0427
vn 0.2072 0.9764 -0.0607
vn 0.2211 0.9743 -0.0426
vn 0.2261 0.9678 -0.1110
vn 0.2473 0.9680 -0.0425
vn 0.2116 0.9736 -0.0857
vn 0.2151 0.9738 -0.0737
vn -0.9756 -0.0798 -0.2043
vn -0.6573 0.4894 -0.5730
vn 0.9650 -0.0516 -0.2570
vn -0.9574 -0.1184 -0.2632
vn -0.9520 -0.1207 -0.2812
vn -0.9465 -0.1268 -0.2967
vn -0.9256 -0.1313 -0.3549
vn -0.9082 -0.1447 -0.3927
vn -0.8894 -0.1456 -0.4333
vn -0.8601 -0.1615 -0.4839
vn -0.8429 -0.1603 -0.5136
vn -0.8031 -0.1753 -0.5695
vn -0.7846 -0.1725 -0.5955
vn -0.7381 -0.1842 -0.6490
vn -0.7157 -0.1793 -0.6750
vn -0.6393 -0.1905 -0.7450
vn -0.6673 -0.1775 -0.7233
vn -0.5877 -0.1836 -0.7880
vn -0.5645 -0.1761 -0.8064
vn -0.4755 -0.1770 -0.8617
vn -0.5034 -0.1725 -0.8467
vn -0.4126 -0.1707 -0.8948
vn -0.3692 -0.1619 -0.9151
vn -0.3435 -0.1643 -0.9247
vn -0.0265 -0.1644 -0.9860
vn 0.0678 -0.1673 -0.9836
vn 0.0880 -0.1594 -0.9833
vn 0.0248 -0.1645 -0.9861
vn 0.6167 -0.1946 -0.7628
vn 0.6056 -0.1933 -0.7720
vn 0.5618 -0.2019 -0.8023
vn 0.5293 -0.1959 -0.8255
vn 0.5058 -0.1989 -0.8394
vn 0.4485 -0.1990 -0.8713
vn 0.4616 -0.1953 -0.8653
vn 0.3646 -0.2000 -0.9094
vn 0.3840 -0.1938 -0.9028
vn 0.2791 -0.1924 -0.9408
vn 0.2880 -0.1902 -0.9386
vn 0.1931 -0.1831 -0.9639
vn 0.2096 -0.1799 -0.9611
vn 0.1592 -0.1800 -0.9707
vn 0.6557 -0.1941 -0.7296
vn 0.6769 -0.1880 -0.7117
vn 0.7176 -0.1898 -0.6701
vn 0.7422 -0.1802 -0.6455
vn 0.7889 -0.1782 -0.5882
vn 0.7854 -0.1769 -0.5931
vn 0.8501 -0.1669 -0.4995
vn 0.8447 -0.1652 -0.5091
vn 0.8956 -0.1502 -0.4188
vn 0.9270 -0.1586 -0.3400
vn 0.8981 -0.1283 -0.4207
vn 0.9542 -0.1371 -0.2659
vn 0.9382 -0.1186 -0.3252
vn 0.9641 -0.1190 -0.2372
vn 0.9582 -0.1159 -0.2616
vn 0.9844 -0.0417 -0.1706
vn 0.9885 -0.0302 -0.1485
vn 0.9944 -0.0279 -0.1020
vn 0.9007 -0.0869 -0.4256
vn 0.9348 -0.0742 -0.3474
vn 0.9386 -0.0746 -0.3369
vn 0.9603 -0.0557 -0.2735
vn 0.9750 -0.0607 -0.2138
vn 0.8473 -0.1096 -0.5197
vn 0.8644 -0.0984 -0.4931
vn 0.9056 -0.0888 -0.4148
vn 0.3526 -0.1575 -0.9224
vn 0.4323 -0.1438 -0.8902
vn 0.4532 -0.1509 -0.8785
vn 0.5901 -0.1511 -0.7931
vn 0.5500 -0.1285 -0.8252
vn 0.6646 -0.1506 -0.7319
vn 0.6381 -0.1443 -0.7563
vn 0.6989 -0.1346 -0.7025
vn 0.7190 -0.1367 -0.6815
vn 0.7646 -0.1212 -0.6330
vn 0.7905 -0.1240 -0.5998
vn 0.8199 -0.1124 -0.5614
vn 0.8399 -0.1102 -0.5315
vn 0.0583 -0.1410 -0.9883
vn 0.1392 -0.1454 -0.9795
vn 0.1512 -0.1488 -0.9772
vn 0.2026 -0.1486 -0.9679
vn 0.2508 -0.1541 -0.9557
vn 0.2567 -0.1531 -0.9543
vn 0.3167 -0.1525 -0.9362
vn -0.0228 -0.1369 -0.9903
vn 0.0130 -0.1358 -0.9907
vn 0.0699 -0.1450 -0.9870
vn -0.5483 -0.1997 -0.8121
vn -0.4934 -0.0840 -0.8657
vn -0.4680 -0.1256 -0.8748
vn -0.3374 -0.1630 -0.9272
vn -0.3616 -0.1301 -0.9232
vn -0.2267 -0.1328 -0.9649
vn -0.2364 -0.1240 -0.9637
vn -0.1325 -0.1294 -0.9827
vn -0.1160 -0.1373 -0.9837
vn -0.0873 -0.1310 -0.9875
vn -0.0448 -0.1308 -0.9904
vn -0.7868 -0.1747 -0.5920
vn -0.7321 -0.1297 -0.6687
vn -0.8081 -0.1462 -0.5706
vn -0.8413 -0.1328 -0.5240
vn -0.8702 -0.1300 -0.4753
vn -0.8858 -0.1170 -0.4492
vn -0.9184 -0.0682 -0.3898
vn -0.9424 -0.1177 -0.3131
vn -0.9161 -0.1118 -0.3851
vn -0.9845 -0.0593 -0.1650
vn -0.9792 -0.0492 -0.1969
vn -0.9685 -0.0748 -0.2376
vn -0.9480 -0.0882 -0.3057
vn -0.9725 -0.0962 -0.2123
vn -0.9692 -0.0871 -0.2304
vn -0.9551 -0.0883 -0.2827
vn -0.9665 -0.0995 -0.2364
vn -0.9285 -0.1034 -0.3566
vn -0.9456 -0.1162 -0.3040
vn -0.8921 -0.1215 -0.4353
vn -0.9131 -0.1337 -0.3851
vn -0.8453 -0.1395 -0.5157
vn -0.8680 -0.1504 -0.4733
vn -0.7866 -0.1560 -0.5975
vn -0.8062 -0.1641 -0.5685
vn -0.7168 -0.1689 -0.6765
vn -0.7283 -0.1731 -0.6630
vn -0.6407 -0.1766 -0.7472
vn -0.6415 -0.1769 -0.7464
vn -0.5552 -0.1793 -0.8121
vn 0.9757 -0.0851 -0.2021
vn 0.9758 -0.0850 -0.2016
vn 0.9705 -0.0857 -0.2253
vn 0.9584 -0.0990 -0.2678
vn 0.9497 -0.1001 -0.2969
vn 0.9323 -0.1151 -0.3429
vn 0.9194 -0.1166 -0.3757
vn 0.8977 -0.1320 -0.4203
vn 0.8771 -0.1340 -0.4613
vn 0.8524 -0.1487 -0.5013
vn 0.8174 -0.1515 -0.5558
vn 0.7906 -0.1646 -0.5899
vn 0.7663 -0.1662 -0.6206
vn 0.7426 -0.1770 -0.6459
vn 0.6971 -0.1796 -0.6941
vn 0.6769 -0.1879 -0.7117
vn 0.6203 -0.1906 -0.7609
vn 0.6053 -0.1961 -0.7715
vn 0.5371 -0.1987 -0.8198
vn 0.5288 -0.2015 -0.8245
vn 0.4487 -0.2038 -0.8701
vn 0.4481 -0.2039 -0.8704
vn 0.3567 -0.2057 -0.9113
vn 0.3644 -0.2035 -0.9087
vn 0.2632 -0.2047 -0.9428
vn 0.2788 -0.2003 -0.9392
vn 0.1707 -0.2009 -0.9646
vn 0.1928 -0.1949 -0.9617
vn 0.0823 -0.1949 -0.9774
vn 0.0675 -0.1988 -0.9777
vn 0.0015 -0.1810 -0.9835
vn 0.0426 -0.1809 -0.9826
vn -0.1009 -0.1630 -0.9815
vn -0.1170 -0.1652 -0.9793
vn -0.2343 -0.1621 -0.9585
vn -0.2186 -0.1581 -0.9629
vn -0.2948 -0.1648 -0.9412
vn -0.7272 -0.1541 -0.6689
vn -0.6640 -0.1582 -0.7308
vn -0.6427 -0.1635 -0.7485
vn -0.6168 -0.1598 -0.7708
vn -0.5565 -0.1616 -0.8150
vn -0.5513 -0.1600 -0.8188
vn -0.4764 -0.1617 -0.8642
vn -0.4666 -0.1588 -0.8701
vn -0.3693 -0.1601 -0.9154
vn -0.3609 -0.1551 -0.9196
vn -0.2345 -0.1567 -0.9594
vn -0.2358 -0.1575 -0.9589
vn -0.1010 -0.1589 -0.9821
vn -0.1156 -0.1670 -0.9792
vn 0.0015 -0.1683 -0.9857
vn -0.0225 -0.1747 -0.9844
vn 0.0824 -0.1754 -0.9810
vn 0.0583 -0.1820 -0.9816
vn 0.1711 -0.1821 -0.9683
vn 0.1508 -0.1879 -0.9706
vn 0.2638 -0.1872 -0.9462
vn 0.2499 -0.1913 -0.9492
vn 0.3575 -0.1896 -0.9145
vn 0.3513 -0.1916 -0.9165
vn 0.4497 -0.1889 -0.8730
vn 0.4512 -0.1884 -0.8723
vn 0.5382 -0.1850 -0.8223
vn 0.5468 -0.1818 -0.8173
vn 0.6214 -0.1779 -0.7630
vn 0.6360 -0.1719 -0.7523
vn 0.6982 -0.1676 -0.6960
vn 0.7171 -0.1589 -0.6786
vn 0.7675 -0.1547 -0.6222
vn 0.7888 -0.1435 -0.5977
vn 0.8185 -0.1405 -0.5570
vn 0.8461 -0.1243 -0.5184
vn 0.8784 -0.1206 -0.4625
vn 0.8994 -0.1055 -0.4242
vn 0.9206 -0.1026 -0.3767
vn 0.9377 -0.0875 -0.3362
vn 0.9508 -0.0854 -0.2977
vn 0.9641 -0.0706 -0.2562
vn 0.9717 -0.0692 -0.2260
vn 0.9830 -0.0521 -0.1759
vn 0.9854 -0.0558 -0.1606
vn -0.6181 0.7860 -0.0108
vn -0.6180 0.7861 -0.0112
vn -0.9954 -0.0937 -0.0174
vn -0.9986 -0.0500 -0.0174
vn -0.6647 0.7470 -0.0116
vn -0.8302 0.5573 -0.0145
vn -0.9605 0.2778 -0.0168
vn -0.9994 0.0289 -0.0174
vn -0.9925 -0.0547 -0.1093
vn -0.9893 -0.0596 -0.1328
vn -0.9847 -0.0805 -0.1547
vn -0.9831 -0.0981 -0.1545
vn -0.9838 -0.0973 -0.1506
vn -0.9714 -0.1202 -0.2048
vn -0.9909 -0.0933 -0.0971
vn -0.9925 -0.0991 -0.0712
vn -0.9958 -0.0499 -0.0765
vn -0.9970 -0.0549 -0.0537
vn -0.6180 0.7860 -0.0165
vn -0.6228 0.7811 -0.0460
vn -0.6291 0.7767 -0.0314
vn -0.6268 0.7781 -0.0408
vn -0.9982 0.0288 -0.0535
vn -0.6639 0.7462 -0.0495
vn -0.6663 0.7441 -0.0498
vn -0.8286 0.5562 -0.0639
vn -0.8308 0.5529 -0.0642
vn -0.9578 0.2771 -0.0760
vn -0.9604 0.2680 -0.0765
vn -0.8548 0.5147 -0.0666
vn -0.9939 0.0159 -0.1089
vn 0.2243 0.9745 -0.0039
vn 0.2243 0.9745 -0.0041
vn 0.9983 0.0564 -0.0174
vn 0.9603 0.2784 -0.0168
vn 0.9604 0.2783 -0.0168
vn 0.8626 0.5057 -0.0151
vn 0.8627 0.5056 -0.0151
vn 0.6906 0.7231 -0.0121
vn 0.4916 0.8708 -0.0086
vn 0.2841 0.9588 -0.0050
vn 0.9948 -0.1007 -0.0174
vn 0.9976 -0.0669 -0.0174
vn 0.9991 -0.0381 -0.0174
vn 0.9941 -0.0265 -0.1055
vn 0.9997 -0.0151 -0.0175
vn 0.9996 -0.0266 -0.0109
vn 0.9887 -0.1051 -0.1073
vn 0.9983 -0.0129 -0.0566
vn 0.9891 -0.0560 -0.1364
vn 0.9892 -0.0713 -0.1280
vn 0.9818 -0.0856 -0.1695
vn 0.9809 -0.1047 -0.1638
vn 0.9720 -0.1175 -0.2037
vn 0.9947 -0.1006 -0.0227
vn 0.9921 -0.0979 -0.0788
vn 0.9946 -0.0667 -0.0792
vn 0.9954 -0.0717 -0.0628
vn 0.9971 -0.0422 -0.0630
vn 0.9943 -0.0421 -0.0981
vn 0.9938 -0.0279 -0.1073
vn 0.2243 0.9744 -0.0139
vn 0.2237 0.9746 -0.0128
vn 0.2190 0.9754 -0.0265
vn 0.9972 0.0482 -0.0565
vn 0.9968 0.0563 -0.0563
vn 0.9601 0.2742 -0.0542
vn 0.9591 0.2780 -0.0541
vn 0.8615 0.5054 -0.0486
vn 0.8617 0.5051 -0.0486
vn 0.6877 0.7250 -0.0388
vn 0.6901 0.7227 -0.0390
vn 0.4872 0.8729 -0.0275
vn 0.4914 0.8705 -0.0278
vn 0.2796 0.9600 -0.0159
vn 0.2841 0.9587 -0.0162
vn -0.0000 -0.0000 -1.0000
vn -0.0000 0.0002 -1.0000
vn -0.0000 -0.0001 -1.0000
vn 0.0019 -0.1261 -0.9920
vn 0.0085 -0.0829 -0.9965
vn 0.0024 -0.0237 -0.9997
vn 0.0041 -0.0223 -0.9997
vn -0.4747 -0.1704 -0.8635
vn 0.0037 -0.0140 -0.9999
vn 0.0014 -0.0238 -0.9997
vn 0.0015 -0.0238 -0.9997
vn 0.0032 -0.1252 -0.9921
vn -0.0188 -0.1308 -0.9912
vn 0.0037 -0.1403 -0.9901
vn 0.0379 -0.0347 -0.9987
vn 0.0285 -0.1337 -0.9906
vn 0.0130 -0.0489 -0.9987
vn 0.0046 -0.0137 -0.9999
vn 0.0167 -0.0807 -0.9966
vn 0.0448 -0.1133 -0.9925
vn 0.0357 -0.1245 -0.9916
vn 0.0178 -0.1298 -0.9914
vn 0.0684 -0.0978 -0.9928
vn 0.0606 -0.1066 -0.9925
vn 0.0485 -0.1128 -0.9924
vn 0.0964 -0.0828 -0.9919
vn 0.0890 -0.0893 -0.9920
vn 0.0763 -0.0972 -0.9923
vn 0.1295 -0.0729 -0.9889
vn 0.1316 -0.0659 -0.9891
vn 0.1076 -0.0819 -0.9908
vn 0.1676 -0.0394 -0.9851
vn 0.1620 -0.0521 -0.9854
vn 0.1525 -0.0598 -0.9865
vn 0.0966 -0.0544 -0.9938
vn 0.1244 -0.0503 -0.9910
vn 0.1707 -0.0690 -0.9829
vn 0.1687 -0.0721 -0.9830
vn 0.2171 -0.0489 -0.9749
vn 0.0252 -0.0380 -0.9990
vn 0.0309 -0.0292 -0.9991
vn 0.0131 -0.0330 -0.9994
vn 0.0246 -0.0185 -0.9995
vn 0.0093 -0.0220 -0.9997
vn 0.0062 -0.0224 -0.9997
vn 0.0004 -0.0256 -0.9997
vn 0.0110 -0.0248 -0.9996
vn 0.0028 -0.0294 -0.9996
vn 0.0180 -0.0258 -0.9995
vn 0.0060 -0.0371 -0.9993
vn 0.0089 -0.0351 -0.9993
vn 0.0709 -0.0322 -0.9970
vn 0.0792 -0.0506 -0.9956
vn 0.0649 -0.0614 -0.9960
vn 0.0664 -0.0571 -0.9962
vn 0.0481 -0.0690 -0.9965
vn 0.0482 -0.0689 -0.9965
vn 0.0338 -0.0766 -0.9965
vn 0.0316 -0.0800 -0.9963
vn 0.0231 -0.0838 -0.9962
vn 0.0190 -0.0890 -0.9958
vn 0.0266 -0.0864 -0.9959
vn 0.0105 -0.1401 -0.9901
vn 0.0128 -0.1380 -0.9904
vn -0.0025 -0.1256 -0.9921
vn -0.0009 -0.1261 -0.9920
vn -0.0031 -0.1257 -0.9921
vn -0.0015 -0.0238 -0.9997
vn -0.0041 -0.0211 -0.9998
vn -0.0006 -0.0239 -0.9997
vn -0.0110 -0.0916 -0.9957
vn 0.0229 -0.1324 -0.9909
vn -0.0039 -0.1495 -0.9888
vn -0.0079 -0.0357 -0.9993
vn -0.1905 -0.0420 -0.9808
vn -0.1636 -0.0521 -0.9852
vn -0.1439 -0.0665 -0.9874
vn -0.1246 -0.0701 -0.9897
vn -0.1237 -0.0710 -0.9898
vn -0.1109 -0.0801 -0.9906
vn -0.0962 -0.0827 -0.9919
vn -0.0921 -0.0876 -0.9919
vn -0.0806 -0.0947 -0.9922
vn -0.0685 -0.0979 -0.9928
vn -0.0635 -0.1063 -0.9923
vn -0.0450 -0.1139 -0.9925
vn -0.0424 -0.1187 -0.9920
vn -0.0245 -0.1288 -0.9914
vn -0.0275 -0.1292 -0.9912
vn -0.0142 -0.1384 -0.9903
vn -0.0137 -0.1385 -0.9903
vn -0.0236 -0.1391 -0.9900
vn -0.0117 -0.1475 -0.9890
vn -0.0057 -0.0207 -0.9998
vn -0.0124 -0.0196 -0.9997
vn -0.0081 -0.0221 -0.9997
vn -0.0062 -0.0224 -0.9997
vn -0.0000 -0.0259 -0.9997
vn -0.0095 -0.0215 -0.9997
vn -0.0006 -0.0306 -0.9995
vn -0.0194 -0.0279 -0.9994
vn -0.0042 -0.0288 -0.9996
vn -0.0017 -0.0300 -0.9995
vn -0.0608 -0.0421 -0.9973
vn -0.0473 -0.0329 -0.9983
vn -0.0322 -0.0358 -0.9988
vn -0.0355 -0.0335 -0.9988
vn -0.0214 -0.0312 -0.9993
vn -0.0119 -0.0333 -0.9994
vn -0.0155 -0.0904 -0.9958
vn -0.0152 -0.0903 -0.9958
vn -0.0240 -0.0873 -0.9959
vn -0.0183 -0.0859 -0.9961
vn -0.0347 -0.0787 -0.9963
vn -0.0309 -0.0782 -0.9965
vn -0.0481 -0.0689 -0.9965
vn -0.0482 -0.0689 -0.9965
vn -0.0628 -0.0594 -0.9963
vn -0.0684 -0.0588 -0.9959
vn -0.0746 -0.0541 -0.9957
vn -0.0899 -0.0506 -0.9947
vn -0.1003 -0.0397 -0.9942
vn -0.1602 -0.0652 -0.9849
vn -0.1836 -0.0479 -0.9818
vn 0.8338 -0.4993 -0.2353
vn 0.7194 -0.1338 -0.6815
vn 0.7140 -0.1318 -0.6876
vn 0.5258 -0.1263 -0.8412
vn 0.6582 -0.1869 -0.7293
vn 0.4898 -0.2142 -0.8451
vn 0.6605 -0.3038 -0.6866
vn 0.4580 -0.3208 -0.8290
vn 0.6325 -0.4337 -0.6418
vn 0.5314 -0.6305 -0.5657
vn 0.4942 -0.5927 -0.6360
vn 0.5277 -0.5391 -0.6564
vn 0.6070 -0.5600 -0.5638
vn 0.4410 -0.4393 -0.7826
vn 0.5047 -0.6270 -0.5934
vn 0.4834 -0.6651 -0.5692
vn 0.4930 -0.6622 -0.5643
vn 0.5098 -0.6801 -0.5268
vn 0.5584 -0.6486 -0.5172
vn 0.9656 -0.1799 -0.1876
vn 0.9700 -0.1847 -0.1583
vn 0.9590 -0.2361 -0.1565
vn 0.9601 -0.2390 -0.1450
vn 0.9362 -0.3236 -0.1372
vn 0.9352 -0.3215 -0.1484
vn 0.8985 -0.4185 -0.1327
vn 0.8953 -0.4159 -0.1598
vn 0.8563 -0.4969 -0.1407
vn 0.8524 -0.4970 -0.1628
vn 0.8307 -0.5358 -0.1512
vn 0.8312 -0.5356 -0.1492
vn 0.8435 -0.5139 -0.1563
vn 0.8466 -0.5140 -0.1382
vn 0.8903 -0.4237 -0.1671
vn 0.9160 -0.3957 -0.0664
vn 0.7387 -0.5752 -0.3513
vn 0.6841 -0.5978 -0.4179
vn 0.6670 -0.6269 -0.4026
vn 0.6569 -0.6275 -0.4180
vn 0.6653 -0.6137 -0.4252
vn 0.6584 -0.6140 -0.4353
vn 0.6960 -0.5465 -0.4657
vn 0.7028 -0.5474 -0.4543
vn 0.7506 -0.4437 -0.4896
vn 0.7606 -0.4464 -0.4714
vn 0.8031 -0.3257 -0.4989
vn 0.8067 -0.3271 -0.4922
vn 0.8340 -0.2207 -0.5057
vn 0.8310 -0.2193 -0.5112
vn 0.8433 -0.1559 -0.5143
vn 0.8442 -0.1562 -0.5128
vn 0.5671 -0.2118 -0.7960
vn 0.5532 -0.1933 -0.8103
vn 0.2804 -0.3067 -0.9096
vn 0.2482 -0.3236 -0.9131
vn 0.2278 -0.3540 -0.9071
vn 0.1701 -0.2816 -0.9443
vn 0.3640 -0.2543 -0.8960
vn 0.3449 -0.2219 -0.9121
vn 0.4102 -0.2392 -0.8801
vn 0.4246 -0.2263 -0.8766
vn 0.4567 -0.2086 -0.8648
vn 0.0634 -0.3238 -0.9440
vn 0.1750 -0.3945 -0.9021
vn 0.1036 -0.3881 -0.9158
vn 0.1606 -0.4170 -0.8946
vn 0.3178 -0.5239 -0.7903
vn 0.2007 -0.6605 -0.7235
vn 0.3726 -0.5537 -0.7447
vn 0.3106 -0.6227 -0.7182
vn 0.3881 -0.6353 -0.6677
vn 0.4214 -0.6274 -0.6548
vn 0.3809 -0.6697 -0.6375
vn 0.3870 -0.5773 -0.7190
vn 0.4210 -0.5349 -0.7326
vn 0.4311 -0.4368 -0.7896
vn 0.3930 -0.3054 -0.8673
vn 0.3944 -0.3037 -0.8673
vn 0.3981 -0.2623 -0.8790
vn 0.4055 -0.2541 -0.8781
vn 0.4739 -0.2105 -0.8550
vn 0.4720 -0.1757 -0.8639
vn 0.6124 -0.1433 -0.7774
vn 0.3899 -0.4643 -0.7952
vn 0.3069 -0.4473 -0.8401
vn 0.3540 -0.3204 -0.8786
vn 0.2868 -0.3044 -0.9084
vn 0.2985 -0.2648 -0.9169
vn 0.3861 -0.5779 -0.7190
vn 0.3020 -0.5633 -0.7691
vn 0.3605 -0.4284 -0.8286
vn 0.2357 -0.3996 -0.8859
vn 0.2242 -0.3632 -0.9044
vn 0.1784 -0.3505 -0.9194
vn 0.1987 -0.3941 -0.8974
vn 0.2317 -0.5004 -0.8342
vn 0.2286 -0.4890 -0.8418
vn 0.2821 -0.5021 -0.8175
vn 0.1915 -0.5278 -0.8275
vn 0.3416 -0.5625 -0.7530
vn 0.2524 -0.5901 -0.7669
vn 0.0464 -0.3607 -0.9315
vn 0.0790 -0.3520 -0.9327
vn 0.1098 -0.3734 -0.9211
vn 0.1395 -0.3741 -0.9168
vn 0.1720 -0.3900 -0.9046
vn 0.0422 -0.3791 -0.9244
vn 0.2328 -0.4362 -0.8692
vn 0.2188 -0.4403 -0.8708
vn 0.2861 -0.5211 -0.8041
vn 0.3750 -0.5382 -0.7547
vn 0.3410 -0.6078 -0.7172
vn 0.3922 -0.6652 -0.6353
vn 0.4180 -0.5953 -0.6862
vn 0.4231 -0.6796 -0.5993
vn 0.5816 -0.1728 -0.7949
vn 0.6213 -0.1652 -0.7660
vn 0.6039 -0.1685 -0.7791
vn 0.6554 -0.1219 -0.7453
vn -0.0619 -0.2996 -0.9521
vn 0.0785 -0.3234 -0.9430
vn 0.0399 -0.3036 -0.9520
vn 0.0104 -0.2726 -0.9621
vn -0.0011 -0.2698 -0.9629
vn 0.0020 -0.2766 -0.9610
vn -0.0172 -0.3062 -0.9518
vn -0.0026 -0.2770 -0.9609
vn -0.0003 -0.2763 -0.9611
vn -0.0599 -0.3339 -0.9407
vn -0.0692 -0.2991 -0.9517
vn -0.0985 -0.3309 -0.9385
vn -0.1331 -0.3348 -0.9329
vn 0.0058 -0.2556 -0.9668
vn -0.0258 -0.2732 -0.9616
vn -0.0362 -0.2736 -0.9612
vn -0.0390 -0.2792 -0.9594
vn -0.0452 -0.2860 -0.9571
vn -0.0139 -0.3328 -0.9429
vn -0.0247 -0.3077 -0.9512
vn -0.0212 -0.2995 -0.9539
vn -0.0180 -0.2997 -0.9539
vn -0.0364 -0.2729 -0.9614
vn -0.0027 -0.2747 -0.9615
vn -0.0028 -0.2744 -0.9616
vn 0.0371 -0.2721 -0.9616
vn 0.0737 -0.2972 -0.9520
vn 0.1245 -0.2837 -0.9508
vn -0.2517 -0.4060 -0.8786
vn -0.1777 -0.2649 -0.9478
vn -0.1691 -0.3645 -0.9157
vn -0.2071 -0.3905 -0.8970
vn -0.5684 -0.2148 -0.7942
vn -0.4617 -0.3067 -0.8323
vn -0.5402 -0.2786 -0.7941
vn -0.5585 -0.2080 -0.8030
vn -0.3788 -0.4264 -0.8214
vn -0.3281 -0.4351 -0.8384
vn -0.3864 -0.3971 -0.8325
vn -0.3233 -0.4731 -0.8195
vn -0.3800 -0.4125 -0.8279
vn -0.3480 -0.4251 -0.8356
vn -0.3163 -0.4542 -0.8329
vn -0.2618 -0.4010 -0.8779
vn -0.2494 -0.3857 -0.8883
vn -0.2940 -0.4138 -0.8616
vn -0.1635 -0.3645 -0.9167
vn -0.1669 -0.3717 -0.9132
vn -0.1022 -0.3361 -0.9363
vn -0.0931 -0.3605 -0.9281
vn -0.0423 -0.3343 -0.9415
vn -0.6099 -0.1427 -0.7795
vn -0.6366 -0.1638 -0.7536
vn -0.5352 -0.1484 -0.8316
vn -0.4115 -0.2194 -0.8846
vn -0.4531 -0.2003 -0.8687
vn -0.4509 -0.1951 -0.8710
vn -0.4863 -0.1681 -0.8575
vn -0.2888 -0.2658 -0.9197
vn -0.2553 -0.2869 -0.9233
vn -0.2279 -0.3841 -0.8947
vn -0.1239 -0.3616 -0.9241
vn -0.1825 -0.3564 -0.9163
vn -0.1593 -0.3460 -0.9246
vn -0.1172 -0.3564 -0.9269
vn -0.3113 -0.1791 -0.9333
vn -0.2207 -0.2634 -0.9391
vn -0.3943 -0.2928 -0.8711
vn -0.4115 -0.3082 -0.8577
vn -0.4127 -0.3083 -0.8571
vn -0.5771 -0.4273 -0.6960
vn -0.0888 -0.4103 -0.9076
vn -0.0904 -0.4001 -0.9120
vn -0.1637 -0.4170 -0.8940
vn -0.2432 -0.4584 -0.8548
vn -0.2344 -0.4592 -0.8568
vn -0.3238 -0.4734 -0.8192
vn -0.3258 -0.4729 -0.8187
vn -0.1317 -0.2120 -0.9684
vn -0.5746 -0.1688 -0.8008
vn -0.4333 -0.0997 -0.8957
vn -0.1189 -0.2828 -0.9518
vn -0.1247 -0.2839 -0.9507
vn -0.1346 -0.2569 -0.9570
vn -0.1689 -0.2531 -0.9526
vn -0.1519 -0.1910 -0.9698
vn -0.2340 -0.2080 -0.9497
vn -0.2207 -0.1610 -0.9620
vn -0.3165 -0.1834 -0.9307
vn -0.3107 -0.1487 -0.9388
vn -0.4113 -0.1687 -0.8957
vn -0.4313 -0.1360 -0.8919
vn -0.0935 -0.3433 -0.9346
vn -0.0603 -0.3041 -0.9507
vn -0.1008 -0.3156 -0.9435
vn -0.0357 -0.3325 -0.9424
vn -0.0429 -0.3382 -0.9401
vn -0.0473 -0.3325 -0.9419
vn -0.0566 -0.3283 -0.9429
vn -0.1765 -0.2158 -0.9603
vn -0.1686 -0.2117 -0.9627
vn -0.1706 -0.1740 -0.9699
vn -0.1992 -0.1610 -0.9666
vn -0.2389 -0.1776 -0.9547
vn -0.2413 -0.1663 -0.9561
vn -0.2752 -0.1249 -0.9532
vn -0.3332 -0.1977 -0.9219
vn -0.3573 -0.0303 -0.9335
vn -0.4819 -0.2168 -0.8490
vn -0.4901 -0.1834 -0.8521
vn -0.5785 -0.1829 -0.7949
vn -0.5074 -0.1442 -0.8496
vn -0.6334 -0.1399 -0.7611
vn -0.5835 -0.1265 -0.8022
vn -0.6888 -0.1537 -0.7084
vn -0.6456 -0.1197 -0.7543
vn -0.6882 -0.3236 -0.6494
vn -0.5635 -0.3790 -0.7341
vn -0.8976 -0.3988 -0.1877
vn -0.9404 -0.2873 -0.1821
vn -0.9559 -0.2075 -0.2079
vn -0.9586 -0.2110 -0.1911
vn -0.9643 -0.1793 -0.1948
vn -0.9608 -0.1746 -0.2155
vn -0.9439 -0.3227 -0.0702
vn -0.9141 -0.3985 -0.0755
vn -0.9808 -0.1935 -0.0245
vn -0.9410 -0.2969 -0.1625
vn -0.9538 -0.2950 0.0574
vn -0.9895 -0.0644 -0.1295
vn -0.9904 -0.0669 -0.1207
vn -0.9859 -0.0831 -0.1453
vn -0.9973 -0.0139 0.0717
vn -0.9892 -0.1249 -0.0764
vn -0.9803 -0.1808 -0.0796
vn -0.4384 -0.4047 -0.8025
vn -0.4711 -0.3999 -0.7862
vn -0.3678 -0.4393 -0.8196
vn -0.4385 -0.4403 -0.7835
vn -0.3906 -0.4658 -0.7940
vn -0.4235 -0.4733 -0.7724
vn -0.3990 -0.4799 -0.7814
vn -0.4069 -0.4841 -0.7747
vn -0.4325 -0.4812 -0.7625
vn -0.3934 -0.4410 -0.8067
vn -0.4685 -0.4721 -0.7468
vn -0.5020 -0.4050 -0.7642
vn -0.7967 -0.2697 -0.5408
vn -0.9148 -0.3543 -0.1939
vn -0.9078 -0.3106 -0.2819
vn -0.7342 -0.2715 -0.6224
vn -0.7796 -0.1754 -0.6012
vn -0.7869 -0.1795 -0.5905
vn -0.7943 -0.1437 -0.5902
vn -0.8046 -0.1492 -0.5747
vn -0.8551 -0.4639 -0.2314
vn -0.8180 -0.4867 -0.3066
vn -0.8352 -0.4391 -0.3311
vn -0.9120 -0.4041 -0.0709
vn -0.8398 -0.4551 -0.2960
vn -0.7727 -0.2802 -0.5695
vn -0.6802 -0.3344 -0.6523
vn -0.6708 -0.3642 -0.6461
vn -0.6680 -0.3655 -0.6482
vn -0.6537 -0.4279 -0.6241
vn -0.6462 -0.4312 -0.6297
vn -0.6370 -0.4714 -0.6099
vn -0.6302 -0.4736 -0.6153
vn -0.6237 -0.4968 -0.6035
vn -0.6447 -0.4923 -0.5849
vn -0.6483 -0.4936 -0.5797
vn -0.6713 -0.4114 -0.6165
vn -0.7032 -0.4238 -0.5708
vn -0.6733 -0.3744 -0.6376
vn -0.8849 -0.2129 -0.4142
vn -0.9290 -0.1650 -0.3312
vn -0.9223 -0.2106 -0.3240
vn -0.9073 -0.2283 -0.3531
vn -0.8914 -0.3206 -0.3204
vn -0.8800 -0.3326 -0.3390
vn -0.8639 -0.4007 -0.3052
vn -0.8493 -0.4131 -0.3287
vn -0.8319 -0.4669 -0.2999
vn -0.9174 -0.3970 -0.0290
vn -0.8809 -0.4597 -0.1128
vn -0.8940 -0.4434 -0.0652
vn -0.8864 -0.4566 -0.0756
vn 0.2164 0.9663 -0.1393
vn 0.2391 0.9608 -0.1400
vn 0.4016 0.9038 -0.1478
vn 0.4086 0.9007 -0.1475
vn 0.6852 0.7133 -0.1471
vn 0.7390 0.6585 -0.1422
vn 0.8324 0.5361 -0.1402
vn 0.9507 0.2867 -0.1185
vn 0.9481 0.2948 -0.1188
vn 0.9948 0.0422 -0.0925
vn 0.9936 0.0618 -0.0945
vn 0.9952 -0.0589 -0.0786
vn 0.9943 -0.0734 -0.0768
vn 0.9480 -0.3157 -0.0405
vn 0.9434 -0.3294 -0.0395
vn 0.8558 -0.0122 -0.5172
vn 0.9684 -0.2233 -0.1107
vn 0.8196 -0.3967 -0.4135
vn 0.8042 -0.3068 -0.5090
vn 0.7689 -0.5145 -0.3796
vn 0.9038 -0.3050 -0.3001
vn 0.9043 -0.2905 -0.3127
vn 0.9267 0.0248 -0.3750
vn 0.9189 0.0602 -0.3898
vn 0.8755 0.2648 -0.4043
vn 0.8616 0.2941 -0.4138
vn 0.7642 0.5031 -0.4035
vn 0.2769 0.9183 -0.2828
vn 0.4014 0.7998 -0.4463
vn 0.2949 0.9147 -0.2763
vn 0.5437 0.7430 -0.3904
vn 0.5955 0.6885 -0.4140
vn 0.6407 0.6401 -0.4241
vn 0.8358 0.2681 -0.4792
vn 0.7378 0.4445 -0.5079
vn 0.8127 0.2403 -0.5308
vn 0.8233 0.2158 -0.5249
vn 0.8561 -0.0086 -0.5168
vn 0.9681 -0.2255 -0.1095
vn 0.9855 -0.0199 -0.1686
vn 0.9754 0.1088 -0.1917
vn 0.9508 0.2136 -0.2245
vn 0.9152 0.3299 -0.2317
vn 0.8708 0.4231 -0.2503
vn 0.8099 0.5271 -0.2574
vn 0.7401 0.6131 -0.2763
vn 0.6488 0.7135 -0.2644
vn 0.3770 0.8898 -0.2571
vn 0.4099 0.8712 -0.2701
vn 0.5900 -0.0382 -0.8065
vn 0.4590 -0.4186 -0.7837
vn 0.5067 -0.5133 -0.6927
vn 0.3329 -0.6635 -0.6700
vn 0.3738 -0.1667 -0.9124
vn 0.1804 -0.0334 -0.9830
vn 0.1430 -0.3909 -0.9092
vn 0.1221 -0.2411 -0.9628
vn 0.0520 -0.1290 -0.9903
vn 0.0627 -0.2789 -0.9583
vn -0.0378 -0.0562 -0.9977
vn -0.0082 -0.2378 -0.9713
vn -0.0633 -0.1448 -0.9874
vn -0.0506 -0.2408 -0.9692
vn -0.0590 -0.2216 -0.9734
vn -0.1858 -0.2170 -0.9583
vn -0.1520 -0.2096 -0.9659
vn 0.0413 -0.5684 -0.8217
vn -0.1095 -0.1861 -0.9764
vn -0.0854 -0.1804 -0.9799
vn -0.1308 -0.4294 -0.8936
vn -0.0233 -0.6310 -0.7754
vn -0.2756 -0.2459 -0.9293
vn -0.3086 -0.2619 -0.9144
vn -0.0749 -0.7214 -0.6885
vn -0.2022 -0.5667 -0.7987
vn -0.4573 -0.3688 -0.8093
vn -0.5705 -0.3642 -0.7362
vn -0.6535 0.0312 -0.7563
vn -0.5836 -0.6457 -0.4924
vn -0.7258 -0.2756 -0.6302
vn -0.8866 -0.2036 -0.4152
vn -0.9708 0.2112 -0.1137
vn -0.9251 0.3189 -0.2063
vn -0.9263 0.3284 -0.1847
vn -0.5918 0.7247 -0.3531
vn -0.6811 0.6570 -0.3232
vn -0.6680 0.6655 -0.3330
vn -0.7219 0.6039 -0.3378
vn -0.6405 0.6718 -0.3721
vn -0.5986 0.6700 -0.4391
vn -0.6466 0.6339 -0.4244
vn -0.6678 0.6303 -0.3959
vn -0.6401 0.5894 -0.4928
vn -0.5898 0.6539 -0.4738
vn -0.5896 0.6555 -0.4719
vn -0.5740 0.6591 -0.4859
vn -0.5815 0.6134 -0.5344
vn -0.5281 0.7261 -0.4403
vn -0.5482 0.5336 -0.6440
vn -0.4937 0.7479 -0.4438
vn -0.4961 0.5575 -0.6657
vn -0.4104 0.7366 -0.5376
vn -0.3997 0.8538 -0.3336
vn -0.3816 0.7641 -0.5201
vn -0.3433 0.7800 -0.5232
vn -0.3202 0.9043 -0.2822
vn -0.2540 0.6487 -0.7174
vn -0.2296 0.9280 -0.2935
vn -0.1655 0.7098 -0.6847
vn -0.1398 0.9477 -0.2868
vn -0.0746 0.7749 -0.6277
vn 0.0819 0.9297 -0.3591
vn 0.2189 0.8292 -0.5142
vn 0.3697 0.7972 -0.4773
vn 0.2452 0.9184 -0.3106
vn 0.4204 0.6959 -0.5822
vn -0.5307 -0.0521 -0.8459
vn -0.5128 -0.1198 -0.8501
vn -0.4572 -0.3688 -0.8093
vn -0.5132 -0.2101 -0.8322
vn -0.5879 -0.2112 -0.7808
vn -0.5913 -0.1879 -0.7842
vn -0.7572 -0.1598 -0.6333
vn -0.9319 0.3174 -0.1753
vn -0.9247 0.2922 -0.2440
vn -0.9510 0.0199 -0.3085
vn -0.8929 0.1732 -0.4156
vn -0.7112 0.1128 -0.6939
vn -0.4588 0.6760 -0.5767
vn -0.7934 0.5363 -0.2880
vn -0.8385 0.4850 -0.2484
vn -0.8382 0.4818 -0.2557
vn -0.8447 0.4739 -0.2488
vn -0.8230 0.4254 -0.3765
vn -0.8465 0.3894 -0.3632
vn -0.6944 0.3724 -0.6158
vn -0.7067 0.3314 -0.6251
vn -0.6291 0.3629 -0.6874
vn -0.6285 0.3662 -0.6862
vn -0.6064 0.3725 -0.7025
vn -0.6061 0.3759 -0.7010
vn -0.5614 0.3870 -0.7315
vn -0.5234 0.6844 -0.5076
vn -0.5088 0.4103 -0.7568
vn -0.4601 0.4198 -0.7824
vn -0.4665 0.7561 -0.4590
vn 0.5711 0.2490 -0.7822
vn 0.4136 0.7371 -0.5344
vn 0.5140 0.5468 -0.6609
vn 0.4821 0.6238 -0.6152
vn 0.6082 -0.1713 -0.7751
vn 0.5961 0.4116 -0.6894
vn 0.0743 0.5316 -0.8437
vn 0.0339 0.7211 -0.6920
vn -0.0363 0.9568 -0.2884
vn 0.3685 -0.8757 -0.3120
vn 0.5620 -0.5941 -0.5755
vn 0.5978 -0.5115 -0.6172
vn 0.6476 0.1536 -0.7464
vn 0.6687 -0.0379 -0.7425
vn 0.6671 -0.0874 -0.7398
vn 0.6325 -0.3745 -0.6780
vn 0.6529 -0.2897 -0.6998
vn 0.5641 -0.2907 -0.7729
vn 0.5914 -0.1529 -0.7917
vn 0.5444 -0.1528 -0.8248
vn 0.5344 0.2493 -0.8077
vn 0.5325 0.2663 -0.8034
vn 0.4629 0.5474 -0.6972
vn 0.4592 0.5585 -0.6908
vn 0.2554 0.8879 -0.3825
vn 0.2737 0.8303 -0.4855
vn 0.1806 0.9251 -0.3340
vn 0.3669 0.6314 -0.6832
vn 0.3905 0.5586 -0.7318
vn 0.4363 0.3731 -0.8188
vn 0.4508 0.2669 -0.8518
vn 0.4668 -0.0065 -0.8843
vn 0.5413 -0.0070 -0.8408
vn 0.2997 -0.7531 -0.5857
vn 0.4563 -0.1545 -0.8763
vn 0.3441 -0.1566 -0.9258
vn 0.3394 0.2513 -0.9064
vn 0.2304 0.2492 -0.9406
vn 0.2059 0.4944 -0.8445
vn 0.2011 0.5356 -0.8202
vn 0.1675 0.7067 -0.6874
vn 0.1632 0.7264 -0.6677
vn 0.1009 0.9011 -0.4216
vn 0.0025 0.8899 -0.4562
vn 0.4771 -0.5627 -0.6751
vn 0.5311 -0.4082 -0.7425
vn 0.4198 -0.6412 -0.6424
vn 0.5300 -0.2621 -0.8065
vn 0.4471 -0.2620 -0.8552
vn 0.4623 0.1088 -0.8800
vn 0.3511 0.1089 -0.9300
vn 0.3287 0.3742 -0.8671
vn 0.3114 0.4951 -0.8112
vn 0.2783 0.6321 -0.7232
vn 0.2563 0.7073 -0.6588
vn 0.1269 0.9382 -0.3219
vn 0.1441 0.8939 -0.4246
vn 0.2674 -0.6180 -0.7393
vn 0.3462 -0.0147 -0.9381
vn 0.2368 -0.0194 -0.9714
vn 0.2242 0.3126 -0.9230
vn 0.0978 0.3069 -0.9467
vn 0.0513 0.6311 -0.7740
vn -0.0770 0.6186 -0.7819
vn -0.0761 0.6094 -0.7892
vn -0.1833 0.5926 -0.7844
vn -0.1814 0.5748 -0.7979
vn -0.2750 0.5564 -0.7840
vn -0.2717 0.5330 -0.8013
vn -0.3630 0.5124 -0.7783
vn -0.3556 0.4739 -0.8056
vn -0.4193 0.4573 -0.7843
vn -0.4431 0.7297 -0.5208
vn -0.4463 0.5827 -0.6792
vn -0.9922 0.0996 -0.0746
vn -0.9921 0.1003 -0.0754
vn -0.9928 0.0942 -0.0740
vn -0.9734 0.1258 -0.1916
vn -0.9733 0.1262 -0.1916
vn -0.8861 -0.2123 -0.4119
vn -0.9149 -0.0457 -0.4012
vn -0.7591 -0.1164 -0.6405
vn -0.6973 -0.3397 -0.6311
vn -0.6537 0.0590 -0.7545
vn -0.5957 0.0681 -0.8003
vn -0.5956 0.0653 -0.8006
vn -0.5674 0.0716 -0.8203
vn -0.5678 0.0749 -0.8197
vn -0.4816 0.0916 -0.8716
vn -0.4828 0.0969 -0.8704
vn -0.3624 0.1148 -0.9249
vn -0.3676 0.1347 -0.9202
vn -0.2620 0.1501 -0.9533
vn -0.2689 0.1739 -0.9473
vn -0.1829 0.1849 -0.9656
vn -0.1860 0.1994 -0.9621
vn -0.1087 0.2093 -0.9718
vn -0.1091 0.2118 -0.9712
vn -0.0122 0.2231 -0.9747
vn -0.0108 0.2089 -0.9779
vn 0.1097 0.2199 -0.9693
vn 0.1201 0.0580 -0.9911
vn 0.2341 0.0670 -0.9699
vn 0.2051 -0.4900 -0.8473
vn 0.2716 -0.1149 -0.9555
vn 0.2390 0.9580 -0.1585
vn 0.9361 0.3383 -0.0963
vn 0.7325 0.6469 -0.2122
vn 0.6709 0.7280 -0.1408
vn 0.4073 0.8923 -0.1948
vn 0.3725 0.9134 -0.1640
vn 0.2378 0.9582 -0.1588
vn 0.9962 -0.0576 -0.0655
vn 0.9939 0.0412 -0.1019
vn 0.9493 0.2849 -0.1331
vn 0.9020 -0.4313 -0.0206
vn 0.9477 -0.3160 -0.0454
vn 0.9260 -0.3655 -0.0947
vn 0.9952 -0.0841 -0.0492
vn 0.3595 0.9107 -0.2034
vn 0.4275 0.8813 -0.2014
vn 0.4396 0.8751 -0.2023
vn 0.7187 0.6702 -0.1853
vn 0.7273 0.6608 -0.1855
vn 0.8960 0.4170 -0.1527
vn 0.9049 0.3974 -0.1523
vn 0.9847 0.1359 -0.1094
vn 0.9886 0.1064 -0.1066
vn 0.9790 -0.1982 -0.0480
vn 0.9695 -0.2411 -0.0432
vn 0.3823 0.9003 -0.2082
vn 0.7472 0.6353 -0.1951
vn 0.7193 0.6673 -0.1931
vn 0.8783 0.4466 -0.1703
vn 0.8958 0.4115 -0.1678
vn 0.9614 0.2426 -0.1295
vn 0.9840 0.1348 -0.1162
vn 0.9962 0.0048 -0.0868
vn 0.9775 -0.2064 -0.0437
vn 0.9790 -0.1988 -0.0446
vn 0.9381 -0.3461 -0.0120
vn 0.9489 -0.3144 -0.0269
vn 0.2157 0.9576 -0.1911
vn 0.4395 0.8768 -0.1950
vn 0.4411 0.8760 -0.1952
vn 0.7270 0.6625 -0.1805
vn 0.7304 0.6587 -0.1806
vn 0.9050 0.3986 -0.1487
vn 0.9111 0.3844 -0.1485
vn 0.9887 0.1066 -0.1057
vn 0.9913 0.0807 -0.1035
vn 0.9695 -0.2409 -0.0442
vn 0.9626 -0.2676 -0.0417
vn 0.9022 -0.4311 -0.0159
vn 0.9317 -0.3621 -0.0293
vn 0.9626 -0.2673 -0.0438
vn 0.9934 -0.0865 -0.0753
vn 0.9919 0.0816 -0.0972
vn 0.9335 0.3336 -0.1319
vn 0.9115 0.3881 -0.1363
vn 0.6695 0.7234 -0.1685
vn 0.7298 0.6629 -0.1671
vn 0.3721 0.9114 -0.1756
vn 0.4410 0.8795 -0.1786
vn 0.2237 0.9592 -0.1726
vn 0.3011 0.9371 -0.1769
vn -0.9828 -0.1827 -0.0265
vn -0.9817 -0.1890 -0.0234
vn -0.9771 -0.2107 -0.0305
vn -0.9719 -0.2338 -0.0262
vn -0.9558 -0.2927 -0.0275
vn -0.9576 -0.2869 -0.0251
vn -0.9349 -0.3537 -0.0276
vn -0.8949 -0.4455 -0.0258
vn -0.9011 -0.4328 -0.0282
vn -0.9009 -0.4331 -0.0281
vn -0.9162 -0.3999 -0.0248
vn -0.9204 -0.3900 -0.0268
vn -0.9365 -0.3496 -0.0268
vn -0.9258 -0.3773 -0.0242
vn -0.9087 -0.4169 -0.0200
vn -0.9229 -0.3838 -0.0316
vn -0.8947 -0.4462 -0.0213
vn -0.9006 -0.4338 -0.0263
vn -0.8939 -0.4474 -0.0258
vn -0.9440 -0.3290 -0.0249
vn -0.9697 -0.2416 -0.0364
vn -0.9460 -0.3241 0.0028
vn -0.9852 -0.1647 -0.0467
vn -0.9713 -0.2370 -0.0180
vn -0.9946 -0.1002 -0.0279
vn -0.9960 -0.0825 -0.0331
vn -0.9997 -0.0098 -0.0238
vn -0.9996 -0.0171 -0.0204
vn -0.9995 -0.0209 -0.0257
vn -0.9997 -0.0094 -0.0240
vn -0.9997 -0.0163 -0.0197
vn -0.9996 -0.0196 -0.0207
vn -0.9995 -0.0215 -0.0212
vn -0.5921 0.7288 -0.3440
vn -0.7940 0.5465 -0.2662
vn -0.9797 0.1710 -0.1041
vn -0.9707 0.2094 -0.1177
vn -0.9201 0.3484 -0.1792
vn -0.7775 0.5678 -0.2704
vn -0.8632 0.4638 -0.1995
vn -0.7493 0.6048 -0.2699
vn -0.6990 0.6535 -0.2903
vn -0.6935 0.6927 -0.1982
vn -0.6024 0.7217 -0.3409
vn -0.6322 0.7139 -0.3011
vn -0.6746 0.7076 -0.2103
vn -0.6486 0.7072 -0.2814
vn -0.6330 0.7288 -0.2611
vn -0.6338 0.7222 -0.2769
vn -0.6679 0.7221 -0.1802
vn -0.7302 0.6580 -0.1839
vn -0.6960 0.6587 -0.2858
vn -0.6489 0.7370 -0.1890
vn -0.7602 0.6218 -0.1883
vn -0.7072 0.6752 -0.2098
vn -0.7032 0.6815 -0.2026
vn -0.7774 0.5801 -0.2432
vn -0.7625 0.5809 -0.2848
vn -0.8387 0.5049 -0.2042
vn -0.9996 -0.0081 -0.0272
vn -0.9996 0.0020 -0.0285
vn -0.9984 0.0218 -0.0515
vn -0.9954 0.0601 -0.0750
vn -0.9754 0.1813 -0.1257
vn -0.9916 0.1069 -0.0724
vn -0.9699 0.2097 -0.1237
vn -0.9848 0.1579 -0.0730
vn -0.8698 0.4437 -0.2156
vn -0.9169 0.3731 -0.1420
vn -0.9227 0.3525 -0.1564
vn -0.8785 0.4330 -0.2019
vn -0.8787 0.4322 -0.2029
vn -0.9528 0.3033 -0.0128
vn -0.9188 0.3560 -0.1704
vn -0.9732 0.2039 -0.1063
vn -0.9797 0.1801 -0.0883
vn -0.9993 -0.0035 -0.0376
vn -0.9996 -0.0103 -0.0249
vn -0.6247 0.7756 -0.0904
vn -0.6330 0.7715 -0.0642
vn -0.6320 0.7665 -0.1140
vn -0.6657 0.7343 -0.1329
vn -0.6238 0.7560 -0.1983
vn -0.6587 0.7455 -0.1014
vn -0.6062 0.7767 -0.1709
vn -0.6252 0.7669 -0.1451
vn -0.7036 0.6922 -0.1606
vn -0.6309 0.7361 -0.2453
vn -0.6837 0.7147 -0.1478
vn -0.6292 0.7394 -0.2397
vn -0.6336 0.7378 -0.2327
vn -0.6616 0.7030 -0.2610
vn -0.6472 0.7098 -0.2781
vn -0.6516 0.7159 -0.2508
vn -0.6700 0.7115 -0.2116
vn -0.6181 0.7861 0.0001
vn -0.6181 0.7861 -0.0000
vn -0.9987 -0.0500 -0.0000
vn -0.9956 -0.0937 -0.0000
vn -0.6647 0.7471 -0.0000
vn -0.8303 0.5573 -0.0000
vn -0.9606 0.2778 -0.0000
vn -0.9598 0.2808 -0.0012
vn -0.9996 0.0289 -0.0000
vn -0.9910 0.1342 -0.0000
vn 0.2243 0.9745 -0.0000
vn 0.9949 -0.1007 -0.0000
vn 0.9978 -0.0670 -0.0000
vn 0.9993 -0.0381 -0.0000
vn 0.9999 -0.0151 -0.0000
vn 0.9988 0.0499 -0.0000
vn 0.9984 0.0564 -0.0023
vn 0.9638 0.2666 0.0020
vn 0.9605 0.2783 -0.0000
vn 0.8648 0.5021 0.0009
vn 0.8627 0.5057 0.0002
vn 0.6842 0.7293 0.0001
vn 0.6906 0.7232 0.0016
vn 0.4810 0.8767 0.0001
vn 0.4916 0.8708 0.0023
vn 0.2777 0.9607 -0.0025
vn 0.2841 0.9588 -0.0000
vn -0.3574 0.8823 0.3062
vn 0.0266 0.9798 0.1981
vn -0.6544 0.7527 0.0725
vn -0.6467 0.7500 0.1387
vn -0.6468 0.7500 0.1381
vn -0.6385 0.7686 0.0390
vn -0.6315 0.7707 -0.0851
vn -0.6340 0.7661 0.1053
vn -0.2207 0.9457 0.2388
vn 0.0572 0.9797 0.1919
vn 0.0642 0.9796 0.1903
vn 0.0804 0.9799 0.1825
vn -0.0048 0.9812 0.1931
vn -0.0655 0.9754 0.2103
vn -0.0874 0.9719 0.2184
vn -0.0981 0.9714 0.2160
vn -0.1642 0.9626 0.2155
vn 0.2061 0.9745 0.0884
vn 0.1808 0.9780 0.1040
vn 0.1679 0.9775 0.1280
vn 0.1632 0.9780 0.1300
vn 0.1440 0.9789 0.1447
vn 0.1457 0.9788 0.1440
vn 0.1307 0.9791 0.1559
vn 0.1268 0.9793 0.1575
vn 0.1147 0.9792 0.1675
vn 0.1082 0.9796 0.1696
vn 0.1027 0.9795 0.1733
vn 0.0860 0.9794 0.1826
vn -0.4410 0.8553 0.2719
vn -0.4041 0.8554 0.3239
vn -0.4807 0.8323 0.2760
vn -0.4394 0.8301 0.3432
vn -0.4564 0.8300 0.3207
vn -0.5309 0.8043 0.2668
vn -0.4952 0.8019 0.3342
vn -0.5750 0.7850 0.2306
vn -0.5394 0.7649 0.3521
vn -0.5990 0.7679 0.2270
vn -0.5652 0.7588 0.3236
vn -0.6121 0.7567 0.2294
vn -0.6055 0.7497 0.2670
vn -0.6273 0.7460 0.2234
vn -0.6403 0.7434 0.1935
vn -0.6417 0.7428 0.1912
vn -0.6467 0.7481 0.1488
vn 0.1905 0.9770 0.0963
vn 0.1997 0.9767 0.0786
vn 0.2047 0.9765 0.0674
vn 0.2093 0.9758 0.0635
vn 0.2121 0.9759 0.0519
vn 0.2149 0.9756 0.0450
vn 0.2159 0.9757 0.0369
vn 0.2210 0.9748 0.0314
vn 0.2215 0.9749 0.0227
vn -0.2264 0.9447 0.2373
vn -0.2581 0.9371 0.2349
vn -0.3535 0.9046 0.2380
vn -0.3088 0.9127 0.2675
vn -0.3937 0.8851 0.2481
vn -0.4070 0.8807 0.2424
vn 0.9821 -0.1866 -0.0265
vn 0.9827 -0.1829 -0.0292
vn 0.9806 -0.1939 -0.0269
vn 0.9714 -0.2362 -0.0254
vn 0.9731 -0.2287 -0.0285
vn 0.9625 -0.2702 -0.0260
vn 0.9499 -0.3113 -0.0279
vn 0.9510 -0.3079 -0.0290
vn 0.9344 -0.3552 -0.0248
vn 0.9188 -0.3938 -0.0278
vn 0.9185 -0.3945 -0.0276
vn 0.9003 -0.4347 -0.0224
vn 0.8795 -0.4752 -0.0268
vn 0.8884 -0.4585 -0.0220
vn 0.8762 -0.4814 -0.0219
vn 0.8733 -0.4869 -0.0199
vn 0.8743 -0.4850 -0.0204
vn 0.8862 -0.4628 -0.0186
vn 0.8863 -0.4627 -0.0185
vn 0.8863 -0.4627 -0.0183
vn 0.9059 -0.4230 -0.0174
vn 0.8902 -0.4550 -0.0210
vn 0.8841 -0.4671 -0.0136
vn 0.8864 -0.4627 -0.0165
vn 0.9133 -0.4072 -0.0122
vn 0.9172 -0.3983 -0.0080
vn 0.8833 -0.4652 -0.0575
vn 0.9370 -0.3492 -0.0113
vn 0.2549 0.0283 -0.9665
vn 0.0107 0.2623 -0.9649
vn 0.0041 0.1466 -0.9892
vn 0.0008 0.0293 -0.9996
vn 0.0344 0.0088 -0.9994
vn 0.1488 0.0353 -0.9882
vn 0.2588 -0.0144 -0.9658
vn 0.2155 0.0129 -0.9764
vn 0.2331 -0.0068 -0.9724
vn 0.2380 0.0420 -0.9704
vn 0.2296 0.0427 -0.9724
vn 0.2486 0.0629 -0.9665
vn 0.2209 0.1321 -0.9663
vn 0.1755 0.1147 -0.9778
vn 0.2327 0.1216 -0.9649
vn 0.2301 0.0870 -0.9693
vn 0.2108 0.0838 -0.9739
vn 0.2451 0.0755 -0.9665
vn 0.1739 0.1885 -0.9666
vn 0.1838 0.1789 -0.9665
vn 0.1734 0.1509 -0.9732
vn 0.1973 0.1613 -0.9670
vn 0.2072 0.1510 -0.9666
vn 0.1457 0.1835 -0.9722
vn 0.1505 0.1873 -0.9707
vn 0.1447 0.2143 -0.9660
vn 0.0536 0.2507 -0.9666
vn 0.0671 0.2475 -0.9666
vn 0.0728 0.2184 -0.9731
vn 0.0868 0.2380 -0.9674
vn 0.1260 0.2309 -0.9648
vn 0.0923 0.1878 -0.9779
vn 0.1292 0.2153 -0.9679
vn 0.0347 0.2391 -0.9704
vn 0.0288 0.2234 -0.9743
vn 0.0446 0.2424 -0.9692
vn 0.1906 -0.0105 -0.9816
vn 0.1864 0.0346 -0.9819
vn 0.1773 0.0670 -0.9819
vn 0.1627 0.0973 -0.9819
vn 0.1430 0.1245 -0.9819
vn 0.1187 0.1478 -0.9819
vn 0.0908 0.1664 -0.9819
vn 0.0599 0.1798 -0.9819
vn 0.0272 0.1876 -0.9819
vn 0.0586 0.1856 -0.9809
vn -0.0112 0.2259 -0.9741
vn 0.0439 0.0003 -0.9990
vn 0.0432 0.0080 -0.9990
vn 0.0411 0.0155 -0.9990
vn 0.0377 0.0225 -0.9990
vn 0.0331 0.0288 -0.9990
vn 0.0275 0.0342 -0.9990
vn 0.0210 0.0386 -0.9990
vn 0.0139 0.0417 -0.9990
vn 0.0063 0.0435 -0.9990
vn 0.0327 0.0420 -0.9986
vn 0.0027 0.0956 -0.9954
vn -0.0910 0.0006 -0.9959
vn -0.2532 0.0627 -0.9654
vn -0.0143 0.2674 -0.9635
vn 0.0121 0.2259 -0.9741
vn -0.0364 0.2246 -0.9738
vn -0.0352 0.2434 -0.9693
vn -0.0566 0.2496 -0.9667
vn -0.0700 0.2464 -0.9666
vn -0.0722 0.2172 -0.9735
vn -0.0916 0.2393 -0.9666
vn -0.1478 0.2091 -0.9667
vn -0.1364 0.2167 -0.9667
vn -0.1116 0.2048 -0.9724
vn -0.1148 0.2194 -0.9689
vn -0.1042 0.2338 -0.9667
vn -0.2088 0.1482 -0.9667
vn -0.2007 0.1593 -0.9666
vn -0.1726 0.1504 -0.9735
vn -0.1885 0.1818 -0.9651
vn -0.1549 0.1930 -0.9689
vn -0.1391 0.1620 -0.9769
vn -0.1462 0.1900 -0.9708
vn -0.2095 0.1293 -0.9692
vn -0.2009 0.1202 -0.9722
vn -0.2277 0.1171 -0.9667
vn -0.2315 0.0875 -0.9689
vn -0.2116 0.0749 -0.9745
vn -0.2337 0.1047 -0.9666
vn -0.2112 0.0313 -0.9769
vn -0.2514 0.0468 -0.9667
vn -0.2569 0.0119 -0.9664
vn -0.2208 -0.0018 -0.9753
vn -0.2248 -0.0098 -0.9743
vn -0.0258 0.0002 -0.9997
vn -0.0023 0.0956 -0.9954
vn -0.0424 0.0115 -0.9990
vn -0.0427 0.0079 -0.9991
vn -0.0406 0.0154 -0.9991
vn -0.0373 0.0223 -0.9991
vn -0.0328 0.0285 -0.9991
vn -0.0272 0.0339 -0.9991
vn -0.0208 0.0382 -0.9991
vn -0.0137 0.0412 -0.9991
vn -0.0062 0.0430 -0.9991
vn -0.0321 0.0416 -0.9986
vn -0.0008 0.0293 -0.9996
vn -0.1252 0.1454 -0.9814
vn -0.0066 0.1878 -0.9822
vn -0.0270 0.1867 -0.9821
vn -0.0270 0.1866 -0.9821
vn -0.0595 0.1790 -0.9821
vn -0.0902 0.1656 -0.9821
vn -0.1180 0.1471 -0.9821
vn -0.1422 0.1239 -0.9821
vn -0.1618 0.0968 -0.9821
vn -0.1764 0.0667 -0.9821
vn -0.1854 0.0345 -0.9821
vn -0.1870 0.0178 -0.9822
vn -0.1452 0.0009 -0.9894
vn -0.2771 0.9418 -0.1901
vn 0.3248 0.9261 -0.1921
vn 0.8242 -0.0071 -0.5662
vn 0.2136 0.7804 -0.5876
vn -0.2862 0.7564 -0.5882
vn -0.8055 0.0539 -0.5901
vn -0.6919 -0.1285 -0.7104
vn -0.7815 -0.0593 -0.6211
vn -0.8687 -0.1390 -0.4755
vn -0.7985 -0.1048 -0.5928
vn -0.7952 -0.1482 -0.5880
vn -0.7956 -0.1486 -0.5873
vn -0.8068 -0.1479 -0.5720
vn -0.8272 0.1086 -0.5513
vn -0.8049 0.0982 -0.5852
vn -0.7818 0.1976 -0.5914
vn -0.8169 0.1954 -0.5427
vn -0.7195 0.2822 -0.6346
vn -0.8284 0.2921 -0.4780
vn -0.6850 0.5225 -0.5077
vn -0.6756 0.4429 -0.5894
vn -0.7123 0.3891 -0.5841
vn -0.7620 0.4445 -0.4710
vn -0.7059 0.3351 -0.6241
vn -0.4093 0.6442 -0.6461
vn -0.5542 0.6439 -0.5276
vn -0.5101 0.6153 -0.6011
vn -0.5950 0.5609 -0.5757
vn -0.6028 0.5642 -0.5642
vn -0.6390 0.4622 -0.6149
vn -0.3524 0.8026 -0.4814
vn -0.3762 0.6849 -0.6240
vn -0.5074 0.7314 -0.4557
vn -0.2467 0.8153 -0.5238
vn 0.1855 0.8499 -0.4931
vn 0.2742 0.7968 -0.5384
vn 0.5929 0.6646 -0.4547
vn 0.5176 0.6196 -0.5901
vn 0.5697 0.5751 -0.5871
vn 0.6555 0.5729 -0.4921
vn 0.5721 0.5314 -0.6248
vn 0.6745 0.4840 -0.5575
vn 0.6635 0.4677 -0.5839
vn 0.7086 0.3836 -0.5923
vn 0.7344 0.4106 -0.5404
vn 0.7194 0.2790 -0.6361
vn 0.8087 0.3472 -0.4747
vn 0.7838 0.0926 -0.6141
vn 0.8557 0.0798 -0.5112
vn 0.7987 0.1301 -0.5875
vn 0.7812 0.1943 -0.5933
vn 0.8639 0.1873 -0.4675
vn 0.7460 0.2318 -0.6243
vn 0.8233 -0.1085 -0.5571
vn 0.8033 -0.0638 -0.5921
vn 0.8176 -0.0094 -0.5756
vn 0.8285 -0.1116 -0.5488
vn 0.7912 -0.1472 -0.5936
vn 0.7962 -0.1473 -0.5868
vn 0.9655 -0.1792 -0.1889
vn 0.9658 -0.1795 -0.1869
vn 0.9704 -0.1466 -0.1917
vn 0.9592 -0.1289 -0.2517
vn 0.9542 0.2373 -0.1823
vn 0.9508 0.2392 -0.1966
vn 0.9766 0.1154 -0.1814
vn 0.9733 0.1179 -0.1970
vn 0.9836 -0.0085 -0.1803
vn 0.9803 -0.0053 -0.1977
vn 0.9787 -0.0861 -0.1865
vn 0.8471 0.4586 -0.2684
vn 0.8748 0.4443 -0.1933
vn 0.9165 0.3555 -0.1833
vn 0.8817 0.3651 -0.2989
vn 0.9285 0.3178 -0.1919
vn 0.4215 0.8870 -0.1885
vn 0.3797 0.8631 -0.3330
vn 0.4510 0.8716 -0.1920
vn 0.5299 0.8271 -0.1877
vn 0.5283 0.8267 -0.1938
vn 0.6299 0.7539 -0.1869
vn 0.6279 0.7537 -0.1943
vn 0.7199 0.6687 -0.1860
vn 0.7175 0.6688 -0.1948
vn 0.7984 0.5729 -0.1852
vn 0.7957 0.5733 -0.1953
vn 0.8461 0.4989 -0.1877
vn 0.2660 0.9449 -0.1906
vn 0.3013 0.9172 -0.2607
vn 0.2514 0.7653 -0.5926
vn 0.3491 0.7346 -0.5818
vn 0.3516 0.7554 -0.5529
vn 0.4218 0.6584 -0.6234
vn 0.4471 0.7459 -0.4936
vn 0.4700 0.6258 -0.6225
vn 0.1537 0.7941 -0.5880
vn 0.1854 0.9578 -0.2198
vn 0.1923 0.9624 -0.1920
vn -0.1829 0.9642 -0.1920
vn -0.1980 0.9332 -0.2999
vn -0.1428 0.9712 -0.1908
vn -0.0600 0.9797 -0.1914
vn -0.0599 0.9798 -0.1908
vn 0.0638 0.9796 -0.1907
vn 0.0636 0.9795 -0.1914
vn 0.1314 0.9728 -0.1910
vn -0.3358 0.9222 -0.1918
vn -0.2971 0.9161 -0.2692
vn -0.2460 0.7586 -0.6033
vn -0.1528 0.8057 -0.5723
vn -0.1555 0.8104 -0.5648
vn -0.0484 0.7894 -0.6119
vn -0.0733 0.8564 -0.5111
vn 0.0489 0.7511 -0.6584
vn 0.0170 0.9016 -0.4322
vn 0.0960 0.7759 -0.6235
vn -0.3451 0.7333 -0.5858
vn -0.4129 0.8775 -0.2438
vn -0.4061 0.8940 -0.1892
vn -0.7161 0.6703 -0.1949
vn -0.7161 0.6726 -0.1864
vn -0.6261 0.7551 -0.1944
vn -0.6259 0.7571 -0.1872
vn -0.5261 0.8280 -0.1939
vn -0.5257 0.8296 -0.1879
vn -0.4613 0.8663 -0.1915
vn -0.8459 0.4621 -0.2664
vn -0.8497 0.4930 -0.1870
vn -0.7946 0.5748 -0.1954
vn -0.7834 0.5393 -0.3090
vn -0.7722 0.6067 -0.1887
vn -0.9803 -0.0048 -0.1976
vn -0.8123 -0.0039 -0.5832
vn -0.8603 0.0123 -0.5096
vn -0.9613 -0.0198 -0.2746
vn -0.9814 0.0416 -0.1873
vn -0.9732 0.1187 -0.1972
vn -0.9757 0.1220 -0.1822
vn -0.9506 0.2403 -0.1968
vn -0.9525 0.2435 -0.1831
vn -0.9128 0.3580 -0.1964
vn -0.9142 0.3611 -0.1839
vn -0.8780 0.4381 -0.1926
vn -0.9666 -0.1790 -0.1836
vn -0.9658 -0.1793 -0.1872
vn -0.9725 -0.1273 -0.1948
vn -0.9359 -0.1475 -0.3199
vn -0.9784 -0.0919 -0.1854
vn -0.5609 0.4279 -0.7087
vn 0.6743 -0.0891 -0.7331
vn 0.6926 -0.1281 -0.7099
vn 0.6914 -0.1285 -0.7109
vn 0.6992 -0.1138 -0.7059
vn 0.6994 -0.0658 -0.7117
vn 0.7015 -0.0555 -0.7105
vn 0.6976 -0.0202 -0.7162
vn 0.7078 -0.0081 -0.7063
vn 0.6943 0.0647 -0.7167
vn 0.7220 0.0432 -0.6905
vn 0.7018 0.0779 -0.7081
vn 0.6907 0.1125 -0.7143
vn 0.6849 0.1210 -0.7185
vn 0.6908 0.1498 -0.7074
vn 0.6796 0.1721 -0.7131
vn 0.6775 0.2087 -0.7053
vn 0.6782 0.2108 -0.7040
vn 0.6467 0.2573 -0.7180
vn 0.6521 0.2800 -0.7045
vn 0.6180 0.3228 -0.7168
vn 0.6202 0.3468 -0.7036
vn 0.5830 0.3811 -0.7176
vn 0.5805 0.4231 -0.6957
vn 0.5771 0.4719 -0.6665
vn 0.5430 0.3827 -0.7475
vn 0.4445 0.5597 -0.6994
vn 0.4154 0.5531 -0.7222
vn 0.4811 0.5215 -0.7047
vn 0.4673 0.5238 -0.7122
vn 0.5046 0.4913 -0.7099
vn 0.4898 0.4945 -0.7180
vn 0.5350 0.4676 -0.7036
vn 0.2390 0.6555 -0.7163
vn 0.2991 0.6424 -0.7056
vn 0.3075 0.6256 -0.7170
vn 0.3646 0.6083 -0.7051
vn 0.3648 0.6078 -0.7054
vn 0.3924 0.5811 -0.7130
vn 0.1477 0.6900 -0.7086
vn 0.1508 0.6909 -0.7071
vn 0.1831 0.6757 -0.7140
vn 0.1850 0.6759 -0.7134
vn 0.2304 0.6694 -0.7063
vn 0.1271 0.6913 -0.7113
vn 0.0899 0.6977 -0.7107
vn 0.0867 0.7012 -0.7077
vn 0.0286 0.7001 -0.7135
vn 0.0134 0.7107 -0.7034
vn -0.0372 0.6943 -0.7187
vn -0.1198 0.7392 -0.6628
vn -0.0564 0.6590 -0.7500
vn -0.1338 0.6973 -0.7042
vn -0.1558 0.6863 -0.7104
vn -0.2027 0.6700 -0.7141
vn -0.1948 0.6854 -0.7017
vn -0.2472 0.6534 -0.7155
vn -0.2493 0.6512 -0.7168
vn -0.2883 0.6471 -0.7058
vn -0.2841 0.6469 -0.7076
vn -0.3233 0.6178 -0.7168
vn -0.3410 0.6209 -0.7058
vn -0.3733 0.5933 -0.7132
vn -0.4051 0.5840 -0.7034
vn -0.4079 0.5772 -0.7075
vn -0.4284 0.5566 -0.7118
vn -0.4602 0.5359 -0.7079
vn -0.4613 0.5359 -0.7072
vn -0.5034 0.4855 -0.7147
vn -0.5140 0.4845 -0.7079
vn -0.5489 0.4356 -0.7134
vn -0.5933 0.4212 -0.6860
vn -0.5870 0.3849 -0.7122
vn -0.5907 0.3646 -0.7198
vn -0.6080 0.3547 -0.7103
vn -0.6247 0.3212 -0.7118
vn -0.6430 0.3052 -0.7024
vn -0.6418 0.2876 -0.7109
vn -0.6627 0.2346 -0.7112
vn -0.6637 0.2341 -0.7104
vn -0.6823 0.1688 -0.7113
vn -0.6880 0.1646 -0.7068
vn -0.6917 0.1025 -0.7149
vn -0.7023 0.0922 -0.7059
vn -0.6976 0.0322 -0.7158
vn -0.6860 0.0459 -0.7261
vn -0.7301 -0.0317 -0.6826
vn -0.6795 0.0098 -0.7336
vn -0.7088 -0.0538 -0.7033
vn -0.6872 -0.0957 -0.7201
vn -0.6947 -0.1117 -0.7105
vn -0.6914 -0.1286 -0.7109
vn -0.6918 -0.1285 -0.7106
vn 0.0334 -0.0035 -0.9994
vn 0.0841 -0.0405 -0.9956
vn 0.0145 -0.0138 -0.9998
vn 0.0004 -0.0009 -1.0000
vn 0.0028 0.0003 -1.0000
vn 0.0060 0.0060 -1.0000
vn 0.0023 -0.0034 -1.0000
vn 0.0089 -0.0011 -1.0000
vn 0.0258 -0.0204 -0.9995
vn 0.0379 -0.0071 -0.9993
vn 0.0252 -0.0186 -0.9995
vn 0.2172 -0.0447 -0.9751
vn 0.1688 -0.0566 -0.9840
vn 0.1762 -0.0486 -0.9832
vn 0.2182 -0.0432 -0.9749
vn 0.2194 -0.0497 -0.9744
vn 0.2270 -0.0435 -0.9729
vn 0.2295 -0.0428 -0.9724
vn 0.2321 -0.0372 -0.9720
vn 0.2285 -0.0324 -0.9730
vn 0.2319 -0.0217 -0.9725
vn 0.0341 -0.0067 -0.9994
vn 0.0419 -0.0154 -0.9990
vn 0.0418 -0.0089 -0.9991
vn 0.0131 -0.0154 -0.9998
vn 0.0054 -0.0031 -1.0000
vn 0.0043 -0.0041 -1.0000
vn 0.0041 -0.0046 -1.0000
vn 0.0052 -0.0041 -1.0000
vn 0.0050 -0.0043 -1.0000
vn 0.0065 -0.0041 -1.0000
vn 0.0065 -0.0042 -1.0000
vn 0.0081 -0.0038 -1.0000
vn 0.0081 -0.0039 -1.0000
vn 0.0097 -0.0034 -0.9999
vn 0.1450 -0.0129 -0.9893
vn 0.1551 -0.0226 -0.9876
vn 0.1523 -0.0323 -0.9878
vn 0.1491 -0.0286 -0.9884
vn 0.1433 -0.0398 -0.9889
vn 0.1377 -0.0312 -0.9900
vn 0.1271 -0.0457 -0.9908
vn 0.1217 -0.0335 -0.9920
vn 0.1206 -0.0347 -0.9921
vn 0.1244 -0.0398 -0.9914
vn 0.0097 -0.0032 -0.9999
vn 0.0858 0.0333 -0.9958
vn 0.0623 -0.0218 -0.9978
vn 0.0583 -0.0162 -0.9982
vn 0.0530 -0.0249 -0.9983
vn 0.0496 -0.0178 -0.9986
vn 0.0425 -0.0265 -0.9987
vn 0.0408 -0.0197 -0.9990
vn 0.0449 -0.0157 -0.9989
vn 0.0705 -0.1002 -0.9925
vn -0.0474 -0.0276 -0.9985
vn -0.0607 -0.0363 -0.9975
vn -0.1003 -0.0387 -0.9942
vn -0.1012 -0.0327 -0.9943
vn -0.0079 -0.0054 -1.0000
vn -0.0119 -0.0166 -0.9998
vn -0.0145 -0.0137 -0.9998
vn -0.0006 -0.0005 -1.0000
vn -0.0005 -0.0009 -1.0000
vn -0.0018 -0.0011 -1.0000
vn -0.0008 -0.0010 -1.0000
vn -0.0042 -0.0028 -1.0000
vn -0.0069 -0.0020 -1.0000
vn -0.0038 -0.0045 -1.0000
vn -0.0045 -0.0043 -1.0000
vn -0.0043 -0.0045 -1.0000
vn -0.0052 -0.0041 -1.0000
vn -0.0049 -0.0045 -1.0000
vn -0.0054 -0.0042 -1.0000
vn -0.0067 -0.0042 -1.0000
vn -0.0075 -0.0035 -1.0000
vn -0.0078 -0.0045 -1.0000
vn -0.0090 -0.0032 -1.0000
vn -0.0095 -0.0040 -0.9999
vn -0.0104 -0.0025 -0.9999
vn -0.0107 -0.0030 -0.9999
vn -0.0149 0.0102 -0.9998
vn -0.0255 -0.0037 -0.9997
vn -0.2232 -0.0301 -0.9743
vn -0.1903 -0.0627 -0.9797
vn -0.2004 -0.0408 -0.9789
vn -0.2017 -0.0556 -0.9779
vn -0.2183 -0.0436 -0.9749
vn -0.2194 -0.0497 -0.9744
vn -0.2281 -0.0427 -0.9727
vn -0.2293 -0.0439 -0.9724
vn -0.2295 -0.0245 -0.9730
vn -0.1428 -0.0282 -0.9893
vn -0.1553 -0.0220 -0.9876
vn -0.1532 -0.0293 -0.9878
vn -0.1477 -0.0313 -0.9885
vn -0.1467 -0.0332 -0.9886
vn -0.1334 -0.0370 -0.9904
vn -0.1335 -0.0368 -0.9904
vn -0.1145 -0.0412 -0.9926
vn -0.1054 -0.0509 -0.9931
vn -0.0899 -0.0127 -0.9959
vn -0.0685 -0.0162 -0.9975
vn -0.0689 -0.0146 -0.9975
vn -0.0648 -0.0159 -0.9978
vn -0.0640 -0.0178 -0.9978
vn -0.0562 -0.0197 -0.9982
vn -0.0559 -0.0201 -0.9982
vn -0.0464 -0.0218 -0.9987
vn -0.0460 -0.0222 -0.9987
vn -0.0372 -0.0232 -0.9990
vn -0.0443 -0.0163 -0.9989
vn -0.0249 -0.0197 -0.9995
vn -0.0323 -0.0125 -0.9994
vn -0.0214 -0.0170 -0.9996
vn 0.7194 -0.1346 -0.6815
vn 0.8456 -0.1454 -0.5137
vn 0.7961 -0.1477 -0.5868
vn 0.9655 -0.1790 -0.1889
vn 0.9658 -0.1793 -0.1876
vn 0.6232 -0.1459 -0.7683
vn 0.6526 -0.1532 -0.7421
vn 0.6814 -0.1329 -0.7198
vn 0.6912 -0.1294 -0.7109
vn -0.6331 -0.1430 -0.7607
vn -0.5823 -0.1440 -0.8002
vn -0.6933 -0.1040 -0.7131
vn -0.6777 -0.1274 -0.7243
vn -0.6895 -0.1405 -0.7106
vn -0.6917 -0.1300 -0.7103
vn -0.8042 -0.1525 -0.5744
vn -0.8060 -0.1525 -0.5719
vn -0.9594 -0.1822 -0.2152
vn -0.9665 -0.1794 -0.1836
vn 0.9829 -0.1824 -0.0265
vn 0.9885 -0.1493 -0.0223
vn 0.9856 -0.1665 -0.0305
vn 0.9926 -0.1187 -0.0267
vn 0.9958 -0.0876 -0.0262
vn 0.9978 -0.0623 -0.0219
vn 0.9994 -0.0054 -0.0343
vn 0.9995 0.0072 -0.0308
vn 0.9980 0.0586 -0.0247
vn 0.9922 0.1202 -0.0325
vn 0.9898 0.1404 -0.0249
vn 0.9700 0.2413 -0.0285
vn 0.9693 0.2439 -0.0297
vn 0.9510 0.3082 -0.0259
vn 0.9458 0.3236 -0.0273
vn 0.9339 0.3567 -0.0248
vn 0.9235 0.3824 -0.0301
vn 0.9004 0.4346 -0.0217
vn 0.8913 0.4526 -0.0270
vn 0.8509 0.5247 -0.0259
vn 0.8612 0.5079 -0.0180
vn 0.8117 0.5831 -0.0334
vn 0.8109 0.5842 -0.0338
vn 0.7809 0.6241 -0.0248
vn 0.7312 0.6815 -0.0307
vn 0.7256 0.6876 -0.0272
vn 0.6511 0.7585 -0.0258
vn 0.6398 0.7679 -0.0317
vn 0.5961 0.8025 -0.0259
vn 0.5540 0.8321 -0.0283
vn 0.5382 0.8422 -0.0341
vn 0.4877 0.8727 -0.0225
vn 0.4594 0.8878 -0.0278
vn 0.4421 0.8966 -0.0266
vn 0.4025 0.9150 -0.0261
vn 0.3899 0.9206 -0.0221
vn 0.3235 0.9457 -0.0307
vn 0.3308 0.9433 -0.0286
vn 0.2744 0.9613 -0.0251
vn 0.2709 0.9623 -0.0258
vn 0.1934 0.9807 -0.0282
vn 0.1958 0.9803 -0.0271
vn 0.1338 0.9907 -0.0265
vn 0.0916 0.9955 -0.0238
vn 0.0648 0.9973 -0.0332
vn 0.0201 0.9995 -0.0264
vn -0.0313 0.9991 -0.0268
vn -0.0610 0.9975 -0.0344
vn -0.1139 0.9933 -0.0214
vn -0.1454 0.9890 -0.0267
vn -0.2152 0.9762 -0.0259
vn -0.2075 0.9780 -0.0228
vn -0.2849 0.9581 -0.0287
vn -0.2822 0.9590 -0.0280
vn -0.3340 0.9422 -0.0253
vn -0.3420 0.9393 -0.0270
vn -0.4104 0.9115 -0.0256
vn -0.4134 0.9101 -0.0269
vn -0.4699 0.8823 -0.0263
vn -0.5017 0.8648 -0.0223
vn -0.5350 0.8442 -0.0340
vn -0.5630 0.8260 -0.0273
vn -0.6050 0.7958 -0.0257
vn -0.6368 0.7703 -0.0342
vn -0.6681 0.7437 -0.0222
vn -0.7405 0.6712 -0.0341
vn -0.7287 0.6844 -0.0248
vn -0.7848 0.6192 -0.0270
vn -0.7861 0.6175 -0.0273
vn -0.8157 0.5779 -0.0253
vn -0.8233 0.5668 -0.0285
vn -0.8624 0.5057 -0.0236
vn -0.8647 0.5017 -0.0252
vn -0.8945 0.4463 -0.0271
vn -0.9099 0.4144 -0.0215
vn -0.9295 0.3672 -0.0344
vn -0.9925 0.1184 -0.0305
vn -0.9753 0.2196 -0.0235
vn -0.9683 0.2475 -0.0334
vn -0.9530 0.3021 -0.0243
vn -0.9360 0.3507 -0.0300
vn -0.9919 0.1240 -0.0278
vn -0.9988 0.0424 -0.0260
vn -0.9997 0.0157 -0.0213
vn -0.9993 -0.0206 -0.0299
vn -0.9969 -0.0756 -0.0236
vn -0.9952 -0.0935 -0.0273
vn -0.9916 -0.1267 -0.0263
vn -0.9874 -0.1556 -0.0281
vn -0.9843 -0.1748 -0.0241
vn -0.9829 -0.1824 -0.0265
vn -0.0000 -0.0000 1.0000
vn -0.0001 -0.0000 1.0000
vn -0.0000 0.0004 1.0000
vn 0.0013 0.0097 1.0000
vn -0.0134 0.1715 0.9851
vn -0.0136 0.1837 0.9829
vn -0.0075 0.0764 0.9970
vn -0.0097 0.1359 0.9907
vn -0.0035 0.0157 0.9999
vn -0.0034 0.0674 0.9977
vn -0.0003 -0.0005 1.0000
vn -0.0003 0.0012 1.0000
vn -0.0865 0.5596 0.8242
vn -0.0513 0.5464 0.8360
vn -0.0465 0.5250 0.8498
vn -0.0424 0.4503 0.8919
vn -0.0434 0.4599 0.8869
vn -0.0609 0.5352 0.8425
vn -0.0549 0.4621 0.8851
vn -0.0856 0.6989 0.7100
vn -0.0851 0.6822 0.7262
vn -0.0649 0.5353 0.8422
vn -0.0616 0.6532 0.7546
vn -0.0607 0.6184 0.7835
vn -0.0193 0.2670 0.9635
vn -0.0234 0.3226 0.9462
vn -0.0243 0.3314 0.9432
vn -0.0284 0.3866 0.9218
vn -0.0350 0.4475 0.8936
vn -0.0334 0.4278 0.9032
vn -0.0354 0.4448 0.8949
vn -0.1615 0.8876 0.4314
vn -0.1606 0.8269 0.5389
vn -0.1568 0.8619 0.4822
vn -0.1611 0.9291 0.3330
vn -0.1703 0.9623 0.2120
vn -0.1718 0.9801 0.0996
vn -0.1713 0.9777 0.1218
vn -0.1709 0.9761 0.1342
vn -0.1703 0.9741 0.1485
vn -0.1671 0.9630 0.2115
vn -0.1684 0.9720 0.1640
vn -0.0859 0.5432 0.8352
vn -0.1239 0.7432 0.6576
vn -0.1205 0.7434 0.6579
vn -0.1550 0.9173 0.3668
vn -0.0715 0.4708 0.8793
vn -0.0994 0.6214 0.7771
vn -0.0970 0.6214 0.7775
vn -0.1288 0.7911 0.5980
vn -0.1281 0.7374 0.6632
vn -0.1555 0.9086 0.3876
vn -0.1099 0.6474 0.7542
vn -0.1468 0.8721 0.4667
vn -0.1675 0.9666 0.1938
vn -0.1634 0.9530 0.2552
vn -0.1468 0.8721 0.4668
vn -0.1747 0.9846 -0.0000
vn -0.1747 0.9846 -0.0003
vn -0.1747 0.9846 0.0001
vn -0.2115 0.9723 -0.1001
vn -0.1747 0.9846 -0.0028
vn -0.1746 0.9846 -0.0055
vn -0.1622 0.9840 -0.0738
vn -0.1712 0.9849 -0.0273
vn -0.1712 0.9851 -0.0131
vn -0.1531 0.9861 -0.0642
vn -0.1558 0.9866 -0.0492
vn -0.1540 0.9874 -0.0355
vn -0.0684 0.9936 -0.0895
vn -0.1133 0.9868 -0.1154
vn -0.1272 0.9865 -0.1032
vn -0.1045 0.9804 -0.1671
vn -0.1308 0.9811 -0.1427
vn -0.1316 0.9856 -0.1058
vn -0.1298 0.9857 -0.1074
vn -0.1476 0.9854 -0.0846
vn -0.1768 0.9384 -0.2969
vn -0.1495 0.9529 -0.2640
vn -0.1202 0.9590 -0.2568
vn -0.1088 0.9597 -0.2591
vn -0.1895 0.9288 -0.3185
vn -0.1423 0.9653 -0.2192
vn -0.2344 0.9473 -0.2185
vn -0.2040 0.9687 -0.1412
vn -0.2139 0.9589 -0.1863
vn -0.2306 0.9486 -0.2168
vn -0.2089 0.9706 -0.1194
vn -0.2120 0.9677 -0.1360
vn -0.2229 0.9651 -0.1378
vn -0.1980 0.9776 -0.0717
vn -0.1999 0.9797 -0.0169
vn -0.1965 0.9799 -0.0339
vn -0.1958 0.9795 -0.0484
vn -0.1747 0.9846 0.0035
vn -0.1729 0.9847 -0.0224
vn -0.1759 0.9841 -0.0224
vn -0.1796 0.9837 -0.0062
vn -0.0932 0.9739 -0.2071
vn -0.1239 0.9793 -0.1601
vn -0.1417 0.9769 -0.1601
vn -0.1429 0.9841 -0.1059
vn -0.1660 0.9779 -0.1269
vn -0.1671 0.9838 -0.0652
vn -0.1864 0.9803 -0.0653
vn -0.1795 0.9824 -0.0526
vn -0.2039 0.9789 -0.0096
vn -0.2063 0.9744 -0.0896
vn -0.2121 0.9723 -0.0979
vn -0.1859 0.9777 -0.0981
vn -0.2042 0.9700 -0.1321
vn -0.1600 0.9782 -0.1322
vn -0.1583 0.9684 -0.1927
vn -0.1222 0.9736 -0.1926
vn -0.1201 0.9595 -0.2548
vn -0.0853 0.9756 -0.2021
vn -0.1315 0.9834 0.1254
vn -0.1716 0.9758 0.1358
vn -0.1718 0.9817 0.0817
vn -0.1778 0.9747 0.1352
vn -0.1844 0.9805 0.0676
vn -0.1837 0.9816 0.0529
vn -0.1852 0.9805 0.0652
vn -0.1872 0.9816 0.0383
vn -0.1858 0.9823 0.0230
vn -0.1830 0.9831 0.0073
vn -0.1830 0.9831 0.0113
vn -0.1766 0.9836 -0.0368
vn -0.1747 0.9846 0.0028
vn -0.1243 0.9920 0.0225
vn -0.1215 0.9922 0.0288
vn -0.1226 0.9913 0.0472
vn -0.1232 0.9912 0.0480
vn -0.1154 0.9905 0.0745
vn -0.1695 0.9552 0.2424
vn -0.1714 0.9625 0.2101
vn -0.1621 0.9604 0.2268
vn -0.1640 0.9600 0.2268
vn -0.1657 0.9748 0.1490
vn -0.1378 0.9858 0.0963
vn -0.1305 0.9842 0.1196
vn -0.1549 0.9807 0.1196
vn -0.1553 0.9867 0.0478
vn -0.1502 0.9871 0.0546
vn -0.1500 0.9886 -0.0104
vn -0.1512 0.9884 -0.0135
vn -0.1514 0.9884 0.0148
vn -0.1604 0.9855 -0.0560
vn -0.1755 0.9845 0.0042
vn -0.1747 0.9846 -0.0035
vn -0.1744 0.9831 -0.0562
vn -0.1818 0.9826 -0.0369
vn -0.1822 0.9832 -0.0138
vn -0.1905 0.9817 0.0072
vn -0.1907 0.9801 0.0542
vn -0.1949 0.9787 0.0651
vn -0.1942 0.9696 0.1488
vn -0.1918 0.9720 0.1356
vn -0.1695 0.9552 0.2425
vn -0.0000 -1.0000 -0.0000
s 0
usemtl black
f 1//1 2//1 3//1
f 3//2 2//2 4//2
f 3//3 4//3 5//3
f 5//4 4//4 6//4
f 5//5 6//5 7//5
f 7//6 6//6 8//6
f 7//7 8//7 9//7
f 9//8 8//8 10//8
f 9//9 10//9 11//9
f 11//10 10//10 12//10
f 11//11 12//11 13//11
f 13//12 12//12 14//12
f 15//13 13//13 14//13
f 16//14 17//14 18//14
f 19//15 20//15 21//15
f 22//16 23//16 24//16
f 21//17 25//17 19//17
f 19//18 25//18 26//18
f 19//19 26//19 24//19
f 24//20 26//20 27//20
f 24//21 27//21 22//21
f 14//22 20//22 15//22
f 15//23 20//23 19//23
f 15//24 19//24 28//24
f 28//25 19//25 24//25
f 28//26 24//26 18//26
f 18//27 24//27 23//27
f 18//28 23//28 16//28
f 29//29 2//29 30//29
f 30//30 2//30 1//30
f 30//31 1//31 31//31
f 32//32 33//32 34//32
f 35//33 32//33 36//33
f 32//34 34//34 36//34
f 36//35 34//35 37//35
f 36//36 37//36 38//36
f 38//37 37//37 39//37
f 38//38 39//38 40//38
f 40//39 39//39 41//39
f 40//40 41//40 42//40
f 35//41 36//41 43//41
f 43//42 36//42 38//42
f 43//43 38//43 44//43
f 44//44 38//44 40//44
f 44//45 40//45 45//45
f 45//46 40//46 42//46
f 45//47 42//47 46//47
f 47//48 48//48 49//48
f 50//49 51//49 52//49
f 32//50 53//50 33//50
f 33//51 53//51 49//51
f 47//52 49//52 52//52
f 52//53 49//53 53//53
f 52//54 53//54 50//54
f 50//55 53//55 32//55
f 50//56 32//56 35//56
f 54//57 46//57 55//57
f 55//58 46//58 56//58
f 35//59 57//59 50//59
f 50//60 57//60 58//60
f 50//61 58//61 51//61
f 51//62 58//62 59//62
f 46//63 54//63 45//63
f 45//63 54//63 60//63
f 45//64 60//64 44//64
f 57//65 35//65 61//65
f 61//65 35//65 43//65
f 61//66 43//66 62//66
f 62//67 43//67 44//67
f 62//68 44//68 63//68
f 63//69 44//69 60//69
f 64//70 65//70 66//70
f 67//71 68//71 69//71
f 69//72 68//72 70//72
f 69//73 70//73 71//73
f 71//74 70//74 72//74
f 71//75 72//75 73//75
f 73//76 72//76 74//76
f 73//77 74//77 75//77
f 75//78 74//78 22//78
f 75//79 22//79 76//79
f 76//80 22//80 27//80
f 77//81 78//81 79//81
f 79//82 78//82 80//82
f 79//83 80//83 81//83
f 81//84 80//84 82//84
f 81//85 82//85 83//85
f 83//86 82//86 84//86
f 83//87 84//87 85//87
f 85//88 84//88 86//88
f 85//89 86//89 87//89
f 87//90 86//90 88//90
f 87//91 88//91 67//91
f 67//92 88//92 89//92
f 67//93 89//93 68//93
f 90//94 91//94 92//94
f 90//95 92//95 93//95
f 92//96 94//96 93//96
f 93//97 94//97 95//97
f 93//98 95//98 96//98
f 96//99 95//99 97//99
f 96//100 97//100 77//100
f 77//101 97//101 98//101
f 77//102 98//102 78//102
f 99//103 100//103 101//103
f 101//104 100//104 102//104
f 101//105 102//105 90//105
f 90//106 102//106 103//106
f 90//107 103//107 91//107
f 104//108 105//108 106//108
f 106//109 105//109 107//109
f 107//110 108//110 99//110
f 99//111 108//111 109//111
f 99//112 109//112 100//112
f 64//113 66//113 110//113
f 110//114 66//114 111//114
f 110//115 111//115 112//115
f 111//116 113//116 112//116
f 112//117 113//117 114//117
f 112//118 114//118 115//118
f 115//119 114//119 116//119
f 115//120 116//120 117//120
f 117//121 116//121 118//121
f 117//122 118//122 119//122
f 119//123 118//123 49//123
f 119//124 49//124 48//124
f 120//125 121//125 122//125
f 122//126 121//126 123//126
f 122//127 123//127 124//127
f 124//128 123//128 33//128
f 124//129 33//129 125//129
f 126//130 127//130 128//130
f 128//131 127//131 129//131
f 128//132 129//132 130//132
f 130//133 129//133 131//133
f 130//134 131//134 132//134
f 132//135 131//135 133//135
f 132//136 133//136 134//136
f 134//137 133//137 120//137
f 134//138 120//138 135//138
f 135//139 120//139 122//139
f 136//140 137//140 138//140
f 138//141 137//141 139//141
f 136//142 138//142 140//142
f 140//143 138//143 141//143
f 140//144 141//144 142//144
f 142//145 141//145 143//145
f 142//146 143//146 144//146
f 144//147 143//147 145//147
f 144//148 145//148 146//148
f 145//149 147//149 146//149
f 146//150 147//150 148//150
f 146//151 148//151 149//151
f 149//152 148//152 150//152
f 149//153 150//153 151//153
f 151//154 150//154 152//154
f 151//155 152//155 153//155
f 153//156 152//156 154//156
f 153//157 154//157 155//157
f 155//158 154//158 156//158
f 155//159 156//159 157//159
f 157//160 156//160 158//160
f 157//161 158//161 159//161
f 159//162 158//162 160//162
f 160//163 158//163 161//163
f 160//164 161//164 162//164
f 162//165 161//165 163//165
f 162//166 163//166 164//166
f 164//167 163//167 165//167
f 164//168 165//168 166//168
f 166//169 165//169 167//169
f 166//170 167//170 168//170
f 168//171 167//171 169//171
f 168//172 169//172 170//172
f 170//173 169//173 171//173
f 171//174 169//174 172//174
f 171//175 172//175 173//175
f 173//176 172//176 174//176
f 174//177 172//177 20//177
f 174//178 20//178 14//178
f 26//179 25//179 175//179
f 27//180 26//180 76//180
f 76//181 26//181 175//181
f 76//182 175//182 75//182
f 75//183 175//183 176//183
f 75//184 176//184 73//184
f 73//185 176//185 177//185
f 73//186 177//186 71//186
f 71//187 177//187 178//187
f 71//188 178//188 69//188
f 69//189 178//189 179//189
f 69//190 179//190 67//190
f 67//191 179//191 180//191
f 67//192 180//192 87//192
f 87//193 180//193 181//193
f 87//194 181//194 85//194
f 85//195 181//195 182//195
f 85//196 182//196 83//196
f 83//197 182//197 183//197
f 83//198 183//198 81//198
f 81//199 183//199 184//199
f 81//200 184//200 79//200
f 79//201 184//201 185//201
f 79//202 185//202 77//202
f 77//203 185//203 186//203
f 77//204 186//204 96//204
f 96//205 186//205 187//205
f 96//206 187//206 93//206
f 188//207 189//207 190//207
f 190//208 189//208 191//208
f 190//209 191//209 104//209
f 33//210 49//210 125//210
f 125//211 49//211 118//211
f 125//212 118//212 124//212
f 124//213 118//213 116//213
f 124//214 116//214 122//214
f 122//215 116//215 114//215
f 122//216 114//216 135//216
f 135//217 114//217 113//217
f 135//218 113//218 134//218
f 134//219 113//219 111//219
f 134//220 111//220 132//220
f 132//221 111//221 66//221
f 132//222 66//222 130//222
f 130//223 66//223 65//223
f 130//224 65//224 128//224
f 187//225 192//225 93//225
f 93//226 192//226 193//226
f 93//227 193//227 90//227
f 90//228 193//228 194//228
f 90//229 194//229 101//229
f 101//230 194//230 195//230
f 101//231 195//231 99//231
f 99//232 195//232 196//232
f 104//233 106//233 190//233
f 190//234 106//234 197//234
f 190//235 197//235 188//235
f 188//236 197//236 198//236
f 188//237 198//237 199//237
f 107//238 99//238 106//238
f 106//239 99//239 196//239
f 106//240 196//240 197//240
f 197//241 196//241 200//241
f 197//242 200//242 198//242
f 25//243 21//243 175//243
f 175//244 21//244 20//244
f 175//245 20//245 176//245
f 176//246 20//246 172//246
f 176//247 172//247 177//247
f 177//248 172//248 169//248
f 177//249 169//249 178//249
f 178//250 169//250 167//250
f 178//251 167//251 179//251
f 179//252 167//252 165//252
f 179//253 165//253 180//253
f 180//254 165//254 163//254
f 180//255 163//255 181//255
f 181//256 163//256 161//256
f 181//257 161//257 182//257
f 182//258 161//258 158//258
f 182//259 158//259 183//259
f 183//260 158//260 156//260
f 183//261 156//261 184//261
f 184//262 156//262 154//262
f 184//263 154//263 185//263
f 185//264 154//264 152//264
f 185//265 152//265 186//265
f 186//266 152//266 150//266
f 186//267 150//267 187//267
f 187//268 150//268 148//268
f 187//269 148//269 192//269
f 192//270 148//270 147//270
f 192//271 147//271 193//271
f 193//272 147//272 145//272
f 193//273 145//273 194//273
f 194//274 145//274 143//274
f 194//275 143//275 195//275
f 195//276 143//276 141//276
f 195//277 141//277 196//277
f 196//278 141//278 138//278
f 196//279 138//279 200//279
f 200//280 138//280 139//280
f 200//281 139//281 198//281
f 198//282 139//282 201//282
f 198//283 201//283 199//283
f 199//284 201//284 126//284
f 199//285 126//285 188//285
f 188//286 126//286 128//286
f 188//287 128//287 189//287
f 189//288 128//288 65//288
f 189//289 65//289 191//289
f 191//290 65//290 64//290
f 202//291 203//291 204//291
f 205//292 206//292 207//292
f 208//293 209//293 210//293
f 211//294 212//294 213//294
f 10//295 8//295 214//295
f 6//296 4//296 215//296
f 216//297 217//297 218//297
f 219//298 220//298 221//298
f 222//299 223//299 224//299
f 41//300 39//300 225//300
f 225//301 39//301 37//301
f 225//302 37//302 226//302
f 224//303 223//303 227//303
f 227//304 223//304 228//304
f 227//305 228//305 229//305
f 229//306 228//306 230//306
f 229//307 230//307 231//307
f 222//308 224//308 232//308
f 232//309 224//309 233//309
f 232//310 233//310 234//310
f 234//311 233//311 235//311
f 234//312 235//312 221//312
f 221//313 235//313 236//313
f 221//314 236//314 219//314
f 237//315 238//315 239//315
f 239//316 238//316 240//316
f 239//317 240//317 241//317
f 241//318 240//318 220//318
f 241//319 220//319 242//319
f 242//320 220//320 219//320
f 243//321 244//321 245//321
f 245//322 244//322 246//322
f 245//323 246//323 247//323
f 247//324 246//324 248//324
f 247//325 248//325 249//325
f 250//326 251//326 243//326
f 243//327 251//327 252//327
f 243//328 252//328 244//328
f 253//329 254//329 255//329
f 253//330 255//330 256//330
f 256//331 255//331 257//331
f 256//332 257//332 258//332
f 258//333 257//333 259//333
f 258//334 259//334 260//334
f 260//335 259//335 215//335
f 260//336 215//336 261//336
f 261//337 215//337 262//337
f 262//338 215//338 4//338
f 262//339 4//339 2//339
f 14//340 12//340 174//340
f 174//341 12//341 263//341
f 213//342 208//342 211//342
f 211//343 208//343 210//343
f 211//344 210//344 264//344
f 264//345 210//345 265//345
f 264//346 265//346 266//346
f 212//347 211//347 267//347
f 267//348 211//348 264//348
f 267//349 264//349 268//349
f 268//350 264//350 266//350
f 268//351 266//351 269//351
f 207//352 270//352 205//352
f 205//353 270//353 250//353
f 205//354 250//354 271//354
f 271//355 250//355 243//355
f 271//356 243//356 272//356
f 272//357 243//357 245//357
f 272//358 245//358 273//358
f 273//359 245//359 247//359
f 273//360 247//360 274//360
f 274//361 247//361 249//361
f 274//362 249//362 275//362
f 207//363 276//363 270//363
f 270//364 276//364 277//364
f 270//365 277//365 250//365
f 250//366 277//366 278//366
f 250//367 278//367 251//367
f 8//368 6//368 214//368
f 214//369 6//369 215//369
f 214//370 215//370 279//370
f 279//371 215//371 259//371
f 279//372 259//372 280//372
f 280//373 259//373 257//373
f 280//374 257//374 281//374
f 281//375 257//375 255//375
f 281//376 255//376 276//376
f 276//377 255//377 254//377
f 276//378 254//378 277//378
f 277//379 254//379 253//379
f 277//380 253//380 278//380
f 206//381 205//381 282//381
f 282//382 205//382 271//382
f 282//383 271//383 283//383
f 283//384 271//384 272//384
f 283//385 272//385 284//385
f 284//386 272//386 273//386
f 284//387 273//387 269//387
f 269//388 273//388 274//388
f 269//389 274//389 268//389
f 268//390 274//390 275//390
f 268//391 275//391 267//391
f 285//392 286//392 155//392
f 155//393 286//393 287//393
f 155//394 287//394 153//394
f 153//395 287//395 288//395
f 153//396 288//396 151//396
f 151//397 288//397 149//397
f 203//398 202//398 289//398
f 289//399 202//399 290//399
f 289//400 290//400 291//400
f 291//401 290//401 292//401
f 291//402 292//402 293//402
f 293//403 292//403 294//403
f 293//404 294//404 295//404
f 295//405 294//405 296//405
f 295//406 296//406 285//406
f 285//407 296//407 297//407
f 285//408 297//408 286//408
f 286//409 297//409 298//409
f 286//410 298//410 287//410
f 287//411 298//411 299//411
f 287//412 299//412 288//412
f 289//413 168//413 203//413
f 203//414 168//414 170//414
f 203//415 170//415 204//415
f 204//416 170//416 171//416
f 204//417 171//417 263//417
f 263//418 171//418 173//418
f 263//419 173//419 174//419
f 155//420 157//420 285//420
f 285//421 157//421 159//421
f 285//422 159//422 295//422
f 295//423 159//423 160//423
f 295//424 160//424 293//424
f 293//425 160//425 162//425
f 293//426 162//426 291//426
f 291//427 162//427 164//427
f 291//428 164//428 289//428
f 289//429 164//429 166//429
f 289//430 166//430 168//430
f 300//431 301//431 302//431
f 37//432 34//432 226//432
f 226//433 34//433 303//433
f 226//434 303//434 304//434
f 304//435 303//435 305//435
f 304//436 305//436 306//436
f 306//437 305//437 307//437
f 306//438 307//438 308//438
f 308//439 307//439 309//439
f 308//440 309//440 310//440
f 310//441 309//441 311//441
f 310//442 311//442 312//442
f 312//443 311//443 313//443
f 312//444 313//444 314//444
f 314//445 313//445 315//445
f 314//446 315//446 316//446
f 316//447 315//447 317//447
f 316//448 317//448 318//448
f 318//449 317//449 319//449
f 318//450 319//450 320//450
f 34//451 33//451 303//451
f 303//452 33//452 123//452
f 303//453 123//453 305//453
f 305//454 123//454 121//454
f 305//455 121//455 307//455
f 307//456 121//456 120//456
f 307//457 120//457 309//457
f 309//458 120//458 133//458
f 309//459 133//459 311//459
f 133//460 131//460 311//460
f 311//461 131//461 129//461
f 311//462 129//462 313//462
f 313//463 129//463 127//463
f 313//464 127//464 315//464
f 315//465 127//465 126//465
f 315//466 126//466 317//466
f 321//467 322//467 323//467
f 323//468 322//468 324//468
f 323//469 324//469 325//469
f 325//470 324//470 326//470
f 325//471 326//471 327//471
f 327//472 326//472 328//472
f 327//473 328//473 329//473
f 329//474 328//474 330//474
f 329//475 330//475 331//475
f 332//476 302//476 321//476
f 321//477 302//477 301//477
f 321//478 301//478 322//478
f 333//479 216//479 332//479
f 332//480 216//480 218//480
f 332//481 218//481 302//481
f 302//482 218//482 320//482
f 302//483 320//483 300//483
f 300//484 320//484 319//484
f 300//485 319//485 139//485
f 139//486 319//486 317//486
f 139//487 317//487 201//487
f 201//488 317//488 126//488
f 217//489 238//489 218//489
f 218//490 238//490 237//490
f 218//491 237//491 320//491
f 320//492 237//492 239//492
f 320//493 239//493 318//493
f 318//494 239//494 241//494
f 318//495 241//495 316//495
f 316//496 241//496 242//496
f 316//497 242//497 314//497
f 314//498 242//498 219//498
f 314//499 219//499 312//499
f 312//500 219//500 236//500
f 312//501 236//501 310//501
f 310//502 236//502 235//502
f 310//503 235//503 308//503
f 308//504 235//504 233//504
f 308//505 233//505 306//505
f 306//506 233//506 224//506
f 306//507 224//507 304//507
f 304//508 224//508 227//508
f 304//509 227//509 226//509
f 226//510 227//510 229//510
f 226//511 229//511 225//511
f 225//512 229//512 231//512
f 225//513 231//513 41//513
f 299//514 331//514 288//514
f 288//515 331//515 330//515
f 288//516 330//516 149//516
f 149//517 330//517 328//517
f 149//518 328//518 146//518
f 146//519 328//519 326//519
f 146//520 326//520 144//520
f 144//521 326//521 324//521
f 144//522 324//522 142//522
f 142//523 324//523 322//523
f 142//524 322//524 140//524
f 140//525 322//525 301//525
f 140//526 301//526 136//526
f 136//527 301//527 300//527
f 136//528 300//528 137//528
f 137//529 300//529 139//529
f 248//530 334//530 249//530
f 249//531 334//531 335//531
f 249//532 335//532 275//532
f 275//533 335//533 336//533
f 275//534 336//534 267//534
f 267//535 336//535 337//535
f 267//536 337//536 212//536
f 212//537 337//537 333//537
f 212//538 333//538 213//538
f 213//539 333//539 332//539
f 213//540 332//540 208//540
f 208//541 332//541 321//541
f 208//542 321//542 209//542
f 209//543 321//543 323//543
f 209//544 323//544 210//544
f 210//545 323//545 325//545
f 210//546 325//546 265//546
f 265//547 325//547 327//547
f 265//548 327//548 266//548
f 266//549 327//549 329//549
f 266//550 329//550 269//550
f 269//551 329//551 331//551
f 269//552 331//552 284//552
f 284//553 331//553 299//553
f 284//554 299//554 283//554
f 283//555 299//555 298//555
f 283//556 298//556 282//556
f 282//557 298//557 297//557
f 282//558 297//558 206//558
f 206//559 297//559 296//559
f 206//560 296//560 207//560
f 207//561 296//561 294//561
f 207//562 294//562 276//562
f 276//563 294//563 292//563
f 276//564 292//564 281//564
f 281//565 292//565 290//565
f 281//566 290//566 280//566
f 280//567 290//567 202//567
f 280//568 202//568 279//568
f 279//569 202//569 204//569
f 279//570 204//570 214//570
f 214//571 204//571 263//571
f 214//572 263//572 10//572
f 10//573 263//573 12//573
f 338//574 339//574 56//574
f 41//575 338//575 42//575
f 42//576 338//576 56//576
f 42//577 56//577 46//577
f 340//578 18//578 341//578
f 341//579 18//579 17//579
f 341//579 17//579 342//579
f 343//580 13//580 344//580
f 344//581 13//581 15//581
f 344//582 15//582 340//582
f 340//582 15//582 28//582
f 340//578 28//578 18//578
f 345//583 1//583 3//583
f 345//584 3//584 346//584
f 346//585 3//585 5//585
f 346//586 5//586 347//586
f 347//587 5//587 7//587
f 347//588 7//588 348//588
f 348//589 7//589 9//589
f 348//590 9//590 349//590
f 349//591 9//591 11//591
f 349//592 11//592 350//592
f 350//593 11//593 13//593
f 350//594 13//594 343//594
f 31//595 1//595 351//595
f 351//596 1//596 345//596
f 352//597 353//597 354//597
f 354//598 353//598 355//598
f 354//599 355//599 356//599
f 356//600 355//600 357//600
f 356//601 357//601 358//601
f 358//602 359//602 356//602
f 356//603 359//603 360//603
f 356//604 360//604 361//604
f 360//605 362//605 361//605
f 361//606 362//606 363//606
f 361//607 363//607 364//607
f 364//608 363//608 365//608
f 364//609 365//609 366//609
f 366//610 365//610 367//610
f 366//611 367//611 368//611
f 368//612 367//612 369//612
f 369//613 367//613 370//613
f 369//614 370//614 371//614
f 371//615 370//615 372//615
f 371//616 372//616 373//616
f 373//617 372//617 374//617
f 373//618 374//618 375//618
f 374//619 376//619 375//619
f 375//620 376//620 377//620
f 375//621 377//621 378//621
f 378//622 377//622 379//622
f 380//623 381//623 382//623
f 382//624 381//624 383//624
f 382//625 383//625 384//625
f 384//626 383//626 385//626
f 384//627 385//627 379//627
f 379//628 385//628 386//628
f 379//629 386//629 378//629
f 354//630 387//630 352//630
f 352//631 387//631 388//631
f 389//632 390//632 391//632
f 391//633 390//633 392//633
f 391//634 392//634 393//634
f 393//635 392//635 394//635
f 393//636 394//636 395//636
f 395//637 394//637 396//637
f 395//638 396//638 397//638
f 397//639 396//639 398//639
f 390//640 389//640 399//640
f 399//641 389//641 400//641
f 399//642 400//642 401//642
f 401//643 400//643 402//643
f 403//644 404//644 405//644
f 406//645 407//645 408//645
f 409//646 410//646 411//646
f 411//647 410//647 402//647
f 412//648 413//648 414//648
f 414//649 413//649 415//649
f 414//650 415//650 416//650
f 404//651 403//651 414//651
f 417//652 418//652 419//652
f 419//653 418//653 420//653
f 419//654 420//654 421//654
f 421//655 420//655 422//655
f 423//656 424//656 400//656
f 400//657 424//657 425//657
f 400//658 425//658 402//658
f 402//659 425//659 411//659
f 411//660 425//660 426//660
f 411//661 426//661 409//661
f 427//662 428//662 429//662
f 429//663 428//663 430//663
f 429//664 430//664 431//664
f 432//665 433//665 434//665
f 434//666 433//666 435//666
f 423//667 422//667 424//667
f 424//668 422//668 420//668
f 424//669 420//669 436//669
f 436//670 420//670 418//670
f 406//671 408//671 437//671
f 437//672 408//672 438//672
f 437//673 438//673 439//673
f 424//674 440//674 425//674
f 425//675 440//675 441//675
f 425//676 441//676 426//676
f 426//677 441//677 442//677
f 426//678 442//678 409//678
f 435//679 427//679 434//679
f 434//680 427//680 429//680
f 434//681 429//681 443//681
f 443//682 429//682 431//682
f 416//650 432//650 414//650
f 414//683 432//683 434//683
f 414//684 434//684 404//684
f 404//685 434//685 443//685
f 404//686 443//686 405//686
f 405//687 443//687 431//687
f 405//688 431//688 439//688
f 439//689 431//689 430//689
f 439//690 430//690 437//690
f 437//691 430//691 428//691
f 437//692 428//692 406//692
f 412//693 414//693 417//693
f 417//694 414//694 403//694
f 417//695 403//695 418//695
f 418//696 403//696 405//696
f 418//697 405//697 436//697
f 436//698 405//698 439//698
f 436//699 439//699 424//699
f 424//700 439//700 438//700
f 424//701 438//701 440//701
f 440//702 438//702 408//702
f 440//703 408//703 441//703
f 441//704 408//704 407//704
f 441//705 407//705 442//705
f 444//706 445//706 446//706
f 447//707 448//707 449//707
f 450//708 451//708 452//708
f 453//709 454//709 455//709
f 456//710 457//710 458//710
f 459//711 460//711 461//711
f 462//712 463//712 464//712
f 465//713 466//713 467//713
f 468//714 469//714 470//714
f 471//715 472//715 473//715
f 474//716 475//716 476//716
f 477//717 478//717 479//717
f 480//718 481//718 482//718
f 483//719 484//719 485//719
f 486//720 487//720 488//720
f 489//721 490//721 491//721
f 492//722 493//722 494//722
f 495//723 496//723 497//723
f 493//724 492//724 495//724
f 495//725 492//725 498//725
f 495//726 498//726 496//726
f 499//727 500//727 501//727
f 501//728 500//728 502//728
f 503//729 504//729 505//729
f 390//730 399//730 506//730
f 507//731 508//731 396//731
f 509//732 510//732 511//732
f 511//733 510//733 394//733
f 396//734 508//734 398//734
f 512//735 513//735 514//735
f 514//736 513//736 515//736
f 516//737 383//737 517//737
f 517//738 383//738 381//738
f 518//739 371//739 519//739
f 519//740 371//740 373//740
f 519//741 373//741 520//741
f 369//742 521//742 368//742
f 368//743 521//743 522//743
f 368//744 522//744 366//744
f 366//745 522//745 523//745
f 524//746 361//746 523//746
f 523//747 361//747 364//747
f 523//748 364//748 366//748
f 387//749 354//749 525//749
f 525//750 526//750 387//750
f 387//751 526//751 527//751
f 387//752 527//752 528//752
f 528//753 527//753 529//753
f 528//754 529//754 530//754
f 530//755 529//755 531//755
f 532//756 533//756 534//756
f 534//757 533//757 535//757
f 489//758 536//758 490//758
f 490//759 536//759 537//759
f 490//760 537//760 538//760
f 538//761 537//761 486//761
f 538//762 486//762 539//762
f 539//763 486//763 488//763
f 540//764 541//764 542//764
f 474//765 476//765 543//765
f 544//766 545//766 546//766
f 546//767 545//767 547//767
f 463//768 548//768 464//768
f 464//769 548//769 549//769
f 464//770 549//770 550//770
f 551//771 552//771 553//771
f 553//772 552//772 459//772
f 497//773 483//773 495//773
f 495//774 483//774 485//774
f 495//775 485//775 493//775
f 493//776 485//776 554//776
f 493//777 554//777 494//777
f 494//778 554//778 501//778
f 494//779 501//779 555//779
f 555//780 501//780 502//780
f 481//781 477//781 482//781
f 482//782 477//782 479//782
f 482//783 479//783 556//783
f 556//784 479//784 557//784
f 556//785 557//785 452//785
f 544//786 546//786 558//786
f 558//787 546//787 559//787
f 558//788 559//788 560//788
f 466//789 462//789 467//789
f 467//790 462//790 464//790
f 467//791 464//791 561//791
f 561//792 464//792 550//792
f 561//793 550//793 562//793
f 461//794 563//794 564//794
f 564//795 563//795 565//795
f 564//796 565//796 566//796
f 567//797 568//797 569//797
f 570//798 571//798 572//798
f 572//799 571//799 573//799
f 572//800 573//800 574//800
f 574//801 573//801 575//801
f 576//802 575//802 577//802
f 577//803 575//803 573//803
f 577//804 573//804 578//804
f 578//805 573//805 571//805
f 578//806 571//806 579//806
f 579//807 571//807 570//807
f 579//808 570//808 580//808
f 460//809 456//809 461//809
f 461//810 456//810 458//810
f 461//811 458//811 563//811
f 563//812 458//812 581//812
f 563//813 581//813 565//813
f 565//814 581//814 582//814
f 484//815 480//815 485//815
f 485//816 480//816 482//816
f 485//817 482//817 554//817
f 554//818 482//818 556//818
f 554//819 556//819 501//819
f 501//820 556//820 452//820
f 501//821 452//821 499//821
f 499//822 452//822 451//822
f 583//823 506//823 584//823
f 399//824 401//824 506//824
f 506//825 401//825 503//825
f 506//826 503//826 584//826
f 584//827 503//827 505//827
f 584//828 505//828 583//828
f 557//829 583//829 452//829
f 452//830 583//830 505//830
f 452//831 505//831 450//831
f 450//832 505//832 504//832
f 450//833 504//833 451//833
f 451//834 504//834 585//834
f 451//835 585//835 499//835
f 499//836 585//836 586//836
f 499//837 586//837 500//837
f 500//838 586//838 587//838
f 500//839 587//839 502//839
f 502//840 587//840 588//840
f 502//841 588//841 555//841
f 478//842 541//842 479//842
f 479//843 541//843 540//843
f 479//844 540//844 557//844
f 557//845 540//845 589//845
f 557//846 589//846 583//846
f 583//847 589//847 590//847
f 583//848 590//848 506//848
f 506//849 590//849 591//849
f 506//850 591//850 390//850
f 390//851 591//851 392//851
f 542//852 592//852 540//852
f 540//853 592//853 593//853
f 540//854 593//854 589//854
f 589//855 593//855 594//855
f 589//856 594//856 590//856
f 590//857 594//857 509//857
f 590//858 509//858 591//858
f 591//859 509//859 511//859
f 591//860 511//860 392//860
f 392//861 511//861 394//861
f 592//862 543//862 593//862
f 593//863 543//863 476//863
f 593//864 476//864 594//864
f 594//865 476//865 595//865
f 594//866 595//866 509//866
f 509//867 595//867 596//867
f 509//868 596//868 510//868
f 597//869 598//869 596//869
f 599//870 597//870 560//870
f 560//871 597//871 596//871
f 560//872 596//872 558//872
f 558//873 596//873 595//873
f 558//874 595//874 544//874
f 544//875 595//875 476//875
f 544//876 476//876 545//876
f 545//877 476//877 475//877
f 559//878 600//878 560//878
f 560//879 600//879 601//879
f 560//880 601//880 599//880
f 599//881 601//881 602//881
f 599//882 602//882 597//882
f 597//883 602//883 398//883
f 597//884 398//884 598//884
f 598//885 398//885 508//885
f 598//886 508//886 596//886
f 596//887 508//887 507//887
f 596//888 507//888 510//888
f 510//889 507//889 396//889
f 510//890 396//890 394//890
f 603//891 604//891 600//891
f 448//892 603//892 449//892
f 449//893 603//893 600//893
f 449//894 600//894 605//894
f 605//895 600//895 559//895
f 605//896 559//896 473//896
f 473//897 559//897 546//897
f 473//898 546//898 471//898
f 471//899 546//899 547//899
f 472//900 468//900 473//900
f 473//901 468//901 470//901
f 473//902 470//902 605//902
f 605//903 470//903 606//903
f 605//904 606//904 449//904
f 449//905 606//905 607//905
f 449//906 607//906 447//906
f 608//907 516//907 607//907
f 607//908 516//908 517//908
f 607//909 517//909 447//909
f 447//910 517//910 381//910
f 447//911 381//911 448//911
f 448//912 381//912 380//912
f 448//913 380//913 603//913
f 603//914 380//914 513//914
f 603//915 513//915 604//915
f 604//916 513//916 512//916
f 604//917 512//917 600//917
f 600//918 512//918 514//918
f 600//919 514//919 601//919
f 601//920 514//920 515//920
f 601//921 515//921 602//921
f 469//922 465//922 470//922
f 470//923 465//923 467//923
f 470//924 467//924 606//924
f 606//925 467//925 561//925
f 606//926 561//926 607//926
f 607//927 561//927 562//927
f 607//928 562//928 608//928
f 608//929 562//929 609//929
f 569//930 610//930 611//930
f 611//931 610//931 375//931
f 611//932 375//932 378//932
f 549//933 567//933 550//933
f 550//934 567//934 569//934
f 550//935 569//935 562//935
f 562//936 569//936 611//936
f 562//937 611//937 609//937
f 609//938 611//938 378//938
f 609//939 378//939 608//939
f 608//940 378//940 386//940
f 608//941 386//941 516//941
f 516//942 386//942 385//942
f 516//943 385//943 383//943
f 612//944 613//944 568//944
f 548//945 580//945 549//945
f 549//946 580//946 570//946
f 549//947 570//947 567//947
f 567//948 570//948 572//948
f 567//949 572//949 568//949
f 568//950 572//950 574//950
f 568//951 574//951 612//951
f 612//952 574//952 614//952
f 356//953 361//953 615//953
f 615//954 361//954 524//954
f 615//955 524//955 576//955
f 576//956 524//956 523//956
f 576//957 523//957 575//957
f 575//958 523//958 522//958
f 575//959 522//959 574//959
f 574//960 522//960 521//960
f 574//961 521//961 614//961
f 614//962 521//962 369//962
f 614//963 369//963 612//963
f 612//964 369//964 371//964
f 612//965 371//965 613//965
f 613//966 371//966 518//966
f 613//967 518//967 568//967
f 568//968 518//968 519//968
f 568//969 519//969 569//969
f 569//970 519//970 520//970
f 569//971 520//971 610//971
f 610//972 520//972 373//972
f 610//973 373//973 375//973
f 616//974 617//974 618//974
f 459//975 461//975 553//975
f 553//976 461//976 564//976
f 553//977 564//977 619//977
f 619//978 564//978 566//978
f 619//979 566//979 616//979
f 616//980 566//980 620//980
f 616//981 620//981 617//981
f 535//982 531//982 534//982
f 534//983 531//983 529//983
f 534//984 529//984 582//984
f 582//985 529//985 527//985
f 582//986 527//986 565//986
f 565//987 527//987 526//987
f 565//988 526//988 566//988
f 566//989 526//989 525//989
f 566//990 525//990 620//990
f 620//991 525//991 354//991
f 620//992 354//992 617//992
f 617//993 354//993 356//993
f 617//994 356//994 618//994
f 618//995 356//995 615//995
f 618//996 615//996 616//996
f 616//997 615//997 576//997
f 616//998 576//998 619//998
f 619//999 576//999 577//999
f 619//1000 577//1000 553//1000
f 553//1001 577//1001 578//1001
f 553//1002 578//1002 551//1002
f 551//1003 578//1003 579//1003
f 621//1004 622//1004 444//1004
f 444//1005 622//1005 532//1005
f 444//1006 532//1006 445//1006
f 445//1007 532//1007 534//1007
f 445//1008 534//1008 446//1008
f 446//1009 534//1009 582//1009
f 446//1010 582//1010 623//1010
f 623//1011 582//1011 581//1011
f 623//1012 581//1012 455//1012
f 455//1013 581//1013 458//1013
f 455//1014 458//1014 453//1014
f 453//1015 458//1015 457//1015
f 491//1016 621//1016 489//1016
f 489//1017 621//1017 444//1017
f 489//1018 444//1018 536//1018
f 536//1019 444//1019 446//1019
f 536//1020 446//1020 537//1020
f 537//1021 446//1021 623//1021
f 537//1022 623//1022 486//1022
f 486//1023 623//1023 455//1023
f 486//1024 455//1024 487//1024
f 487//1025 455//1025 454//1025
f 624//1026 625//1026 588//1026
f 588//1027 587//1027 624//1027
f 624//1028 587//1028 586//1028
f 624//1029 586//1029 626//1029
f 626//1030 586//1030 585//1030
f 626//1031 585//1031 627//1031
f 401//1032 402//1032 503//1032
f 503//1033 402//1033 627//1033
f 503//1034 627//1034 504//1034
f 504//1035 627//1035 585//1035
f 628//1036 629//1036 630//1036
f 551//1037 631//1037 552//1037
f 484//1038 632//1038 633//1038
f 634//1039 635//1039 636//1039
f 636//1040 635//1040 637//1040
f 636//1041 637//1041 638//1041
f 638//1042 637//1042 639//1042
f 638//1043 639//1043 640//1043
f 640//1044 639//1044 641//1044
f 640//1045 641//1045 642//1045
f 642//1046 641//1046 643//1046
f 642//1047 643//1047 644//1047
f 644//1048 643//1048 645//1048
f 644//1049 645//1049 646//1049
f 645//1050 647//1050 646//1050
f 646//1051 647//1051 648//1051
f 646//1052 648//1052 649//1052
f 649//1053 648//1053 650//1053
f 648//1054 651//1054 650//1054
f 650//1055 651//1055 652//1055
f 650//1056 652//1056 653//1056
f 653//1057 652//1057 654//1057
f 654//1058 652//1058 655//1058
f 654//1059 655//1059 656//1059
f 657//1060 658//1060 659//1060
f 660//1061 661//1061 657//1061
f 657//1062 661//1062 662//1062
f 657//1063 662//1063 658//1063
f 663//1064 664//1064 665//1064
f 663//1065 665//1065 666//1065
f 666//1066 665//1066 667//1066
f 666//1067 667//1067 668//1067
f 668//1068 667//1068 669//1068
f 668//1069 669//1069 670//1069
f 670//1070 669//1070 671//1070
f 670//1071 671//1071 672//1071
f 672//1072 671//1072 673//1072
f 672//1073 673//1073 674//1073
f 674//1074 673//1074 675//1074
f 674//1075 675//1075 660//1075
f 660//1076 675//1076 676//1076
f 660//1077 676//1077 661//1077
f 664//1078 663//1078 677//1078
f 677//1079 663//1079 678//1079
f 677//1080 678//1080 679//1080
f 678//1081 680//1081 679//1081
f 679//1082 680//1082 681//1082
f 679//1083 681//1083 682//1083
f 682//1084 681//1084 683//1084
f 682//1085 683//1085 684//1085
f 683//1086 685//1086 684//1086
f 684//1087 685//1087 686//1087
f 684//1088 686//1088 687//1088
f 687//1089 686//1089 688//1089
f 687//1090 688//1090 689//1090
f 689//1091 688//1091 690//1091
f 689//1092 690//1092 691//1092
f 632//1093 484//1093 692//1093
f 692//1094 484//1094 483//1094
f 692//1095 483//1095 497//1095
f 693//1096 477//1096 694//1096
f 694//1097 477//1097 481//1097
f 694//1098 481//1098 633//1098
f 633//1099 481//1099 480//1099
f 633//1100 480//1100 484//1100
f 695//1101 541//1101 693//1101
f 693//1102 541//1102 478//1102
f 693//1103 478//1103 477//1103
f 696//1104 547//1104 697//1104
f 697//1105 547//1105 545//1105
f 697//1106 545//1106 698//1106
f 698//1107 545//1107 475//1107
f 698//1108 475//1108 699//1108
f 699//1109 475//1109 474//1109
f 699//1110 474//1110 700//1110
f 700//1111 474//1111 543//1111
f 700//1112 543//1112 701//1112
f 701//1113 543//1113 592//1113
f 701//1114 592//1114 695//1114
f 695//1115 592//1115 542//1115
f 695//1116 542//1116 541//1116
f 702//1117 469//1117 703//1117
f 703//1118 469//1118 468//1118
f 703//1119 468//1119 704//1119
f 704//1120 468//1120 472//1120
f 704//1121 472//1121 696//1121
f 696//1122 472//1122 471//1122
f 696//1123 471//1123 547//1123
f 705//1124 466//1124 702//1124
f 702//1125 466//1125 465//1125
f 702//1126 465//1126 469//1126
f 631//1127 551//1127 706//1127
f 706//1128 551//1128 579//1128
f 706//1129 579//1129 707//1129
f 707//1130 579//1130 580//1130
f 707//1131 580//1131 708//1131
f 708//1132 580//1132 548//1132
f 708//1133 548//1133 709//1133
f 709//1134 548//1134 463//1134
f 709//1135 463//1135 705//1135
f 705//1136 463//1136 462//1136
f 705//1137 462//1137 466//1137
f 456//1138 460//1138 710//1138
f 710//1139 711//1139 456//1139
f 456//1140 711//1140 712//1140
f 456//1141 712//1141 457//1141
f 457//1142 712//1142 713//1142
f 457//1143 713//1143 453//1143
f 714//1144 487//1144 713//1144
f 713//1145 487//1145 454//1145
f 713//1146 454//1146 453//1146
f 629//1147 488//1147 630//1147
f 630//1148 488//1148 487//1148
f 630//1149 487//1149 715//1149
f 715//1150 487//1150 714//1150
f 634//1151 628//1151 635//1151
f 635//1152 628//1152 630//1152
f 635//1153 630//1153 637//1153
f 637//1154 630//1154 715//1154
f 637//1155 715//1155 639//1155
f 639//1156 715//1156 714//1156
f 639//1157 714//1157 641//1157
f 641//1158 714//1158 713//1158
f 641//1159 713//1159 643//1159
f 643//1160 713//1160 712//1160
f 643//1161 712//1161 645//1161
f 645//1162 712//1162 711//1162
f 645//1163 711//1163 647//1163
f 647//1164 711//1164 710//1164
f 647//1165 710//1165 648//1165
f 648//1166 710//1166 716//1166
f 648//1167 716//1167 651//1167
f 717//1168 690//1168 718//1168
f 718//1169 690//1169 688//1169
f 718//1170 688//1170 719//1170
f 719//1171 688//1171 686//1171
f 719//1172 686//1172 720//1172
f 720//1173 686//1173 685//1173
f 720//1174 685//1174 721//1174
f 721//1175 685//1175 683//1175
f 721//1176 683//1176 722//1176
f 722//1177 683//1177 681//1177
f 722//1178 681//1178 723//1178
f 723//1179 681//1179 680//1179
f 723//1180 680//1180 724//1180
f 724//1181 680//1181 678//1181
f 724//1182 678//1182 725//1182
f 725//1183 678//1183 663//1183
f 725//1184 663//1184 726//1184
f 726//1185 663//1185 666//1185
f 726//1186 666//1186 727//1186
f 727//1187 666//1187 668//1187
f 727//1188 668//1188 728//1188
f 728//1189 668//1189 670//1189
f 728//1190 670//1190 729//1190
f 729//1191 670//1191 672//1191
f 729//1192 672//1192 730//1192
f 730//1193 672//1193 674//1193
f 730//1194 674//1194 731//1194
f 731//1195 674//1195 660//1195
f 731//1196 660//1196 732//1196
f 732//1197 660//1197 657//1197
f 732//1198 657//1198 733//1198
f 733//1199 657//1199 659//1199
f 733//1200 659//1200 734//1200
f 734//1201 659//1201 735//1201
f 734//1202 735//1202 655//1202
f 655//1203 735//1203 736//1203
f 655//1204 736//1204 656//1204
f 460//1205 459//1205 710//1205
f 710//1206 459//1206 552//1206
f 710//1207 552//1207 716//1207
f 716//1208 552//1208 631//1208
f 716//1209 631//1209 651//1209
f 651//1210 631//1210 706//1210
f 651//1211 706//1211 652//1211
f 652//1212 706//1212 707//1212
f 652//1213 707//1213 655//1213
f 655//1214 707//1214 708//1214
f 655//1215 708//1215 734//1215
f 734//1216 708//1216 709//1216
f 734//1217 709//1217 733//1217
f 733//1218 709//1218 705//1218
f 733//1219 705//1219 732//1219
f 732//1220 705//1220 702//1220
f 732//1221 702//1221 731//1221
f 731//1222 702//1222 703//1222
f 731//1223 703//1223 730//1223
f 730//1224 703//1224 704//1224
f 730//1225 704//1225 729//1225
f 729//1226 704//1226 696//1226
f 729//1227 696//1227 728//1227
f 728//1228 696//1228 697//1228
f 728//1229 697//1229 727//1229
f 727//1230 697//1230 698//1230
f 727//1231 698//1231 726//1231
f 726//1232 698//1232 699//1232
f 726//1233 699//1233 725//1233
f 725//1234 699//1234 700//1234
f 725//1235 700//1235 724//1235
f 724//1236 700//1236 701//1236
f 724//1237 701//1237 723//1237
f 723//1238 701//1238 695//1238
f 723//1239 695//1239 722//1239
f 722//1240 695//1240 693//1240
f 722//1241 693//1241 721//1241
f 721//1242 693//1242 694//1242
f 721//1243 694//1243 720//1243
f 720//1244 694//1244 633//1244
f 720//1245 633//1245 719//1245
f 719//1246 633//1246 632//1246
f 719//1247 632//1247 718//1247
f 718//1248 632//1248 692//1248
f 718//1249 692//1249 717//1249
f 737//1250 738//1250 739//1250
f 739//1251 738//1251 740//1251
f 741//1252 742//1252 743//1252
f 741//1252 743//1252 744//1252
f 744//1253 743//1253 745//1253
f 744//1253 745//1253 746//1253
f 737//1254 739//1254 747//1254
f 737//1254 747//1254 748//1254
f 748//1255 747//1255 749//1255
f 748//1255 749//1255 750//1255
f 750//1256 749//1256 751//1256
f 750//1256 751//1256 752//1256
f 752//1257 751//1257 746//1257
f 752//1257 746//1257 745//1257
f 753//1258 754//1258 488//1258
f 488//1259 629//1259 753//1259
f 753//1260 629//1260 628//1260
f 753//1261 628//1261 755//1261
f 755//1262 628//1262 634//1262
f 755//1263 634//1263 636//1263
f 755//1264 741//1264 744//1264
f 755//1265 744//1265 753//1265
f 753//1266 744//1266 746//1266
f 753//1267 746//1267 754//1267
f 739//1268 740//1268 756//1268
f 739//1269 756//1269 491//1269
f 491//1270 756//1270 757//1270
f 491//1271 757//1271 758//1271
f 754//1272 746//1272 751//1272
f 739//1273 491//1273 747//1273
f 747//1274 491//1274 490//1274
f 747//1275 490//1275 749//1275
f 749//1276 490//1276 538//1276
f 749//1277 538//1277 751//1277
f 751//1278 538//1278 539//1278
f 751//1279 539//1279 754//1279
f 754//1280 539//1280 488//1280
f 759//1281 760//1281 761//1281
f 761//1282 760//1282 762//1282
f 763//1283 764//1283 765//1283
f 763//1283 765//1283 766//1283
f 766//1284 765//1284 767//1284
f 766//1285 767//1285 768//1285
f 768//1286 767//1286 769//1286
f 768//1287 769//1287 770//1287
f 770//1288 769//1288 771//1288
f 770//1288 771//1288 772//1288
f 772//1289 771//1289 773//1289
f 772//1289 773//1289 774//1289
f 774//1290 773//1290 760//1290
f 774//1290 760//1290 759//1290
f 775//1291 776//1291 777//1291
f 775//1291 777//1291 778//1291
f 778//1292 777//1292 779//1292
f 778//1292 779//1292 780//1292
f 780//1293 779//1293 781//1293
f 781//1294 779//1294 764//1294
f 781//1295 764//1295 763//1295
f 782//1296 764//1296 779//1296
f 783//1297 784//1297 785//1297
f 764//1298 782//1298 497//1298
f 692//1299 786//1299 717//1299
f 717//1300 786//1300 785//1300
f 717//1301 785//1301 690//1301
f 690//1302 785//1302 784//1302
f 690//1303 784//1303 691//1303
f 776//1304 783//1304 777//1304
f 777//1305 783//1305 785//1305
f 777//1306 785//1306 779//1306
f 779//1307 785//1307 786//1307
f 779//1308 786//1308 782//1308
f 782//1309 786//1309 692//1309
f 782//1310 692//1310 497//1310
f 762//1311 760//1311 787//1311
f 787//1312 760//1312 588//1312
f 787//1313 588//1313 625//1313
f 764//1314 497//1314 496//1314
f 764//1315 496//1315 765//1315
f 765//1316 496//1316 498//1316
f 765//1317 498//1317 767//1317
f 767//1318 498//1318 492//1318
f 767//1319 492//1319 769//1319
f 769//1320 492//1320 494//1320
f 769//1321 494//1321 771//1321
f 771//1322 494//1322 555//1322
f 771//1323 555//1323 773//1323
f 773//1324 555//1324 588//1324
f 773//1325 588//1325 760//1325
f 400//1756 389//1756 423//1756
f 423//1757 389//1757 1051//1757
f 423//1758 1051//1758 422//1758
f 422//1759 1051//1759 1052//1759
f 422//1760 1052//1760 421//1760
f 421//1761 1052//1761 1053//1761
f 421//1762 1053//1762 419//1762
f 419//1763 1053//1763 1054//1763
f 419//1764 1054//1764 417//1764
f 417//1765 1054//1765 1055//1765
f 417//1766 1055//1766 412//1766
f 412//1767 1055//1767 1056//1767
f 412//1768 1056//1768 413//1768
f 413//1769 1056//1769 1057//1769
f 413//1770 1057//1770 415//1770
f 1058//1771 1059//1771 1060//1771
f 1061//1772 883//1772 921//1772
f 1059//1773 1058//1773 884//1773
f 884//1774 1058//1774 1062//1774
f 884//1775 1062//1775 904//1775
f 884//1776 883//1776 1059//1776
f 1059//1777 883//1777 1061//1777
f 1059//1778 1061//1778 1060//1778
f 1060//1779 1061//1779 1063//1779
f 1060//1780 1063//1780 1064//1780
f 1064//1781 1063//1781 1065//1781
f 1064//1782 1065//1782 1066//1782
f 398//1783 1067//1783 397//1783
f 397//1784 1067//1784 1068//1784
f 397//1785 1068//1785 1069//1785
f 1069//1786 1068//1786 1070//1786
f 1069//1787 1070//1787 1066//1787
f 1066//1788 1070//1788 1071//1788
f 1066//1789 1071//1789 1064//1789
f 1064//1790 1071//1790 1072//1790
f 1064//1791 1072//1791 1060//1791
f 1060//1792 1072//1792 1073//1792
f 1060//1793 1073//1793 1058//1793
f 921//1794 1074//1794 1061//1794
f 1061//1795 1074//1795 1075//1795
f 1061//1796 1075//1796 1063//1796
f 1063//1797 1075//1797 1076//1797
f 1063//1798 1076//1798 1065//1798
f 1065//1799 1076//1799 1077//1799
f 1065//1800 1077//1800 1066//1800
f 1066//1801 1077//1801 1078//1801
f 1066//1802 1078//1802 1069//1802
f 1069//1803 1078//1803 395//1803
f 1069//1804 395//1804 397//1804
f 1079//1805 1080//1805 1081//1805
f 937//1806 939//1806 1082//1806
f 1083//1807 1084//1807 1085//1807
f 1086//1808 935//1808 937//1808
f 935//1809 1086//1809 933//1809
f 930//1810 1087//1810 928//1810
f 928//1811 1087//1811 1088//1811
f 928//1812 1088//1812 964//1812
f 964//1813 1088//1813 959//1813
f 959//1814 1088//1814 1089//1814
f 959//1815 1089//1815 960//1815
f 960//1816 1089//1816 1090//1816
f 960//1817 1090//1817 962//1817
f 962//1818 1090//1818 1091//1818
f 962//1819 1091//1819 963//1819
f 958//1820 957//1820 1092//1820
f 1092//1821 957//1821 949//1821
f 1092//1822 949//1822 1091//1822
f 1091//1823 949//1823 948//1823
f 1091//1824 948//1824 963//1824
f 958//1825 1092//1825 974//1825
f 974//1826 1092//1826 1093//1826
f 974//1827 1093//1827 975//1827
f 975//1828 1093//1828 991//1828
f 991//1829 1093//1829 1094//1829
f 991//1830 1094//1830 988//1830
f 1095//1831 1011//1831 989//1831
f 1011//1832 1095//1832 1012//1832
f 1012//1833 1095//1833 1096//1833
f 1012//1834 1096//1834 1046//1834
f 1046//1835 1096//1835 1097//1835
f 1046//1836 1097//1836 1030//1836
f 1098//1837 1099//1837 1100//1837
f 1100//1838 1099//1838 1101//1838
f 1100//1839 1101//1839 1102//1839
f 355//1840 353//1840 1103//1840
f 1103//1841 1104//1841 355//1841
f 355//1842 1104//1842 1105//1842
f 355//1843 1105//1843 357//1843
f 357//1844 1105//1844 1106//1844
f 360//1845 359//1845 1106//1845
f 1106//1846 359//1846 358//1846
f 1106//1847 358//1847 357//1847
f 1106//1848 1107//1848 360//1848
f 360//1849 1107//1849 1108//1849
f 360//1850 1108//1850 362//1850
f 362//1851 1108//1851 1109//1851
f 362//1852 1109//1852 363//1852
f 363//1853 1109//1853 1110//1853
f 363//1854 1110//1854 365//1854
f 365//1855 1110//1855 1111//1855
f 365//1856 1111//1856 367//1856
f 370//1857 1112//1857 372//1857
f 372//1858 1112//1858 1113//1858
f 372//1859 1113//1859 374//1859
f 374//1860 1113//1860 376//1860
f 376//1861 1113//1861 1114//1861
f 376//1862 1114//1862 377//1862
f 377//1863 1114//1863 1115//1863
f 377//1864 1115//1864 379//1864
f 379//1865 1115//1865 1116//1865
f 379//1866 1116//1866 384//1866
f 1117//1867 380//1867 382//1867
f 1118//1868 515//1868 513//1868
f 1068//1869 1067//1869 1119//1869
f 1119//1870 1067//1870 398//1870
f 1119//1871 398//1871 602//1871
f 988//1872 1094//1872 989//1872
f 989//1873 1094//1873 1120//1873
f 989//1874 1120//1874 1095//1874
f 1095//1875 1120//1875 1121//1875
f 1095//1876 1121//1876 1096//1876
f 1096//1877 1121//1877 1122//1877
f 1096//1878 1122//1878 1097//1878
f 1101//1879 1123//1879 1102//1879
f 1102//1880 1123//1880 1124//1880
f 1102//1881 1124//1881 1125//1881
f 1125//1882 1124//1882 1126//1882
f 1125//1883 1126//1883 1127//1883
f 1128//1884 1129//1884 1130//1884
f 1103//1885 1098//1885 1104//1885
f 1104//1886 1098//1886 1100//1886
f 1104//1887 1100//1887 1105//1887
f 1105//1888 1100//1888 1102//1888
f 1105//1889 1102//1889 1106//1889
f 1106//1890 1102//1890 1125//1890
f 1106//1891 1125//1891 1107//1891
f 1107//1892 1125//1892 1127//1892
f 1107//1893 1127//1893 1108//1893
f 1108//1894 1127//1894 1131//1894
f 1108//1895 1131//1895 1109//1895
f 1109//1896 1131//1896 1132//1896
f 1109//1897 1132//1897 1110//1897
f 1110//1898 1132//1898 1129//1898
f 1110//1899 1129//1899 1111//1899
f 1111//1900 1129//1900 1128//1900
f 1111//1901 1128//1901 367//1901
f 1081//1902 1080//1902 1133//1902
f 1068//1903 1119//1903 1070//1903
f 1070//1904 1119//1904 1133//1904
f 1070//1905 1133//1905 1071//1905
f 1071//1906 1133//1906 1080//1906
f 1071//1907 1080//1907 1072//1907
f 1134//1908 1135//1908 1116//1908
f 1116//1909 1135//1909 1136//1909
f 1116//1910 1136//1910 384//1910
f 905//1911 904//1911 1083//1911
f 1083//1912 904//1912 1062//1912
f 1083//1913 1062//1913 1084//1913
f 1072//1914 1080//1914 1073//1914
f 1073//1915 1080//1915 1079//1915
f 1073//1916 1079//1916 1058//1916
f 1062//1917 1058//1917 1084//1917
f 1084//1918 1058//1918 1079//1918
f 1084//1919 1079//1919 1085//1919
f 1085//1920 1079//1920 1081//1920
f 1085//1921 1081//1921 1137//1921
f 1137//1922 1081//1922 1133//1922
f 1137//1923 1133//1923 1138//1923
f 1138//1924 1133//1924 1119//1924
f 1138//1925 1119//1925 1139//1925
f 1139//1926 1119//1926 602//1926
f 1139//1927 602//1927 515//1927
f 515//1928 1118//1928 1139//1928
f 1139//1929 1118//1929 1140//1929
f 1139//1930 1140//1930 1138//1930
f 1138//1931 1140//1931 1141//1931
f 1138//1932 1141//1932 1137//1932
f 1137//1933 1141//1933 1142//1933
f 1137//1934 1142//1934 1085//1934
f 937//1935 1082//1935 1086//1935
f 1086//1936 1082//1936 1143//1936
f 1086//1937 1143//1937 1144//1937
f 1144//1938 1143//1938 1145//1938
f 1144//1939 1145//1939 1134//1939
f 1134//1940 1145//1940 1146//1940
f 1134//1941 1146//1941 1135//1941
f 1135//1942 1146//1942 1117//1942
f 1135//1943 1117//1943 1136//1943
f 1136//1944 1117//1944 382//1944
f 1136//1945 382//1945 384//1945
f 905//1946 1083//1946 939//1946
f 939//1947 1083//1947 1085//1947
f 939//1948 1085//1948 1082//1948
f 1082//1949 1085//1949 1142//1949
f 1082//1950 1142//1950 1143//1950
f 1143//1951 1142//1951 1141//1951
f 1143//1952 1141//1952 1145//1952
f 1145//1953 1141//1953 1140//1953
f 1145//1954 1140//1954 1146//1954
f 1146//1955 1140//1955 1118//1955
f 1146//1956 1118//1956 1117//1956
f 1117//1957 1118//1957 513//1957
f 1117//1958 513//1958 380//1958
f 933//1959 1086//1959 1147//1959
f 1147//1960 1086//1960 1144//1960
f 1147//1961 1144//1961 1148//1961
f 1148//1962 1144//1962 1134//1962
f 1148//1963 1134//1963 1149//1963
f 1149//1964 1134//1964 1116//1964
f 1149//1965 1116//1965 1150//1965
f 1150//1966 1116//1966 1115//1966
f 1150//1967 1115//1967 1151//1967
f 1151//1968 1115//1968 1114//1968
f 1151//1969 1114//1969 1152//1969
f 1152//1970 1114//1970 1113//1970
f 1152//1971 1113//1971 1130//1971
f 1130//1972 1113//1972 1112//1972
f 1130//1973 1112//1973 1128//1973
f 1128//1974 1112//1974 370//1974
f 1128//1975 370//1975 367//1975
f 1099//1976 1153//1976 1101//1976
f 1101//1977 1153//1977 1031//1977
f 1101//1978 1031//1978 1123//1978
f 1123//1979 1031//1979 1030//1979
f 1123//1980 1030//1980 1124//1980
f 1124//1981 1030//1981 1097//1981
f 1124//1982 1097//1982 1126//1982
f 1126//1983 1097//1983 1122//1983
f 1126//1984 1122//1984 1127//1984
f 1127//1985 1122//1985 1121//1985
f 1127//1986 1121//1986 1131//1986
f 1131//1987 1121//1987 1120//1987
f 1131//1988 1120//1988 1132//1988
f 1132//1989 1120//1989 1094//1989
f 1132//1990 1094//1990 1129//1990
f 1129//1991 1094//1991 1093//1991
f 1129//1992 1093//1992 1130//1992
f 1130//1993 1093//1993 1092//1993
f 1130//1994 1092//1994 1152//1994
f 1152//1995 1092//1995 1091//1995
f 1152//1996 1091//1996 1151//1996
f 1151//1997 1091//1997 1090//1997
f 1151//1998 1090//1998 1150//1998
f 1150//1999 1090//1999 1089//1999
f 1150//2000 1089//2000 1149//2000
f 1149//2001 1089//2001 1088//2001
f 1149//2002 1088//2002 1148//2002
f 1148//2003 1088//2003 1087//2003
f 1148//2004 1087//2004 1147//2004
f 1147//2005 1087//2005 930//2005
f 1147//2006 930//2006 933//2006
f 1051//2007 389//2007 391//2007
f 1154//2008 1053//2008 1155//2008
f 1155//2009 1053//2009 1052//2009
f 1155//2010 1052//2010 1156//2010
f 1156//2011 1052//2011 1051//2011
f 1156//2012 1051//2012 1157//2012
f 1157//2013 1051//2013 391//2013
f 1056//2014 1055//2014 1154//2014
f 1154//2015 1055//2015 1054//2015
f 1154//2016 1054//2016 1053//2016
f 1158//2017 1057//2017 1159//2017
f 1159//2018 1057//2018 1056//2018
f 1159//2019 1056//2019 1160//2019
f 1160//2020 1056//2020 1154//2020
f 393//2021 395//2021 1161//2021
f 1161//2022 395//2022 1162//2022
f 1161//2023 1162//2023 1163//2023
f 1163//2024 1162//2024 1164//2024
f 1163//2025 1164//2025 1165//2025
f 1165//2026 1164//2026 1166//2026
f 1165//2027 1166//2027 1167//2027
f 1167//2028 1166//2028 1168//2028
f 1167//2029 1168//2029 1169//2029
f 1169//2030 1168//2030 1170//2030
f 1169//2031 1170//2031 1171//2031
f 395//2032 1078//2032 1162//2032
f 1162//2033 1078//2033 1077//2033
f 1162//2034 1077//2034 1164//2034
f 1164//2035 1077//2035 1076//2035
f 1164//2036 1076//2036 1166//2036
f 1166//2037 1076//2037 1075//2037
f 1166//2038 1075//2038 1168//2038
f 1075//2039 1074//2039 1168//2039
f 1168//2040 1074//2040 921//2040
f 1168//2041 921//2041 1170//2041
f 1170//2042 921//2042 1172//2042
f 1170//2043 1172//2043 1171//2043
f 393//2044 1161//2044 1173//2044
f 1173//2045 1161//2045 1163//2045
f 1173//2046 1163//2046 1174//2046
f 1174//2047 1163//2047 1165//2047
f 1174//2048 1165//2048 1175//2048
f 1175//2049 1165//2049 1167//2049
f 1175//2050 1167//2050 1176//2050
f 1176//2051 1167//2051 1169//2051
f 1176//2052 1169//2052 1177//2052
f 1177//2053 1169//2053 1171//2053
f 1177//2054 1171//2054 1178//2054
f 1158//2055 1159//2055 1178//2055
f 1178//2056 1159//2056 1160//2056
f 1178//2057 1160//2057 1177//2057
f 1177//2058 1160//2058 1154//2058
f 1177//2059 1154//2059 1176//2059
f 1176//2060 1154//2060 1155//2060
f 1176//2061 1155//2061 1175//2061
f 1175//2062 1155//2062 1156//2062
f 1175//2063 1156//2063 1174//2063
f 1174//2064 1156//2064 1157//2064
f 1174//2065 1157//2065 1173//2065
f 1173//2066 1157//2066 391//2066
f 1173//2067 391//2067 393//2067
f 1179//2068 1021//2068 1019//2068
f 1179//2069 1019//2069 1180//2069
f 1180//2070 1019//2070 1017//2070
f 1180//2071 1017//2071 1181//2071
f 1181//2072 1017//2072 1182//2072
f 1182//2073 1017//2073 1016//2073
f 1182//2074 1016//2074 1183//2074
f 1184//2075 1185//2075 1045//2075
f 1045//2076 1185//2076 1186//2076
f 1045//2077 1186//2077 1014//2077
f 1014//2078 1186//2078 1183//2078
f 1014//2079 1183//2079 1015//2079
f 1015//2080 1183//2080 1016//2080
f 1187//2081 1188//2081 1024//2081
f 1024//2082 1188//2082 1189//2082
f 1024//2083 1189//2083 1026//2083
f 1026//2084 1189//2084 1184//2084
f 1026//2085 1184//2085 1050//2085
f 1050//2086 1184//2086 1045//2086
f 1024//2087 1029//2087 1187//2087
f 1187//2088 1029//2088 1028//2088
f 1187//2089 1028//2089 1190//2089
f 1190//2090 1028//2090 1035//2090
f 1190//2091 1035//2091 1191//2091
f 1191//2092 1035//2092 1034//2092
f 1191//2093 1034//2093 1192//2093
f 1099//2094 1193//2094 1194//2094
f 1099//2095 1034//2095 1153//2095
f 1153//2096 1034//2096 1032//2096
f 1153//2097 1032//2097 1031//2097
f 1099//2098 1194//2098 1034//2098
f 1034//2099 1194//2099 1195//2099
f 1034//2100 1195//2100 1192//2100
f 1103//2101 353//2101 1196//2101
f 1103//2102 1196//2102 1098//2102
f 1193//2103 1099//2103 1197//2103
f 1197//2104 1099//2104 1098//2104
f 1197//2105 1098//2105 1198//2105
f 1198//2106 1098//2106 1196//2106
f 1198//2107 1196//2107 1199//2107
f 1199//2108 1196//2108 1200//2108
f 1201//2109 1200//2109 1196//2109
f 1202//2110 1203//2110 1204//2110
f 353//2111 352//2111 1196//2111
f 1196//2112 352//2112 388//2112
f 1204//2113 1201//2113 1202//2113
f 1202//2114 1201//2114 1196//2114
f 1202//2115 1196//2115 1205//2115
f 1205//2116 1196//2116 388//2116
f 1204//2117 1203//2117 1206//2117
f 1206//2118 1207//2118 1208//2118
f 1209//2119 1200//2119 1201//2119
f 1204//2120 1206//2120 1201//2120
f 1201//2121 1206//2121 1208//2121
f 1201//2122 1208//2122 1209//2122
f 1209//2123 1208//2123 1207//2123
f 1209//2124 1207//2124 1210//2124
f 1199//2125 1200//2125 1211//2125
f 1211//2126 1200//2126 1209//2126
f 1192//2127 1195//2127 1212//2127
f 1212//2128 1195//2128 1213//2128
f 1212//2129 1213//2129 1214//2129
f 1214//2130 1213//2130 1215//2130
f 1215//2131 1213//2131 1216//2131
f 1215//2132 1216//2132 1217//2132
f 1217//2133 1216//2133 1218//2133
f 1217//2134 1218//2134 1219//2134
f 1198//2135 1199//2135 1216//2135
f 1216//2136 1199//2136 1211//2136
f 1216//2137 1211//2137 1218//2137
f 1218//2138 1211//2138 1209//2138
f 1218//2139 1209//2139 1219//2139
f 1219//2140 1209//2140 1210//2140
f 1198//2141 1216//2141 1197//2141
f 1197//2142 1216//2142 1213//2142
f 1197//2143 1213//2143 1193//2143
f 1193//2144 1213//2144 1195//2144
f 1193//2145 1195//2145 1194//2145
f 491//2146 758//2146 621//2146
f 621//2147 758//2147 1220//2147
f 621//2148 1220//2148 622//2148
f 1221//2149 535//2149 1222//2149
f 1222//2150 535//2150 533//2150
f 1222//2151 533//2151 1220//2151
f 1220//2152 533//2152 532//2152
f 1220//2153 532//2153 622//2153
f 1203//2154 528//2154 1206//2154
f 1206//2155 528//2155 530//2155
f 1206//2156 530//2156 1221//2156
f 1221//2157 530//2157 531//2157
f 1221//2158 531//2158 535//2158
f 388//2159 387//2159 1205//2159
f 1205//2160 387//2160 528//2160
f 1205//2161 528//2161 1202//2161
f 1202//2162 528//2162 1203//2162
f 738//2163 737//2163 55//2163
f 55//2164 737//2164 54//2164
f 57//2165 745//2165 58//2165
f 58//2165 745//2165 743//2165
f 58//2166 743//2166 59//2166
f 59//2166 743//2166 742//2166
f 54//2167 737//2167 748//2167
f 54//2167 748//2167 60//2167
f 60//2168 748//2168 750//2168
f 60//2168 750//2168 63//2168
f 63//2169 750//2169 752//2169
f 63//2170 752//2170 62//2170
f 745//2171 57//2171 752//2171
f 752//2171 57//2171 61//2171
f 752//2172 61//2172 62//2172
f 761//2173 351//2173 759//2173
f 759//2173 351//2173 345//2173
f 342//2174 775//2174 778//2174
f 342//2174 778//2174 341//2174
f 341//2175 778//2175 780//2175
f 341//2175 780//2175 340//2175
f 340//2176 780//2176 781//2176
f 340//2176 781//2176 344//2176
f 344//2177 781//2177 763//2177
f 344//2177 763//2177 343//2177
f 343//2178 763//2178 350//2178
f 350//2179 763//2179 766//2179
f 350//2180 766//2180 349//2180
f 349//2181 766//2181 768//2181
f 349//2182 768//2182 348//2182
f 348//2183 768//2183 770//2183
f 348//2184 770//2184 347//2184
f 347//2185 770//2185 772//2185
f 347//2186 772//2186 346//2186
f 346//2187 772//2187 774//2187
f 346//2188 774//2188 345//2188
f 345//2189 774//2189 759//2189
f 1223//2190 1224//2190 238//2190
f 336//2191 335//2191 1225//2191
f 1226//2192 231//2192 1227//2192
f 1227//2193 231//2193 230//2193
f 1227//2194 230//2194 1228//2194
f 339//2195 338//2195 1226//2195
f 1226//2196 338//2196 41//2196
f 1226//2197 41//2197 231//2197
f 333//2198 337//2198 1229//2198
f 335//2199 334//2199 1225//2199
f 1225//2200 334//2200 248//2200
f 1225//2201 248//2201 1230//2201
f 1225//2202 1231//2202 336//2202
f 336//2203 1231//2203 1232//2203
f 336//2204 1232//2204 337//2204
f 337//2205 1232//2205 1233//2205
f 337//2206 1233//2206 1229//2206
f 1234//2207 1235//2207 253//2207
f 253//2208 1235//2208 1236//2208
f 253//2209 1236//2209 278//2209
f 278//2210 1236//2210 1237//2210
f 278//2211 1237//2211 251//2211
f 251//2212 1237//2212 1238//2212
f 251//2213 1238//2213 252//2213
f 252//2214 1238//2214 1239//2214
f 252//2215 1239//2215 244//2215
f 244//2216 1239//2216 1230//2216
f 244//2217 1230//2217 246//2217
f 246//2218 1230//2218 248//2218
f 238//2219 1224//2219 240//2219
f 240//2220 1224//2220 1240//2220
f 240//2221 1240//2221 220//2221
f 1240//2222 1241//2222 220//2222
f 220//2223 1241//2223 1242//2223
f 220//2224 1242//2224 221//2224
f 221//2225 1242//2225 1243//2225
f 221//2226 1243//2226 234//2226
f 234//2227 1243//2227 1244//2227
f 234//2228 1244//2228 232//2228
f 232//2229 1244//2229 1245//2229
f 232//2230 1245//2230 222//2230
f 222//2231 1245//2231 1246//2231
f 222//2232 1246//2232 223//2232
f 223//2233 1246//2233 1228//2233
f 223//2234 1228//2234 228//2234
f 228//2235 1228//2235 230//2235
f 253//2236 256//2236 1234//2236
f 1234//2237 256//2237 258//2237
f 1234//2238 258//2238 1247//2238
f 1247//2239 258//2239 260//2239
f 1247//2240 260//2240 1248//2240
f 1248//2241 260//2241 261//2241
f 1248//2242 261//2242 29//2242
f 29//2243 261//2243 262//2243
f 29//2244 262//2244 2//2244
f 1229//2245 1249//2245 333//2245
f 333//2246 1249//2246 1250//2246
f 333//2247 1250//2247 216//2247
f 216//2248 1250//2248 1223//2248
f 216//2249 1223//2249 217//2249
f 217//2250 1223//2250 238//2250
f 909//2251 907//2251 1251//2251
f 1251//2252 1252//2252 909//2252
f 909//2253 1252//2253 1253//2253
f 909//2254 1253//2254 911//2254
f 1253//2255 1254//2255 911//2255
f 911//2256 1254//2256 1255//2256
f 911//2257 1255//2257 913//2257
f 1255//2258 1256//2258 913//2258
f 913//2259 1256//2259 1257//2259
f 913//2260 1257//2260 915//2260
f 915//2261 1257//2261 1258//2261
f 1258//2262 1259//2262 915//2262
f 915//2263 1259//2263 1260//2263
f 915//2264 1260//2264 917//2264
f 917//2265 1260//2265 919//2265
f 919//2266 1260//2266 1261//2266
f 919//2267 1261//2267 1262//2267
f 433//2268 432//2268 1262//2268
f 1262//2269 432//2269 416//2269
f 1262//2270 416//2270 415//2270
f 1178//2271 919//2271 1158//2271
f 1158//2272 919//2272 1262//2272
f 1158//2273 1262//2273 1057//2273
f 1057//2274 1262//2274 415//2274
f 1178//2275 1171//2275 919//2275
f 919//2276 1171//2276 1172//2276
f 919//2277 1172//2277 920//2277
f 920//2278 1172//2278 921//2278
f 1251//2771 907//2771 1447//2771
f 1251//2771 1447//2771 1551//2771
f 1551//2771 1447//2771 1448//2771
f 1551//2771 1448//2771 1552//2771
f 1552//2772 1448//2772 1449//2772
f 1552//2773 1449//2773 1553//2773
f 1553//2774 1449//2774 1554//2774
f 1554//2775 1449//2775 1453//2775
f 1554//2776 1453//2776 1555//2776
f 1555//2777 1453//2777 1452//2777
f 1555//2778 1452//2778 1556//2778
f 1556//2779 1452//2779 1557//2779
f 1557//2780 1452//2780 1451//2780
f 1557//2781 1451//2781 1558//2781
f 1558//2782 1451//2782 1559//2782
f 1559//2783 1451//2783 1450//2783
f 1559//2784 1450//2784 1560//2784
f 1560//2785 1450//2785 1456//2785
f 1560//2786 1456//2786 1561//2786
f 1561//2787 1456//2787 1455//2787
f 1561//2788 1455//2788 1562//2788
f 1562//2789 1455//2789 1454//2789
f 1562//2790 1454//2790 1563//2790
f 1563//2791 1454//2791 1463//2791
f 1563//2792 1463//2792 1564//2792
f 1564//2793 1463//2793 1462//2793
f 1564//2794 1462//2794 1565//2794
f 1565//2795 1462//2795 1461//2795
f 1565//2796 1461//2796 1566//2796
f 1566//2797 1461//2797 1567//2797
f 1567//2798 1461//2798 1460//2798
f 1567//2799 1460//2799 1568//2799
f 1568//2800 1460//2800 1569//2800
f 1569//2801 1460//2801 1459//2801
f 1569//2802 1459//2802 1570//2802
f 1570//2803 1459//2803 1458//2803
f 1570//2804 1458//2804 1571//2804
f 1571//2805 1458//2805 1378//2805
f 1571//2806 1378//2806 1572//2806
f 1572//2807 1378//2807 1573//2807
f 1573//2808 1378//2808 1377//2808
f 1573//2809 1377//2809 1574//2809
f 1574//2810 1377//2810 1464//2810
f 1574//2811 1464//2811 1575//2811
f 1464//2812 1467//2812 1575//2812
f 1575//2813 1467//2813 1473//2813
f 1575//2814 1473//2814 1576//2814
f 1576//2815 1473//2815 1472//2815
f 1576//2816 1472//2816 1577//2816
f 1577//2817 1472//2817 1578//2817
f 1578//2818 1472//2818 1470//2818
f 1578//2819 1470//2819 1579//2819
f 1579//2820 1470//2820 1469//2820
f 1579//2821 1469//2821 1580//2821
f 1580//2822 1469//2822 1375//2822
f 1580//2823 1375//2823 1581//2823
f 1581//2824 1375//2824 1374//2824
f 1581//2825 1374//2825 1582//2825
f 1582//2826 1374//2826 1474//2826
f 1582//2827 1474//2827 1583//2827
f 1474//2828 1478//2828 1583//2828
f 1583//2829 1478//2829 1482//2829
f 1583//2830 1482//2830 1584//2830
f 1584//2831 1482//2831 1481//2831
f 1584//2832 1481//2832 1585//2832
f 1585//2833 1481//2833 1586//2833
f 1586//2834 1481//2834 1480//2834
f 1586//2835 1480//2835 1587//2835
f 1587//2836 1480//2836 1588//2836
f 1588//2837 1480//2837 1479//2837
f 1588//2838 1479//2838 1589//2838
f 1589//2839 1479//2839 1485//2839
f 1589//2840 1485//2840 1590//2840
f 1590//2841 1485//2841 1484//2841
f 1590//2842 1484//2842 1591//2842
f 1484//2843 1483//2843 1591//2843
f 1591//2844 1483//2844 1491//2844
f 1591//2845 1491//2845 1592//2845
f 1592//2846 1491//2846 1490//2846
f 1593//2847 1594//2847 1489//2847
f 1489//2848 1594//2848 1595//2848
f 1489//2849 1595//2849 1490//2849
f 1490//2850 1595//2850 1596//2850
f 1490//2851 1596//2851 1592//2851
f 1489//2852 1488//2852 1593//2852
f 1593//2853 1488//2853 1487//2853
f 1593//2854 1487//2854 1597//2854
f 1597//2855 1487//2855 1486//2855
f 1597//2856 1486//2856 1598//2856
f 1598//2857 1486//2857 1494//2857
f 1598//2858 1494//2858 1599//2858
f 1599//2859 1494//2859 1493//2859
f 1599//2860 1493//2860 1600//2860
f 1600//2861 1493//2861 1492//2861
f 1600//2861 1492//2861 1601//2861
f 1601//2861 1492//2861 1021//2861
f 1601//2861 1021//2861 1179//2861
f 1598//2862 1599//2862 1577//2862
f 1602//2862 1251//2862 1551//2862
f 1601//2862 1556//2862 1600//2862
f 1600//2862 1556//2862 1557//2862
f 1600//2862 1557//2862 1599//2862
f 1599//2862 1557//2862 1558//2862
f 1599//2862 1558//2862 1559//2862
f 1551//2862 1552//2862 1602//2862
f 1602//2862 1552//2862 1553//2862
f 1602//2862 1553//2862 1554//2862
f 1601//2862 1179//2862 1556//2862
f 1556//2862 1179//2862 1602//2862
f 1556//2862 1602//2862 1555//2862
f 1555//2862 1602//2862 1554//2862
f 1559//2862 1560//2862 1599//2862
f 1599//2862 1560//2862 1561//2862
f 1599//2862 1561//2862 1562//2862
f 1562//2862 1563//2862 1599//2862
f 1599//2862 1563//2862 1564//2862
f 1599//2862 1564//2862 1565//2862
f 1565//2862 1566//2862 1599//2862
f 1599//2862 1566//2862 1567//2862
f 1599//2862 1567//2862 1568//2862
f 1568//2862 1569//2862 1599//2862
f 1599//2862 1569//2862 1570//2862
f 1599//2862 1570//2862 1571//2862
f 1571//2862 1572//2862 1599//2862
f 1599//2862 1572//2862 1573//2862
f 1599//2862 1573//2862 1574//2862
f 1577//2862 1595//2862 1594//2862
f 1574//2862 1575//2862 1599//2862
f 1599//2862 1575//2862 1576//2862
f 1599//2862 1576//2862 1577//2862
f 1595//2862 1577//2862 1596//2862
f 1596//2862 1577//2862 1578//2862
f 1596//2862 1578//2862 1579//2862
f 1579//2862 1580//2862 1596//2862
f 1596//2862 1580//2862 1581//2862
f 1596//2862 1581//2862 1582//2862
f 1586//2863 1587//2863 1588//2863
f 1594//2862 1593//2862 1577//2862
f 1577//2862 1593//2862 1597//2862
f 1577//2862 1597//2862 1598//2862
f 1582//2862 1583//2862 1596//2862
f 1596//2862 1583//2862 1584//2862
f 1596//2862 1584//2862 1585//2862
f 1586//2862 1588//2862 1585//2862
f 1585//2862 1588//2862 1589//2862
f 1585//2862 1589//2862 1590//2862
f 1590//2862 1591//2862 1585//2862
f 1585//2862 1591//2862 1592//2862
f 1585//2862 1592//2862 1596//2862
f 1252//2864 1251//2864 1602//2864
f 1252//2865 1602//2865 1253//2865
f 1186//2866 1256//2866 1183//2866
f 1183//2867 1256//2867 1255//2867
f 1183//2868 1255//2868 1182//2868
f 1182//2869 1255//2869 1254//2869
f 1182//2870 1254//2870 1181//2870
f 1181//2871 1254//2871 1253//2871
f 1181//2872 1253//2872 1180//2872
f 1180//2873 1253//2873 1602//2873
f 1180//2862 1602//2862 1179//2862
f 1603//2874 1604//2874 433//2874
f 1259//2875 1258//2875 1605//2875
f 1605//2876 1258//2876 1187//2876
f 1187//2877 1190//2877 1605//2877
f 1605//2878 1190//2878 1191//2878
f 1605//2879 1191//2879 1603//2879
f 1603//2880 1191//2880 1192//2880
f 1603//2874 1192//2874 1604//2874
f 433//2881 1262//2881 1603//2881
f 1603//2882 1262//2882 1261//2882
f 1603//2883 1261//2883 1605//2883
f 1605//2884 1261//2884 1260//2884
f 1605//2885 1260//2885 1259//2885
f 1186//2886 1185//2886 1256//2886
f 1256//2887 1185//2887 1184//2887
f 1256//2888 1184//2888 1257//2888
f 1257//2889 1184//2889 1189//2889
f 1257//2890 1189//2890 1258//2890
f 1258//2891 1189//2891 1188//2891
f 1258//2892 1188//2892 1187//2892
f 1219//2893 1210//2893 1606//2893
f 1219//2894 1606//2894 1217//2894
f 1217//2895 1606//2895 1607//2895
f 1217//2896 1607//2896 1608//2896
f 1608//2897 1607//2897 1609//2897
f 1608//2897 1609//2897 1610//2897
f 402//2898 410//2898 1610//2898
f 1610//2899 410//2899 409//2899
f 409//2900 442//2900 1610//2900
f 1610//2901 442//2901 407//2901
f 1610//2902 407//2902 1608//2902
f 1608//2903 407//2903 406//2903
f 1212//2904 1214//2904 1611//2904
f 1611//2905 1214//2905 1612//2905
f 1611//2906 1612//2906 435//2906
f 435//2907 1612//2907 427//2907
f 1192//2908 1212//2908 1604//2908
f 1604//2909 1212//2909 1611//2909
f 1604//2910 1611//2910 433//2910
f 433//2911 1611//2911 435//2911
f 1217//2912 1608//2912 1215//2912
f 1215//2913 1608//2913 1613//2913
f 1215//2914 1613//2914 1214//2914
f 1214//2915 1613//2915 1612//2915
f 1608//2916 406//2916 428//2916
f 1608//2913 428//2913 1613//2913
f 1613//2917 428//2917 427//2917
f 1613//2918 427//2918 1612//2918
f 1614//2919 351//2919 761//2919
f 761//2919 1615//2919 1614//2919
f 1614//2919 1615//2919 1616//2919
f 1614//2920 1616//2920 55//2920
f 55//2921 1616//2921 738//2921
f 1244//2922 1243//2922 1617//2922
f 31//2923 351//2923 1614//2923
f 31//2924 1614//2924 30//2924
f 1618//2925 1248//2925 1619//2925
f 1619//2926 1248//2926 29//2926
f 1619//2927 29//2927 30//2927
f 1235//2928 1234//2928 1618//2928
f 1618//2929 1234//2929 1247//2929
f 1618//2930 1247//2930 1248//2930
f 1239//2931 1238//2931 1620//2931
f 1620//2932 1238//2932 1237//2932
f 1620//2933 1237//2933 1236//2933
f 1230//2934 1239//2934 1621//2934
f 1621//2935 1239//2935 1620//2935
f 1621//2936 1620//2936 1618//2936
f 1618//2937 1620//2937 1236//2937
f 1618//2938 1236//2938 1235//2938
f 1622//2939 1249//2939 1229//2939
f 1229//2940 1233//2940 1622//2940
f 1622//2941 1233//2941 1232//2941
f 1622//2942 1232//2942 1231//2942
f 1249//2943 1622//2943 1250//2943
f 1250//2944 1622//2944 1623//2944
f 1250//2945 1623//2945 1223//2945
f 1617//2946 1240//2946 1623//2946
f 1623//2947 1240//2947 1224//2947
f 1623//2948 1224//2948 1223//2948
f 1243//2949 1242//2949 1617//2949
f 1617//2950 1242//2950 1241//2950
f 1617//2951 1241//2951 1240//2951
f 1624//2952 1246//2952 1245//2952
f 1226//2953 1227//2953 1624//2953
f 1624//2954 1227//2954 1228//2954
f 1624//2955 1228//2955 1246//2955
f 1614//2956 55//2956 56//2956
f 30//2957 1614//2957 1619//2957
f 1619//2958 1614//2958 56//2958
f 1619//2959 56//2959 339//2959
f 1225//2960 1230//2960 1625//2960
f 1625//2961 1230//2961 1621//2961
f 1625//2962 1621//2962 1626//2962
f 1626//2963 1621//2963 1618//2963
f 1626//2964 1618//2964 1627//2964
f 1627//2965 1618//2965 1619//2965
f 1627//2966 1619//2966 1624//2966
f 1624//2967 1619//2967 339//2967
f 1624//2968 339//2968 1226//2968
f 1245//2969 1244//2969 1624//2969
f 1624//2970 1244//2970 1617//2970
f 1624//2971 1617//2971 1627//2971
f 1627//2972 1617//2972 1623//2972
f 1627//2973 1623//2973 1626//2973
f 1626//2974 1623//2974 1622//2974
f 1626//2975 1622//2975 1625//2975
f 1625//2976 1622//2976 1231//2976
f 1625//2977 1231//2977 1225//2977
f 1207//2978 1206//2978 1628//2978
f 1610//2979 1609//2979 1629//2979
f 402//2980 1610//2980 627//2980
f 627//2981 1610//2981 1629//2981
f 627//2982 1629//2982 626//2982
f 626//2983 1629//2983 624//2983
f 624//2984 1629//2984 1630//2984
f 624//2985 1630//2985 625//2985
f 625//2986 1630//2986 787//2986
f 787//2987 1630//2987 1631//2987
f 787//2988 1631//2988 762//2988
f 762//2989 1631//2989 1615//2989
f 762//2990 1615//2990 761//2990
f 757//2991 1632//2991 758//2991
f 758//2992 1632//2992 1220//2992
f 1220//2993 1632//2993 1222//2993
f 1222//2994 1632//2994 1633//2994
f 1222//2995 1633//2995 1221//2995
f 1634//2996 1607//2996 1606//2996
f 1210//2997 1207//2997 1606//2997
f 1606//2998 1207//2998 1628//2998
f 1606//2999 1628//2999 1634//2999
f 1634//3000 1628//3000 1635//3000
f 1206//3001 1221//3001 1628//3001
f 1628//3002 1221//3002 1633//3002
f 1628//3003 1633//3003 1635//3003
f 1635//3004 1633//3004 1632//3004
f 1635//3005 1632//3005 1636//3005
f 1636//3006 1632//3006 757//3006
f 1636//3007 757//3007 1637//3007
f 1637//3008 757//3008 756//3008
f 1637//3009 756//3009 1616//3009
f 1616//3010 756//3010 740//3010
f 1616//3011 740//3011 738//3011
f 1616//3012 1615//3012 1637//3012
f 1637//3013 1615//3013 1631//3013
f 1637//3014 1631//3014 1636//3014
f 1636//3015 1631//3015 1630//3015
f 1636//3016 1630//3016 1635//3016
f 1635//3017 1630//3017 1629//3017
f 1635//3018 1629//3018 1634//3018
f 1634//3019 1629//3019 1609//3019
f 1634//3020 1609//3020 1607//3020
f 17//3021 59//3021 342//3021
f 342//3021 59//3021 742//3021
f 342//3021 742//3021 775//3021
f 775//3021 742//3021 776//3021
f 47//3021 52//3021 17//3021
f 17//3021 52//3021 51//3021
f 17//3021 51//3021 59//3021
f 741//3021 654//3021 742//3021
f 742//3021 654//3021 656//3021
f 742//3021 656//3021 736//3021
f 742//3021 658//3021 662//3021
f 689//3021 691//3021 742//3021
f 82//3021 80//3021 48//3021
f 48//3021 80//3021 78//3021
f 48//3021 78//3021 98//3021
f 48//3021 109//3021 108//3021
f 736//3021 735//3021 742//3021
f 742//3021 735//3021 659//3021
f 742//3021 659//3021 658//3021
f 662//3021 661//3021 742//3021
f 742//3021 661//3021 676//3021
f 742//3021 676//3021 675//3021
f 669//3021 667//3021 742//3021
f 742//3021 667//3021 665//3021
f 689//3021 742//3021 687//3021
f 48//3021 89//3021 88//3021
f 98//3021 97//3021 48//3021
f 48//3021 97//3021 95//3021
f 48//3021 95//3021 94//3021
f 108//3021 107//3021 48//3021
f 48//3021 107//3021 105//3021
f 48//3021 105//3021 119//3021
f 119//3021 105//3021 104//3021
f 119//3021 104//3021 117//3021
f 741//3021 755//3021 654//3021
f 654//3021 755//3021 636//3021
f 654//3021 636//3021 638//3021
f 675//3021 673//3021 742//3021
f 742//3021 673//3021 671//3021
f 742//3021 671//3021 669//3021
f 691//3021 784//3021 742//3021
f 742//3021 784//3021 783//3021
f 742//3021 783//3021 776//3021
f 88//3021 86//3021 48//3021
f 48//3021 86//3021 84//3021
f 48//3021 84//3021 82//3021
f 94//3021 92//3021 48//3021
f 48//3021 92//3021 91//3021
f 48//3021 91//3021 103//3021
f 47//3021 17//3021 48//3021
f 48//3021 17//3021 16//3021
f 48//3021 16//3021 23//3021
f 103//3021 102//3021 48//3021
f 48//3021 102//3021 100//3021
f 48//3021 100//3021 109//3021
f 640//3021 642//3021 644//3021
f 23//3021 22//3021 48//3021
f 48//3021 22//3021 74//3021
f 48//3021 74//3021 72//3021
f 110//3021 104//3021 64//3021
f 64//3021 104//3021 191//3021
f 640//3021 644//3021 638//3021
f 638//3021 644//3021 646//3021
f 638//3021 646//3021 649//3021
f 665//3021 664//3021 742//3021
f 742//3021 664//3021 677//3021
f 742//3021 677//3021 679//3021
f 72//3021 70//3021 48//3021
f 48//3021 70//3021 68//3021
f 48//3021 68//3021 89//3021
f 110//3021 112//3021 104//3021
f 104//3021 112//3021 115//3021
f 104//3021 115//3021 117//3021
f 649//3021 650//3021 638//3021
f 638//3021 650//3021 653//3021
f 638//3021 653//3021 654//3021
f 679//3021 682//3021 742//3021
f 742//3021 682//3021 684//3021
f 742//3021 684//3021 687//3021
usemtl silver
f 788//1326 789//1326 790//1326
f 790//1326 789//1326 791//1326
f 792//1326 793//1326 789//1326
f 789//1326 793//1326 794//1326
f 789//1327 794//1327 791//1327
f 789//1326 788//1326 795//1326
f 795//1326 796//1326 789//1326
f 789//1328 796//1328 797//1328
f 789//1326 797//1326 798//1326
f 799//1329 800//1329 801//1329
f 802//1330 803//1330 804//1330
f 802//1331 790//1331 803//1331
f 803//1332 790//1332 791//1332
f 803//1333 791//1333 805//1333
f 805//1334 791//1334 794//1334
f 788//1335 790//1335 801//1335
f 801//1336 790//1336 802//1336
f 801//1337 802//1337 799//1337
f 799//1338 802//1338 804//1338
f 799//1339 804//1339 806//1339
f 807//1340 808//1340 809//1340
f 810//1341 811//1341 812//1341
f 803//1342 805//1342 813//1342
f 805//1343 794//1343 793//1343
f 803//1344 813//1344 804//1344
f 814//1345 815//1345 812//1345
f 812//1346 815//1346 816//1346
f 812//1347 816//1347 810//1347
f 817//1348 818//1348 814//1348
f 814//1349 818//1349 819//1349
f 814//1350 819//1350 815//1350
f 820//1351 821//1351 817//1351
f 817//1352 821//1352 822//1352
f 817//1353 822//1353 818//1353
f 823//1354 824//1354 820//1354
f 820//1355 824//1355 825//1355
f 820//1356 825//1356 821//1356
f 826//1357 827//1357 823//1357
f 823//1358 827//1358 828//1358
f 823//1359 828//1359 824//1359
f 820//1360 829//1360 823//1360
f 823//1361 829//1361 830//1361
f 823//1362 830//1362 826//1362
f 826//1363 830//1363 831//1363
f 826//1364 831//1364 832//1364
f 809//1365 808//1365 833//1365
f 833//1366 808//1366 834//1366
f 833//1367 834//1367 835//1367
f 805//1368 793//1368 813//1368
f 813//1369 793//1369 792//1369
f 813//1370 792//1370 836//1370
f 836//1371 792//1371 837//1371
f 836//1372 837//1372 838//1372
f 838//1373 837//1373 839//1373
f 838//1374 839//1374 834//1374
f 834//1375 839//1375 840//1375
f 834//1376 840//1376 835//1376
f 807//1377 829//1377 808//1377
f 808//1378 829//1378 820//1378
f 808//1379 820//1379 834//1379
f 834//1380 820//1380 817//1380
f 834//1381 817//1381 838//1381
f 838//1382 817//1382 814//1382
f 838//1383 814//1383 836//1383
f 836//1384 814//1384 812//1384
f 836//1385 812//1385 813//1385
f 813//1386 812//1386 811//1386
f 813//1387 811//1387 804//1387
f 804//1388 811//1388 810//1388
f 804//1389 810//1389 806//1389
f 841//1390 842//1390 843//1390
f 801//1391 800//1391 841//1391
f 841//1392 843//1392 801//1392
f 801//1393 843//1393 795//1393
f 801//1393 795//1393 788//1393
f 796//1394 795//1394 844//1394
f 844//1395 795//1395 843//1395
f 844//1396 843//1396 845//1396
f 845//1397 843//1397 842//1397
f 845//1398 842//1398 846//1398
f 847//1399 848//1399 849//1399
f 850//1400 851//1400 852//1400
f 853//1401 854//1401 855//1401
f 854//1402 853//1402 856//1402
f 856//1403 853//1403 857//1403
f 856//1404 857//1404 858//1404
f 858//1405 857//1405 859//1405
f 859//1406 857//1406 860//1406
f 859//1407 860//1407 861//1407
f 861//1408 860//1408 862//1408
f 862//1409 860//1409 863//1409
f 862//1410 863//1410 864//1410
f 864//1411 863//1411 865//1411
f 864//1412 865//1412 866//1412
f 866//1413 865//1413 867//1413
f 867//1414 865//1414 868//1414
f 867//1415 868//1415 869//1415
f 869//1416 868//1416 870//1416
f 870//1417 868//1417 845//1417
f 870//1418 845//1418 846//1418
f 796//1419 844//1419 797//1419
f 797//1420 844//1420 871//1420
f 797//1421 871//1421 798//1421
f 798//1422 871//1422 872//1422
f 798//1423 872//1423 873//1423
f 873//1424 872//1424 874//1424
f 873//1425 874//1425 875//1425
f 849//1426 848//1426 874//1426
f 874//1427 848//1427 876//1427
f 874//1428 876//1428 875//1428
f 877//1429 878//1429 879//1429
f 879//1430 880//1430 877//1430
f 877//1431 880//1431 881//1431
f 877//1432 881//1432 849//1432
f 849//1433 881//1433 882//1433
f 849//1434 882//1434 847//1434
f 844//1435 845//1435 871//1435
f 871//1436 845//1436 868//1436
f 871//1437 868//1437 872//1437
f 872//1438 868//1438 865//1438
f 872//1439 865//1439 874//1439
f 874//1440 865//1440 863//1440
f 874//1441 863//1441 849//1441
f 849//1442 863//1442 860//1442
f 849//1443 860//1443 877//1443
f 877//1444 860//1444 857//1444
f 877//1445 857//1445 878//1445
f 878//1446 857//1446 853//1446
f 878//1447 853//1447 851//1447
f 851//1448 853//1448 855//1448
f 851//1449 855//1449 852//1449
f 883//1450 884//1450 885//1450
f 886//1451 887//1451 888//1451
f 888//1452 887//1452 889//1452
f 888//1453 889//1453 890//1453
f 890//1454 889//1454 891//1454
f 890//1455 891//1455 892//1455
f 892//1456 891//1456 893//1456
f 892//1457 893//1457 894//1457
f 894//1458 893//1458 895//1458
f 896//1459 897//1459 898//1459
f 898//1460 897//1460 899//1460
f 898//1461 899//1461 895//1461
f 895//1462 899//1462 900//1462
f 895//1463 900//1463 894//1463
f 898//1464 901//1464 896//1464
f 896//1465 901//1465 902//1465
f 896//1466 902//1466 903//1466
f 903//1467 902//1467 904//1467
f 903//1468 904//1468 905//1468
f 906//1469 907//1469 908//1469
f 908//1470 907//1470 909//1470
f 908//1471 909//1471 910//1471
f 910//1472 909//1472 911//1472
f 910//1473 911//1473 912//1473
f 912//1474 911//1474 913//1474
f 912//1475 913//1475 914//1475
f 914//1476 913//1476 915//1476
f 914//1477 915//1477 916//1477
f 916//1478 915//1478 917//1478
f 916//1479 917//1479 918//1479
f 918//1480 917//1480 919//1480
f 918//1481 919//1481 885//1481
f 885//1482 919//1482 920//1482
f 885//1483 920//1483 883//1483
f 883//1484 920//1484 921//1484
f 884//1485 904//1485 885//1485
f 885//1486 904//1486 902//1486
f 885//1487 902//1487 918//1487
f 918//1488 902//1488 901//1488
f 918//1489 901//1489 916//1489
f 916//1490 901//1490 898//1490
f 916//1491 898//1491 914//1491
f 914//1492 898//1492 895//1492
f 914//1493 895//1493 912//1493
f 912//1494 895//1494 893//1494
f 912//1495 893//1495 910//1495
f 910//1496 893//1496 891//1496
f 910//1497 891//1497 908//1497
f 908//1498 891//1498 889//1498
f 908//1499 889//1499 906//1499
f 906//1500 889//1500 887//1500
f 826//1501 922//1501 827//1501
f 827//1502 922//1502 923//1502
f 822//1503 821//1503 924//1503
f 822//1504 924//1504 818//1504
f 818//1505 924//1505 925//1505
f 818//1506 925//1506 819//1506
f 926//1507 825//1507 927//1507
f 927//1508 825//1508 824//1508
f 927//1509 824//1509 923//1509
f 923//1510 824//1510 828//1510
f 923//1511 828//1511 827//1511
f 928//1512 806//1512 929//1512
f 928//1513 929//1513 930//1513
f 930//1514 929//1514 931//1514
f 930//1515 931//1515 932//1515
f 933//1516 934//1516 935//1516
f 935//1517 934//1517 936//1517
f 935//1518 936//1518 937//1518
f 937//1519 936//1519 938//1519
f 937//1520 938//1520 939//1520
f 897//1521 896//1521 940//1521
f 940//1522 896//1522 903//1522
f 897//1523 941//1523 899//1523
f 899//1524 941//1524 900//1524
f 900//1525 942//1525 894//1525
f 894//1526 942//1526 926//1526
f 894//1527 926//1527 892//1527
f 926//1528 927//1528 892//1528
f 892//1529 927//1529 923//1529
f 892//1530 923//1530 890//1530
f 890//1531 923//1531 922//1531
f 890//1532 922//1532 888//1532
f 900//1533 941//1533 942//1533
f 942//1534 941//1534 924//1534
f 942//1535 924//1535 926//1535
f 926//1536 924//1536 821//1536
f 926//1537 821//1537 825//1537
f 897//1538 940//1538 941//1538
f 941//1539 940//1539 943//1539
f 941//1540 943//1540 924//1540
f 924//1541 943//1541 944//1541
f 924//1542 944//1542 925//1542
f 925//1543 944//1543 815//1543
f 925//1544 815//1544 819//1544
f 933//1545 930//1545 934//1545
f 934//1546 930//1546 932//1546
f 934//1547 932//1547 936//1547
f 936//1548 932//1548 945//1548
f 936//1549 945//1549 938//1549
f 938//1550 945//1550 946//1550
f 806//1551 810//1551 929//1551
f 929//1552 810//1552 816//1552
f 929//1553 816//1553 931//1553
f 931//1554 816//1554 815//1554
f 931//1555 815//1555 932//1555
f 932//1556 815//1556 944//1556
f 932//1557 944//1557 945//1557
f 945//1558 944//1558 943//1558
f 945//1559 943//1559 946//1559
f 946//1560 943//1560 940//1560
f 946//1561 940//1561 938//1561
f 938//1562 940//1562 903//1562
f 938//1563 903//1563 939//1563
f 939//1564 903//1564 905//1564
f 826//1565 832//1565 922//1565
f 922//1566 832//1566 947//1566
f 922//1567 947//1567 888//1567
f 888//1568 947//1568 886//1568
f 948//1569 949//1569 950//1569
f 928//1570 951//1570 806//1570
f 806//1571 951//1571 952//1571
f 806//1572 952//1572 799//1572
f 799//1573 952//1573 953//1573
f 799//1574 953//1574 800//1574
f 954//1575 842//1575 953//1575
f 953//1576 842//1576 841//1576
f 953//1577 841//1577 800//1577
f 950//1578 955//1578 956//1578
f 950//1579 949//1579 955//1579
f 955//1580 949//1580 957//1580
f 955//1581 957//1581 958//1581
f 959//1582 960//1582 961//1582
f 961//1583 960//1583 962//1583
f 961//1584 962//1584 950//1584
f 950//1585 962//1585 963//1585
f 950//1586 963//1586 948//1586
f 846//1587 842//1587 956//1587
f 956//1588 842//1588 954//1588
f 956//1589 954//1589 950//1589
f 950//1590 954//1590 953//1590
f 950//1591 953//1591 961//1591
f 961//1592 953//1592 952//1592
f 961//1593 952//1593 959//1593
f 959//1594 952//1594 951//1594
f 959//1595 951//1595 964//1595
f 964//1596 951//1596 928//1596
f 965//1597 966//1597 967//1597
f 968//1598 969//1598 970//1598
f 971//1599 972//1599 973//1599
f 974//1600 975//1600 973//1600
f 976//1601 977//1601 978//1601
f 979//1602 980//1602 978//1602
f 978//1603 980//1603 981//1603
f 978//1604 981//1604 976//1604
f 966//1605 982//1605 967//1605
f 967//1606 982//1606 983//1606
f 967//1607 983//1607 984//1607
f 985//1608 986//1608 987//1608
f 988//1609 989//1609 985//1609
f 985//1610 989//1610 990//1610
f 985//1611 990//1611 986//1611
f 973//1612 975//1612 985//1612
f 985//1613 975//1613 991//1613
f 985//1614 991//1614 988//1614
f 974//1615 973//1615 958//1615
f 958//1616 973//1616 972//1616
f 958//1617 972//1617 955//1617
f 955//1618 972//1618 971//1618
f 955//1619 971//1619 956//1619
f 976//1620 992//1620 977//1620
f 977//1621 992//1621 993//1621
f 977//1622 993//1622 994//1622
f 995//1623 978//1623 996//1623
f 996//1624 978//1624 977//1624
f 996//1625 977//1625 997//1625
f 997//1626 977//1626 994//1626
f 998//1627 970//1627 967//1627
f 967//1628 970//1628 969//1628
f 967//1629 969//1629 965//1629
f 965//1630 969//1630 968//1630
f 965//1631 968//1631 999//1631
f 999//1632 968//1632 1000//1632
f 999//1633 1000//1633 1001//1633
f 996//1634 998//1634 995//1634
f 995//1635 998//1635 967//1635
f 995//1636 967//1636 978//1636
f 978//1637 967//1637 984//1637
f 978//1638 984//1638 979//1638
f 979//1639 984//1639 983//1639
f 1001//1640 971//1640 999//1640
f 999//1641 971//1641 973//1641
f 999//1642 973//1642 965//1642
f 965//1643 973//1643 985//1643
f 965//1644 985//1644 966//1644
f 966//1645 985//1645 987//1645
f 966//1646 987//1646 982//1646
f 1002//1647 862//1647 864//1647
f 993//1648 1003//1648 994//1648
f 994//1649 1003//1649 1004//1649
f 866//1650 1000//1650 864//1650
f 864//1651 1000//1651 968//1651
f 864//1652 968//1652 1002//1652
f 1002//1653 968//1653 970//1653
f 1002//1654 970//1654 1005//1654
f 1005//1655 970//1655 998//1655
f 1005//1656 998//1656 1006//1656
f 1006//1657 998//1657 996//1657
f 1006//1658 996//1658 1004//1658
f 1004//1659 996//1659 997//1659
f 1004//1660 997//1660 994//1660
f 867//1661 971//1661 866//1661
f 866//1662 971//1662 1001//1662
f 866//1663 1001//1663 1000//1663
f 846//1664 956//1664 870//1664
f 870//1665 956//1665 971//1665
f 870//1666 971//1666 869//1666
f 869//1667 971//1667 867//1667
f 862//1668 1002//1668 861//1668
f 861//1669 1002//1669 1005//1669
f 861//1670 1005//1670 859//1670
f 859//1671 1005//1671 858//1671
f 858//1672 1005//1672 1006//1672
f 858//1673 1006//1673 856//1673
f 856//1674 1006//1674 1004//1674
f 856//1675 1004//1675 854//1675
f 854//1676 1004//1676 1003//1676
f 854//1677 1003//1677 855//1677
f 852//1678 855//1678 1003//1678
f 850//1679 852//1679 1007//1679
f 1007//1680 852//1680 1003//1680
f 1007//1681 1003//1681 1008//1681
f 1008//1682 1003//1682 993//1682
f 1008//1683 993//1683 1009//1683
f 1009//1684 993//1684 992//1684
f 981//1685 980//1685 1010//1685
f 1011//1686 1012//1686 1013//1686
f 1014//1687 1015//1687 1010//1687
f 1016//1688 1017//1688 1018//1688
f 1018//1689 1017//1689 1019//1689
f 1018//1690 1019//1690 1020//1690
f 1020//1691 1019//1691 1021//1691
f 1020//1692 1021//1692 1022//1692
f 1023//1693 1024//1693 1025//1693
f 1025//1694 1024//1694 1026//1694
f 1027//1695 1028//1695 1023//1695
f 1023//1696 1028//1696 1029//1696
f 1023//1697 1029//1697 1024//1697
f 1030//1698 1031//1698 1032//1698
f 1030//1699 1032//1699 1033//1699
f 1033//1700 1032//1700 1034//1700
f 1033//1701 1034//1701 1027//1701
f 1027//1702 1034//1702 1035//1702
f 1027//1703 1035//1703 1028//1703
f 1011//1704 1013//1704 989//1704
f 989//1705 1013//1705 990//1705
f 990//1706 1013//1706 1036//1706
f 990//1707 1036//1707 986//1707
f 986//1708 1036//1708 1037//1708
f 986//1709 1037//1709 987//1709
f 987//1710 1037//1710 1038//1710
f 987//1711 1038//1711 982//1711
f 1038//1712 1039//1712 982//1712
f 982//1713 1039//1713 1040//1713
f 982//1714 1040//1714 983//1714
f 983//1715 1040//1715 979//1715
f 981//1716 1010//1716 976//1716
f 1015//1717 1016//1717 1010//1717
f 1010//1718 1016//1718 1018//1718
f 1010//1719 1018//1719 976//1719
f 976//1720 1018//1720 1020//1720
f 976//1721 1020//1721 992//1721
f 992//1722 1020//1722 1022//1722
f 992//1723 1022//1723 1009//1723
f 1041//1724 1042//1724 1043//1724
f 1043//1725 1042//1725 1044//1725
f 1043//1726 1044//1726 1010//1726
f 1010//1727 1044//1727 1045//1727
f 1010//1728 1045//1728 1014//1728
f 1012//1729 1046//1729 1013//1729
f 1013//1730 1046//1730 1047//1730
f 1013//1731 1047//1731 1036//1731
f 1036//1732 1047//1732 1048//1732
f 1036//1733 1048//1733 1037//1733
f 1037//1734 1048//1734 1049//1734
f 1037//1735 1049//1735 1038//1735
f 1038//1736 1049//1736 1041//1736
f 1038//1737 1041//1737 1039//1737
f 1039//1738 1041//1738 1043//1738
f 1039//1739 1043//1739 1040//1739
f 1040//1740 1043//1740 1010//1740
f 1040//1741 1010//1741 979//1741
f 979//1742 1010//1742 980//1742
f 1046//1743 1030//1743 1047//1743
f 1047//1744 1030//1744 1033//1744
f 1047//1745 1033//1745 1048//1745
f 1048//1746 1033//1746 1027//1746
f 1048//1747 1027//1747 1049//1747
f 1049//1748 1027//1748 1023//1748
f 1049//1749 1023//1749 1041//1749
f 1041//1750 1023//1750 1025//1750
f 1041//1751 1025//1751 1042//1751
f 1042//1752 1025//1752 1026//1752
f 1042//1753 1026//1753 1044//1753
f 1044//1754 1026//1754 1050//1754
f 1044//1755 1050//1755 1045//1755
f 1263//2279 1264//2279 1265//2279
f 1266//2280 1267//2280 1268//2280
f 1269//2281 1270//2281 1271//2281
f 1272//2282 1273//2282 1274//2282
f 1275//2283 1276//2283 1277//2283
f 1265//2284 1278//2284 1276//2284
f 1265//2285 1264//2285 1278//2285
f 1278//2286 1264//2286 1279//2286
f 1278//2287 1279//2287 1280//2287
f 1263//2288 1265//2288 1281//2288
f 1281//2289 1265//2289 1282//2289
f 1281//2290 1282//2290 1283//2290
f 1284//2291 1285//2291 1286//2291
f 1286//2292 1287//2292 1284//2292
f 1284//2293 1287//2293 1288//2293
f 1284//2294 1288//2294 1282//2294
f 1282//2295 1288//2295 1289//2295
f 1282//2296 1289//2296 1283//2296
f 1290//2297 1291//2297 1292//2297
f 1292//2298 1291//2298 1293//2298
f 1292//2299 1293//2299 1285//2299
f 1285//2300 1293//2300 1294//2300
f 1285//2301 1294//2301 1286//2301
f 1290//2302 1292//2302 1295//2302
f 1295//2303 1292//2303 1296//2303
f 1295//2304 1296//2304 1297//2304
f 1298//2305 1299//2305 1300//2305
f 1300//2306 1299//2306 1301//2306
f 1300//2307 1301//2307 1302//2307
f 1302//2308 1301//2308 1303//2308
f 1302//2309 1303//2309 1296//2309
f 1296//2310 1303//2310 1304//2310
f 1296//2311 1304//2311 1297//2311
f 1268//2312 1267//2312 1300//2312
f 1300//2313 1267//2313 1305//2313
f 1300//2314 1305//2314 1298//2314
f 1276//2315 1275//2315 1265//2315
f 1265//2316 1275//2316 1306//2316
f 1265//2316 1306//2316 1282//2316
f 1282//2317 1306//2317 1307//2317
f 1282//2317 1307//2317 1284//2317
f 1284//2318 1307//2318 1308//2318
f 1284//2318 1308//2318 1285//2318
f 1285//2319 1308//2319 1309//2319
f 1285//2319 1309//2319 1292//2319
f 1292//2320 1309//2320 1310//2320
f 1292//2320 1310//2320 1296//2320
f 1296//2321 1310//2321 1311//2321
f 1296//2321 1311//2321 1302//2321
f 1302//2322 1311//2322 1312//2322
f 1302//2322 1312//2322 1300//2322
f 1300//2323 1312//2323 1269//2323
f 1300//2323 1269//2323 1268//2323
f 1268//2324 1269//2324 1271//2324
f 1268//2325 1271//2325 1266//2325
f 1277//2326 1313//2326 1275//2326
f 1275//2327 1313//2327 1314//2327
f 1275//2327 1314//2327 1306//2327
f 1306//2328 1314//2328 1315//2328
f 1306//2328 1315//2328 1307//2328
f 1307//2329 1315//2329 1316//2329
f 1307//2329 1316//2329 1308//2329
f 1308//2330 1316//2330 1317//2330
f 1308//2330 1317//2330 1309//2330
f 1309//2331 1317//2331 1318//2331
f 1309//2331 1318//2331 1310//2331
f 1310//2332 1318//2332 1319//2332
f 1310//2332 1319//2332 1311//2332
f 1311//2333 1319//2333 1320//2333
f 1311//2333 1320//2333 1312//2333
f 1312//2334 1320//2334 1272//2334
f 1312//2334 1272//2334 1269//2334
f 1269//2335 1272//2335 1274//2335
f 1269//2336 1274//2336 1270//2336
f 1321//2337 1322//2337 1323//2337
f 1324//2338 1325//2338 1326//2338
f 1327//2339 1266//2339 1328//2339
f 1328//2340 1266//2340 1271//2340
f 1327//2341 1328//2341 1329//2341
f 1329//2342 1328//2342 1330//2342
f 1329//2343 1330//2343 1331//2343
f 1331//2344 1330//2344 1332//2344
f 1332//2345 1330//2345 1333//2345
f 1332//2346 1333//2346 1334//2346
f 1335//2347 1336//2347 1337//2347
f 1337//2348 1336//2348 1338//2348
f 1337//2349 1338//2349 1333//2349
f 1333//2350 1338//2350 1339//2350
f 1333//2351 1339//2351 1334//2351
f 1340//2352 1341//2352 1342//2352
f 1342//2353 1341//2353 1343//2353
f 1342//2354 1343//2354 1344//2354
f 1344//2355 1343//2355 1345//2355
f 1344//2356 1345//2356 1337//2356
f 1337//2357 1345//2357 1346//2357
f 1337//2358 1346//2358 1335//2358
f 1340//2359 1342//2359 1347//2359
f 1347//2360 1342//2360 1348//2360
f 1347//2361 1348//2361 1349//2361
f 1326//2362 1325//2362 1348//2362
f 1348//2363 1325//2363 1350//2363
f 1348//2364 1350//2364 1349//2364
f 1324//2365 1326//2365 1351//2365
f 1351//2366 1326//2366 1352//2366
f 1351//2367 1352//2367 1353//2367
f 1353//2368 1352//2368 1354//2368
f 1353//2369 1354//2369 1355//2369
f 1356//2370 1357//2370 1321//2370
f 1358//2371 1270//2371 1274//2371
f 1321//2372 1323//2372 1356//2372
f 1356//2373 1323//2373 1359//2373
f 1356//2373 1359//2373 1360//2373
f 1360//2374 1359//2374 1361//2374
f 1360//2374 1361//2374 1362//2374
f 1362//2375 1361//2375 1363//2375
f 1362//2375 1363//2375 1364//2375
f 1364//2376 1363//2376 1365//2376
f 1364//2376 1365//2376 1366//2376
f 1366//2377 1365//2377 1367//2377
f 1366//2377 1367//2377 1368//2377
f 1368//2378 1367//2378 1369//2378
f 1368//2378 1369//2378 1370//2378
f 1370//2379 1369//2379 1371//2379
f 1370//2379 1371//2379 1372//2379
f 1372//2380 1371//2380 1358//2380
f 1372//2380 1358//2380 1373//2380
f 1373//2381 1358//2381 1274//2381
f 1373//2382 1274//2382 1273//2382
f 1271//2383 1270//2383 1328//2383
f 1328//2384 1270//2384 1358//2384
f 1328//2385 1358//2385 1330//2385
f 1330//2386 1358//2386 1371//2386
f 1330//2387 1371//2387 1333//2387
f 1333//2387 1371//2387 1369//2387
f 1333//2388 1369//2388 1337//2388
f 1337//2388 1369//2388 1367//2388
f 1337//2389 1367//2389 1344//2389
f 1344//2389 1367//2389 1365//2389
f 1344//2390 1365//2390 1342//2390
f 1342//2390 1365//2390 1363//2390
f 1342//2391 1363//2391 1348//2391
f 1348//2391 1363//2391 1361//2391
f 1348//2392 1361//2392 1326//2392
f 1326//2392 1361//2392 1359//2392
f 1326//2393 1359//2393 1352//2393
f 1352//2393 1359//2393 1323//2393
f 1352//2394 1323//2394 1354//2394
f 1354//2395 1323//2395 1322//2395
f 1374//2396 1375//2396 1376//2396
f 1377//2397 1378//2397 1379//2397
f 1380//2398 1381//2398 1382//2398
f 1383//2399 1384//2399 1385//2399
f 1386//2400 1387//2400 1388//2400
f 1389//2401 1390//2401 1391//2401
f 1392//2402 1393//2402 1394//2402
f 1395//2403 1396//2403 1397//2403
f 1397//2404 1396//2404 1398//2404
f 1397//2405 1398//2405 1399//2405
f 1399//2406 1398//2406 1392//2406
f 1399//2407 1392//2407 1400//2407
f 1400//2408 1392//2408 1394//2408
f 1389//2409 1391//2409 1401//2409
f 1391//2410 1402//2410 1401//2410
f 1401//2411 1402//2411 1403//2411
f 1401//2412 1403//2412 1404//2412
f 1404//2413 1403//2413 1405//2413
f 1404//2414 1405//2414 1406//2414
f 1407//2415 1408//2415 1409//2415
f 1409//2416 1408//2416 1410//2416
f 1409//2417 1410//2417 1405//2417
f 1405//2418 1410//2418 1411//2418
f 1405//2419 1411//2419 1406//2419
f 1412//2420 1413//2420 1414//2420
f 1414//2421 1413//2421 1415//2421
f 1414//2422 1415//2422 1416//2422
f 1416//2423 1415//2423 1407//2423
f 1416//2424 1407//2424 1417//2424
f 1417//2425 1407//2425 1409//2425
f 1387//2426 1418//2426 1412//2426
f 1412//2427 1418//2427 1419//2427
f 1412//2428 1419//2428 1413//2428
f 1386//2429 1388//2429 1420//2429
f 1384//2430 1421//2430 1422//2430
f 1383//2431 1385//2431 1423//2431
f 1424//2432 1425//2432 1426//2432
f 1426//2433 1425//2433 1427//2433
f 1426//2434 1427//2434 1428//2434
f 1428//2435 1427//2435 1429//2435
f 1427//2436 1430//2436 1429//2436
f 1429//2437 1430//2437 1431//2437
f 1429//2438 1431//2438 1432//2438
f 1432//2439 1431//2439 1433//2439
f 1432//2440 1433//2440 1434//2440
f 1434//2441 1433//2441 1435//2441
f 1434//2442 1435//2442 1436//2442
f 1381//2443 1380//2443 1437//2443
f 1380//2444 1438//2444 1437//2444
f 1437//2445 1438//2445 1439//2445
f 1437//2446 1439//2446 1435//2446
f 1435//2447 1439//2447 1440//2447
f 1435//2448 1440//2448 1436//2448
f 1441//2449 1442//2449 1382//2449
f 1382//2450 1442//2450 1443//2450
f 1382//2451 1443//2451 1380//2451
f 1382//2452 1444//2452 1441//2452
f 1441//2453 1444//2453 1445//2453
f 1441//2454 1445//2454 1446//2454
f 1447//2455 1445//2455 1448//2455
f 1448//2456 1445//2456 1444//2456
f 1448//2457 1444//2457 1449//2457
f 1449//2458 1444//2458 1382//2458
f 1435//2459 1450//2459 1437//2459
f 1437//2460 1450//2460 1451//2460
f 1437//2461 1451//2461 1381//2461
f 1381//2462 1451//2462 1452//2462
f 1381//2463 1452//2463 1382//2463
f 1382//2464 1452//2464 1453//2464
f 1382//2465 1453//2465 1449//2465
f 1431//2466 1454//2466 1433//2466
f 1433//2467 1454//2467 1455//2467
f 1433//2468 1455//2468 1435//2468
f 1435//2469 1455//2469 1456//2469
f 1435//2470 1456//2470 1450//2470
f 1379//2471 1378//2471 1457//2471
f 1378//2472 1458//2472 1457//2472
f 1457//2473 1458//2473 1459//2473
f 1457//2474 1459//2474 1425//2474
f 1425//2475 1459//2475 1460//2475
f 1425//2476 1460//2476 1427//2476
f 1427//2477 1460//2477 1461//2477
f 1427//2478 1461//2478 1430//2478
f 1430//2479 1461//2479 1462//2479
f 1430//2480 1462//2480 1431//2480
f 1431//2481 1462//2481 1463//2481
f 1431//2482 1463//2482 1454//2482
f 1464//2483 1377//2483 1385//2483
f 1385//2484 1377//2484 1379//2484
f 1385//2485 1379//2485 1423//2485
f 1423//2486 1379//2486 1457//2486
f 1423//2487 1457//2487 1465//2487
f 1465//2488 1457//2488 1425//2488
f 1465//2489 1425//2489 1466//2489
f 1466//2490 1425//2490 1424//2490
f 1384//2491 1422//2491 1385//2491
f 1385//2492 1422//2492 1467//2492
f 1385//2493 1467//2493 1464//2493
f 1376//2494 1375//2494 1468//2494
f 1375//2495 1469//2495 1468//2495
f 1468//2496 1469//2496 1470//2496
f 1468//2497 1470//2497 1471//2497
f 1471//2498 1470//2498 1472//2498
f 1471//2499 1472//2499 1422//2499
f 1422//2500 1472//2500 1473//2500
f 1422//2501 1473//2501 1467//2501
f 1474//2502 1374//2502 1388//2502
f 1388//2503 1374//2503 1376//2503
f 1388//2504 1376//2504 1420//2504
f 1420//2505 1376//2505 1468//2505
f 1420//2506 1468//2506 1475//2506
f 1475//2507 1468//2507 1471//2507
f 1475//2508 1471//2508 1476//2508
f 1476//2509 1471//2509 1422//2509
f 1476//2510 1422//2510 1477//2510
f 1477//2511 1422//2511 1421//2511
f 1387//2512 1412//2512 1388//2512
f 1388//2513 1412//2513 1478//2513
f 1388//2514 1478//2514 1474//2514
f 1417//2515 1479//2515 1416//2515
f 1416//2516 1479//2516 1480//2516
f 1416//2517 1480//2517 1414//2517
f 1414//2518 1480//2518 1481//2518
f 1414//2519 1481//2519 1412//2519
f 1412//2520 1481//2520 1482//2520
f 1412//2521 1482//2521 1478//2521
f 1405//2522 1483//2522 1409//2522
f 1409//2523 1483//2523 1484//2523
f 1409//2524 1484//2524 1417//2524
f 1417//2525 1484//2525 1485//2525
f 1417//2526 1485//2526 1479//2526
f 1486//2527 1391//2527 1397//2527
f 1397//2528 1391//2528 1390//2528
f 1397//2529 1390//2529 1395//2529
f 1486//2530 1487//2530 1391//2530
f 1391//2531 1487//2531 1488//2531
f 1391//2532 1488//2532 1402//2532
f 1402//2533 1488//2533 1489//2533
f 1402//2534 1489//2534 1403//2534
f 1403//2535 1489//2535 1490//2535
f 1403//2536 1490//2536 1405//2536
f 1405//2537 1490//2537 1491//2537
f 1405//2538 1491//2538 1483//2538
f 1400//2539 1492//2539 1399//2539
f 1399//2540 1492//2540 1493//2540
f 1399//2541 1493//2541 1397//2541
f 1397//2542 1493//2542 1494//2542
f 1397//2543 1494//2543 1486//2543
f 1407//2544 1340//2544 1408//2544
f 1442//2545 1441//2545 1495//2545
f 1495//2546 1441//2546 1446//2546
f 1495//2547 1446//2547 1496//2547
f 1495//2548 1497//2548 1442//2548
f 1442//2549 1497//2549 1280//2549
f 1442//2550 1280//2550 1443//2550
f 1443//2551 1280//2551 1279//2551
f 1443//2552 1279//2552 1380//2552
f 1380//2553 1279//2553 1438//2553
f 1279//2554 1264//2554 1438//2554
f 1438//2555 1264//2555 1263//2555
f 1438//2556 1263//2556 1439//2556
f 1439//2557 1263//2557 1281//2557
f 1439//2558 1281//2558 1440//2558
f 1281//2559 1283//2559 1440//2559
f 1440//2560 1283//2560 1289//2560
f 1440//2561 1289//2561 1436//2561
f 1436//2562 1289//2562 1288//2562
f 1436//2563 1288//2563 1434//2563
f 1434//2564 1288//2564 1287//2564
f 1434//2565 1287//2565 1432//2565
f 1432//2566 1287//2566 1286//2566
f 1286//2567 1294//2567 1432//2567
f 1432//2568 1294//2568 1293//2568
f 1432//2569 1293//2569 1429//2569
f 1295//2570 1466//2570 1290//2570
f 1290//2571 1466//2571 1424//2571
f 1290//2572 1424//2572 1291//2572
f 1291//2573 1424//2573 1426//2573
f 1291//2574 1426//2574 1293//2574
f 1293//2575 1426//2575 1428//2575
f 1293//2576 1428//2576 1429//2576
f 1301//2577 1423//2577 1303//2577
f 1303//2578 1423//2578 1465//2578
f 1303//2579 1465//2579 1304//2579
f 1304//2580 1465//2580 1466//2580
f 1304//2581 1466//2581 1297//2581
f 1297//2582 1466//2582 1295//2582
f 1298//2583 1421//2583 1299//2583
f 1299//2584 1421//2584 1384//2584
f 1299//2585 1384//2585 1301//2585
f 1301//2586 1384//2586 1383//2586
f 1301//2587 1383//2587 1423//2587
f 1298//2588 1305//2588 1421//2588
f 1421//2589 1305//2589 1267//2589
f 1421//2590 1267//2590 1477//2590
f 1477//2591 1267//2591 1266//2591
f 1477//2592 1266//2592 1476//2592
f 1266//2593 1327//2593 1476//2593
f 1476//2594 1327//2594 1329//2594
f 1476//2595 1329//2595 1475//2595
f 1475//2596 1329//2596 1420//2596
f 1420//2597 1329//2597 1331//2597
f 1420//2598 1331//2598 1386//2598
f 1386//2599 1331//2599 1332//2599
f 1386//2600 1332//2600 1387//2600
f 1332//2601 1334//2601 1387//2601
f 1387//2602 1334//2602 1339//2602
f 1387//2603 1339//2603 1418//2603
f 1418//2604 1339//2604 1338//2604
f 1418//2605 1338//2605 1419//2605
f 1419//2606 1338//2606 1336//2606
f 1419//2607 1336//2607 1413//2607
f 1413//2608 1336//2608 1335//2608
f 1335//2609 1346//2609 1413//2609
f 1413//2610 1346//2610 1345//2610
f 1413//2611 1345//2611 1415//2611
f 1415//2612 1345//2612 1343//2612
f 1415//2613 1343//2613 1407//2613
f 1407//2614 1343//2614 1341//2614
f 1407//2615 1341//2615 1340//2615
f 1408//2616 1340//2616 1410//2616
f 1410//2617 1340//2617 1347//2617
f 1410//2618 1347//2618 1411//2618
f 1411//2619 1347//2619 1349//2619
f 1411//2620 1349//2620 1406//2620
f 1349//2621 1350//2621 1406//2621
f 1406//2622 1350//2622 1325//2622
f 1406//2623 1325//2623 1404//2623
f 1404//2624 1325//2624 1324//2624
f 1404//2625 1324//2625 1401//2625
f 1401//2626 1324//2626 1351//2626
f 1401//2627 1351//2627 1389//2627
f 1389//2628 1351//2628 1353//2628
f 1389//2629 1353//2629 1390//2629
f 1390//2630 1353//2630 1355//2630
f 1390//2631 1355//2631 1395//2631
f 1395//2632 1355//2632 1396//2632
f 1396//2633 1355//2633 1498//2633
f 1396//2634 1498//2634 1398//2634
f 1499//2635 1393//2635 1498//2635
f 1498//2636 1393//2636 1392//2636
f 1498//2636 1392//2636 1398//2636
f 1272//1326 1277//1326 1273//1326
f 1273//1326 1277//1326 1500//1326
f 1273//1326 1500//1326 1501//1326
f 798//1326 1502//1326 1273//1326
f 1502//1326 1503//1326 1273//1326
f 1273//1326 1503//1326 1504//1326
f 1273//1326 1504//1326 1505//1326
f 1505//1326 1506//1326 1273//1326
f 1273//1326 1506//1326 1507//1326
f 1273//1326 1507//1326 1373//1326
f 798//1326 1273//1326 789//1326
f 789//1326 1273//1326 1508//1326
f 789//1326 1508//1326 792//1326
f 1319//1326 1318//1326 1317//1326
f 1272//1326 1316//1326 1315//1326
f 1501//1326 1509//1326 1273//1326
f 1273//1326 1509//1326 1510//1326
f 1273//1326 1510//1326 1511//1326
f 1316//1326 1272//1326 1317//1326
f 1317//1326 1272//1326 1320//1326
f 1317//1326 1320//1326 1319//1326
f 1315//1326 1314//1326 1272//1326
f 1272//1326 1314//1326 1313//1326
f 1272//1326 1313//1326 1277//1326
f 1511//1326 1512//1326 1273//1326
f 1273//1326 1512//1326 1513//1326
f 1273//1326 1513//1326 1508//1326
f 1507//1326 1514//1326 1373//1326
f 1373//1326 1514//1326 1515//1326
f 1373//1326 1515//1326 1516//1326
f 1516//1326 1517//1326 1373//1326
f 1373//1326 1517//1326 1357//1326
f 1373//1326 1357//1326 1356//1326
f 1373//1326 1364//1326 1366//1326
f 1356//1326 1360//1326 1373//1326
f 1373//1326 1360//1326 1362//1326
f 1373//1326 1362//1326 1364//1326
f 1368//1326 1370//1326 1366//1326
f 1366//1326 1370//1326 1372//1326
f 1366//1326 1372//1326 1373//1326
f 1500//2637 1277//2637 1276//2637
f 829//2638 1518//2638 1519//2638
f 833//2639 1520//2639 1521//2639
f 792//2640 1508//2640 837//2640
f 837//2641 1508//2641 839//2641
f 839//2642 1508//2642 840//2642
f 840//2643 1508//2643 1513//2643
f 840//2644 1513//2644 835//2644
f 1522//2645 807//2645 1521//2645
f 1521//2646 807//2646 809//2646
f 1521//2647 809//2647 833//2647
f 1523//2648 832//2648 831//2648
f 830//2649 1524//2649 831//2649
f 831//2650 1524//2650 1525//2650
f 831//2648 1525//2648 1523//2648
f 1523//2651 1525//2651 1496//2651
f 1525//2652 1526//2652 1496//2652
f 1496//2653 1526//2653 1527//2653
f 1496//2654 1527//2654 1495//2654
f 1495//2655 1527//2655 1497//2655
f 1497//2656 1527//2656 1278//2656
f 1497//2657 1278//2657 1280//2657
f 1500//2658 1276//2658 1501//2658
f 1501//2659 1276//2659 1528//2659
f 1501//2660 1528//2660 1529//2660
f 833//2661 835//2661 1520//2661
f 1520//2662 835//2662 1513//2662
f 1520//2663 1513//2663 1521//2663
f 1521//2664 1513//2664 1512//2664
f 1521//2665 1512//2665 1522//2665
f 1522//2666 1512//2666 1511//2666
f 1522//2667 1511//2667 1530//2667
f 1530//2668 1511//2668 1510//2668
f 1530//2669 1510//2669 1531//2669
f 1531//2670 1510//2670 1509//2670
f 1531//2671 1509//2671 1532//2671
f 1276//2672 1278//2672 1528//2672
f 1528//2673 1278//2673 1527//2673
f 1528//2674 1527//2674 1529//2674
f 1529//2675 1527//2675 1526//2675
f 1529//2676 1526//2676 1533//2676
f 1533//2677 1526//2677 1525//2677
f 1533//2678 1525//2678 1519//2678
f 1519//2679 1525//2679 1524//2679
f 1519//2680 1524//2680 829//2680
f 829//2681 1524//2681 830//2681
f 1509//2682 1501//2682 1532//2682
f 1532//2683 1501//2683 1529//2683
f 1532//2684 1529//2684 1531//2684
f 1531//2685 1529//2685 1533//2685
f 1531//2686 1533//2686 1530//2686
f 1530//2687 1533//2687 1519//2687
f 1530//2688 1519//2688 1522//2688
f 1522//2689 1519//2689 1518//2689
f 1522//2690 1518//2690 807//2690
f 807//2691 1518//2691 829//2691
f 880//2692 879//2692 1534//2692
f 879//2693 878//2693 1534//2693
f 1534//2694 878//2694 851//2694
f 1534//2695 851//2695 1535//2695
f 848//2696 847//2696 1536//2696
f 1536//2697 847//2697 882//2697
f 1536//2698 882//2698 1537//2698
f 798//1326 873//1326 1502//1326
f 1502//2699 873//2699 875//2699
f 1502//2700 875//2700 1503//2700
f 1503//2701 875//2701 876//2701
f 1503//2702 876//2702 1504//2702
f 876//2703 848//2703 1504//2703
f 1504//2704 848//2704 1536//2704
f 1504//2705 1536//2705 1505//2705
f 1505//2706 1536//2706 1537//2706
f 1505//2707 1537//2707 1506//2707
f 1506//2708 1537//2708 1538//2708
f 1506//2709 1538//2709 1507//2709
f 1507//2710 1538//2710 1514//2710
f 1538//2711 1539//2711 1514//2711
f 1514//2712 1539//2712 1540//2712
f 1514//2713 1540//2713 1515//2713
f 1515//2714 1540//2714 1541//2714
f 1515//2715 1541//2715 1516//2715
f 1516//2716 1541//2716 1542//2716
f 1516//2717 1542//2717 1517//2717
f 1517//2718 1542//2718 1321//2718
f 1517//2719 1321//2719 1357//2719
f 1498//2720 1355//2720 1354//2720
f 851//2721 850//2721 1535//2721
f 1535//2722 850//2722 1543//2722
f 1535//2723 1543//2723 1544//2723
f 1544//2724 1543//2724 1499//2724
f 1544//2725 1499//2725 1545//2725
f 1545//2726 1499//2726 1498//2726
f 1545//2727 1498//2727 1546//2727
f 1546//2728 1498//2728 1354//2728
f 1354//2729 1322//2729 1546//2729
f 1546//2730 1322//2730 1547//2730
f 1546//2731 1547//2731 1545//2731
f 1545//2732 1547//2732 1548//2732
f 1545//2733 1548//2733 1544//2733
f 1544//2734 1548//2734 1549//2734
f 1544//2735 1549//2735 1535//2735
f 1535//2736 1549//2736 1550//2736
f 1535//2737 1550//2737 1534//2737
f 1322//2738 1321//2738 1547//2738
f 1547//2739 1321//2739 1542//2739
f 1547//2740 1542//2740 1548//2740
f 1548//2741 1542//2741 1541//2741
f 1548//2742 1541//2742 1549//2742
f 1549//2743 1541//2743 1540//2743
f 1549//2744 1540//2744 1550//2744
f 1550//2745 1540//2745 1539//2745
f 1550//2746 1539//2746 1534//2746
f 1534//2747 1539//2747 1538//2747
f 1534//2748 1538//2748 880//2748
f 880//2749 1538//2749 1537//2749
f 880//2750 1537//2750 881//2750
f 881//2751 1537//2751 882//2751
f 887//2752 886//2752 1446//2752
f 887//2753 1446//2753 906//2753
f 1446//2754 1445//2754 906//2754
f 906//2755 1445//2755 1447//2755
f 906//2756 1447//2756 907//2756
f 947//2757 832//2757 1523//2757
f 947//2758 1523//2758 886//2758
f 886//2759 1523//2759 1496//2759
f 886//2760 1496//2760 1446//2760
f 1008//2761 1543//2761 1007//2761
f 1007//2762 1543//2762 850//2762
f 1008//2763 1009//2763 1543//2763
f 1543//2764 1009//2764 1393//2764
f 1543//2765 1393//2765 1499//2765
f 1393//2766 1009//2766 1394//2766
f 1394//2767 1009//2767 1022//2767
f 1394//2768 1022//2768 1400//2768
f 1400//2769 1022//2769 1021//2769
f 1400//2770 1021//2770 1492//2770
