<?xml version="1.0" encoding="utf-8"?>
<COLLADA xmlns="http://www.collada.org/2005/11/COLLADASchema" version="1.4.1" xmlns:xsi="http://www.w3.org/2001/XMLSchema-instance">
  <asset>
    <contributor>
      <author>Blender User</author>
      <authoring_tool>Blender 4.5.1 LTS commit date:2025-07-29, commit time:05:31, hash:b0a72b245dcf</authoring_tool>
    </contributor>
    <created>2025-08-12T16:41:34</created>
    <modified>2025-08-12T16:41:34</modified>
    <unit name="meter" meter="1"/>
    <up_axis>Z_UP</up_axis>
  </asset>
  <library_effects>
    <effect id="Material-外壳_001-effect">
      <profile_COMMON>
        <technique sid="common">
          <lambert>
            <emission>
              <color sid="emission">0 0 0 1</color>
            </emission>
            <diffuse>
              <color sid="diffuse">0.988235 0.988235 0.988235 1</color>
            </diffuse>
            <reflectivity>
              <float sid="specular">0.197605</float>
            </reflectivity>
            <index_of_refraction>
              <float sid="ior">1.45</float>
            </index_of_refraction>
          </lambert>
        </technique>
      </profile_COMMON>
    </effect>
    <effect id="Material-橡胶_001-effect">
      <profile_COMMON>
        <technique sid="common">
          <lambert>
            <emission>
              <color sid="emission">0 0 0 1</color>
            </emission>
            <diffuse>
              <color sid="diffuse">0 0 0 1</color>
            </diffuse>
            <reflectivity>
              <float sid="specular">0.322857</float>
            </reflectivity>
            <index_of_refraction>
              <float sid="ior">1.45</float>
            </index_of_refraction>
          </lambert>
        </technique>
      </profile_COMMON>
    </effect>
    <effect id="Material-塑胶_001-effect">
      <profile_COMMON>
        <technique sid="common">
          <lambert>
            <emission>
              <color sid="emission">0 0 0 1</color>
            </emission>
            <diffuse>
              <color sid="diffuse">0 0.2 0.635294 1</color>
            </diffuse>
            <index_of_refraction>
              <float sid="ior">1.45</float>
            </index_of_refraction>
          </lambert>
        </technique>
      </profile_COMMON>
    </effect>
    <effect id="metal-effect">
      <profile_COMMON>
        <technique sid="common">
          <lambert>
            <emission>
              <color sid="emission">0 0 0 1</color>
            </emission>
            <diffuse>
              <color sid="diffuse">0.6 0.6 0.6 1</color>
            </diffuse>
            <reflectivity>
              <float sid="specular">0.5</float>
            </reflectivity>
            <index_of_refraction>
              <float sid="ior">1.5</float>
            </index_of_refraction>
          </lambert>
        </technique>
      </profile_COMMON>
    </effect>
  </library_effects>
  <library_images/>
  <library_materials>
    <material id="Material-外壳_001-material" name="Material-外壳.001">
      <instance_effect url="#Material-外壳_001-effect"/>
    </material>
    <material id="Material-橡胶_001-material" name="Material-橡胶.001">
      <instance_effect url="#Material-橡胶_001-effect"/>
    </material>
    <material id="Material-塑胶_001-material" name="Material-塑胶.001">
      <instance_effect url="#Material-塑胶_001-effect"/>
    </material>
    <material id="metal-material" name="metal">
      <instance_effect url="#metal-effect"/>
    </material>
  </library_materials>
  <library_geometries>
    <geometry id="mesh-aad698f0-7cd2-4af1-8879-816aef74c815_001-mesh" name="mesh-aad698f0-7cd2-4af1-8879-816aef74c815.001">
      <mesh>
        <source id="mesh-aad698f0-7cd2-4af1-8879-816aef74c815_001-mesh-positions">
          <float_array id="mesh-aad698f0-7cd2-4af1-8879-816aef74c815_001-mesh-positions-array" count="19872">30.8 -4.450003 47.5 30.8 8.550002 47.5 30.8 -4.450003 51.5 30.8 8.550002 51.5 30.8 -4.450003 47.5 30.8 -4.450003 51.5 41.8 -4.450003 47.5 41.8 -4.450003 51.5 30.8 8.550002 47.5 30.8 -4.450003 47.5 41.8 8.550002 47.5 41.8 -4.450003 47.5 30.8 8.550002 51.5 30.8 8.550002 47.5 41.8 8.550002 51.5 41.8 8.550002 47.5 30.8 -4.450003 51.5 30.8 8.550002 51.5 41.8 -4.450003 51.5 41.8 8.550002 51.5 30.8 -4.450003 38.95 30.8 8.550002 38.95 30.8 -4.450003 42.95 30.8 8.550002 42.95 30.8 -4.450003 38.95 30.8 -4.450003 42.95 41.8 -4.450003 38.95 41.8 -4.450003 42.95 30.8 8.550002 38.95 30.8 -4.450003 38.95 41.8 8.550002 38.95 41.8 -4.450003 38.95 30.8 8.550002 42.95 30.8 8.550002 38.95 41.8 8.550002 42.95 41.8 8.550002 38.95 30.8 -4.450003 42.95 30.8 8.550002 42.95 41.8 -4.450003 42.95 41.8 8.550002 42.95 30.8 12.4 49.4 30.8 12.4 41.8 30.8 24.6 49.4 30.8 15.4 41.8 30.8 24.6 41.8 30.8 21.7 41.8 30.8 21.7 39.8 30.8 15.4 39.8 30.8 12.4 41.8 30.8 12.4 49.4 41.8 12.4 41.8 41.8 12.4 49.4 30.8 15.4 41.8 30.8 12.4 41.8 41.8 15.4 41.8 41.8 12.4 41.8 30.8 15.4 39.8 30.8 15.4 41.8 41.8 15.4 39.8 41.8 15.4 41.8 30.8 21.7 39.8 30.8 15.4 39.8 41.8 21.7 39.8 41.8 15.4 39.8 30.8 21.7 41.8 30.8 21.7 39.8 41.8 21.7 41.8 41.8 21.7 39.8 30.8 24.6 41.8 30.8 21.7 41.8 41.8 24.6 41.8 41.8 21.7 41.8 30.8 24.6 49.4 30.8 24.6 41.8 41.8 24.6 49.4 41.8 24.6 41.8 30.8 12.4 49.4 30.8 24.6 49.4 41.8 12.4 49.4 41.8 24.6 49.4 41.8 26.5 37.85 41.8 21.7 39.8 41.8 10.5 37.85 41.8 15.4 39.8 41.8 21.7 41.8 41.8 24.6 41.8 41.8 24.6 49.4 41.8 26.5 51.5 41.8 12.4 49.4 41.8 10.5 51.5 41.8 12.4 41.8 41.8 15.4 41.8 41.8 10.5 51.5 42.3 10.5 51.5 41.8 10.5 37.85 41.8 10.5 37.85 42.3 10.5 38.25 42.3 10.5 37.85 42.3 26.5 37.85 41.8 26.5 37.85 42.3 24.5 37.85 41.8 10.5 37.85 42.3 10.5 37.85 42.3 26.5 51.5 41.8 26.5 51.5 42.3 26.5 38.25 41.8 26.5 37.85 42.3 26.5 37.85 42.3 10.5 51.5 41.8 10.5 51.5 42.3 24.5 51.5 41.8 26.5 51.5 42.3 26.5 51.5 41.8 8.550002 47.5 41.8 8.75 38.65 41.8 8.75 53.2 41.8 -4.750001 53.2 41.8 -4.750001 38.65 41.8 -4.450003 42.95 41.8 -4.450003 38.95 41.8 8.550002 38.95 41.8 8.550002 42.95 41.8 8.550002 47.5 41.8 -4.450003 42.95 41.8 -4.450003 47.5 41.8 -4.450003 51.5 41.8 8.550002 51.5 41.8 -4.750001 38.65 41.8 -4.750001 53.2 42.3 -4.750001 38.65 42.3 -4.750001 53.2 42.3 8.75 38.65 41.8 8.75 38.65 42.3 -0.1250008 38.65 41.8 -4.750001 38.65 42.3 -4.750001 38.65 41.8 8.75 53.2 41.8 8.75 38.65 42.3 8.75 53.2 42.3 8.75 38.65 42.3 -4.750001 53.2 41.8 -4.750001 53.2 42.3 -0.1250008 53.2 41.8 8.75 53.2 42.3 8.75 53.2 41.8 13.07354 62.09908 41.8 14.09908 61.07354 41.8 15.5 63.5 41.8 15.5 60.69817 41.8 16.90092 61.07354 41.8 14.09908 65.92646 41.8 13.07354 64.90091 41.8 12.69817 63.5 41.8 17.92646 64.90091 41.8 16.90092 65.92646 41.8 15.5 66.30183 41.8 17.92646 62.09908 41.8 18.30183 63.5 41.8 14.09908 61.07354 42.3 14.09908 61.07354 41.8 15.5 60.69817 42.3 15.5 60.69817 41.8 13.07354 62.09908 42.3 13.07354 62.09908 41.8 14.09908 61.07354 42.3 14.09908 61.07354 41.8 12.69817 63.5 42.3 12.69817 63.5 41.8 13.07354 62.09908 42.3 13.07354 62.09908 41.8 13.07354 64.90091 42.3 13.07354 64.90091 41.8 12.69817 63.5 42.3 12.69817 63.5 41.8 14.09908 65.92646 42.3 14.09908 65.92646 41.8 13.07354 64.90091 42.3 13.07354 64.90091 41.8 15.5 66.30183 42.3 15.5 66.30183 41.8 14.09908 65.92646 42.3 14.09908 65.92646 41.8 16.90092 65.92646 42.3 16.90092 65.92646 41.8 15.5 66.30183 42.3 15.5 66.30183 41.8 17.92646 64.90091 42.3 17.92646 64.90091 41.8 16.90092 65.92646 42.3 16.90092 65.92646 41.8 18.30183 63.5 42.3 18.30183 63.5 41.8 17.92646 64.90091 42.3 17.92646 64.90091 41.8 17.92646 62.09908 42.3 17.92646 62.09908 41.8 18.30183 63.5 42.3 18.30183 63.5 41.8 16.90092 61.07354 42.3 16.90092 61.07354 41.8 17.92646 62.09908 42.3 17.92646 62.09908 41.8 15.5 60.69817 42.3 15.5 60.69817 41.8 16.90092 61.07354 42.3 16.90092 61.07354 40 26.5 38.8 40 26.5 52.9 40.3 26.5 38.8 40.3 26.5 52.9 40 26.5 38.8 40.3 26.5 38.8 40.3 26.3 38.8 40 -5.499999 38.8 40.3 -5.300003 38.8 40.3 -5.499999 38.8 40 -5.499999 52.9 40 -5.499999 38.8 40.3 -5.499999 52.9 40.3 -5.499999 38.8 40.3 26.3 52.9 40.3 26.5 52.9 40 26.5 52.9 40.3 -5.300003 52.9 40 -5.499999 52.9 40.3 -5.499999 52.9 40.3 26.1 57.6 40 26.1 57.6 40.3 26.1 60.74888 40 26.1 65 40.3 26.1 65 40 -5.099999 57.6 40 26.1 57.6 40.3 -5.099999 57.6 40.3 26.1 57.6 40.3 -5.099999 65 40 -5.099999 65 40.3 -5.099999 60.74888 40 -5.099999 57.6 40.3 -5.099999 57.6 40 26.1 65 40 -5.099999 65 40.3 26.1 65 40.3 -5.099999 65 40.3 -19.27039 46.23757 42.8 -19.27039 46.23757 40.3 -19.16713 46.69003 42.8 -19.16713 46.69003 40.3 -19.55975 45.87474 42.8 -19.55975 45.87474 40.3 -19.27039 46.23757 42.8 -19.27039 46.23757 40.3 -19.97788 45.67337 42.8 -19.97788 45.67337 40.3 -19.55975 45.87474 42.8 -19.55975 45.87474 40.3 -20.44197 45.67337 42.8 -20.44197 45.67337 40.3 -19.97788 45.67337 42.8 -19.97788 45.67337 41.1 -20.89729 45.90585 42.8 -20.89729 45.90585 42.8 -20.86009 45.87474 40.3 -21.14945 46.23757 41.1 -21.14945 46.23757 40.3 -20.86009 45.87474 40.3 -20.86009 45.87474 40.3 -20.44197 45.67337 42.8 -20.86009 45.87474 42.8 -20.44197 45.67337 40.3 -20.86009 47.50532 42.8 -20.86009 47.50532 40.3 -21.14945 47.14248 42.8 -21.14945 47.14248 40.3 -20.44197 47.70668 42.8 -20.44197 47.70668 40.3 -20.86009 47.50532 42.8 -20.86009 47.50532 40.3 -19.97788 47.70668 42.8 -19.97788 47.70668 40.3 -20.44197 47.70668 42.8 -20.44197 47.70668 40.3 -19.55975 47.50532 42.8 -19.55975 47.50532 40.3 -19.97788 47.70668 42.8 -19.97788 47.70668 40.3 -19.27039 47.14248 42.8 -19.27039 47.14248 40.3 -19.55975 47.50532 42.8 -19.55975 47.50532 40.3 -19.16713 46.69003 42.8 -19.16713 46.69003 40.3 -19.27039 47.14248 42.8 -19.27039 47.14248 41.1 -21.25272 46.69003 40.3 -21.25272 46.69003 41.1 -21.2507 46.75489 40.3 -21.14945 47.14248 42.8 -21.2507 46.75489 42.8 -21.14945 47.14248 40.3 -21.14945 46.23757 41.1 -21.14945 46.23757 40.3 -20.86009 47.50532 40.3 -21.14945 47.14248 40.3 -21.25272 46.69003 40.3 -19.97788 47.70668 40.3 -20.44197 47.70668 40.3 -19.55975 47.50532 40.3 -19.27039 47.14248 40.3 -19.16713 46.69003 40.3 -21.14945 46.23757 40.3 -20.44197 45.67337 40.3 -19.97788 45.67337 40.3 -20.86009 45.87474 40.3 -19.55975 45.87474 40.3 -19.27039 46.23757 42.8 -20.86009 45.87474 42.8 -20.89729 45.90585 42.8 -20.82227 46.00491 42.8 -21.00528 46.68793 42.8 -21.2507 46.75489 42.8 -21.14945 47.14248 42.8 -19.55975 47.50532 42.8 -19.27039 47.14248 42.8 -20.82227 46.50491 42.8 -19.16713 46.69003 42.8 -20.75529 46.25491 42.8 -19.97788 47.70668 42.8 -20.44197 47.70668 42.8 -20.86009 47.50532 42.8 -20.44197 45.67337 42.8 -19.27039 46.23757 42.8 -19.55975 45.87474 42.8 -19.97788 45.67337 40.3 -12.26868 48.00688 42.8 -12.26868 48.00688 40.3 -11.88699 48.38857 42.8 -11.88699 48.38857 40.3 -12.79008 47.86717 42.8 -12.79008 47.86717 40.3 -12.26868 48.00688 42.8 -12.26868 48.00688 40.3 -13.31148 48.00688 42.8 -13.31148 48.00688 40.3 -12.79008 47.86717 42.8 -12.79008 47.86717 40.3 -13.69316 48.38857 42.8 -13.69316 48.38857 40.3 -13.31148 48.00688 42.8 -13.31148 48.00688 40.3 -13.83288 48.90997 42.8 -13.83288 48.90997 40.3 -13.69316 48.38857 42.8 -13.69316 48.38857 40.3 -13.7296 49.36242 42.8 -13.7296 49.36242 40.3 -13.83288 48.90997 42.8 -13.83288 48.90997 40.3 -13.44025 49.72526 42.8 -13.44025 49.72526 40.3 -13.7296 49.36242 42.8 -13.7296 49.36242 40.3 -13.02212 49.92662 42.8 -13.02212 49.92662 40.3 -13.44025 49.72526 42.8 -13.44025 49.72526 40.3 -12.55804 49.92662 42.8 -12.55804 49.92662 40.3 -13.02212 49.92662 42.8 -13.02212 49.92662 40.3 -11.74728 48.90997 41.1 -11.74728 48.90997 40.3 -11.85055 49.36242 41.1 -11.85055 49.36242 41.1 -11.7493 48.8451 40.3 -11.88699 48.38857 42.8 -11.7493 48.8451 42.8 -11.88699 48.38857 41.1 -12.1027 49.69415 42.8 -12.1027 49.69415 42.8 -12.1399 49.72526 40.3 -11.85055 49.36242 41.1 -11.85055 49.36242 40.3 -12.1399 49.72526 40.3 -12.1399 49.72526 42.8 -12.1399 49.72526 40.3 -12.55804 49.92662 42.8 -12.55804 49.92662 40.3 -12.79008 47.86717 40.3 -13.02212 49.92662 40.3 -13.44025 49.72526 40.3 -11.85055 49.36242 40.3 -12.1399 49.72526 40.3 -12.55804 49.92662 40.3 -13.69316 48.38857 40.3 -13.31148 48.00688 40.3 -13.83288 48.90997 40.3 -13.7296 49.36242 40.3 -12.26868 48.00688 40.3 -11.88699 48.38857 40.3 -11.74728 48.90997 42.8 -12.1399 49.72526 42.8 -12.1027 49.69415 42.8 -12.17773 49.59508 42.8 -12.17773 49.09508 42.8 -13.69316 48.38857 42.8 -13.83288 48.90997 42.8 -11.99471 48.91207 42.8 -11.7493 48.8451 42.8 -11.88699 48.38857 42.8 -12.24472 49.34508 42.8 -13.31148 48.00688 42.8 -12.79008 47.86717 42.8 -12.26868 48.00688 42.8 -12.55804 49.92662 42.8 -13.7296 49.36242 42.8 -13.44025 49.72526 42.8 -13.02212 49.92662 41.1 -13.99409 51.59508 41.1 -13.81108 51.41207 41.1 -13.56107 51.84508 41.1 -13.56107 51.34508 41.1 -13.31107 51.41207 41.1 -13.81108 52.2781 41.1 -13.99409 52.09508 41.1 -14.06107 51.84508 41.1 -13.12806 52.09508 41.1 -13.31107 52.2781 41.1 -13.56107 52.34508 41.1 -13.12806 51.59508 41.1 -13.06107 51.84508 41.1 -13.81108 51.41207 44.1 -13.81108 51.41207 41.1 -13.56107 51.34508 44.1 -13.56107 51.34508 41.1 -13.99409 51.59508 44.1 -13.99409 51.59508 41.1 -13.81108 51.41207 44.1 -13.81108 51.41207 41.1 -14.06107 51.84508 44.1 -14.06107 51.84508 41.1 -13.99409 51.59508 44.1 -13.99409 51.59508 41.1 -13.99409 52.09508 44.1 -13.99409 52.09508 41.1 -14.06107 51.84508 44.1 -14.06107 51.84508 41.1 -13.81108 52.2781 44.1 -13.81108 52.2781 41.1 -13.99409 52.09508 44.1 -13.99409 52.09508 41.1 -13.56107 52.34508 44.1 -13.56107 52.34508 41.1 -13.81108 52.2781 44.1 -13.81108 52.2781 41.1 -13.31107 52.2781 44.1 -13.31107 52.2781 41.1 -13.56107 52.34508 44.1 -13.56107 52.34508 41.1 -13.12806 52.09508 44.1 -13.12806 52.09508 41.1 -13.31107 52.2781 44.1 -13.31107 52.2781 41.1 -13.06107 51.84508 44.1 -13.06107 51.84508 41.1 -13.12806 52.09508 44.1 -13.12806 52.09508 41.1 -13.12806 51.59508 44.1 -13.12806 51.59508 41.1 -13.06107 51.84508 44.1 -13.06107 51.84508 41.1 -13.31107 51.41207 44.1 -13.31107 51.41207 41.1 -13.12806 51.59508 44.1 -13.12806 51.59508 41.1 -13.56107 51.34508 44.1 -13.56107 51.34508 41.1 -13.31107 51.41207 44.1 -13.31107 51.41207 41.1 -16.93301 52.55 41.1 -16.75 52.36698 41.1 -16.5 52.8 41.1 -16.5 52.29999 41.1 -16.25 52.36698 41.1 -16.75 53.23301 41.1 -16.93301 53.05 41.1 -17 52.8 41.1 -16.06699 53.05 41.1 -16.25 53.23301 41.1 -16.5 53.3 41.1 -16.06699 52.55 41.1 -16 52.8 41.1 -16.75 52.36698 44.1 -16.75 52.36698 41.1 -16.5 52.29999 44.1 -16.5 52.29999 41.1 -16.93301 52.55 44.1 -16.93301 52.55 41.1 -16.75 52.36698 44.1 -16.75 52.36698 41.1 -17 52.8 44.1 -17 52.8 41.1 -16.93301 52.55 44.1 -16.93301 52.55 41.1 -16.93301 53.05 44.1 -16.93301 53.05 41.1 -17 52.8 44.1 -17 52.8 41.1 -16.75 53.23301 44.1 -16.75 53.23301 41.1 -16.93301 53.05 44.1 -16.93301 53.05 41.1 -16.5 53.3 44.1 -16.5 53.3 41.1 -16.75 53.23301 44.1 -16.75 53.23301 41.1 -16.25 53.23301 44.1 -16.25 53.23301 41.1 -16.5 53.3 44.1 -16.5 53.3 41.1 -16.06699 53.05 44.1 -16.06699 53.05 41.1 -16.25 53.23301 44.1 -16.25 53.23301 41.1 -16 52.8 44.1 -16 52.8 41.1 -16.06699 53.05 44.1 -16.06699 53.05 41.1 -16.06699 52.55 44.1 -16.06699 52.55 41.1 -16 52.8 44.1 -16 52.8 41.1 -16.25 52.36698 44.1 -16.25 52.36698 41.1 -16.06699 52.55 44.1 -16.06699 52.55 41.1 -16.5 52.29999 44.1 -16.5 52.29999 41.1 -16.25 52.36698 44.1 -16.25 52.36698 41.1 -19.09808 48.8 41.1 -18.91507 48.61698 41.1 -18.66506 49.05 41.1 -18.66506 48.55 41.1 -18.41507 48.61698 41.1 -18.91507 49.48301 41.1 -19.09808 49.3 41.1 -19.16506 49.05 41.1 -18.23205 49.3 41.1 -18.41507 49.48301 41.1 -18.66506 49.55 41.1 -18.23205 48.8 41.1 -18.16506 49.05 41.1 -18.91507 48.61698 44.1 -18.91507 48.61698 41.1 -18.66506 48.55 44.1 -18.66506 48.55 41.1 -19.09808 48.8 44.1 -19.09808 48.8 41.1 -18.91507 48.61698 44.1 -18.91507 48.61698 41.1 -19.16506 49.05 44.1 -19.16506 49.05 41.1 -19.09808 48.8 44.1 -19.09808 48.8 41.1 -19.09808 49.3 44.1 -19.09808 49.3 41.1 -19.16506 49.05 44.1 -19.16506 49.05 41.1 -18.91507 49.48301 44.1 -18.91507 49.48301 41.1 -19.09808 49.3 44.1 -19.09808 49.3 41.1 -18.66506 49.55 44.1 -18.66506 49.55 41.1 -18.91507 49.48301 44.1 -18.91507 49.48301 41.1 -18.41507 49.48301 44.1 -18.41507 49.48301 41.1 -18.66506 49.55 44.1 -18.66506 49.55 41.1 -18.23205 49.3 44.1 -18.23205 49.3 41.1 -18.41507 49.48301 44.1 -18.41507 49.48301 41.1 -18.16506 49.05 44.1 -18.16506 49.05 41.1 -18.23205 49.3 44.1 -18.23205 49.3 41.1 -18.23205 48.8 44.1 -18.23205 48.8 41.1 -18.16506 49.05 44.1 -18.16506 49.05 41.1 -18.41507 48.61698 44.1 -18.41507 48.61698 41.1 -18.23205 48.8 44.1 -18.23205 48.8 41.1 -18.66506 48.55 44.1 -18.66506 48.55 41.1 -18.41507 48.61698 44.1 -18.41507 48.61698 41.1 -19.09808 46.3 41.1 -18.91507 46.11698 41.1 -18.66506 46.55 41.1 -18.66506 46.05 41.1 -18.41507 46.11698 41.1 -18.91507 46.98301 41.1 -19.09808 46.8 41.1 -19.16506 46.55 41.1 -18.23205 46.8 41.1 -18.41507 46.98301 41.1 -18.66506 47.04999 41.1 -18.23205 46.3 41.1 -18.16506 46.55 41.1 -18.91507 46.11698 44.1 -18.91507 46.11698 41.1 -18.66506 46.05 44.1 -18.66506 46.05 41.1 -19.09808 46.3 44.1 -19.09808 46.3 41.1 -18.91507 46.11698 44.1 -18.91507 46.11698 41.1 -19.16506 46.55 44.1 -19.16506 46.55 41.1 -19.09808 46.3 44.1 -19.09808 46.3 41.1 -19.09808 46.8 44.1 -19.09808 46.8 41.1 -19.16506 46.55 44.1 -19.16506 46.55 41.1 -18.91507 46.98301 44.1 -18.91507 46.98301 41.1 -19.09808 46.8 44.1 -19.09808 46.8 41.1 -18.66506 47.04999 44.1 -18.66506 47.04999 41.1 -18.91507 46.98301 44.1 -18.91507 46.98301 41.1 -18.41507 46.98301 44.1 -18.41507 46.98301 41.1 -18.66506 47.04999 44.1 -18.66506 47.04999 41.1 -18.23205 46.8 44.1 -18.23205 46.8 41.1 -18.41507 46.98301 44.1 -18.41507 46.98301 41.1 -18.16506 46.55 44.1 -18.16506 46.55 41.1 -18.23205 46.8 44.1 -18.23205 46.8 41.1 -18.23205 46.3 44.1 -18.23205 46.3 41.1 -18.16506 46.55 44.1 -18.16506 46.55 41.1 -18.41507 46.11698 44.1 -18.41507 46.11698 41.1 -18.23205 46.3 44.1 -18.23205 46.3 41.1 -18.66506 46.05 44.1 -18.66506 46.05 41.1 -18.41507 46.11698 44.1 -18.41507 46.11698 41.1 -16.93301 45.05 41.1 -16.75 44.86698 41.1 -16.5 45.3 41.1 -16.5 44.8 41.1 -16.25 44.86698 41.1 -16.75 45.73301 41.1 -16.93301 45.55 41.1 -17 45.3 41.1 -16.06699 45.55 41.1 -16.25 45.73301 41.1 -16.5 45.79999 41.1 -16.06699 45.05 41.1 -16 45.3 41.1 -16.75 44.86698 44.1 -16.75 44.86698 41.1 -16.5 44.8 44.1 -16.5 44.8 41.1 -16.93301 45.05 44.1 -16.93301 45.05 41.1 -16.75 44.86698 44.1 -16.75 44.86698 41.1 -17 45.3 44.1 -17 45.3 41.1 -16.93301 45.05 44.1 -16.93301 45.05 41.1 -16.93301 45.55 44.1 -16.93301 45.55 41.1 -17 45.3 44.1 -17 45.3 41.1 -16.75 45.73301 44.1 -16.75 45.73301 41.1 -16.93301 45.55 44.1 -16.93301 45.55 41.1 -16.5 45.79999 44.1 -16.5 45.79999 41.1 -16.75 45.73301 44.1 -16.75 45.73301 41.1 -16.25 45.73301 44.1 -16.25 45.73301 41.1 -16.5 45.79999 44.1 -16.5 45.79999 41.1 -16.06699 45.55 44.1 -16.06699 45.55 41.1 -16.25 45.73301 44.1 -16.25 45.73301 41.1 -16 45.3 44.1 -16 45.3 41.1 -16.06699 45.55 44.1 -16.06699 45.55 41.1 -16.06699 45.05 44.1 -16.06699 45.05 41.1 -16 45.3 44.1 -16 45.3 41.1 -16.25 44.86698 44.1 -16.25 44.86698 41.1 -16.06699 45.05 44.1 -16.06699 45.05 41.1 -16.5 44.8 44.1 -16.5 44.8 41.1 -16.25 44.86698 44.1 -16.25 44.86698 41.1 -14.76795 46.3 41.1 -14.58494 46.11698 41.1 -14.33493 46.55 41.1 -14.33493 46.05 41.1 -14.08494 46.11698 41.1 -14.58494 46.98301 41.1 -14.76795 46.8 41.1 -14.83494 46.55 41.1 -13.90192 46.8 41.1 -14.08494 46.98301 41.1 -14.33493 47.04999 41.1 -13.90192 46.3 41.1 -13.83493 46.55 41.1 -14.58494 46.11698 44.1 -14.58494 46.11698 41.1 -14.33493 46.05 44.1 -14.33493 46.05 41.1 -14.76795 46.3 44.1 -14.76795 46.3 41.1 -14.58494 46.11698 44.1 -14.58494 46.11698 41.1 -14.83494 46.55 44.1 -14.83494 46.55 41.1 -14.76795 46.3 44.1 -14.76795 46.3 41.1 -14.76795 46.8 44.1 -14.76795 46.8 41.1 -14.83494 46.55 44.1 -14.83494 46.55 41.1 -14.58494 46.98301 44.1 -14.58494 46.98301 41.1 -14.76795 46.8 44.1 -14.76795 46.8 41.1 -14.33493 47.04999 44.1 -14.33493 47.04999 41.1 -14.58494 46.98301 44.1 -14.58494 46.98301 41.1 -14.08494 46.98301 44.1 -14.08494 46.98301 41.1 -14.33493 47.04999 44.1 -14.33493 47.04999 41.1 -13.90192 46.8 44.1 -13.90192 46.8 41.1 -14.08494 46.98301 44.1 -14.08494 46.98301 41.1 -13.83493 46.55 44.1 -13.83493 46.55 41.1 -13.90192 46.8 44.1 -13.90192 46.8 41.1 -13.90192 46.3 44.1 -13.90192 46.3 41.1 -13.83493 46.55 44.1 -13.83493 46.55 41.1 -14.08494 46.11698 44.1 -14.08494 46.11698 41.1 -13.90192 46.3 44.1 -13.90192 46.3 41.1 -14.33493 46.05 44.1 -14.33493 46.05 41.1 -14.08494 46.11698 44.1 -14.08494 46.11698 41.1 -14.76795 48.8 41.1 -14.58494 48.61698 41.1 -14.33493 49.05 41.1 -14.33493 48.55 41.1 -14.08494 48.61698 41.1 -14.58494 49.48301 41.1 -14.76795 49.3 41.1 -14.83494 49.05 41.1 -13.90192 49.3 41.1 -14.08494 49.48301 41.1 -14.33493 49.55 41.1 -13.90192 48.8 41.1 -13.83493 49.05 41.1 -14.58494 48.61698 44.1 -14.58494 48.61698 41.1 -14.33493 48.55 44.1 -14.33493 48.55 41.1 -14.76795 48.8 44.1 -14.76795 48.8 41.1 -14.58494 48.61698 44.1 -14.58494 48.61698 41.1 -14.83494 49.05 44.1 -14.83494 49.05 41.1 -14.76795 48.8 44.1 -14.76795 48.8 41.1 -14.76795 49.3 44.1 -14.76795 49.3 41.1 -14.83494 49.05 44.1 -14.83494 49.05 41.1 -14.58494 49.48301 44.1 -14.58494 49.48301 41.1 -14.76795 49.3 44.1 -14.76795 49.3 41.1 -14.33493 49.55 44.1 -14.33493 49.55 41.1 -14.58494 49.48301 44.1 -14.58494 49.48301 41.1 -14.08494 49.48301 44.1 -14.08494 49.48301 41.1 -14.33493 49.55 44.1 -14.33493 49.55 41.1 -13.90192 49.3 44.1 -13.90192 49.3 41.1 -14.08494 49.48301 44.1 -14.08494 49.48301 41.1 -13.83493 49.05 44.1 -13.83493 49.05 41.1 -13.90192 49.3 44.1 -13.90192 49.3 41.1 -13.90192 48.8 44.1 -13.90192 48.8 41.1 -13.83493 49.05 44.1 -13.83493 49.05 41.1 -14.08494 48.61698 44.1 -14.08494 48.61698 41.1 -13.90192 48.8 44.1 -13.90192 48.8 41.1 -14.33493 48.55 44.1 -14.33493 48.55 41.1 -14.08494 48.61698 44.1 -14.08494 48.61698 41.1 -19.87194 51.59508 41.1 -19.68893 51.41207 41.1 -19.43893 51.84508 41.1 -19.43893 51.34508 41.1 -19.18893 51.41207 41.1 -19.68893 52.2781 41.1 -19.87194 52.09508 41.1 -19.93893 51.84508 41.1 -19.00591 52.09508 41.1 -19.18893 52.2781 41.1 -19.43893 52.34508 41.1 -19.00591 51.59508 41.1 -18.93892 51.84508 41.1 -19.68893 51.41207 44.1 -19.68893 51.41207 41.1 -19.43893 51.34508 44.1 -19.43893 51.34508 41.1 -19.87194 51.59508 44.1 -19.87194 51.59508 41.1 -19.68893 51.41207 44.1 -19.68893 51.41207 41.1 -19.93893 51.84508 44.1 -19.93893 51.84508 41.1 -19.87194 51.59508 44.1 -19.87194 51.59508 41.1 -19.87194 52.09508 44.1 -19.87194 52.09508 41.1 -19.93893 51.84508 44.1 -19.93893 51.84508 41.1 -19.68893 52.2781 44.1 -19.68893 52.2781 41.1 -19.87194 52.09508 44.1 -19.87194 52.09508 41.1 -19.43893 52.34508 44.1 -19.43893 52.34508 41.1 -19.68893 52.2781 44.1 -19.68893 52.2781 41.1 -19.18893 52.2781 44.1 -19.18893 52.2781 41.1 -19.43893 52.34508 44.1 -19.43893 52.34508 41.1 -19.00591 52.09508 44.1 -19.00591 52.09508 41.1 -19.18893 52.2781 44.1 -19.18893 52.2781 41.1 -18.93892 51.84508 44.1 -18.93892 51.84508 41.1 -19.00591 52.09508 44.1 -19.00591 52.09508 41.1 -19.00591 51.59508 44.1 -19.00591 51.59508 41.1 -18.93892 51.84508 44.1 -18.93892 51.84508 41.1 -19.18893 51.41207 44.1 -19.18893 51.41207 41.1 -19.00591 51.59508 44.1 -19.00591 51.59508 41.1 -19.43893 51.34508 44.1 -19.43893 51.34508 41.1 -19.18893 51.41207 44.1 -19.18893 51.41207 41.1 -21.68829 49.09508 41.1 -21.50528 48.91207 41.1 -21.25528 49.34508 41.1 -21.25528 48.84508 41.1 -21.00528 48.91207 41.1 -21.50528 49.77809 41.1 -21.68829 49.59508 41.1 -21.75528 49.34508 41.1 -20.82227 49.59508 41.1 -21.00528 49.77809 41.1 -21.25528 49.84508 41.1 -20.82227 49.09508 41.1 -20.75529 49.34508 41.1 -21.50528 48.91207 44.1 -21.50528 48.91207 41.1 -21.25528 48.84508 44.1 -21.25528 48.84508 41.1 -21.68829 49.09508 44.1 -21.68829 49.09508 41.1 -21.50528 48.91207 44.1 -21.50528 48.91207 41.1 -21.75528 49.34508 44.1 -21.75528 49.34508 41.1 -21.68829 49.09508 44.1 -21.68829 49.09508 41.1 -21.68829 49.59508 44.1 -21.68829 49.59508 41.1 -21.75528 49.34508 44.1 -21.75528 49.34508 41.1 -21.50528 49.77809 44.1 -21.50528 49.77809 41.1 -21.68829 49.59508 44.1 -21.68829 49.59508 41.1 -21.25528 49.84508 44.1 -21.25528 49.84508 41.1 -21.50528 49.77809 44.1 -21.50528 49.77809 41.1 -21.00528 49.77809 44.1 -21.00528 49.77809 41.1 -21.25528 49.84508 44.1 -21.25528 49.84508 41.1 -20.82227 49.59508 44.1 -20.82227 49.59508 41.1 -21.00528 49.77809 44.1 -21.00528 49.77809 41.1 -20.75529 49.34508 44.1 -20.75529 49.34508 41.1 -20.82227 49.59508 44.1 -20.82227 49.59508 41.1 -20.82227 49.09508 44.1 -20.82227 49.09508 41.1 -20.75529 49.34508 44.1 -20.75529 49.34508 41.1 -21.00528 48.91207 44.1 -21.00528 48.91207 41.1 -20.82227 49.09508 44.1 -20.82227 49.09508 41.1 -21.25528 48.84508 44.1 -21.25528 48.84508 41.1 -21.00528 48.91207 44.1 -21.00528 48.91207 41.1 -19.87194 43.50492 41.1 -19.68893 43.3219 41.1 -19.43893 43.75491 41.1 -19.43893 43.25492 41.1 -19.18893 43.3219 41.1 -19.68893 44.18793 41.1 -19.87194 44.00491 41.1 -19.93893 43.75491 41.1 -19.00591 44.00491 41.1 -19.18893 44.18793 41.1 -19.43893 44.25491 41.1 -19.00591 43.50492 41.1 -18.93892 43.75491 41.1 -19.68893 43.3219 44.1 -19.68893 43.3219 41.1 -19.43893 43.25492 44.1 -19.43893 43.25492 41.1 -19.87194 43.50492 44.1 -19.87194 43.50492 41.1 -19.68893 43.3219 44.1 -19.68893 43.3219 41.1 -19.93893 43.75491 44.1 -19.93893 43.75491 41.1 -19.87194 43.50492 44.1 -19.87194 43.50492 41.1 -19.87194 44.00491 44.1 -19.87194 44.00491 41.1 -19.93893 43.75491 44.1 -19.93893 43.75491 41.1 -19.68893 44.18793 44.1 -19.68893 44.18793 41.1 -19.87194 44.00491 44.1 -19.87194 44.00491 41.1 -19.43893 44.25491 44.1 -19.43893 44.25491 41.1 -19.68893 44.18793 44.1 -19.68893 44.18793 41.1 -19.18893 44.18793 44.1 -19.18893 44.18793 41.1 -19.43893 44.25491 44.1 -19.43893 44.25491 41.1 -19.00591 44.00491 44.1 -19.00591 44.00491 41.1 -19.18893 44.18793 44.1 -19.18893 44.18793 41.1 -18.93892 43.75491 44.1 -18.93892 43.75491 41.1 -19.00591 44.00491 44.1 -19.00591 44.00491 41.1 -19.00591 43.50492 44.1 -19.00591 43.50492 41.1 -18.93892 43.75491 44.1 -18.93892 43.75491 41.1 -19.18893 43.3219 44.1 -19.18893 43.3219 41.1 -19.00591 43.50492 44.1 -19.00591 43.50492 41.1 -19.43893 43.25492 44.1 -19.43893 43.25492 41.1 -19.18893 43.3219 44.1 -19.18893 43.3219 41.1 -16.93301 42.55 41.1 -16.75 42.36698 41.1 -16.5 42.8 41.1 -16.5 42.3 41.1 -16.25 42.36698 41.1 -16.75 43.23301 41.1 -16.93301 43.05 41.1 -17 42.8 41.1 -16.06699 43.05 41.1 -16.25 43.23301 41.1 -16.5 43.29999 41.1 -16.06699 42.55 41.1 -16 42.8 41.1 -16.75 42.36698 44.1 -16.75 42.36698 41.1 -16.5 42.3 44.1 -16.5 42.3 41.1 -16.93301 42.55 44.1 -16.93301 42.55 41.1 -16.75 42.36698 44.1 -16.75 42.36698 41.1 -17 42.8 44.1 -17 42.8 41.1 -16.93301 42.55 44.1 -16.93301 42.55 41.1 -16.93301 43.05 44.1 -16.93301 43.05 41.1 -17 42.8 44.1 -17 42.8 41.1 -16.75 43.23301 44.1 -16.75 43.23301 41.1 -16.93301 43.05 44.1 -16.93301 43.05 41.1 -16.5 43.29999 44.1 -16.5 43.29999 41.1 -16.75 43.23301 44.1 -16.75 43.23301 41.1 -16.25 43.23301 44.1 -16.25 43.23301 41.1 -16.5 43.29999 44.1 -16.5 43.29999 41.1 -16.06699 43.05 44.1 -16.06699 43.05 41.1 -16.25 43.23301 44.1 -16.25 43.23301 41.1 -16 42.8 44.1 -16 42.8 41.1 -16.06699 43.05 44.1 -16.06699 43.05 41.1 -16.06699 42.55 44.1 -16.06699 42.55 41.1 -16 42.8 44.1 -16 42.8 41.1 -16.25 42.36698 44.1 -16.25 42.36698 41.1 -16.06699 42.55 44.1 -16.06699 42.55 41.1 -16.5 42.3 44.1 -16.5 42.3 41.1 -16.25 42.36698 44.1 -16.25 42.36698 41.1 -13.99409 43.50492 41.1 -13.81108 43.3219 41.1 -13.56107 43.75491 41.1 -13.56107 43.25492 41.1 -13.31107 43.3219 41.1 -13.81108 44.18793 41.1 -13.99409 44.00491 41.1 -14.06107 43.75491 41.1 -13.12806 44.00491 41.1 -13.31107 44.18793 41.1 -13.56107 44.25491 41.1 -13.12806 43.50492 41.1 -13.06107 43.75491 41.1 -13.81108 43.3219 44.1 -13.81108 43.3219 41.1 -13.56107 43.25492 44.1 -13.56107 43.25492 41.1 -13.99409 43.50492 44.1 -13.99409 43.50492 41.1 -13.81108 43.3219 44.1 -13.81108 43.3219 41.1 -14.06107 43.75491 44.1 -14.06107 43.75491 41.1 -13.99409 43.50492 44.1 -13.99409 43.50492 41.1 -13.99409 44.00491 44.1 -13.99409 44.00491 41.1 -14.06107 43.75491 44.1 -14.06107 43.75491 41.1 -13.81108 44.18793 44.1 -13.81108 44.18793 41.1 -13.99409 44.00491 44.1 -13.99409 44.00491 41.1 -13.56107 44.25491 44.1 -13.56107 44.25491 41.1 -13.81108 44.18793 44.1 -13.81108 44.18793 41.1 -13.31107 44.18793 44.1 -13.31107 44.18793 41.1 -13.56107 44.25491 44.1 -13.56107 44.25491 41.1 -13.12806 44.00491 44.1 -13.12806 44.00491 41.1 -13.31107 44.18793 44.1 -13.31107 44.18793 41.1 -13.06107 43.75491 44.1 -13.06107 43.75491 41.1 -13.12806 44.00491 44.1 -13.12806 44.00491 41.1 -13.12806 43.50492 44.1 -13.12806 43.50492 41.1 -13.06107 43.75491 44.1 -13.06107 43.75491 41.1 -13.31107 43.3219 44.1 -13.31107 43.3219 41.1 -13.12806 43.50492 44.1 -13.12806 43.50492 41.1 -13.56107 43.25492 44.1 -13.56107 43.25492 41.1 -13.31107 43.3219 44.1 -13.31107 43.3219 41.1 -12.17773 46.00491 41.1 -11.99471 45.8219 41.1 -11.74472 46.25491 41.1 -11.74472 45.75491 41.1 -11.49472 45.8219 41.1 -11.99471 46.68793 41.1 -12.17773 46.50491 41.1 -12.24472 46.25491 41.1 -11.31171 46.50491 41.1 -11.49472 46.68793 41.1 -11.74472 46.75492 41.1 -11.31171 46.00491 41.1 -11.24472 46.25491 41.1 -11.99471 45.8219 44.1 -11.99471 45.8219 41.1 -11.74472 45.75491 44.1 -11.74472 45.75491 41.1 -12.17773 46.00491 44.1 -12.17773 46.00491 41.1 -11.99471 45.8219 44.1 -11.99471 45.8219 41.1 -12.24472 46.25491 44.1 -12.24472 46.25491 41.1 -12.17773 46.00491 44.1 -12.17773 46.00491 41.1 -12.17773 46.50491 44.1 -12.17773 46.50491 41.1 -12.24472 46.25491 44.1 -12.24472 46.25491 41.1 -11.99471 46.68793 44.1 -11.99471 46.68793 41.1 -12.17773 46.50491 44.1 -12.17773 46.50491 41.1 -11.74472 46.75492 44.1 -11.74472 46.75492 41.1 -11.99471 46.68793 44.1 -11.99471 46.68793 41.1 -11.49472 46.68793 44.1 -11.49472 46.68793 41.1 -11.74472 46.75492 44.1 -11.74472 46.75492 41.1 -11.31171 46.50491 44.1 -11.31171 46.50491 41.1 -11.49472 46.68793 44.1 -11.49472 46.68793 41.1 -11.24472 46.25491 44.1 -11.24472 46.25491 41.1 -11.31171 46.50491 44.1 -11.31171 46.50491 41.1 -11.31171 46.00491 44.1 -11.31171 46.00491 41.1 -11.24472 46.25491 44.1 -11.24472 46.25491 41.1 -11.49472 45.8219 44.1 -11.49472 45.8219 41.1 -11.31171 46.00491 44.1 -11.31171 46.00491 41.1 -11.74472 45.75491 44.1 -11.74472 45.75491 41.1 -11.49472 45.8219 44.1 -11.49472 45.8219 41.1 -16.93301 50.05 41.1 -16.75 49.86698 41.1 -16.5 50.3 41.1 -16.5 49.79999 41.1 -16.25 49.86698 41.1 -16.75 50.73301 41.1 -16.93301 50.55 41.1 -17 50.3 41.1 -16.06699 50.55 41.1 -16.25 50.73301 41.1 -16.5 50.8 41.1 -16.06699 50.05 41.1 -16 50.3 41.1 -16.75 49.86698 44.1 -16.75 49.86698 41.1 -16.5 49.79999 44.1 -16.5 49.79999 41.1 -16.93301 50.05 44.1 -16.93301 50.05 41.1 -16.75 49.86698 44.1 -16.75 49.86698 41.1 -17 50.3 44.1 -17 50.3 41.1 -16.93301 50.05 44.1 -16.93301 50.05 41.1 -16.93301 50.55 44.1 -16.93301 50.55 41.1 -17 50.3 44.1 -17 50.3 41.1 -16.75 50.73301 44.1 -16.75 50.73301 41.1 -16.93301 50.55 44.1 -16.93301 50.55 41.1 -16.5 50.8 44.1 -16.5 50.8 41.1 -16.75 50.73301 44.1 -16.75 50.73301 41.1 -16.25 50.73301 44.1 -16.25 50.73301 41.1 -16.5 50.8 44.1 -16.5 50.8 41.1 -16.06699 50.55 44.1 -16.06699 50.55 41.1 -16.25 50.73301 44.1 -16.25 50.73301 41.1 -16 50.3 44.1 -16 50.3 41.1 -16.06699 50.55 44.1 -16.06699 50.55 41.1 -16.06699 50.05 44.1 -16.06699 50.05 41.1 -16 50.3 44.1 -16 50.3 41.1 -16.25 49.86698 44.1 -16.25 49.86698 41.1 -16.06699 50.05 44.1 -16.06699 50.05 41.1 -16.5 49.79999 44.1 -16.5 49.79999 41.1 -16.25 49.86698 44.1 -16.25 49.86698 41.1 -21.00528 45.8219 41.1 -20.89729 45.90585 41.1 -21.14945 46.23757 41.1 -21.25528 45.75491 41.1 -21.50528 45.8219 41.1 -21.68829 46.00491 41.1 -21.75528 46.25491 41.1 -21.2507 46.75489 41.1 -21.25528 46.75492 41.1 -21.25272 46.69003 41.1 -21.50528 46.68793 41.1 -21.68829 46.50491 41.1 -21.25528 45.75491 44.1 -21.25528 45.75491 41.1 -21.00528 45.8219 44.1 -21.00528 45.8219 41.1 -21.50528 45.8219 44.1 -21.50528 45.8219 41.1 -21.25528 45.75491 44.1 -21.25528 45.75491 41.1 -21.68829 46.00491 44.1 -21.68829 46.00491 41.1 -21.50528 45.8219 44.1 -21.50528 45.8219 41.1 -21.75528 46.25491 44.1 -21.75528 46.25491 41.1 -21.68829 46.00491 44.1 -21.68829 46.00491 41.1 -21.68829 46.50491 44.1 -21.68829 46.50491 41.1 -21.75528 46.25491 44.1 -21.75528 46.25491 41.1 -21.50528 46.68793 44.1 -21.50528 46.68793 41.1 -21.68829 46.50491 44.1 -21.68829 46.50491 44.1 -20.75529 46.25491 42.8 -20.75529 46.25491 44.1 -20.82227 46.00491 42.8 -20.82227 46.00491 44.1 -20.82227 46.50491 42.8 -20.82227 46.50491 44.1 -20.75529 46.25491 42.8 -20.75529 46.25491 44.1 -21.00528 46.68793 42.8 -21.00528 46.68793 44.1 -20.82227 46.50491 42.8 -20.82227 46.50491 44.1 -21.25528 46.75492 42.8 -21.2507 46.75489 44.1 -21.00528 46.68793 42.8 -21.00528 46.68793 41.1 -21.2507 46.75489 41.1 -21.25528 46.75492 41.1 -21.50528 46.68793 44.1 -21.50528 46.68793 42.8 -20.89729 45.90585 41.1 -20.89729 45.90585 41.1 -21.00528 45.8219 44.1 -20.82227 46.00491 42.8 -20.82227 46.00491 44.1 -21.00528 45.8219 41.1 -11.99471 49.77809 41.1 -12.1027 49.69415 41.1 -11.85055 49.36242 41.1 -11.74472 49.84508 41.1 -11.49472 49.77809 41.1 -11.31171 49.59508 41.1 -11.24472 49.34508 41.1 -11.7493 48.8451 41.1 -11.74472 48.84508 41.1 -11.74728 48.90997 41.1 -11.49472 48.91207 41.1 -11.31171 49.09508 41.1 -11.74472 49.84508 44.1 -11.74472 49.84508 41.1 -11.99471 49.77809 44.1 -11.99471 49.77809 41.1 -11.49472 49.77809 44.1 -11.49472 49.77809 41.1 -11.74472 49.84508 44.1 -11.74472 49.84508 41.1 -11.31171 49.59508 44.1 -11.31171 49.59508 41.1 -11.49472 49.77809 44.1 -11.49472 49.77809 41.1 -11.24472 49.34508 44.1 -11.24472 49.34508 41.1 -11.31171 49.59508 44.1 -11.31171 49.59508 41.1 -11.31171 49.09508 44.1 -11.31171 49.09508 41.1 -11.24472 49.34508 44.1 -11.24472 49.34508 41.1 -11.49472 48.91207 44.1 -11.49472 48.91207 41.1 -11.31171 49.09508 44.1 -11.31171 49.09508 44.1 -12.24472 49.34508 42.8 -12.24472 49.34508 44.1 -12.17773 49.59508 42.8 -12.17773 49.59508 44.1 -12.17773 49.09508 42.8 -12.17773 49.09508 44.1 -12.24472 49.34508 42.8 -12.24472 49.34508 44.1 -11.99471 48.91207 42.8 -11.99471 48.91207 44.1 -12.17773 49.09508 42.8 -12.17773 49.09508 44.1 -11.74472 48.84508 42.8 -11.7493 48.8451 44.1 -11.99471 48.91207 42.8 -11.99471 48.91207 41.1 -11.7493 48.8451 41.1 -11.74472 48.84508 41.1 -11.49472 48.91207 44.1 -11.49472 48.91207 42.8 -12.1027 49.69415 41.1 -12.1027 49.69415 41.1 -11.99471 49.77809 44.1 -12.17773 49.59508 42.8 -12.17773 49.59508 44.1 -11.99471 49.77809 42.3 -13.53014 24.07614 44.1 -13.53014 24.07614 42.3 -13.03014 23.94216 44.1 -13.03014 23.94216 42.3 -13.89616 24.44216 44.1 -13.89616 24.44216 42.3 -13.53014 24.07614 44.1 -13.53014 24.07614 42.3 -14.03014 24.94216 44.1 -14.03014 24.94216 42.3 -13.89616 24.44216 44.1 -13.89616 24.44216 42.3 -13.89616 25.44216 44.1 -13.89616 25.44216 42.3 -14.03014 24.94216 44.1 -14.03014 24.94216 42.3 -13.53014 25.80819 44.1 -13.53014 25.80819 42.3 -13.89616 25.44216 44.1 -13.89616 25.44216 42.3 -13.03014 25.94216 44.1 -13.03014 25.94216 42.3 -13.53014 25.80819 44.1 -13.53014 25.80819 42.3 -12.53014 25.80819 44.1 -12.53014 25.80819 42.3 -13.03014 25.94216 44.1 -13.03014 25.94216 42.3 -12.16411 25.44216 44.1 -12.16411 25.44216 42.3 -12.53014 25.80819 44.1 -12.53014 25.80819 42.3 -12.03013 24.94216 44.1 -12.03013 24.94216 42.3 -12.16411 25.44216 44.1 -12.16411 25.44216 42.3 -12.16411 24.44216 44.1 -12.16411 24.44216 42.3 -12.03013 24.94216 44.1 -12.03013 24.94216 42.3 -12.53014 24.07614 44.1 -12.53014 24.07614 42.3 -12.16411 24.44216 44.1 -12.16411 24.44216 42.3 -13.03014 23.94216 44.1 -13.03014 23.94216 42.3 -12.53014 24.07614 44.1 -12.53014 24.07614 42.3 -20.53014 24.07614 44.1 -20.53014 24.07614 42.3 -20.03013 23.94216 44.1 -20.03013 23.94216 42.3 -20.89616 24.44216 44.1 -20.89616 24.44216 42.3 -20.53014 24.07614 44.1 -20.53014 24.07614 42.3 -21.03014 24.94216 44.1 -21.03014 24.94216 42.3 -20.89616 24.44216 44.1 -20.89616 24.44216 42.3 -20.89616 25.44216 44.1 -20.89616 25.44216 42.3 -21.03014 24.94216 44.1 -21.03014 24.94216 42.3 -20.53014 25.80819 44.1 -20.53014 25.80819 42.3 -20.89616 25.44216 44.1 -20.89616 25.44216 42.3 -20.03013 25.94216 44.1 -20.03013 25.94216 42.3 -20.53014 25.80819 44.1 -20.53014 25.80819 42.3 -19.53013 25.80819 44.1 -19.53013 25.80819 42.3 -20.03013 25.94216 44.1 -20.03013 25.94216 42.3 -19.16411 25.44216 44.1 -19.16411 25.44216 42.3 -19.53013 25.80819 44.1 -19.53013 25.80819 42.3 -19.03014 24.94216 44.1 -19.03014 24.94216 42.3 -19.16411 25.44216 44.1 -19.16411 25.44216 42.3 -19.16411 24.44216 44.1 -19.16411 24.44216 42.3 -19.03014 24.94216 44.1 -19.03014 24.94216 42.3 -19.53013 24.07614 44.1 -19.53013 24.07614 42.3 -19.16411 24.44216 44.1 -19.16411 24.44216 42.3 -20.03013 23.94216 44.1 -20.03013 23.94216 42.3 -19.53013 24.07614 44.1 -19.53013 24.07614 -9.824975 1.18178e-6 2 -8.851998 4.262896 2 5.34014e-7 1.18178e-6 2 -8.851998 -4.262897 2 2.186262 -9.578641 2 -2.186261 -9.578641 2 -6.12577 -7.681477 2 9.824975 1.18178e-6 2 8.851995 -4.262897 2 6.125771 -7.681477 2 2.186262 9.578643 2 6.125771 7.681476 2 8.851995 4.262896 2 -6.12577 7.681476 2 -2.186261 9.578643 2 -8.851998 -4.262897 2 -8.851998 -4.262897 -1.42098e-7 -9.824975 1.18178e-6 2 -9.824975 1.18178e-6 -1.42098e-7 -6.12577 -7.681477 2 -6.12577 -7.681477 -1.42098e-7 -8.851998 -4.262897 2 -8.851998 -4.262897 -1.42098e-7 -2.186261 -9.578641 2 -2.186261 -9.578641 -1.42098e-7 -6.12577 -7.681477 2 -6.12577 -7.681477 -1.42098e-7 2.186262 -9.578641 2 2.186262 -9.578641 -1.42098e-7 -2.186261 -9.578641 2 -2.186261 -9.578641 -1.42098e-7 6.125771 -7.681477 2 6.125771 -7.681477 -1.42098e-7 2.186262 -9.578641 2 2.186262 -9.578641 -1.42098e-7 8.851995 -4.262897 2 8.851995 -4.262897 -1.42098e-7 6.125771 -7.681477 2 6.125771 -7.681477 -1.42098e-7 9.824975 1.18178e-6 2 9.824975 1.18178e-6 -1.42098e-7 8.851995 -4.262897 2 8.851995 -4.262897 -1.42098e-7 8.851995 4.262896 2 8.851995 4.262896 -1.42098e-7 9.824975 1.18178e-6 2 9.824975 1.18178e-6 -1.42098e-7 6.125771 7.681476 2 6.125771 7.681476 -1.42098e-7 8.851995 4.262896 2 8.851995 4.262896 -1.42098e-7 2.186262 9.578643 2 2.186262 9.578643 -1.42098e-7 6.125771 7.681476 2 6.125771 7.681476 -1.42098e-7 -2.186261 9.578643 2 -2.186261 9.578643 -1.42098e-7 2.186262 9.578643 2 2.186262 9.578643 -1.42098e-7 -6.12577 7.681476 2 -6.12577 7.681476 -1.42098e-7 -2.186261 9.578643 2 -2.186261 9.578643 -1.42098e-7 -8.851998 4.262896 2 -8.851998 4.262896 -1.42098e-7 -6.12577 7.681476 2 -6.12577 7.681476 -1.42098e-7 -9.824975 1.18178e-6 2 -9.824975 1.18178e-6 -1.42098e-7 -8.851998 4.262896 2 -8.851998 4.262896 -1.42098e-7 15.03749 44.2266 -1.42098e-7 6.162487 44.2266 -1.42098e-7 6.162487 52.24995 -1.42098e-7 -54.99416 -0.7951881 -1.42098e-7 -54.15012 9.630898 -1.42098e-7 -21.28954 18.393 -1.42098e-7 20.68542 -39.0782 -1.42098e-7 20.25 -40.7032 -1.42098e-7 15.03749 -40.4766 -1.42098e-7 20.68542 -42.3282 -1.42098e-7 21.875 -43.51778 -1.42098e-7 18.77651 -51.69557 -1.42098e-7 23.5 -43.9532 -1.42098e-7 23.5 -43.9532 -1.42098e-7 28.22414 -47.2058 -1.42098e-7 25.125 -43.51778 -1.42098e-7 26.31458 -42.3282 -1.42098e-7 26.31458 -42.3282 -1.42098e-7 34.08948 -40.4766 -1.42098e-7 26.75 -40.7032 -1.42098e-7 34.08948 -35.4571 -1.42098e-7 26.31458 -39.0782 -1.42098e-7 25.125 -37.88862 -1.42098e-7 23.5 -37.4532 -1.42098e-7 23.5 -37.4532 -1.42098e-7 15.03749 -35.4571 -1.42098e-7 21.875 -37.88862 -1.42098e-7 40 -33.5 -1.42098e-7 40.71016 -33.88099 -1.42098e-7 41.2666 -34.62736 -1.42098e-7 41.42897 -35.41675 -1.42098e-7 41.2666 34.62737 -1.42098e-7 40.71016 33.88099 -1.42098e-7 34.08948 35.4571 -1.42098e-7 35.44988 42.0511 -1.42098e-7 40.91685 36.75324 -1.42098e-7 41.42897 35.41675 -1.42098e-7 41.29656 36.13236 -1.42098e-7 21.875 43.51778 -1.42098e-7 20.68542 42.3282 -1.42098e-7 26.31458 42.3282 -1.42098e-7 26.84748 48.0021 -1.42098e-7 26.31458 42.3282 -1.42098e-7 25.125 43.51778 -1.42098e-7 23.5 43.9532 -1.42098e-7 20.25 40.7032 -1.42098e-7 20.68542 39.0782 -1.42098e-7 15.03749 35.4571 -1.42098e-7 21.875 37.88861 -1.42098e-7 23.5 37.4532 -1.42098e-7 25.125 37.88861 -1.42098e-7 26.31458 39.0782 -1.42098e-7 26.31458 39.0782 -1.42098e-7 26.75 40.7032 -1.42098e-7 7.07569 54.54286 -1.42098e-7 17.27399 52.21684 -1.42098e-7 15.03749 52.24995 -1.42098e-7 -6.162487 52.24995 -1.42098e-7 -6.162487 44.2266 -1.42098e-7 -13.71057 53.26358 -1.42098e-7 -21.28954 44.2266 -1.42098e-7 -23.54668 49.70456 -1.42098e-7 -32.53109 44.34769 -1.42098e-7 -37.62909 33.0256 -1.42098e-7 -38.81867 31.83601 -1.42098e-7 -40.33883 37.38674 -1.42098e-7 -33.18951 28.58602 -1.42098e-7 -32.75408 30.21101 -1.42098e-7 -21.28954 35.4571 -1.42098e-7 -46.68749 29.07349 -1.42098e-7 -39.25409 30.21101 -1.42098e-7 -51.34744 19.70863 -1.42098e-7 -38.81867 28.58602 -1.42098e-7 -38.81867 28.58602 -1.42098e-7 -37.62909 27.39644 -1.42098e-7 -36.00409 26.96102 -1.42098e-7 -36.00409 26.96102 -1.42098e-7 -34.37908 27.39644 -1.42098e-7 -33.18951 31.83601 -1.42098e-7 -34.37908 33.0256 -1.42098e-7 -34.37908 33.0256 -1.42098e-7 -36.00409 33.46101 -1.42098e-7 -21.28954 -18.393 -1.42098e-7 -53.84902 -11.19251 -1.42098e-7 -39.241 -38.53743 -1.42098e-7 -36.00409 -33.46101 -1.42098e-7 -21.28954 -35.4571 -1.42098e-7 -34.37908 -33.0256 -1.42098e-7 -33.18951 -31.83601 -1.42098e-7 -37.62909 -27.39644 -1.42098e-7 -50.75613 -21.185 -1.42098e-7 -37.62909 -27.39644 -1.42098e-7 -38.81867 -28.58602 -1.42098e-7 -45.82737 -30.41121 -1.42098e-7 -39.25409 -30.21101 -1.42098e-7 -38.81867 -31.83601 -1.42098e-7 -38.81867 -31.83601 -1.42098e-7 -37.62909 -33.0256 -1.42098e-7 -36.00409 -33.46101 -1.42098e-7 -32.75408 -30.21101 -1.42098e-7 -33.18951 -28.58602 -1.42098e-7 -34.37908 -27.39644 -1.42098e-7 -34.37908 -27.39644 -1.42098e-7 -36.00409 -26.96102 -1.42098e-7 -31.23526 -45.26972 -1.42098e-7 -21.28954 -40.4766 -1.42098e-7 -22.09973 -50.36458 -1.42098e-7 -6.162487 -40.4766 -1.42098e-7 -12.16482 -53.63773 -1.42098e-7 8.64973 -54.31548 -1.42098e-7 -1.789919 -54.97077 -1.42098e-7 0.6372488 -50.41742 -1.42098e-7 -2.499997 -48 -1.42098e-7 -2.358034 -48.83046 -1.42098e-7 -12.16482 -53.63773 -1.42098e-7 -1.67746 -49.85367 -1.42098e-7 -0.5915756 -50.429 -1.42098e-7 2.499998 -46 -1.42098e-7 2.359711 -45.1743 -1.42098e-7 6.162487 -40.4766 -1.42098e-7 1.686678 -44.15471 -1.42098e-7 0.6108514 -43.57577 -1.42098e-7 -0.6108503 -43.57577 -1.42098e-7 -1.686677 -44.15471 -1.42098e-7 -2.35971 -45.1743 -1.42098e-7 -2.499997 -46 -1.42098e-7 1.712107 -49.82173 -1.42098e-7 2.373271 -48.78587 -1.42098e-7 2.499998 -48 -1.42098e-7 41.29656 -36.13236 -1.42098e-7 40.91685 -36.75324 -1.42098e-7 36.65088 -41.00856 -1.42098e-7 -6.162487 -18.393 -1.42098e-7 -8.851998 -4.262897 -1.42098e-7 -9.824975 1.18178e-6 -1.42098e-7 6.162487 18.393 -1.42098e-7 6.125771 7.681476 -1.42098e-7 2.186262 9.578643 -1.42098e-7 -6.162487 18.393 -1.42098e-7 -2.186261 9.578643 -1.42098e-7 -6.12577 7.681476 -1.42098e-7 -8.851998 4.262896 -1.42098e-7 8.851995 4.262896 -1.42098e-7 15.03749 18.393 -1.42098e-7 9.824975 1.18178e-6 -1.42098e-7 6.162487 -18.393 -1.42098e-7 6.125771 -7.681477 -1.42098e-7 15.03749 -18.393 -1.42098e-7 8.851995 -4.262897 -1.42098e-7 -6.12577 -7.681477 -1.42098e-7 -2.186261 -9.578641 -1.42098e-7 2.186262 -9.578641 -1.42098e-7 -0.6108503 49.42422 -1.42098e-7 0.6108514 49.42422 -1.42098e-7 1.686678 48.84529 -1.42098e-7 -2.35971 46.1743 -1.42098e-7 -1.686677 45.1547 -1.42098e-7 -0.6108503 44.57577 -1.42098e-7 0.6108514 44.57577 -1.42098e-7 1.686678 45.1547 -1.42098e-7 -1.686677 48.84529 -1.42098e-7 -2.35971 47.8257 -1.42098e-7 -2.499997 47 -1.42098e-7 2.359711 46.1743 -1.42098e-7 2.499998 47 -1.42098e-7 2.359711 47.8257 -1.42098e-7 -6.162487 -35.4571 -1.42098e-7 6.162487 -35.4571 -1.42098e-7 -6.162487 35.4571 -1.42098e-7 6.162487 35.4571 -1.42098e-7 -3.37854 54.89604 -1.42098e-7 -13.71057 53.26358 -1.42098e-7 34.08948 -18.393 -1.42098e-7 34.08948 18.393 -1.42098e-7 40 33.5 -1.42098e-7 40.7 -1.000001 135.5 40.7 -1.000001 138.5 40.9878 -1.000001 135.5 40.9878 -1.000001 138.5 40.7 0.9999995 135.5 40.7 0.9999995 138.5 40.7 1.18178e-6 135.5 40.7 -1.000001 138.5 40.7 -1.000001 135.5 40.7 0.9999995 138.5 40.7 0.9999995 135.5 40.9878 0.9999995 138.5 40.9878 0.9999995 135.5 -23.95234 -21.21993 128.5 18.17807 26.33548 128.5 -28.33459 -14.87114 128.5 11.34736 29.92052 128.5 23.95234 -21.21993 128.5 28.33459 -14.87114 128.5 31.07014 -7.658104 128.5 -18.17808 -26.33548 128.5 -11.34735 -29.92052 128.5 -3.857172 -31.76669 128.5 28.33459 14.87114 128.5 11.34736 -29.92052 128.5 31.07014 7.658103 128.5 32 1.18178e-6 128.5 3.857173 -31.76669 128.5 11.34736 -29.92052 128.5 23.95234 21.21993 128.5 3.857173 31.76668 128.5 -3.857172 31.76668 128.5 -11.34735 29.92052 128.5 -31.07014 7.658103 128.5 -32 1.18178e-6 128.5 -28.33459 14.87114 128.5 -23.95234 21.21993 128.5 -18.17808 26.33548 128.5 -28.33459 -14.87114 128.5 -31.07014 -7.658104 128.5 18.17807 -26.33548 128.5 44.1 -18.23205 48.8 44.1 -18.41507 48.61698 44.1 -17.58253 48.69754 44.1 -13.90192 48.8 44.1 -14.08494 48.61698 44.1 -13.448 48.69754 44.1 -20.34711 49.67499 44.1 -20.82227 49.59508 44.1 -20.75529 49.34508 44.1 -21.00528 48.91207 44.1 -21.25528 48.84508 44.1 -20.34711 48.69754 44.1 -20.82227 49.09508 44.1 -21.50528 48.91207 44.1 -22.61858 48.74264 44.1 -21.68829 49.09508 44.1 -22.38316 49.72719 44.1 -21.75528 49.34508 44.1 -21.68829 49.59508 44.1 -22.13861 50.3557 44.1 -21.50528 49.77809 44.1 -21.00528 49.77809 44.1 -20.34711 50.32254 44.1 -21.25528 49.84508 44.1 -21.86136 50.89538 44.1 -20.34711 51.82254 44.1 -21.07852 51.96686 44.1 -20.47963 52.54217 44.1 -20.01073 52.89906 44.1 -19.552 52.82254 44.1 -19.59539 53.16136 44.1 -17.58253 52.82254 44.1 -17.63227 53.88634 44.1 -16.75 53.23301 44.1 -16.5 53.99076 44.1 -16.5 53.3 44.1 -14.39911 53.62339 44.1 -12.98928 52.89906 44.1 -13.40462 53.16136 44.1 -13.448 52.82254 44.1 -14.448 52.82254 44.1 -13.12806 52.09508 44.1 -11.13864 50.89538 44.1 -13.06107 51.84508 44.1 -10.86138 50.3557 44.1 -13.12806 51.59508 44.1 -13.31107 51.41207 44.1 -13.448 50.32254 44.1 -13.448 49.67499 44.1 -12.17773 49.59508 44.1 -11.99471 49.77809 44.1 -11.74472 49.84508 44.1 -11.49472 49.77809 44.1 -10.61684 49.72719 44.1 -11.31171 49.59508 44.1 -11.24472 49.34508 44.1 -10.38142 48.74264 44.1 -11.31171 49.09508 44.1 -11.49472 48.91207 44.1 -11.74472 48.84508 44.1 -11.99471 48.91207 44.1 -12.17773 49.09508 44.1 -12.24472 49.34508 44.1 -13.448 47.8 44.1 -10.30923 47.8 44.1 -11.49472 46.68793 44.1 -11.31171 46.50491 44.1 -10.61684 45.8728 44.1 -12.24472 46.25491 44.1 -12.17773 46.50491 44.1 -11.99471 46.68793 44.1 -11.74472 46.75492 44.1 -11.24472 46.25491 44.1 -11.31171 46.00491 44.1 -11.13864 44.70462 44.1 -12.17773 46.00491 44.1 -13.448 45.92499 44.1 -11.99471 45.8219 44.1 -13.448 45.27746 44.1 -11.74472 45.75491 44.1 -11.49472 45.8219 44.1 -13.81108 44.18793 44.1 -13.56107 44.25491 44.1 -13.31107 44.18793 44.1 -13.12806 44.00491 44.1 -13.40462 42.43863 44.1 -13.448 42.77746 44.1 -13.44494 42.41556 44.1 -14.448 42.77746 44.1 -14.39911 41.97661 44.1 -16.25 42.36698 44.1 -16.5 41.60923 44.1 -16.5 42.3 44.1 -17.63227 41.71365 44.1 -20.01073 42.70094 44.1 -19.59539 42.43863 44.1 -19.552 42.77746 44.1 -17.58253 42.77746 44.1 -20.47963 43.05783 44.1 -20.34711 43.77746 44.1 -21.07852 43.63314 44.1 -20.34711 45.27746 44.1 -21.86136 44.70462 44.1 -21.50528 45.8219 44.1 -21.68829 46.00491 44.1 -21.86136 44.70462 44.1 -21.75528 46.25491 44.1 -22.69077 47.8 44.1 -21.68829 46.50491 44.1 -21.50528 46.68793 44.1 -21.25528 46.75492 44.1 -21.00528 46.68793 44.1 -20.34711 47.8 44.1 -20.82227 46.50491 44.1 -20.34711 45.92499 44.1 -20.75529 46.25491 44.1 -20.82227 46.00491 44.1 -21.00528 45.8219 44.1 -21.25528 45.75491 44.1 -22.69077 47.8 44.1 -16.5 49.79999 44.1 -16.75 49.86698 44.1 -17.58253 49.67499 44.1 -16.93301 50.05 44.1 -17.58253 50.32254 44.1 -17 50.3 44.1 -17.58253 51.82254 44.1 -16.93301 50.55 44.1 -16.75 50.73301 44.1 -16.5 50.8 44.1 -14.448 51.82254 44.1 -16.25 50.73301 44.1 -16.06699 50.55 44.1 -14.448 50.32254 44.1 -16 50.3 44.1 -14.448 49.67499 44.1 -16.06699 50.05 44.1 -16.25 49.86698 44.1 -13.06107 43.75491 44.1 -13.12806 43.50492 44.1 -13.31107 43.3219 44.1 -13.56107 43.25492 44.1 -13.81108 43.3219 44.1 -13.99409 43.50492 44.1 -14.448 43.77746 44.1 -14.06107 43.75491 44.1 -14.448 45.27746 44.1 -13.99409 44.00491 44.1 -16.75 42.36698 44.1 -16.93301 42.55 44.1 -17 42.8 44.1 -17.58253 43.77746 44.1 -16.93301 43.05 44.1 -16.75 43.23301 44.1 -16.5 43.29999 44.1 -16.25 43.23301 44.1 -16.06699 43.05 44.1 -16 42.8 44.1 -16.06699 42.55 44.1 -19.43893 44.25491 44.1 -19.18893 44.18793 44.1 -17.58253 45.27746 44.1 -19.00591 44.00491 44.1 -18.93892 43.75491 44.1 -19.00591 43.50492 44.1 -19.18893 43.3219 44.1 -19.43893 43.25492 44.1 -19.68893 43.3219 44.1 -19.87194 43.50492 44.1 -19.93893 43.75491 44.1 -19.87194 44.00491 44.1 -19.00591 51.59508 44.1 -18.93892 51.84508 44.1 -19.00591 52.09508 44.1 -19.43893 51.34508 44.1 -19.68893 51.41207 44.1 -19.87194 51.59508 44.1 -19.93893 51.84508 44.1 -19.87194 52.09508 44.1 -19.68893 52.2781 44.1 -19.43893 52.34508 44.1 -19.18893 52.2781 44.1 -14.33493 48.55 44.1 -14.448 47.8 44.1 -14.33493 49.55 44.1 -14.08494 49.48301 44.1 -13.90192 49.3 44.1 -13.83493 49.05 44.1 -14.76795 49.3 44.1 -14.83494 49.05 44.1 -14.76795 48.8 44.1 -14.58494 49.48301 44.1 -13.83493 46.55 44.1 -13.90192 46.3 44.1 -13.90192 46.8 44.1 -14.83494 46.55 44.1 -14.76795 46.8 44.1 -17.58253 47.8 44.1 -14.58494 48.61698 44.1 -14.58494 46.98301 44.1 -14.33493 47.04999 44.1 -14.08494 46.98301 44.1 -14.33493 46.05 44.1 -14.58494 46.11698 44.1 -17.58253 45.92499 44.1 -14.76795 46.3 44.1 -16.25 44.86698 44.1 -16.5 44.8 44.1 -16.75 44.86698 44.1 -16.93301 45.05 44.1 -17 45.3 44.1 -16.93301 45.55 44.1 -16.75 45.73301 44.1 -16.5 45.79999 44.1 -14.448 45.92499 44.1 -14.08494 46.11698 44.1 -16.25 45.73301 44.1 -16.06699 45.55 44.1 -16 45.3 44.1 -16.06699 45.05 44.1 -19.552 48.69754 44.1 -19.552 47.8 44.1 -18.91507 48.61698 44.1 -18.66506 48.55 44.1 -19.09808 48.8 44.1 -19.16506 49.05 44.1 -19.552 49.67499 44.1 -19.09808 49.3 44.1 -18.91507 49.48301 44.1 -18.66506 49.55 44.1 -18.41507 49.48301 44.1 -18.23205 49.3 44.1 -18.16506 49.05 44.1 -16.93301 52.55 44.1 -17 52.8 44.1 -16.93301 53.05 44.1 -16.25 53.23301 44.1 -16.06699 53.05 44.1 -16 52.8 44.1 -16.06699 52.55 44.1 -16.25 52.36698 44.1 -16.5 52.29999 44.1 -16.75 52.36698 44.1 -13.56107 51.34508 44.1 -13.81108 51.41207 44.1 -13.99409 51.59508 44.1 -14.06107 51.84508 44.1 -13.99409 52.09508 44.1 -13.81108 52.2781 44.1 -13.56107 52.34508 44.1 -13.31107 52.2781 44.1 -19.18893 51.41207 44.1 -19.552 50.32254 44.1 -18.16506 46.55 44.1 -18.23205 46.3 44.1 -18.41507 46.11698 44.1 -19.552 45.92499 44.1 -18.66506 46.05 44.1 -18.91507 46.11698 44.1 -18.23205 46.8 44.1 -19.09808 46.8 44.1 -19.16506 46.55 44.1 -19.09808 46.3 44.1 -18.91507 46.98301 44.1 -18.66506 47.04999 44.1 -18.41507 46.98301 44.1 -19.552 45.27746 44.1 -19.68893 44.18793 44.30124 8.563654 27.85 44.30124 7.799999 25 44.30124 8.563654 22.15 44.30124 18.43634 22.15 44.30124 19.2 25 44.30124 18.43634 27.85 44.30124 13.5 30.7 44.30124 10.65 29.93634 44.30124 16.35 29.93634 44.30124 10.65 20.06366 44.30124 16.35 20.06366 44.30124 13.5 19.3 44.1 -19.53013 25.80819 44.1 -19.16411 25.44216 44.1 -13.89616 24.44216 44.1 -19.03014 24.94216 44.1 -19.16411 24.44216 44.1 -21.86136 21.90462 44.1 -20.89616 24.44216 44.1 -22.69077 25 44.1 -21.03014 24.94216 44.1 -21.86136 28.09539 44.1 -20.03013 25.94216 44.1 -20.03013 25.94216 44.1 -14.03014 24.94216 44.1 -13.89616 25.44216 44.1 -11.13864 28.09539 44.1 -12.16411 25.44216 44.1 -10.30923 25 44.1 -12.03013 24.94216 44.1 -11.13864 21.90462 44.1 -12.16411 24.44216 44.1 -12.53014 24.07614 44.1 -13.40462 19.63864 44.1 -13.03014 23.94216 44.1 -13.53014 24.07614 44.1 -16.5 18.80923 44.1 -19.53013 24.07614 44.1 -19.59539 19.63864 44.1 -20.03013 23.94216 44.1 -21.86136 21.90462 44.1 -20.53014 24.07614 44.1 -20.89616 25.44216 44.1 -20.53014 25.80819 44.1 -19.59539 30.36136 44.1 -16.5 31.19077 44.1 -13.53014 25.80819 44.1 -13.40462 30.36136 44.1 -13.03014 25.94216 44.1 -12.53014 25.80819 44.10124 8.563654 22.15 44.30124 8.563654 22.15 44.30124 7.799999 25 44.10124 7.799999 25 44.10124 10.65 20.06366 44.30124 10.65 20.06366 44.30124 8.563654 22.15 44.10124 8.563654 22.15 44.10124 13.5 19.3 44.30124 13.5 19.3 44.30124 10.65 20.06366 44.10124 10.65 20.06366 44.10124 16.35 20.06366 44.30124 16.35 20.06366 44.30124 13.5 19.3 44.10124 13.5 19.3 44.10124 18.43634 22.15 44.30124 18.43634 22.15 44.30124 16.35 20.06366 44.10124 16.35 20.06366 44.10124 19.2 25 44.30124 19.2 25 44.30124 18.43634 22.15 44.10124 18.43634 22.15 42.8 -21.86136 21.90462 44.1 -21.86136 21.90462 44.1 -22.69077 25 42.8 -22.69077 25 42.8 -19.59539 19.63864 44.1 -19.59539 19.63864 44.1 -21.86136 21.90462 42.8 -21.86136 21.90462 42.8 -16.5 18.80923 44.1 -16.5 18.80923 44.1 -19.59539 19.63864 42.8 -19.59539 19.63864 42.8 -13.40462 19.63864 44.1 -13.40462 19.63864 44.1 -16.5 18.80923 42.8 -16.5 18.80923 42.8 -11.13864 21.90462 44.1 -11.13864 21.90462 44.1 -13.40462 19.63864 42.8 -13.40462 19.63864 42.8 -10.30923 25 44.1 -10.30923 25 44.1 -11.13864 21.90462 42.8 -11.13864 21.90462 42.3 -14.9316 40.92839 42.3 -14.64557 41 42.3 -18.0684 40.92839 42.3 -18.35443 41 42.3 -14.64557 41 40.3 -14.64557 41 42.3 -18.35443 41 40.3 -18.35443 41 40.3 -16.5 53.99076 40.30078 -18.35621 54.5998 40.3 -19.59539 53.16136 40.3 -20.02416 53.90403 40.3 -21.86136 50.89538 40.3 -22.60403 51.32416 40.3 -22.69077 47.8 40.3 -23.54833 47.8 40.3 -21.86136 44.70462 40.3 -22.85032 44.74185 40.3 -19.59539 42.43863 40.3 -20.89456 42.28939 40.3 -16.5 41.60923 40.3 -18.35443 41 40.3 -16.5 41.60923 40.3 -14.64557 41 40.3 -13.40462 42.43863 40.3 -12.10544 42.28939 40.3 -11.13864 44.70462 40.3 -10.14968 44.74185 40.3 -10.30923 47.8 40.3 -9.451677 47.8 40.3 -11.13864 50.89538 40.3 -10.39597 51.32416 40.3 -13.40462 53.16136 40.3 -12.97584 53.90403 40.30076 -14.64373 54.59979 42.3 -18.35443 54.6 40.30078 -18.35621 54.5998 42.3 -14.64557 54.6 40.30076 -14.64373 54.59979 42.3 -16.5 54.84832 42.3 -18.35443 54.6 42.3 -14.64557 54.6 44.10124 16.35 29.93634 44.10124 16.75 30.62917 44.10124 13.5 30.7 44.10124 13.5 31.5 44.10124 10.65 29.93634 44.10124 10.25 30.62917 44.10124 8.563654 27.85 44.10124 7.870835 28.25 44.10124 7.799999 25 44.10124 7 25 44.10124 8.563654 22.15 44.10124 7.870835 21.75 44.10124 7.870835 21.75 44.10124 10.65 20.06366 44.10124 10.25 19.37084 44.10124 10.25 19.37084 44.10124 13.5 19.3 44.10124 13.5 18.5 44.10124 13.5 18.5 44.10124 16.35 20.06366 44.10124 16.75 19.37084 44.10124 16.75 19.37084 44.10124 18.43634 22.15 44.10124 19.12917 21.75 44.10124 19.2 25 44.10124 19.12917 21.75 44.10124 20 25 44.10124 18.43634 27.85 44.10124 20 25 44.10124 19.12917 28.25 44.10124 19.12917 28.25 42.8 -13.40462 30.36136 42.8 -12.97584 31.10403 42.8 -16.5 31.19077 42.8 -16.5 32.04832 42.8 -19.59539 30.36136 42.8 -20.02416 31.10403 42.8 -21.86136 28.09539 42.8 -22.60403 28.52416 42.8 -22.69077 25 42.8 -23.54833 25 42.8 -21.86136 21.90462 42.8 -22.60403 21.47584 42.8 -22.60403 21.47584 42.8 -19.59539 19.63864 42.8 -20.02416 18.89597 42.8 -20.02416 18.89597 42.8 -16.5 18.80923 42.8 -16.5 17.95167 42.8 -16.5 17.95167 42.8 -13.40462 19.63864 42.8 -12.97584 18.89597 42.8 -12.97584 18.89597 42.8 -11.13864 21.90462 42.8 -10.39597 21.47584 42.8 -10.30923 25 42.8 -10.39597 21.47584 42.8 -9.451677 25 42.8 -11.13864 28.09539 42.8 -9.451677 25 42.8 -10.39597 28.52416 42.8 -10.39597 28.52416 44.1 -23.54833 47.8 40.3 -23.54833 47.8 44.1 -22.60403 51.32416 40.3 -22.60403 51.32416 40.3 -9.451677 47.8 44.1 -9.451677 47.8 40.3 -10.39597 51.32416 44.1 -10.39597 51.32416 42.3 -16.5 54.84832 44.1 -16.5 54.84832 42.3 -18.35443 54.6 44.1 -20.02416 53.90403 40.30078 -18.35621 54.5998 44.1 -22.60403 51.32416 40.3 -22.60403 51.32416 40.3 -20.02416 53.90403 42.3 -14.64557 54.6 40.30076 -14.64373 54.59979 40.3 -12.97584 53.90403 44.1 -12.97584 53.90403 44.1 -16.5 54.84832 42.3 -16.5 54.84832 40.3 -10.39597 51.32416 44.1 -10.39597 51.32416 44.10124 7.870835 28.25 44.30124 7.870835 28.25 44.10124 7 25 44.30124 7 25 44.10124 10.25 30.62917 44.30124 10.25 30.62917 44.10124 7.870835 28.25 44.30124 7.870835 28.25 44.10124 13.5 31.5 44.30124 13.5 31.5 44.10124 10.25 30.62917 44.30124 10.25 30.62917 44.10124 16.75 30.62917 44.30124 16.75 30.62917 44.10124 13.5 31.5 44.30124 13.5 31.5 44.10124 19.12917 28.25 44.30124 19.12917 28.25 44.10124 16.75 30.62917 44.30124 16.75 30.62917 44.10124 20 25 44.30124 20 25 44.10124 19.12917 28.25 44.30124 19.12917 28.25 42.8 -22.60403 28.52416 44.1 -22.60403 28.52416 42.8 -23.54833 25 44.1 -23.54833 25 42.8 -20.02416 31.10403 44.1 -20.02416 31.10403 42.8 -22.60403 28.52416 44.1 -22.60403 28.52416 42.8 -16.5 32.04832 44.1 -16.5 32.04832 42.8 -20.02416 31.10403 44.1 -20.02416 31.10403 42.8 -12.97584 31.10403 44.1 -12.97584 31.10403 42.8 -16.5 32.04832 44.1 -16.5 32.04832 42.8 -10.39597 28.52416 44.1 -10.39597 28.52416 42.8 -12.97584 31.10403 44.1 -12.97584 31.10403 42.8 -9.451677 25 44.1 -9.451677 25 42.8 -10.39597 28.52416 44.1 -10.39597 28.52416 44.1 -16.13771 56.29228 44.1 -16.5 56.3 44.1 -16.5 54.84832 44.1 -9.451677 47.8 44.1 -7.999997 47.8 44.1 -8.154075 49.41107 44.1 -10.39597 51.32416 44.1 -9.353381 52.40172 44.1 -10.35391 53.67159 44.1 -12.97584 53.90403 44.1 -8.598927 50.93416 44.1 -20.02416 53.90403 44.1 -21.42035 54.73109 44.1 -22.60403 51.32416 44.1 -22.64609 53.67159 44.1 -11.57964 40.8689 44.1 -10.35391 41.9284 44.1 -12.10544 42.28939 44.1 -9.353381 43.19828 44.1 -10.14968 44.74185 44.1 -8.598927 44.66583 44.1 -8.154075 46.18892 44.1 -13.00823 40.05031 44.1 -14.9316 40.92839 44.1 -14.51297 39.53551 44.1 -16.8623 56.29228 44.1 -18.48704 56.06448 44.1 -20.02416 53.90403 44.1 -19.99177 55.54968 44.1 -11.57964 54.73109 44.1 -13.00823 55.54968 44.1 -16.5 54.84832 44.1 -14.51297 56.06448 44.1 -24.84592 49.41107 44.1 -23.54833 47.8 44.1 -24.40108 50.93416 44.1 -23.64662 52.40172 44.1 -18.48704 39.53551 44.1 -16.8623 39.30772 44.1 -18.0684 40.92839 44.1 -16.5 39.29999 44.1 -16.13771 39.30772 44.1 -20.89456 42.28939 44.1 -21.42035 40.8689 44.1 -18.0684 40.92839 44.1 -19.99177 40.05031 44.1 -25 47.8 44.1 -24.84592 46.18892 44.1 -22.85032 44.74185 44.1 -24.40108 44.66583 44.1 -23.64662 43.19828 44.1 -22.64609 41.9284 44.30124 7 25 44.30124 5.500001 25 44.30124 5.644669 23.48548 44.30124 11.98548 17.14467 44.30124 13.5 18.5 44.30124 10.43853 17.60896 44.30124 13.5 18.5 44.30124 10.25 19.37084 44.30124 9.068156 18.33976 44.30124 7.870835 21.75 44.30124 6.108963 21.93853 44.30124 6.839761 20.56816 44.30124 7.843145 19.34315 44.30124 10.25 30.62917 44.30124 9.068156 31.66024 44.30124 7.843145 30.65686 44.30124 13.5 31.5 44.30124 13.5 33 44.30124 11.98548 32.85533 44.30124 21.37846 23.61081 44.30124 20 25 44.30124 21.02678 22.28937 44.30124 19.12917 21.75 44.30124 20.42821 21 44.30124 19.63179 19.8618 44.30124 7.870835 28.25 44.30124 18.6423 31.12836 44.30124 16.75 30.62917 44.30124 19.63179 30.13821 44.30124 19.12917 28.25 44.30124 20.42821 29 44.30124 21.5 25 44.30124 21.37846 26.38919 44.30124 21.02678 27.71063 44.30124 18.6423 18.87164 44.30124 16.75 19.37084 44.30124 17.48603 18.06375 44.30124 13.5 17 44.30124 14.85114 17.11492 44.30124 14.85114 17.11492 44.30124 16.23616 17.48246 44.30124 6.839761 29.43184 44.30124 6.108963 28.06147 44.30124 5.644669 26.51452 44.30124 10.43853 32.39103 44.30124 17.48603 31.93625 44.30124 16.75 30.62917 44.30124 16.23616 32.51754 44.30124 14.85114 32.88507 44.1 -23.54833 25 44.1 -25 25 44.1 -24.84629 23.39082 44.1 -18.10918 16.65371 44.1 -16.5 17.95167 44.1 -19.75281 17.14702 44.1 -16.5 17.95167 44.1 -20.02416 18.89597 44.1 -21.20883 17.9235 44.1 -22.60403 21.47584 44.1 -20.02416 31.10403 44.1 -21.20883 32.0765 44.1 -22.51041 31.01041 44.1 -24.35298 21.74719 44.1 -23.5765 20.29117 44.1 -22.51041 18.98959 44.1 -22.60403 28.52416 44.1 -23.5765 29.70883 44.1 -24.35298 28.25281 44.1 -24.84629 26.60918 44.1 -15.06441 33.37789 44.1 -16.5 33.5 44.1 -16.5 32.04832 44.1 -18.10918 33.34629 44.1 -19.75281 32.85297 44.1 -8.502793 27.88005 44.1 -10.39597 28.52416 44.1 -8.129138 26.47601 44.1 -9.451677 25 44.1 -7.999997 25 44.1 -9.984973 19.54066 44.1 -9.138781 20.75 44.1 -10.39597 21.47584 44.1 -8.502793 22.11995 44.1 -8.502793 22.11995 44.1 -8.129138 23.52399 44.1 -11.0363 18.48862 44.1 -12.97584 18.89597 44.1 -12.26484 17.63023 44.1 -16.5 16.5 44.1 -15.06441 16.62211 44.1 -15.06441 16.62211 44.1 -13.59283 17.01261 44.1 -13.59283 32.98738 44.1 -12.97584 31.10403 44.1 -12.26484 32.36977 44.1 -9.138781 29.25 44.1 -9.984973 30.45934 44.1 -12.97584 31.10403 44.1 -11.0363 31.51138 41.05 32.36863 67.5211 41.05 32.45 68 41.05 29.63137 67.5211 41.05 29.55 68 41.05 31.35429 69.40604 41.05 30.64571 69.40604 41.05 30.02173 69.07028 41.05 31.35429 66.59396 41.05 31.97827 66.92973 41.05 30.64571 66.59396 41.05 30.02173 66.92973 41.05 29.63137 68.47891 41.05 32.36863 68.47891 41.05 31.97827 69.07028 41.05 29.63137 8.478906 41.05 32.45 8.000001 41.05 32.36863 8.478906 41.05 30.02173 6.929729 41.05 30.64571 6.59395 41.05 31.35429 6.59395 41.05 30.64571 9.406049 41.05 30.02173 9.070275 41.05 31.35429 9.406049 41.05 31.97827 9.070275 41.05 29.55 8.000001 41.05 29.63137 7.521096 41.05 32.36863 7.521096 41.05 31.97827 6.929729 41.05 -29.63137 7.521096 41.05 -29.55 8.000001 41.05 -32.36863 7.521096 41.05 -31.3543 9.406049 41.05 -31.97828 9.070275 41.05 -32.36863 8.478906 41.05 -29.63137 8.478906 41.05 -30.02173 9.070275 41.05 -30.64571 9.406049 41.05 -30.02173 6.929729 41.05 -30.64571 6.59395 41.05 -31.3543 6.59395 41.05 -31.97828 6.929729 41.05 -32.45 8.000001 41.05 -29.63137 67.5211 41.05 -29.55 68 41.05 -32.36863 67.5211 41.05 -32.45 68 41.05 -32.36863 68.47891 41.05 -29.63137 68.47891 41.05 -30.02173 69.07028 41.05 -30.64571 66.59396 41.05 -30.02173 66.92973 41.05 -31.3543 66.59396 41.05 -31.97828 66.92973 41.05 -30.64571 69.40604 41.05 -31.3543 69.40604 41.05 -31.97828 69.07028 42.3 11.49731 16.22565 43.30124 15.50269 16.22565 43.30124 13.5 16 43.30124 6.007233 20.01418 43.30124 5.391279 21.09505 42.3 5.391279 21.09505 42.3 4.5 25 43.30124 4.662754 23.29617 43.30124 7.88859 17.96352 42.3 7.88859 17.96352 43.30124 10.05585 16.68508 42.3 11.49731 16.22565 43.30124 11.49731 16.22565 43.30124 13.5 16 42.3 -19.53013 24.07614 42.3 -19.16411 24.44216 42.3 -13.89616 25.44216 42.3 -13.10589 31.8 42.3 -13.53014 25.80819 42.3 -13.89616 25.44216 42.3 -20.53014 25.80819 42.3 -20.89616 25.44216 42.3 -24.00066 26.22476 42.3 -21.03014 24.94216 42.3 -23.84185 23.03601 42.3 -20.89616 24.44216 42.3 -22.38737 20.19388 42.3 -20.53014 24.07614 42.3 -20.03013 23.94216 42.3 -20.03013 23.94216 42.3 -14.03014 24.94216 42.3 -13.89616 24.44216 42.3 -12.53014 24.07614 42.3 -12.16411 24.44216 42.3 -8.999343 23.77523 42.3 -12.03013 24.94216 42.3 -9.158161 26.96399 42.3 -12.16411 25.44216 42.3 -10.61263 29.80612 42.3 -12.53014 25.80819 42.3 -13.03014 25.94216 42.3 -22.96355 28.99782 42.3 -20.74643 31.303 42.3 -20.03013 25.94216 42.3 -19.89411 31.8 42.3 -19.53013 25.80819 42.3 -19.16411 25.44216 42.3 -19.03014 24.94216 42.3 -19.89411 18.2 42.3 -13.53014 24.07614 42.3 -13.10589 18.2 42.3 -13.03014 23.94216 42.3 -12.25357 18.69701 42.3 -10.03645 21.00218 42.3 -13.4 64.30001 42.3 -13.81532 62.75 42.3 -13.77572 65.77929 42.3 -19.22428 65.77929 42.3 -14.81181 66.9 42.3 -18.1882 66.9 42.3 -16.5 61.2 42.3 -18.05 61.61532 42.3 -14.95 61.61532 42.3 -19.18468 62.75 42.3 -19.6 64.30001 40.3 -19.89411 31.8 40.3 -13.10589 31.8 42.3 -19.89411 31.8 42.3 -13.10589 31.8 40.3 -22.38737 20.19388 42.3 -22.38737 20.19388 42.3 -19.89411 18.2 40.3 -19.89411 18.2 40.3 -23.84185 23.03601 42.3 -23.84185 23.03601 42.3 -22.38737 20.19388 40.3 -22.38737 20.19388 40.3 -24.00066 26.22476 42.3 -24.00066 26.22476 42.3 -23.84185 23.03601 40.3 -23.84185 23.03601 40.3 -22.96355 28.99782 42.3 -22.96355 28.99782 42.3 -24.00066 26.22476 40.3 -24.00066 26.22476 40.3 -19.89411 31.8 42.3 -19.89411 31.8 42.3 -20.74643 31.303 40.3 -20.74643 31.303 42.3 -22.96355 28.99782 40.3 -22.96355 28.99782 40.3 -13.10589 18.2 40.3 -19.89411 18.2 42.3 -13.10589 18.2 42.3 -19.89411 18.2 40.3 -10.61263 29.80612 42.3 -10.61263 29.80612 42.3 -13.10589 31.8 40.3 -13.10589 31.8 40.3 -9.158161 26.96399 42.3 -9.158161 26.96399 42.3 -10.61263 29.80612 40.3 -10.61263 29.80612 40.3 -8.999343 23.77523 42.3 -8.999343 23.77523 42.3 -9.158161 26.96399 40.3 -9.158161 26.96399 40.3 -10.03645 21.00218 42.3 -10.03645 21.00218 42.3 -8.999343 23.77523 40.3 -8.999343 23.77523 40.3 -13.10589 18.2 42.3 -13.10589 18.2 42.3 -12.25357 18.69701 40.3 -12.25357 18.69701 42.3 -10.03645 21.00218 40.3 -10.03645 21.00218 42.3 -14.81181 66.9 42.3 -18.1882 66.9 40.3 -14.81181 66.9 40.3 -18.1882 66.9 40.3 -19.22428 65.77929 42.3 -19.22428 65.77929 40.3 -19.6 64.30001 42.3 -19.6 64.30001 40.3 -18.1882 66.9 42.3 -18.1882 66.9 40.3 -19.22428 65.77929 42.3 -19.22428 65.77929 28.33459 14.87114 138.5 31.07014 7.658103 138.5 40.7 0.9999995 138.5 40.7 -1.000001 138.5 32 1.18178e-6 138.5 40.7 -1.000001 138.5 31.07014 -7.658104 138.5 -18.17808 26.33548 138.5 -27.63197 30.28985 138.5 -23.95234 21.21993 138.5 -33.28687 23.93709 138.5 -28.33459 14.87114 138.5 -37.5094 16.5543 138.5 -31.07014 7.658103 138.5 -40.11786 8.459153 138.5 -32 1.18178e-6 138.5 -41 1.18178e-6 138.5 -31.07014 -7.658104 138.5 -40.11786 -8.459155 138.5 -28.33459 -14.87114 138.5 -37.5094 -16.5543 138.5 -23.95234 -21.21993 138.5 -33.28687 -23.93709 138.5 -27.63197 -30.28984 138.5 -18.17808 -26.33548 138.5 -20.78802 -35.33919 138.5 -11.34735 -29.92052 138.5 -13.04955 -38.86784 138.5 -3.857172 -31.76669 138.5 -4.749536 -40.72397 138.5 3.857173 -31.76669 138.5 3.754855 -40.8277 138.5 11.34736 -29.92052 138.5 12.09767 -39.17457 138.5 18.17807 -26.33548 138.5 23.95234 21.21993 138.5 26.88496 30.95478 138.5 18.17807 26.33548 138.5 19.91991 35.8357 138.5 11.34736 29.92052 138.5 12.09767 39.17456 138.5 3.857173 31.76668 138.5 3.754855 40.8277 138.5 -3.857172 31.76668 138.5 -4.749536 40.72397 138.5 -11.34735 29.92052 138.5 -13.04955 38.86784 138.5 -20.78802 35.33919 138.5 39.8996 9.435118 138.5 37.09448 17.46424 138.5 32.69313 24.74184 138.5 40.9878 -1.000001 138.5 39.8996 -9.43512 138.5 37.09448 -17.46424 138.5 28.33459 -14.87114 138.5 32.69313 -24.74184 138.5 23.95234 -21.21993 138.5 26.88496 -30.95478 138.5 19.91991 -35.8357 138.5 23.95234 21.21993 138.5 40.9878 0.9999995 138.5 42.30125 19.56776 19.25544 42.30125 16.88739 17.53924 42.30125 18.48792 18.74535 42.30125 16.97107 17.79225 42.30125 15.28016 17.20058 42.30125 15.34558 17.11397 42.30125 13.75 17.00391 42.30125 21.36689 21.88088 42.30125 20.70775 21.52893 42.30125 22 25 42.30125 21.5 25 42.30125 21.36689 28.11913 42.30125 20.70775 28.47107 42.30125 19.56776 30.74456 42.30125 18.48792 31.25465 42.30125 16.88739 32.46076 42.30125 16.97107 32.20775 42.30125 15.34558 32.88602 42.30125 15.28016 32.79942 42.30125 13.75 32.99609 42.30125 19.56776 19.25544 40.3 19.56776 19.25544 42.30125 16.88739 17.53924 40.3 16.88739 17.53924 42.30125 15.34558 17.11397 40.3 13.75 17.00391 42.30125 13.75 17.00391 42.30125 21.36689 21.88088 40.3 21.36689 21.88088 42.30125 19.56776 19.25544 40.3 19.56776 19.25544 42.30125 22 25 40.3 22 25 42.30125 21.36689 21.88088 40.3 21.36689 21.88088 42.32538 -4.35217e-5 72 42.3 1.465299 72 42.3 -1.465386 72 40 33.5 72 42.3 33.5 72 42.3 1.465299 72 42.3 -33.5 72 40 -33.5 72 42.3 -1.465386 72 42.32538 -4.35217e-5 72 42.30125 20.70775 21.52893 40 20.70775 21.52893 40 21.5 25 42.30125 21.5 25 40 15.28016 17.20058 40.3 13.75 17.00391 40 11.71983 17.20058 42.30125 15.28016 17.20058 42.30125 13.75 17.00391 40 15.28016 17.20058 40.3 13.75 17.00391 42.30125 16.97107 17.79225 40 18.48792 18.74535 40 18.48792 18.74535 42.30125 18.48792 18.74535 40 20.70775 21.52893 42.30125 20.70775 21.52893 40 6.292248 21.52893 40.3 6.292248 21.52893 40.3 5.500001 25 40 5.500001 25 40 8.512082 18.74535 40.3 8.512082 18.74535 40.3 6.292248 21.52893 40 6.292248 21.52893 40 11.71983 17.20058 40.3 8.512082 18.74535 40 8.512082 18.74535 40.3 13.75 17.00391 40.3 11.71983 17.20058 40.3 -5.782606 41.36617 40.3 -16.71277 35.30138 40 -5.782629 41.36634 40 -16.71279 35.30155 40.3 -16.71277 35.30138 40.3 -19.62692 37.05069 40 -16.71279 35.30155 40.3 -21.85051 38.38547 40 -27.43013 41.73495 40.3 -25.76556 40.7356 40.3 -27.4301 41.73479 40.3 -27.4301 41.73479 40.3 -27.21728 54.23298 40 -27.43013 41.73495 40 -27.2173 54.23315 40 -27.2173 54.23315 40.3 -27.21728 54.23298 40.3 -25.76556 55.03849 40.3 -16.28712 60.29776 40 -16.28714 60.29793 40.3 -21.85051 57.21082 40.3 -25.38437 55.25 40.3 -16.28712 60.29776 40.3 -5.569788 53.86436 40 -16.28714 60.29793 40 -5.56981 53.86453 40.3 -5.569788 53.86436 40.3 -5.782606 41.36617 40 -5.56981 53.86453 40 -5.782629 41.36634 40.7 0.9999995 135.5 40.7 1.18178e-6 135.5 39.81061 8.462006 135.5 39.81061 -8.462008 135.5 40.7 1.18178e-6 135.5 40.7 -1.000001 135.5 20.35 35.24723 135.5 26.88496 30.95478 135.5 27.23362 30.246 135.5 32.69313 24.74184 135.5 32.92699 23.92286 135.5 37.09448 17.46424 135.5 37.1813 16.55418 135.5 39.8996 9.435118 135.5 40.9878 0.9999995 135.5 40.9878 -1.000001 135.5 39.8996 -9.43512 135.5 37.1813 -16.55418 135.5 37.09448 -17.46424 135.5 32.92699 -23.92286 135.5 32.69313 -24.74184 135.5 27.23362 -30.24599 135.5 26.88496 -30.95478 135.5 20.35 -35.24723 135.5 19.91991 -35.8357 135.5 12.57699 -38.708 135.5 12.09767 -39.17457 135.5 4.254308 -40.47704 135.5 3.754855 -40.8277 135.5 -4.254311 -40.47704 135.5 -4.749536 -40.72397 135.5 -12.57699 -38.708 135.5 -13.04955 -38.86784 135.5 -20.35 -35.24723 135.5 -20.78802 -35.33919 135.5 -27.23362 -30.24599 135.5 -27.63197 -30.28984 135.5 -32.92699 -23.92286 135.5 -33.28687 -23.93709 135.5 -37.1813 -16.55418 135.5 -37.5094 -16.5543 135.5 -39.8106 -8.462008 135.5 -40.11786 -8.459155 135.5 -40.7 1.18178e-6 135.5 -41 1.18178e-6 135.5 -39.8106 8.462006 135.5 -40.11786 8.459153 135.5 -37.1813 16.55418 135.5 -37.5094 16.5543 135.5 -32.92699 23.92286 135.5 -33.28687 23.93709 135.5 -27.23362 30.246 135.5 -27.63197 30.28985 135.5 -20.35 35.24723 135.5 -20.78802 35.33919 135.5 -12.57699 38.708 135.5 -13.04955 38.86784 135.5 -4.254311 40.47704 135.5 -4.749536 40.72397 135.5 4.254308 40.47704 135.5 3.754855 40.8277 135.5 12.57699 38.708 135.5 12.09767 39.17456 135.5 19.91991 35.8357 135.5 21.01003 36.08101 82.55101 20.86975 36.15908 82.64292 21.14761 36.00795 82.41017 23.5 43.9532 10 21.53731 48.83819 10 21.875 43.51778 10 21.32448 48.04072 10 20.68542 42.3282 10 18.81385 43.07016 10 20.25 40.7032 10 18.31649 41.53611 10 20.68542 39.0782 10 18.51593 39.05347 10 21.875 37.88861 10 19.8371 36.94212 10 21.98265 35.67724 10 23.5 37.4532 10 24.4697 35.54352 10 25.125 37.88861 10 26.73851 36.57106 10 26.31458 39.0782 10 27.89293 37.82836 10 26.75 40.7032 10 30.94224 42.48788 10 26.31458 42.3282 10 31.52577 43.0705 10 21.41185 49.65194 10 27.06753 47.53715 10 20.96935 50.34643 10 20.93398 50.5391 10 20.28326 50.80375 10 27.35156 47.3743 10 32.29324 43.36906 10 33.30115 43.39891 10 32.29324 43.36906 10 33.11575 43.33343 10 33.85571 42.9677 10 25.125 43.51778 10 33.30115 -43.39891 10 33.85571 -42.9677 10 33.11661 -43.3332 10 27.35156 -47.3743 10 21.875 -37.88862 10 19.86602 -36.91417 10 20.68542 -39.0782 10 18.52392 -39.02955 10 20.25 -40.7032 10 18.31488 -41.52602 10 20.68542 -42.3282 10 18.81385 -43.07016 10 21.875 -43.51778 10 21.32447 -48.04071 10 23.5 -43.9532 10 21.51932 -48.65737 10.00047 25.125 -43.51778 10 32.29391 -43.36917 10 26.31458 -42.3282 10 32.29391 -43.36917 10 31.52645 -43.07094 10 26.75 -40.7032 10 30.94224 -42.48789 10 26.31458 -39.0782 10 27.89293 -37.82836 10 25.125 -37.88862 10 26.80515 -36.62416 10 23.5 -37.4532 10 24.53862 -35.55695 10 22.0356 -35.66157 10 21.53275 -49.11873 10.00049 21.41185 -49.65194 10 27.35156 -47.3743 10 27.06753 -47.53715 10 21.41185 -49.65194 10 20.93398 -50.5391 10 20.95647 -50.35945 10.00017 20.28326 -50.80375 10 20.73458 -36.2403 82.54377 20.86973 -36.15909 82.64287 20.60354 -36.32253 82.39857 -37.1813 16.55418 128.5 -39.60756 10.61282 128.5 -39.8106 8.462006 128.5 -40.65396 5.352197 128.5 -40.7 1.18178e-6 128.5 35.51117 -20.50238 128.5 37.1813 -16.55418 128.5 32.92699 -23.92286 128.5 20.35 -35.24723 128.5 24.96212 -32.53127 128.5 27.23362 -30.24599 128.5 28.99475 -28.99475 128.5 32.53127 -24.96212 128.5 4.254308 -40.47704 128.5 10.61282 -39.60757 128.5 12.57699 -38.708 128.5 15.69185 -37.88346 128.5 20.50238 -35.51117 128.5 -20.35 35.24723 128.5 -24.96212 32.53127 128.5 -27.23362 30.246 128.5 -28.99475 28.99475 128.5 -32.92699 23.92286 128.5 -4.254311 40.47704 128.5 -10.61281 39.60757 128.5 -12.57699 38.708 128.5 -15.69185 37.88346 128.5 -20.35 35.24723 128.5 -20.50238 35.51117 128.5 40.7 1.18178e-6 128.5 40.65396 5.352197 128.5 39.81061 8.462006 128.5 39.60757 10.61282 128.5 37.1813 16.55418 128.5 -4.254311 -40.47704 128.5 5.34014e-7 -41.00476 128.5 5.352196 -40.65397 128.5 -41.00477 1.18178e-6 128.5 -40.65396 -5.352194 128.5 -39.8106 -8.462008 128.5 -39.60756 -10.61282 128.5 -37.1813 -16.55418 128.5 -32.53127 24.96212 128.5 -32.92699 23.92286 128.5 -35.51117 20.50238 128.5 -37.1813 16.55418 128.5 -37.88346 15.69184 128.5 37.88346 -15.69185 128.5 39.60757 -10.61282 128.5 39.81061 -8.462008 128.5 40.65396 -5.352194 128.5 40.7 1.18178e-6 128.5 41.00477 1.18178e-6 128.5 -20.35 -35.24723 128.5 -15.69185 -37.88346 128.5 -12.57699 -38.708 128.5 -10.61281 -39.60757 128.5 -5.352199 -40.65397 128.5 -37.88346 -15.69185 128.5 -35.51117 -20.50238 128.5 -32.92699 -23.92286 128.5 20.35 35.24723 128.5 15.69185 37.88346 128.5 12.57699 38.708 128.5 10.61282 39.60757 128.5 4.254308 40.47704 128.5 37.88346 15.69184 128.5 37.1813 16.55418 128.5 35.51117 20.50238 128.5 32.92699 23.92286 128.5 -32.53127 -24.96212 128.5 -28.99475 -28.99475 128.5 -27.23362 -30.24599 128.5 -24.96212 -32.53127 128.5 -20.50238 -35.51117 128.5 5.352196 40.65396 128.5 4.254308 40.47704 128.5 5.34014e-7 41.00477 128.5 -4.254311 40.47704 128.5 -5.352199 40.65396 128.5 32.53127 24.96212 128.5 32.92699 23.92286 128.5 28.99475 28.99475 128.5 27.23362 30.246 128.5 24.96212 32.53127 128.5 20.35 35.24723 128.5 20.50238 35.51117 128.5 -45.40636 29.65208 10.00004 -44.42914 29.70626 10.00056 -39.25409 30.21101 10 -43.60791 29.34269 10 -38.81867 28.58602 10 -37.62909 27.39644 10 -38.68095 38.68095 10 -37.62909 33.0256 10 -36.00409 33.46101 10 -38.81867 31.83601 10 -43.39891 33.30115 10 -46.21602 29.16576 10.00011 -43.39891 33.30115 10 -46.50978 28.79709 10 -41.77205 35.32035 10 -36.43594 40.80263 10 -36.91658 40.15487 10.00017 -37.10252 39.33427 10 -39.14884 26.00708 10 -37.44008 25.16122 10 -36.00409 26.96102 10 -34.89562 25.07937 10 -34.37908 27.39644 10 -32.6118 26.20416 10 -33.18951 28.58602 10 -31.12563 28.27112 10 -32.75408 30.21101 10 -30.75409 30.21102 10 -33.18951 31.83601 10 -31.18585 32.29597 10 -34.37908 33.0256 10 -32.4101 34.03799 10 -36.46934 37.8501 10 -36.86334 38.36293 10.00047 -31.98575 26.83165 82.64289 -31.78869 27.07901 82.41014 -31.88451 26.95623 82.55101 -45.95532 -29.38292 10.00017 -46.50978 -28.79709 10 -43.39891 -33.30115 10 -37.62909 -33.0256 10 -37.10252 -39.33427 10 -36.00409 -33.46101 10 -37.10252 -39.33427 10 -36.94208 -38.52669 10 -34.37908 -33.0256 10 -36.46934 -37.8501 10 -32.4101 -34.03799 10 -33.18951 -31.83601 10 -31.19097 -32.30778 10 -32.75408 -30.21101 10 -30.75409 -30.21102 10 -33.18951 -28.58602 10 -31.12563 -28.27112 10 -34.37908 -27.39644 10 -32.6118 -26.20416 10 -36.00409 -26.96102 10 -34.89562 -25.07937 10 -37.62909 -27.39644 10 -38.68095 -38.68095 10 -36.43594 -40.80263 10 -36.92424 -40.13823 10 -45.17948 -29.70852 10 -37.44008 -25.16122 10 -39.14884 -26.00708 10 -38.81867 -28.58602 10 -43.60791 -29.34268 10 -39.25409 -30.21101 10 -44.18136 -29.64166 10.00047 -44.63339 -29.735 10.00049 -38.81867 -31.83601 10 -41.77206 -35.32035 10 -32.08922 -26.71263 82.54378 -31.98576 -26.83163 82.64289 -32.19296 -26.59785 82.39859 -31.89983 -26.93725 82.53873 -31.7887 -27.07901 82.41016 -31.98576 -26.83163 82.64289 -1.629814 -49.89598 31.47303 -1.67746 -49.85367 -1.42098e-7 -2.358034 -48.83046 -1.42098e-7 -2.184666 -49.21555 33.23935 -2.482228 -48.29827 35.76602 -2.499997 -48 -1.42098e-7 -2.499997 -48 36.64528 -2.500049 -46.20674 42.82423 -2.499997 -46 -1.42098e-7 -2.499997 -46 43.67191 -2.35971 -45.1743 -1.42098e-7 -2.305567 -45.03317 48.24628 -1.686677 -44.15471 -1.42098e-7 -1.773476 -44.23755 53.06523 35.44988 42.0511 -1.42098e-7 38.8908 38.8908 0.1999995 40.91685 36.75324 -1.42098e-7 35.44988 42.0511 -1.42098e-7 33.48182 43.63436 0.1999995 38.8908 38.8908 0.1999995 26.84748 48.0021 -1.42098e-7 33.48182 43.63436 0.1999995 35.44988 42.0511 -1.42098e-7 21.04755 50.81328 0.1999995 26.84748 48.0021 -1.42098e-7 17.27399 52.21684 -1.42098e-7 7.07569 54.54286 -1.42098e-7 14.23502 53.12582 0.1999995 17.27399 52.21684 -1.42098e-7 5.34014e-7 54.9999 0.1999995 7.07569 54.54286 -1.42098e-7 -3.37854 54.89604 -1.42098e-7 -13.71057 53.26358 -1.42098e-7 -7.178924 54.52937 0.1999995 -3.37854 54.89604 -1.42098e-7 -21.04755 50.81328 0.1999995 -13.71057 53.26358 -1.42098e-7 -23.54668 49.70456 -1.42098e-7 -32.53109 44.34769 -1.42098e-7 -27.49995 47.63132 0.1999995 -23.54668 49.70456 -1.42098e-7 -33.48182 43.63436 0.1999995 -32.53109 44.34769 -1.42098e-7 -38.89081 38.8908 0.1999995 -40.33883 37.38674 -1.42098e-7 -51.34744 19.70863 -1.42098e-7 -50.81328 21.04755 0.1999995 -47.63132 27.49995 0.1999995 -46.68749 29.07349 -1.42098e-7 -43.63435 33.48182 0.1999995 -40.33883 37.38674 -1.42098e-7 -46.68749 29.07349 -1.42098e-7 -53.12582 14.23502 0.1999995 -51.34744 19.70863 -1.42098e-7 -54.15012 9.630898 -1.42098e-7 -54.99416 -0.7951881 -1.42098e-7 -54.52938 7.17893 0.1999995 -54.15012 9.630898 -1.42098e-7 -54.52938 -7.178927 0.1999995 -54.99416 -0.7951881 -1.42098e-7 -53.84902 -11.19251 -1.42098e-7 -50.75613 -21.185 -1.42098e-7 -53.12582 -14.23502 0.1999995 -53.84902 -11.19251 -1.42098e-7 -47.63132 -27.49995 0.1999995 -50.75613 -21.185 -1.42098e-7 -45.82737 -30.41121 -1.42098e-7 -39.241 -38.53743 -1.42098e-7 -43.63435 -33.48182 0.1999995 -45.82737 -30.41121 -1.42098e-7 -33.48182 -43.63436 0.1999995 -39.241 -38.53743 -1.42098e-7 -31.23526 -45.26972 -1.42098e-7 -22.09973 -50.36458 -1.42098e-7 -27.49995 -47.63131 0.1999995 -31.23526 -45.26972 -1.42098e-7 -21.04755 -50.81328 0.1999995 -22.09973 -50.36458 -1.42098e-7 -14.23502 -53.12583 0.1999995 -12.16482 -53.63773 -1.42098e-7 -1.789919 -54.97077 -1.42098e-7 -7.178924 -54.52937 0.1999995 -12.16482 -53.63773 -1.42098e-7 36.65088 -41.00856 -1.42098e-7 33.48182 -43.63436 0.1998504 28.22414 -47.2058 -1.42098e-7 31.34296 -45.19522 0.1998579 18.77651 -51.69557 -1.42098e-7 23.1731 -49.87983 0.1998915 21.04755 -50.81328 0.1999026 28.22414 -47.2058 -1.42098e-7 23.1731 -49.87983 0.1998915 18.77651 -51.69557 -1.42098e-7 18.77651 -51.69557 -1.42098e-7 14.33285 -53.09951 0.1999323 8.64973 -54.31548 -1.42098e-7 5.34014e-7 -54.99991 0.1999995 -1.789919 -54.97077 -1.42098e-7 5.086184 -54.76422 0.1999734 8.64973 -54.31548 -1.42098e-7 -38.81867 -28.58602 -1.42098e-7 -38.81867 -28.58602 10 -39.25409 -30.21101 -1.42098e-7 -39.25409 -30.21101 10 -37.62909 -27.39644 -1.42098e-7 -37.62909 -27.39644 10 -38.81867 -28.58602 -1.42098e-7 -38.81867 -28.58602 10 -36.00409 -26.96102 -1.42098e-7 -36.00409 -26.96102 10 -37.62909 -27.39644 -1.42098e-7 -37.62909 -27.39644 10 -34.37908 -27.39644 -1.42098e-7 -34.37908 -27.39644 10 -36.00409 -26.96102 -1.42098e-7 -36.00409 -26.96102 10 -33.18951 -28.58602 -1.42098e-7 -33.18951 -28.58602 10 -34.37908 -27.39644 -1.42098e-7 -34.37908 -27.39644 10 -32.75408 -30.21101 -1.42098e-7 -32.75408 -30.21101 10 -33.18951 -28.58602 -1.42098e-7 -33.18951 -28.58602 10 -38.81867 31.83601 -1.42098e-7 -38.81867 31.83601 10 -39.25409 30.21101 -1.42098e-7 -39.25409 30.21101 10 -37.62909 33.0256 -1.42098e-7 -37.62909 33.0256 10 -38.81867 31.83601 -1.42098e-7 -38.81867 31.83601 10 -36.00409 33.46101 -1.42098e-7 -36.00409 33.46101 10 -37.62909 33.0256 -1.42098e-7 -37.62909 33.0256 10 -34.37908 33.0256 -1.42098e-7 -34.37908 33.0256 10 -36.00409 33.46101 -1.42098e-7 -36.00409 33.46101 10 -33.18951 31.83601 -1.42098e-7 -33.18951 31.83601 10 -34.37908 33.0256 -1.42098e-7 -34.37908 33.0256 10 -32.75408 30.21101 -1.42098e-7 -32.75408 30.21101 10 -33.18951 31.83601 -1.42098e-7 -33.18951 31.83601 10 20.68542 -39.0782 -1.42098e-7 20.68542 -39.0782 10 20.25 -40.7032 -1.42098e-7 20.25 -40.7032 10 21.875 -37.88862 -1.42098e-7 21.875 -37.88862 10 20.68542 -39.0782 -1.42098e-7 20.68542 -39.0782 10 23.5 -37.4532 -1.42098e-7 23.5 -37.4532 10 21.875 -37.88862 -1.42098e-7 21.875 -37.88862 10 25.125 -37.88862 -1.42098e-7 25.125 -37.88862 10 23.5 -37.4532 -1.42098e-7 23.5 -37.4532 10 26.31458 -39.0782 -1.42098e-7 26.31458 -39.0782 10 25.125 -37.88862 -1.42098e-7 25.125 -37.88862 10 26.75 -40.7032 -1.42098e-7 26.75 -40.7032 10 26.31458 -39.0782 -1.42098e-7 26.31458 -39.0782 10 20.68542 42.3282 -1.42098e-7 20.68542 42.3282 10 20.25 40.7032 -1.42098e-7 20.25 40.7032 10 21.875 43.51778 -1.42098e-7 21.875 43.51778 10 20.68542 42.3282 -1.42098e-7 20.68542 42.3282 10 23.5 43.9532 -1.42098e-7 23.5 43.9532 10 21.875 43.51778 -1.42098e-7 21.875 43.51778 10 25.125 43.51778 -1.42098e-7 25.125 43.51778 10 23.5 43.9532 -1.42098e-7 23.5 43.9532 10 26.31458 42.3282 -1.42098e-7 26.31458 42.3282 10 25.125 43.51778 -1.42098e-7 25.125 43.51778 10 26.75 40.7032 -1.42098e-7 26.75 40.7032 10 26.31458 42.3282 -1.42098e-7 26.31458 42.3282 10 26.31458 39.0782 -1.42098e-7 26.31458 39.0782 10 26.75 40.7032 -1.42098e-7 26.75 40.7032 10 25.125 37.88861 -1.42098e-7 25.125 37.88861 10 26.31458 39.0782 -1.42098e-7 26.31458 39.0782 10 23.5 37.4532 -1.42098e-7 23.5 37.4532 10 25.125 37.88861 -1.42098e-7 25.125 37.88861 10 21.875 37.88861 -1.42098e-7 21.875 37.88861 10 23.5 37.4532 -1.42098e-7 23.5 37.4532 10 20.68542 39.0782 -1.42098e-7 20.68542 39.0782 10 21.875 37.88861 -1.42098e-7 21.875 37.88861 10 20.25 40.7032 -1.42098e-7 20.25 40.7032 10 20.68542 39.0782 -1.42098e-7 20.68542 39.0782 10 26.31458 -42.3282 -1.42098e-7 26.31458 -42.3282 10 26.75 -40.7032 -1.42098e-7 26.75 -40.7032 10 25.125 -43.51778 -1.42098e-7 25.125 -43.51778 10 26.31458 -42.3282 -1.42098e-7 26.31458 -42.3282 10 23.5 -43.9532 -1.42098e-7 23.5 -43.9532 10 25.125 -43.51778 -1.42098e-7 25.125 -43.51778 10 21.875 -43.51778 -1.42098e-7 21.875 -43.51778 10 23.5 -43.9532 -1.42098e-7 23.5 -43.9532 10 20.68542 -42.3282 -1.42098e-7 20.68542 -42.3282 10 21.875 -43.51778 -1.42098e-7 21.875 -43.51778 10 20.25 -40.7032 -1.42098e-7 20.25 -40.7032 10 20.68542 -42.3282 -1.42098e-7 20.68542 -42.3282 10 -33.18951 28.58602 -1.42098e-7 -33.18951 28.58602 10 -32.75408 30.21101 -1.42098e-7 -32.75408 30.21101 10 -34.37908 27.39644 -1.42098e-7 -34.37908 27.39644 10 -33.18951 28.58602 -1.42098e-7 -33.18951 28.58602 10 -36.00409 26.96102 -1.42098e-7 -36.00409 26.96102 10 -34.37908 27.39644 -1.42098e-7 -34.37908 27.39644 10 -37.62909 27.39644 -1.42098e-7 -37.62909 27.39644 10 -36.00409 26.96102 -1.42098e-7 -36.00409 26.96102 10 -38.81867 28.58602 -1.42098e-7 -38.81867 28.58602 10 -37.62909 27.39644 -1.42098e-7 -37.62909 27.39644 10 -39.25409 30.21101 -1.42098e-7 -39.25409 30.21101 10 -38.81867 28.58602 -1.42098e-7 -38.81867 28.58602 10 -33.18951 -31.83601 -1.42098e-7 -33.18951 -31.83601 10 -32.75408 -30.21101 -1.42098e-7 -32.75408 -30.21101 10 -34.37908 -33.0256 -1.42098e-7 -34.37908 -33.0256 10 -33.18951 -31.83601 -1.42098e-7 -33.18951 -31.83601 10 -36.00409 -33.46101 -1.42098e-7 -36.00409 -33.46101 10 -34.37908 -33.0256 -1.42098e-7 -34.37908 -33.0256 10 -37.62909 -33.0256 -1.42098e-7 -37.62909 -33.0256 10 -36.00409 -33.46101 -1.42098e-7 -36.00409 -33.46101 10 -38.81867 -31.83601 -1.42098e-7 -38.81867 -31.83601 10 -37.62909 -33.0256 -1.42098e-7 -37.62909 -33.0256 10 -39.25409 -30.21101 -1.42098e-7 -39.25409 -30.21101 10 -38.81867 -31.83601 -1.42098e-7 -38.81867 -31.83601 10 -2.35971 46.1743 -1.42098e-7 -2.231717 45.87288 44.27113 -1.686677 45.1547 -1.42098e-7 -1.633256 45.10693 48.01456 -2.499997 47 -1.42098e-7 -2.499997 47 39.86681 -2.49315 46.81372 40.5251 -2.35971 47.8257 -1.42098e-7 -1.686677 48.84529 -1.42098e-7 -1.705854 48.82792 34.35554 -2.332262 47.90063 36.97172 -1.85614 48.67532 34.76741 -0.005483031 49.49999 32.60232 -0.146761 49.49571 32.61324 -0.6108503 49.42422 -1.42098e-7 -0.6180996 49.42239 32.80069 -1.227825 49.17781 33.43209 0.6108514 49.42422 -1.42098e-7 0.5189484 49.44554 32.74174 0.02502697 49.49988 32.60263 5.34014e-7 49.5 32.60231 1.234524 49.17392 33.44214 1.686678 48.84529 -1.42098e-7 1.704872 48.8285 34.35403 1.852096 48.67921 34.75689 2.359711 47.8257 -1.42098e-7 2.307095 47.96297 36.78701 2.499998 47 39.86681 2.499998 47 -1.42098e-7 2.359711 46.1743 -1.42098e-7 1.686678 45.1547 -1.42098e-7 1.644731 45.11722 47.95886 2.249726 45.9097 44.10962 2.496504 46.8678 40.33192 2.307095 47.96297 36.78701 2.359711 47.8257 -1.42098e-7 44.1 -22.69077 47.8 44.1 -22.61858 48.74264 40.3 -22.69077 47.8 44.1 -22.38316 49.72719 40.3 -21.86136 50.89538 44.1 -22.13861 50.3557 44.1 -21.86136 50.89538 44.1 -20.01073 52.89906 40.3 -19.59539 53.16136 44.1 -20.47963 52.54217 44.1 -21.07852 51.96686 44.1 -19.59539 53.16136 44.1 -17.63227 53.88634 40.3 -16.5 53.99076 44.1 -16.5 53.99076 44.1 -14.39911 53.62339 40.3 -13.40462 53.16136 44.1 -13.40462 53.16136 44.1 -12.98928 52.89906 40.3 -11.13864 50.89538 44.1 -11.13864 50.89538 44.1 -10.86138 50.3557 44.1 -10.30923 47.8 40.3 -10.30923 47.8 44.1 -10.38142 48.74264 44.1 -10.61684 49.72719 44.1 -10.61684 45.8728 40.3 -11.13864 44.70462 44.1 -11.13864 44.70462 44.1 -13.40462 42.43863 40.3 -13.40462 42.43863 44.1 -13.44494 42.41556 44.1 -14.39911 41.97661 40.3 -16.5 41.60923 44.1 -16.5 41.60923 44.1 -17.63227 41.71365 40.3 -19.59539 42.43863 44.1 -19.59539 42.43863 44.1 -20.01073 42.70094 44.1 -20.47963 43.05783 44.1 -21.07852 43.63314 40.3 -21.86136 44.70462 44.1 -21.86136 44.70462 44.10124 18.43634 27.85 44.30124 18.43634 27.85 44.30124 19.2 25 44.10124 19.2 25 44.10124 16.35 29.93634 44.30124 16.35 29.93634 44.30124 18.43634 27.85 44.10124 18.43634 27.85 44.10124 13.5 30.7 44.30124 13.5 30.7 44.30124 16.35 29.93634 44.10124 16.35 29.93634 44.10124 10.65 29.93634 44.30124 10.65 29.93634 44.30124 13.5 30.7 44.10124 13.5 30.7 44.10124 8.563654 27.85 44.30124 8.563654 27.85 44.30124 10.65 29.93634 44.10124 10.65 29.93634 44.10124 7.799999 25 44.30124 7.799999 25 44.30124 8.563654 27.85 44.10124 8.563654 27.85 42.8 -11.13864 28.09539 44.1 -11.13864 28.09539 44.1 -10.30923 25 42.8 -10.30923 25 42.8 -13.40462 30.36136 44.1 -13.40462 30.36136 44.1 -11.13864 28.09539 42.8 -11.13864 28.09539 42.8 -16.5 31.19077 44.1 -16.5 31.19077 44.1 -13.40462 30.36136 42.8 -13.40462 30.36136 42.8 -19.59539 30.36136 44.1 -19.59539 30.36136 44.1 -16.5 31.19077 42.8 -16.5 31.19077 42.8 -21.86136 28.09539 44.1 -21.86136 28.09539 44.1 -19.59539 30.36136 42.8 -19.59539 30.36136 42.8 -22.69077 25 44.1 -22.69077 25 44.1 -21.86136 28.09539 42.8 -21.86136 28.09539 44.1 -10.14968 44.74185 40.3 -10.14968 44.74185 44.1 -12.10544 42.28939 40.3 -12.10544 42.28939 44.1 -9.451677 47.8 40.3 -9.451677 47.8 44.1 -10.14968 44.74185 40.3 -10.14968 44.74185 42.3 -18.35443 41 44.1 -20.89456 42.28939 42.3 -18.0684 40.92839 40.3 -22.85032 44.74185 44.1 -22.85032 44.74185 40.3 -20.89456 42.28939 44.1 -20.89456 42.28939 40.3 -23.54833 47.8 44.1 -23.54833 47.8 40.3 -22.85032 44.74185 44.1 -22.85032 44.74185 42.3 -18.0684 40.92839 44.1 -18.0684 40.92839 42.3 -14.9316 40.92839 44.1 -14.9316 40.92839 42.3 -14.64557 41 44.1 -12.10544 42.28939 40.3 -14.64557 41 40.3 -12.10544 42.28939 44.1 -20.89456 42.28939 44.1 -18.0684 40.92839 42.3 -18.0684 40.92839 42.3 -18.35443 41 40.3 -18.35443 41 40.3 -20.89456 42.28939 44.1 -20.89456 42.28939 44.10124 19.12917 21.75 44.30124 19.12917 21.75 44.10124 20 25 44.30124 20 25 44.10124 16.75 19.37084 44.30124 16.75 19.37084 44.10124 19.12917 21.75 44.30124 19.12917 21.75 44.10124 13.5 18.5 44.30124 13.5 18.5 44.10124 16.75 19.37084 44.30124 16.75 19.37084 44.10124 10.25 19.37084 44.30124 10.25 19.37084 44.10124 13.5 18.5 44.30124 13.5 18.5 44.10124 7.870835 21.75 44.30124 7.870835 21.75 44.10124 10.25 19.37084 44.30124 10.25 19.37084 44.10124 7 25 44.30124 7 25 44.10124 7.870835 21.75 44.30124 7.870835 21.75 42.8 -10.39597 21.47584 44.1 -10.39597 21.47584 42.8 -9.451677 25 44.1 -9.451677 25 42.8 -12.97584 18.89597 44.1 -12.97584 18.89597 42.8 -10.39597 21.47584 44.1 -10.39597 21.47584 42.8 -16.5 17.95167 44.1 -16.5 17.95167 42.8 -12.97584 18.89597 44.1 -12.97584 18.89597 42.8 -20.02416 18.89597 44.1 -20.02416 18.89597 42.8 -16.5 17.95167 44.1 -16.5 17.95167 42.8 -22.60403 21.47584 44.1 -22.60403 21.47584 42.8 -20.02416 18.89597 44.1 -20.02416 18.89597 42.8 -23.54833 25 44.1 -23.54833 25 42.8 -22.60403 21.47584 44.1 -22.60403 21.47584 43.59932 -14.68791 56.61627 43.6 -16.5 56.79999 44.1 -16.5 56.3 44.1 -16.13771 56.29228 44.1 -14.51297 56.06448 43.59922 -14.46031 56.56648 44.1 -13.00823 55.54968 43.59851 -12.65857 55.94034 44.1 -11.57964 54.73109 43.59802 -10.93552 54.87588 44.1 -10.35391 53.67159 43.59797 -9.589282 53.56899 44.1 -9.353381 52.40172 43.59767 -8.493637 51.91627 44.1 -8.598927 50.93416 43.59752 -8.159806 51.18948 44.1 -8.154075 49.41107 43.59732 -7.775376 50.02048 43.59716 -7.49989 48.02185 44.1 -7.999997 47.8 43.59716 -7.497157 47.8 44.1 -8.154075 46.18892 43.59719 -7.731425 45.75991 44.1 -8.598927 44.66583 43.59738 -8.358169 43.95853 44.1 -9.353381 43.19828 43.59746 -8.607541 43.46942 43.59775 -9.423476 42.23555 44.1 -10.35391 41.9284 43.59799 -10.13319 41.43604 44.1 -11.57964 40.8689 43.59824 -10.83859 40.80138 43.59888 -12.36361 39.80538 44.1 -13.00823 40.05031 43.59897 -12.5783 39.69799 44.1 -14.51297 39.53551 43.59959 -14.18413 39.1023 43.59988 -15.30535 38.87926 44.1 -16.13771 39.30772 43.59999 -16.09112 38.80916 44.1 -16.5 39.29999 43.6 -16.5 38.8 44.1 -21.42035 40.8689 43.60141 -20.13152 39.56644 44.1 -19.99177 40.05031 43.60073 -18.45557 39.01567 44.1 -18.48704 39.53551 43.60067 -18.30639 38.98373 44.1 -16.8623 39.30772 44.1 -22.64609 41.9284 43.60202 -22.82439 41.39953 43.60191 -21.77678 40.51128 43.60253 -24.35138 43.40556 43.60215 -23.26971 41.87274 43.60212 -23.18025 41.77205 44.1 -24.84592 46.18892 43.6027 -24.83449 44.41052 44.1 -24.40108 44.66583 44.1 -23.64662 43.19828 44.1 -23.64662 52.40172 43.60263 -24.63645 51.64079 44.1 -24.40108 50.93416 43.60282 -25.26311 49.83906 44.1 -24.84592 49.41107 43.60286 -25.49714 47.8 44.1 -25 47.8 43.60285 -25.47195 47.12709 43.60278 -25.12729 45.24646 44.1 -19.99177 55.54968 43.60186 -21.55226 55.2462 44.1 -21.42035 54.73109 43.60202 -22.75263 54.27062 44.1 -22.64609 53.67159 43.60226 -23.57178 53.36323 43.60255 -24.38676 52.13058 43.60055 -17.99765 56.67403 43.60132 -19.90193 56.13111 43.60152 -20.416 55.90201 44.1 -18.48704 56.06448 44.1 -16.8623 56.29228 43.60042 -17.68895 56.72074 43.30124 15.50269 33.77434 44.30124 16.23616 32.51754 44.30124 17.48603 31.93625 44.30124 13.5 17 43.30124 13.5 16 43.30124 15.50269 16.22565 44.30124 14.85114 17.11492 43.30124 16.57818 16.54277 44.30124 16.23616 17.48246 43.30124 19.11141 17.96352 44.30124 17.48603 18.06375 43.30124 19.28509 18.1056 44.30124 18.6423 18.87164 43.30124 20.39826 19.21952 44.30124 19.63179 19.8618 43.30124 21.29423 20.5 44.30124 20.42821 21 43.30124 21.60872 21.09505 44.30124 21.02678 22.28937 43.30124 22.36327 23.43717 44.30124 21.37846 23.61081 43.30124 22.5 25 44.30124 21.5 25 43.30124 22.36327 26.56283 44.30124 21.37846 26.38919 43.30124 21.60872 28.90496 44.30124 21.02678 27.71063 43.30124 21.29423 29.5 44.30124 20.42821 29 43.30124 20.39826 30.78048 44.30124 19.63179 30.13821 43.30124 19.28509 31.8944 44.30124 18.6423 31.12836 43.30124 19.11141 32.03648 43.30124 17.98428 32.80328 44.30124 14.85114 32.88507 43.30124 13.5 34 44.30124 13.5 33 43.30124 11.49731 33.77434 44.30124 11.98548 32.85533 43.30124 10.05585 33.31491 44.30124 10.43853 32.39103 43.30124 7.88859 32.03648 44.30124 9.068156 31.66024 44.30124 7.843145 30.65686 43.30124 6.007233 29.98583 44.30124 6.839761 29.43184 43.30124 5.391279 28.90496 44.30124 6.108963 28.06147 43.30124 4.662754 26.70383 44.30124 5.644669 26.51452 43.30124 4.5 25 44.30124 5.500001 25 43.30124 4.662754 23.29617 44.30124 5.644669 23.48548 43.30124 5.391279 21.09505 44.30124 6.108963 21.93853 43.30124 6.007233 20.01418 44.30124 6.839761 20.56816 43.30124 7.88859 17.96352 44.30124 7.843145 19.34315 44.30124 9.068156 18.33976 43.30124 10.05585 16.68508 44.30124 10.43853 17.60896 43.30124 11.49731 16.22565 44.30124 11.98548 17.14467 43.6 -14.49731 33.77434 44.1 -13.59283 32.98738 44.1 -12.26484 32.36977 44.1 -16.5 16.5 43.6 -16.5 16 43.6 -14.49731 16.22565 44.1 -15.06441 16.62211 43.6 -13.42182 16.54277 44.1 -13.59283 17.01261 43.6 -10.88859 17.96352 44.1 -12.26484 17.63023 44.1 -12.26484 17.63023 43.6 -10.88859 17.96352 43.6 -10.71491 18.1056 44.1 -11.0363 18.48862 43.6 -9.601737 19.21952 44.1 -9.984973 19.54066 43.6 -8.705777 20.5 44.1 -9.138781 20.75 43.6 -8.391281 21.09505 44.1 -8.502793 22.11995 43.6 -7.636728 23.43717 44.1 -8.129138 23.52399 43.6 -7.500003 25 44.1 -7.999997 25 43.6 -7.636728 26.56283 44.1 -8.129138 26.47601 43.6 -8.391281 28.90496 44.1 -8.502793 27.88005 43.6 -8.705777 29.5 44.1 -9.138781 29.25 43.6 -9.601737 30.78048 44.1 -9.984973 30.45934 43.6 -10.71491 31.8944 44.1 -11.0363 31.51138 43.6 -10.88859 32.03648 43.6 -12.01572 32.80328 44.1 -15.06441 33.37789 43.6 -16.5 34 44.1 -16.5 33.5 43.6 -18.50268 33.77434 44.1 -18.10918 33.34629 43.6 -19.94415 33.31491 44.1 -19.75281 32.85297 43.6 -22.11141 32.03648 44.1 -21.20883 32.0765 44.1 -22.51041 31.01041 43.6 -23.99276 29.98583 44.1 -23.5765 29.70883 43.6 -24.60872 28.90496 44.1 -24.35298 28.25281 43.6 -25.33725 26.70383 44.1 -24.84629 26.60918 43.6 -25.5 25 44.1 -25 25 43.6 -25.33725 23.29617 44.1 -24.84629 23.39082 43.6 -24.60872 21.09505 44.1 -24.35298 21.74719 43.6 -23.99276 20.01418 44.1 -23.5765 20.29117 43.6 -22.11141 17.96352 44.1 -22.51041 18.98959 44.1 -21.20883 17.9235 43.6 -19.94415 16.68508 44.1 -19.75281 17.14702 43.6 -18.50268 16.22565 44.1 -18.10918 16.65371 43.30124 11.49731 33.77434 43.30124 13.5 34 42.3 15.50269 33.77434 42.3 22.5 25 43.30124 22.36327 26.56283 43.30124 22.5 25 42.3 15.50269 16.22565 43.30124 15.50269 16.22565 42.3 11.49731 16.22565 43.30124 20.39826 19.21952 42.3 19.11141 17.96352 43.30124 21.29423 20.5 42.3 21.60872 21.09505 43.30124 21.60872 21.09505 43.30124 19.28509 18.1056 43.30124 19.11141 17.96352 43.30124 16.57818 16.54277 43.30124 22.36327 23.43717 42.3 21.60872 28.90496 43.30124 21.60872 28.90496 42.3 22.5 25 43.30124 22.36327 26.56283 43.30124 19.11141 32.03648 43.30124 19.28509 31.8944 42.3 19.11141 32.03648 43.30124 20.39826 30.78048 43.30124 21.29423 29.5 42.3 15.50269 33.77434 43.30124 13.5 34 43.30124 15.50269 33.77434 43.30124 17.98428 32.80328 43.30124 10.05585 33.31491 43.30124 11.49731 33.77434 42.3 11.49731 33.77434 42.3 15.50269 33.77434 43.30124 7.88859 32.03648 42.3 7.88859 32.03648 43.30124 6.007233 29.98583 42.3 5.391279 28.90496 43.30124 5.391279 28.90496 43.30124 4.662754 26.70383 42.3 4.5 25 43.30124 4.5 25 43.30124 4.662754 23.29617 43.6 -19.94415 33.31491 43.6 -18.50268 33.77434 42.3 -18.50268 33.77434 42.3 -8.391281 28.90496 43.6 -8.391281 28.90496 42.3 -7.500003 25 43.6 -7.636728 26.56283 43.6 -7.500003 25 43.6 -10.88859 32.03648 43.6 -10.71491 31.8944 42.3 -10.88859 32.03648 43.6 -9.601737 30.78048 43.6 -8.705777 29.5 42.3 -14.49731 33.77434 43.6 -16.5 34 42.3 -14.49731 33.77434 43.6 -16.5 34 43.6 -14.49731 33.77434 43.6 -12.01572 32.80328 43.6 -22.11141 32.03648 42.3 -22.11141 32.03648 43.6 -23.99276 29.98583 42.3 -24.60872 28.90496 43.6 -24.60872 28.90496 43.6 -25.33725 26.70383 42.3 -25.5 25 43.6 -25.5 25 43.6 -10.71491 18.1056 43.6 -10.88859 17.96352 42.3 -10.88859 17.96352 43.6 -23.99276 20.01418 43.6 -24.60872 21.09505 42.3 -24.60872 21.09505 43.6 -25.33725 23.29617 43.6 -22.11141 17.96352 42.3 -22.11141 17.96352 43.6 -19.94415 16.68508 42.3 -18.50268 16.22565 42.3 -18.50268 16.22565 43.6 -18.50268 16.22565 43.6 -16.5 16 42.3 -14.49731 16.22565 43.6 -14.49731 16.22565 43.6 -13.42182 16.54277 42.3 -8.391281 21.09505 43.6 -8.391281 21.09505 43.6 -8.705777 20.5 43.6 -9.601737 19.21952 43.6 -7.636728 23.43717 42.1 33.5 68 41.05 32.45 68 42.3 33.5 66.9802 42.3 33.5 66.9802 41.05 32.36863 67.5211 41.05 31.97827 66.92973 41.05 29.55 68 42.3 28.3 68 41.05 29.63137 67.5211 42.3 28.45151 67.10825 41.05 30.02173 66.92973 42.3 29.17839 66.00708 41.05 30.64571 66.59396 42.3 30.34028 65.38185 41.05 31.35429 66.59396 42.3 31.65972 65.38185 42.3 32.82161 66.00708 42.3 33.5 69.01979 42.3 28.45151 68.89176 41.05 29.63137 68.47891 42.3 29.17839 69.99292 41.05 30.02173 69.07028 42.3 30.34028 70.61816 41.05 30.64571 69.40604 42.3 31.65972 70.61816 41.05 31.35429 69.40604 42.3 32.82161 69.99292 41.05 31.97827 69.07028 41.05 32.36863 68.47891 42.1 33.5 8.000001 41.05 32.45 8.000001 42.3 33.5 6.980195 41.05 32.36863 7.521096 41.05 31.97827 6.929729 41.05 29.55 8.000001 42.3 28.3 8.000001 41.05 29.63137 7.521096 42.3 28.45151 7.108244 42.3 28.45151 7.108244 41.05 30.02173 6.929729 42.3 29.17839 6.007079 41.05 30.64571 6.59395 42.3 30.34028 5.381837 41.05 31.35429 6.59395 42.3 31.65972 5.381837 42.3 32.82161 6.007079 41.05 32.45 8.000001 42.3 33.5 9.019804 42.3 28.45151 8.891756 41.05 29.63137 8.478906 42.3 29.17839 9.99292 41.05 30.02173 9.070275 42.3 30.34028 10.61816 41.05 30.64571 9.406049 42.3 31.65972 10.61816 42.3 31.65972 10.61816 41.05 31.35429 9.406049 42.3 32.82161 9.99292 41.05 31.97827 9.070275 41.05 32.36863 8.478906 41.05 -32.45 8.000001 42.1 -33.5 8.000001 42.3 -33.5 6.980195 42.3 -28.3 8.000001 41.05 -29.55 8.000001 42.3 -28.45151 7.108244 41.05 -29.63137 7.521096 42.3 -29.17839 6.007079 41.05 -30.02173 6.929729 42.3 -30.34028 5.381837 41.05 -30.64571 6.59395 42.3 -31.65972 5.381837 41.05 -31.3543 6.59395 42.3 -32.82161 6.007079 41.05 -31.97828 6.929729 41.05 -32.36863 7.521096 41.05 -31.97828 9.070275 42.3 -33.5 9.019804 41.05 -32.36863 8.478906 42.1 -33.5 8.000001 41.05 -29.63137 8.478906 42.3 -28.45151 8.891756 41.05 -30.02173 9.070275 42.3 -29.17839 9.99292 41.05 -30.64571 9.406049 42.3 -30.34028 10.61816 41.05 -31.3543 9.406049 42.3 -31.65972 10.61816 42.3 -32.82161 9.99292 41.05 -32.45 68 42.1 -33.5 68 42.3 -33.5 66.9802 42.3 -28.3 68 41.05 -29.55 68 42.3 -28.45151 67.10825 41.05 -29.63137 67.5211 42.3 -29.17839 66.00708 41.05 -30.02173 66.92973 42.3 -30.34028 65.38185 41.05 -30.64571 66.59396 42.3 -31.65972 65.38185 41.05 -31.3543 66.59396 42.3 -32.82161 66.00708 41.05 -31.97828 66.92973 41.05 -32.36863 67.5211 41.05 -31.97828 69.07028 42.3 -33.5 69.01979 41.05 -32.36863 68.47891 41.05 -29.63137 68.47891 42.3 -28.45151 68.89176 41.05 -30.02173 69.07028 42.3 -29.17839 69.99292 41.05 -30.64571 69.40604 42.3 -30.34028 70.61816 41.05 -31.3543 69.40604 42.3 -31.65972 70.61816 42.3 -32.82161 69.99292 42.3 -33.5 69.01979 40.3 -13.77572 65.77929 42.3 -13.77572 65.77929 40.3 -14.81181 66.9 42.3 -14.81181 66.9 40.3 -13.4 64.30001 42.3 -13.4 64.30001 40.3 -13.77572 65.77929 42.3 -13.77572 65.77929 40.3 -13.81532 62.75 42.3 -13.81532 62.75 40.3 -13.4 64.30001 42.3 -13.4 64.30001 40.3 -14.95 61.61532 42.3 -14.95 61.61532 40.3 -13.81532 62.75 42.3 -13.81532 62.75 40.3 -16.5 61.2 42.3 -16.5 61.2 40.3 -14.95 61.61532 42.3 -14.95 61.61532 40.3 -18.05 61.61532 42.3 -18.05 61.61532 40.3 -16.5 61.2 42.3 -16.5 61.2 40.3 -19.18468 62.75 42.3 -19.18468 62.75 40.3 -18.05 61.61532 42.3 -18.05 61.61532 40.3 -19.6 64.30001 42.3 -19.6 64.30001 40.3 -19.18468 62.75 42.3 -19.18468 62.75 40.3 19.56776 30.74456 42.30125 19.56776 30.74456 40.3 16.88739 32.46076 42.30125 13.75 32.99609 40.3 13.75 32.99609 42.30125 15.34558 32.88602 42.30125 16.88739 32.46076 40.3 21.36689 28.11913 42.30125 21.36689 28.11913 40.3 19.56776 30.74456 42.30125 19.56776 30.74456 40.3 22 25 42.30125 22 25 40.3 21.36689 28.11913 42.30125 21.36689 28.11913 -41 1.18178e-6 138.5 -41 1.18178e-6 135.5 -40.11786 -8.459155 135.5 -40.11786 -8.459155 138.5 -37.5094 -16.5543 135.5 -37.5094 -16.5543 138.5 -33.28687 -23.93709 135.5 -33.28687 -23.93709 138.5 -27.63197 -30.28984 135.5 -27.63197 -30.28984 138.5 -20.78802 -35.33919 135.5 -20.78802 -35.33919 138.5 -13.04955 -38.86784 135.5 -13.04955 -38.86784 138.5 -4.749536 -40.72397 135.5 -4.749536 -40.72397 138.5 3.754855 -40.8277 135.5 3.754855 -40.8277 138.5 12.09767 -39.17457 135.5 12.09767 -39.17457 138.5 19.91991 -35.8357 135.5 19.91991 -35.8357 138.5 26.88496 -30.95478 135.5 26.88496 -30.95478 138.5 32.69313 -24.74184 135.5 32.69313 -24.74184 138.5 37.09448 -17.46424 135.5 37.09448 -17.46424 138.5 39.8996 -9.43512 135.5 39.8996 -9.43512 138.5 40.9878 -1.000001 135.5 40.9878 -1.000001 138.5 40.9878 0.9999995 138.5 40.9878 0.9999995 135.5 39.8996 9.435118 135.5 39.8996 9.435118 138.5 37.09448 17.46424 135.5 37.09448 17.46424 138.5 32.69313 24.74184 135.5 32.69313 24.74184 138.5 26.88496 30.95478 135.5 26.88496 30.95478 138.5 19.91991 35.8357 135.5 19.91991 35.8357 138.5 12.09767 39.17456 135.5 12.09767 39.17456 138.5 3.754855 40.8277 135.5 3.754855 40.8277 138.5 -4.749536 40.72397 135.5 -4.749536 40.72397 138.5 -13.04955 38.86784 135.5 -13.04955 38.86784 138.5 -20.78802 35.33919 135.5 -20.78802 35.33919 138.5 -27.63197 30.28985 135.5 -27.63197 30.28985 138.5 -33.28687 23.93709 135.5 -33.28687 23.93709 138.5 -37.5094 16.5543 135.5 -37.5094 16.5543 138.5 -40.11786 8.459153 135.5 -40.11786 8.459153 138.5 40 11.71983 32.79942 40.3 13.75 32.99609 40 15.28016 32.79942 40 8.512082 31.25465 40.3 8.512082 31.25465 40.3 11.71983 32.79942 40 11.71983 32.79942 40.3 13.75 32.99609 40 6.292248 28.47107 40.3 6.292248 28.47107 40.3 8.512082 31.25465 40 8.512082 31.25465 40 5.500001 25 40.3 5.500001 25 40.3 6.292248 28.47107 40 6.292248 28.47107 40.3 13.75 32.99609 42.30125 13.75 32.99609 42.30125 15.28016 32.79942 42.30125 20.70775 28.47107 40 20.70775 28.47107 40 18.48792 31.25465 42.30125 18.48792 31.25465 40 15.28016 32.79942 42.30125 16.97107 32.20775 42.30125 21.5 25 40 21.5 25 40 20.70775 28.47107 42.30125 20.70775 28.47107 -32 1.18178e-6 128.5 -32 1.18178e-6 138.5 -31.07014 -7.658104 128.5 -31.07014 -7.658104 138.5 -28.33459 -14.87114 128.5 -28.33459 -14.87114 138.5 -23.95234 -21.21993 128.5 -23.95234 -21.21993 138.5 -18.17808 -26.33548 128.5 -18.17808 -26.33548 138.5 -11.34735 -29.92052 128.5 -11.34735 -29.92052 138.5 -3.857172 -31.76669 128.5 -3.857172 -31.76669 138.5 3.857173 -31.76669 128.5 3.857173 -31.76669 138.5 11.34736 -29.92052 128.5 11.34736 -29.92052 138.5 18.17807 -26.33548 128.5 18.17807 -26.33548 138.5 23.95234 -21.21993 128.5 23.95234 -21.21993 138.5 28.33459 -14.87114 128.5 28.33459 -14.87114 138.5 31.07014 -7.658104 128.5 31.07014 -7.658104 138.5 32 1.18178e-6 128.5 32 1.18178e-6 138.5 31.07014 7.658103 128.5 31.07014 7.658103 138.5 28.33459 14.87114 128.5 28.33459 14.87114 138.5 23.95234 21.21993 128.5 23.95234 21.21993 138.5 18.17807 26.33548 128.5 18.17807 26.33548 138.5 11.34736 29.92052 128.5 11.34736 29.92052 138.5 3.857173 31.76668 128.5 3.857173 31.76668 138.5 -3.857172 31.76668 128.5 -3.857172 31.76668 138.5 -11.34735 29.92052 128.5 -11.34735 29.92052 138.5 -18.17808 26.33548 128.5 -18.17808 26.33548 138.5 -23.95234 21.21993 128.5 -23.95234 21.21993 138.5 -28.33459 14.87114 128.5 -28.33459 14.87114 138.5 -31.07014 7.658103 128.5 -31.07014 7.658103 138.5 43.59716 -7.497157 47.8 42.3 -7.500003 47.8 43.59716 -7.49989 48.02185 42.3 -7.723475 49.7932 43.59732 -7.775376 50.02048 42.3 -8.162644 51.18948 43.59752 -8.159806 51.18948 43.59767 -8.493637 51.91627 42.3 -8.385678 51.69343 43.59797 -9.589282 53.56899 42.3 -9.45915 53.40608 42.3 -10.8822 54.83152 43.59802 -10.93552 54.87588 42.3 -12.59485 55.90871 43.59851 -12.65857 55.94034 43.59922 -14.46031 56.56648 42.3 -14.49271 56.57333 42.3 -14.49271 56.57333 43.59932 -14.68791 56.61627 42.3 -14.69075 56.61628 43.6 -16.5 56.79999 42.3 -16.50608 56.79999 43.60042 -17.68895 56.72074 42.3 -17.69181 56.72082 43.60055 -17.99765 56.67403 42.3 -18.48721 56.57788 43.60132 -19.90193 56.13111 42.3 -20.39509 55.91353 42.3 -20.39509 55.91353 43.60152 -20.416 55.90201 42.3 -20.41889 55.90206 43.60186 -21.55226 55.2462 42.3 -22.10422 54.84233 43.60202 -22.75263 54.27062 42.3 -22.86396 54.16396 43.60226 -23.57178 53.36323 42.3 -23.53342 53.41542 42.3 -23.53342 53.41542 43.60255 -24.38676 52.13058 42.3 -24.3897 52.13062 43.60263 -24.63645 51.64079 42.3 -24.60616 51.71046 43.60282 -25.26311 49.83906 42.3 -25.27424 49.80334 42.3 -25.5 47.8 42.3 -25.5 47.8 43.60286 -25.49714 47.8 43.60278 -25.12729 45.24646 43.60285 -25.47195 47.12709 42.3 -25.27652 45.8068 43.6027 -24.83449 44.41052 42.3 -24.83736 44.41052 43.60253 -24.35138 43.40556 42.3 -24.61432 43.90657 43.60215 -23.26971 41.87274 42.3 -23.54086 42.19392 43.60212 -23.18025 41.77205 43.60202 -22.82439 41.39953 42.3 -22.1178 40.76848 43.60191 -21.77678 40.51128 42.3 -20.40515 39.69128 42.3 -20.40515 39.69128 43.60141 -20.13152 39.56644 43.60073 -18.45557 39.01567 42.3 -18.50729 39.02666 43.60067 -18.30639 38.98373 42.3 -18.30924 38.98373 43.6 -16.5 38.8 42.3 -16.49392 38.8 43.59999 -16.09112 38.80916 42.3 -15.30819 38.87916 43.59988 -15.30535 38.87926 43.59959 -14.18413 39.1023 42.3 -14.51279 39.02212 43.59897 -12.5783 39.69799 42.3 -12.60491 39.68647 42.3 -12.58111 39.69794 43.59888 -12.36361 39.80538 42.3 -10.89578 40.75767 43.59824 -10.83859 40.80138 43.59799 -10.13319 41.43604 42.3 -10.13604 41.43604 43.59775 -9.423476 42.23555 42.3 -9.466586 42.18458 43.59746 -8.607541 43.46942 42.3 -8.610298 43.46937 43.59738 -8.358169 43.95853 42.3 -8.39385 43.88954 43.59719 -7.731425 45.75991 42.3 -7.725763 45.79665 40.3 -5.499999 38.8 40.3 -5.300003 38.8 40.3 -5.300003 37.05069 40.3 -16.28712 60.29776 40.3 -21.85051 57.21082 40.3 -21.85051 60.74888 40.3 -25.38437 55.25 40.3 -25.76556 55.25 40.3 -25.76556 60.74888 40.3 -27.4301 41.73479 40.3 -25.76556 40.7356 40.3 -25.76556 37.05069 40.3 -19.62692 37.05069 40.3 -21.85051 37.05069 40.3 -21.85051 38.38547 40.3 -16.71277 35.30138 40.3 -5.53489 37.05069 40.3 -5.53489 34.15069 40.3 26.1 65 40.3 -5.099999 65 40.3 -5.300003 65.95 40.3 -5.099999 57.6 40.3 -5.300003 55.25 40.3 -5.300003 60.74888 40.3 -5.099999 60.74888 40.3 26.3 55.25 40.3 26.1 57.6 40.3 26.3 60.74888 40.3 -21.85051 34.15069 40.3 -25.76556 55.03849 40.3 -27.21728 54.23298 40.3 -33.5 55.25 40.3 -33.5 37.05069 40.3 8.512082 31.25465 40.3 6.292248 28.47107 40.3 -5.300003 32.4 40.3 5.500001 25 40.3 -5.300003 0.1999995 40.3 6.292248 21.52893 40.3 8.512082 18.74535 40.3 11.71983 17.20058 40.3 26.3 0.1999995 40.3 13.75 17.00391 40.3 16.88739 17.53924 40.3 19.56776 19.25544 40.3 21.36689 21.88088 40.3 26.3 32.4 40.3 22 25 40.3 21.36689 28.11913 40.3 19.56776 30.74456 40.3 16.88739 32.46076 40.3 26.3 34.15069 40.3 11.71983 32.79942 40.3 -5.300003 34.15069 40.3 13.75 32.99609 40.3 -5.300003 52.9 40.3 -5.499999 52.9 40.3 -5.53489 55.25 40.3 33.5 55.25 40.3 33.5 37.05069 40.3 26.5 38.8 40.3 -13.10589 31.8 40.3 -19.89411 31.8 40.3 -21.85051 32.4 40.3 -23.84185 23.03601 40.3 -22.38737 20.19388 40.3 -21.85051 0.1999995 40.3 -19.89411 18.2 40.3 -5.53489 0.1999995 40.3 -13.10589 18.2 40.3 -12.25357 18.69701 40.3 -10.03645 21.00218 40.3 -8.999343 23.77523 40.3 -5.53489 32.4 40.3 -9.158161 26.96399 40.3 -10.61263 29.80612 40.3 -20.74643 31.303 40.3 -22.96355 28.99782 40.3 -25.76556 32.4 40.3 -24.00066 26.22476 40.3 -25.76556 0.1999995 40.3 -21.85051 65.95 40.3 -19.6 64.30001 40.3 -19.18468 62.75 40.3 -18.05 61.61532 40.3 -16.5 61.2 40.3 -5.53489 60.74888 40.3 -5.569788 53.86436 40.3 -5.782606 41.36617 40.3 -14.95 61.61532 40.3 -13.81532 62.75 40.3 -5.53489 65.95 40.3 -13.4 64.30001 40.3 -13.77572 65.77929 40.3 -5.53489 71.5 40.3 -14.81181 66.9 40.3 -21.85051 71.5 40.3 -18.1882 66.9 40.3 -19.22428 65.77929 40.3 -33.42388 70.88269 40.3 -33.20711 71.20711 40.3 -33.5 70.5 40.3 -32.88269 71.42388 40.3 32.88268 71.42388 40.3 33.20711 71.20711 40.3 32.5 71.5 40.3 33.42388 70.88269 40.3 33.5 70.5 40.3 33.39442 0.5527846 40.3 33.1 0.1999995 40.3 33.5 0.9999983 40.3 33.5 32.4 40.3 33.5 34.15069 40.3 26.3 37.05069 40.3 26.3 38.8 40.3 -25.76556 34.15069 40.3 -33.1 0.1999995 40.3 -33.39443 0.5527846 40.3 -33.5 0.9999983 40.3 -33.5 32.4 40.3 -33.5 34.15069 40.3 26.5 52.9 40.3 33.5 60.74888 40.3 33.5 65.95 40.3 26.3 65.95 40.3 26.3 71.5 40.3 -33.5 60.74888 40.3 -25.76556 65.95 40.3 -33.5 65.95 40.3 -25.76556 71.5 40.3 -32.5 71.5 40.3 26.1 60.74888 40.3 -5.300003 71.5 40.3 26.3 52.9 40 18.48792 18.74535 40 15.28016 17.20058 40 33.5 -1.42098e-7 40 -5.099999 65 40 26.1 65 40 33.5 72 40 26.1 57.6 40 33.5 27.52571 40 -16.71279 35.30155 40 -5.499999 38.8 40 -5.782629 41.36634 40 -5.499999 52.9 40 -5.56981 53.86453 40 -5.56981 53.86453 40 26.5 52.9 40 8.512082 18.74535 40 6.292248 21.52893 40 -33.5 -1.42098e-7 40 5.500001 25 40 6.292248 28.47107 40 8.512082 31.25465 40 11.71983 32.79942 40 26.5 38.8 40 11.71983 17.20058 40 -33.5 72 40 -16.28714 60.29793 40 -5.099999 57.6 40 26.5 38.8 40 15.28016 32.79942 40 18.48792 31.25465 40 20.70775 28.47107 40 33.5 26.67008 40 21.5 25 40 33.5 25.81136 40 -33.5 26.57209 40 -16.71279 35.30155 40 -33.5 27.52571 40 -27.43013 41.73495 40 -33.5 72 40 -27.2173 54.23315 40 20.70775 21.52893 40 33.5 18.44208 40 33.5 20.8532 40 33.5 0.1999995 40 33.5 6.86457 40 33.5 13.03845 40 -33.5 25.67518 40 -33.5 24.84777 40 -33.5 24.09814 40 -33.5 23.08866 40 -33.5 20.85337 40 -33.5 18.44244 40 -33.5 15.83951 40 -33.5 13.03869 40 -33.5 6.864235 40 33.5 23.08866 40 33.5 24.0982 40 33.5 24.9537 40 -33.5 0.1999995 -39.14884 -26.00708 33.18535 -39.14884 -26.00708 10 -37.44008 -25.16122 10 -32.6118 -26.20416 10 -34.73278 -25.11728 60.04603 -34.89562 -25.07937 10 -34.73278 -25.11728 60.04603 -36.01549 -24.96102 50.15576 -36.78889 -25.02 45.23191 -37.28486 -25.11964 42.40366 -37.94028 -25.33109 38.97478 -31.12563 -28.27112 10 -32.77348 -26.0727 78.57222 -33.5318 -25.57957 71.35916 -31.80551 -27.05912 82.30764 -32.0479 -26.75978 82.03205 -31.57884 -27.38618 80.96562 -32.12017 -26.67864 79.76894 -31.24411 -27.99621 76.58094 -32.04563 -26.76237 82.56639 -32.12419 -26.67419 82.43283 -32.31144 -26.47915 81.75654 -31.99515 -26.82119 82.59903 -31.95342 -26.87118 82.59302 -31.89983 -26.93725 82.53873 -30.75409 -30.21102 10 -30.75409 -30.21102 57.03255 -30.84044 -29.26258 65.10778 -32.4101 34.03799 33.18529 -32.4101 34.03799 10 -31.18585 32.29597 10 -30.75409 30.21102 57.03246 -30.76704 30.57973 54.16726 -30.75409 30.21102 10 -31.13381 32.17134 43.49328 -31.71505 33.23865 37.49136 0.4993608 44.55038 51.29117 1.025573 44.72005 50.23235 0.6108514 44.57577 -1.42098e-7 1.644731 45.11722 47.95886 1.686678 45.1547 -1.42098e-7 -0.6108503 44.57577 -1.42098e-7 -0.4888619 44.54824 51.30506 0.6108514 44.57577 -1.42098e-7 -0.1944372 44.50753 51.56804 0.1989608 44.50793 51.56504 0.005484104 44.5 51.61701 5.34014e-7 44.5 51.61706 -1.686677 45.1547 -1.42098e-7 -1.633256 45.10693 48.01456 -1.017399 44.71637 50.25479 40.71016 33.88099 0.1999995 40 33.5 0.1999995 40.71016 33.88099 -1.42098e-7 40 33.5 -1.42098e-7 41.2666 34.62737 -1.42098e-7 41.42897 35.41675 -1.42098e-7 41.42897 35.41675 0.1999995 41.35411 34.87467 0.1999995 41.2666 34.62737 0.1999995 40.85381 34.01324 0.1999995 41.36428 -35.92129 0.2000628 40.91685 -36.75323 0.199817 40.91685 -36.75324 -1.42098e-7 41.29656 -36.13236 -1.42098e-7 41.36428 -35.92129 0.2000628 41.29656 -36.13236 -1.42098e-7 41.42897 -35.41675 -1.42098e-7 41.42897 -35.41675 0.1999995 41.42897 -35.41675 -1.42098e-7 41.35411 -34.87469 0.1999995 41.2666 -34.62736 -1.42098e-7 41.2666 -34.62736 0.1999995 40.85381 -34.01324 0.1999995 40.71016 -33.88099 -1.42098e-7 40.71016 -33.88099 0.1999995 40 -33.5 -1.42098e-7 40 -33.5 0.1999995 41.37679 35.87061 0.1999995 41.29656 36.13236 -1.42098e-7 41.29656 36.13236 0.1999995 40.91685 36.75324 -1.42098e-7 40.91685 36.75324 0.1999995 2.499998 -48 -1.42098e-7 2.499998 -48 36.64529 2.499998 -46 -1.42098e-7 2.500274 -47.58246 37.93478 2.499998 -46 43.67191 5.086184 -54.76422 0.1999734 8.64973 -54.31548 -1.42098e-7 7.178929 -54.52937 0.1999621 8.64973 -54.31548 0.1999585 18.8207 -51.6795 0.1999101 18.77651 -51.69557 0.1999101 18.77651 -51.69557 -1.42098e-7 14.33285 -53.09951 0.1999323 14.33285 -53.09951 0.1999323 9.743034 -54.13005 0.1999511 28.22414 -47.2058 0.1998728 27.35759 -47.71322 0.1998766 28.22414 -47.2058 -1.42098e-7 23.1731 -49.87983 0.1998915 21.04755 -50.81328 0.1999026 31.34296 -45.19522 0.1998579 39.31268 -38.4643 0.1998244 38.8908 -38.8908 0.1998281 36.65088 -41.00856 -1.42098e-7 36.65088 -41.00856 -1.42098e-7 35.49367 -42.01415 0.199843 36.65088 -41.00856 -1.42098e-7 35.49367 -42.01415 0.199843 33.48182 -43.63436 0.1998504 5.34014e-7 -54.99991 0.1999995 -1.789919 -54.97077 0.1999995 -1.789919 -54.97077 -1.42098e-7 -7.178924 -54.52937 0.1999995 -14.23502 -53.12583 0.1999995 -12.16482 -53.63773 -1.42098e-7 -12.16482 -53.63773 0.1999995 -21.04755 -50.81328 0.1999995 -22.09973 -50.36458 0.1999995 -22.09973 -50.36458 -1.42098e-7 -27.49995 -47.63131 0.1999995 -38.89081 -38.8908 0.1999995 -39.241 -38.53743 -1.42098e-7 -33.48182 -43.63436 0.1999995 -31.23526 -45.26972 -1.42098e-7 -31.23526 -45.26972 0.1999995 -39.241 -38.53743 0.1999995 -43.63435 -33.48182 0.1999995 -50.75613 -21.185 0.1999995 -50.75613 -21.185 -1.42098e-7 -47.63132 -27.49995 0.1999995 -45.82737 -30.41121 -1.42098e-7 -45.82737 -30.41121 0.1999995 -50.81328 -21.04755 0.1999995 -53.12582 -14.23502 0.1999995 -54.99416 -0.7951881 0.1999995 -54.99416 -0.7951881 -1.42098e-7 -54.52938 -7.178927 0.1999995 -53.84902 -11.19251 -1.42098e-7 -53.84902 -11.19251 0.1999995 -54.9999 1.18178e-6 0.1999995 -54.52938 7.17893 0.1999995 -51.34744 19.70863 0.1999995 -51.34744 19.70863 -1.42098e-7 -53.12582 14.23502 0.1999995 -54.15012 9.630898 -1.42098e-7 -54.15012 9.630898 0.1999995 -50.81328 21.04755 0.1999995 -46.68749 29.07349 -1.42098e-7 -47.63132 27.49995 0.1999995 -46.68749 29.07349 0.1999995 -43.63435 33.48182 0.1999995 -38.89081 38.8908 0.1999995 -40.33883 37.38674 -1.42098e-7 -40.33883 37.38674 0.1999995 -43.63435 33.48182 0.1999995 -33.48182 43.63436 0.1999995 -32.53109 44.34769 0.1999995 -32.53109 44.34769 -1.42098e-7 -27.49995 47.63132 0.1999995 -14.23502 53.12582 0.1999995 -13.71057 53.26358 -1.42098e-7 -21.04755 50.81328 0.1999995 -23.54668 49.70456 -1.42098e-7 -23.54668 49.70456 0.1999995 -13.71057 53.26358 0.1999995 -7.178924 54.52937 0.1999995 7.07569 54.54286 0.1999995 7.07569 54.54286 -1.42098e-7 5.34014e-7 54.9999 0.1999995 -3.37854 54.89604 -1.42098e-7 -3.37854 54.89604 0.1999995 7.178929 54.52937 0.1999995 14.23502 53.12582 0.1999995 26.84748 48.0021 0.1999995 26.84748 48.0021 -1.42098e-7 21.04755 50.81328 0.1999995 17.27399 52.21684 -1.42098e-7 17.27399 52.21684 0.1999995 27.49995 47.63132 0.1999995 33.48182 43.63436 0.1999995 38.8908 38.8908 0.1999995 2.373271 -48.78587 -1.42098e-7 2.322019 -48.92677 34.01136 1.712107 -49.82173 -1.42098e-7 0.6372488 -50.41742 -1.42098e-7 0.5483409 -50.43935 30.08555 1.179904 -50.20414 30.68586 1.724214 -49.81077 31.6915 1.814656 -49.7202 31.92428 -0.6083245 -50.42504 30.1221 -0.4449407 -50.46032 30.03194 -0.5915756 -50.429 -1.42098e-7 5.34014e-7 -50.5 29.93054 0.1259451 -50.49688 29.93851 -1.012287 -50.28592 30.47723 -1.67746 -49.85367 -1.42098e-7 -1.629814 -49.89598 31.47303 -1.773476 -44.23755 53.06523 -1.686677 -44.15471 -1.42098e-7 -0.6108503 -43.57577 -1.42098e-7 -1.130074 -43.76995 56.55293 -0.005483031 -43.50001 58.8668 0.6108514 -43.57577 -1.42098e-7 5.34014e-7 -43.5 58.86686 0.3278931 -43.52153 58.67277 0.1365324 -43.5037 58.83335 -0.08387064 -43.50139 58.85422 -0.2777422 -43.51541 58.72771 -0.6561125 -43.58763 58.08787 1.422637 -43.94425 55.18325 1.700134 -44.16667 53.55728 1.686678 -44.15471 -1.42098e-7 0.7799348 -43.62477 57.76613 0.6404301 -43.58342 58.12466 2.359711 -45.1743 -1.42098e-7 2.355479 -45.16231 47.56619 2.099716 -44.64288 50.46249 2.464339 -45.57789 45.5314 -14.22363 53.08332 4.119799 -33.48182 43.63436 0.1999995 -33.45502 43.59944 4.119799 -38.85968 38.85968 4.119799 -54.95589 1.18178e-6 4.119799 -54.48574 7.173182 4.119799 -50.77262 -21.03071 4.119799 -53.08332 -14.22363 4.119799 -21.04755 -50.81328 0.1999995 -21.03071 -50.77262 4.119799 5.34014e-7 -54.99991 0.1999995 5.34014e-7 -54.95574 4.126255 -2.499997 47 39.86681 -2.332262 47.90063 36.97172 -6.219789 47.24398 37.92354 5.34014e-7 -42.90245 64.64578 -45.89945 -28.33949 17.16748 -45.53361 -28.06559 19.77597 -46.32216 -26.74411 19.77586 -33.8236 -25.21815 74.11041 -33.24982 -25.51349 79.16258 -36.29554 -20.95524 79.16258 -30.26913 -30.36986 64.91209 -30.261 -30.41078 64.65566 -26.11736 -34.0368 64.64578 -41.77205 -35.32035 10 -43.39891 -33.30115 10 -43.59944 -33.45502 4.119799 -30.12695 31.52067 58.00511 -30.26075 30.41176 64.64984 -26.11736 34.0368 64.64578 -33.81753 25.22196 74.15264 -35.3256 24.47454 63.85697 -37.15461 21.45123 64.64578 -38.32368 24.03318 47.5036 -38.92878 24.09945 44.89654 -39.65131 22.89269 44.89324 -39.72141 24.27043 41.74776 -41.06035 24.80628 36.92741 -41.26753 23.82582 37.92354 -41.95513 25.37844 33.86862 -43.49617 26.54005 28.69435 -43.46582 25.09501 30.76054 -45.89942 28.33947 17.16783 -46.337 28.66744 12.69722 -47.18797 27.24399 12.69717 -35.87471 40.27673 17.20851 -32.56156 42.43506 19.77586 -36.27825 40.65498 12.69722 -33.17018 43.22822 12.69717 -36.43594 40.80263 10 -36.43594 40.80263 10 -38.68095 38.68095 10 -41.77205 35.32035 10 -43.59944 33.45502 4.119799 -47.5932 27.47795 4.119799 -46.50978 28.79709 10 -43.39891 33.30115 10 -36.85795 24.08927 54.71881 -31.31476 27.75258 80.56776 -31.60089 27.32511 82.03079 -29.17965 29.17965 98.567 -31.84885 26.9969 82.60971 -31.95069 26.87152 82.68185 -32.73871 25.1213 98.567 -32.03791 26.7681 82.67231 -32.15026 26.63993 82.56977 -25.51349 33.24982 79.16258 -30.34598 30.02934 67.06892 -29.63518 29.63519 79.16258 -30.92601 28.45042 77.0169 -30.13154 32.28564 53.81195 -30.20939 33.0046 50.16941 -26.88445 35.03649 53.80749 -30.57023 34.36725 43.97504 -27.87237 36.32399 44.89324 -29.00848 37.80459 37.92354 -35.54606 39.96832 19.77597 -34.92422 39.38435 23.42722 -31.77254 41.40678 24.99043 -33.66553 38.20396 28.78581 -30.55374 39.81841 30.76054 -32.27832 36.91082 33.86862 -31.249 35.69778 38.59683 -47.5932 -27.47794 4.119799 -38.68095 -38.68095 10 -38.85968 -38.85968 4.119799 -36.43594 -40.80263 10 -33.45502 -43.59944 4.119799 -36.27825 -40.65498 12.69722 -33.17018 -43.22821 12.69717 -35.87471 -40.27674 17.20846 -32.56156 -42.43506 19.77586 -35.54605 -39.96831 19.77597 -31.77254 -41.40678 24.99043 -34.92433 -39.38444 23.42671 -30.55374 -39.81841 30.76054 -33.66551 -38.20393 28.7859 -29.00848 -37.80459 37.92354 -31.36716 -35.87063 37.92626 -32.27832 -36.91083 33.86861 -30.49278 -34.151 44.90302 -30.67424 -34.62671 42.88497 -27.87237 -36.32399 44.89324 -30.81506 -34.93621 41.61483 -31.33792 -35.82894 38.08776 -30.15442 -32.5778 52.29737 -26.88445 -35.03649 53.80749 -30.13151 -32.2853 53.81352 -30.12553 -32.16541 54.44883 -31.50326 -27.46443 81.6328 -31.19374 -27.95302 79.66493 -29.63518 -29.63518 79.16258 -31.02869 -28.24956 78.14485 -25.51349 -33.24982 79.16258 -30.37661 -29.91053 67.82978 -32.92 -25.88717 79.80024 -32.39679 -26.37645 82.03301 -32.73871 -25.1213 98.567 -32.25247 -26.52779 82.39714 -32.15509 -26.63442 82.56533 -32.04238 -26.76288 82.67024 -29.17965 -29.17964 98.567 -31.94596 -26.87723 82.68059 -31.84003 -27.00794 82.60025 -31.64545 -27.26352 82.17949 -35.20245 -24.52097 64.66218 -37.20017 -24.04928 52.90806 -36.06151 -24.2465 59.25651 -37.15461 -21.45122 64.64578 -38.92746 -24.09931 44.90191 -38.13677 -24.02365 48.34865 -38.24588 -22.08127 53.80749 -40.77225 -24.66162 37.92719 -39.58408 -24.23363 42.27422 -39.65131 -22.89269 44.89324 -46.33701 -28.66744 12.69722 -5.764365 -43.78472 53.80749 -1.773476 -44.23755 53.06523 -1.130074 -43.76995 56.55293 -1.130074 -43.76995 56.55293 -5.599893 -42.53541 64.64578 -2.305567 -45.03317 48.24628 -5.976192 -45.39369 44.89324 -2.499997 -46 43.67191 -6.551109 -49.76063 30.76054 -1.629814 -49.89598 31.47303 -2.184666 -49.21555 33.23935 -2.184666 -49.21555 33.23935 -6.219789 -47.24398 37.92354 -2.482228 -48.29827 35.76602 -2.499997 -48 36.64528 -2.499997 -48 36.64528 -2.500049 -46.20674 42.82423 5.34014e-7 -52.19094 24.99427 5.34014e-7 -50.5 29.93054 -0.4449407 -50.46032 30.03194 -6.812438 -51.74559 24.99043 -0.6083245 -50.42504 30.1221 -0.6083245 -50.42504 30.1221 -1.012287 -50.28592 30.47723 -1.227825 49.17781 33.43209 -0.6180996 49.42239 32.80069 -6.551109 49.76063 30.76054 -1.705854 48.82792 34.35554 -1.85614 48.67532 34.76741 5.34014e-7 49.5 32.60231 5.34014e-7 50.18599 30.77125 -0.005483031 49.49999 32.60232 -0.146761 49.49571 32.61324 -0.4888619 44.54824 51.30506 -5.764365 43.78472 53.80749 5.34014e-7 44.16253 53.80749 -1.017399 44.71637 50.25479 -1.633256 45.10693 48.01456 -5.976192 45.39369 44.89324 -2.231717 45.87288 44.27113 -2.49315 46.81372 40.5251 -7.17318 -54.48574 4.119799 -14.22363 -53.08332 4.119799 -27.47795 -47.5932 4.119799 -54.48574 -7.173183 4.119799 -50.77262 21.03071 4.119799 -53.08332 14.22363 4.119799 -27.47795 47.5932 4.119799 -21.03071 50.77262 4.119799 -7.17318 54.48574 4.119799 5.34014e-7 54.95574 4.126255 -46.50978 -28.79709 10 -47.18797 -27.24399 12.69717 -50.34032 -20.85165 12.69717 -52.63134 -14.10253 12.69717 -54.02182 -7.112111 12.69717 -54.48797 1.18178e-6 12.69717 -54.02182 7.112109 12.69717 -52.63134 14.10252 12.69717 -50.34032 20.85165 12.69717 -46.50978 28.79709 10 -49.41667 -20.46906 19.77586 -51.66566 -13.84377 19.77586 -53.03061 -6.981614 19.77586 -53.48822 1.18178e-6 19.77586 -53.03061 6.981613 19.77586 -51.66566 13.84377 19.77586 -49.41667 20.46906 19.77586 -46.32216 26.74411 19.77586 -45.53362 28.0656 19.77597 5.34014e-7 -54.4875 12.70223 -7.112107 -54.02182 12.69717 5.34014e-7 -53.48733 19.78041 -6.981611 -53.03062 19.77586 -44.86492 -27.56538 23.36074 -45.19968 -26.09605 24.99043 -48.21921 -19.97305 24.99043 -50.4137 -13.50831 24.99043 -51.74558 -6.812433 24.99043 -52.1921 1.18178e-6 24.99043 -51.74558 6.812436 24.99043 -50.4137 13.50831 24.99043 -48.21921 19.97305 24.99043 -45.19968 26.09605 24.99043 -44.86495 27.5654 23.36061 -43.49585 -26.53981 28.69544 -43.46582 -25.095 30.76054 -46.36952 -19.20688 30.76054 -48.47982 -12.99013 30.76054 -49.76062 -6.551112 30.76054 -50.19001 1.18178e-6 30.76054 -49.76062 6.551111 30.76054 -48.47982 12.99013 30.76054 -46.36952 19.20689 30.76054 -7.112107 54.02182 12.69717 5.34014e-7 54.48749 12.70223 -6.981611 53.03062 19.77586 5.34014e-7 53.48732 19.78041 -6.812438 51.74559 24.99043 5.34014e-7 52.19094 24.99427 -41.95512 -25.37843 33.86867 -41.26753 -23.82582 37.92354 -44.02438 -18.23549 37.92354 -46.02795 -12.33315 37.92354 -47.24398 -6.219784 37.92354 -47.65165 1.18178e-6 37.92354 -47.24398 6.219787 37.92354 -46.02795 12.33315 37.92354 -44.02438 18.2355 37.92354 -42.30017 -17.52131 44.89324 -44.22529 -11.85013 44.89324 -45.39369 -5.976194 44.89324 -45.78539 1.18178e-6 44.89324 -45.39369 5.976194 44.89324 -44.22529 11.85013 44.89324 -42.30017 17.52131 44.89324 -40.80086 -16.90027 53.80749 -42.65773 -11.4301 53.80749 -43.78471 -5.764368 53.80749 -44.16253 1.18178e-6 53.80749 -43.78471 5.764367 53.80749 -42.65773 11.4301 53.80749 -40.80086 16.90027 53.80749 -38.24588 22.08127 53.80749 -27.24399 47.18797 12.69717 -26.74411 46.32215 19.77586 -26.09605 45.19968 24.99043 -25.09501 43.46582 30.76054 -23.82583 41.26753 37.92354 -22.89269 39.65131 44.89324 -22.08127 38.24588 53.80749 -20.85164 50.34032 12.69717 -20.46906 49.41667 19.77586 -19.97305 48.21921 24.99043 -19.20689 46.36952 30.76054 -18.2355 44.02438 37.92354 -17.52131 42.30018 44.89324 -16.90027 40.80086 53.80749 -14.10252 52.63134 12.69717 -13.84377 51.66565 19.77586 -13.50831 50.4137 24.99043 -12.99013 48.47982 30.76054 -12.33315 46.02795 37.92354 -11.85013 44.22529 44.89324 -11.4301 42.65773 53.80749 -39.63669 -16.41806 64.64578 -41.44058 -11.10397 64.64578 -42.53541 -5.599895 64.64578 -42.90244 1.18178e-6 64.64578 -42.53541 5.599895 64.64578 -41.44058 11.10397 64.64578 -39.63669 16.41806 64.64578 5.34014e-7 42.90244 64.64578 -5.599893 42.53541 64.64578 -11.10397 41.44058 64.64578 -16.41806 39.63669 64.64578 -21.45123 37.15461 64.64578 5.34014e-7 -41.91048 79.16258 -5.470417 -41.55194 79.16258 -14.10252 -52.63134 12.69717 -13.84377 -51.66565 19.77586 -13.50831 -50.41369 24.99043 -12.99013 -48.47983 30.76054 -12.33315 -46.02795 37.92354 -11.85013 -44.22529 44.89324 -11.4301 -42.65774 53.80749 -11.10397 -41.44058 64.64578 -10.84723 -40.48242 79.16258 -20.85164 -50.34032 12.69717 -20.46906 -49.41667 19.77586 -19.97305 -48.21921 24.99043 -19.20689 -46.36952 30.76054 -18.2355 -44.02438 37.92354 -17.52131 -42.30018 44.89324 -16.90027 -40.80086 53.80749 -16.41806 -39.63669 64.64578 -16.03845 -38.72024 79.16258 -27.24399 -47.18797 12.69717 -26.74411 -46.32215 19.77586 -26.09605 -45.19969 24.99043 -25.09501 -43.46583 30.76054 -23.82583 -41.26753 37.92354 -22.89269 -39.65131 44.89324 -22.08127 -38.24588 53.80749 -21.45123 -37.15461 64.64578 -20.95524 -36.29554 79.16258 -38.72023 -16.03845 79.16258 -40.48242 -10.84723 79.16258 -41.55193 -5.470412 79.16258 -41.91048 1.18178e-6 79.16258 -41.55193 5.470415 79.16258 -40.48242 10.84723 79.16258 -38.72023 16.03845 79.16258 -36.29554 20.95524 79.16258 -33.24982 25.51349 79.16258 -32.95705 25.85569 79.60068 -32.45512 26.31751 81.84922 5.34014e-7 41.91048 79.16258 -5.470417 41.55193 79.16258 -10.84723 40.48242 79.16258 -16.03845 38.72023 79.16258 -20.95524 36.29554 79.16258 5.34014e-7 -41.26625 98.567 -5.38633 -40.91321 98.567 -10.68049 -39.86014 98.567 -15.79191 -38.12505 98.567 -20.63312 -35.73762 98.567 -25.1213 -32.73872 98.567 -35.73762 -20.63313 98.567 -38.12504 -15.79191 98.567 -39.86014 -10.68049 98.567 -40.91321 -5.386325 98.567 -41.26625 1.18178e-6 98.567 -40.91321 5.386328 98.567 -39.86014 10.68049 98.567 -38.12504 15.79191 98.567 -35.73762 20.63313 98.567 5.34014e-7 41.26625 98.567 -5.38633 40.91321 98.567 -10.68049 39.86014 98.567 -15.79191 38.12504 98.567 -20.63312 35.73762 98.567 -25.1213 32.73872 98.567 5.34014e-7 41.00477 128.5 -5.352199 40.65396 128.5 -10.61281 39.60757 128.5 -15.69185 37.88346 128.5 -20.50238 35.51117 128.5 -24.96212 32.53127 128.5 -28.99475 28.99475 128.5 -32.53127 24.96212 128.5 -35.51117 20.50238 128.5 -37.88346 15.69184 128.5 -39.60756 10.61282 128.5 -40.65396 5.352197 128.5 -41.00477 1.18178e-6 128.5 -40.65396 -5.352194 128.5 -39.60756 -10.61282 128.5 -37.88346 -15.69185 128.5 -35.51117 -20.50238 128.5 -32.53127 -24.96212 128.5 -28.99475 -28.99475 128.5 -24.96212 -32.53127 128.5 -20.50238 -35.51117 128.5 -15.69185 -37.88346 128.5 -10.61281 -39.60757 128.5 -5.352199 -40.65397 128.5 5.34014e-7 -41.00476 128.5 -32.17366 -26.62013 82.37689 -32.30262 -26.48666 81.96692 -30.56597 -29.65943 68.11676 -31.77003 -27.10091 82.43185 -31.98567 -26.83085 82.66435 -40.82429 -26.26902 33.73275 -40.64432 -26.31767 33.69075 -39.61382 -25.54087 37.8926 -38.5572 -25.57598 37.59704 -38.90711 -25.63195 37.70396 -40.12427 -26.35982 33.54785 -39.44399 -26.18579 33.31079 -41.46986 -25.92299 33.84587 -40.24978 -25.19319 38.02679 -39.02561 -24.68372 42.81476 -37.80049 -24.44159 48.28221 -36.63079 -24.42948 54.39147 -36.28192 -24.70636 54.32262 -34.32178 -25.13554 68.07715 -33.38665 -25.61311 75.47147 -32.86642 -25.97924 79.23027 -32.54632 -26.24968 81.08929 -32.33513 -26.45079 81.98902 -32.19296 -26.59785 82.39859 -30.9202 -28.57147 75.50222 -31.22307 -27.94512 79.26107 -31.4577 -27.54911 81.12621 -31.63658 -27.28319 82.02445 -30.4192 -31.8321 54.39168 -31.08546 -34.14646 42.81473 -30.63427 -32.982 48.28207 -31.79986 -35.26365 38.02638 -32.55486 -36.61083 33.86723 -32.55486 -36.61083 33.86723 -32.77499 -36.25084 33.83582 -32.94641 -35.72216 33.74926 -31.12925 -32.15998 43.56117 -31.71505 -33.23867 37.49137 -31.88289 -33.5303 37.59661 -32.4101 -34.038 33.1853 -32.65431 -34.32175 33.32128 -30.74897 -31.01223 54.24608 -30.82913 -29.19392 68.03696 -31.66707 -27.24622 82.00239 -31.7887 -27.07901 82.41016 -31.98576 -26.83163 82.64289 -31.98568 -26.83226 82.62142 -32.08922 -26.71263 82.54378 -32.49416 -26.30411 81.06629 -32.78444 -26.05857 79.20529 -33.25613 -25.72592 75.44203 -34.10384 -25.29131 68.03651 -34.10384 -25.29131 68.03651 -35.88064 -24.89661 54.24587 -36.86242 -24.93504 48.08749 -37.88797 -25.17066 42.55891 -30.71356 -29.4356 68.07759 -31.02146 -28.43171 75.47324 -31.29243 -27.85468 79.23627 -31.50452 -27.49045 81.10328 -30.90382 -31.45593 47.97654 -30.95733 -31.97249 48.08735 -31.36746 -32.94155 42.55887 -31.99879 -33.86518 37.70354 -32.88755 -34.79601 33.50199 -32.97566 -35.45684 33.6907 -32.03181 -34.57698 37.89218 -31.32574 -33.564 42.70209 -30.86625 -32.49825 48.1927 -30.63129 -31.44045 54.32283 -38.90711 -25.63195 37.70396 -38.49372 -25.0215 42.70212 -37.36438 -24.75405 48.19284 -35.88064 -24.89661 54.24587 -38.49372 -25.0215 42.70212 -31.98576 -26.83163 82.64289 -44.18136 -29.64166 10.00047 -43.32802 -29.09145 16.92018 -44.03348 -29.28597 17.02494 -44.63339 -29.735 10.00049 -44.753 -29.21255 17.10674 -45.17948 -29.70852 10 -45.17948 -29.70852 10 -45.41079 -28.87891 17.157 -45.95532 -29.38292 10.00017 -44.37754 -28.10581 23.34281 -43.00996 -27.08171 28.67205 -42.36484 -27.42536 28.55928 -42.3231 -28.33972 22.93744 -42.02104 -28.15563 22.84259 -40.76914 -27.21915 27.74985 -43.60791 -29.34268 10 -43.01932 -28.9024 16.86477 -42.5608 -28.5594 20.02784 -40.98682 -27.34009 28.14031 -41.66591 -27.51461 28.37558 -43.72576 -28.44402 23.2568 -43.01603 -28.52483 23.11676 -34.75704 -36.24205 24.1385 -35.01229 -36.48176 22.90604 -35.24592 -36.74715 23.00135 -36.32109 -39.70181 17.19794 -35.37193 -38.81062 23.40869 -33.79145 -35.33524 28.10453 -34.01837 -35.59437 28.22931 -34.30801 -36.23268 28.4652 -34.34134 -36.93639 28.64938 -34.11485 -37.63133 28.76245 -36.92424 -40.13823 10 -36.53546 -38.99608 17.14752 -37.10252 -39.33427 10 -36.48284 -38.27478 17.06542 -36.94208 -38.52669 10 -36.16879 -37.61383 16.96029 -36.0021 -37.41131 16.23112 -36.46934 -37.8501 10 -35.54837 -37.39725 23.18154 -35.59191 -38.11008 23.32226 -41.72588 27.93484 24.14373 -42.02107 28.15566 22.84247 -42.68227 28.47103 23.03596 -45.51732 28.79132 17.16241 -44.48351 28.0178 23.35133 -46.21602 29.16576 10.00011 -44.8928 29.16598 17.12003 -45.40636 29.65208 10.00004 -44.44598 29.2766 17.07522 -44.42914 29.70626 10.00056 -43.69402 29.22789 16.97817 -43.09416 28.95838 16.23613 -43.60791 29.34269 10 -40.69244 27.16178 28.01478 -43.86407 28.39633 23.2788 -43.42262 28.51101 23.20209 -43.11555 26.99333 28.68228 -42.50175 27.37652 28.58722 -42.06621 27.49588 28.4866 -41.33866 27.46582 28.26865 -39.47907 26.20213 33.32458 -39.14884 26.00708 33.1853 -41.28714 26.05243 33.8207 -40.64408 26.31772 33.69065 -40.39677 26.35565 33.62661 -39.84565 26.32245 33.45814 -30.86631 32.49809 48.19266 -30.63134 31.44032 54.3228 -30.41932 31.83192 54.39164 -40.39677 26.35564 33.62661 -40.64408 26.31772 33.69065 -39.6136 25.54094 37.89256 -32.36658 26.41398 82.0111 -32.59619 26.19315 81.11223 -31.78869 27.07901 82.41014 -32.0958 26.70558 82.49273 -32.17657 26.61761 82.2907 -32.19295 26.59786 82.3986 -38.00337 25.3566 38.65929 -38.55713 25.57596 37.59703 -39.47907 26.20213 33.32458 -34.81536 25.09737 59.33658 -35.45784 24.98951 54.16706 -35.88056 24.89664 54.24586 -35.9631 24.96116 50.5143 -36.86233 24.93506 48.08749 -37.28477 25.11962 42.40365 -37.88787 25.17067 42.55889 -38.90698 25.63195 37.70394 -34.10379 25.29133 68.03651 -33.87257 25.41319 67.99612 -34.10379 25.29133 68.03651 -33.6108 25.53826 70.57456 -31.98357 26.83493 82.60053 -32.02859 26.78204 82.58205 -31.98566 26.83229 82.62142 -31.98575 26.83165 82.64289 -31.88697 26.95343 82.5177 -31.93568 26.89281 82.58084 -31.88451 26.95623 82.55101 -31.10992 28.28356 75.44377 -31.38539 27.71505 78.819 -31.35627 27.76027 79.21128 -31.55633 27.42176 80.76611 -31.54889 27.42992 81.08026 -31.69574 27.2109 81.80398 -31.69645 27.20839 81.98026 -31.78561 27.08582 82.23532 -31.80685 27.05671 82.38845 -30.82915 29.19388 68.03693 -31.05041 28.47216 72.3558 -31.20002 28.0935 75.74987 -30.95734 31.9724 48.08732 -30.74898 31.01216 54.24606 -30.74898 31.01216 54.24606 -30.909 28.94501 67.99653 -31.80002 35.26335 38.02633 -32.82608 36.13591 33.82069 -31.80002 35.26335 38.02633 -32.82608 36.13591 33.82069 -32.97566 35.45657 33.69064 -30.71361 29.43553 68.07756 -31.02149 28.43167 75.47321 -31.29245 27.85465 79.23623 -31.50453 27.49043 81.10325 -31.66707 27.24622 82.00235 -31.98575 26.83165 82.64289 -31.98566 26.83087 82.66435 -32.9435 25.89518 79.25507 -33.50665 25.48918 75.50045 -34.5165 24.95141 68.1163 -36.63064 24.42963 54.39146 -37.8003 24.44176 48.28218 -39.02539 24.68392 42.81473 -40.2495 25.19341 38.02676 -41.28713 26.05242 33.8207 -39.84565 26.32245 33.45814 -30.63441 32.98179 48.28202 -31.08562 34.14621 42.81468 -31.08562 34.14621 42.81468 -31.32579 33.5638 42.70204 -32.03184 34.57674 37.89212 -32.03184 34.57674 37.89212 -31.99876 33.86505 37.7035 -31.36745 32.94144 42.55884 -31.36745 32.94144 42.55884 -30.71361 29.43553 68.07756 -32.84168 34.66947 33.45813 -31.88286 33.53024 37.59658 -32.65951 34.32931 33.32456 -34.32172 25.13559 68.07714 -33.3866 25.61315 75.47146 -32.86639 25.97927 79.23027 -32.5463 26.2497 81.08929 -32.33512 26.4508 81.98902 -36.2818 24.70644 54.32261 -37.36422 24.75413 48.19282 -38.49354 25.02157 42.70209 -32.21175 26.57515 82.42029 -33.11958 25.82445 75.4131 -32.57304 26.23731 80.15676 -32.97007 35.20641 33.6266 -36.91658 40.15487 10.00017 -37.10252 39.33427 10 -36.51389 39.14188 17.16053 -36.25336 39.82196 17.20305 -36.54525 38.68266 17.11556 -36.86334 38.36293 10.00047 -36.36674 37.95061 17.01817 -32.82609 36.13591 33.8207 -32.65951 34.32931 33.32456 -32.84168 34.66947 33.45813 -34.20294 35.9187 28.35901 -32.97008 35.20641 33.6266 -34.35872 36.62985 28.57752 -32.97566 35.45657 33.69064 -34.31673 37.07944 28.6784 -34.04587 37.75041 28.77372 -35.51441 36.95331 20.03894 -35.01218 36.48165 22.90656 -35.43739 37.07786 23.10099 -33.88308 35.42129 27.75732 -36.86334 38.36293 10.00047 -36.46934 37.8501 10 -36.36674 37.95061 17.01817 -35.92903 37.34268 16.90474 -35.60516 37.79987 23.26793 -35.56881 38.25446 23.34501 -35.30352 38.93016 23.4179 0.1259451 -50.49688 29.93851 14.2236 -53.08318 4.126255 41.9463 3.04331 76.38858 41.69676 5.489481 76.38858 41.55193 5.470415 79.16258 27.66845 33.96242 56.38562 28.21121 33.97748 53.80654 26.88445 35.03649 53.80749 39.57801 35.50088 21.29443 39.722 35.80813 19.81988 37.82125 37.82125 19.78041 26.4455 -35.25333 54.44883 26.84593 -35.35319 52.30096 26.88445 -35.03649 53.80749 27.3432 -35.51201 49.73336 30.745 -38.19744 33.86861 31.77757 -39.78809 28.7859 35.48686 -35.48686 30.77125 17.13753 44.15734 38.8493 17.62928 45.56693 34.3538 12.98909 48.47594 30.77125 17.70745 45.72466 33.86862 12.33251 46.02555 37.93145 11.85013 44.22529 44.89324 16.97223 42.7405 44.01396 17.10703 41.30705 50.36289 16.90027 40.80086 53.80749 17.54674 39.88245 58.26074 16.41806 39.63669 64.64578 18.03468 38.92699 64.65341 18.45688 38.29899 69.33489 16.03845 38.72023 79.16258 19.37065 37.2737 77.30196 15.79191 38.12504 98.567 20.42646 36.4332 82.21135 19.97127 36.76045 80.73113 21.87759 35.66455 80.62667 21.43278 35.86087 82.00666 25.1213 32.73872 98.567 21.10289 36.02781 82.56706 20.94003 36.11733 82.67583 20.63312 35.73762 98.567 20.82316 36.18465 82.67979 20.68796 36.26575 82.60591 25.8454 33.31713 74.49528 25.62223 33.51842 74.11197 25.51349 33.24982 79.16258 22.65691 35.39392 76.96866 25.40645 33.72484 73.56433 25.29041 33.86327 72.91871 25.3004 33.90065 72.36825 24.30463 35.09937 67.06311 26.11736 34.0368 64.64578 25.81519 35.1434 57.97712 27.25348 35.4802 50.18972 29.29797 34.00881 49.34589 28.5343 36.07218 43.98605 30.61001 34.04879 44.89372 31.20298 34.06755 43.13494 29.72889 36.97289 38.59789 33.3087 34.1353 37.79029 30.745 38.19744 33.86862 35.48686 35.48686 30.77125 31.77759 39.78813 28.78581 36.90457 36.90457 24.99427 32.72148 41.23267 23.42722 33.18811 41.9457 19.78052 33.43526 42.32366 17.2085 38.52848 38.52848 12.70223 33.73743 42.78636 12.70228 33.85571 42.9677 10 38.85958 38.85958 4.126255 33.30115 43.39891 10 33.45494 43.59933 4.126255 27.47788 47.59307 4.126255 27.35156 47.3743 10 18.58382 47.444 28.69435 19.35591 48.97002 23.36061 13.50801 50.41258 24.99427 19.73199 49.71459 19.78051 13.84354 51.66478 19.78041 19.93858 50.1232 17.16783 14.1024 52.63088 12.70223 20.18537 50.61066 12.70228 14.2236 53.08318 4.126255 20.28326 50.80375 10 20.28326 50.80375 10 21.03065 50.77249 4.126255 20.93398 50.5391 10 27.06753 47.53715 10 14.1024 -52.63088 12.70223 20.28326 -50.80375 10 20.93398 -50.5391 10 21.03065 -50.77249 4.126255 27.06753 -47.53715 10 27.47788 -47.59307 4.126255 27.35156 -47.3743 10 33.45494 -43.59933 4.126255 33.30115 -43.39891 10 33.85571 -42.9677 10 38.85958 -38.85959 4.126255 33.73743 -42.78636 12.70228 38.52848 -38.52848 12.70223 33.43526 -42.32367 17.20846 37.82125 -37.82125 19.78041 33.18811 -41.9457 19.78052 29.87707 -37.11772 37.93418 28.21121 -33.97749 53.80654 29.298 -34.00882 49.34575 30.61001 -34.04879 44.89372 28.3371 -35.95975 44.90328 31.20302 -34.06755 43.1348 29.05389 -36.41311 41.61746 33.30878 -34.13531 37.79008 29.84285 -37.08346 38.08776 24.69388 -35.08204 64.65649 26.11736 -34.0368 64.64578 24.18044 -35.1091 67.83504 25.3004 -33.90065 72.36825 25.37686 -33.75571 73.45531 22.43268 -35.46266 78.14302 25.98928 -33.18965 74.69622 25.51349 -33.24982 79.16258 21.35412 -35.89896 82.17955 21.57677 -35.79378 81.63261 22.11148 -35.57388 79.66555 19.77738 -36.91513 79.80023 20.35009 -36.48484 82.03301 15.79191 -38.12505 98.567 20.5242 -36.36898 82.39715 21.06866 -36.04619 82.60026 25.1213 -32.73872 98.567 20.92154 -36.12781 82.68059 20.63312 -35.73762 98.567 20.79218 -36.20292 82.67024 20.6461 -36.2916 82.56532 18.03547 -38.92589 64.6606 18.96163 -37.68883 74.11042 16.03845 -38.72024 79.16258 11.85013 -44.22529 44.89324 16.9735 -42.52093 44.90164 17.03629 -41.72905 48.34865 11.4301 -42.65774 53.80749 17.22418 -40.81114 52.90806 16.90027 -40.80086 53.80749 13.84354 -51.66478 19.78041 19.35589 -48.97 23.36074 13.50801 -50.41257 24.99427 18.58363 -47.44363 28.69544 12.98909 -48.47594 30.77125 17.70745 -45.72465 33.86866 12.33251 -46.02555 37.93145 17.20627 -44.43286 37.9351 16.99177 -43.19083 42.27422 20.28326 -50.80375 10 20.18537 -50.61067 12.70228 19.93859 -50.12324 17.16748 19.73198 -49.71459 19.78051 1.025573 44.72005 50.23235 0.4993608 44.55038 51.29117 5.764365 43.78472 53.80749 1.644731 45.11722 47.95886 2.249726 45.9097 44.10962 5.976192 45.39369 44.89324 2.496504 46.8678 40.33192 2.496504 46.8678 40.33192 6.219462 47.24151 37.93145 2.499998 47 39.86681 0.02502697 49.49988 32.60263 6.550588 49.75664 30.77125 0.5189484 49.44554 32.74174 1.234524 49.17392 33.44214 1.704872 48.8285 34.35403 1.852096 48.67921 34.75689 2.307095 47.96297 36.78701 7.173166 54.48559 4.126255 38.8908 38.8908 0.1999995 40.77833 36.70787 6.947353 40.50429 36.58226 11.6666 40.42364 36.53513 12.70238 40.3792 36.50693 13.2375 39.4471 34.77573 23.61631 39.51648 34.24374 24.66406 37.61521 34.23495 28.94742 35.49447 34.19782 33.17321 26.33977 33.92704 64.11436 28.18844 31.22579 76.20092 27.11547 32.19848 75.7089 26.62979 32.6275 75.35825 29.40102 30.07214 76.38858 29.63519 29.63519 79.16258 29.73847 29.73847 76.38858 33.24982 25.51349 79.16258 33.36571 25.60241 76.38858 36.29554 20.95524 79.16258 36.42204 21.02828 76.38858 36.76647 20.4201 76.38858 38.72024 16.03845 79.16258 38.85519 16.09435 76.38858 39.32897 14.89917 76.38858 40.48242 10.84723 79.16258 40.62351 10.88504 76.38858 41.06772 9.066188 76.38858 42.05656 1.18178e-6 76.38858 41.91048 1.18178e-6 79.16258 41.9463 -3.043311 76.38858 41.55193 -5.470412 79.16258 41.69676 -5.489479 76.38858 41.06772 -9.06619 76.38858 40.48242 -10.84723 79.16258 40.62351 -10.88504 76.38858 39.32897 -14.89917 76.38858 38.72024 -16.03845 79.16258 38.85519 -16.09434 76.38858 36.76647 -20.42009 76.38858 36.29554 -20.95524 79.16258 36.42204 -21.02828 76.38858 33.24982 -25.51349 79.16258 33.36571 -25.60241 76.38858 29.63519 -29.63518 79.16258 29.73847 -29.73847 76.38858 26.99264 -32.30749 75.62929 27.52259 -31.83403 75.93612 29.40102 -30.07215 76.38858 27.6685 -33.96242 56.3854 26.33978 -33.92704 64.11435 35.49457 -34.1978 33.17306 37.6153 -34.23496 28.94723 32.72156 -41.23278 23.42671 36.90457 -36.90457 24.99427 39.5165 -34.24374 24.66401 39.84854 -36.00304 18.62071 39.53639 -35.37753 21.78479 39.4471 -34.77573 23.61631 40.37315 -36.50297 13.30848 40.7783 -36.70787 6.947033 40.87007 -36.73919 4.126619 5.086184 -54.76422 0.1999734 7.173166 -54.48559 4.126255 6.219462 -47.24151 37.93145 2.500274 -47.58246 37.93478 2.499998 -48 36.64529 6.550588 -49.75665 30.77125 2.322019 -48.92677 34.01136 1.814656 -49.7202 31.92428 0.5483409 -50.43935 30.08555 6.812286 -51.74444 24.99427 1.179904 -50.20414 30.68586 1.724214 -49.81077 31.6915 2.499998 -46 43.67191 5.976192 -45.39369 44.89324 2.464339 -45.57789 45.5314 5.764365 -43.78472 53.80749 1.700134 -44.16667 53.55728 2.099716 -44.64288 50.46249 2.355479 -45.16231 47.56619 5.599894 -42.53541 64.64578 0.7799348 -43.62477 57.76613 1.422637 -43.94425 55.18325 7.112045 -54.02135 12.70223 6.981496 -53.02973 19.78041 7.112045 54.02135 12.70223 6.981496 53.02973 19.78041 6.812286 51.74444 24.99427 17.61613 -39.72401 59.25651 16.41806 -39.63669 64.64578 11.10397 -41.44058 64.64578 5.470414 -41.55194 79.16258 10.84723 -40.48242 79.16258 5.599894 42.53541 64.64578 5.470414 41.55193 79.16258 5.386327 40.91321 98.567 11.4301 42.65773 53.80749 11.10397 41.44058 64.64578 10.84723 40.48242 79.16258 10.68049 39.86014 98.567 29.17965 29.17965 98.567 32.73872 25.1213 98.567 35.73762 20.63313 98.567 38.12504 15.79191 98.567 39.86014 10.68049 98.567 40.91321 5.386328 98.567 41.26625 1.18178e-6 98.567 40.91321 -5.386325 98.567 39.86014 -10.68049 98.567 38.12504 -15.79191 98.567 35.73762 -20.63313 98.567 32.73872 -25.1213 98.567 29.17965 -29.17964 98.567 5.386327 -40.91321 98.567 10.68049 -39.86014 98.567 5.352196 -40.65397 128.5 10.61282 -39.60757 128.5 15.69185 -37.88346 128.5 20.50238 -35.51117 128.5 24.96212 -32.53127 128.5 28.99475 -28.99475 128.5 32.53127 -24.96212 128.5 35.51117 -20.50238 128.5 37.88346 -15.69185 128.5 39.60757 -10.61282 128.5 40.65396 -5.352194 128.5 41.00477 1.18178e-6 128.5 40.65396 5.352197 128.5 39.60757 10.61282 128.5 37.88346 15.69184 128.5 35.51117 20.50238 128.5 32.53127 24.96212 128.5 28.99475 28.99475 128.5 24.96212 32.53127 128.5 20.50238 35.51117 128.5 15.69185 37.88346 128.5 10.61282 39.60757 128.5 5.352196 40.65396 128.5 -31.19097 -32.30778 10 -32.4101 -34.03799 10 -39.14884 26.00708 10 -31.12563 28.27112 10 -31.12563 28.27112 10 -31.9743 26.846 82.26295 -32.10388 26.69664 80.98036 -32.6118 26.20416 10 -31.91193 26.92214 79.48788 -34.89562 25.07937 10 -37.44008 25.16122 10 18.78087 -44.76564 33.73275 18.86032 -44.59616 33.69057 18.27429 -43.44653 37.89244 18.49202 -42.41248 37.59699 18.93859 -43.39186 33.31078 18.81385 -43.07016 33.18535 20.70899 -36.25651 82.46524 20.62882 -36.3074 82.37688 20.475 -36.41121 81.96691 23.48821 -35.4532 64.88423 24.50889 -35.55104 56.25072 25.20137 -35.66703 54.24605 24.93895 -35.65423 52.88962 26.11083 -36.03895 48.08729 26.05464 -36.11666 44.95414 26.99391 -36.61108 42.5588 26.44499 -36.35699 42.40365 27.79385 -37.39314 37.70344 27.04705 -36.83268 38.61011 27.04705 -36.83268 38.61011 27.48435 -37.22089 37.59656 22.49309 -35.55063 73.70088 23.39685 -35.43026 68.03694 20.86973 -36.15909 82.64287 20.92532 -36.12788 82.58821 21.14755 -36.00799 82.41014 21.01327 -36.07949 82.50954 21.22347 -35.97248 82.04064 20.86983 -36.15956 82.60041 20.87037 -36.15912 82.62141 20.80189 -36.19956 82.57456 20.73458 -36.2403 82.54377 20.49406 -36.39891 81.86949 20.26197 -36.56814 81.06628 20.094 -36.70799 79.49176 19.96977 -36.81136 79.20529 19.56029 -37.21809 75.44202 19.71579 -37.06422 75.81607 18.98509 -37.97742 68.03649 18.8826 -38.20482 63.50472 18.8826 -38.20482 63.50472 18.98509 -37.97742 68.03649 18.28787 -39.6586 54.24583 18.43663 -39.31579 53.72238 18.15522 -40.63209 48.08744 18.25467 -40.48167 45.78357 18.20916 -41.68293 42.55883 18.48644 -42.76663 37.70387 18.35799 -41.76257 38.97488 18.20916 -41.68293 42.55883 18.35799 -41.76257 38.97488 18.26357 -41.08042 42.40367 18.99185 -44.09201 33.54785 18.328 -45.34132 33.84587 17.82193 -44.01238 38.02665 17.53269 -42.71846 42.81463 17.50688 -41.47001 48.2821 17.69798 -40.31606 54.39138 18.031 -40.02062 54.32255 18.79394 -38.16493 68.07711 19.42659 -37.327 75.47144 19.87745 -36.87829 79.23024 20.19934 -36.61004 81.08927 20.43404 -36.437 81.98902 20.60354 -36.32253 82.39857 20.86898 -36.15886 82.66433 21.17234 -35.99342 82.43182 21.37501 -35.89366 82.02442 21.66792 -35.76369 81.12618 22.0986 -35.60142 79.26103 22.76796 -35.41195 75.50218 23.90078 -35.25207 68.1167 26.06569 -35.48491 54.39159 27.16066 -35.89643 48.28195 28.22895 -36.54299 42.8146 29.20496 -37.44055 38.02624 30.40153 -38.41769 33.86723 30.40153 -38.41769 33.86723 30.00768 -38.57227 33.8357 29.45836 -38.64897 33.74926 23.65482 -35.35848 68.07756 22.6128 -35.48736 75.47321 22.07363 -35.65066 77.14142 21.99753 -35.65398 79.23624 21.66894 -35.78288 79.95414 21.60204 -35.79959 81.10326 21.33332 -35.91725 82.00237 28.55651 -38.43017 33.50198 28.12983 -38.118 33.32122 27.89293 -37.82836 33.18529 29.19126 -38.6316 33.69052 28.48873 -37.54938 37.89202 27.61384 -36.67819 42.70196 26.64417 -36.04065 48.1926 25.64332 -35.62558 54.32277 17.95732 -42.25336 42.70199 17.89002 -41.09483 48.19274 18.79394 -38.16493 68.07711 20.73458 -36.2403 82.54377 17.95732 -42.25336 42.70199 20.60354 -36.32253 82.39857 21.51932 -48.65737 10.00047 21.12565 -47.72143 16.92018 21.19472 -48.44997 17.02494 21.53275 -49.11873 10.00049 20.99748 -49.1458 17.10674 21.41185 -49.65194 10 21.41185 -49.65194 10 20.55468 -49.73566 17.157 20.95647 -50.35945 10.00017 19.97275 -48.58385 23.34281 19.20169 -47.05923 28.67204 19.65213 -46.48358 28.55928 20.55984 -46.60124 22.93743 20.43101 -46.27183 22.84259 19.72614 -44.87632 27.74985 21.32447 -48.04071 10 20.99308 -47.38462 16.86477 20.73491 -46.87348 20.02784 19.80744 -45.11169 28.1403 19.8614 -45.81076 28.37558 20.419 -48.00071 23.2568 20.62182 -47.31579 23.11676 29.65595 -40.52236 24.13851 29.8477 -40.81536 22.90604 30.0685 -41.09154 23.00135 32.79157 -42.66344 17.19794 32.07873 -41.57394 23.40869 28.93059 -39.41397 28.10453 29.14639 -39.68245 28.22931 29.72471 -40.07853 28.4652 30.41194 -40.23356 28.64939 31.13565 -40.13117 28.76245 33.11661 -43.3332 10 32.05934 -42.752 17.14752 32.29391 -43.36917 10 31.35812 -42.57493 17.06542 31.52645 -43.07094 10 30.76176 -42.15089 16.9603 30.59125 -41.95156 16.23114 30.94224 -42.48789 10 30.65619 -41.50228 23.18154 31.35065 -41.66894 23.32226 18.9486 43.42924 33.32458 18.81385 43.07016 33.1853 19.68296 44.79082 28.01478 20.44993 49.82536 17.16241 19.86767 48.67294 23.35133 20.96935 50.34643 10 21.19647 48.10558 16.97818 21.53731 48.83819 10 21.41185 49.65194 10 21.03522 47.46804 16.23611 21.32448 48.04072 10 21.53731 48.83819 10 21.19647 48.10558 16.97818 20.6268 46.97777 23.03596 20.43103 46.27186 22.84247 19.00091 43.76041 33.44117 19.87017 45.48002 28.26865 20.26482 45.94281 24.14371 20.92734 49.27538 17.12003 20.34802 48.12864 23.2788 21.11386 48.85457 17.07522 20.5376 47.71381 23.20209 19.09632 47.14787 28.68228 19.58026 46.60992 28.58721 19.77344 46.20173 28.4866 18.94043 44.35966 33.62661 18.85962 44.59785 33.69097 18.48719 45.18385 33.8207 28.49034 37.54943 37.89239 27.61525 36.67811 42.70225 28.23093 36.54221 42.81491 18.94042 44.35966 33.62661 18.85962 44.59785 33.69097 18.27353 43.44794 37.89283 20.57783 36.33714 82.42034 20.3922 36.46165 82.01116 21.14761 36.00795 82.41017 29.20729 37.43974 38.02657 29.88673 38.60231 33.82069 29.20729 37.43974 38.02657 29.88673 38.60231 33.82069 29.19305 38.63183 33.69095 28.23093 36.54221 42.81491 27.16232 35.89571 48.28221 26.06705 35.48427 54.39179 20.869 36.15884 82.6644 18.57806 38.32522 68.11637 19.28321 37.42398 75.50051 19.78096 36.9398 79.25513 20.13479 36.64946 81.11228 17.69675 40.31692 54.39161 17.50543 41.47108 48.28238 17.53101 42.71978 42.81495 17.82007 44.01398 38.027 18.48719 45.18384 33.8207 18.31247 41.51068 40.19582 18.49205 42.41286 37.59712 18.94859 43.42924 33.32458 19.00091 43.76041 33.44117 18.48635 42.76741 37.70411 18.20899 41.68359 42.55902 18.26356 41.08031 42.40365 18.155 40.63263 48.08758 18.40921 39.42006 52.924 18.28763 39.65903 54.24593 18.28763 39.65903 54.24593 18.52906 39.01431 56.13653 18.9849 37.97764 68.03655 19.14519 37.77093 67.99612 19.57457 37.21701 74.12232 20.30851 36.53463 80.96983 20.43395 36.43705 81.98907 20.64608 36.29664 82.33956 20.60349 36.32256 82.39862 20.78001 36.21273 82.55677 20.86975 36.15908 82.64292 20.85058 36.17074 82.59754 20.90739 36.13801 82.59545 20.87039 36.1591 82.62142 21.01003 36.08101 82.55101 21.07153 36.04862 82.41805 21.29104 35.93958 81.98027 21.22473 35.97187 82.03662 21.53484 35.83272 81.08028 21.44866 35.87054 81.15017 21.89365 35.70038 79.21129 21.88603 35.70745 78.52647 22.45183 35.54863 75.44379 22.27052 35.59914 75.57276 23.39715 35.4302 68.03696 24.23517 35.50492 58.47806 24.23517 35.50492 58.47806 23.39715 35.4302 68.03696 25.20187 35.66704 54.24613 24.23517 35.50492 58.47806 24.77252 35.60974 54.16726 26.11141 36.03903 48.08741 26.11141 36.03903 48.08741 26.27626 36.24731 43.49328 27.48468 37.22111 37.59667 27.22643 37.00506 37.49136 28.13651 38.12456 33.32456 27.89293 37.82836 33.18529 21.12248 36.02196 82.38846 28.49034 37.54943 37.89239 27.79457 37.39346 37.70367 26.99458 36.61126 42.55896 26.64535 36.0405 48.19282 21.33343 35.91719 82.00239 21.60219 35.79952 81.10328 21.99776 35.65387 79.23628 22.61316 35.4872 75.47325 23.65538 35.35828 68.07763 23.65538 35.35828 68.07763 25.6443 35.62538 54.32292 28.39718 38.33548 33.44117 20.9769 36.09923 82.55069 18.79349 38.16532 68.07721 19.42628 37.32723 75.4715 19.87724 36.87843 79.2303 20.19919 36.61013 81.08934 18.03034 40.02136 54.32272 17.8893 41.09577 48.19298 17.95655 42.25453 42.7023 20.86975 36.15908 82.64292 21.14761 36.00795 82.41017 19.68096 37.10078 75.4131 28.94635 38.58271 33.6266 33.11575 43.33343 10 32.29324 43.36906 10 32.20668 42.75608 17.16053 32.92167 42.61758 17.20305 31.74897 42.70722 17.11556 31.52577 43.0705 10 31.05904 42.4043 17.01817 29.88673 38.60232 33.8207 29.43375 39.92054 28.35901 28.94635 38.58272 33.6266 30.10704 40.19745 28.57752 29.19305 38.63183 33.69095 30.55711 40.23416 28.67841 31.26492 40.08393 28.77372 30.2249 41.39175 20.03894 29.84761 40.81524 22.90656 30.36093 41.33752 23.10099 28.99943 39.51916 27.75732 30.94224 42.48788 10 30.53635 41.86767 16.90474 31.04284 41.62812 23.26793 31.49685 41.67126 23.34502 32.20835 41.52733 23.4179 41.23043 35.85998 6.952833 40.80343 35.76461 13.23219 40.88025 34.91324 13.19142 40.80343 35.76461 13.23219 41.23513 34.89833 6.937917 41.06491 34.44498 6.923713 40.79073 34.04597 6.90604 40.42868 33.72468 6.885931 40 33.5 6.86457 40.19534 35.41267 18.75009 41.23043 35.85998 6.952833 40 33.5 13.03845 40.33057 33.77223 13.08155 40.33057 33.77223 13.08155 40.59503 34.1093 13.12264 40.59503 34.1093 13.12264 40.78113 34.4956 13.15985 40.88025 34.91324 13.19142 40 33.5 20.8532 40 33.5 18.44208 40.16866 33.7871 18.50316 40.16866 33.7871 18.50316 40.11335 34.01979 20.98771 39.91889 34.02098 23.30414 39.96381 33.84997 23.23341 39.89391 35.05955 21.21698 40.07708 34.55302 21.11209 40.35344 34.76183 18.66921 40.35344 34.76183 18.66921 40.34795 34.42719 18.61838 40.28576 34.09914 18.5625 40.28576 34.09914 18.5625 40.34795 34.42719 18.61838 39.85663 34.18712 23.37285 40.80343 35.76461 13.23219 39.85663 34.18711 23.37285 39.81998 33.90415 24.39145 39.70298 33.59851 26.66486 39.60199 33.69986 26.2638 38.24033 33.69076 29.25505 39.52679 33.8403 25.81353 39.50494 34.19202 24.8118 40 33.5 27.52571 39.97569 33.5 27.57967 36.10651 33.68063 33.48652 35.29144 33.5 36.99415 33.91857 33.66371 38.0667 34.64059 33.5 38.39393 31.81093 33.64555 43.35543 31.79442 33.5 45.69316 29.89908 33.62995 49.51206 30.58271 33.5 49.70104 28.259 33.61772 56.50746 28.84174 33.5 57.03182 26.49401 33.5 72.5 27.56099 33.5 64.30006 25.86487 33.6028 72.43056 26.91871 33.60845 64.2024 36.10651 33.68063 33.48652 30.70797 31.40892 74.50406 30.79702 31.5 74.5 29.5265 32.10401 74.40661 26.47616 33.49384 72.65671 25.86487 33.6028 72.43056 27.21272 32.2485 75.1574 27.51879 32.2871 74.73384 26.40562 33.11922 73.97701 25.97085 33.46197 73.30796 26.55787 33.43533 73.00476 26.73089 33.1235 73.75037 26.92176 33.26279 73.44475 27.14629 33.1632 73.6107 27.76734 32.89177 73.9363 27.87561 32.43317 74.37901 28.27317 32.66973 74.12226 28.37959 31.23848 75.58863 29.60423 30.27999 75.45652 29.60423 30.27999 75.45652 28.6893 31.40273 75.05017 29.83624 30.5173 75.04701 30.07708 30.76363 74.78553 29.08541 31.70171 74.64207 29.30333 31.89253 74.50072 30.53426 31.23125 74.53563 37.02059 20.56123 75.45652 39.60081 15.00215 75.45652 41.35157 9.128851 75.45652 39.60081 -15.00216 75.45652 41.35157 9.128851 75.45652 42.01205 9.274661 74.78553 40.23332 15.24177 74.78553 29.83169 -30.51264 75.05319 30.07707 -30.76363 74.78553 34.20267 -26.09997 74.78553 30.27734 -30.96847 74.64328 30.70797 -31.40892 74.50406 34.92011 -26.64744 74.50406 42.30001 -11.75479 74.50567 41.19636 -15.60661 74.5 42.3 -12.30514 74.5 42.3 -9.345691 74.6393 42.01204 -9.274664 74.78553 42.01204 -9.274664 74.78553 42.29983 -8.383025 74.72987 42.30014 -2.577866 75.40687 42.23622 -3.064344 75.45652 42.3 -3.072778 75.35813 42.29986 4.961272 75.13699 42.23622 3.064343 75.45652 42.30031 0.7127423 75.52659 41.35157 -9.128857 75.45652 38.51218 -21.38967 74.5 39.53921 -19.42568 74.5 38.40084 -21.32782 74.50406 40.23331 -15.24177 74.78553 35.83435 -25.62432 74.5 35.02137 -26.72471 74.5 30.79702 -31.5 74.5 34.92011 26.64744 74.50406 35.02137 26.72471 74.5 42.3 10.15623 74.57748 42.3 12.30513 74.5 41.07725 15.56148 74.50406 41.19636 15.6066 74.5 38.51218 21.38966 74.5 29.60423 -30.27999 75.45652 33.66497 -25.68965 75.45652 37.61189 -20.88964 74.78553 37.02059 -20.56124 75.45652 34.20267 26.09997 74.78553 33.66497 25.68965 75.45652 37.02059 20.56123 75.45652 37.02059 -20.56124 75.45652 33.66497 -25.68965 75.45652 29.60423 -30.27999 75.45652 39.60081 -15.00216 75.45652 40.23331 -15.24177 74.78553 37.61189 -20.88964 74.78553 41.35157 -9.128857 75.45652 42.23622 3.064343 75.45652 42.29986 4.961272 75.13699 42.01205 9.274661 74.78553 42.29986 4.961272 75.13699 40.23332 15.24177 74.78553 38.40084 21.32782 74.50406 42.23622 -3.064344 75.45652 37.61189 20.88964 74.78553 37.61189 20.88964 74.78553 39.60081 15.00215 75.45652 33.66497 25.68965 75.45652 30.70797 -31.40892 74.50406 29.70946 -31.31656 74.67428 27.2214 -32.23731 75.17282 28.39588 -31.21852 75.60315 27.52839 -32.27584 74.74433 26.40784 -33.11505 73.98629 25.37686 -33.75571 73.45531 25.96968 -33.46086 73.31512 25.86487 -33.6028 72.43056 29.60424 -30.28 75.45653 29.40102 -30.07215 76.38858 27.5226 -31.83403 75.93612 29.10444 -31.68644 74.64608 30.12259 -31.8248 74.47344 29.10444 -31.68644 74.64608 29.54926 -32.09348 74.40982 27.88736 -32.42358 74.38568 28.27282 -32.66989 74.12215 26.735 -33.1195 73.75697 27.07536 -33.19446 73.56248 27.619 -32.95653 73.8706 26.49401 -33.5 72.5 26.49746 -33.47125 72.83798 26.69513 -33.36687 73.21752 27.52839 -32.27584 74.74433 28.70585 -31.38402 75.05834 39.49374 -34.00138 25.34692 31.8108 -33.64562 43.35523 33.91847 -33.6638 38.06642 36.10644 -33.68072 33.48627 38.24023 -33.69086 29.25477 39.6016 -33.70017 26.26309 29.89895 -33.63002 49.51187 28.25887 -33.61778 56.50721 26.91855 -33.60851 64.20236 29.06704 -33.5 55.94724 27.56099 -33.5 64.30005 26.79151 -33.5 69.93786 39.7394 -33.57364 26.7871 38.24023 -33.69086 29.25477 40 -33.5 27.52571 36.10644 -33.68072 33.48627 35.39929 -33.5 36.76853 33.91847 -33.6638 38.06642 32.51523 -33.5 43.61075 31.8108 -33.64562 43.35523 31.98103 -33.5 45.13481 30.58276 -33.5 49.7009 39.58908 -34.17949 24.60982 39.81852 -33.90641 24.39311 39.81993 -33.90425 24.39147 39.85656 -34.18727 23.37292 40 -33.5 24.09814 39.96381 -33.84997 23.23341 40.33057 -33.77223 13.08179 40 -33.5 13.03869 40 -33.5 15.83951 40 -33.5 6.864235 40.42868 -33.7247 6.885595 40.79072 -34.04599 6.905701 41.23038 -35.86 6.952502 41.06489 -34.44501 6.923374 41.23509 -34.89835 6.937578 39.89389 -35.05952 21.21715 40.19529 -35.41263 18.75046 40.8034 -35.76461 13.23244 39.85657 -34.18727 23.37292 40.07706 -34.553 21.11226 40.3534 -34.76181 18.66958 40.63047 -34.87102 16.03082 40.8034 -35.76461 13.23244 40.88022 -34.91324 13.19167 40.25619 -33.7886 15.89222 40.59501 -34.10931 13.12289 40.45115 -34.12192 15.94293 40.7811 -34.49561 13.16009 40.11333 -34.01979 20.98788 40.28573 -34.09914 18.56286 39.96381 -33.84997 23.23341 39.85657 -34.18727 23.37292 40.11333 -34.01979 20.98788 40.07706 -34.553 21.11226 40.28573 -34.09914 18.56286 40.3534 -34.76181 18.66958 41.23038 -35.86 6.952502 22.0356 -35.66157 10 18.81385 -43.07016 10 18.31488 -41.52602 10 18.31488 -41.52602 10 18.52392 -39.02955 10 19.86602 -36.91417 10 18.52392 -39.02955 10 20.85026 -36.17093 81.9551 20.84088 -36.17643 79.72294 19.86602 -36.91417 10 24.53862 -35.55695 10 27.89293 -37.82836 10 26.80515 -36.62416 10 26.80515 -36.62416 10 26.73851 36.57106 10 24.4697 35.54352 10 27.89293 37.82836 10 21.98265 35.67724 10 20.8097 36.19489 82.44515 20.93028 36.12509 82.1881 20.85764 36.16662 81.06 19.8371 36.94212 10 18.51593 39.05347 10 18.81385 43.07016 10 18.31649 41.53611 10 40 33.5 26.67008 40 33.5 27.52571 40 33.5 26.67008 39.76016 33.8421 24.97015 40 33.5 24.9537 39.67492 33.74629 25.8119 40 33.5 25.81136 42.3 33.5 72.5 42.3 33.5 72 40 33.5 72 42.3 31.5 74.5 42.3 32.17851 74.38139 42.3 32.90753 73.92086 42.3 33.37491 73.19622 42.29983 -8.383025 74.72987 42.3 -9.345691 74.6393 42.3 -1.465386 72 42.3 1.465299 72 42.29986 4.961272 75.13699 42.3 -0.004279077 72.38154 42.3 -0.1099023 72.37938 42.3 -3.072778 75.35813 42.3 33.5 72.5 42.3 33.37491 73.19622 42.3 32.90753 73.92086 42.3 32.17851 74.38139 42.3 31.5 74.5 42.3 33.5 72 42.3 12.30513 74.5 42.3 10.15623 74.57748 42.3 -32.90753 73.92086 42.3 -33.37491 73.19622 42.3 -32.17851 74.38139 42.3 -33.5 72.5 42.3 -31.5 74.5 42.3 -33.5 72 42.3 -12.30514 74.5 42.30001 -11.75479 74.50567 42.3 -31.5 74.5 42.3 -33.5 72.5 42.3 -33.37491 73.19622 42.3 -32.90753 73.92086 42.3 -33.37491 73.19622 42.3 -32.17851 74.38139 40 -33.5 72 42.3 -33.5 72 40 -33.5 26.57209 39.78121 -33.78304 25.10523 40 -33.5 24.84777 39.7946 -33.652 25.87117 40 -33.5 25.67518 42.8 -4.450003 47.5 42.3 -4.450003 47.5 42.8 -4.450003 51.5 42.3 -4.450003 51.5 42.8 8.550002 47.5 42.3 8.550002 47.5 42.8 -4.450003 47.5 42.3 -4.450003 47.5 42.8 8.550002 51.5 42.3 8.550002 51.5 42.8 8.550002 47.5 42.3 8.550002 47.5 42.8 -4.450003 51.5 42.3 -4.450003 51.5 42.8 8.550002 51.5 42.3 8.550002 51.5 42.8 -4.450003 38.95 42.3 -4.450003 38.95 42.8 -4.450003 42.95 42.3 -4.450003 42.95 42.8 8.550002 38.95 42.3 8.550002 38.95 42.8 -4.450003 38.95 42.3 -4.450003 38.95 42.8 8.550002 42.95 42.3 8.550002 42.95 42.8 8.550002 38.95 42.3 8.550002 38.95 42.8 -4.450003 42.95 42.3 -4.450003 42.95 42.8 8.550002 42.95 42.3 8.550002 42.95 42.3 -4.450003 42.95 42.3 -4.450003 47.5 42.3 8.550002 42.95 42.3 8.550002 47.5 42.3 8.550002 38.95 42.3 8.75 38.65 42.3 -4.450003 38.95 42.3 -4.750001 38.65 42.3 -4.750001 53.2 42.3 8.75 53.2 42.3 8.550002 51.5 42.3 -4.450003 51.5 42.8 -4.750001 53.2 42.8 8.75 53.2 42.3 -4.750001 53.2 42.3 8.75 53.2 42.8 -4.750001 38.65 42.8 -4.750001 53.2 42.3 -4.750001 38.65 42.3 -4.750001 53.2 42.8 8.75 38.65 42.8 -4.750001 38.65 42.3 8.75 38.65 42.3 -4.750001 38.65 42.8 8.75 53.2 42.8 8.75 38.65 42.3 8.75 53.2 42.3 8.75 38.65 42.8 8.550002 47.5 42.8 8.75 38.65 42.8 8.75 53.2 42.8 -4.750001 53.2 42.8 -4.750001 38.65 42.8 -4.450003 42.95 42.8 -4.450003 38.95 42.8 8.550002 38.95 42.8 8.550002 42.95 42.8 8.550002 47.5 42.8 -4.450003 47.5 42.8 -4.450003 51.5 42.8 8.550002 51.5 42.8 26.5 37.85 42.8 21.7 39.8 42.8 10.5 37.85 42.8 15.4 39.8 42.8 21.7 41.8 42.8 24.6 41.8 42.8 26.5 37.85 42.8 24.6 49.4 42.8 26.5 51.5 42.8 12.4 49.4 42.8 10.5 51.5 42.8 12.4 41.8 42.8 15.4 41.8 42.8 26.5 51.5 42.8 26.5 37.85 42.3 26.5 51.5 42.3 26.5 37.85 42.8 26.5 37.85 42.8 10.5 37.85 42.3 26.5 37.85 42.3 10.5 37.85 42.8 10.5 37.85 42.8 10.5 51.5 42.3 10.5 37.85 42.3 10.5 51.5 42.8 10.5 51.5 42.8 26.5 51.5 42.3 10.5 51.5 42.3 26.5 51.5 42.3 21.7 39.8 42.3 26.5 37.85 42.3 15.4 39.8 42.3 10.5 37.85 42.3 15.4 41.8 42.3 21.7 41.8 42.3 24.6 41.8 42.3 26.5 51.5 42.3 24.6 49.4 42.3 10.5 51.5 42.3 12.4 49.4 42.3 12.4 41.8 42.8 12.4 49.4 42.3 12.4 49.4 42.8 24.6 49.4 42.3 24.6 49.4 42.8 24.6 49.4 42.3 24.6 49.4 42.8 24.6 41.8 42.3 24.6 41.8 42.8 24.6 41.8 42.3 24.6 41.8 42.8 21.7 41.8 42.3 21.7 41.8 42.8 21.7 41.8 42.3 21.7 41.8 42.8 21.7 39.8 42.3 21.7 39.8 42.8 21.7 39.8 42.3 21.7 39.8 42.8 15.4 39.8 42.3 15.4 39.8 42.8 15.4 39.8 42.3 15.4 39.8 42.8 15.4 41.8 42.3 15.4 41.8 42.8 15.4 41.8 42.3 15.4 41.8 42.8 12.4 41.8 42.3 12.4 41.8 42.8 12.4 41.8 42.3 12.4 41.8 42.8 12.4 49.4 42.3 12.4 49.4 42.8 -16.29312 43.56868 42.8 -14.48694 44.61148 42.8 -14.34724 44.09008 42.8 -16.29312 44.61148 42.8 -15.91142 44.99316 42.8 -15.39003 45.13287 42.8 -16.43282 44.09008 42.8 -14.86863 44.99316 42.8 -15.39003 43.04728 42.8 -15.91142 43.18699 42.8 -14.86863 43.18699 42.8 -14.48694 43.56868 40.3 -14.34724 44.09008 40.3 -16.29312 43.56868 40.3 -15.91142 43.18699 40.3 -16.43282 44.09008 40.3 -14.48694 44.61148 40.3 -14.86863 44.99316 40.3 -15.39003 45.13287 40.3 -15.91142 44.99316 40.3 -16.29312 44.61148 40.3 -15.39003 43.04728 40.3 -14.86863 43.18699 40.3 -14.48694 43.56868 40.3 -14.34724 44.09008 42.8 -14.34724 44.09008 40.3 -14.48694 44.61148 42.8 -14.48694 44.61148 40.3 -14.48694 44.61148 42.8 -14.48694 44.61148 40.3 -14.86863 44.99316 42.8 -14.86863 44.99316 40.3 -14.86863 44.99316 42.8 -14.86863 44.99316 40.3 -15.39003 45.13287 42.8 -15.39003 45.13287 40.3 -15.39003 45.13287 42.8 -15.39003 45.13287 40.3 -15.91142 44.99316 42.8 -15.91142 44.99316 40.3 -15.91142 44.99316 42.8 -15.91142 44.99316 40.3 -16.29312 44.61148 42.8 -16.29312 44.61148 40.3 -16.29312 44.61148 42.8 -16.29312 44.61148 40.3 -16.43282 44.09008 42.8 -16.43282 44.09008 40.3 -16.43282 44.09008 42.8 -16.43282 44.09008 40.3 -16.29312 43.56868 42.8 -16.29312 43.56868 40.3 -16.29312 43.56868 42.8 -16.29312 43.56868 40.3 -15.91142 43.18699 42.8 -15.91142 43.18699 40.3 -15.91142 43.18699 42.8 -15.91142 43.18699 40.3 -15.39003 43.04728 42.8 -15.39003 43.04728 40.3 -15.39003 43.04728 42.8 -15.39003 43.04728 40.3 -14.86863 43.18699 42.8 -14.86863 43.18699 40.3 -14.86863 43.18699 42.8 -14.86863 43.18699 40.3 -14.48694 43.56868 42.8 -14.48694 43.56868 40.3 -14.48694 43.56868 42.8 -14.48694 43.56868 40.3 -14.34724 44.09008 42.8 -14.34724 44.09008 42.8 -16.70688 52.03131 42.8 -18.51306 50.98852 42.8 -18.65277 51.50992 42.8 -16.70688 50.98852 42.8 -17.08857 50.60683 42.8 -17.60997 50.46712 42.8 -17.60997 52.55272 42.8 -17.08857 52.41301 42.8 -18.13137 52.41301 42.8 -18.51306 52.03131 42.8 -16.56717 51.50992 42.8 -18.13137 50.60683 40.3 -18.65277 51.50992 40.3 -18.51306 50.98852 40.3 -16.70688 52.03131 40.3 -18.13137 50.60683 40.3 -18.13137 52.41301 40.3 -18.51306 52.03131 40.3 -17.60997 52.55272 40.3 -17.08857 52.41301 40.3 -16.70688 50.98852 40.3 -16.56717 51.50992 40.3 -17.08857 50.60683 40.3 -17.60997 50.46712 40.3 -16.56717 51.50992 42.8 -16.56717 51.50992 40.3 -16.70688 52.03131 42.8 -16.70688 52.03131 40.3 -16.70688 52.03131 42.8 -16.70688 52.03131 40.3 -17.08857 52.41301 42.8 -17.08857 52.41301 40.3 -17.08857 52.41301 42.8 -17.08857 52.41301 40.3 -17.60997 52.55272 42.8 -17.60997 52.55272 40.3 -17.60997 52.55272 42.8 -17.60997 52.55272 40.3 -18.13137 52.41301 42.8 -18.13137 52.41301 40.3 -18.13137 52.41301 42.8 -18.13137 52.41301 40.3 -18.51306 52.03131 42.8 -18.51306 52.03131 40.3 -18.51306 52.03131 42.8 -18.51306 52.03131 40.3 -18.65277 51.50992 42.8 -18.65277 51.50992 40.3 -18.65277 51.50992 42.8 -18.65277 51.50992 40.3 -18.51306 50.98852 42.8 -18.51306 50.98852 40.3 -18.51306 50.98852 42.8 -18.51306 50.98852 40.3 -18.13137 50.60683 42.8 -18.13137 50.60683 40.3 -18.13137 50.60683 42.8 -18.13137 50.60683 40.3 -17.60997 50.46712 42.8 -17.60997 50.46712 40.3 -17.60997 50.46712 42.8 -17.60997 50.46712 40.3 -17.08857 50.60683 42.8 -17.08857 50.60683 40.3 -17.08857 50.60683 42.8 -17.08857 50.60683 40.3 -16.70688 50.98852 42.8 -16.70688 50.98852 40.3 -16.70688 50.98852 42.8 -16.70688 50.98852 40.3 -16.56717 51.50992 42.8 -16.56717 51.50992</float_array>
          <technique_common>
            <accessor source="#mesh-aad698f0-7cd2-4af1-8879-816aef74c815_001-mesh-positions-array" count="6624" stride="3">
              <param name="X" type="float"/>
              <param name="Y" type="float"/>
              <param name="Z" type="float"/>
            </accessor>
          </technique_common>
        </source>
        <source id="mesh-aad698f0-7cd2-4af1-8879-816aef74c815_001-mesh-normals">
          <float_array id="mesh-aad698f0-7cd2-4af1-8879-816aef74c815_001-mesh-normals-array" count="11751">1 0 0 0 1 0 0 0 1 0 -1 0 0 0 -1 1 -4.22681e-6 0 1 6.99148e-6 0 1 4.76841e-6 0 1 6.7072e-5 0 1 -2.23574e-5 0 1 3.40153e-6 0 1 -3.40152e-6 0 1 -1.94373e-6 0 1 1.94374e-6 0 0 0.2588158 0.9659268 0 0.2588155 0.9659268 0 0.7071081 0.7071055 0 0.7071022 0.7071114 0 0.9659271 0.2588148 0 0.9659263 -0.2588174 0 0.7071127 -0.7071009 0 0.7071081 -0.7071055 0 0.258813 -0.9659275 0 0.2588133 -0.9659274 0 -0.258813 -0.9659275 0 -0.2588136 -0.9659273 0 -0.707112 -0.7071015 0 -0.7071081 -0.7071055 0 -0.9659263 -0.2588174 0 -0.9659271 0.2588148 0 -0.7071081 0.7071055 0 -0.7071015 0.707112 0 -0.2588161 0.9659267 0 -0.2588155 0.9659268 0 -0.9749336 0.2224962 0 -0.7818142 0.6235115 0 -0.4339024 0.9009599 0.0045228 0.6969472 0.7171082 0 0.6414624 0.7671546 -7.73929e-7 0.5762325 0.8172859 0 0.7818193 0.6235052 0.006731688 0.7889891 0.6143705 0.006763696 0.7890247 0.6143244 0.004576086 0.6355409 0.7720537 0 0.4339075 0.9009574 0 0.781827 -0.6234955 0 0.7818238 -0.6234995 0 0.4338942 -0.9009639 0 -0.433889 -0.9009663 0 -0.7818238 -0.6234995 0 -0.9749325 -0.2225012 0 -0.9749323 -0.2225019 -2.0519e-5 0.9902949 0.1389822 0.005281865 0.9999305 -0.01054126 0.00521785 0.9854964 -0.1696169 0.005202949 0.970096 -0.2426658 0 0.9675328 -0.2527455 0 0.967533 -0.2527447 0 0.9749279 0.2225211 0 0.9749297 0.2225131 -1 0 0 -1 3.7435e-5 0 -1 1.13443e-5 0 -1 -1.27336e-5 0 -1 3.07409e-5 0 -1 2.3005e-6 0 -1 -2.94028e-6 0 -1 -6.1794e-6 0 0 -0.7071082 0.7071053 0 -0.7071076 0.7071061 0 -0.2588202 0.9659256 0 0.2588208 0.9659254 0 0.7071167 0.7070969 0 0.7071174 0.7070962 0 0.9659199 0.2588412 0 0.9659214 0.258836 0 0.9749225 -0.222545 0 0.9749237 -0.2225394 0 0.7818366 -0.6234834 0 0.7818335 -0.6234874 0 0.4338865 -0.9009676 0.006303012 -0.9997175 0.02291846 0 -0.9902941 -0.138988 0 -0.9749271 -0.2225248 0 -0.9749271 -0.2225247 0.006222605 -0.9809398 0.1942126 0.006199717 -0.9603347 0.2787811 0 -0.9574039 0.2887523 0 -0.957404 0.288752 0.00452125 -0.6969304 -0.7171246 0 -0.6415079 -0.7671164 0 -0.6415081 -0.7671163 0 -0.7818372 -0.6234827 0.006735801 -0.7890053 -0.6143495 0.006752133 -0.7890227 -0.614327 0.004576683 -0.6356182 -0.77199 0.00458014 -0.6355506 -0.7720458 0 -0.4338788 -0.9009714 0 -0.4338775 -0.9009719 1 -2.10096e-6 0 1 2.10091e-6 0 1 2.39599e-6 0 -1 8.95095e-6 0 -1 -2.30055e-6 0 1 7.62905e-6 0 1 -7.62939e-6 0 1 1.52583e-5 0 1 1.14441e-5 0 1 -1.14437e-5 0 1 1.52593e-5 0 0 0.2588211 0.9659253 0 0.2588161 0.9659267 0 0.7071093 0.7071043 0 0.7071037 0.7071099 0 0.9659344 0.2587872 0 0.965932 0.2587963 0 0.965932 -0.2587963 0 0.9659344 -0.2587872 0 0.7071264 -0.7070872 0 0.707132 -0.7070816 0 0.2587749 -0.9659377 0 0.2587798 -0.9659364 0 -0.2587872 -0.9659344 0 -0.7071314 -0.7070822 0 -0.707127 -0.7070865 0 -0.9659246 -0.2588239 0 -0.9659221 -0.258833 0 -0.9659221 0.258833 0 -0.9659246 0.2588239 0 -0.7071044 0.7071093 0 -0.7071086 0.7071049 0 -0.2588284 0.9659233 1 -2.28875e-5 0 1 2.28875e-5 0 1 -1.52593e-5 0 1 7.62939e-6 0 1 -1.52583e-5 0 0 0.2588284 0.9659233 0 0.7071264 0.7070872 0 0.707132 0.7070816 0 0.9659221 0.258833 0 0.9659246 0.2588239 0 0.9659246 -0.2588239 0 0.9659221 -0.258833 0 0.7071093 -0.7071043 0 0.7071037 -0.7071099 0 0.2588284 -0.9659233 0 -0.2588284 -0.9659233 0 -0.7071044 -0.7071093 0 -0.7071086 -0.7071049 0 -0.7071314 0.7070822 0 -0.707127 0.7070865 1 1.14444e-5 0 1 -7.62963e-6 0 1 7.62916e-6 0 0 0.2587798 0.9659364 0 0.2587749 0.9659377 0 0.2588161 -0.9659267 0 0.2588211 -0.9659253 0 -0.2588358 -0.9659214 0 -0.2588407 -0.96592 0 -0.7070945 -0.7071191 0 -0.7070841 -0.7071295 0 -0.7071068 0.7071068 0 -0.7071173 0.7070964 0 -0.2587994 0.9659311 0 -0.2587946 0.9659324 1 -1.90744e-5 0 1 1.90732e-5 0 0 -0.2587946 -0.9659324 0 -0.2587994 -0.9659311 1 -1.14441e-5 0 1 -1.90738e-5 0 1 1.90738e-5 0 0 0.2587872 0.9659344 0 0.2587872 -0.9659344 0 -0.2587872 0.9659344 1 -1.14436e-5 0 1 1.14446e-5 0 1 -1.52588e-5 0 1 -1.90747e-5 0 1 1.90729e-5 0 1 -1.52579e-5 0 0 0.2587773 0.965937 0 0.7071314 0.7070822 0 0.7071086 -0.7071049 0 0.2587773 -0.965937 0 -0.258797 -0.9659318 0 -0.7070896 -0.707124 0 -0.7070792 -0.7071344 0 -0.7071019 0.7071117 0 -0.7071124 0.7071013 0 -0.258797 0.9659318 1 -7.62974e-6 0 0 0.2588186 -0.9659259 0 -0.2588382 -0.9659208 0 0.7071086 0.7071049 0 0.7071314 -0.7070822 0 -0.7071068 -0.7071068 0 -0.7071124 -0.7071013 0 -0.7070896 0.707124 0 -0.7070841 0.7071295 1 1.52588e-5 0 0 -0.965932 -0.2587963 0 -0.9659344 -0.2587872 0 -0.9659344 0.2587872 0 -0.965932 0.2587963 0 -0.7071093 0.7071043 0 -0.7071037 0.7071099 1 -3.05176e-5 0 1 -3.8147e-6 0 1 3.8147e-6 0 0 0.2588009 0.9659307 0 0.707124 0.7070896 0 0.9659202 0.2588404 0 0.707124 -0.7070896 0 0.2588009 -0.9659307 0 -0.2588009 -0.9659307 0 -0.7070994 -0.7071142 0 -0.7071043 -0.7071092 0 -0.9659226 0.2588312 0 -0.9659202 0.2588404 0 -0.7071043 0.7071092 0 -0.7070994 0.7071142 0 -0.2588009 0.9659307 1 -3.05171e-5 0 1 -3.81452e-6 0 1 -3.81458e-6 0 0 0.2587935 0.9659327 0 0.2587887 0.965934 0 0.7071191 0.7070945 0 0.9659324 0.2587946 0 0.9659301 0.2588037 0 0.7071191 -0.7070945 0 0.2587887 -0.965934 0 0.2587935 -0.9659327 0 -0.707124 -0.7070896 0 -0.7071191 -0.7070945 0 -0.7071191 0.7070945 0 -0.707124 0.7070896 1 7.62963e-6 0 1 1.52597e-5 0 0 0.2588382 0.9659208 0 0.2588358 0.9659214 0 0.7070896 0.707124 0 0.707089 0.7071246 0 0.7071043 -0.7071092 0 0.2588358 -0.9659214 0 0.2588382 -0.9659208 1 -3.34672e-5 0 1 1.35088e-5 0 1 -5.55217e-6 0 1 2.2042e-5 9.22899e-6 1 2.3686e-5 0 1 2.28405e-5 0 1 -2.90901e-5 0 1 -3.33178e-5 0 0 -0.96593 0.2588035 0 -0.9659357 0.2587824 0 -0.9659357 -0.2587824 0 -0.96593 -0.2588035 0 -0.7071252 -0.7070884 0 -0.7071182 -0.7070955 -2.30156e-4 0.06499534 -0.9978857 -2.20892e-4 -0.1340577 -0.9909736 -4.44888e-4 -0.2610501 -0.9653252 0 -0.2632265 -0.9647341 0 -0.00496459 -0.9999877 0 0.08369642 -0.9964914 0 0.2588284 -0.9659233 -0.009143471 -0.6800131 0.733143 0 -0.6137576 0.7894945 0 -0.6137571 0.789495 0 -0.707104 0.7071096 -0.01365029 -0.7538373 0.6569194 -0.009100735 -0.7100085 0.7041343 1 3.34683e-5 0 1 -1.35088e-5 0 1 5.55217e-6 0 1 2.33574e-5 0 1 2.16864e-5 0 1 2.25318e-5 1.21323e-7 1 6.46387e-6 0 0 0.965923 -0.25883 0 0.965923 0.25883 0 0.7070869 0.7071266 0 0.7070898 0.7071238 -2.26394e-4 -0.06521522 0.9978713 -2.27525e-4 0.1336937 0.9910227 -4.51825e-4 0.2610146 0.9653348 0 0.2632531 0.9647269 0 0.004036247 0.9999919 0 -0.08424234 0.9964453 0 -0.2588284 0.9659233 -0.009146392 0.6800174 -0.733139 0 0.6136893 -0.7895476 0 0.6136902 -0.7895469 0 0.7070898 -0.7071238 -0.01365935 0.7538568 -0.6568968 -0.009134829 0.7100207 -0.7041216 0 0.2588276 0.9659236 0 0.2588286 0.9659234 0 0.7071068 0.7071068 0 0.965923 0.2588295 0 0.965923 -0.2588295 0 0.707116 -0.7070976 0 0.707117 -0.7070966 0 0.2588105 -0.9659282 0 0.2588114 -0.965928 0 -0.2588105 -0.9659282 0 -0.2588114 -0.965928 0 -0.7071058 -0.7071079 0 -0.7071048 -0.7071089 0 -0.9659242 -0.2588257 0 -0.965923 -0.2588295 0 -0.965923 0.2588295 0 -0.9659242 0.2588257 0 -0.7070945 0.7071191 0 -0.7070966 0.707117 0 -0.2588276 0.9659236 0 -0.2588286 0.9659234 0 0.2588235 0.9659246 0 0.2588225 0.965925 0 0.2588043 -0.9659298 0 0.2588073 -0.965929 0 -0.707116 -0.7070976 0 -0.707117 -0.7070966 0 -0.9659271 -0.2588143 0 -0.9659293 -0.2588067 0 -0.9659293 0.2588067 0 -0.9659271 0.2588143 0.974928 0.2225205 0 0.974928 0.222521 0 0.7818315 0.62349 0 0.4338831 0.9009693 0 -0.433883 0.9009693 0 -0.4338831 0.9009693 0 -0.781832 0.6234893 0 -0.7818318 0.6234894 0 -0.9749279 0.2225213 0 -0.974928 0.222521 0 -0.974928 -0.222521 0 -0.9749279 -0.2225215 0 -0.7818318 -0.6234894 0 -0.781832 -0.6234893 0 -0.4338836 -0.900969 0 -0.4338835 -0.9009691 0 0.4338836 -0.900969 0 0.7818315 -0.62349 0 0.974928 -0.222521 0 0.974928 -0.2225207 0 0 0 -1 0 0 -1 0 0 -1 0 0 -1 0 0 -1 0 0 -1 0 0 -1 0 0 -1 0 0 -1 0 0 -1 0 0 -1 0 0 -1 0 0 -1 0 0 -1 0 0 -1 0 0 -1 0 0 -1 0 0 -1 0 0 -1 0 0 -1 0 0 -1 0 0 -1 0 0 -1 0 0 -1 0 0 -1 0 0 -1 0 0 -1 0 0 -1 0 0 -1 0 0 -1 0 0 -1 0 0 -1 0 0 -1 0 0 -1 0 0 -1 0 0 -1 0 0 -1 0 0 -1 0 0 -1 0 0 -1 0 0 -1 0 0 -1 0 0 -1 0 0 -1 0 0 -1 0 0 -1 0 0 -1 0 0 -1 0 0 -1 0 0 -1 0 0 -1 0 0 -1 0 0 -1 0 0 -1 0 0 -1 0 0 -1 0 0 -1 0 0 -1 0 0 -1 0 0 -1 0 0 -1 0 0 -1 0 0 -1 0 0 -1 0 0 -1 0 0 -1 0 0 -1 0 0 -1 0 0 -1 0 0 -1 0 0 -1 0 0 -1 0 0 -1 0 0 -1 0 0 -1 0 0 -1 0 0 -1 0 0 -1 0 0 -1 0 0 -1 0 0 -1 0 0 -1 0 0 -1 -1.22555e-6 0 1 1.12078e-6 0 1 -2.11626e-6 0 1 2.46376e-6 0 1 -2.71433e-6 0 1 3.21093e-6 0 1 1.50513e-6 0 1 1.1654e-5 0 1 3.985e-6 0 1 -3.28179e-6 0 1 -6.00139e-6 0 1 3.74627e-6 0 1 -7.50175e-7 0 1 -2.9135e-6 0 1 1 3.46433e-6 0 1 4.68235e-6 0 1 1.53642e-5 0 1 9.75953e-6 0 1 -9.56123e-6 0 1 1.31163e-5 0 1 -1.19424e-5 0 1 1.72132e-5 0 1 -9.38791e-6 0 1 8.95047e-6 0 1 -2.11685e-5 0 1 4.30808e-6 0 1 -3.90839e-6 0 1 6.71786e-6 0 1 -2.12715e-6 0 1 1.25399e-5 0 1 3.59128e-6 0 1 -5.52242e-6 0 1 -1.31431e-6 0 1 -1.254e-5 0 1 -4.57411e-6 0 1 5.94518e-6 0 1 3.47815e-6 0 1 -1.04336e-5 0 1 1.22547e-5 0 1 -2.95372e-6 0 1 5.10465e-6 0 1 -2.6525e-6 0 1 -1.26339e-5 0 1 6.24879e-6 0 1 6.84336e-6 0 1 -5.90653e-6 0 1 -1.88697e-5 0 1 4.06238e-6 0 1 -5.77641e-6 0 1 2.66815e-6 0 1 3.85922e-6 0 1 1.8355e-6 0 1 -2.82945e-5 0 1 -1.81162e-6 0 1 -3.87559e-6 0 1 1.38061e-5 0 1 -3.76039e-6 0 1 2.82944e-5 0 1 -4.38896e-5 0 1 -1.69605e-5 0 1 4.53599e-6 0 1 -5.88731e-6 0 1 -4.2817e-6 0 1 2.38572e-5 0 1 -1.53638e-5 0 1 -6.35017e-6 0 1 4.29634e-6 0 1 -3.14568e-6 0 1 -8.10467e-7 0 1 -4.75792e-6 0 1 -4.53482e-6 0 1 -1.74627e-5 0 1 7.70236e-6 0 1 -2.90613e-6 0 1 -7.20877e-6 0 1 2.35622e-6 0 1 4.43694e-6 0 1 9.1483e-6 0 1 4.26343e-6 0 1 -1.31973e-5 0 1 -3.75646e-6 0 1 -8.82188e-6 0 1 4.20203e-6 0 1 2.00313e-5 0 1 9.59856e-6 0 1 2.71597e-6 0 1 -1.24256e-5 0 1 1.48544e-5 0 1 -1.17811e-6 0 1 4.18847e-6 0 1 -3.86572e-6 0 1 2.68003e-6 0 1 4.84527e-6 0 1 -4.26548e-6 0 1 2.6971e-6 0 1 9.88059e-6 0 1 -5.04505e-6 0 1 1.89733e-5 0 1 9.34791e-6 0 1 7.49968e-6 0 1 -5.36003e-6 0 1 1.19267e-5 0 1 -1.07041e-5 0 1 -1.04872e-5 0 1 -2.21097e-5 0 1 1.12692e-5 0 1 -5.86969e-6 0 1 9.69067e-6 0 1 -1.25731e-5 0 1 3.26763e-6 0 1 -1.05161e-5 0 1 6.13008e-5 0 1 -3.17755e-5 0 1 2.51062e-5 0 1 -1.4336e-5 0 1 -2.61721e-6 0 1 -7.81201e-6 0 1 -5.87309e-6 0 1 -1.01725e-5 0 1 1.01729e-5 0 1 9.19118e-6 0 1 -5.22674e-6 0 1 1.81937e-6 0 1 6.55445e-6 0 1 -3.89261e-6 0 1 -1.37618e-5 0 1 1.25734e-5 0 1 -1.01728e-5 0 1 2.93655e-6 0 1 -2.47876e-5 0 1 1.35739e-5 0 1 1.45858e-6 0 1 -4.20594e-6 0 1 8.88257e-6 0 1 3.7135e-6 0 1 -4.97018e-6 0 1 -1.51368e-5 0 1 1.20734e-5 0 1 -1.12054e-5 0 1 -1.76435e-5 0 1 1.27954e-5 0 1 -8.09123e-6 0 1 2.21097e-5 0 1 5.26017e-6 0 1 -6.2646e-6 0 1 1.83813e-5 0 1 2.86734e-5 0 1 -2.51045e-5 0 1 2.38408e-5 0 1 -1.26363e-5 0 1 -9.19185e-6 0 1 -3.50548e-6 0 1 3.50546e-6 0 1 4.88377e-6 0 1 5.88204e-6 0 1 -1.33101e-6 0 1 -1.41946e-6 0 1 1.78944e-5 0 1 -5.85004e-6 0 1 9.07575e-7 0 1 -8.66216e-7 0 1 -2.51224e-6 0 1 8.63051e-7 0 1 -1.50882e-6 0 1 5.95082e-6 0 1 -1.82069e-5 0 1 2.88026e-6 0 1 -1.39607e-7 0 1 1.52941e-6 0 1 -3.74333e-6 0 1 -6.75237e-6 0 1 1.66485e-6 0 1 -2.83301e-6 0 0 -0.9659247 -0.258823 0 -0.9659263 -0.2588173 0 -0.7071036 -0.70711 0 -0.258821 -0.9659253 0 -0.2588208 -0.9659254 0 0.2588208 -0.9659254 0 0.258821 -0.9659253 0 0.7071044 -0.7071092 0 0.7071048 -0.7071088 0 0.9659244 -0.2588245 0 0.9659259 -0.2588188 0 -0.9659254 -0.2588207 0 -0.9659252 -0.2588216 0 -0.7071073 -0.7071063 0 -0.7071095 -0.707104 0 -0.2588207 -0.9659254 0 -0.258819 -0.9659259 0 0.2588216 -0.9659252 0 0.2588196 -0.9659258 0 0.7071056 -0.707108 0 0.7071073 -0.7071064 0 0.9659258 -0.2588194 0 0.9659251 -0.2588221 0.9999998 1.89355e-4 -7.03353e-4 1 -3.74749e-4 -2.17081e-4 0.9999998 -1.23516e-4 -6.25359e-4 1 -5.04898e-6 0 1 2.4779e-6 0 1 9.68542e-7 0 1 -3.71399e-6 0 1 5.74825e-6 0 1 -1.43706e-6 0 0.9999998 3.05202e-5 -5.74372e-4 0.9999994 -2.81066e-5 -0.001159489 0.9999998 -1.62562e-5 -6.80257e-4 0.9999993 5.39108e-6 -0.001262068 0.9999997 -3.57931e-5 -9.29055e-4 1.07009e-4 0 -1 1.02792e-4 -3.08181e-6 -1 1 6.27405e-7 0 1 -1.67311e-6 0 1 2.93438e-6 0 1 5.38901e-7 0 1 -2.52446e-6 0 1 -5.04895e-6 0 1 -5.38905e-7 0 1 -5.04891e-6 0 0 0.9659253 -0.2588211 0 0.9659255 -0.2588205 0 -0.9659261 -0.258818 0 -0.9659258 -0.2588191 0 0.1327202 -0.9911536 -0.06629478 0.1953775 -0.9784849 -0.04449129 0.2599267 -0.964603 -0.02717763 0.5006201 -0.8652404 -7.03823e-5 0.3848516 -0.9229785 0 0.7071074 -0.7071062 0 0.7071077 -0.7071059 0 0.5566305 -0.8307603 -0.08525037 -0.3038167 -0.9489088 -2.53398e-4 -0.3849958 -0.9229184 -6.86696e-5 -0.556578 -0.8307954 -0.06521713 -0.3833374 -0.921303 0 -0.2588183 -0.9659261 -0.1271536 -0.1956126 -0.9724031 0 -0.7071074 -0.7071062 0 -0.7071072 -0.7071064 0 0.965928 -0.2588109 0 0.965925 -0.2588222 0 0.7071146 -0.707099 0 0.7071033 -0.7071104 0 0.2588244 -0.9659245 0 0.2588137 -0.9659273 0 -0.2588244 -0.9659245 0 -0.2588137 -0.9659273 0 -0.7071139 -0.7070997 0 -0.7071025 -0.707111 0 -0.9659284 -0.2588096 0 -0.9659254 -0.2588209 0 0.9659255 -0.2588207 0 0.965925 -0.2588223 0 0.7071068 -0.7071068 0 0.7071084 -0.7071052 0 0.2588184 -0.965926 0 0.2588186 -0.9659259 0 -0.2588186 -0.9659259 0 -0.2588184 -0.965926 0 -0.7071064 -0.7071072 0 -0.707108 -0.7071056 0 -0.9659262 -0.2588177 0 -0.9659256 -0.2588201 1 6.18809e-7 0 1 -2.50379e-6 0 1 2.6111e-6 0 1 -1.65985e-6 0 1 -6.36379e-6 0 1 5.66598e-6 0 1 6.20345e-6 0 1 -1.45061e-5 0 1 2.3561e-6 0 1 -1.55095e-6 0 1 -3.06029e-6 0 1 1.32249e-6 0 1 1.33712e-6 0 1 -2.35612e-6 0 1 1.13321e-5 0 1 9.28365e-6 0 1 -9.28396e-6 0 1 1.61747e-6 0 1 -9.07276e-7 0 1 1.65036e-6 0 1 1.49808e-6 0 1 3.98064e-7 0 1 -1.53456e-6 0 1 3.31969e-6 0 1 -2.66589e-6 0 1 -7.23028e-7 0 1 -3.35117e-6 0 1 3.1154e-6 0 1 3.11544e-6 0 1 1.67917e-6 0 1 7.35052e-6 0 1 2.6818e-6 0 1 -6.44909e-6 0 1 -2.68729e-6 0 1 1.85041e-6 0 1 -5.44993e-6 0 1 -4.33822e-6 0 1 -1.85043e-6 0 1 1.3409e-6 0 1 9.41106e-7 0 1 -1.29151e-6 0 1 3.01711e-6 0 1 -1.39183e-6 0 1 -1.37093e-6 0 1 -3.01711e-6 0 1 5.16604e-6 0 1 -5.21278e-6 0 1 -1.63299e-6 0 1 -2.504e-6 0 1 1.39184e-6 0 1 -5.04037e-6 0 1 -3.57421e-6 0 1 3.49345e-6 0 1 -3.16781e-6 0 1 2.52017e-6 0 1 -3.52344e-6 0 1 3.20331e-6 0 1 3.01488e-6 0 1 3.03095e-6 0 1 3.59876e-6 0 1 1.8907e-6 0 1 -3.52343e-6 0 1 -8.01645e-6 0 1 -8.0159e-6 0 -0.4087736 0.1021822 -0.9068975 -0.1353437 -0.80168 -0.5822296 -0.1211891 -0.9308583 -0.3446969 -0.06841301 -0.8564892 -0.5116112 -0.1809388 -0.9477568 -0.2627136 -0.3555358 -0.8873227 -0.2936884 -0.09068065 -0.6806241 -0.7269993 -0.07055836 -0.5852373 -0.8077864 -0.06952488 -0.4158699 -0.9067627 -0.06988096 -0.2840863 -0.9562487 0 -0.2088243 -0.9779533 0 -0.1119638 -0.9937123 -1 1.02956e-5 0 -1 -2.30202e-6 0 -1 1.6463e-6 0 -1 -2.29629e-6 0 -1 3.63171e-6 0 -1 2.29366e-4 0 -1 2.29344e-4 0 -1 2.29388e-4 0 -1 1.33102e-6 0 -1 2.23491e-6 0 -1 4.40449e-6 0 -1 -7.51498e-6 0 -1 7.46308e-6 0 -1 -1.20326e-6 0 -1 5.42174e-6 0 -1 -1.0355e-5 0 -1 -1.3935e-5 0 -1 8.74401e-7 0 -1 -2.21765e-6 0 -1 8.5147e-6 0 -1 -8.93688e-6 0 -1 6.28385e-6 0 -1 -1.74882e-6 0 -1 3.77575e-7 0 -1 -8.34771e-7 0 0 0.6245563 0.7809798 0 0.8902013 0.4555673 0 0.8902013 0.4555673 0 0.9987621 0.04974138 0 0.9366382 -0.3502984 0 0.9366384 -0.3502981 0 0.5037301 -0.8638612 0 0.5037289 -0.8638618 0 0.5810263 -0.8138848 0 0.653958 -0.7565308 0 0.7207398 -0.6932058 0 0.7207396 -0.693206 0 -0.6245563 -0.7809798 0 -0.8902026 -0.455565 0 -0.8902031 -0.455564 0 -0.998762 -0.04974353 0 -0.9366384 0.3502978 0 -0.9366382 0.3502984 0 -0.5037371 0.8638571 0 -0.503737 0.8638571 0 -0.5810283 0.8138834 0 -0.6539595 0.7565295 0 -0.7207374 0.6932082 0 -0.7207373 0.6932083 0 0.9692259 -0.246173 0 0.7342887 -0.6788374 2.382e-6 0 1 -1.26762e-5 0 1 -1.86012e-6 0 1 7.59256e-7 0 1 -1.6223e-6 0 1 1.73989e-6 0 1 8.03073e-7 0 1 -1.97989e-6 0 1 1.16709e-6 0 1 -1.71414e-6 0 1 1.71597e-6 0 1 8.1497e-7 0 1 -3.45321e-6 0 1 2.42764e-6 0 1 -2.00066e-6 0 1 3.5517e-6 0 1 -7.88339e-7 0 1 -3.63201e-6 0 1 1.54746e-6 0 1 -1.28516e-6 0 1 1.60831e-6 0 1 -1.73694e-6 0 1 2.00621e-6 0 1 -1 1.56982e-5 0 -1 1.25476e-5 0 -1 -1.4484e-5 0 -1 1.51897e-5 0 -1 1.39054e-5 0 -1 2.50947e-5 0 0 -0.539225 0.8421618 0 -0.5392243 0.8421622 -2.2215e-5 -0.4526378 0.8916945 0.02695143 -0.3292455 0.9438596 0.026672 -0.1681381 0.9854027 0.03988844 -0.1184684 0.9921564 0 -0.06881433 0.9976296 0 -0.8249001 0.5652785 0 -0.8249007 0.5652778 0 -0.9800155 0.1989215 0 -0.9800156 0.1989205 -1.14682e-4 0 -1 1.90939e-4 0 -1 0 0.9749283 -0.2225197 0 0.9749278 -0.2225214 -0.5482499 0 -0.8363146 0 0.2301307 -0.9731597 0 0.1274791 -0.9918413 -0.02193999 0.2570147 -0.9661585 0 0.12748 -0.9918412 -0.02909368 0.4336886 -0.9005931 -0.08683305 0.432245 -0.8975659 -0.02907705 0.4337226 -0.9005773 3.26437e-6 0.6663617 -0.7456287 0 0.7074508 -0.7067627 0 0.7818315 -0.6234899 0 0.7818318 -0.6234894 0 -0.9749282 -0.2225199 0 -0.7818241 -0.6234991 0 -0.7818352 -0.6234852 -1.76299e-6 -0.3258813 -0.9454108 0 -0.4338853 -0.9009681 0 -0.4338858 -0.900968 0 -0.09642094 -0.9953407 0 -0.269316 -0.9630519 -5.53389e-4 0.4851756 -0.8744166 -5.198e-4 0.4851905 -0.8744084 -4.4894e-4 -0.5146653 -0.8573911 -4.31464e-4 -0.5146682 -0.8573893 -4.39454e-4 -0.5146737 -0.8573861 -3.7872e-4 -0.51467 -0.8573884 -4.19184e-4 -0.5146664 -0.8573904 1.10374e-4 -0.9998552 0.01702606 7.3069e-5 -0.9998551 0.017026 4.90181e-4 -0.4851715 0.874419 5.11634e-4 -0.4851728 0.8744183 5.53385e-4 -0.4851883 0.8744096 5.41175e-4 -0.4851757 0.8744165 7.00046e-4 -0.4851902 0.8744084 4.2318e-4 0.514668 0.8573895 4.67366e-4 0.5146817 0.8573812 -8.29076e-5 0.9998552 -0.0170257 -8.55545e-5 0.9998552 -0.01702517 -2.74503e-4 0 -1 -3.43128e-5 0 -1 -1.94675e-5 0 -1 4.79232e-6 0 -1 1.34916e-4 0 -1 -3.8934e-5 0 -1 6.10501e-5 0 -1 1.00545e-5 0 -1 4.32316e-5 0 -1 -5.15783e-5 0 -1 -9.84494e-5 0 -1 9.39911e-5 0 -1 9.40221e-5 0 -1 -9.84879e-5 0 -1 -5.04799e-5 0 -1 4.49284e-5 0 -1 2.73613e-5 0 -1 -2.10141e-5 0 -1 -0.5149259 -0.8551899 -0.05917632 0.001048624 -3.40599e-4 0.9999994 0.001095712 -3.49934e-4 0.9999994 -4.73514e-4 2.52131e-4 0.9999999 -4.54935e-4 2.90915e-4 0.9999999 -3.23795e-4 2.35184e-4 1 0.003298997 -0.001161277 0.9999939 0.001005411 -3.13763e-4 0.9999995 0.001197278 -3.90749e-4 0.9999993 0.003402352 -0.001200497 0.9999936 0.002217292 -8.11098e-4 0.9999972 0.001048624 -3.40592e-4 0.9999994 0.002160727 -7.91074e-4 0.9999974 0.002160668 -7.91254e-4 0.9999974 0.001097321 -5.91021e-4 0.9999992 7.38462e-4 -6.11481e-4 0.9999997 9.34162e-4 -7.4129e-4 0.9999993 0.001146674 -6.17435e-4 0.9999992 0.001339673 -0.00107938 0.9999985 4.03974e-4 -9.95565e-4 0.9999995 0.001072824 -0.001050353 0.9999989 -0.4801635 0.8749786 -0.06209439 -1.52128e-5 0 1 5.87001e-5 0 1 -3.74188e-5 0 1 3.74188e-5 0 1 -1.3965e-5 0 1 5.72738e-6 0 1 1.4675e-5 0 1 1.39649e-5 0 1 -2.935e-5 0 1 -5.87011e-5 0 1 -2.291e-5 0 1 5.87007e-5 0 1 1.52126e-5 0 1 -2.793e-5 0 1 3.49117e-6 0 1 -1.4675e-5 0 1 -5.72738e-6 0 1 -4.40253e-5 0 1 -3.49117e-6 0 1 4.40262e-5 0 1 -5.87001e-5 0 1 7.60637e-6 0 1 3.66882e-6 0 1 -5.72777e-6 0 1 5.72777e-6 0 1 -7.6065e-6 0 1 -3.16355e-4 0.003840923 0.9999927 -5.88876e-4 0.007137656 0.9999744 -2.89296e-4 0.003554642 0.9999937 -2.8693e-4 0.003513336 0.9999939 -5.85518e-4 0.007096886 0.9999747 8.06627e-5 -4.03438e-4 1 -2.89388e-4 0.003535568 0.9999938 6.57807e-5 -3.29058e-4 1 -2.85009e-4 0.0034855 0.999994 6.6485e-6 -1.78802e-6 1 -3.09365e-4 0.003772079 0.9999929 -3.10273e-4 0.003783464 0.9999929 2.91127e-6 9.33402e-6 1 -3.1287e-4 0.003804147 0.9999927 1.23414e-4 -5.4253e-5 1 -0.001265168 8.87516e-4 0.9999988 -0.001344859 9.42288e-4 0.9999987 -0.002814054 0.001936018 0.9999942 -8.29704e-4 8.77142e-4 0.9999994 -1.52302e-4 -5.28177e-5 1 -3.35922e-4 2.9021e-4 1 -2.73138e-4 2.14388e-4 1 9.42483e-5 -2.28277e-4 1 -1.18207e-4 -3.14059e-4 1 -1.18258e-4 -3.1404e-4 1 -1.8372e-4 -7.86744e-5 1 -1.63943e-4 -4.35393e-4 0.9999999 -3.49485e-4 -5.33354e-4 0.9999999 -1.70764e-4 -3.99922e-5 1 -3.11969e-4 -3.16617e-4 1 -5.32544e-5 1.29279e-4 1 0.7528337 -0.6555498 -0.05912661 -4.89471e-4 -3.61325e-4 0.9999999 -0.001130461 -7.82498e-4 0.9999991 -1.79637e-4 -1.34771e-4 1 -4.46994e-4 -3.33358e-4 0.9999999 -1.36127e-4 -1.07134e-4 1 -6.09912e-4 -0.008205235 0.9999662 -2.99446e-4 -0.003967583 0.9999921 -2.89537e-4 -0.003878891 0.9999924 9.55321e-5 4.7916e-4 1 1.5736e-4 5.43635e-4 0.9999999 -0.001013219 -0.0124669 0.9999218 -6.1033e-4 -0.008196413 0.9999663 -2.99057e-4 -0.003967583 0.9999921 -6.11984e-4 -0.00822252 0.999966 -2.99172e-4 -0.003967583 0.9999921 0.7781653 0.6249696 -0.06222534 0.7781653 0.6249696 -0.0622254 0.7781654 0.6249695 -0.06222528 -0.8646156 -0.3850871 -0.3227195 -0.8646092 -0.3851251 -0.3226912 -0.8646029 -0.3851634 -0.3226627 0.806657 0.5910186 0.001345634 0.8326377 0.5538181 -5.1584e-4 0.9056265 0.4240762 2.20937e-4 0.8788412 0.4771138 9.43065e-4 0.9834917 0.1809535 -1.34636e-4 0.9983659 0.0571441 2.29054e-4 0.9995568 0.02976953 2.08989e-6 1 1.10188e-4 0 0.9984264 -0.05607938 6.05453e-7 0.992616 -0.1212995 -1.80839e-4 0.9507575 -0.3099359 3.35387e-4 0.897004 -0.4420227 2.09054e-4 0.8322325 -0.5544267 5.81194e-4 0.8298765 -0.557947 4.86412e-4 0.5900164 0.6088492 -0.5302672 0.5810427 0.6625513 0.4726682 0.4203557 0.6076405 -0.6738502 0.2605623 0.5918487 -0.7627729 0.1531862 0.6716362 -0.7248716 0.02283245 0.6758489 -0.7366865 -0.102172 0.6466594 -0.755905 -0.24529 0.6779112 -0.6930146 -0.324796 0.5447397 -0.7731536 -0.6006549 0.6849154 -0.4124376 -0.5650534 0.6394263 -0.5213913 -0.565025 0.6394002 -0.5214539 -0.5208493 0.5842097 -0.6224267 -0.7547262 0.3738126 -0.5391221 -0.7806693 0.3849821 -0.4922848 -0.7547321 0.3738139 -0.5391128 -0.7265637 0.3615383 -0.5842905 -0.4975836 0.3799946 -0.7797531 -0.6066182 0.1687044 -0.776887 -0.7405573 0.05995166 -0.6693136 -0.6412456 -0.07062584 -0.7640786 -0.6608725 -0.2045539 -0.7220839 -0.5942404 -0.3174515 -0.7389878 -0.5100851 -0.4134278 -0.7542485 -0.4616523 -0.5489771 -0.6967793 -0.3093988 -0.5547792 -0.7723292 -0.2949329 -0.8688414 -0.3976548 -0.2716518 -0.8112363 -0.5177848 -0.2716507 -0.8112249 -0.5178032 -0.2433959 -0.738773 -0.6284688 -0.0798102 -0.6211549 -0.7796134 0.3811677 -0.5182955 -0.7655593 0.3917003 -0.5347359 -0.7487513 0.3916893 -0.5347239 -0.7487656 0.4019622 -0.5508158 -0.7314564 0.3557191 -0.8100119 -0.4662024 0.2699186 -0.5679782 -0.7775248 0.1578884 -0.6102886 -0.7762854 0.04038935 -0.8716513 -0.4884594 0.04160428 -0.7784281 -0.6263537 0.04159373 -0.7784211 -0.626363 0.04165667 -0.6636487 -0.7468836 0.9659253 -0.2588211 0 0.9659244 -0.2588245 0 0.7071085 -0.7071051 0 0.7071067 -0.7071069 0 0.25882 -0.9659257 0 -0.2588182 -0.9659261 0 -0.7071103 -0.7071033 0 -0.7071121 -0.7071015 0 -0.9659226 -0.2588313 0 -0.9659234 -0.2588279 0 0.9659257 -0.2588198 0 0.9659247 -0.2588231 0 0.7071114 -0.7071023 0 0.7071095 -0.7071041 0 0.2588146 -0.965927 0 -0.2588129 -0.9659276 0 -0.7071132 -0.7071005 0 -0.707115 -0.7070987 0 -0.965923 -0.2588299 0 -0.9659239 -0.2588265 0 0.7071061 -0.7071075 0 0.7071052 -0.7071084 0 0.258821 -0.9659253 0 0.2588215 -0.9659252 0 -0.2588205 -0.9659255 0 -0.258821 -0.9659253 0 -0.707108 -0.7071057 0 -0.707107 -0.7071066 0 -0.9659257 -0.2588198 0 -0.9659247 -0.2588231 0 0.7071073 -0.7071064 0 0.7071064 -0.7071073 0 0.2588189 -0.9659259 0 0.2588194 -0.9659258 0 -0.2588185 -0.965926 0 -0.2588189 -0.9659259 0 -0.7071091 -0.7071046 0 -0.7071082 -0.7071055 0 -0.9659247 0.2588231 0 -0.9659257 0.2588198 0 -0.7071093 0.7071043 0 -0.7071102 0.7071034 0 -0.2588168 0.9659265 0 -0.2588164 0.9659267 0 0.2588172 0.9659263 0 0.2588168 0.9659265 0 0.7071075 0.7071061 0 0.7071084 0.7071052 0 0.9659257 0.2588198 0 -0.7071082 0.7071055 0 -0.7071091 0.7071046 0 -0.2588189 0.9659259 0 -0.2588185 0.965926 0 0.2588194 0.9659258 0 0.2588189 0.9659259 0 0.7071064 0.7071073 0 0.7071073 0.7071064 0 -0.9659234 0.2588279 0 -0.9659226 0.2588313 0 -0.7071121 0.7071015 0 -0.7071103 0.7071033 0 -0.2588182 0.9659261 0 0.25882 0.9659257 0 0.7071067 0.7071069 0 0.7071085 0.7071051 0 0.9659244 0.2588245 0 0.9659253 0.2588211 0 -0.9659239 0.2588265 0 -0.965923 0.2588299 0 -0.707115 0.7070987 0 -0.7071132 0.7071005 0 -0.2588129 0.9659276 0 0.2588146 0.965927 0 0.7071095 0.7071041 0 0.7071114 0.7071023 0 0.9659247 0.2588231 0 0.9649928 0.2622754 7.41154e-4 0.8752531 0.4836652 3.14955e-5 0.8122181 0.5833538 5.37931e-4 0.7886225 0.6148778 -2.65753e-4 0.9980862 -0.06183874 -1.26604e-4 0.9999477 0.0101934 8.67372e-4 0.9877781 0.1558645 7.94833e-4 0.8688833 -0.495014 0.001728832 0.5836557 -0.8120006 0.0010854 0.7230213 -0.6908223 0.002221405 0.9552903 -0.2956697 1.31354e-5 0.7914027 -0.6112853 0.0034765 0.01538878 -0.9998795 0.002038478 0.09224671 -0.9957358 8.70565e-4 0.1107868 -0.9938431 0.001501619 0.337889 -0.9411851 0.001380026 0.4869123 -0.8734487 0.002005696 -0.2390442 -0.971008 0.001152694 -0.2338551 -0.9722715 -2.18311e-5 -0.03817117 -0.9992698 0.001693964 -0.001942276 -0.9999954 0.002354204 -0.4763404 -0.8792607 5.96944e-4 -0.6642711 -0.7474913 9.00924e-4 -0.6540125 -0.7564838 -2.28919e-5 -0.8009805 -0.5986902 7.21702e-4 -0.8398715 -0.5427843 0.001063108 -0.8450909 -0.5346221 7.86127e-4 -0.9999966 0.002438724 9.32412e-4 -0.9977934 -0.06639373 -3.86138e-4 -0.9668488 0.2553489 5.99003e-4 -0.8154345 0.5788492 5.02152e-4 -0.7953706 0.6061234 -2.22055e-4 -0.87997 0.4750294 1.8457e-5 -0.9898904 0.1418321 9.19843e-4 -0.9833033 -0.1819741 -3.92802e-4 -0.9858718 -0.1675004 -7.85033e-4 -2.17752e-5 -0.9888412 -0.1489733 -0.01965206 -0.9877408 0.1548615 -0.02356195 -0.9966134 0.07878297 -0.03629547 -0.9578452 0.284983 -0.0305193 -0.8495471 0.5266291 -0.008255481 -0.9118948 0.4103412 0 -0.8510705 0.5250515 -0.005650997 -0.5704052 0.8213441 -0.0226193 -0.4993978 0.8660776 -0.04042845 -0.6691111 0.742062 -0.03038418 -0.7526845 0.6576799 0 -0.4426233 0.8967077 -0.01694589 -0.2337033 0.9721603 -0.02559751 0.02056008 0.9994609 0 0.04056411 0.999177 -0.0166518 0.2857933 0.9581467 -0.01989179 0.4891254 0.8719866 0 0.4786353 0.8780138 -0.009549498 0.6628969 0.7486498 -0.02606821 0.8874413 0.4601831 0 0.8195631 0.5729891 -0.00826323 0.9119156 0.4102947 0 0.9991628 -0.04091125 -0.02522283 0.9994668 -0.02073538 -0.03605246 0.9811751 0.1897255 -0.03932249 0.9537274 0.2980906 -0.01776707 0.9608977 -0.2763332 -0.01360291 0.8452343 -0.5342229 0 0.8237842 -0.5669035 -2.13455e-5 0.6420003 -0.7667045 -0.01292371 0.4787222 -0.8778714 -5.45712e-4 0.4574249 -0.8892481 -0.01700931 0.2846032 -0.9584945 -0.02559626 0.02056103 -0.9994609 0 0.04056692 -0.9991769 -0.01694458 -0.2337036 -0.9721602 -0.0270487 -0.5341933 -0.8449295 0 -0.4426319 -0.8967036 -0.005645632 -0.5703728 -0.8213667 -0.02750891 -0.6500082 -0.7594292 -0.03253698 -0.7376472 -0.674402 -0.01376569 -0.8848127 -0.4657437 0 -0.9020119 -0.4317113 0 0.9659242 0.2588253 0 0.9659261 0.258818 0 0.7071048 0.7071088 0 0.7071044 0.7071092 0 0.258821 0.9659253 0 0.2588208 0.9659254 0 -0.2588208 0.9659254 0 -0.258821 0.9659253 0 -0.7071036 0.70711 0 -0.9659246 0.2588238 0 -0.9659265 0.2588165 0 0.9659256 0.2588202 0 0.9659258 0.2588194 0 0.7071055 0.7071082 0 0.7071056 0.707108 0 0.2588214 0.9659253 0 0.2588199 0.9659257 0 -0.2588207 0.9659254 0 -0.258819 0.9659259 0 -0.7071077 0.7071059 0 -0.7071073 0.7071063 0 -0.9659257 0.2588198 0 -0.9659254 0.2588207 0 -0.7818335 0.6234873 0 -0.7818329 0.6234881 0 -0.9749279 0.222521 0 -0.9749279 0.2225214 -0.3321614 0.2290745 0.914983 0 0.7818335 0.6234873 0 0.7818329 0.6234881 0 0.9749276 0.2225226 0 0.9749272 0.2225241 1.96715e-5 -0.08152008 0.9966717 -0.01121991 -0.2293654 0.9732758 -0.01107412 -0.3783961 0.9255776 -0.011231 -0.4462652 0.8948303 0 -0.4526325 0.8916972 0 -0.4526321 0.8916974 0 0.4338822 0.9009697 0 0.4526326 0.8916971 0 0.4526321 0.8916974 0 -0.9659284 0.2588096 0 -0.9659254 0.2588209 0 -0.7071139 0.7070997 0 -0.7071025 0.707111 0 -0.2588244 0.9659245 0 -0.2588137 0.9659273 0 0.2588244 0.9659245 0 0.2588137 0.9659273 0 0.7071146 0.707099 0 0.7071033 0.7071104 0 0.965928 0.2588109 0 0.965925 0.2588222 0 -0.965926 0.2588184 0 -0.9659262 0.2588177 0 -0.7071064 0.7071072 0 -0.707108 0.7071056 0 -0.2588199 0.9659257 0 -0.2588201 0.9659255 0 0.2588201 0.9659255 0 0.2588199 0.9659257 0 0.7071084 0.7071052 0 0.9659255 0.2588207 0.6811757 0.08449989 0.7272272 0.7070516 0.01251572 0.7070512 0.6661618 0.006628572 0.7457778 0.6535797 0.05705744 0.7547039 0.7112491 0.1596789 0.6845636 0.7015354 0.2063306 0.6821113 0.7048153 0.2721994 0.65509 0.6972882 0.3245185 0.639122 0.7077127 0.3954849 0.5854352 0.6947062 0.4513928 0.5600249 0.7121655 0.5010228 0.4917281 0.6924429 0.5590413 0.4560657 0.7118648 0.5888867 0.3827022 0.7043595 0.6233565 0.3395652 0.71583 0.6444855 0.268749 0.7168337 0.6563575 0.2352539 0.7095787 0.6895742 0.1448637 0.7081243 0.6885923 0.1562073 0.7004018 0.7113355 0.05864405 0.71134 0.7028437 0.002501308 0.698826 0.7137179 -0.0474224 0.7048942 0.6999107 -0.1151059 0.6951786 0.6975425 -0.1736699 0.7109473 0.6573038 -0.2500114 0.7140383 0.637949 -0.2883932 0.7217288 0.5901251 -0.3617457 0.7100059 0.6077244 -0.3557566 0.7067949 0.5595361 -0.4328514 0.7178644 0.5090342 -0.4749264 0.7185645 0.4814248 -0.5018917 0.7166268 0.4138588 -0.5613973 0.7084756 0.4286151 -0.5606706 0.7065572 0.3528797 -0.6133947 0.7101293 0.2974239 -0.6381658 0.7069902 0.2640616 -0.6560766 0.711565 0.1781343 -0.6796644 0.7111626 0.1908276 -0.6766334 0.7139161 0.09904509 -0.6931912 0.7164927 0.05746865 -0.6952235 0.7072888 0.03128027 -0.7062323 0.7069879 0.005247473 -0.7072063 0.699839 -0.02426928 -0.7138882 0.7092974 -0.4057332 -0.5764355 0.705112 -0.3107342 -0.6373864 0.703298 -0.2696889 -0.6577537 0.7050902 -0.2000848 -0.6803044 0.709649 -0.1590908 -0.6863588 0.705507 -0.1057341 -0.7007712 0.7049449 -0.06161451 -0.7065808 0.7060505 -0.5298304 -0.4698644 0.7121819 -0.4741954 -0.517625 0.7066425 -0.4061729 -0.5793789 0.7088978 -0.5999781 -0.3707967 0.724147 -0.5397868 -0.4292337 0.7077192 -0.5194931 -0.4788116 0.7167614 -0.6800454 -0.1542445 0.7238617 -0.6465348 -0.2408676 0.714849 -0.643742 -0.2731065 0.6928607 -0.6046275 -0.392899 0.7218847 -0.5899342 0.361746 0.7140698 -0.6379089 0.2884038 0.7110031 -0.6572468 0.2500026 0.69506 -0.6976519 0.173705 0.7048726 -0.6999299 0.1151211 0.6989307 -0.7139835 0.04151487 0.7159488 -0.6981071 -0.007990002 0.7034435 -0.7067548 -0.07526588 0.7154955 -0.676187 -0.175606 0.7053043 -0.2843539 0.6493756 0.7121504 -0.3825933 0.5886121 0.7137694 -0.4175395 0.5623114 0.7057964 -0.4799024 0.5211 0.7184309 -0.5073605 0.4758597 0.7051094 -0.5594642 0.4356841 0.7100228 -0.6076008 0.3559339 0.7130575 -0.1580421 0.6830606 0.718747 -0.2380758 0.6532403 0.7126242 -0.3180201 0.6253239 0.6896839 -0.1721738 0.7033436 0.7132787 -0.07052379 0.6973235 0.7046722 -0.05454277 0.7074336 0.6907203 0.2118886 0.6913818 0.6799191 0.2526049 0.6884046 0.6923781 0.3472537 0.6324774 0.7001594 0.02463853 -0.7135614 0.7038138 -0.02286195 -0.7100166 0.7049431 0.1127172 -0.70025 0.7052406 0.1469077 -0.6935805 0.7116363 0.2428386 -0.6592445 0.6768541 0.2889751 -0.6770244 0.6896871 0.3706401 -0.6220593 0.6908888 0.3900032 -0.6087447 0.7189601 0.4444869 -0.534348 0.7069565 0.4701558 -0.5283617 0.7069519 0.5284764 -0.4700339 0.706958 0.5549608 -0.4384392 0.7067388 0.5959413 -0.3812797 0.7110987 0.6133056 -0.343795 0.7017357 0.653552 -0.2836139 0.701354 0.673289 -0.2340613 0.6979987 0.698697 -0.1569091 0.7069491 0.6998595 -0.102077 0.7069549 0.7069582 -0.0206139 0.7069553 0.7069573 0.02063184 0.7070775 0.69787 0.1141009 0.6905389 0.7057529 0.1583324 0.6994103 0.6716646 0.2443196 0.7001162 0.6604973 0.2712578 0.7153686 0.6095829 0.3415502 0.7069637 0.6022084 0.3708738 0.7069585 0.5549606 0.4384387 0.7069538 0.5284824 0.4700242 0.7065854 0.4835894 0.5166028 0.7091006 0.4510347 0.5419817 0.7084938 0.416381 0.5697925 0.7068685 0.329729 0.6257922 0.705583 0.1068 0.700533 0.7024657 0.020563 0.7114205 0.7026726 -0.02935194 0.7109077 0.7061327 -0.1203237 0.6977813 0.7062976 -0.1619011 0.689153 0.7102609 -0.2598108 0.6542383 0.693037 -0.3065958 0.6524561 0.6927129 -0.4274054 0.5809247 0.694227 -0.3970574 0.6003285 0.6996505 -0.5130684 0.4972425 0.6952581 -0.5719802 0.4352641 0.7110673 -0.5938186 0.3765141 0.7052035 -0.6410985 0.3027886 0.7048527 -0.662409 0.2537659 0.7012059 -0.6931437 0.1669195 0.7069478 -0.698161 0.1131197 0.7069274 -0.7069284 0.02249234 0.7069264 -0.7069287 -0.02251505 0.7070311 -0.6969918 -0.1196219 0.6987227 -0.6955152 -0.1674672 0.7040827 -0.6609678 -0.2595942 0.7045508 -0.6447451 -0.2964997 0.7121305 -0.5857175 -0.3870469 0.68629 -0.5829669 -0.4349203 0.6900566 -0.4852109 -0.5370216 0.6843063 -0.5181489 -0.5130758 0.7028168 -0.3829395 -0.5995048 0.6983607 -0.3081068 -0.6460361 0.7099504 -0.2504556 -0.6582117 0.7066505 -0.1659386 -0.6878296 0.7065138 -0.1165994 -0.6980278 0.669902 0.2190688 0.7093942 0.6454746 0.2660852 0.7159337 0.6744885 0.3542421 0.6477483 0.692963 0.02521747 -0.720532 0.7002023 -0.02325242 -0.7135658 0.7027327 0.1119241 -0.702595 0.7030597 0.1461361 -0.6959536 0.7164859 0.241474 -0.6544755 0.6386655 0.3029162 -0.707353 0.6000581 0.3618219 -0.713453 0.4861579 0.3685174 -0.792367 0.7416631 0.4035807 -0.5357784 0.7751394 0.4000354 -0.4890097 0.7306521 0.4367237 -0.5248047 0.706956 0.4701432 -0.5283736 0.7069516 0.5284856 -0.4700239 0.7069572 0.5549506 -0.4384535 0.7067354 0.5959581 -0.3812599 0.7149556 0.609749 -0.342118 0.6950284 0.6599875 -0.285223 0.6946271 0.6796866 -0.2356258 0.6872623 0.7085571 -0.1600543 0.7069517 0.6998545 -0.1020934 0.7069552 0.7069582 -0.020603 0.7069543 0.706959 0.02061069 0.707081 0.6978679 0.114092 0.671762 0.7226596 0.1627852 0.6897844 0.6813123 0.2449718 0.6905701 0.6701595 0.2720279 0.7238921 0.6017625 0.3374346 0.7069608 0.602219 0.3708621 0.7069591 0.5549527 0.4384477 0.7069512 0.5284655 0.4700472 0.7065831 0.4836004 0.5165956 0.711041 0.4498633 0.5404108 0.7105199 0.4151965 0.5681315 0.7068715 0.329904 0.6256965 0.7037771 0.1065026 0.7023923 0.6971682 0.02111905 0.7165965 0.6983713 -0.02974897 0.7151172 0.7053547 -0.1196763 0.698679 0.7055432 -0.1612793 0.6900708 0.7137318 -0.2587475 0.6508738 0.6774874 -0.3134505 0.6654019 0.6742416 -0.4377712 0.5947729 0.6784011 -0.4030461 0.6142686 0.6906079 -0.5199831 0.5026713 0.6812335 -0.5818751 0.4442323 0.7149531 -0.5903037 0.3746783 0.7026274 -0.6438059 0.3030325 0.7022591 -0.6650832 0.2539614 0.6946199 -0.6992617 0.168927 0.7069495 -0.6981649 0.1130847 0.7069289 -0.7069273 0.0224834 0.7069276 -0.7069281 -0.02249717 0.707035 -0.6969887 -0.1196175 0.6900762 -0.7035297 -0.1698257 0.7009591 -0.6643724 -0.2593564 0.7014847 -0.6481509 -0.296344 0.7174922 -0.5809387 -0.3843373 0.6619194 -0.60024 -0.4489709 0.6680269 -0.4996063 -0.5514832 0.6551621 -0.5393762 -0.5289953 0.6976462 -0.3848634 -0.6042929 0.6882449 -0.3130145 -0.6544776 0.7128595 -0.2496063 -0.6553838 0.7059968 -0.1655014 -0.6886057 0.7058402 -0.1161367 -0.6987861 -0.4087849 -0.1021876 0.9068918 -0.07071936 0.994787 -0.07346874 0 0.9961949 0.0871545 -0.06197047 0.3053929 -0.9502078 1.34343e-7 0.1428913 -0.9897384 -0.1721647 0.7533758 -0.6346529 -0.09482359 0.6813495 -0.7257903 -0.1486306 0.8220228 -0.549716 -0.08492457 0.9080572 -0.4101463 0 0.9214757 -0.3884361 -0.01120406 0.6710466 -0.7413305 -0.08155643 0.5199352 -0.8503034 -0.1225585 0.3839563 -0.9151814 -0.07047206 0.9760758 -0.2056937 -0.07653117 0.8759667 0.476262 -0.1118046 0.9364393 0.3325377 -0.167118 0.951058 0.2599233 -0.3292217 0.8987616 0.2895523 0 0.598414 0.801187 -0.01120436 0.6710475 0.7413297 -0.09039318 0.5884824 0.8034411 -0.1082595 0.7668416 0.6326404 -0.04164683 0.8527005 0.5207375 0 0.2768513 0.9609128 0 0.1119704 0.9937116 -0.09861367 0.3042493 0.9474745 -0.1475153 0.4633998 0.8737849 -0.1625052 -0.4003161 0.9018532 0 -0.1536973 0.9881181 -0.08212429 -0.3141684 0.9458087 -0.1089392 -0.5647457 0.8180432 -0.06437218 -0.6615372 0.7471445 -0.06341046 -0.797852 0.5995093 -0.1029559 -0.9025517 0.4180918 0 -0.9135777 0.4066643 -0.07234251 -0.9748342 0.2108671 -0.07266283 -0.9946498 0.07343035 0 -1 4.2883e-7 0 -0.9954687 -0.09508955 -0.1271513 -0.4034709 0.9061146 -0.1109305 -0.139333 0.9840126 -0.06435835 -0.3156123 0.9467031 -0.05929857 0.8767596 0.4772593 -0.08764475 0.938793 0.3331459 -0.08656823 0.994355 0.06135201 -0.131646 0.9720202 0.194541 0 0.5984163 0.8011855 -0.008628845 0.671063 0.7413502 -0.07037693 0.5892117 0.804908 -0.08383625 0.7687193 0.634068 -0.0321235 0.8529573 0.5209916 -0.1655806 -0.05374062 0.984731 -0.3261305 -0.1058495 0.93938 -2.10106e-6 0.2768517 0.9609127 0 0.111971 0.9937115 -0.07699841 0.3051726 0.9491791 -0.115066 0.4646015 0.8780122 -0.08528518 -0.5656622 0.8202152 -0.04985159 -0.662402 0.747488 -0.04909592 -0.7984572 0.6000464 -0.07980096 -0.9044971 0.4189473 0 -0.9135769 0.4066663 -0.05615711 -0.9758458 0.2111195 -0.09209239 -0.9937818 -0.0625838 0 -1 3.24005e-7 -0.008637547 0.6710985 -0.741318 -0.06341278 0.5205 -0.8515037 -0.07393944 0.6832482 -0.726433 -0.1053773 -0.8041568 -0.5850021 -0.09527486 -0.9336055 -0.3454035 -0.0533176 -0.8569215 -0.5126821 -0.1429373 -0.96898 -0.2016102 -0.07066249 -0.6820094 -0.7279217 -0.05471175 -0.5853938 -0.808901 -0.05392098 -0.4163181 -0.9076188 -0.1605789 -0.4282549 -0.8892763 -0.05389571 -0.4162698 -0.9076425 -0.05766814 -0.1401269 -0.9884528 0 -0.2088246 -0.9779532 -0.05744671 -2.72715e-6 -0.9983486 -0.07354307 0.2677935 -0.9606654 0 0.1981479 -0.9801722 -0.09524571 0.3857266 -0.9176836 -0.06575691 0.9094817 -0.410511 0 0.9214751 -0.3884376 -0.1159073 0.8255259 -0.5523337 -0.1345858 0.7584051 -0.6377371 -0.05463439 0.9770389 -0.2059369 0.707108 -0.7071056 -7.66608e-7 0.7032722 -0.7109208 -1.05388e-5 0.7004073 -0.7004023 0.1373547 0.7065063 -0.6361554 0.3100891 0.7032665 -0.7109265 6.67756e-5 0.7073352 -0.6579219 0.2584875 0.7092588 -0.4717972 0.5237933 0.7065424 0.7065386 -0.04001313 0.7065435 0.7065382 0.04000353 0.7069484 0.674297 0.2134186 0.7049606 0.6396522 0.3063916 0.7058636 0.5199727 0.481025 0.7058669 0.4324759 0.560996 0.7058695 0.2299427 0.6699811 0.7058661 0.1150006 0.6989477 0.7058643 -0.1149932 0.6989507 0.7058645 -0.2299374 0.6699882 0.7070778 -0.4702993 0.5280715 0.7072356 -0.6544358 -0.2674543 0.7069461 0.6743022 -0.2134096 0.7049561 0.6396605 -0.3063845 0.7058687 0.5199658 -0.481025 0.7058655 0.4325037 -0.5609763 0.705864 0.2299362 -0.6699891 0.7058672 0.1149813 -0.6989498 0.7058662 -0.1150007 -0.6989476 0.7058649 -0.2299416 -0.6699863 0.7055975 -0.4278312 -0.5648829 0.709015 -0.5131466 -0.4837133 0.7073349 -0.6579232 -0.258485 0.7071036 -0.70711 6.37919e-5 0.6973962 -0.7049897 0.1289496 0.7072367 -0.6544508 0.2674144 0.7073344 -0.6579386 0.2584472 0.7092782 -0.471812 0.5237536 0.7065418 0.7065393 -0.04001325 0.7065422 0.7065395 0.0400027 0.7069468 0.674293 0.2134367 0.7020585 0.7020589 0.1192778 0.7069538 0.6742811 0.213451 0.6961435 0.59914 0.395494 0.705865 0.5199758 0.4810194 0.7058637 0.43248 0.5609969 0.7058642 0.2299482 0.6699847 0.705864 0.1150032 0.6989494 0.7058631 -0.1149941 0.6989518 0.7058638 -0.2299404 0.6699879 0.7070776 -0.4703029 0.5280686 0.6974113 -0.7049673 -0.1289914 0.7071088 -0.7071049 -6.36056e-5 0.7072361 -0.6544343 -0.2674564 0.7069495 0.6742991 -0.2134086 0.704958 0.639658 -0.3063853 0.7058636 0.5199703 -0.4810275 0.7058697 0.4325035 -0.5609713 0.7058637 0.2299403 -0.669988 0.7058725 0.1150287 -0.6989367 0.696143 0 -0.7179032 0.7071178 -0.1728368 -0.6856471 0.705858 0.1149487 -0.6989645 0.7058628 -0.2299463 -0.669987 0.7056 -0.4278295 -0.5648811 0.7090148 -0.513121 -0.4837405 0.7073318 -0.6579571 -0.2584069 0.7037888 0.708884 0.04653012 0.7004054 0.7004042 0.137355 0.7072361 0.654452 0.267413 0.7065457 -0.7065358 -0.04000335 0.706542 -0.706539 0.04001307 0.7069532 -0.674282 0.2134504 0.7049589 -0.6396569 0.3063855 0.7058646 -0.5199694 0.4810271 0.7058659 -0.4325067 0.5609737 0.7058646 -0.2299404 0.6699871 0.7058637 -0.1149922 0.6989516 0.705863 0.115003 0.6989505 0.7058663 0.2299478 0.6699827 0.7055992 0.4278317 0.5648804 0.709014 0.5131245 0.483738 0.7073336 0.6579403 0.2584449 0.7092972 0.471825 -0.5237163 0.706472 0.6337053 -0.3151428 0.7076359 0.6722607 -0.2175248 0.6993555 0.7032248 -0.127972 0.7037901 0.7088855 0.04648596 0.7069498 -0.6742955 -0.213419 0.7049571 -0.6396552 -0.3063929 0.705864 -0.5199746 -0.4810224 0.7058635 -0.4324794 -0.5609977 0.7058668 -0.2299455 -0.6699829 0.7058636 -0.1150026 -0.6989499 0.7058637 0.1150326 -0.6989449 0.7058629 0.2299379 -0.6699898 0.7070772 0.4703032 -0.5280691 0.7037883 0.7088846 0.04652673 0.7052471 0.7078417 -0.03983408 0.7072362 0.6544352 0.2674538 0.7065426 -0.706539 -0.04000306 0.7065436 -0.7065375 0.04001325 0.7069493 -0.6742997 0.2134074 0.7049583 -0.639658 0.3063846 0.7058675 -0.5199669 0.4810256 0.7058663 -0.432505 0.5609742 0.7058643 -0.2299378 0.6699883 0.7058672 -0.114989 0.6989485 0.7058653 0.1149998 0.6989487 0.7058683 0.2299438 0.6699819 0.7056009 0.4278286 0.5648806 0.7090132 0.5131515 0.4837107 0.7073349 0.6579232 0.258485 0.7092575 0.4718407 -0.5237559 0.7076084 0.6545163 -0.2662681 0.7076376 0.6722601 -0.2175214 0.7069503 -0.674296 -0.2134157 0.704962 -0.639651 -0.3063909 0.7058636 -0.5199686 -0.4810293 0.705865 -0.4324755 -0.5609987 0.7058695 -0.2299395 -0.6699822 0.7058696 -0.115001 -0.6989442 0.7058611 0.1149827 -0.6989557 0.7058668 0.2299349 -0.6699867 0.7092526 0.4717662 -0.5238296 0.7070776 0.4702375 -0.5281269 0.6983044 0.5872011 -0.4093481 0 -0.7342855 -0.6788407 0 -0.7342849 -0.6788414 0 -0.9692263 -0.2461718 0 -0.9659267 0.2588157 0 -0.9659266 0.2588163 0 -0.7071074 0.7071062 0 -0.258817 0.9659264 0 -0.2588167 0.9659265 0 0.258817 0.9659264 0 0.707108 0.7071056 0 0.9659265 0.2588168 0 0.9659263 0.2588174 0 -0.5392233 -0.8421629 0 -0.5392239 -0.8421626 0.02024424 -0.3843395 -0.9229699 0 -0.06882023 -0.9976291 0.03988635 -0.1184712 -0.9921561 0.02671629 -0.1681375 -0.9854015 0 -0.4071422 -0.9133649 0 -0.8248986 -0.5652808 0 -0.8248999 -0.5652788 0 -0.9800158 -0.19892 0 -0.9800156 -0.1989205 -0.9993969 -0.03472673 0 -0.9993969 0.03472763 0 -0.9850592 -0.1722167 1.33116e-5 -0.9707293 -0.2401767 1.33008e-6 -0.9283333 -0.3717491 0 -0.9002901 -0.4352903 0 -0.8316598 -0.5552855 1.66485e-5 -0.7911102 -0.6116738 1.33008e-6 -0.6991997 -0.7149264 2.33059e-5 -0.6478885 -0.7617352 0 -0.5366513 -0.8438041 0 -0.4767864 -0.8790192 0 -0.3510105 -0.9363716 0 -0.2851681 -0.9584776 0 -0.1502659 -0.9886456 1.99772e-5 -0.08127927 -0.9966914 0 0.05694532 -0.9983773 1.66485e-5 0.1261075 -0.9920166 1.33008e-6 0.2617059 -0.9651477 0 0.3280677 -0.9446543 0 0.455205 -0.8903867 0 0.5159114 -0.856642 0 0.6291171 -0.7773105 0 0.6815553 -0.7317667 -1.66485e-5 0.775957 -0.6307859 0 0.8178699 -0.5754034 0 0.8894055 -0.4571192 0 0.91899 -0.3942809 -1.33116e-5 0.9645826 -0.2637813 1.33116e-5 0.9805657 -0.1961908 -1.33116e-5 0.9917809 -0.1279481 0 0.9917809 -0.1279477 0 0.9917808 0.1279488 0 0.9917808 0.1279489 0 0.9805659 0.1961904 0 0.9645828 0.2637807 0 0.9189906 0.3942798 0 0.8894058 0.4571185 -1.33116e-5 0.8178685 0.5754053 1.33116e-5 0.7759556 0.6307876 -1.53154e-5 0.6815546 0.7317674 1.66485e-5 0.6291176 0.7773101 0 0.5159123 0.8566415 0 0.4552065 0.8903859 -1.19868e-5 0.3280674 0.9446544 1.33116e-5 0.2617052 0.9651479 -1.99772e-5 0.1261076 0.9920166 1.33116e-5 0.05694532 0.9983773 -1.66485e-5 -0.08127927 0.9966914 0 -0.1502659 0.9886456 0 -0.2851681 0.9584776 0 -0.3510105 0.9363716 0 -0.4767848 0.87902 1.33116e-5 -0.5366501 0.8438049 -1.66485e-5 -0.6478881 0.7617356 -1.33116e-5 -0.6991999 0.7149263 -1.33116e-5 -0.7911117 0.6116718 0 -0.8316611 0.5552836 -1.66485e-5 -0.9002899 0.4352909 0 -0.9283329 0.3717501 0 -0.9707293 0.2401767 -1.33008e-6 -0.9850592 0.1722167 1.33008e-6 -0.5482541 0 0.8363119 0 -0.4338802 0.9009706 0 -0.4338799 0.9009708 0 -0.3258649 0.9454165 0 -0.2693397 0.9630453 0 -0.09642094 0.9953407 0 -0.7818297 0.6234922 0 -0.7818352 0.6234852 0 -0.9749282 0.2225199 0 0.1274805 0.9918411 0 0.1274808 0.9918411 -0.04317456 0.2567374 0.9655165 0 0.7818316 0.6234896 0 0.7818326 0.6234886 -0.0351395 0.5879185 0.8081566 0 0.6663454 0.7456433 5.15953e-7 0.2843344 0.9587252 -0.08620089 0.433008 0.897259 0 0.9749281 0.2225206 0 0.9749279 0.2225213 0.9991827 -0.04042458 0 0.9991827 0.0404244 0 0.9798225 0.19987 1.54935e-5 0.9604739 0.2783702 1.31709e-5 0.9035186 0.4285491 0 0.8659458 0.5001379 0 0.7747057 0.632322 1.54935e-5 0.7210925 0.6928389 0 0.6008692 0.7993475 1.93774e-5 0.5343311 0.8452753 0 0.3921132 0.9199171 0 0.3165177 0.9485867 0 0.1605687 0.9870247 -1.5481e-6 0.08030873 0.99677 -1.39515e-5 -0.08030843 0.9967701 0 -0.1605685 0.9870247 1.51562e-5 -0.316518 0.9485866 0 -0.3921137 0.9199169 0 -0.5343317 0.8452749 1.54935e-5 -0.6008692 0.7993474 -1.58572e-5 -0.7210922 0.6928391 1.54935e-5 -0.7747051 0.6323227 0 -0.8659458 0.5001379 0 -0.9035186 0.4285491 1.93774e-5 -0.9604739 0.2783703 1.39515e-5 -0.9798225 0.1998701 -2.32517e-5 -0.9991827 0.04042446 0 -0.9991827 -0.0404247 -1.93774e-5 -0.9798225 -0.1998701 -1.5481e-6 -0.9604739 -0.2783704 0 -0.9035185 -0.428549 1.78258e-5 -0.8659458 -0.5001379 0 -0.7747055 -0.6323223 0 -0.7210922 -0.6928391 -1.54935e-5 -0.6008692 -0.7993474 1.93774e-5 -0.5343313 -0.8452752 -1.93774e-5 -0.392113 -0.9199172 -1.5481e-6 -0.3165174 -0.9485867 -1.54935e-5 -0.1605679 -0.9870248 0 -0.08030784 -0.9967702 -1.93774e-5 0.08030796 -0.9967702 1.78258e-5 0.160568 -0.9870249 -1.39515e-5 0.316517 -0.948587 1.39515e-5 0.3921126 -0.9199173 0 0.5343316 -0.8452749 1.54935e-5 0.6008691 -0.7993475 -1.54935e-5 0.7210925 -0.6928388 3.50483e-7 0.7747054 -0.6323224 0 0.8659458 -0.5001379 0 0.9035185 -0.428549 -1.78258e-5 0.9604739 -0.2783703 -1.5481e-6 0.9798225 -0.1998701 0 -0.002190768 0.9986972 -0.05098193 -0.00561732 0.9996545 -0.02567666 -0.001875042 0.9962151 0.08690202 -0.005964875 0.9830292 0.1833521 -2.58681e-4 0.9681097 0.2505272 -0.002929568 0.9332886 0.3591153 -0.002035558 0.9308254 0.3654587 -0.007003664 0.8881312 0.4595369 -2.06114e-4 0.8674829 0.4974671 -0.00525403 0.7759554 0.630766 2.85403e-4 0.7824439 0.622721 -0.006936848 0.6489381 0.7608097 6.95823e-4 0.5878276 0.8089859 -0.003049254 0.4318853 0.9019235 -9.27497e-4 0.4294282 0.9031006 -0.003452003 0.2912735 0.9566336 -0.003264844 0.3305122 0.9437962 -0.003448128 0.2912641 0.9566365 -3.33776e-4 0.2126986 0.9771178 -2.22853e-4 0.175737 0.9844372 -3.8678e-4 0.1380221 0.9904291 -4.24082e-5 0.04515308 0.9989801 -1.01637e-4 -0.01083475 0.9999413 3.24724e-4 -0.09429222 0.9955446 -0.001858353 -0.1311849 0.9913563 0.008799791 -0.200514 0.9796514 -0.002445638 -0.2604779 0.9654768 1.30817e-4 -0.3372948 0.941399 -0.03325635 -0.3286643 0.9438612 1.32481e-4 -0.3373317 0.9413859 0.001274406 -0.4205419 0.9072723 0.001233279 -0.4474253 0.8943206 -0.01159578 -0.4891942 0.8720978 -0.003037869 -0.5555555 0.831474 -0.004819333 -0.6111791 0.7914778 0.01038104 -0.6810496 0.7321637 0.003065526 -0.7188617 0.6951464 0.003629565 -0.7758105 0.6309556 0.004754543 -0.7453755 0.666628 0.003638803 -0.7758387 0.630921 -4.56796e-4 -0.8332262 0.5529322 4.857e-4 -0.8536549 0.5208389 0.002638995 -0.871923 0.4896358 4.85627e-4 -0.9100818 0.4144287 -5.25373e-4 -0.9277521 0.3731967 5.5215e-4 -0.9748985 0.2226493 0.002221047 -0.974892 0.2226672 0.005418002 -0.9936958 0.1119795 5.53995e-4 -0.9749109 0.2225949 0.002197802 -0.9999968 0.001314461 -0.03586494 -0.9992893 -0.01160866 5.31473e-4 -0.9666259 -0.2561916 -0.03828161 -0.9932775 -0.1092451 -0.0213266 -0.9809028 -0.193326 -0.01001054 -0.9347031 -0.3552888 0.01101833 -0.9249157 -0.3800127 -0.008650243 -0.8808967 -0.4732296 0.005894839 -0.8626181 -0.5058216 -0.006515145 -0.8058632 -0.5920661 -0.007003784 -0.7593331 -0.6506644 -0.01583319 -0.7353849 -0.6774647 -0.01552212 -0.693133 -0.7206426 -0.01696246 -0.6315656 -0.7751369 0.004166066 -0.5607314 -0.8279873 -0.02776014 -0.532206 -0.8461596 0.004173934 -0.5607288 -0.827989 4.05597e-4 -0.3818508 -0.9242239 -0.001993119 -0.4072031 -0.9133356 -0.006761491 -0.2844468 -0.958668 0.001896917 -0.2510094 -0.9679828 1.6842e-4 -0.1744028 -0.9846745 2.05901e-4 -0.1381271 -0.9904146 -4.00464e-5 -0.05993449 -0.9982024 -0.004671633 -0.003899991 -0.9999815 -0.004541695 0.05930352 -0.9982297 4.7055e-4 0.132055 -0.9912423 -2.37398e-4 0.1422529 -0.9898303 -0.00483036 0.2406606 -0.9705974 -0.004171252 0.2854117 -0.958396 -0.007600903 0.390062 -0.9207573 3.68417e-4 0.3819123 -0.9241985 -0.006987154 0.471762 -0.8816984 -0.005318105 0.5094562 -0.8604802 -0.005199313 0.6054154 -0.7958927 -1.67679e-4 0.6096637 -0.7926602 -0.002410411 0.6952399 -0.7187737 -6.94701e-4 0.7207902 -0.693153 -0.002091586 0.7775717 -0.6287909 -0.002126455 0.8057128 -0.5923027 -0.003225982 0.853613 -0.5208978 -0.001153588 0.8719364 -0.4896181 -0.00349611 0.9100502 -0.4144836 -0.004623293 0.9277488 -0.3731766 -0.00371176 0.9748796 -0.2227016 -0.002053558 0.9748798 -0.2227223 -1 -1.38744e-5 0 -1 3.51019e-7 0 -1 5.34128e-7 0 -1 0 0 -1 1.59716e-6 0 -1 -5.87347e-7 0 -1 -3.84241e-7 0 -1 -3.49683e-6 0 -1 8.43153e-7 0 -1 -7.38802e-7 0 -1 -1.52525e-7 0 -1 3.59326e-7 0 -1 5.99023e-7 0 -1 -2.16062e-6 0 -1 -5.47129e-7 0 -1 -2.70101e-6 0 -1 1.97067e-6 0 -1 -1.5372e-6 0 -1 1.30576e-6 0 -1 -5.06099e-7 0 -1 -1.5204e-5 0 -1 3.13507e-7 0 -1 -1.45234e-6 0 -1 -3.75356e-7 0 -1 1.14972e-5 0 -1 1.14961e-5 0 -1 1.07989e-6 0 -1 7.37798e-7 0 -1 -8.74376e-5 0 -1 -8.74365e-5 0 -1 -8.74372e-5 0 -1 5.14205e-6 0 -1 -9.80292e-7 0 -1 -7.72989e-7 0 -1 7.33435e-6 0 1 1.11459e-6 0 1 7.6989e-7 0 1 -1.96662e-7 0 1 -2.44083e-7 0 1 1.23678e-6 0 1 -2.13189e-7 0 1 -3.18996e-7 0 1 -7.41583e-7 0 1 -2.62745e-7 0 0.9939023 -0.1097408 0.01074224 1 -4.06574e-5 0 1 -3.86407e-7 0 1 -2.1971e-6 0 1 2.15851e-7 0 1 4.85018e-6 0 0.9952948 -0.09521609 0.01795083 0.9986729 -0.05150318 0 0.9976688 0.06755739 0.009645164 0.9423712 0.3340065 0.0194016 1 -3.56984e-6 0 1 5.88848e-7 0 0.9998679 -0.007450103 0.01444876 0.9875364 0.1553539 0.0252406 1 2.18228e-6 0 1 -8.52133e-6 0 1 1.2427e-6 0 0.4810401 -0.876462 0.0203706 0.5744311 -0.818553 -4.11128e-7 0.3205562 -0.9472294 6.24704e-4 -0.5599648 -0.8285164 4.33549e-6 -0.4687398 -0.883274 0.01048946 -0.06836611 -0.9976602 7.01347e-4 -0.06828713 -0.9976609 0.003122031 -0.1885281 -0.9820568 0.004644751 -0.1109682 -0.993711 0.01498126 0.04957288 -0.9986017 0.0183652 0.1345894 -0.9907932 0.01464575 0.2622238 -0.9641762 0.04003733 -0.928336 -0.3717418 6.09816e-4 -0.6964873 -0.7174353 0.01385909 -0.5228375 -0.8523837 0.009110689 -0.7872685 -0.6164797 0.01269626 -0.7640906 -0.6450877 0.005239903 -0.8082653 -0.5886588 0.01371639 -0.7553463 -0.6550243 0.01988351 -0.8532055 -0.5211927 0.01996529 -0.755278 -0.655404 -9.3566e-4 -0.7416241 -0.6707835 0.006573736 -0.717491 -0.6965371 0.006540179 -0.7638573 -0.6452926 0.01092833 -0.7694152 -0.6387094 0.007123172 -0.7803318 -0.62536 0.002685487 -0.9945549 0.1042025 0.001557588 -0.998677 -0.05127537 0.003909409 -0.984561 -0.1750392 9.85789e-4 -0.7587644 -0.651305 0.008860468 -0.7088907 -0.7053184 -2.66103e-7 -0.8766065 -0.4812045 0.001840829 -0.994752 0.1022371 0.004025399 -0.999455 -0.02757138 0.01815545 -0.9977487 -0.06706207 3.9579e-4 -0.9620231 -0.2718277 0.02492642 -0.8299241 -0.5577321 0.01269048 -0.1373776 0.9891543 0.05197328 -0.4243566 0.9054947 9.01623e-4 -0.3600738 0.9329237 5.93743e-4 -0.5046366 0.8633312 0.001133441 -0.4738705 0.8805945 2.73834e-4 0.3347779 0.9422969 6.64975e-4 0.1470019 0.9891355 0.001252532 0.0429604 0.9990752 0.001830458 0.01244497 0.9944882 0.1041075 9.08068e-5 0.9882271 0.1529946 -0.02007985 0.9955171 0.0924251 0.009489536 0.9969686 0.07722437 0.4738706 0.8805946 3.48957e-4 0.5024769 0.8645901 0.001131236 0.4203513 0.907361 8.5748e-4 0.5572533 -0.8303401 0.002048611 0.4727472 -0.8811981 0 0.6634905 -0.7468022 -0.0454632 0.4727457 -0.8811989 0 0.9436932 -0.324277 -0.06548166 0.9981377 0.03132772 -0.05234187 0.9986976 -0.04012465 -0.03151458 0.9699484 -0.2368763 -0.05558735 0.8880475 -0.4587979 -0.02960079 0.7549824 -0.6550428 -0.03034186 0.909927 -0.4100182 0.06259322 0.8117459 -0.583981 0.005899727 0.7803716 -0.6189844 -0.08876138 0.8253194 -0.5047509 0.2531295 0.9855775 -0.1540992 -0.06993162 0.973692 -0.1801557 -0.1395273 0.9855746 -0.154109 -0.06995218 0.9999022 0.002932488 0.01367437 0.9999021 0.002975523 0.01367676 0.9817366 0.1683067 -0.08869266 0.9679618 0.2502662 -0.02041608 0.8992664 0.4279642 -0.09036916 0.8807126 0.4735856 0.007883191 0.7672675 0.6405404 -0.03175848 0.6591129 0.749615 -0.06039637 0.5770707 0.8166875 0.003309428 0.4727465 0.8811985 0 0.4699313 0.882703 -2.32523e-4 0.9795457 0.1999667 -0.02244275 0.9402872 0.3363538 -0.05221283 0.8980359 0.4397666 0.01170837 0.8146345 0.5799747 -6.11646e-7 0.7939088 0.6079517 0.01018619 -0.9968065 0.07985526 0 -0.9961274 0.08792096 -1.62672e-4 -0.9991214 -0.04191088 1.63056e-5 -1 -9.19238e-5 3.43662e-6 -0.9962694 -0.08629721 5.02543e-4 0.1083723 -0.9657232 -0.2358688 0.158931 -0.9786283 -0.1304897 0.1276515 -0.990364 -0.05370664 0.1555746 -0.9877929 0.007855832 0.3522155 -0.9358876 0.007660567 0.3215446 -0.9467042 0.0189827 0.3353068 -0.9421074 -0.001716315 0.2859401 -0.9580677 0.01856684 0.2102347 -0.9363508 -0.281156 0.1932139 -0.9802236 -0.04278039 0.5300444 -0.847801 0.01692593 0.4821068 -0.8742231 -0.05750745 0.5013329 -0.8610843 -0.08484899 0.4404787 -0.8964756 -0.04806286 0.3757735 -0.9266937 0.005753278 0.5578107 -0.8297156 0.0204761 0.7204556 -0.6914694 -0.05304658 0.6933583 -0.7146835 -0.09209668 0.6527342 -0.6543673 -0.381761 0.6617046 -0.7197066 0.2101653 0.6933526 -0.7146965 -0.09203869 0.6028825 -0.7486138 -0.2758809 0.6471554 -0.7604321 -0.05415749 0.6123965 -0.7859378 -0.08527868 -0.01627814 -0.9998676 0 -0.05225384 -0.9985709 0.01121848 -0.04901689 -0.998798 0 -0.1289814 -0.9916312 0.005607664 -0.2673869 -0.9635602 0.007484316 -0.2079099 -0.978148 0 -0.2055816 -0.9785698 0.01172459 -0.3922681 -0.919851 0 -0.4261475 -0.9045993 0.009931385 -0.422162 -0.9065204 0 -0.4935419 -0.869704 0.005604922 -0.6799276 -0.732759 -0.02761906 -0.7083051 -0.7035698 -0.0573886 -0.6240116 -0.7805206 -0.03737664 -0.561519 -0.8274638 0 -0.5607141 -0.8279172 0.01236486 -0.7367348 -0.6761313 0.008271753 -0.7851704 -0.6192541 0.005646526 -0.9076787 -0.4196038 0.007208943 -0.9233998 -0.3834819 -0.01657456 -0.8741341 -0.4856525 0.005591511 -0.8323161 -0.5543013 0 -0.8322136 -0.5543101 0.01267683 -0.9356542 -0.3528522 -0.006836235 -0.9583291 -0.285649 -0.003193855 -0.9989449 -0.04501652 0.009088516 -0.9956122 -0.005727767 -0.09340065 -0.9906879 -0.1350671 0.01715719 -0.9799707 -0.1991422 0 -0.9797691 -0.1992609 0.01864421 -0.9975172 0.02868872 -0.06431609 -0.9937106 0.1006297 -0.04912316 -0.9417159 0.3362429 0.01057982 -0.9404977 0.3398001 0 -0.968182 0.2497969 0.01501041 -0.9827494 0.1849421 0 -0.9825912 0.1850942 0.0159583 -0.9187587 0.3947485 0.007491528 -0.8402745 0.5421614 0 -0.8779253 0.4787236 0.00842297 -0.838492 0.5447973 0.01128709 -0.8035808 0.5951488 0.007486402 -0.7005707 0.7135438 0.007487595 -0.7431187 0.6691598 0 -0.7444756 0.6675477 0.01166987 -0.7642203 0.6449553 0 -0.6001541 0.7998844 0 -0.5700643 0.8215389 0.01003265 -0.5737183 0.8190528 0 -0.5060631 0.862478 0.005653679 -0.2944268 0.9551753 -0.03087157 -0.2547398 0.9649707 -0.06276422 -0.3637295 0.930585 -0.04138016 -0.4350554 0.9004038 0 -0.4364232 0.8996568 0.01234769 -0.2168439 0.9761701 0.00840342 -0.1433045 0.9896628 0.005597352 0.09071904 0.9958513 0.007088243 0.1298518 0.9914665 -0.01152449 0.01688516 0.9998418 0.005608201 -0.063488 0.9979826 0 -0.06356269 0.9978976 0.01265966 0.1689594 0.985623 -2.33477e-4 0.2411037 0.9704948 -0.003007888 0.4607754 0.8874714 0.008977055 0.4934251 0.8653252 -0.08800053 0.3787075 0.9253545 0.01731234 0.3178951 0.948126 0 0.3176907 0.948008 0.01880407 0.5305718 0.8463987 -0.04585754 0.6082087 0.7916914 -0.05750644 0.7301813 0.6831768 0.01024377 -0.8997396 0.436424 0.001690328 -0.9289712 0.3701522 1.39259e-4 -0.5830973 0.8124015 0.001239478 -0.1669117 0.9859713 0.00110346 -0.328285 0.9445772 0.001706957 -0.4737633 0.880648 0.002759754 -0.7239556 0.6898415 0.00266534 -0.7846524 0.6199203 0.0044142 0.2688491 0.9631824 2.3664e-5 0.1503288 0.9886361 2.9924e-4 0.2202537 0.9754421 0.00112152 0.01823294 0.9998322 0.001797914 -0.08011007 0.9967853 0.001277208 0.4447979 0.8956305 9.03338e-4 0.5016128 0.8650914 0.001322209 0.5342972 0.8452966 3.27455e-4 0.5274153 -0.8496072 9.60042e-4 0.4738776 -0.8805904 -5.99592e-4 0.3276061 -0.9448145 2.30866e-4 0.4725044 -0.8813273 0.001315057 0.005059242 -0.9986234 0.05220979 -0.2043231 -0.978903 0.001098036 0.002139031 -0.9968833 0.0788623 -0.03978407 -0.9962201 0.07721847 0.01231861 -0.990751 0.1351321 3.71631e-4 -0.9974783 0.07097119 0.04043644 -0.9976001 0.05620473 0.1200846 -0.9905236 0.06665343 -0.5303289 -0.8477894 0.002138257 -0.624766 -0.7808112 0.001240372 -0.7607815 -0.6490077 7.52714e-4 -0.1613617 -0.9848862 0.0629419 -0.1022206 -0.9925551 0.06622213 -0.9627613 -0.270353 3.90194e-4 -0.9058744 -0.4235455 9.88067e-4 -0.8336163 -0.552342 0.001482188 -0.9849932 -0.1725924 7.33589e-4 -0.2683868 0.9627023 0.03424417 -0.6399958 0.7682965 0.01122897 -0.6211754 0.7831518 0.02853834 -0.7063792 0.7073653 0.02574461 -0.9995034 -9.84336e-4 0.03149712 -0.9899513 0.1368324 0.03568381 -0.9233969 -0.3826518 0.03026252 -0.9673217 -0.2508053 0.03722143 -0.3452694 -0.9384365 0.01122748 -0.3740049 -0.9267458 0.03553241 0.01500892 -0.9998241 0.01124787 0.01362657 -0.9992392 0.03654205 -0.08443933 0.9557994 0.2816337 -0.07398313 0.9461545 0.3151481 -0.1187508 0.9520048 0.2821087 0.009513854 -0.996063 0.08813703 -0.8072935 -0.5715273 0.1470844 -0.7604745 -0.6176316 0.2005238 -0.8674709 -0.4647341 0.1775286 -0.7715714 -0.6337498 0.05512619 -0.8083737 -0.5868916 0.04571986 -0.8568093 -0.5126373 0.05550652 -0.7065138 -0.7034147 0.07775747 -0.6716873 -0.7329813 0.107586 -0.6060164 -0.7904424 0.08913457 -0.7574333 -0.6522919 0.02846658 -0.8110723 -0.583796 0.03665888 -0.7823095 -0.6222515 0.02819371 -0.7548385 0.646006 0.1135575 -0.7234856 0.6841697 0.09209001 -0.6203448 0.7775382 0.1029881 -0.7898226 0.6103708 0.06023102 -0.810878 0.5774117 0.09524965 -0.8624582 0.4978463 0.09118586 -0.787975 0.589893 0.1764135 -0.7914807 0.5732263 0.2120613 -0.8458036 0.4914829 0.207511 -0.7751902 0.5781828 0.2545287 -0.7444719 0.5951095 0.3026652 -0.8298947 0.474159 0.2940207 -0.7397933 0.5802494 0.3406121 -0.7702855 0.5498403 0.3230109 -0.8251944 0.4588277 0.3294412 -0.8201662 0.553245 0.1457654 -0.7889783 0.6059533 0.1016567 -0.8772165 0.4686937 0.1040075 -0.6924917 0.7062398 0.1472439 -0.5926257 0.7856351 0.1776862 -0.7202963 0.6852062 0.1080083 -0.5929347 0.8005226 0.08713334 -0.7233179 0.6858848 0.07983332 -0.65623 0.7541127 0.02601033 -0.6944783 0.7189772 0.02778136 -0.7553022 0.6543434 0.0367881 -0.7952023 0.6056525 0.02895849 -0.8706882 0.4905529 0.03549742 -0.8443478 0.5341457 0.04201501 -0.8005737 0.5976938 0.04294198 -0.8008043 0.5827758 0.1381484 -0.7610331 0.6475943 0.03808289 -0.7703058 0.6368049 0.03329372 -0.7270708 0.6859918 0.02798891 -0.7669187 0.6408265 0.03431326 -0.7628167 0.6457033 0.03432267 -0.7849913 0.6189921 0.02525335 -0.7653236 0.6426925 0.03501808 -0.7650578 0.6429852 0.03544765 -0.6164638 0.7856328 0.05247545 -0.7372916 0.6725028 0.0643512 -0.7020409 0.7103693 0.05014014 -0.769204 0.6372134 0.04779469 -0.6941352 0.7070959 0.134877 -0.713638 0.6803236 0.1669758 -0.6015201 0.782382 0.1614064 -0.6947324 0.6857493 0.2170134 -0.573185 0.7873793 0.22692 -0.5772095 0.7594259 0.3001691 -0.7243722 0.6593888 0.2012251 -0.6801486 0.6816506 0.2697228 -0.5706104 0.7716687 0.280947 -0.6761104 0.6564841 0.3345195 -0.5623052 0.7568284 0.3332023 -0.6943852 0.6397829 0.3294041 -0.707528 0.6492246 0.2791265 -0.8641527 -0.5022315 0.03168296 -0.7250739 -0.6878664 0.03328323 -0.7040871 -0.7096691 0.0251227 -0.6902262 -0.7213934 0.05638676 -0.6080992 -0.7929673 0.03765916 -0.7244231 -0.6829438 0.09380358 -0.5909773 -0.7993929 0.1082455 -0.6923856 -0.7065967 0.146025 -0.5827701 -0.788666 0.195921 -0.7137269 -0.6687586 0.2082208 -0.5731118 -0.7693895 0.2821045 -0.6715024 -0.6863016 0.2794188 -0.5746115 -0.7494352 0.32889 -0.6914471 -0.6441089 0.3271464 -0.578381 -0.7628241 0.2890934 -0.612947 -0.7240076 0.3164002 -0.6523478 -0.6795626 0.3356145 -0.7137225 -0.6714441 0.1994068 -0.6928295 -0.6823564 0.2331891 -0.5984708 -0.7714887 0.2159582 -0.6683189 -0.697471 0.2586196 -0.6916354 -0.6596769 0.2940526 -0.7027826 -0.692682 0.1621372 -0.6098872 -0.7797935 0.1412797 -0.6973602 -0.7023951 0.1425828 -0.7007079 -0.7023718 0.125229 -0.7535528 -0.6561254 0.04071611 -0.7482309 -0.6617681 0.04704821 -0.7116385 -0.7006624 0.05140972 -0.7699561 -0.6363283 0.04747718 -0.6079903 -0.7923238 0.05070441 -0.7838982 -0.6181902 0.0578314 -0.7572344 -0.6521008 0.03688687 -0.7574932 -0.652052 0.03213065 -0.780408 -0.6246972 0.02677267 -0.7625944 -0.6460586 0.03253203 -0.7636655 -0.6447936 0.03250235 -0.7629365 -0.6454914 0.03562217 -0.7290288 -0.6838825 0.02866709 -0.7651279 -0.6427195 0.03861397 -0.7638146 -0.6442732 0.03872036 -0.7630732 -0.6451545 0.03866773 -0.7954987 -0.6005067 0.08107674 -0.8007596 -0.5827394 0.1385595 -0.7608231 -0.6398009 0.1086426 -0.8625966 -0.4953806 0.1025933 -0.7903427 -0.5783517 0.2021579 -0.7842022 -0.5951966 0.1754078 -0.8558902 -0.4912217 0.1617196 -0.7592669 -0.5841589 0.2868314 -0.7752335 -0.5816563 0.2463515 -0.8456432 -0.4796272 0.2341908 -0.7949966 -0.596928 0.1079705 -0.1250998 -0.9799041 0.1553646 -0.08201503 -0.9838275 0.1592395 -0.08434677 -0.9854328 0.1476759 -0.05199259 -0.991109 0.1224737 -0.09417808 -0.9898739 0.1062083 -0.08082598 -0.979124 0.1865031 -0.1230798 -0.9647625 0.2325612 -0.09097021 -0.9705849 0.2229114 -0.1149815 -0.9385824 0.3253342 -0.07381892 -0.9406775 0.3311748 -0.07472914 -0.9381967 0.3379389 -0.1149833 -0.9385814 0.3253366 -0.07234913 -0.9400294 0.3333322 -0.1274294 -0.9420383 0.310364 -0.07779181 -0.942272 0.3256869 -0.09438526 -0.952718 0.2888252 -0.05862987 -0.9587204 0.2782406 -0.07227963 -0.9636405 0.2572407 -0.006880521 -0.9563486 0.2921473 -0.004129886 -0.946026 0.3240646 -0.03818911 -0.9488407 0.3134374 -0.1147544 -0.9514835 0.2855008 -0.05625277 -0.9483951 0.3120617 -0.07582294 -0.9546989 0.2877516 -0.07436555 -0.9491377 0.3059536 -0.05739098 0.9454685 0.3206179 -0.04073256 0.9418558 0.3335394 -0.09514534 0.9397745 0.3282853 -0.06083452 0.9431707 0.3266931 -0.05798214 0.94437 0.3237335 8.01836e-5 0.9364397 0.3508287 0.006015121 0.9399172 0.3413496 -7.55328e-4 0.9364392 0.350829 -0.00424093 0.9365085 0.3506193 -0.05001401 0.9798204 0.193522 -0.1031827 0.9817615 0.1596801 -0.007266402 0.9898346 0.1420382 -0.05392992 0.9812104 0.1852507 -0.06875431 0.978858 0.1926397 -0.13454 0.9680715 0.2115103 -0.07678484 0.9678195 0.2396449 -0.07008934 0.9631448 0.2596915 -0.1207297 -0.9920122 0.03655654 -0.2560402 -0.9660904 0.03336071 -0.4897029 -0.8711406 0.03612661 -0.9906936 -0.1316269 0.03465253 -0.9240967 0.3807723 0.03252357 -0.9658582 0.256553 0.03603589 -0.5094588 0.8597343 0.03617775 -0.3857313 0.9219915 0.0338096 -0.143405 0.9890371 0.03522551 -0.004518628 0.9994013 0.0343033 -0.8239795 -0.5634705 0.05965554 -0.8781552 -0.4703724 0.08713942 -0.9195161 -0.3808758 0.09707623 -0.9613638 -0.2575968 0.09707623 -0.9867623 -0.1299091 0.09707683 -0.995277 -1.82894e-7 0.09707623 -0.9867622 0.1299096 0.09707683 -0.9613639 0.2575961 0.09707623 -0.919516 0.3808761 0.09707611 -0.8194164 0.5676209 0.0797705 -0.9069815 -0.3756836 0.1903856 -0.9482587 -0.2540844 0.1903852 -0.9733109 -0.1281375 0.1903856 -0.9817095 3.23714e-7 0.1903851 -0.9733108 0.128139 0.1903855 -0.9482586 0.254085 0.1903849 -0.9069808 0.3756849 0.1903855 -0.8656365 0.460741 0.195937 -0.7877451 0.5799497 0.2076442 -7.18591e-6 -0.9952712 0.0971359 -0.1299028 -0.9867633 0.09707534 -8.35576e-6 -0.9816951 0.1904596 -0.12813 -0.9733125 0.1903827 -0.7733272 -0.5740485 0.2691345 -0.8464601 -0.4523521 0.280861 -0.8857309 -0.3666321 0.2847133 -0.9260702 -0.2481391 0.2842906 -0.9504417 -0.1248955 0.2847134 -0.9585877 2.7665e-4 0.2847979 -0.9504281 0.125289 0.2845861 -0.9259433 0.2482732 0.2845868 -0.8855134 0.3670915 0.2847982 -0.8424724 0.459108 0.2818868 -0.7995321 0.53231 0.2781988 -0.757054 -0.5629189 0.3316499 -0.8276084 -0.4517682 0.3331214 -0.8718432 -0.3611289 0.3308705 -0.9115214 -0.2442403 0.3308708 -0.9356032 -0.1231746 0.33087 -0.9436764 5.47758e-7 0.3308701 -0.935603 0.1231751 0.33087 -0.9115211 0.2442413 0.3308708 -0.8718433 0.3611291 0.3308702 -0.1299166 0.9867616 0.09707385 7.18827e-6 0.9952713 0.09713464 -0.1281456 0.9733104 0.190383 1.0295e-5 0.9816951 0.1904596 -0.1251477 0.9505352 0.28429 2.90432e-4 0.9585664 0.2848693 -0.7626822 -0.5531998 0.3350909 -0.8328523 -0.4604635 0.3071327 -0.8822042 -0.3655902 0.2967486 -0.9223307 -0.247138 0.2970339 -0.946698 -0.1246353 0.2970337 -0.954867 6.559e-7 0.297034 -0.9466978 0.1246362 0.2970339 -0.9225112 0.2469545 0.2966256 -0.8821815 0.3654124 0.2970348 -0.901364 -0.3733559 0.2194272 -0.9423852 -0.2525115 0.219427 -0.9672822 -0.1273442 0.2194277 -0.9756287 1.14507e-6 0.2194278 -0.9672819 0.1273469 0.2194277 -0.9423847 0.252513 0.2194277 -0.9015356 0.3731861 0.2190113 -0.9137654 -0.3784925 0.1475679 -0.9553511 -0.2559841 0.1475685 -0.9805906 -0.1290962 0.1475685 -0.9890519 6.25724e-7 0.1475687 -0.9805903 0.1290976 0.1475685 -0.9553508 0.2559859 0.1475681 -0.9137648 0.3784943 0.1475676 -0.8714074 0.4698684 0.140971 -0.4976379 0.8619354 0.09707719 -0.4908542 0.8501858 0.1903849 -0.4791065 0.8302986 0.2847127 -0.4718378 0.8172478 0.3308704 -0.4774334 0.8269389 0.2970343 -0.4878137 0.8449198 0.2194274 -0.4945252 0.8565446 0.1475681 -0.380876 0.919516 0.09707683 -0.3756837 0.9069813 0.1903856 -0.3668934 0.8857587 0.28429 -0.361129 0.8718433 0.3308702 -0.365411 0.8821823 0.2970342 -0.3733562 0.9013639 0.2194272 -0.3784922 0.9137654 0.1475684 -0.2575967 0.9613637 0.09707653 -0.2540846 0.9482588 0.1903847 -0.2477572 0.9259775 0.2849247 -0.2442409 0.9115213 0.3308709 -0.2471374 0.9223309 0.2970337 -0.252511 0.9423853 0.219427 -0.2559849 0.955351 0.1475684 -0.9199661 -0.3810621 0.09194558 -0.9618345 -0.257722 0.0919454 -0.9872453 -0.1299722 0.0919454 -0.995764 3.69315e-7 0.0919454 -0.9872452 0.1299733 0.09194535 -0.9618342 0.2577232 0.09194552 -0.9199659 0.3810628 0.09194558 6.15723e-7 0.9957641 0.09194546 -0.1299721 0.9872453 0.09194582 -0.2577221 0.9618344 0.09194552 -0.3810614 0.9199665 0.09194552 -0.4978809 0.8623576 0.09194582 0 -0.9987128 0.05072242 -0.130358 -0.9901687 0.05072212 -0.2575968 -0.9613636 0.09707659 -0.2540858 -0.9482582 0.1903858 -0.2481402 -0.92607 0.2842901 -0.2442421 -0.9115211 0.33087 -0.2469173 -0.9225472 0.2965444 -0.2525126 -0.942385 0.2194269 -0.2559865 -0.9553505 0.1475681 -0.2577235 -0.961834 0.0919457 -0.2584862 -0.9646825 0.05072218 -0.3808757 -0.9195162 0.09707623 -0.3756846 -0.9069809 0.1903856 -0.3670576 -0.8855547 0.2847132 -0.3611294 -0.8718433 0.3308701 -0.3654119 -0.8821818 0.2970343 -0.3733581 -0.9013631 0.2194274 -0.3784945 -0.9137645 0.1475681 -0.3810625 -0.919966 0.09194558 -0.382191 -0.9226903 0.05072224 -0.4976388 -0.861935 0.09707689 -0.4908553 -0.8501852 0.1903846 -0.4793689 -0.8302925 0.2842886 -0.4718387 -0.8172472 0.3308708 -0.4774343 -0.8269385 0.2970341 -0.4878153 -0.844919 0.2194267 -0.4945267 -0.8565437 0.1475678 -0.4978824 -0.8623567 0.09194576 -0.4993565 -0.8649106 0.05072236 -0.9226903 -0.382191 0.05072224 -0.9646825 -0.2584857 0.05072224 -0.9901688 -0.1303578 0.05072224 -0.9987128 1.62118e-7 0.05072212 -0.9901688 0.1303578 0.05072218 -0.9646825 0.2584859 0.05072224 -0.9226902 0.3821914 0.05072236 -0.8645482 0.5000637 0.0499286 -0.8071698 0.5886432 0.04445546 -0.7696986 0.6368589 0.04443883 -0.7676911 0.6396911 0.03802078 0 0.9987128 0.05072218 -0.1303579 0.9901688 0.05072212 -0.2584862 0.9646824 0.05072218 -0.3821913 0.9226902 0.05072236 -0.499356 0.8649109 0.05072253 4.92955e-7 -0.9997802 0.02097082 -0.130497 -0.9912269 0.02097094 -0.2587609 -0.9657137 0.02097064 -0.3825993 -0.9236764 0.02097082 -0.4998898 -0.8658351 0.02097082 -0.608627 -0.7931795 0.02097064 -0.8658347 -0.4998908 0.02097064 -0.9236762 -0.3825997 0.02097076 -0.9657133 -0.2587627 0.02097082 -0.9912269 -0.1304978 0.02097082 -0.9997802 -4.81076e-7 0.02097076 -0.991227 0.1304972 0.02097082 -0.9657134 0.2587623 0.02097082 -0.9236764 0.3825994 0.02097082 -0.8658348 0.4998902 0.02097088 -4.77216e-7 0.9997802 0.02097076 -0.1304978 0.9912268 0.02097058 -0.2587627 0.9657133 0.02097058 -0.3826001 0.9236761 0.0209707 -0.4998898 0.8658351 0.02097076 -0.6086272 0.7931792 0.02097088 0.02181375 0.9997239 0.008745849 -0.1088625 0.9940184 0.008745908 -0.2376769 0.9713049 0.00874567 -0.3623796 0.9319896 0.00874567 -0.4809274 0.8767169 0.008745849 -0.5912473 0.8064429 0.008745729 -0.6914865 0.7223364 0.008745729 -0.7798241 0.6259376 0.00874561 -0.8548541 0.518795 0.008745551 -0.9152569 0.402776 0.008745729 -0.9599996 0.279865 0.008745789 -0.9883238 0.1521174 0.008745789 -0.9997239 0.0218138 0.008745729 -0.9940183 -0.1088636 0.008745729 -0.9713048 -0.2376778 0.008745789 -0.9319897 -0.3623792 0.00874567 -0.8767169 -0.4809274 0.00874567 -0.8064138 -0.5912872 0.008745551 -0.7223362 -0.6914868 0.008745431 -0.6259373 -0.7798244 0.008745789 -0.5187949 -0.8548542 0.008745908 -0.402777 -0.9152565 0.008745968 -0.2798658 -0.9599994 0.008745729 -0.1521162 -0.988324 0.008745491 -0.02181386 -0.9997239 0.008745789 -0.7451127 -0.6668323 0.01191097 -0.7331124 -0.6799802 0.01316213 -0.765029 -0.6399259 0.07228791 -0.7676093 -0.6400539 0.03327143 -0.765735 -0.6423348 0.0324983 -0.3074439 -0.9118432 0.2720668 -0.1016096 -0.9683066 0.2281616 -0.2754223 -0.9368315 0.2156139 0.2884138 -0.9551303 0.0674076 0.2241522 -0.9712898 0.07969987 0.1234636 -0.9794224 0.1596512 0.3642054 -0.9284757 0.07271456 -0.5638505 -0.7621463 0.3181283 -0.577935 -0.7714273 0.2662537 -0.6406503 -0.7364661 0.217221 -0.6817545 -0.7138038 0.1602964 -0.6657349 -0.7367412 0.1183617 -0.5763058 -0.813005 0.08303385 -0.6429612 -0.764259 0.05008965 -0.6873656 -0.7255918 0.03232771 -0.708074 -0.7056848 0.02530759 -0.7320863 -0.6807918 0.02392327 -0.7424137 -0.6695832 0.02191776 -0.7566811 -0.6532744 0.02581644 -0.8030625 -0.5944871 0.04093748 -0.7759428 -0.6296368 0.0383445 -0.7740518 -0.6321856 0.03442931 -0.7705622 -0.6364995 0.0332002 -0.7794683 -0.6161532 0.1130691 -0.8158557 -0.5370312 0.2144228 -0.8319601 -0.5341003 0.1502646 -0.8837195 -0.3901216 0.2585439 -0.7036086 -0.626946 0.3344753 -0.8194655 -0.4728356 0.3238869 -0.8557789 -0.4093972 0.3162854 -0.9416826 -0.1862525 0.2802569 -0.9561026 0.292354 0.01992332 -0.8465823 0.5321354 0.01141452 -0.9002532 0.4325829 0.04915791 -0.7715337 0.6359041 0.01902425 -0.8537723 0.5145424 0.07949334 -0.988857 -0.1451635 0.03300601 -0.9255305 -0.3778805 0.02448695 -0.7918024 -0.6104739 0.01925551 -0.7805656 -0.6247766 0.01927602 -0.7690117 -0.6391991 0.006751358 -0.7588315 -0.6512869 -4.90101e-4 -0.7490351 -0.6625298 -8.41096e-4 -0.7105026 -0.703572 0.01313394 -0.6768543 -0.7359861 0.01388639 -0.6194307 -0.7849054 0.01513749 -0.5642341 -0.8252316 0.02515524 -0.1352047 -0.9907574 -0.0109359 -0.2365638 -0.9712576 0.02638721 -0.1984443 -0.9786807 0.05295479 -0.03630465 -0.9970841 0.06712138 -0.8935639 -0.4464476 0.04720306 -0.8524078 -0.5220427 0.02953803 -0.8244479 -0.5654906 0.02249997 -0.8030717 -0.5954848 0.02176958 -0.9949518 0.09875488 0.01784545 -0.9982584 0.02070444 0.05524152 -0.9871708 0.1346593 0.08579486 -0.959168 0.2553192 0.1216914 -0.9325508 0.3301392 0.1461414 -0.9722539 0.07846987 0.2203745 -0.9774352 -0.07620072 0.1970126 -0.9676549 -0.2013459 0.1519995 -0.9505695 -0.2899806 0.1110359 -0.9248933 -0.371696 0.0800907 -0.1249753 -0.9803497 0.1526294 -0.2727007 -0.9533162 0.129702 -0.4370603 -0.8930504 0.1069549 -0.5007886 -0.864574 0.04150551 -0.5001844 -0.8472545 0.1788175 -0.7677875 -0.6402152 0.02503693 0.3141239 -0.9487676 0.03415185 0.4080705 -0.9122144 0.03665411 0.08213609 -0.9928951 0.0860998 0.02033078 -0.9977688 0.06359434 -0.2615773 -0.9570515 0.125019 -0.04837405 -0.9962 0.07242769 -0.4154438 -0.9050071 0.09148055 -0.5852767 -0.798754 0.1394392 -0.6005147 -0.7941314 0.09347528 -0.5663308 -0.7909791 0.2315636 -0.5644027 -0.7659996 0.3077245 -0.2350009 -0.9359244 0.262336 0.4207315 -0.9053799 0.05720561 0.5631381 -0.8262718 0.01225972 0.5560507 -0.8309605 0.01767802 0.5291661 -0.8484849 0.007523834 0.5620564 -0.8270733 0.006524264 0.5510686 -0.8343706 0.01221609 0.4103113 -0.9087173 0.07666581 0.1188869 -0.9781777 0.1703943 -0.2551448 -0.9448606 0.2052796 0.1029706 -0.9852287 0.1368261 -0.7234482 0.690164 0.01722019 -0.7163078 0.6977004 0.01083642 -0.816538 0.574574 0.05595159 -0.8694376 -0.4713239 0.1480953 -0.8619619 -0.4445478 0.2437195 -0.7154662 0.6984792 0.01532679 -0.8009166 0.595638 0.06122219 -0.9336405 0.3198415 0.161298 -0.9663802 -0.04138702 0.2537649 -0.8700689 -0.3810433 0.3127077 -0.9077767 -0.4090243 0.09295606 -0.9804221 -0.1484339 0.1293835 -0.9970412 0.0202322 0.07415944 -0.9706329 0.223586 0.08877539 -0.8828855 0.4685518 0.0311861 -0.8478841 0.528488 0.042346 -0.742986 0.6692367 0.009696662 -0.7561314 0.6543337 0.01062089 -0.9522701 0.2725918 0.1373882 -0.9746446 -0.08708989 0.206115 0.5199936 0.8536652 0.02936547 0.522194 0.8525312 0.02245056 0.3128724 0.9457194 0.0878967 -0.6460608 0.7487393 0.148307 -0.62353 0.7422803 0.2454189 -0.6264434 0.7737231 0.09445351 -0.4155429 0.8993414 0.1360487 -0.2719458 0.9588875 0.08111977 -0.09784108 0.9895426 0.1059842 0.2172445 0.975247 0.04120993 0.2246417 0.972038 0.06839799 0.4882827 0.8724743 0.01919984 0.5050733 0.8629989 0.01157361 0.507731 0.8607372 0.03661501 -0.3541662 0.9089685 0.2198696 -0.0654689 0.9830507 0.171246 -0.591921 0.7402508 0.3188389 -0.31325 0.9088439 0.2754583 -0.03565979 0.9765437 0.2123458 0.2594463 0.9572125 0.1281876 0.4376505 0.8966034 0.06756073 0.4741631 0.8802371 0.01876944 -0.4834199 0.8112663 0.3288654 -0.1987451 0.9417213 0.2714064 0.04183936 0.9780144 0.2042975 0.2311523 0.9619846 0.1454452 -0.955402 0.2752645 0.1069414 -0.9026204 0.4221248 0.08418601 -0.8224796 0.5547047 0.1258177 -0.02265238 0.983167 0.1812998 -0.2127995 0.950161 0.2278388 -0.2383645 0.9499836 0.201776 -0.7591372 0.650134 0.03219604 -0.7555528 0.6542175 0.0337578 -0.7784892 0.6272617 0.02230381 -0.7414615 0.6709433 -0.008373975 -0.7366681 0.6761747 0.01039141 -0.7389529 0.6737246 -0.006624519 0.309812 0.9501798 0.03427791 0.3017746 0.9506294 0.07235956 0.425251 0.9041576 0.04075038 -0.2987372 0.9543305 0.003086745 -0.1637607 0.9864737 0.007217347 -0.3014916 0.9529136 0.03253537 -0.08291912 0.9963927 0.01806008 -0.1681541 0.9841061 0.05709153 0.1111246 0.9935612 0.0220825 -0.06580209 0.9937446 0.09023249 0.1010237 0.9889718 0.1083002 -0.3031323 0.952942 0.003543019 -0.4349434 0.9004269 0.007472515 -0.5401494 0.8410596 0.02928274 -0.5252019 0.8509028 0.01128727 -0.7660704 0.6426408 0.01220995 -0.7480562 0.6635004 -0.01338416 -0.7729837 0.634391 -0.006668448 -0.754317 0.6565026 0.00322473 -0.7768708 0.6295364 0.01248043 -0.77525 0.6316526 -0.00157833 -0.7826583 0.6224355 -0.004484117 -0.8875706 0.4605096 0.01222008 -0.8593483 0.5113211 0.008452236 -0.8422565 0.5389263 0.01275348 -0.8255053 0.5643726 0.004984319 -0.8183233 0.5746455 0.01138544 -0.8036457 0.5950365 0.00923103 -0.8015115 0.5978958 0.01000267 -0.7887904 0.614587 0.009626567 -0.7897717 0.6133208 0.009910106 -0.9461807 0.3232125 0.01660865 -0.9408874 0.3387123 0.002241671 -0.873547 0.4867124 0.005171418 -0.9963613 0.06276977 0.05765664 -0.9682708 0.2450612 0.04895591 -0.9999738 0.007230341 2.43798e-4 -0.9657399 0.2594305 0.00650984 -0.7674215 0.5718007 0.2900143 -0.7868263 0.537415 0.3034627 -0.9411666 0.23297 0.2448071 -0.9511088 0.158692 0.26497 -0.9695802 0.06269526 0.2366088 -0.8166769 0.5742802 0.0569337 -0.8410949 0.5398993 0.03268194 -0.8115851 0.5835993 0.02723354 -0.7960249 0.6047644 0.02458709 -0.7882106 0.6150182 0.02183717 -0.7664234 0.6414858 0.03303384 -0.7627941 0.6457326 0.03427213 -0.7644132 0.643886 0.03291475 -0.7627956 0.6457285 0.03431671 -0.7644136 0.6438853 0.03292 -0.7653397 0.6426662 0.03514891 -0.7481036 0.6625893 0.03628516 -0.7449987 0.665611 0.04403531 -0.7462717 0.6623442 0.06617212 -0.7289051 0.6763783 0.105877 -0.6856622 0.7114683 0.1538835 -0.6444958 0.7373095 0.2024844 -0.592517 0.7633063 0.257463 -0.5403194 0.7882367 0.294513 0.2096506 0.9718781 0.1072366 -0.8396556 0.5194172 0.1586959 -0.7550388 0.6133657 0.2317304 -0.9277248 0.3227699 0.187474 -0.971435 0.1860592 0.1472963 -0.9180353 0.3387297 0.2060905 -0.9714414 0.1860268 0.1472945 -0.9749999 0.09189146 0.2023149 -0.9758138 -0.1730912 0.1335178 -0.9905584 0.09803932 0.09582531 -0.9867013 -0.1384645 0.08513659 -0.9384148 0.3430112 0.0414865 -0.9461761 0.3232259 0.01661157 -0.920687 -0.3752878 0.107213 -0.8954474 -0.4416391 0.05593562 -0.8312652 -0.5542429 0.04258251 -0.5843213 0.8103429 0.04373866 -0.6471604 0.7619259 0.02554172 -0.6950427 0.7186447 0.02157253 -0.7290094 0.6841399 0.0223158 -0.7467004 0.6647223 0.02414405 -0.5265927 0.8463375 0.08008128 -0.4505205 0.8858324 0.111051 -0.3662216 0.9180335 0.1519745 -0.7628917 0.6457395 0.03189104 -0.7644248 0.6438707 0.0329445 -0.7629319 0.6456985 0.03175836 -0.765071 0.6429681 0.03547316 -0.7644289 0.6438652 0.03295671 -0.7650531 0.6429911 0.03544431 -0.7653732 0.6426225 0.0352177 -0.6095538 0.7926991 0.008507311 -0.6906285 0.7231655 0.007999241 -0.9277222 0.3227793 0.1874706 -0.9693143 -0.1739418 0.1737068 -0.8858269 0.4541552 0.09515213 -0.9914655 0.1006753 0.08282977 -0.9621945 0.231772 0.1430515 -0.8736054 0.4657655 0.1409831 -0.9899081 -0.09577107 0.1044507 -0.9690086 -0.2410186 0.05415195 -0.9398556 -0.3318023 0.08110898 -0.8497781 0.4046826 0.3378005 -0.8073997 -0.5860871 0.06787908 -0.9072131 -0.3947108 0.1454914 -0.8979257 -0.4209268 0.1286471 -0.9558755 -0.2110656 0.2043364 -0.9678025 -0.1345148 0.2127537 -0.9619103 0.03219318 0.2714632 -0.9492909 0.1505731 0.2759977 -0.8258163 0.468276 0.3142374 -0.7646232 -0.6440119 0.02449882 -0.7482633 -0.6629076 0.02560293 -0.8870603 -0.4519262 0.09426951 -0.7584249 -0.6507829 0.03568494 -0.7928159 -0.6091226 0.02031421 -0.7650191 -0.6438648 0.01356339 -0.8035538 -0.5947157 0.02479428 -0.7501184 -0.6611641 0.01358288 -0.9793301 -0.1064525 0.1719897 -0.9564911 0.1906848 0.2208264 -0.854506 0.4629063 0.2356636 0.00953865 -0.9460425 0.3239023 0.2769051 -0.9605339 0.0264244 0.9752361 0.06112813 0.212551 0.9811341 0.1482408 0.124099 0.991126 0.1221165 0.05250757 0.5628368 0.8189862 0.1116975 0.5521095 0.823145 0.1326932 0.6259418 0.7684915 0.1327325 0.7767111 0.5939601 0.2095986 0.7761247 0.6104016 0.1582419 0.6802325 0.7043913 0.2027726 0.5453237 -0.8290371 0.123772 0.5485123 -0.8226168 0.1497867 0.6078355 -0.7825149 0.1349321 0.5704218 -0.8029031 0.1731057 0.566623 -0.7525592 0.335549 0.5185264 -0.7900096 0.327132 0.6485369 -0.6857789 0.330314 0.3737353 0.881531 0.2884875 0.4516745 0.831787 0.3226771 0.2602117 0.9078092 0.3288958 0.4365421 0.8297192 0.3478466 0.231187 0.9290222 0.2889127 0.2611135 0.940542 0.2172567 0.4482902 0.865567 0.223226 0.4041481 0.9000143 0.163214 0.3386742 0.9316097 0.1319207 0.4068503 0.9052501 0.1224548 0.3796582 0.9207727 0.08965194 0.3829017 0.9183664 0.09994781 0.4664209 0.8820834 0.06618517 0.3902839 0.9190992 0.05418008 0.4838081 0.8736744 0.05121529 0.4103108 0.9115256 0.02768146 0.4748508 0.8789567 0.04418104 0.4771547 0.8775373 0.04745215 0.5146971 0.8564431 0.03990441 0.4983461 0.866221 0.03622597 0.5759912 0.8169074 0.02994275 0.5023591 0.8637443 0.03976559 0.5100152 0.8594148 0.03592765 0.4903824 0.8712863 0.01963192 0.4890811 0.8714494 0.03709012 0.4939446 0.8684068 0.04345631 0.5627965 0.8156498 0.1340733 0.5320466 0.8397045 0.1087331 0.6231144 0.7798091 0.06021797 0.5386108 0.8405797 0.05765771 0.5245856 0.8456032 0.09881949 0.509857 0.8566071 0.07918441 0.5313532 0.8443515 0.06880706 0.5185142 0.8521025 0.07116472 0.5888111 0.8024004 0.0972383 0.506488 0.8549578 0.1118804 0.5651335 0.809306 0.1601502 0.5786209 0.7982007 0.1675515 0.5603353 0.8000322 0.2144129 0.555267 0.8115926 0.1816481 0.5770273 0.7849475 0.2256036 0.5408135 0.7944156 0.2764499 0.5992449 0.7482611 0.2846243 0.5179545 0.7896236 0.328965 0.6591863 0.6756218 0.3301648 0.5377626 0.7738847 0.3345355 0.6693558 0.6847053 0.2883431 0.5617458 0.7821086 0.2697181 0.5307629 0.823273 0.2012774 0.5958939 0.7896987 0.1458993 0.6951246 0.7116405 0.1018314 0.5303502 0.8416928 0.1014005 0.6014484 0.7975738 0.04621833 0.6787768 0.7338461 0.02705585 0.5968174 0.8019893 0.02494668 0.5981491 0.8010272 0.0239396 0.4984015 0.8663565 0.03197592 0.5263325 0.8491935 0.04294764 0.4046842 0.8555389 0.3229302 0.373921 0.8846584 0.2785006 0.2451524 0.9275504 0.2820475 0.4220353 0.8824431 0.2077987 0.2482815 0.948655 0.1959845 0.3860032 0.9109243 0.1456661 0.2518782 0.9616839 0.108267 0.4344811 0.895809 0.09355551 0.266097 0.9631678 0.038733 0.4228668 0.9026696 0.07982021 0.3489904 0.9362967 0.03942292 0.3905491 0.9201622 0.02780342 0.4193878 0.9068483 0.04171711 0.4683766 0.8825713 0.04112422 0.2596786 -0.9613115 0.09190988 0.3412951 -0.9398713 0.01263785 0.3797352 -0.924902 0.01891499 0.3754756 -0.9263303 0.03049904 0.4595818 -0.8871527 0.0417726 0.4944764 -0.8686706 0.03007775 0.5359776 -0.8431403 0.04292804 0.5958839 -0.8023785 0.03333461 0.5845199 -0.810242 0.04295027 0.6041653 -0.7946277 0.05959045 0.6911054 -0.7218206 0.03672236 0.5531635 -0.8277689 0.09385484 0.6928281 -0.7138615 0.1019369 0.5848228 -0.7979096 0.1460229 0.6800836 -0.7089067 0.1869165 0.5423458 -0.8139206 0.2083128 0.6164715 -0.7213154 0.3157008 0.5382888 -0.8330631 0.1274802 0.5584589 -0.8145247 0.1570771 0.577691 -0.7940777 0.1889809 0.5584962 -0.8025212 0.209861 0.5832595 -0.7813153 0.2221593 0.5533506 -0.7934666 0.2534045 0.5996866 -0.7517159 0.274407 0.534788 -0.7899132 0.3000649 0.5745325 -0.8121026 0.1019896 0.5967459 -0.7968945 0.09409421 0.518798 -0.852358 0.06583762 0.5293105 -0.8451064 0.07500368 0.5837252 -0.8087413 0.07212883 0.5333569 -0.844065 0.05554199 0.5420829 -0.8246744 0.1614261 0.6095948 -0.7907785 0.05535036 0.5249834 -0.8498947 0.04551422 0.5295032 -0.8467643 0.05115234 0.5291451 -0.8471005 0.04925626 0.4938835 -0.8686261 0.03959685 0.5018658 -0.8641815 0.03634852 0.4251603 -0.9045684 0.03154194 0.4950345 -0.867959 0.03985065 0.5052456 -0.8618826 0.0434218 0.5843245 -0.8110486 0.02765887 0.510154 -0.859281 0.03713697 0.5093778 -0.8603188 0.01964193 0.4892716 -0.8713879 0.03600782 0.4963986 -0.8671578 0.04032111 0.4640341 -0.8822094 0.07986825 0.5056114 -0.8610491 0.05432873 0.3808666 -0.9228041 0.05808156 0.267391 -0.9352239 0.2320738 0.41465 -0.8852646 0.2106466 0.391056 -0.9024949 0.180495 0.2739788 -0.950274 0.1480376 0.4118935 -0.899982 0.1427452 0.3612802 -0.9242492 0.1234512 0.2558232 -0.948726 0.1856706 0.4121742 -0.870451 0.2691233 0.242793 -0.9285531 0.280786 0.4037813 -0.852635 0.3316237 0.2393197 -0.912029 0.3330604 0.3819423 -0.8611525 0.3354645 0.2425844 -0.9202293 0.3071333 0.4192929 -0.8608572 0.2883029 0.4047702 -0.8797767 0.2493073 0.4353708 -0.8967037 0.0798425 0.468958 -0.8773739 0.1014567 0.3986 -0.9054646 0.1457808 0.4612749 -0.8642641 0.2006812 0.0540753 0.9812433 0.1850337 0.03938859 0.9851541 0.1670928 0.1005698 0.9815471 0.1626376 0.03917598 0.9798898 0.1956562 0.06801247 0.9749776 0.2116442 0.13657 0.9633602 0.2308375 0.08103358 0.9648494 0.2499983 0.07475435 0.9611868 0.2655783 0.1184072 0.9465075 0.3001722 0.08497744 0.9554825 0.2825458 0.03182429 0.9470899 0.319387 0.09540641 0.9416595 0.3227618 0.04371869 0.9575304 0.2849985 0.05687707 0.9458553 0.3195667 0.06089872 0.9431669 0.3266922 0.07011836 0.9429988 0.3253255 0.08615112 0.9488776 0.3036597 0.119489 0.9922815 0.03316491 0.6593051 0.7517918 0.011222 0.8182822 0.5734996 0.03889364 0.7879489 0.6115459 0.07175111 0.7997313 0.5930559 0.09335207 0.7952746 0.5942644 0.1199511 0.7675058 0.5959119 0.2362708 0.7368122 0.6269114 0.2531599 0.598633 0.7522035 0.2753701 0.6028765 0.7382312 0.3025802 0.5545835 0.8272034 0.09039866 0.640095 0.7520256 0.1572768 0.6213335 0.774055 0.1215879 0.6034034 0.7904976 0.1049665 0.6656302 0.725564 0.1746237 0.6979715 0.7147363 0.04458522 0.7248651 0.6675819 0.1700146 0.779152 0.6253671 0.04287433 0.7959213 0.5815886 0.1681191 0.8562026 0.5145602 0.04631507 0.8398176 0.517586 0.1637411 0.8793879 0.4472461 0.1632423 0.9167604 0.3963428 0.049627 0.9047682 0.397377 0.1532521 0.9334084 0.3224645 0.1573703 0.9643415 0.2591595 0.05368363 0.9523563 0.2697747 0.1422639 0.9662649 0.1903397 0.1735024 0.9826713 0.00936973 0.1851196 0.998829 0.004850268 0.04813677 0.9798291 -0.07196187 0.1864309 0.9909794 -0.1231054 0.05296117 0.9741508 -0.1365654 0.1799445 0.9669083 -0.2007228 0.1574762 0.9660043 -0.2532992 0.0517233 0.9453182 -0.27035 0.1824405 0.9307882 -0.3304501 0.1563206 0.9240193 -0.3791114 0.04962617 0.8979373 -0.3986353 0.1865437 0.8774353 -0.4541186 0.1545437 0.871217 -0.4888054 0.04527765 0.8333562 -0.5258711 0.1702267 0.8057182 -0.5907454 0.04287481 0.767889 -0.6173835 0.1708338 0.7135441 -0.6988527 0.0495969 0.7176442 -0.6757981 0.1681781 0.6110293 -0.7818739 0.1237591 0.6587424 -0.7492548 0.06837904 0.6876376 -0.7129593 0.1372721 0.5449281 -0.8317456 0.1060788 0.5501765 -0.8306074 0.08600747 0.5973556 -0.7448271 0.2973197 0.6204109 -0.7263399 0.295839 0.5678319 -0.774244 0.2794877 0.6766806 -0.6852832 0.2692402 0.7034654 -0.6571732 0.270666 0.7588877 -0.6270468 0.1757898 0.750611 -0.6237636 0.21795 0.8152095 -0.5391807 0.211466 0.8072806 -0.5803164 0.1073824 0.8052569 -0.5903929 0.05475193 0.8148574 -0.579281 0.02100038 0.0744372 -0.9970345 0.01952677 0.1424309 -0.9891803 0.03515475 0.1273573 -0.9490801 0.2881445 0.08772403 -0.9541235 0.2862743 0.07646495 -0.9434456 0.3225889 0.110229 -0.9367531 0.3321795 0.07046502 -0.9403574 0.3328105 0.07488906 -0.9384354 0.3372396 0.04501378 -0.9469839 0.3181124 0.1098725 -0.9498679 0.2927098 0.06757193 -0.9440459 0.3228182 0.07383537 -0.9404165 0.3319115 0.08557367 -0.964875 0.2483817 0.1211998 -0.9705848 0.2080281 0.08973729 -0.9729245 0.2129916 0.1193708 -0.9822276 0.1448438 0.08295744 -0.9843944 0.1551959 0.07364934 -0.9819304 0.1743233 0.08001708 -0.9779235 0.1930364 0.08872872 -0.9899978 0.109689 0.08132344 -0.9864836 0.1422556 0.08236801 -0.9859065 0.1456164 0.1299092 -0.9867566 0.09713405 0.1281372 -0.9732969 0.1904575 0.1299085 0.9867568 0.09713345 0.1281377 0.9732969 0.1904568 0.1251377 0.9505149 0.2843626 0.4835447 -0.8682784 0.1108028 0.3694882 -0.9240825 0.09772503 0.257722 -0.9618344 0.09194582 0.130358 -0.9901688 0.05072242 0.2584862 -0.9646825 0.05072188 0.1299736 0.9872452 0.09194552 0.130358 0.9901688 0.05072218 0.130497 0.991227 0.02097076 0.2582394 0.9553163 0.1438175 0.2577233 0.961834 0.09194564 0.258486 0.9646825 0.05072218 0.2587618 0.9657135 0.02097076 0.706951 0.7069516 0.02097076 0.7931789 0.6086276 0.02097076 0.865835 0.4998902 0.02097082 0.9236761 0.3825999 0.02097088 0.9657132 0.2587628 0.0209707 0.9912269 0.1304978 0.02097076 0.9997802 4.75137e-7 0.02097076 0.991227 -0.1304972 0.02097082 0.9657135 -0.2587623 0.02097082 0.9236763 -0.3825995 0.02097082 0.8658354 -0.4998892 0.02097076 0.7931792 -0.6086273 0.02097076 0.7069517 -0.7069509 0.0209707 0.1304978 -0.9912269 0.02097064 0.2587619 -0.9657136 0.02097088 0.1088617 -0.9940185 0.008745908 0.2376302 -0.9713163 0.008745491 0.3623797 -0.9319896 0.008745729 0.4809275 -0.8767168 0.008745968 0.5912869 -0.8064139 0.008745729 0.6914512 -0.7223703 0.00874567 0.7798547 -0.6258997 0.00874567 0.8548538 -0.5187953 0.008745729 0.9152566 -0.4027765 0.00874567 0.9599999 -0.2798639 0.008745551 0.9883165 -0.1521645 0.00874567 0.9997239 -0.0218138 0.008745729 0.9940185 0.1088622 0.008745729 0.9713163 0.2376306 0.00874561 0.9319893 0.3623803 0.00874561 0.876717 0.4809272 0.008745789 0.8064136 0.5912873 0.008745729 0.7223361 0.6914869 0.008745789 0.6259373 0.7798244 0.008745908 0.5187949 0.8548542 0.008745908 0.402777 0.9152565 0.008745729 0.2798649 0.9599997 0.00874567 0.1521168 0.9883239 0.008745729 -0.8763443 0.4816819 0.001827657 -0.7087482 0.7054616 -2.96521e-5 0.5744506 0.8185393 -1.73768e-7 -0.9088032 0.4172246 6.41297e-4 -0.9865128 0.1636808 0.001042962 -0.7684727 0.6398584 0.005571842 -0.7595882 0.6503863 0.004858016 -0.6086028 0.7934736 0.001609444 -0.7921818 0.6102541 0.006167232 -0.1124721 0.9936536 0.001597046 0.323333 0.9462847 0.001097381 0.8446461 -0.4610394 0.2720586 0.936008 -0.2680447 0.2281249 0.8749093 -0.4336762 0.2155433 0.990698 0.1182349 0.06736415 0.9776046 0.1974914 0.07270753 0.9450494 0.3263092 0.02010071 0.5236558 -0.8518476 0.01184666 0.525445 -0.8507274 0.01305592 0.5402963 -0.8413636 0.01368701 -0.006045937 -0.9999791 0.002275705 -0.1142128 -0.9934552 0.001475095 -0.02641427 -0.9991232 0.03248304 -0.2285936 -0.9734103 0.01474672 -0.1645073 -0.9847283 0.05698752 -0.3819077 -0.9240356 0.01746189 -0.2996987 -0.9507322 0.0793032 -0.5043975 -0.863138 0.02400088 -0.4454351 -0.8888427 0.1074543 -0.5317401 -0.8468899 0.005476832 -0.6243328 -0.7791836 0.05551052 -0.6027282 -0.7948036 0.07075423 0.2316569 -0.9727353 0.01101189 0.1623278 -0.9864737 0.02279043 0.4845432 -0.8747673 -3.06587e-4 0.4714533 -0.8815714 -0.02374523 0.4581298 -0.8887258 -0.01684331 0.459641 -0.8878748 -0.02021026 0.4597703 -0.8879407 0.01313853 0.5008599 -0.8654422 0.01222169 0.5093612 -0.8605494 -0.002437293 0.5139656 -0.8578085 0.002064108 0.5234497 -0.8520234 -0.007526934 0.5474172 -0.8368114 0.00902009 0.5714914 -0.8205124 0.01253956 0.5955328 -0.8029718 0.02402114 0.5993214 -0.8003637 0.01522308 0.6436988 -0.7650739 0.01771903 0.6339455 -0.7733088 0.01032412 0.6809337 -0.7317681 0.02906692 0.8406225 -0.5415651 0.007825195 0.9317909 -0.3629842 -0.002860069 0.8659135 -0.4991638 0.03208225 0.8658836 -0.4992157 0.03208458 0.9317508 -0.3629305 0.01103985 0.9193131 -0.3896205 0.05531138 0.990057 -0.1397131 0.01635426 0.9346047 -0.3438054 0.09117001 0.988867 -0.0972197 0.1126522 0.9911947 0.123098 0.04878574 0.9990139 -0.02901303 0.03361135 0.999012 -0.02908468 0.03360247 0.9994049 -0.02946639 0.0179401 0.9994009 -0.02818453 0.02008825 0.985996 -0.04834079 0.1596094 0.6527435 -0.6875545 0.3181114 0.6595811 -0.7029415 0.2661319 0.6142188 -0.7586605 0.2171851 0.5848228 -0.7951751 0.1602458 0.6101168 -0.7834267 0.118323 0.7007307 -0.7085813 0.08300095 0.5718224 -0.8186091 0.05383616 0.5952501 -0.8028905 0.03231364 0.5720278 -0.8198439 0.02530312 0.543359 -0.8391584 0.02396184 0.5305597 -0.8473651 0.02188688 0.5168094 -0.855785 0.02324241 0.4996065 -0.8656409 0.0325452 0.4970036 -0.8671317 0.03271198 0.4928612 -0.8694764 0.03315019 0.4880525 -0.8721364 0.03439384 0.4852412 -0.8735399 0.03832584 0.4461237 -0.8940337 0.04095917 0.4859942 -0.8711894 0.06956183 0.4654934 -0.8781518 0.1102974 0.412504 -0.8978209 0.1541368 0.3531931 -0.9133566 0.2025698 0.2710544 -0.9264472 0.2611993 0.4952816 -0.8017648 0.334469 0.3230804 -0.8892253 0.323879 0.2263401 -0.9214036 0.3158887 0.006390392 -0.9615598 0.2745213 0.2790303 -0.9593119 0.04316014 0.3579486 -0.9333764 0.02610099 0.4103754 -0.9116243 0.02309268 0.4058018 -0.913721 0.02094781 0.422214 -0.9064162 0.01204091 0.4460241 -0.8947774 0.02088153 0.4679992 -0.8834735 0.02125167 -0.5096218 -0.8485563 0.1422602 -0.6883702 -0.7224834 0.06453055 -0.7515951 -0.6593752 0.01814198 -0.2462671 -0.9438252 0.2203325 -0.09498906 -0.9758017 0.1969473 0.02991771 -0.9879381 0.1519324 0.1202633 -0.986518 0.1109907 0.2051937 -0.975443 0.08004152 0.8915989 -0.4338707 0.1296443 0.8037394 -0.5852979 0.1069083 0.7645651 -0.64321 0.04148793 0.6809393 -0.7317624 0.02907902 0.5213559 -0.8532471 0.01255601 0.7477799 -0.6394443 0.1787073 0.5019308 -0.8643406 0.03132361 0.9889015 0.144594 0.03415364 0.9692252 0.2434322 0.03665238 0.9920858 -0.0914309 0.08605879 0.9861435 -0.1532219 0.06359249 0.8970891 -0.4237946 0.1250169 0.9726715 -0.2206013 0.07242494 0.8191393 -0.5662523 0.09148275 0.6850225 -0.7150544 0.1394325 0.6777799 -0.7292976 0.09348511 0.6806271 -0.6950696 0.2315707 0.6563568 -0.6888405 0.3077248 0.8809011 -0.3939534 0.2623243 0.9646826 0.2571298 0.05720067 0.9115427 0.4110218 0.01228523 0.9148951 0.4033044 0.01767879 0.927383 0.3740335 0.007733583 0.9120447 0.4100394 0.006502568 0.9176429 0.3972129 0.01238846 0.9661979 0.2461546 0.07661432 0.9839668 -0.05272054 0.1703813 0.8862026 -0.4153385 0.2052778 0.9881421 -0.06966638 0.136828 -0.8053045 -0.5926112 0.01722097 -0.8115141 -0.5842326 0.01082509 -0.7076364 -0.7043579 0.05595171 0.3131942 -0.9380694 0.1481062 0.2881112 -0.9260619 0.2437241 -0.8062826 -0.5912162 0.01928496 -0.6983838 -0.7118505 0.07435792 -0.4519782 -0.8759301 0.1687077 -0.09693008 -0.9600194 0.2626166 0.2474461 -0.917105 0.312552 0.245164 -0.9650145 0.09296089 -0.0240699 -0.9913037 0.1293742 -0.1930925 -0.978374 0.07416087 -0.3887406 -0.9170604 0.08877551 -0.614777 -0.7880844 0.03118163 -0.6676941 -0.7432304 0.04234731 -0.7880871 -0.6154873 0.009696185 -0.7756975 -0.6310157 0.01062053 -0.4338065 -0.8904697 0.1373893 -0.08342194 -0.9749689 0.2060984 0.9579614 -0.2792521 0.06579005 0.9543628 -0.2978912 0.02127861 0.9358267 -0.3505539 0.03661233 0.6274682 0.7642289 0.149124 0.6227537 0.7429186 0.2454584 0.699751 0.7082716 0.09327369 0.9901087 0.1273915 0.05878961 0.9862886 0.1520566 0.06413787 0.9505222 0.3019935 0.07285362 0.9428517 -0.3326568 0.01924413 0.9343435 -0.3562154 0.01062655 0.9648905 -0.2618784 0.02014881 0.9932397 -0.09209549 0.07066506 0.9856816 -0.1438949 0.08789741 0.9302722 -0.3661821 0.02245897 0.9872032 -0.07377195 0.1413771 0.9874996 -0.09356498 0.1268474 0.9310032 -0.3638262 0.02938926 0.8275464 0.5447787 0.1355856 0.8336844 0.5065776 0.2198852 0.9542557 0.2765073 0.1137542 0.956757 0.2351297 0.1712601 0.6262316 0.7114595 0.3188408 0.8406189 0.4663471 0.2754641 0.9555016 0.2047435 0.2123603 0.971138 0.1243429 0.2035437 0.8928065 0.3594723 0.2714335 0.7149235 0.6170318 0.3288711 0.1426964 0.9681719 0.2056235 0.01509249 0.9889598 0.1474137 0.1426965 0.9681723 0.2056217 0.9653085 0.1892344 0.1799162 0.8986399 0.3748294 0.2279238 0.8939414 0.4001336 0.2018961 0.5026848 0.8638458 0.03284198 0.507771 0.8608682 0.03278392 0.4797284 0.8771697 0.02083534 0.4300996 0.8549302 0.2900149 0.3926186 0.8682121 0.3034111 0.06658482 0.9672489 0.2449409 -0.008559823 0.9641748 0.2651301 -0.106153 0.9657577 0.2367356 0.4054408 0.8887923 0.2136966 0.3661784 0.9169039 0.1587473 0.3630747 0.9238415 0.1212179 0.4999351 0.8654475 0.03264355 0.5087924 0.8580691 0.06962633 0.5292953 0.8472455 0.04496479 0.517383 0.8549378 0.03736752 0.5130537 0.857696 0.03366738 0.5168166 0.8489674 0.1102504 0.5970665 0.7874977 0.1528365 0.6520239 0.7324349 0.1959695 0.6409874 0.7220903 0.2602322 0.6906756 0.6590547 0.2976815 0.9988496 -0.03337198 0.03443551 0.991746 -0.1086828 0.06802922 0.9626072 -0.2680663 0.03908997 0.9934749 -0.04605519 0.1043393 0.9899059 0.08396756 0.1141743 0.9781736 0.1927644 0.07757782 0.9925369 0.1193344 0.02509683 0.9313105 0.3592921 0.05974936 0.9550285 0.2959117 0.018893 0.8423196 0.5365805 0.05078423 0.9328594 0.3602216 0.003712356 0.8981718 0.4396075 0.005737721 0.7974541 0.6031209 0.01767176 0.8149325 0.5795161 0.006801962 0.7331442 0.6800141 0.008966743 0.5630002 0.8263289 0.01453685 0.53461 0.8448688 0.01972097 0.5306449 0.8475536 0.008306086 0.5493141 0.8351392 -0.02822566 0.553385 0.831404 -0.0503236 0.547969 0.8345465 -0.0571168 0.5023927 0.8646149 0.006547272 0.4885551 0.8725022 -0.007342338 0.4891163 0.8722167 -0.001895487 0.4782856 0.8781968 -0.003672719 0.470044 0.8826312 0.004568338 0.4579406 0.8888956 0.01244926 0.4428572 0.8965725 0.005936205 0.4323192 0.9016261 0.01306807 0.4252086 0.9050479 0.009280502 0.3898165 0.9207878 0.01390141 0.3464372 0.9380597 0.005042433 0.327099 0.9448551 0.01597213 0.2653079 0.96407 0.01345086 0.3203511 0.9467056 0.03352433 0.4388201 0.8974229 0.04548859 -0.2116927 0.9772753 -0.0109179 -0.009311854 0.9994382 0.03219896 -0.05445206 0.9985138 0.002333402 -0.009269416 0.9994383 0.03220713 -0.1978454 0.9800745 0.01764035 -0.02410191 0.9973161 0.06913512 -0.2835373 0.9583839 0.03327149 -0.4405871 0.8973585 0.02511471 -0.5924524 0.8037135 0.05518144 -0.6958676 0.718072 0.01187032 -0.7070186 0.705147 0.05378085 -0.7800367 0.6256803 0.008188486 0.4718591 0.8816008 0.01136046 -0.1415078 0.9695214 0.2000097 -0.3411316 0.9305692 0.13293 0.01502913 0.9889631 0.1473974 -0.2155594 0.9723241 0.09011036 0.1056006 0.9886332 0.1070191 0.468805 0.8830321 0.02182495 0.4574947 0.8888705 0.02465188 0.4335812 0.9007048 0.02717083 0.3859348 0.9219446 0.0327472 0.4221377 0.9045389 0.06007623 0.3203079 0.9467196 0.03354173 0.1750497 0.9836835 0.04152584 0.2127628 0.9736692 0.08185511 -0.5450944 0.8298582 0.1191954 0.4862226 0.8738136 0.006118834 0.6896411 0.7228527 0.04334908 0.6295986 0.7764736 0.02635145 0.5799539 0.8143233 0.02304512 0.5509887 0.8342269 0.02184331 0.7417559 0.665863 0.08015477 0.7938481 0.5978747 0.1111358 0.8402078 0.5205035 0.152076 0.5027661 0.8640535 0.02525693 0.4976339 0.8668263 0.03118973 0.6196103 0.7848543 0.009314358 0.06660807 0.9672476 0.2449402 -0.3455493 0.9225967 0.171497 0.2896881 0.9523751 0.09519767 -0.06339466 0.9944611 0.08383578 0.06118971 0.9878229 0.1430448 0.3060227 0.9415208 0.141027 -0.2590791 0.96002 0.1060179 -0.5007721 0.8643071 0.04690933 -0.5930477 0.8030681 0.05810427 0.2510789 0.9071104 0.3378021 -0.5740693 0.8088514 0.1272948 -0.377901 0.9031829 0.2035967 -0.3004801 0.9297539 0.2127662 -0.1350804 0.9529273 0.2714459 -0.01649999 0.961014 0.2760071 0.3177703 0.8945818 0.3142378 -0.7670349 0.641138 0.02449035 -0.782713 0.621855 0.02563071 -0.5990973 0.7951073 0.09427022 -0.7725942 0.6338965 0.03568583 -0.7571995 0.6530436 0.0135312 -0.7813733 0.6239162 0.01358264 -0.2748893 0.9459682 0.1719892 0.02180081 0.9750773 0.2207919 0.3074888 0.9219057 0.2356703 0.9938769 0.0863828 0.06889665 0.9921206 0.08512109 0.09192961 0.9967347 0.009172856 0.0802232 0.8762202 0.4752929 0.07959228 0.9798518 -0.1970236 0.03274393 0.895942 -0.4431254 0.03046131 0.7836278 -0.6207262 0.02503174 0.6265861 -0.779236 0.01345926 0.5110496 -0.8595451 0.003258407 0.9203822 0.3632938 0.144618 0.9722379 0.2308856 0.03801673 0.7204995 -0.693419 0.007115125 0.5805029 -0.8141729 0.01178401 0.8430473 -0.5369953 0.03012263 0.7465655 -0.6646447 0.02979105 0.9318329 -0.3591993 0.05160951 0.9423545 -0.3292499 0.05968791 0.969685 -0.2351607 0.06641328 0.996735 0.009142577 0.08022284 0.8622301 -0.5065167 0 0.8622291 -0.5065185 0 0.7971741 -0.6037076 0.007113099 0.9485478 -0.3138278 0.04206186 0.9917891 -0.1141309 0.05769568 0.973547 0.2050407 0.1008194 0.986055 0.158129 0.05187267 0.8764048 0.4452736 0.1834284 0.9698851 0.2053555 0.1309666 0.9686068 0.2211897 0.1134722 0.9907592 -0.09959942 0.09206563 0.9956018 -0.00634551 0.09347081 0.8920937 -0.4498315 0.04266709 0.9917882 -0.1141304 0.05771011 0.9789094 -0.1956236 0.05888736 0.9584469 -0.2784932 0.06181591 0.9140199 0.3698683 0.1666285 0.8257504 0.548389 0.131932 0.8703169 0.4623291 0.1697068 0.8766993 0.4656788 0.120589 0.2799834 0.9555273 0.0926122 0.4690355 0.8687369 0.1590661 0.3705987 0.9116669 0.1775394 0.5783129 0.7919759 0.1957769 0.6762604 0.688854 0.2610595 0.1180686 0.991861 0.04766261 0.08518689 0.9954952 0.04162508 0.1975203 0.9752394 0.09946823 0.1133261 0.992026 0.05515044 0.3600937 0.9193269 0.158653 0.1330539 0.9894923 0.05658376 0.3470861 0.9293366 0.1259558 0.08799189 0.9956805 0.02963006 0.3600335 0.9273785 0.1017119 0.08564949 0.9960731 0.02241814 0.3495656 0.9341084 0.072425 0.09981203 0.9948099 0.01977545 0.06298816 0.9977409 0.02335608 0.09720373 0.9951629 0.01422047 0.2639623 0.9639212 0.03434973 0.3212669 0.9457518 0.04838722 0.5312629 0.8053458 0.2630172 0.02424967 0.08666795 0.9959421 0.002465188 0.05496406 0.9984853 0.01299601 0.2487026 0.9684928 0.05682289 0.9917132 0.1152219 0.2697381 0.9578108 0.09919655 0.5424694 0.8027976 0.2474732 0.3505072 0.7774075 0.5222856 0.3748517 0.8781868 0.2971099 0.3721541 0.9141208 0.1608873 0.0920158 0.9584937 0.2698577 0.1271187 0.8595905 0.4949194 0.006517529 0.9023943 0.4308621 0.03320026 0.8441194 0.5351264 0.0337159 0.7356064 0.6765697 0.1526712 0.7133018 0.6840264 0.04206478 0.5540415 0.8314256 0.5659511 0.7405454 0.3623424 0.6683996 0.6858906 0.2877431 0.5422298 0.5942877 0.5939775 0.4253496 0.6171746 0.6619466 0.4853277 0.5010972 0.7164905 0.3162835 0.3999726 0.8602249 0.2485984 0.5698781 0.7832227 0.1196435 0.3958262 0.9104983 0.1477964 0.2207414 0.9640693 0.8265104 0.4840579 0.2873476 0.8898133 0.3639675 0.2752455 0.9350647 0.2358353 0.2646425 0.9065847 -0.3344387 0.2574002 0.6834117 0.1518411 0.7140678 0.6874412 0.1530787 0.7099236 0.6645417 0.2335352 0.7098208 0.4309528 -0.4958503 0.7539311 0.3397681 -0.3450195 0.8749396 0.42252 -0.3401296 0.8401123 0.2273603 -0.2460778 0.9422065 0.07142704 -0.06318646 0.9954425 0.1479038 -0.1259493 0.9809492 0.2510784 -0.05396264 0.9664614 0.09105747 -0.03497421 0.9952313 0.01542139 -0.005155265 0.9998679 0.4385669 -0.06699371 0.8961981 0.3539614 -0.06419003 0.9330546 0.6233481 -0.1674386 0.7638072 0.4385612 -0.06700819 0.8961998 0.6634164 -0.1070215 0.7405573 0.9692406 -0.03284329 0.2439141 0.7808151 -0.07188755 0.6206126 0.8353029 -0.05945008 0.5465664 0.9151858 0.03690123 0.4013395 0.9539561 0.09625953 0.2840808 0.98706 0.01225864 0.1598829 0.6707333 -0.157688 0.7247423 0.01375025 -0.007930278 0.9998741 0.01028943 -0.005090832 0.9999341 0.1383866 -0.07796859 0.9873045 0.2578966 -0.09905374 0.9610815 0.01383095 -0.009364664 0.9998606 0.01468038 -0.01223731 0.9998173 0.003327846 -0.06839817 0.9976526 0.1277933 0.09704262 0.9870419 0.01547789 0.01122987 0.9998171 0.2774559 0.08016538 0.957388 0.04304426 0.01532769 0.9989557 0.1253564 0.04648673 0.9910221 0.01457726 0.005796194 0.999877 0.01694726 0.008882641 0.999817 0.5509094 -0.4986273 0.6692306 0.5701405 -0.4136404 0.709818 0.6073335 -0.3567984 0.7098177 0.623878 -0.3270124 0.7098163 0.4234868 0.3295812 0.8438218 0.5664727 0.4598088 0.6838746 0.6073305 0.3568007 0.709819 0.8475487 -0.4572278 0.2694515 0.7745118 -0.5656074 0.2832313 0.7048022 -0.6499797 0.2842188 0.6645451 -0.2335326 0.7098186 0.6524752 -0.265396 0.7098177 0.2602998 -0.1445669 0.9546436 0.9467345 -0.2038292 0.2492941 0.6810711 0.09935033 0.7254459 0.6892681 0.1018379 0.7173135 0.3575965 0.1022631 0.9282602 0.3637787 0.09973585 0.9261307 0.2956178 0.1086686 0.9491055 0.1469337 0.07790833 0.9860734 0.9692541 -0.03279817 0.2438666 0.9582944 -0.1111512 0.263282 0.2567754 0.1508679 0.9546231 0.6238733 0.3270128 0.7098203 0.6524718 0.2653989 0.7098197 0.7477471 0.5983181 0.2879059 0.09307402 -0.1614822 0.9824769 0.22477 -0.3275102 0.9177231 0.5368734 -0.790661 0.2943168 0.5707476 -0.7487098 0.3371659 0.4870907 -0.8023955 0.344825 0.3644068 -0.8777127 0.3111723 0.4605129 -0.877331 0.134975 0.2516605 -0.944625 0.2105959 0.3152962 -0.94669 0.06608045 0.557048 -0.6738079 0.4854694 0.6149097 -0.7349785 0.2858195 0.6160022 -0.7580018 0.2144175 0.3086148 -0.5841135 0.750712 0.05921816 -0.2254026 0.9724643 0.09845811 -0.3790261 0.9201334 0.04878705 -0.4574478 0.8878973 0.1372732 -0.7207516 0.6794654 0.0391668 -0.6184152 0.7848749 0.1917838 -0.8648662 0.4639241 0.04845738 -0.8400982 0.5402656 -0.0194168 -0.7361544 0.6765351 0.0602498 -0.9966804 0.05475747 0.04204326 -0.9861394 0.1605038 0.07878005 -0.9504522 0.3007231 0.3175131 -0.7345148 0.5997278 0.4390077 -0.6392702 0.6313524 0.608606 -0.7626075 0.2191547 0.4208126 -0.894564 0.150572 0.5308257 -0.8114958 0.2443333 0.5416045 -0.7954691 0.2718339 0.5329107 -0.8088389 0.248568 0.4308966 -0.8890853 0.1544526 0.3145429 -0.9453385 0.08601093 0.3267695 -0.9426341 0.06828427 0.326056 -0.9439285 0.05183249 0.1028289 -0.9944342 0.0229566 0.09825223 -0.9950277 0.01631844 0.09870481 -0.9950361 0.01267182 0.2764744 -0.9577237 0.07954323 0.226153 -0.9689229 0.1002165 0.1663022 -0.9847951 0.05022162 0.1983602 -0.9750253 0.0998944 0.1113923 -0.992375 0.05276244 0.1799757 -0.9803778 0.08042454 0.1061723 -0.9934583 0.04204958 0.1762145 -0.9815967 0.0735982 0.1092159 -0.9933764 0.03571164 0.08724999 -0.9958994 0.02391451 0.7796134 -0.5904686 0.208686 0.8428677 -0.5200409 0.1383175 0.8894016 -0.4454761 0.1025471 0.9188432 -0.3746888 0.1238374 0.9277489 -0.3679419 0.06245607 0.9188584 -0.3746556 0.1238247 0.9974085 -0.06525659 0.03029781 0.7112911 0.7026512 0.01861214 0.580859 0.8139867 0.005348443 0.7116207 0.7025195 0.007895648 0.4642568 0.8857007 0 0.5640807 0.8256897 0.007036805 0.7570329 0.6531521 0.01713991 0.9805415 -0.1923328 0.03932768 0.8987868 0.4374811 0.02815389 0.9829753 0.1798652 0.03752613 0.8925937 -0.4128861 0.1811126 0.9205293 -0.3655893 0.1377329 0.8697084 -0.4856249 0.08817946 0.8402924 -0.5162601 0.1654822 0.9105475 -0.3767637 0.1701543 0.9592424 -0.2503332 0.1311008 0.994452 0.03871607 0.09780794 0.9885894 -0.1189874 0.09237408 0.9956894 0.059605 0.07106304 0.8028895 0.5956152 0.02471786 0.8448899 0.5336095 0.03770929 0.9311851 0.3596689 0.05943733 0.94397 0.324566 0.05981254 0.9553298 0.293734 0.03263777 0.9410994 0.3335648 0.05537527 0.9591342 -0.2701052 0.08429074 0.9829209 -0.1577683 0.09474068 0.9886586 -0.1221284 0.08740025 0.9956365 0.007674217 0.09300082 0.9956142 0.03330838 0.08742451 0.9839054 0.1571204 0.08510774 0.9839044 0.1571267 0.08510893 0.880242 -0.4697736 0.06698429 0.2296426 -0.9732746 9.08098e-4 0.9039418 0.4276556 -1.25897e-7 0.9487858 0.3159198 6.21927e-4 0.9965102 -0.08344328 -0.002163827 0.9988278 -0.04819232 0.00453639 0.8550264 -0.5185818 0.001724898 0.8443911 -0.5357242 -0.001821458 0.4899874 -0.8717175 0.004583537 0.5074132 -0.8613337 0.02522641 0.4999981 -0.8660262 -8.33165e-4 -0.3492202 -0.9370353 0.003212928 -0.8223353 -0.5690032 0 -0.7498908 -0.6615612 8.2346e-4 -0.4259945 -0.9047208 -0.002992331 -0.6461966 0.7631694 0.001583278 -0.2379201 0.9712826 0.002071619 -0.8215821 0.5700902 -3.35709e-7 0.3259848 0.9453746 9.27409e-4 0.5039862 0.8636961 0.005199074 0.4846141 0.8747109 0.005490779 0.5068044 0.8620251 0.007888376 0.7659142 0.6429424 7.69607e-4 0.9814983 0.1914518 0.002720177 0.9038689 -0.4278097 0 0.9834074 -0.181411 2.08096e-5 0.3147966 0.9491592 0 0.2799942 0.9555287 0.09256494 0.3807886 0.9211844 0.08012092 0.7418365 0.6457426 0.1808182 0.8011737 0.5938206 0.0741477 0.6223223 0.7718612 0.1301742 0.55305 0.8310358 0.05929028 6.84153e-4 0.9985312 0.0541749 0 1 0 1.57267e-4 0.05433773 0.9985226 0.001075267 0.3899534 0.9208341 0.001577079 0.70583 0.7083795 0.001498699 0.9338048 0.3577799 1 1.66783e-5 1.03842e-4 1 3.33487e-5 9.77197e-5 1 -3.19995e-5 -3.15443e-5 1 7.70139e-6 3.48965e-5 1 9.35302e-5 -1.05408e-4 1 9.61982e-5 -1.19895e-4 1 5.43032e-5 -1.03174e-4 1 -3.07728e-5 -1.46439e-5 1 -8.51673e-7 0 1 -1.22813e-6 0 1 -1.96457e-5 6.72061e-5 1 -3.33221e-5 -8.35884e-5 1 -2.90705e-4 -1.30362e-4 1 -1.06157e-5 -8.63038e-5 1 4.11767e-6 1.21682e-5 0 -0.0246334 0.9996966 4.995e-4 -0.9978456 0.06560456 0.001814723 -0.9250364 0.3798742 -2.53735e-4 -0.6347776 0.772695 9.48909e-4 -0.8403682 0.5420152 9.66465e-4 -0.2615297 0.965195 0 -1 0 0.4110766 -0.9100698 0.0528115 0.7500719 -0.645826 0.1424816 0.857029 -0.5120193 0.05777353 0.5840478 -0.8053275 0.1016654 0.6874565 -0.7251873 0.03882139 1 -4.1301e-5 0 -1 2.23574e-5 0 -1 3.3536e-5 0 -1 -3.14616e-5 0 1 -2.54315e-5 0 1 3.81472e-5 0 1 -4.70677e-6 0 -1 2.35339e-6 0 -1 -2.35339e-6 0 -1 -6.54673e-6 0 1 -2.02532e-6 0 1 2.39608e-6 0 1 -2.39597e-6 0 1 1.30917e-5 0 0 -0.9659298 -0.2588043 0 -0.7071004 -0.7071132 0 -0.7070948 -0.7071188 0 -0.2588195 -0.9659258 0 -0.2588208 -0.9659254 0 0.2588251 -0.9659242 0 0.7070863 -0.7071273 0 0.7070891 -0.7071245 0 0.9659312 -0.258799 0 0.9659298 -0.2588043 0 0.9659298 0.2588043 0 0.9659312 0.258799 0 0.7070997 0.7071139 0 0.7070976 0.707116 0 0.2588251 0.9659242 0 -0.2588208 0.9659254 0 -0.2588195 0.9659258 0 -0.7071054 0.7071082 0 -0.7071117 0.7071018 0 -0.9659298 0.2588043 -1 3.50792e-6 0 -1 -3.50813e-6 0 1 4.05068e-6 0 1 -9.58405e-6 0 1 1.10667e-5 0 1 -8.10136e-6 0 0 -0.9659242 -0.2588251 0 -0.965924 -0.2588258 0 -0.7071188 -0.7070948 0 -0.7071153 -0.7070983 0 0.2588208 -0.9659254 0 0.7071188 -0.7070948 0 0.7071153 -0.7070983 0 0.9659242 -0.2588251 0 0.965924 -0.2588258 0 0.9659256 0.2588202 0 0.7071018 0.7071117 0 0.7071047 0.7071089 0 0.2588275 0.9659236 0 -0.2588275 0.9659236 0 -0.258826 0.965924 0 -0.7071018 0.7071117 0 -0.7071047 0.7071089 0 -0.9659256 0.2588202</float_array>
          <technique_common>
            <accessor source="#mesh-aad698f0-7cd2-4af1-8879-816aef74c815_001-mesh-normals-array" count="3917" stride="3">
              <param name="X" type="float"/>
              <param name="Y" type="float"/>
              <param name="Z" type="float"/>
            </accessor>
          </technique_common>
        </source>
        <vertices id="mesh-aad698f0-7cd2-4af1-8879-816aef74c815_001-mesh-vertices">
          <input semantic="POSITION" source="#mesh-aad698f0-7cd2-4af1-8879-816aef74c815_001-mesh-positions"/>
        </vertices>
        <triangles material="Material-外壳_001-material" count="6420">
          <input semantic="VERTEX" source="#mesh-aad698f0-7cd2-4af1-8879-816aef74c815_001-mesh-vertices" offset="0"/>
          <input semantic="NORMAL" source="#mesh-aad698f0-7cd2-4af1-8879-816aef74c815_001-mesh-normals" offset="1"/>
          <p>4 1 5 1 6 1 6 1 5 1 7 1 8 2 9 2 10 2 10 2 9 2 11 2 12 3 13 3 14 3 14 3 13 3 15 3 16 4 17 4 18 4 18 4 17 4 19 4 24 1 25 1 26 1 26 1 25 1 27 1 28 2 29 2 30 2 30 2 29 2 31 2 32 3 33 3 34 3 34 3 33 3 35 3 36 4 37 4 38 4 38 4 37 4 39 4 48 1 49 1 50 1 50 1 49 1 51 1 52 2 53 2 54 2 54 2 53 2 55 2 56 1 57 1 58 1 58 1 57 1 59 1 60 2 61 2 62 2 62 2 61 2 63 2 64 3 65 3 66 3 66 3 65 3 67 3 68 2 69 2 70 2 70 2 69 2 71 2 72 3 73 3 74 3 74 3 73 3 75 3 76 4 77 4 78 4 78 4 77 4 79 4 80 0 81 0 82 0 82 0 81 0 83 0 84 0 81 0 85 0 85 0 81 0 80 0 85 5 80 5 86 5 86 0 80 0 87 0 86 0 87 0 88 0 88 0 87 0 89 0 88 0 89 0 90 0 90 0 89 0 82 0 90 0 82 0 91 0 91 0 82 0 83 0 92 1 93 1 94 1 95 1 93 1 96 1 95 1 96 1 97 1 98 2 99 2 100 2 100 2 99 2 101 2 100 2 101 2 102 2 103 3 104 3 105 3 105 3 104 3 106 3 105 3 106 3 107 3 108 4 109 4 110 4 110 4 109 4 111 4 110 4 111 4 112 4 113 0 114 0 115 0 116 6 117 6 118 6 118 7 117 7 119 7 119 0 117 0 120 0 120 0 117 0 114 0 120 0 114 0 121 0 121 8 114 8 122 8 121 0 122 0 123 0 118 0 122 0 124 0 118 9 124 9 116 9 116 0 124 0 125 0 116 0 125 0 115 0 115 0 125 0 126 0 115 0 126 0 113 0 127 1 128 1 129 1 129 1 128 1 130 1 131 2 132 2 133 2 133 2 132 2 134 2 133 2 134 2 135 2 136 3 137 3 138 3 138 3 137 3 139 3 140 4 141 4 142 4 142 4 141 4 143 4 142 4 143 4 144 4 145 0 146 0 147 0 147 10 146 10 148 10 147 11 148 11 149 11 150 12 151 12 147 12 147 0 151 0 152 0 147 0 152 0 145 0 153 0 154 0 147 0 147 0 154 0 155 0 147 0 155 0 150 0 149 13 156 13 147 13 147 0 156 0 157 0 147 0 157 0 153 0 158 14 159 14 160 14 160 15 159 15 161 15 162 16 163 16 164 16 164 17 163 17 165 17 166 18 167 18 168 18 168 18 167 18 169 18 170 19 171 19 172 19 172 19 171 19 173 19 174 20 175 20 176 20 176 21 175 21 177 21 178 22 179 22 180 22 180 23 179 23 181 23 182 24 183 24 184 24 184 25 183 25 185 25 186 26 187 26 188 26 188 27 187 27 189 27 190 28 191 28 192 28 192 28 191 28 193 28 194 29 195 29 196 29 196 29 195 29 197 29 198 30 199 30 200 30 200 31 199 31 201 31 202 32 203 32 204 32 204 33 203 33 205 33 206 1 207 1 208 1 208 1 207 1 209 1 210 4 211 4 212 4 210 4 212 4 213 4 213 4 212 4 214 4 213 4 214 4 215 4 216 3 217 3 218 3 218 3 217 3 219 3 220 2 221 2 222 2 220 2 222 2 223 2 223 2 222 2 224 2 223 2 224 2 225 2 226 1 227 1 228 1 228 1 227 1 229 1 228 1 229 1 230 1 231 4 232 4 233 4 233 4 232 4 234 4 235 3 236 3 237 3 237 3 236 3 238 3 237 3 238 3 239 3 240 2 241 2 242 2 242 2 241 2 243 2 244 34 245 34 246 34 246 34 245 34 247 34 248 35 249 35 250 35 250 35 249 35 251 35 252 36 253 36 254 36 254 36 253 36 255 36 256 2 257 2 258 2 258 2 257 2 259 2 260 37 261 38 262 39 263 40 264 41 265 40 266 43 260 37 262 39 266 43 262 39 267 44 267 44 268 44 269 44 270 45 271 45 272 45 272 46 271 46 273 46 274 47 275 47 276 47 276 47 275 47 277 47 278 4 279 4 280 4 280 4 279 4 281 4 282 48 283 48 284 48 284 48 283 48 285 48 286 49 287 49 288 49 288 49 287 49 289 49 290 50 291 50 292 50 292 51 291 51 293 51 294 52 295 53 296 54 296 54 295 53 297 55 296 54 297 55 298 56 297 55 299 57 298 56 295 53 294 52 300 58 300 58 294 52 301 59 302 0 303 0 304 0 305 0 306 0 307 0 307 0 306 0 302 0 307 0 302 0 308 0 308 0 302 0 304 0 308 0 304 0 309 0 311 0 312 0 313 0 313 0 312 0 314 0 316 60 317 60 318 60 319 61 320 61 321 61 322 60 323 60 324 60 324 60 323 60 325 60 324 60 325 60 326 60 322 62 324 62 327 62 327 63 324 63 319 63 327 60 319 60 328 60 328 60 319 60 321 60 328 60 321 60 329 60 316 64 318 64 330 64 325 65 331 65 326 65 326 60 331 60 332 60 326 66 332 66 318 66 318 67 332 67 333 67 318 60 333 60 330 60 334 68 335 68 336 68 336 69 335 69 337 69 338 70 339 70 340 70 340 70 339 70 341 70 342 71 343 71 344 71 344 71 343 71 345 71 346 72 347 72 348 72 348 73 347 73 349 73 350 74 351 74 352 74 352 75 351 75 353 75 354 76 355 76 356 76 356 77 355 77 357 77 358 78 359 78 360 78 360 79 359 79 361 79 362 80 363 80 364 80 364 80 363 80 365 80 366 4 367 4 368 4 368 4 367 4 369 4 370 81 371 82 372 83 372 83 371 82 373 84 371 82 370 81 374 85 374 85 370 81 375 86 374 85 375 86 376 87 375 86 377 88 376 87 378 89 379 90 380 91 381 92 382 93 383 92 382 94 378 89 384 95 384 95 378 89 380 91 384 96 385 97 386 97 386 98 385 98 387 98 388 99 389 99 390 99 388 100 392 100 393 100 388 0 393 0 389 0 394 0 395 0 396 0 396 101 395 101 388 101 396 0 388 0 397 0 397 0 388 0 390 0 398 0 399 0 388 0 388 0 399 0 400 0 401 60 402 60 403 60 404 60 405 60 406 60 407 60 408 60 409 60 404 102 406 102 410 102 405 60 404 60 411 60 411 60 404 60 407 60 411 60 407 60 412 60 412 60 407 60 409 60 412 60 409 60 413 60 401 60 403 60 414 60 406 103 415 103 410 103 410 60 415 60 416 60 410 60 416 60 403 60 403 60 416 60 417 60 403 60 417 60 414 60 431 110 432 110 433 110 433 111 432 111 434 111 435 112 436 112 437 112 437 113 436 113 438 113 439 114 440 114 441 114 441 115 440 115 442 115 443 116 444 116 445 116 445 117 444 117 446 117 447 118 448 118 449 118 449 119 448 119 450 119 451 120 452 120 453 120 453 121 452 121 454 121 455 122 456 122 457 122 457 122 456 122 458 122 459 123 460 123 461 123 461 124 460 124 462 124 463 125 464 125 465 125 465 126 464 126 466 126 467 127 468 127 469 127 469 128 468 128 470 128 471 129 472 129 473 129 473 130 472 130 474 130 475 131 476 131 477 131 477 131 476 131 478 131 492 137 493 137 494 137 494 137 493 137 495 137 496 138 497 138 498 138 498 139 497 139 499 139 500 140 501 140 502 140 502 141 501 141 503 141 504 142 505 142 506 142 506 143 505 143 507 143 508 144 509 144 510 144 510 145 509 145 511 145 512 146 513 146 514 146 514 146 513 146 515 146 516 147 517 147 518 147 518 147 517 147 519 147 520 148 521 148 522 148 522 149 521 149 523 149 524 126 525 126 526 126 526 125 525 125 527 125 528 128 529 128 530 128 530 127 529 127 531 127 532 150 533 150 534 150 534 151 533 151 535 151 536 131 537 131 538 131 538 131 537 131 539 131 553 155 554 155 555 155 555 156 554 156 556 156 557 138 558 138 559 138 559 139 558 139 560 139 561 115 562 115 563 115 563 114 562 114 564 114 565 117 566 117 567 117 567 116 566 116 568 116 569 144 570 144 571 144 571 145 570 145 572 145 573 157 574 157 575 157 575 158 574 158 576 158 577 159 578 159 579 159 579 160 578 160 580 160 581 161 582 161 583 161 583 162 582 162 584 162 585 126 586 126 587 126 587 126 586 126 588 126 589 127 590 127 591 127 591 127 590 127 592 127 593 163 594 163 595 163 595 164 594 164 596 164 597 165 598 165 599 165 599 166 598 166 600 166 614 155 615 155 616 155 616 156 615 156 617 156 618 138 619 138 620 138 620 139 619 139 621 139 622 115 623 115 624 115 624 114 623 114 625 114 626 117 627 117 628 117 628 116 627 116 629 116 630 144 631 144 632 144 632 145 631 145 633 145 634 120 635 120 636 120 636 121 635 121 637 121 638 169 639 169 640 169 640 170 639 170 641 170 642 161 643 161 644 161 644 162 643 162 645 162 646 126 647 126 648 126 648 126 647 126 649 126 650 127 651 127 652 127 652 127 651 127 653 127 654 163 655 163 656 163 656 164 655 164 657 164 658 165 659 165 660 165 660 166 659 166 661 166 675 174 676 174 677 174 677 174 676 174 678 174 679 138 680 138 681 138 681 139 680 139 682 139 683 140 684 140 685 140 685 141 684 141 686 141 687 142 688 142 689 142 689 143 688 143 690 143 691 144 692 144 693 144 693 145 692 145 694 145 695 175 696 175 697 175 697 175 696 175 698 175 699 122 700 122 701 122 701 122 700 122 702 122 703 148 704 148 705 148 705 149 704 149 706 149 707 126 708 126 709 126 709 125 708 125 710 125 711 128 712 128 713 128 713 127 712 127 714 127 715 150 716 150 717 150 717 151 716 151 718 151 719 176 720 176 721 176 721 176 720 176 722 176 736 156 737 156 738 156 738 183 737 183 739 183 740 184 741 184 742 184 742 139 741 139 743 139 744 140 745 140 746 140 746 140 745 140 747 140 748 143 749 143 750 143 750 143 749 143 751 143 752 144 753 144 754 144 754 185 753 185 755 185 756 186 757 186 758 186 758 120 757 120 759 120 760 170 761 170 762 170 762 187 761 187 763 187 764 188 765 188 766 188 766 189 765 189 767 189 768 126 769 126 770 126 770 125 769 125 771 125 772 128 773 128 774 128 774 127 773 127 775 127 776 190 777 190 778 190 778 191 777 191 779 191 780 192 781 192 782 192 782 165 781 165 783 165 797 156 798 156 799 156 799 183 798 183 800 183 801 184 802 184 803 184 803 139 802 139 804 139 805 140 806 140 807 140 807 140 806 140 808 140 809 143 810 143 811 143 811 143 810 143 812 143 813 144 814 144 815 144 815 185 814 185 816 185 817 194 818 194 819 194 819 157 818 157 820 157 821 160 822 160 823 160 823 195 822 195 824 195 825 188 826 188 827 188 827 189 826 189 828 189 829 126 830 126 831 126 831 125 830 125 832 125 833 128 834 128 835 128 835 127 834 127 836 127 837 190 838 190 839 190 839 191 838 191 840 191 841 192 842 192 843 192 843 165 842 165 844 165 858 137 859 137 860 137 860 137 859 137 861 137 862 112 863 112 864 112 864 196 863 196 865 196 866 140 867 140 868 140 868 140 867 140 869 140 870 143 871 143 872 143 872 143 871 143 873 143 874 197 875 197 876 197 876 119 875 119 877 119 878 175 879 175 880 175 880 175 879 175 881 175 882 122 883 122 884 122 884 122 883 122 885 122 886 198 887 198 888 198 888 199 887 199 889 199 890 126 891 126 892 126 892 125 891 125 893 125 894 128 895 128 896 128 896 127 895 127 897 127 898 200 899 200 900 200 900 201 899 201 901 201 902 131 903 131 904 131 904 131 903 131 905 131 919 137 920 137 921 137 921 137 920 137 922 137 923 112 924 112 925 112 925 196 924 196 926 196 927 140 928 140 929 140 929 140 928 140 930 140 931 143 932 143 933 143 933 143 932 143 934 143 935 144 936 144 937 144 937 185 936 185 938 185 939 146 940 146 941 146 941 146 940 146 942 146 943 147 944 147 945 147 945 147 944 147 946 147 947 148 948 148 949 148 949 149 948 149 950 149 951 203 952 203 953 203 953 204 952 204 954 204 955 205 956 205 957 205 957 206 956 206 958 206 959 207 960 207 961 207 961 208 960 208 962 208 963 131 964 131 965 131 965 131 964 131 966 131 980 212 981 212 982 212 982 212 981 212 983 212 984 213 985 213 986 213 986 213 985 213 987 213 988 214 989 214 990 214 990 214 989 214 991 214 992 143 993 143 994 143 994 143 993 143 995 143 996 215 997 215 998 215 998 215 997 215 999 215 1000 216 1001 216 1002 216 1002 216 1001 216 1003 216 1004 217 1005 217 1006 217 1006 217 1005 217 1007 217 1008 218 1009 218 1010 218 1010 219 1009 219 1011 219 1012 126 1013 126 1014 126 1014 125 1013 125 1015 125 1016 220 1017 220 1018 220 1018 221 1017 221 1019 221 1020 222 1021 222 1022 222 1022 223 1021 223 1023 223 1024 224 1025 224 1026 224 1026 224 1025 224 1027 224 1041 174 1042 174 1043 174 1043 174 1042 174 1044 174 1045 138 1046 138 1047 138 1047 139 1046 139 1048 139 1049 140 1050 140 1051 140 1051 141 1050 141 1052 141 1053 142 1054 142 1055 142 1055 143 1054 143 1056 143 1057 144 1058 144 1059 144 1059 145 1058 145 1060 145 1061 175 1062 175 1063 175 1063 175 1062 175 1064 175 1065 122 1066 122 1067 122 1067 122 1066 122 1068 122 1069 148 1070 148 1071 148 1071 149 1070 149 1072 149 1073 126 1074 126 1075 126 1075 125 1074 125 1076 125 1077 128 1078 128 1079 128 1079 127 1078 127 1080 127 1081 150 1082 150 1083 150 1083 151 1082 151 1084 151 1085 176 1086 176 1087 176 1087 176 1086 176 1088 176 1102 228 1103 228 1104 228 1104 229 1103 229 1105 229 1106 213 1107 213 1108 213 1108 230 1107 230 1109 230 1110 231 1111 231 1112 231 1112 232 1111 232 1113 232 1114 116 1115 116 1116 116 1116 117 1115 117 1117 117 1118 233 1119 233 1120 233 1120 215 1119 215 1121 215 1122 234 1123 234 1124 234 1124 235 1123 235 1125 235 1126 217 1127 217 1128 217 1128 217 1127 217 1129 217 1130 236 1131 236 1132 236 1132 237 1131 237 1133 237 1134 125 1135 125 1136 125 1136 126 1135 126 1137 126 1138 221 1139 221 1140 221 1140 220 1139 220 1141 220 1142 238 1143 238 1144 238 1144 239 1143 239 1145 239 1146 224 1147 224 1148 224 1148 224 1147 224 1149 224 1163 242 1164 242 1165 242 1165 243 1164 243 1166 243 1167 244 1168 244 1169 244 1169 245 1168 245 1170 245 1171 141 1172 141 1173 141 1173 140 1172 140 1174 140 1175 143 1176 143 1177 143 1177 142 1176 142 1178 142 1179 246 1180 246 1181 246 1181 246 1180 246 1182 246 1183 247 1184 247 1185 247 1185 248 1184 248 1186 248 1187 147 1188 147 1189 147 1189 147 1188 147 1190 147 1191 237 1192 237 1193 237 1193 236 1192 236 1194 236 1195 126 1196 126 1197 126 1197 125 1196 125 1198 125 1199 128 1200 128 1201 128 1201 127 1200 127 1202 127 1203 207 1204 207 1205 207 1205 208 1204 208 1206 208 1207 131 1208 131 1209 131 1209 131 1208 131 1210 131 1224 137 1225 137 1226 137 1226 137 1225 137 1227 137 1228 138 1229 138 1230 138 1230 139 1229 139 1231 139 1232 140 1233 140 1234 140 1234 141 1233 141 1235 141 1236 142 1237 142 1238 142 1238 143 1237 143 1239 143 1240 144 1241 144 1242 144 1242 145 1241 145 1243 145 1244 146 1245 146 1246 146 1246 146 1245 146 1247 146 1248 147 1249 147 1250 147 1250 147 1249 147 1251 147 1252 148 1253 148 1254 148 1254 149 1253 149 1255 149 1256 126 1257 126 1258 126 1258 125 1257 125 1259 125 1260 128 1261 128 1262 128 1262 127 1261 127 1263 127 1264 150 1265 150 1266 150 1266 151 1265 151 1267 151 1268 131 1269 131 1270 131 1270 131 1269 131 1271 131 1275 0 1272 0 1276 0 1279 252 1280 253 1281 254 1281 255 1280 255 1282 255 1284 131 1285 131 1286 131 1286 131 1285 131 1287 131 1288 137 1289 137 1290 137 1290 137 1289 137 1291 137 1292 112 1293 112 1294 112 1294 196 1293 196 1295 196 1296 140 1297 140 1298 140 1298 140 1297 140 1299 140 1300 143 1301 143 1302 143 1302 143 1301 143 1303 143 1304 215 1305 215 1306 215 1306 215 1305 215 1307 215 1308 257 1309 257 1310 257 1310 258 1309 258 1311 258 1312 259 1313 259 1314 259 1314 260 1313 260 1315 260 1316 261 1317 261 1318 261 1318 262 1317 262 1319 262 1320 263 1321 264 1322 265 1322 265 1321 264 1323 266 1324 267 1321 264 1325 268 1325 268 1321 264 1320 263 1325 268 1320 263 1326 269 1326 269 1320 263 1327 146 1328 270 1329 271 1330 272 1331 273 1332 274 1333 275 1330 272 1333 275 1328 270 1328 270 1333 275 1332 274 1337 0 1334 0 1338 0 1341 279 1342 280 1343 281 1343 0 1342 0 1344 0 1346 247 1347 247 1348 247 1348 248 1347 248 1349 248 1350 147 1351 147 1352 147 1352 147 1351 147 1353 147 1354 148 1355 148 1356 148 1356 149 1355 149 1357 149 1358 126 1359 126 1360 126 1360 125 1359 125 1361 125 1362 128 1363 128 1364 128 1364 127 1363 127 1365 127 1366 207 1367 207 1368 207 1368 208 1367 208 1369 208 1370 283 1371 283 1372 283 1372 283 1371 283 1373 283 1374 284 1375 284 1376 284 1376 284 1375 284 1377 284 1378 285 1379 285 1380 285 1380 286 1379 286 1381 286 1382 287 1383 288 1384 289 1384 289 1383 288 1385 290 1386 291 1383 288 1387 292 1387 292 1383 288 1382 287 1387 292 1382 287 1388 293 1388 293 1382 287 1389 131 1390 294 1391 295 1392 296 1393 297 1394 298 1395 299 1392 296 1395 299 1390 294 1390 294 1395 299 1394 298 1396 300 1397 300 1398 300 1398 301 1397 301 1399 301 1400 302 1401 302 1402 302 1402 302 1401 302 1403 302 1404 303 1405 303 1406 303 1406 303 1405 303 1407 303 1408 304 1409 304 1410 304 1410 304 1409 304 1411 304 1412 305 1413 305 1414 305 1414 306 1413 306 1415 306 1416 307 1417 307 1418 307 1418 308 1417 308 1419 308 1420 309 1421 309 1422 309 1422 310 1421 310 1423 310 1424 311 1425 311 1426 311 1426 312 1425 312 1427 312 1428 313 1429 313 1430 313 1430 314 1429 314 1431 314 1432 315 1433 315 1434 315 1434 316 1433 316 1435 316 1436 317 1437 317 1438 317 1438 318 1437 318 1439 318 1440 319 1441 319 1442 319 1442 320 1441 320 1443 320 1444 321 1445 321 1446 321 1446 322 1445 322 1447 322 1448 302 1449 302 1450 302 1450 302 1449 302 1451 302 1452 303 1453 303 1454 303 1454 303 1453 303 1455 303 1456 304 1457 304 1458 304 1458 304 1457 304 1459 304 1460 305 1461 305 1462 305 1462 306 1461 306 1463 306 1464 323 1465 323 1466 323 1466 324 1465 324 1467 324 1468 309 1469 309 1470 309 1470 310 1469 310 1471 310 1472 325 1473 325 1474 325 1474 326 1473 326 1475 326 1476 327 1477 327 1478 327 1478 328 1477 328 1479 328 1480 329 1481 329 1482 329 1482 330 1481 330 1483 330 1484 163 1485 163 1486 163 1486 163 1485 163 1487 163 1488 319 1489 319 1490 319 1490 320 1489 320 1491 320 1492 4 1493 4 1494 4 1492 4 1494 4 1495 4 1496 4 1497 4 1494 4 1494 4 1497 4 1498 4 1494 4 1498 4 1495 4 1499 4 1500 4 1494 4 1494 4 1500 4 1501 4 1494 4 1501 4 1496 4 1502 4 1503 4 1494 4 1494 4 1503 4 1504 4 1494 4 1504 4 1499 4 1493 4 1505 4 1494 4 1494 4 1505 4 1506 4 1494 4 1506 4 1502 4 1507 331 1508 331 1509 331 1509 332 1508 332 1510 332 1511 333 1512 333 1513 333 1513 333 1512 333 1514 333 1515 334 1516 334 1517 334 1517 334 1516 334 1518 334 1519 1 1520 1 1521 1 1521 1 1520 1 1522 1 1523 335 1524 335 1525 335 1525 336 1524 336 1526 336 1527 337 1528 337 1529 337 1529 338 1528 338 1530 338 1531 339 1532 339 1533 339 1533 340 1532 340 1534 340 1535 341 1536 341 1537 341 1537 342 1536 342 1538 342 1539 343 1540 343 1541 343 1541 344 1540 344 1542 344 1543 345 1544 345 1545 345 1545 346 1544 346 1546 346 1547 3 1548 3 1549 3 1549 3 1548 3 1550 3 1551 347 1552 347 1553 347 1553 347 1552 347 1554 347 1555 348 1556 348 1557 348 1557 348 1556 348 1558 348 1559 349 1560 349 1561 349 1561 350 1560 350 1562 350 1563 4 1564 4 1565 4 1566 351 1567 351 1568 351 1569 352 1570 352 1571 352 1571 4 1570 4 1572 4 1572 4 1573 4 1574 4 1574 353 1573 353 1575 353 1574 354 1576 354 1577 354 1576 4 1578 4 1577 4 1577 355 1578 355 1579 355 1577 356 1580 356 1581 356 1581 4 1580 4 1582 4 1581 4 1582 4 1583 4 1583 357 1582 357 1584 357 1584 358 1585 358 1583 358 1583 359 1585 359 1586 359 1583 4 1587 4 1588 4 1588 360 1587 360 1589 360 1590 361 1591 361 1583 361 1583 4 1591 4 1592 4 1583 4 1592 4 1593 4 1594 362 1595 362 1596 362 1596 363 1597 363 1598 363 1594 364 1596 364 1599 364 1599 4 1596 4 1598 4 1599 365 1598 365 1600 365 1601 4 1602 4 1563 4 1597 4 1603 4 1604 4 1604 366 1605 366 1606 366 1601 367 1563 367 1607 367 1608 4 1609 4 1610 4 1609 368 1611 368 1610 368 1610 369 1611 369 1612 369 1610 4 1612 4 1596 4 1612 370 1613 370 1596 370 1596 371 1613 371 1614 371 1596 372 1614 372 1597 372 1597 4 1615 4 1616 4 1597 4 1616 4 1603 4 1617 373 1618 373 1619 373 1619 4 1618 4 1604 4 1620 4 1621 4 1622 4 1622 4 1621 4 1623 4 1622 374 1623 374 1624 374 1624 375 1623 375 1625 375 1626 4 1627 4 1628 4 1629 376 1630 376 1631 376 1628 377 1627 377 1632 377 1632 4 1627 4 1633 4 1632 4 1633 4 1634 4 1634 378 1633 378 1635 378 1634 4 1635 4 1567 4 1636 4 1637 4 1567 4 1567 379 1637 379 1638 379 1567 380 1639 380 1568 380 1568 381 1639 381 1640 381 1630 382 1641 382 1631 382 1631 4 1641 4 1642 4 1631 4 1642 4 1628 4 1628 383 1643 383 1644 383 1628 384 1644 384 1626 384 1645 385 1646 385 1566 385 1647 4 1648 4 1649 4 1649 386 1648 386 1650 386 1649 4 1650 4 1651 4 1646 387 1652 387 1653 387 1653 388 1654 388 1655 388 1653 389 1655 389 1656 389 1655 390 1657 390 1656 390 1656 391 1657 391 1658 391 1656 4 1658 4 1647 4 1647 392 1659 392 1660 392 1647 393 1660 393 1661 393 1662 4 1663 4 1645 4 1645 394 1663 394 1664 394 1645 395 1664 395 1646 395 1646 396 1665 396 1666 396 1646 397 1666 397 1652 397 1667 4 1668 4 1669 4 1669 4 1668 4 1670 4 1669 4 1670 4 1671 4 1672 4 1673 4 1674 4 1675 4 1676 4 1671 4 1677 398 1676 398 1678 398 1677 4 1678 4 1673 4 1673 399 1678 399 1679 399 1673 400 1679 400 1674 400 1680 4 1681 4 1682 4 1681 4 1683 4 1682 4 1682 401 1683 401 1684 401 1682 4 1684 4 1670 4 1670 4 1684 4 1685 4 1685 4 1686 4 1670 4 1670 4 1686 4 1687 4 1670 402 1687 402 1671 402 1671 403 1687 403 1688 403 1671 404 1688 404 1675 404 1674 405 1689 405 1672 405 1672 406 1689 406 1690 406 1672 407 1690 407 1691 407 1572 408 1574 408 1571 408 1571 409 1574 409 1672 409 1571 4 1672 4 1682 4 1682 410 1672 410 1691 410 1682 411 1691 411 1680 411 1593 412 1692 412 1583 412 1583 4 1692 4 1693 4 1583 4 1693 4 1581 4 1581 4 1693 4 1694 4 1581 4 1694 4 1577 4 1695 4 1645 4 1696 4 1566 4 1568 4 1645 4 1645 4 1568 4 1697 4 1645 413 1697 413 1696 413 1698 414 1699 414 1700 414 1698 4 1700 4 1701 4 1700 4 1702 4 1701 4 1701 415 1702 415 1703 415 1701 4 1703 4 1568 4 1568 416 1703 416 1704 416 1568 417 1704 417 1697 417 1699 418 1698 418 1705 418 1705 4 1698 4 1706 4 1705 419 1706 419 1707 419 1708 4 1709 4 1710 4 1710 420 1709 420 1711 420 1696 421 1712 421 1695 421 1695 422 1712 422 1713 422 1695 4 1713 4 1708 4 1708 4 1713 4 1714 4 1708 423 1714 423 1709 423 1715 4 1620 4 1716 4 1716 4 1620 4 1565 4 1716 4 1565 4 1717 4 1718 4 1719 4 1621 4 1719 4 1720 4 1621 4 1621 4 1720 4 1721 4 1621 4 1721 4 1564 4 1564 4 1721 4 1722 4 1715 4 1723 4 1620 4 1620 4 1723 4 1724 4 1620 4 1724 4 1621 4 1621 4 1724 4 1725 4 1621 4 1725 4 1718 4 1722 4 1726 4 1564 4 1564 4 1726 4 1727 4 1564 4 1727 4 1565 4 1565 4 1727 4 1728 4 1565 4 1728 4 1717 4 1667 424 1647 424 1668 424 1668 4 1647 4 1649 4 1668 4 1649 4 1670 4 1670 4 1649 4 1729 4 1670 4 1729 4 1682 4 1682 4 1729 4 1730 4 1682 4 1730 4 1571 4 1571 4 1730 4 1588 4 1571 4 1588 4 1569 4 1569 425 1588 425 1589 425 1628 4 1625 4 1631 4 1631 426 1625 426 1623 426 1631 4 1623 4 1731 4 1731 4 1623 4 1621 4 1731 4 1621 4 1732 4 1732 4 1621 4 1564 4 1732 4 1564 4 1610 4 1610 4 1564 4 1563 4 1610 427 1563 427 1608 427 1608 428 1563 428 1602 428 1606 429 1607 429 1604 429 1604 430 1607 430 1563 430 1604 4 1563 4 1619 4 1619 4 1563 4 1565 4 1619 4 1565 4 1617 4 1617 4 1565 4 1620 4 1617 4 1620 4 1733 4 1733 431 1620 431 1734 431 1651 4 1662 4 1649 4 1649 4 1662 4 1645 4 1649 4 1645 4 1729 4 1729 4 1645 4 1695 4 1729 4 1695 4 1730 4 1730 4 1695 4 1708 4 1730 4 1708 4 1588 4 1588 4 1708 4 1710 4 1588 4 1710 4 1583 4 1583 4 1710 4 1735 4 1583 4 1735 4 1590 4 1711 4 1707 4 1710 4 1710 4 1707 4 1706 4 1710 4 1706 4 1735 4 1735 4 1706 4 1736 4 1735 4 1736 4 1590 4 1590 432 1736 432 1737 432 1640 4 1629 4 1568 4 1568 4 1629 4 1631 4 1568 4 1631 4 1701 4 1701 4 1631 4 1731 4 1701 4 1731 4 1698 4 1698 4 1731 4 1732 4 1698 4 1732 4 1706 4 1706 4 1732 4 1610 4 1706 4 1610 4 1736 4 1736 4 1610 4 1596 4 1736 433 1596 433 1737 433 1737 361 1596 361 1595 361 1738 1 1739 1 1740 1 1740 1 1739 1 1741 1 1742 0 1743 0 1744 0 1744 0 1743 0 1745 0 1744 0 1745 0 1746 0 1747 3 1748 3 1749 3 1749 3 1748 3 1750 3 1751 2 1752 2 1753 2 1753 434 1752 434 1754 434 1755 2 1756 2 1757 2 1751 2 1758 2 1752 2 1752 435 1758 435 1759 435 1752 436 1759 436 1760 436 1761 2 1762 2 1763 2 1763 2 1762 2 1764 2 1760 2 1765 2 1752 2 1752 437 1765 437 1766 437 1752 438 1766 438 1767 438 1767 439 1762 439 1761 439 1754 2 1768 2 1753 2 1753 2 1768 2 1769 2 1753 440 1769 440 1770 440 1771 2 1772 2 1773 2 1773 441 1772 441 1774 441 1770 442 1775 442 1776 442 1776 443 1775 443 1774 443 1776 2 1774 2 1777 2 1777 444 1774 444 1772 444 1764 445 1762 445 1757 445 1757 446 1762 446 1778 446 1757 447 1778 447 1755 447 1779 448 1780 448 1781 448 1782 449 1783 449 1784 449 1785 450 1786 450 1787 450 1788 451 1789 451 1790 451 1785 452 1787 452 1790 452 1790 453 1787 453 1791 453 1790 454 1791 454 1788 454 1789 0 1792 0 1793 0 1793 0 1792 0 1794 0 1793 0 1794 0 1795 0 1794 0 1796 0 1795 0 1795 0 1796 0 1797 0 1795 0 1797 0 1798 0 1798 455 1797 455 1799 455 1786 456 1785 456 1800 456 1800 457 1785 457 1801 457 1800 458 1801 458 1802 458 1799 0 1802 0 1798 0 1798 459 1802 459 1801 459 1798 460 1801 460 1803 460 1803 461 1801 461 1804 461 1803 462 1804 462 1805 462 1805 0 1804 0 1806 0 1807 463 1808 463 1809 463 1809 0 1808 0 1810 0 1809 464 1810 464 1811 464 1811 0 1812 0 1813 0 1813 465 1812 465 1814 465 1813 466 1814 466 1815 466 1816 467 1817 467 1818 467 1818 0 1817 0 1815 0 1818 0 1815 0 1819 0 1816 0 1820 0 1821 0 1821 468 1820 468 1822 468 1821 0 1822 0 1823 0 1822 0 1824 0 1823 0 1823 469 1824 469 1825 469 1823 0 1825 0 1826 0 1826 470 1827 470 1828 470 1828 471 1829 471 1826 471 1826 472 1829 472 1830 472 1826 473 1830 473 1823 473 1823 474 1830 474 1831 474 1823 475 1831 475 1832 475 1831 0 1833 0 1832 0 1832 0 1833 0 1834 0 1832 0 1834 0 1835 0 1835 0 1834 0 1836 0 1835 0 1836 0 1837 0 1838 476 1839 476 1784 476 1784 477 1839 477 1840 477 1784 0 1840 0 1827 0 1827 478 1840 478 1841 478 1827 479 1841 479 1828 479 1842 0 1843 0 1835 0 1844 0 1845 0 1843 0 1843 0 1845 0 1846 0 1847 480 1848 480 1842 480 1842 481 1848 481 1849 481 1842 0 1849 0 1843 0 1843 482 1849 482 1850 482 1843 483 1850 483 1844 483 1845 0 1851 0 1846 0 1846 0 1851 0 1852 0 1846 0 1852 0 1853 0 1854 484 1855 484 1856 484 1856 0 1855 0 1857 0 1856 0 1857 0 1858 0 1858 485 1857 485 1853 485 1858 0 1853 0 1859 0 1859 486 1853 486 1852 486 1860 0 1861 0 1857 0 1857 487 1861 487 1862 487 1857 0 1862 0 1853 0 1853 488 1862 488 1863 488 1864 0 1865 0 1866 0 1866 0 1865 0 1867 0 1866 0 1867 0 1868 0 1868 0 1869 0 1870 0 1870 489 1869 489 1871 489 1870 0 1871 0 1872 0 1873 0 1874 0 1875 0 1875 0 1874 0 1872 0 1875 0 1872 0 1876 0 1877 490 1878 490 1879 490 1879 0 1878 0 1880 0 1879 0 1880 0 1881 0 1882 491 1883 491 1884 491 1884 492 1883 492 1885 492 1884 0 1885 0 1886 0 1886 493 1885 493 1887 493 1886 494 1887 494 1888 494 1889 0 1890 0 1891 0 1891 495 1890 495 1892 495 1891 496 1892 496 1893 496 1892 497 1894 497 1893 497 1893 498 1894 498 1895 498 1893 0 1895 0 1880 0 1880 0 1895 0 1896 0 1880 499 1896 499 1881 499 1881 500 1896 500 1897 500 1881 501 1897 501 1882 501 1789 502 1793 502 1790 502 1790 0 1793 0 1898 0 1790 0 1886 0 1891 0 1891 0 1886 0 1888 0 1891 503 1888 503 1889 503 1899 0 1900 0 1901 0 1901 0 1900 0 1902 0 1901 504 1902 504 1903 504 1903 0 1902 0 1904 0 1903 505 1904 505 1905 505 1905 506 1904 506 1906 506 1906 0 1907 0 1905 0 1905 507 1907 507 1908 507 1905 0 1908 0 1909 0 1908 0 1910 0 1909 0 1909 508 1910 508 1911 508 1909 509 1911 509 1912 509 1912 0 1911 0 1913 0 1912 0 1913 0 1914 0 1914 510 1913 510 1915 510 1914 0 1915 0 1916 0 1863 0 1917 0 1853 0 1853 511 1917 511 1918 511 1853 512 1918 512 1864 512 1864 513 1918 513 1919 513 1864 0 1919 0 1865 0 1865 514 1919 514 1920 514 1865 0 1920 0 1867 0 1920 0 1921 0 1867 0 1867 515 1921 515 1922 515 1867 516 1922 516 1923 516 1923 517 1922 517 1924 517 1923 0 1924 0 1925 0 1925 518 1924 518 1926 518 1871 0 1927 0 1872 0 1872 0 1927 0 1928 0 1872 519 1928 519 1876 519 1876 0 1928 0 1929 0 1876 0 1929 0 1930 0 1929 0 1931 0 1930 0 1930 0 1931 0 1932 0 1930 520 1932 520 1933 520 1933 521 1934 521 1923 521 1923 0 1934 0 1935 0 1923 522 1935 522 1867 522 1867 0 1935 0 1936 0 1867 0 1936 0 1868 0 1868 523 1936 523 1937 523 1868 0 1937 0 1869 0 1938 0 1939 0 1940 0 1940 524 1939 524 1941 524 1940 525 1941 525 1930 525 1930 0 1941 0 1942 0 1930 0 1942 0 1876 0 1942 0 1943 0 1876 0 1876 526 1943 526 1944 526 1876 0 1944 0 1875 0 1875 527 1944 527 1945 527 1875 0 1945 0 1873 0 1873 528 1945 528 1946 528 1873 0 1946 0 1877 0 1877 529 1946 529 1947 529 1877 530 1947 530 1878 530 1878 531 1947 531 1948 531 1878 0 1948 0 1880 0 1880 532 1948 532 1949 532 1950 0 1903 0 1951 0 1951 533 1903 533 1905 533 1951 0 1905 0 1952 0 1952 534 1905 534 1810 534 1953 0 1954 0 1801 0 1801 535 1954 535 1955 535 1801 536 1955 536 1804 536 1804 0 1955 0 1956 0 1804 0 1956 0 1806 0 1806 537 1956 537 1957 537 1806 0 1957 0 1807 0 1807 538 1957 538 1958 538 1807 0 1958 0 1808 0 1808 539 1958 539 1959 539 1808 0 1959 0 1810 0 1810 540 1959 540 1960 540 1810 541 1960 541 1952 541 1961 0 1962 0 1783 0 1783 0 1962 0 1842 0 1783 0 1842 0 1784 0 1784 0 1842 0 1835 0 1784 0 1835 0 1838 0 1838 0 1835 0 1837 0 1963 0 1964 0 1827 0 1827 542 1964 542 1965 542 1827 0 1965 0 1784 0 1784 0 1965 0 1966 0 1784 0 1966 0 1782 0 1967 0 1901 0 1968 0 1968 0 1901 0 1781 0 1968 0 1781 0 1969 0 1967 543 1970 543 1901 543 1901 0 1970 0 1914 0 1901 0 1914 0 1899 0 1899 0 1914 0 1916 0 1971 0 1972 0 1855 0 1854 0 1847 0 1855 0 1855 0 1847 0 1842 0 1855 544 1842 544 1971 544 1971 0 1842 0 1973 0 1974 0 1975 0 1976 0 1976 0 1975 0 1962 0 1976 0 1962 0 1977 0 1977 0 1962 0 1961 0 1975 545 1978 545 1962 545 1962 546 1978 546 1979 546 1962 0 1979 0 1842 0 1842 547 1979 547 1980 547 1842 548 1980 548 1973 548 1981 0 1982 0 1983 0 1983 0 1982 0 1984 0 1983 549 1984 549 1974 549 1933 0 1923 0 1930 0 1930 0 1923 0 1985 0 1930 550 1985 550 1986 550 1986 0 1987 0 1930 0 1930 0 1987 0 1988 0 1930 551 1988 551 1940 551 1940 0 1988 0 1989 0 1940 0 1989 0 1983 0 1983 552 1989 552 1990 552 1983 553 1990 553 1991 553 1991 554 1992 554 1983 554 1983 0 1992 0 1993 0 1983 0 1993 0 1981 0 1981 0 1993 0 1994 0 1992 0 1995 0 1993 0 1993 555 1995 555 1996 555 1993 556 1996 556 1925 556 1925 0 1996 0 1997 0 1925 557 1997 557 1923 557 1923 558 1997 558 1998 558 1923 0 1998 0 1985 0 1999 0 2000 0 2001 0 2001 0 2000 0 2002 0 2002 0 2000 0 1780 0 1780 0 2000 0 1976 0 1780 0 1976 0 1781 0 1781 0 1976 0 1977 0 1781 0 1977 0 1969 0 2001 0 2003 0 1999 0 1999 0 2003 0 2004 0 1999 0 2004 0 2005 0 2005 559 2004 559 2006 559 2005 560 2006 560 2007 560 2008 0 2009 0 1901 0 1901 561 2009 561 2010 561 1901 0 2010 0 1781 0 1781 0 2010 0 2011 0 1781 0 2011 0 1779 0 1905 562 2012 562 1810 562 1810 0 2012 0 2013 0 1810 0 2013 0 1811 0 1811 563 2013 563 2014 563 1811 564 2014 564 1812 564 1814 0 2015 0 1815 0 1815 0 2015 0 2016 0 1815 565 2016 565 1819 565 1819 0 2016 0 2017 0 1819 0 2017 0 1909 0 1909 566 2017 566 2018 566 2018 567 2019 567 1909 567 1909 568 2019 568 2020 568 1909 0 2020 0 1905 0 1905 569 2020 569 2021 569 1905 570 2021 570 2012 570 2022 0 2023 0 1912 0 1912 571 2023 571 2024 571 1912 572 2024 572 1909 572 1909 0 2024 0 2025 0 1909 0 2025 0 1819 0 2025 0 2026 0 1819 0 1819 573 2026 573 2027 573 1819 0 2027 0 1818 0 1818 574 2027 574 2028 574 1818 0 2028 0 1816 0 1816 575 2028 575 2029 575 1816 576 2029 576 1820 576 1825 0 2022 0 1826 0 1826 0 2022 0 1912 0 1826 0 1912 0 1827 0 1827 0 1912 0 1914 0 1827 0 1914 0 1963 0 1963 0 1914 0 1970 0 1950 0 2030 0 1903 0 1903 0 2030 0 2031 0 1903 0 2031 0 1901 0 1901 0 2031 0 2005 0 1901 0 2005 0 2008 0 2008 0 2005 0 2007 0 2032 0 2033 0 1983 0 1983 0 2033 0 2034 0 2035 577 2036 577 2037 577 1974 0 1976 0 1983 0 1983 578 1976 578 2038 578 1983 579 2038 579 2032 579 2039 0 2000 0 2040 0 2040 0 2000 0 2035 0 2040 0 2035 0 2041 0 2041 0 2035 0 2037 0 2039 580 2042 580 2000 580 2000 581 2042 581 2043 581 2000 0 2043 0 1976 0 1976 582 2043 582 2044 582 1976 583 2044 583 2038 583 1972 0 1994 0 1855 0 1855 0 1994 0 1993 0 1855 0 1993 0 1857 0 1857 0 1993 0 1925 0 1857 0 1925 0 1860 0 1860 0 1925 0 1926 0 2034 584 2036 584 1983 584 1983 0 2036 0 2035 0 1983 0 2035 0 1940 0 1940 0 2035 0 2045 0 1940 0 2045 0 1938 0 1938 0 2045 0 2046 0 2030 0 1953 0 2031 0 2031 0 1953 0 1801 0 2031 0 1801 0 2005 0 2005 0 1801 0 1785 0 2005 0 1785 0 1999 0 1999 0 1785 0 1790 0 1999 0 1790 0 2000 0 2000 0 1790 0 1891 0 2000 0 1891 0 2035 0 2035 0 1891 0 1893 0 2035 0 1893 0 2045 0 2045 0 1893 0 1880 0 2045 0 1880 0 2046 0 2046 0 1880 0 1949 0 2047 585 2048 585 2049 585 2050 586 2051 586 2052 586 2053 0 2054 0 2055 0 2055 0 2054 0 2047 0 2055 0 2047 0 2052 0 2052 0 2047 0 2049 0 2052 0 2049 0 2050 0 2050 0 2049 0 2056 0 2050 0 2056 0 2057 0 2057 0 2056 0 2058 0 2059 587 2060 587 2061 587 2061 0 2060 0 2062 0 2061 0 2062 0 2063 0 2064 0 2065 0 2066 0 2066 0 2065 0 2067 0 2066 588 2067 588 2068 588 2059 0 2061 0 2069 0 2070 589 2061 589 2071 589 2070 0 2071 0 2072 0 2073 590 2074 590 2075 590 2075 0 2074 0 2076 0 2075 0 2076 0 2077 0 2076 591 2078 591 2077 591 2077 592 2078 592 2079 592 2077 0 2079 0 2080 0 2080 593 2079 593 2081 593 2080 594 2081 594 2082 594 2082 0 2061 0 2080 0 2080 0 2061 0 2063 0 2080 0 2063 0 2083 0 2083 595 2063 595 2084 595 2083 0 2084 0 2085 0 2085 596 2084 596 2086 596 2085 0 2086 0 2087 0 2064 597 2086 597 2088 597 2064 598 2088 598 2065 598 2067 599 2089 599 2068 599 2068 600 2089 600 2090 600 2068 0 2090 0 2091 0 2090 0 2070 0 2091 0 2091 601 2070 601 2072 601 2091 602 2072 602 2092 602 2092 603 2072 603 2093 603 2092 0 2093 0 2094 0 2094 604 2093 604 2095 604 2094 605 2095 605 2073 605 2073 0 2095 0 2096 0 2073 606 2096 606 2074 606 2097 607 2098 607 2099 607 2097 608 2099 608 2100 608 2101 609 2102 609 2103 609 2101 609 2103 609 2104 609 2105 610 2106 610 2107 610 2105 611 2107 611 2108 611 2109 612 2110 612 2111 612 2109 613 2111 613 2112 613 2113 614 2114 614 2115 614 2113 615 2115 615 2116 615 2117 616 2118 616 2119 616 2117 617 2119 617 2120 617 2121 618 2122 618 2123 618 2121 619 2123 619 2124 619 2125 620 2126 620 2127 620 2125 621 2127 621 2128 621 2129 622 2130 622 2131 622 2129 623 2131 623 2132 623 2133 624 2134 624 2135 624 2133 625 2135 625 2136 625 2137 626 2138 626 2139 626 2137 627 2139 627 2140 627 2141 628 2142 628 2143 628 2141 629 2143 629 2144 629 2145 0 2146 0 2147 0 2147 0 2146 0 2148 0 2149 2 2150 2 2151 2 2151 2 2150 2 2152 2 2180 644 2181 644 2182 644 2182 645 2181 645 2183 645 2184 0 2185 0 2186 0 2249 654 2250 654 2251 654 2251 655 2250 655 2252 655 2253 656 2254 656 2255 656 2255 657 2254 657 2256 657 2257 658 2258 659 2259 660 2259 660 2258 659 2260 661 2259 660 2260 661 2261 662 2262 663 2263 664 2260 661 2260 661 2263 664 2264 665 2260 661 2264 665 2261 662 2265 666 2266 667 2267 668 2268 669 2269 670 2270 671 2271 672 2272 673 2267 668 2267 668 2272 673 2268 669 2267 668 2268 669 2265 666 2265 666 2268 669 2270 671 2273 674 2274 674 2275 674 2275 675 2274 675 2276 675 2277 676 2278 676 2279 676 2279 677 2278 677 2280 677 2281 678 2282 678 2283 678 2283 679 2282 679 2284 679 2285 680 2286 680 2287 680 2287 681 2286 681 2288 681 2289 682 2290 682 2291 682 2291 683 2290 683 2292 683 2293 684 2294 684 2295 684 2295 685 2294 685 2296 685 2297 686 2298 686 2299 686 2299 687 2298 687 2300 687 2301 688 2302 688 2303 688 2303 689 2302 689 2304 689 2305 690 2306 690 2307 690 2307 691 2306 691 2308 691 2309 692 2310 692 2311 692 2311 693 2310 693 2312 693 2313 694 2314 694 2315 694 2315 695 2314 695 2316 695 2317 696 2318 696 2319 696 2319 697 2318 697 2320 697 2321 0 2322 0 2323 0 2324 0 2325 0 2326 0 2327 0 2328 0 2329 0 2327 698 2329 698 2330 698 2324 699 2326 699 2327 699 2327 0 2326 0 2331 0 2327 0 2331 0 2328 0 2332 0 2333 0 2334 0 2334 700 2333 700 2335 700 2336 701 2337 701 2338 701 2338 0 2337 0 2339 0 2338 0 2339 0 2340 0 2340 0 2339 0 2341 0 2340 702 2341 702 2324 702 2324 703 2341 703 2342 703 2324 0 2342 0 2325 0 2336 704 2338 704 2343 704 2343 0 2338 0 2344 0 2343 0 2344 0 2345 0 2322 705 2346 705 2323 705 2323 706 2346 706 2347 706 2323 0 2347 0 2348 0 2332 707 2347 707 2349 707 2332 0 2349 0 2333 0 2329 708 2350 708 2330 708 2330 0 2350 0 2351 0 2330 709 2351 709 2352 709 2352 710 2351 710 2353 710 2352 711 2353 711 2321 711 2354 712 2355 712 2356 712 2356 0 2355 0 2334 0 2356 0 2334 0 2357 0 2357 0 2334 0 2335 0 2358 0 2359 0 2360 0 2360 713 2359 713 2361 713 2360 0 2361 0 2344 0 2344 714 2361 714 2362 714 2344 715 2362 715 2345 715 2363 716 2364 716 2365 716 2365 0 2364 0 2366 0 2365 717 2366 717 2358 717 2354 0 2367 0 2355 0 2355 0 2367 0 2368 0 2355 718 2368 718 2369 718 2368 719 2370 719 2369 719 2369 0 2370 0 2371 0 2369 720 2371 720 2363 720 2363 0 2371 0 2372 0 2363 721 2372 721 2364 721 2373 0 2374 0 2375 0 2376 0 2377 0 2378 0 2378 0 2379 0 2380 0 2378 0 2380 0 2381 0 2373 722 2375 722 2382 722 2375 723 2383 723 2382 723 2382 724 2383 724 2384 724 2382 0 2384 0 2380 0 2380 0 2384 0 2385 0 2380 725 2385 725 2381 725 2386 726 2387 726 2388 726 2389 727 2390 727 2391 727 2392 0 2393 0 2394 0 2394 0 2393 0 2395 0 2394 0 2395 0 2396 0 2396 728 2395 728 2397 728 2386 0 2388 0 2398 0 2399 0 2400 0 2401 0 2401 0 2400 0 2402 0 2401 0 2402 0 2403 0 2392 0 2404 0 2393 0 2393 0 2404 0 2405 0 2393 729 2405 729 2402 729 2402 0 2405 0 2406 0 2402 0 2406 0 2403 0 2397 730 2395 730 2407 730 2407 0 2395 0 2408 0 2407 0 2408 0 2409 0 2376 0 2410 0 2377 0 2377 0 2410 0 2411 0 2377 731 2412 731 2408 731 2408 0 2412 0 2413 0 2408 732 2413 732 2409 732 2388 0 2414 0 2398 0 2398 0 2414 0 2415 0 2398 0 2415 0 2373 0 2373 733 2415 733 2416 733 2373 0 2416 0 2374 0 2389 0 2391 0 2386 0 2386 734 2391 734 2417 734 2386 0 2417 0 2387 0 2399 0 2418 0 2400 0 2419 735 2418 735 2420 735 2419 736 2420 736 2389 736 2389 0 2420 0 2421 0 2389 737 2421 737 2390 737 2422 0 2423 0 2424 0 2425 0 2426 0 2427 0 2427 738 2428 738 2429 738 2427 0 2429 0 2430 0 2422 0 2424 0 2431 0 2432 739 2433 739 2434 739 2424 740 2435 740 2431 740 2431 0 2435 0 2436 0 2431 741 2436 741 2429 741 2429 0 2436 0 2437 0 2429 739 2437 739 2430 739 2432 0 2434 0 2438 0 2434 742 2439 742 2438 742 2438 0 2439 0 2440 0 2438 743 2440 743 2422 743 2422 744 2440 744 2441 744 2422 0 2441 0 2423 0 2442 0 2443 0 2444 0 2444 745 2443 745 2445 745 2444 746 2445 746 2432 746 2432 747 2445 747 2446 747 2432 0 2446 0 2433 0 2447 0 2448 0 2449 0 2449 748 2448 748 2450 748 2449 0 2450 0 2451 0 2452 749 2453 749 2454 749 2454 750 2453 750 2455 750 2454 0 2456 0 2450 0 2450 751 2456 751 2457 751 2450 0 2457 0 2451 0 2452 0 2454 0 2458 0 2458 752 2454 752 2459 752 2458 753 2459 753 2460 753 2425 0 2461 0 2426 0 2426 754 2461 754 2462 754 2426 0 2463 0 2459 0 2459 755 2463 755 2464 755 2459 0 2464 0 2460 0 2442 756 2444 756 2465 756 2465 0 2444 0 2466 0 2465 757 2466 757 2467 757 2447 0 2468 0 2448 0 2448 749 2468 749 2469 749 2448 758 2469 758 2470 758 2470 0 2469 0 2471 0 2466 759 2471 759 2467 759 2472 0 2473 0 2474 0 2474 0 2473 0 2475 0 2476 0 2477 0 2478 0 2479 0 2480 0 2481 0 2481 0 2480 0 2472 0 2481 0 2472 0 2482 0 2482 0 2472 0 2474 0 2475 0 2473 0 2483 0 2483 0 2473 0 2484 0 2483 0 2484 0 2478 0 2478 0 2484 0 2485 0 2478 0 2485 0 2476 0 2486 0 2487 0 2488 0 2489 0 2490 0 2491 0 2492 0 2493 0 2494 0 2494 0 2493 0 2486 0 2494 0 2486 0 2495 0 2495 0 2486 0 2488 0 2486 0 2496 0 2487 0 2487 0 2496 0 2497 0 2487 0 2497 0 2498 0 2498 0 2497 0 2489 0 2498 0 2489 0 2499 0 2499 0 2489 0 2491 0 2500 0 2501 0 2502 0 2503 0 2504 0 2505 0 2506 760 2507 760 2508 760 2509 0 2500 0 2510 0 2510 0 2500 0 2502 0 2510 0 2502 0 2511 0 2511 0 2502 0 2512 0 2508 0 2503 0 2506 0 2506 0 2503 0 2505 0 2506 0 2505 0 2501 0 2501 0 2505 0 2513 0 2501 0 2513 0 2502 0 2514 0 2515 0 2516 0 2516 0 2515 0 2517 0 2517 0 2515 0 2518 0 2518 0 2515 0 2519 0 2518 0 2519 0 2520 0 2521 0 2522 0 2523 0 2523 0 2522 0 2514 0 2523 0 2514 0 2524 0 2524 0 2514 0 2516 0 2520 0 2525 0 2518 0 2518 0 2525 0 2526 0 2518 761 2526 761 2527 761 2528 762 2529 762 2530 762 2531 763 2532 764 2533 765 2533 765 2532 764 2534 766 2534 766 2532 764 2535 767 2531 763 2533 765 2536 768 2536 768 2533 765 2537 769 2536 768 2537 769 2538 770 2538 770 2537 769 2539 771 2538 770 2539 771 2540 772 2539 771 2541 773 2540 772 2542 60 2543 60 2544 60 2545 774 2546 774 2547 774 2548 60 2549 60 2550 60 2550 775 2549 775 2551 775 2550 776 2551 776 2552 776 2552 777 2551 777 2553 777 2552 60 2553 60 2554 60 2554 778 2553 778 2555 778 2542 779 2544 780 2556 781 2557 782 2544 782 2558 782 2557 60 2558 60 2559 60 2560 60 2561 60 2562 60 2562 60 2561 60 2563 60 2562 60 2563 60 2564 60 2564 783 2563 783 2565 783 2564 60 2565 60 2566 60 2566 784 2565 784 2567 784 2566 60 2567 60 2545 60 2545 785 2567 785 2568 785 2545 786 2568 786 2546 786 2550 60 2569 60 2548 60 2548 787 2569 787 2570 787 2548 60 2570 60 2571 60 2571 788 2570 788 2572 788 2571 789 2572 789 2573 789 2573 60 2572 60 2545 60 2573 60 2545 60 2574 60 2574 60 2545 60 2547 60 2574 60 2547 60 2575 60 2575 60 2547 60 2543 60 2555 790 2557 790 2554 790 2554 791 2557 791 2559 791 2554 792 2559 792 2576 792 2576 793 2559 793 2577 793 2576 60 2577 60 2578 60 2578 794 2577 794 2579 794 2578 795 2579 795 2580 795 2580 796 2579 796 2560 796 2580 60 2560 60 2581 60 2581 797 2560 797 2562 797 2582 60 2583 60 2584 60 2584 60 2583 60 2585 60 2584 60 2585 60 2586 60 2586 60 2585 60 2587 60 2588 60 2589 60 2590 60 2590 60 2589 60 2591 60 2590 60 2591 60 2583 60 2583 60 2591 60 2592 60 2583 798 2592 798 2585 798 2593 4 2594 4 2595 4 2595 4 2594 4 2596 4 2597 799 2598 799 2599 799 2597 799 2599 799 2600 799 2601 800 2602 800 2603 800 2601 801 2603 801 2604 801 2605 802 2606 802 2607 802 2605 802 2607 802 2608 802 2609 803 2610 803 2611 803 2609 804 2611 804 2612 804 2613 805 2614 806 2615 807 2613 805 2615 807 2616 808 2616 808 2615 807 2617 809 2616 808 2617 809 2618 810 2619 2 2620 2 2621 2 2621 2 2620 2 2622 2 2623 811 2624 811 2625 811 2623 811 2625 811 2626 811 2627 812 2628 812 2629 812 2627 813 2629 813 2630 813 2631 814 2632 814 2633 814 2631 814 2633 814 2634 814 2635 815 2636 815 2637 815 2635 816 2637 816 2638 816 2639 817 2640 818 2641 819 2639 817 2641 819 2642 820 2642 820 2641 819 2643 821 2642 820 2643 821 2644 822 2645 4 2646 4 2647 4 2647 4 2646 4 2648 4 2649 823 2650 823 2651 823 2651 823 2650 823 2652 823 2653 824 2654 824 2655 824 2655 824 2654 824 2656 824 2657 825 2658 825 2659 825 2659 826 2658 826 2660 826 2660 2 2658 2 2661 2 2662 2 2661 2 2663 2 2664 2 2665 2 2666 2 2666 2 2665 2 2667 2 2666 2 2667 2 2668 2 2668 2 2667 2 2669 2 2668 2 2669 2 2670 2 2670 2 2669 2 2671 2 2670 2 2671 2 2672 2 2672 2 2671 2 2673 2 2672 2 2673 2 2674 2 2674 2 2673 2 2675 2 2674 2 2675 2 2676 2 2676 2 2675 2 2677 2 2676 827 2677 827 2678 827 2677 828 2679 828 2678 828 2678 2 2679 2 2680 2 2678 2 2680 2 2681 2 2681 2 2680 2 2682 2 2681 2 2682 2 2683 2 2683 829 2682 829 2684 829 2683 830 2684 830 2685 830 2685 831 2684 831 2686 831 2685 2 2686 2 2687 2 2687 832 2686 832 2688 832 2687 2 2688 2 2689 2 2689 833 2688 833 2690 833 2689 2 2690 2 2691 2 2692 834 2693 834 2694 834 2694 2 2693 2 2695 2 2694 835 2695 835 2696 835 2696 836 2695 836 2697 836 2696 837 2697 837 2698 837 2698 838 2697 838 2699 838 2698 2 2699 2 2700 2 2700 839 2699 839 2701 839 2700 840 2701 840 2702 840 2702 841 2701 841 2703 841 2702 842 2703 842 2664 842 2664 843 2703 843 2704 843 2664 2 2704 2 2665 2 2705 844 2706 844 2692 844 2692 2 2706 2 2707 2 2692 2 2707 2 2693 2 2708 2 2662 2 2709 2 2709 845 2662 845 2663 845 2709 2 2663 2 2710 2 2710 846 2663 846 2711 846 2710 2 2711 2 2712 2 2712 2 2711 2 2713 2 2712 2 2713 2 2714 2 2714 834 2713 834 2691 834 2714 2 2691 2 2715 2 2715 2 2691 2 2690 2 2657 2 2659 2 2716 2 2692 2 2659 2 2717 2 2692 847 2717 847 2705 847 2718 848 2719 848 2720 848 2720 849 2719 849 2721 849 2721 60 2719 60 2722 60 2722 60 2719 60 2723 60 2722 60 2723 60 2724 60 2718 60 2720 60 2725 60 2725 850 2720 850 2726 850 2725 60 2726 60 2727 60 2727 60 2726 60 2728 60 2727 60 2728 60 2729 60 2729 851 2728 851 2730 851 2729 852 2730 852 2731 852 2731 60 2730 60 2732 60 2731 60 2732 60 2733 60 2733 853 2732 853 2734 853 2733 60 2734 60 2735 60 2735 60 2734 60 2736 60 2735 60 2736 60 2737 60 2738 854 2739 855 2740 856 2740 856 2739 855 2741 857 2740 856 2741 857 2742 858 2742 858 2741 857 2743 859 2742 858 2743 859 2744 860 2745 861 2746 861 2747 861 2747 862 2746 862 2748 862 2749 863 2750 863 2751 863 2751 864 2750 864 2752 864 2753 2 2754 2 2755 2 2756 4 2757 4 2758 4 2759 4 2760 4 2761 4 2761 4 2760 4 2756 4 2761 865 2756 865 2762 865 2762 866 2756 866 2758 866 2763 867 2764 867 2765 867 2763 868 2765 868 2766 868 2767 869 2768 869 2769 869 2770 870 2771 871 2772 872 2772 872 2771 871 2773 873 2770 870 2772 872 2774 874 2774 874 2772 872 2775 875 2774 876 2776 877 2777 878 2777 878 2776 877 2778 879 2777 878 2778 879 2779 880 2780 881 2781 881 2782 881 2780 881 2782 881 2783 881 2784 882 2785 882 2786 882 2784 883 2786 883 2787 883 2788 884 2789 885 2790 886 2788 884 2791 887 2792 888 2788 884 2792 888 2789 885 2793 889 2794 889 2795 889 2795 890 2794 890 2796 890 2797 891 2798 891 2799 891 2799 892 2798 892 2800 892 2799 893 2800 893 2801 893 2801 894 2800 894 2802 894 2801 895 2802 895 2803 895 2804 896 2805 896 2806 896 2806 897 2805 897 2807 897 2808 898 2809 898 2810 898 2811 899 2812 899 2813 899 2813 900 2812 900 2808 900 2813 901 2808 901 2814 901 2814 902 2808 902 2810 902 2815 903 2816 903 2817 903 2817 904 2816 904 2818 904 2819 905 2820 905 2821 905 2821 906 2820 906 2822 906 2823 907 2824 907 2825 907 2826 908 2827 908 2828 908 2829 909 2830 909 2831 909 2831 4 2830 4 2832 4 2831 910 2832 910 2833 910 2833 4 2832 4 2834 4 2833 4 2834 4 2835 4 2835 4 2834 4 2836 4 2835 4 2836 4 2825 4 2825 4 2836 4 2837 4 2825 4 2837 4 2823 4 2828 4 2838 4 2826 4 2826 911 2838 911 2839 911 2826 4 2839 4 2840 4 2840 4 2839 4 2841 4 2840 4 2841 4 2842 4 2842 4 2841 4 2843 4 2842 4 2843 4 2844 4 2844 4 2843 4 2845 4 2844 912 2845 912 2846 912 2846 913 2845 913 2847 913 2846 4 2847 4 2848 4 2848 4 2847 4 2849 4 2848 914 2849 914 2850 914 2850 4 2849 4 2851 4 2850 4 2851 4 2852 4 2852 4 2851 4 2853 4 2852 4 2853 4 2854 4 2854 4 2853 4 2855 4 2854 4 2855 4 2856 4 2856 4 2855 4 2857 4 2856 915 2857 915 2858 915 2858 4 2857 4 2859 4 2858 4 2859 4 2860 4 2860 916 2859 916 2861 916 2860 4 2861 4 2862 4 2862 4 2861 4 2863 4 2862 4 2863 4 2864 4 2864 917 2863 917 2865 917 2864 918 2865 918 2866 918 2866 4 2865 4 2867 4 2866 4 2867 4 2868 4 2868 919 2867 919 2869 919 2868 920 2869 920 2870 920 2870 4 2869 4 2871 4 2870 921 2871 921 2872 921 2872 922 2871 922 2873 922 2872 4 2873 4 2874 4 2874 4 2873 4 2875 4 2874 4 2875 4 2876 4 2876 4 2875 4 2877 4 2876 923 2877 923 2878 923 2878 924 2877 924 2879 924 2878 4 2879 4 2880 4 2880 4 2879 4 2881 4 2880 4 2881 4 2882 4 2882 4 2881 4 2883 4 2882 4 2883 4 2884 4 2884 4 2883 4 2885 4 2884 4 2885 4 2829 4 2829 4 2885 4 2886 4 2829 913 2886 913 2830 913 2887 925 2888 925 2889 925 2890 2 2891 2 2892 2 2892 2 2891 2 2893 2 2892 2 2893 2 2894 2 2894 2 2893 2 2895 2 2894 2 2895 2 2896 2 2896 2 2895 2 2897 2 2896 2 2897 2 2898 2 2898 2 2897 2 2899 2 2898 2 2899 2 2900 2 2899 2 2901 2 2900 2 2900 2 2901 2 2902 2 2900 2 2902 2 2903 2 2903 2 2902 2 2904 2 2903 2 2904 2 2905 2 2905 2 2904 2 2906 2 2905 2 2906 2 2907 2 2907 2 2906 2 2908 2 2907 2 2908 2 2909 2 2909 2 2908 2 2910 2 2909 2 2910 2 2911 2 2911 2 2910 2 2912 2 2913 2 2914 2 2915 2 2915 2 2914 2 2916 2 2915 2 2916 2 2917 2 2918 2 2919 2 2920 2 2920 2 2921 2 2922 2 2920 2 2922 2 2923 2 2912 2 2919 2 2911 2 2911 2 2919 2 2918 2 2911 2 2918 2 2924 2 2924 2 2918 2 2914 2 2924 2 2914 2 2890 2 2890 2 2914 2 2913 2 2890 2 2913 2 2891 2 2925 2 2926 2 2927 2 2925 2 2927 2 2928 2 2929 2 2930 2 2931 2 2931 2 2930 2 2932 2 2931 2 2932 2 2933 2 2933 2 2932 2 2934 2 2933 2 2934 2 2935 2 2935 2 2934 2 2936 2 2935 2 2936 2 2937 2 2937 2 2936 2 2938 2 2937 2 2938 2 2939 926 2939 927 2938 928 2940 929 2941 2 2942 2 2943 2 2943 2 2944 2 2945 2 2943 2 2945 2 2946 2 2946 2 2945 2 2947 2 2946 2 2947 2 2948 2 2948 2 2947 2 2949 2 2948 2 2949 2 2950 2 2950 2 2949 2 2951 2 2950 2 2951 2 2952 2 2952 2 2951 2 2953 2 2952 2 2953 2 2929 2 2929 2 2953 2 2954 2 2929 2 2954 2 2930 2 2940 930 2955 931 2939 932 2939 933 2955 934 2956 935 2939 936 2956 937 2941 2 2927 2 2942 2 2957 2 2957 2 2942 2 2941 2 2957 2 2941 2 2958 2 2958 2 2941 2 2956 938 2958 2 2959 939 2960 940 2960 941 2959 942 2961 943 2960 944 2961 945 2962 944 2963 946 2964 946 2965 946 2966 947 2967 947 2968 947 2968 2 2967 2 2969 2 2968 2 2969 2 2970 2 2971 2 2972 2 2973 2 2974 2 2975 2 2976 2 2976 2 2975 2 2977 2 2976 2 2977 2 2973 2 2973 948 2977 948 2978 948 2973 2 2978 2 2971 2 2979 2 2980 2 2981 2 2981 2 2980 2 2982 2 2981 2 2982 2 2974 2 2974 2 2982 2 2983 2 2974 949 2983 949 2975 949 2984 2 2985 2 2986 2 2986 2 2985 2 2987 2 2986 2 2987 2 2988 2 2989 2 2990 2 2991 2 2991 2 2990 2 2992 2 2991 2 2992 2 2993 2 2984 2 2992 2 2994 2 2984 950 2994 950 2985 950 2995 951 2996 951 2997 951 2997 2 2996 2 2998 2 2997 2 2998 2 2999 2 3000 2 3001 2 2979 2 2979 952 3001 952 3002 952 2979 953 3002 953 2980 953 2969 2 3003 2 2970 2 2970 2 3003 2 3004 2 2970 954 3004 954 3005 954 3005 2 3004 2 3006 2 3005 2 3006 2 3007 2 2987 955 3008 955 3009 955 3009 2 3008 2 3010 2 3009 2 3010 2 3011 2 2966 2 3010 2 3012 2 2966 956 3012 956 2967 956 2971 957 3013 957 2972 957 2972 958 3013 958 3014 958 2972 959 3014 959 3015 959 3015 2 3014 2 3016 2 3015 960 3016 960 3017 960 2995 2 3016 2 3018 2 2995 2 3018 2 2996 2 3019 961 3020 961 3021 961 3021 2 3020 2 3022 2 3021 2 3022 2 3000 2 3000 962 3022 962 3023 962 3000 963 3023 963 3001 963 3006 964 3024 964 3007 964 3007 2 3024 2 3025 2 3007 2 3025 2 3026 2 3027 965 3028 965 3029 965 3029 2 3028 2 3030 2 3029 2 3030 2 3031 2 2998 966 3032 966 3033 966 3033 2 3032 2 3034 2 3033 2 3034 2 3035 2 3025 2 3036 2 3026 2 3026 967 3036 967 3037 967 3026 968 3037 968 3038 968 3038 2 3037 2 3039 2 3038 2 3039 2 3019 2 3019 950 3039 950 3040 950 3019 2 3040 2 3020 2 3030 969 3041 969 3042 969 3042 970 3041 970 3043 970 3042 2 3043 2 3044 2 2989 971 3043 971 3045 971 2989 2 3045 2 2990 2 3034 2 3046 2 3047 2 3047 948 3046 948 3048 948 3047 972 3048 972 3049 972 3049 2 3048 2 3050 2 3049 2 3050 2 3051 2 3027 949 3050 949 3052 949 3027 2 3052 2 3028 2 3053 973 3054 974 3055 975 3055 976 3054 977 3056 978 3055 979 3056 2 3057 2 3057 2 3056 980 3058 2 3059 2 3060 2 3061 2 3055 981 3062 982 3053 983 3053 984 3062 985 3063 985 3053 986 3063 987 3064 988 3064 989 3065 990 3066 990 3060 2 3059 2 3062 2 3062 2 3059 2 3067 2 3062 2 3067 2 3063 2 3068 991 3059 992 3069 993 3069 994 3059 995 3070 995 3056 2 3071 2 3058 2 3058 2 3071 2 3072 2 3058 2 3072 2 3073 2 3073 2 3072 2 3074 2 3073 2 3074 2 3075 2 3075 2 3074 2 3076 2 3075 2 3076 2 3077 2 3077 2 3076 2 3078 2 3077 2 3078 2 3079 2 3079 2 3078 2 3080 2 3079 2 3080 2 3081 2 3081 2 3080 2 3082 2 3081 2 3082 2 3083 2 3083 2 3082 2 3084 2 3083 2 3084 2 3061 2 3061 2 3084 2 3085 996 3061 2 3085 997 3059 2 3059 998 3085 999 3086 1000 3059 1001 3086 1002 3070 1003 3087 1004 3088 1004 3089 1004 3090 1005 3091 1006 3092 1007 3093 2 3094 2 3095 2 3095 2 3096 2 3097 2 3095 2 3097 2 3098 2 3097 2 3099 2 3098 2 3098 2 3099 2 3100 2 3098 2 3100 2 3101 2 3101 2 3100 2 3102 2 3101 2 3102 2 3103 2 3103 2 3102 2 3104 2 3103 2 3104 2 3105 2 3105 2 3104 2 3106 2 3105 2 3106 2 3107 2 3107 2 3106 2 3108 2 3107 2 3108 2 3109 2 3109 2 3108 2 3110 2 3109 2 3110 2 3111 2 3112 2 3113 2 3114 2 3090 1008 3092 1009 3115 1010 3110 2 3116 2 3111 2 3111 2 3116 2 3117 2 3111 2 3117 2 3118 2 3118 2 3117 2 3119 2 3118 2 3119 2 3120 1011 3120 1012 3119 1013 3121 1014 3120 1012 3121 1014 3122 1015 3122 1015 3115 1016 3120 1012 3120 1017 3115 1018 3092 2 3120 1019 3092 2 3123 2 3123 2 3092 2 3124 2 3123 2 3124 2 3093 2 3093 2 3124 2 3112 2 3093 2 3112 2 3094 2 3094 2 3112 2 3114 2 3125 1020 3126 1021 3127 1022 3128 1023 3129 1024 3130 1025 3131 1026 3132 1027 3133 1028 3131 1026 3133 1028 3134 1029 3134 1029 3133 1028 3135 1030 3135 1030 3133 1028 3136 1031 3135 1030 3136 1031 3137 1032 3137 1032 3136 1031 3138 1033 3138 1033 3136 1031 3139 1034 3138 1033 3139 1034 3140 1035 3140 1035 3139 1034 3141 1036 3140 1035 3141 1036 3142 1037 3142 1037 3141 1036 3143 1038 3142 1037 3143 1038 3144 1039 3145 1040 3146 1040 3147 1040 3148 1041 3149 1041 3150 1041 3151 1042 3152 1042 3153 1042 3154 1043 3155 1043 3156 1043 3157 1044 3158 1044 3159 1044 3160 1045 3161 1045 3162 1045 3163 1046 3164 1046 3165 1046 3166 1047 3167 1047 3168 1047 3169 1048 3170 1048 3171 1048 3172 1049 3173 1050 3174 1051 3174 1051 3173 1050 3175 1052 3176 1053 3177 1054 3178 1055 3176 1053 3178 1055 3179 1056 3180 1057 3181 1057 3182 1057 3183 1058 3184 1058 3185 1058 3186 1059 3187 1059 3188 1059 3189 1060 3190 1060 3191 1060 3192 1061 3193 1061 3194 1061 3195 1062 3196 1062 3197 1062 3198 1063 3199 1063 3200 1063 3201 1064 3202 1064 3203 1064 3204 1065 3205 1065 3206 1065 3207 1066 3208 1067 3209 1068 3209 1068 3208 1067 3210 1069 3211 1070 3212 1070 3213 1070 3214 1071 3215 1072 3216 1073 3216 1073 3215 1072 3217 1074 3218 1075 3219 1075 3220 1075 3221 1076 3222 1076 3223 1076 3224 1077 3225 1077 3226 1077 3227 1078 3228 1079 3229 1080 3229 1080 3228 1079 3230 1081 3231 1082 3232 1082 3233 1082 3233 1083 3232 1083 3234 1083 3235 1084 3236 1084 3237 1084 3237 1085 3236 1085 3238 1085 3239 1086 3240 1086 3241 1086 3241 1086 3240 1086 3242 1086 3243 1087 3244 1087 3245 1087 3245 1087 3244 1087 3246 1087 3247 1088 3248 1088 3249 1088 3249 1089 3248 1089 3250 1089 3251 1090 3252 1090 3253 1090 3253 1091 3252 1091 3254 1091 3255 1092 3256 1092 3257 1092 3257 1093 3256 1093 3258 1093 3259 1094 3260 1094 3261 1094 3261 1095 3260 1095 3262 1095 3263 1096 3264 1096 3265 1096 3265 1096 3264 1096 3266 1096 3267 1097 3268 1097 3269 1097 3269 1097 3268 1097 3270 1097 3271 1098 3272 1098 3273 1098 3273 1099 3272 1099 3274 1099 3275 1100 3276 1100 3277 1100 3277 1101 3276 1101 3278 1101 3279 1092 3280 1092 3281 1092 3281 1092 3280 1092 3282 1092 3283 1102 3284 1102 3285 1102 3285 1103 3284 1103 3286 1103 3287 1104 3288 1104 3289 1104 3289 1105 3288 1105 3290 1105 3291 1106 3292 1106 3293 1106 3293 1107 3292 1107 3294 1107 3295 1108 3296 1108 3297 1108 3297 1109 3296 1109 3298 1109 3299 1110 3300 1110 3301 1110 3301 1111 3300 1111 3302 1111 3303 1092 3304 1092 3305 1092 3305 1092 3304 1092 3306 1092 3307 1112 3308 1112 3309 1112 3309 1113 3308 1113 3310 1113 3311 1114 3312 1114 3313 1114 3313 1115 3312 1115 3314 1115 3315 1116 3316 1116 3317 1116 3317 1117 3316 1117 3318 1117 3319 1118 3320 1118 3321 1118 3321 1119 3320 1119 3322 1119 3323 1110 3324 1110 3325 1110 3325 1111 3324 1111 3326 1111 3327 1120 3328 1120 3329 1120 3329 1121 3328 1121 3330 1121 3331 1122 3332 1122 3333 1122 3333 1123 3332 1123 3334 1123 3335 1124 3336 1124 3337 1124 3337 1125 3336 1125 3338 1125 3339 1126 3340 1126 3341 1126 3341 1127 3340 1127 3342 1127 3343 1128 3344 1128 3345 1128 3345 1129 3344 1129 3346 1129 3347 1130 3348 1130 3349 1130 3349 1130 3348 1130 3350 1130 3351 1120 3352 1120 3353 1120 3353 1121 3352 1121 3354 1121 3355 1131 3356 1131 3357 1131 3357 1132 3356 1132 3358 1132 3359 1133 3360 1133 3361 1133 3361 1134 3360 1134 3362 1134 3363 1135 3364 1135 3365 1135 3365 1136 3364 1136 3366 1136 3367 1137 3368 1137 3369 1137 3369 1138 3368 1138 3370 1138 3371 1130 3372 1130 3373 1130 3373 1130 3372 1130 3374 1130 3375 1139 3376 1139 3377 1139 3377 1140 3376 1140 3378 1140 3379 1141 3380 1141 3381 1141 3381 1142 3380 1142 3382 1142 3383 1143 3384 1143 3385 1143 3385 1143 3384 1143 3386 1143 3387 1144 3388 1144 3389 1144 3389 1144 3388 1144 3390 1144 3391 1145 3392 1145 3393 1145 3393 1146 3392 1146 3394 1146 3395 1147 3396 1147 3397 1147 3397 1148 3396 1148 3398 1148 3399 1149 3400 1149 3401 1149 3401 1150 3400 1150 3402 1150 3403 1151 3404 1151 3405 1151 3405 1152 3404 1152 3406 1152 3407 1153 3408 1153 3409 1153 3409 1153 3408 1153 3410 1153 3411 1154 3412 1154 3413 1154 3413 1154 3412 1154 3414 1154 3415 1155 3416 1155 3417 1155 3417 1156 3416 1156 3418 1156 3419 1157 3420 1157 3421 1157 3421 1130 3420 1130 3422 1130 3423 1158 3424 1159 3425 1160 3425 1160 3424 1159 3426 1161 3427 1162 3428 1163 3423 1158 3423 1158 3428 1163 3429 1164 3423 1158 3429 1164 3424 1159 3430 1165 3431 1166 3432 1167 3428 1163 3427 1162 3433 1168 3433 1168 3427 1162 3430 1165 3433 1168 3430 1165 3434 1169 3434 1169 3430 1165 3432 1167 3435 1170 3436 1171 3437 1172 3437 1172 3436 1171 3438 1173 3437 1172 3438 1173 3431 1166 3431 1166 3438 1173 3439 1174 3431 1166 3439 1174 3432 1167 3440 1175 3441 1176 3442 1177 3440 1175 3442 1177 3437 1172 3437 1172 3442 1177 3443 1178 3437 1172 3443 1178 3435 1170 3441 1176 3440 1175 3444 1179 3444 1179 3440 1175 3445 1180 3444 1179 3445 1180 3446 1181 3446 1181 3445 1180 3447 1182 3447 1182 3445 1180 3448 1183 3447 1182 3448 1183 3449 1184 3450 1185 3451 1186 3452 1187 3453 1188 3454 1189 3455 1190 3453 1188 3455 1190 3452 1187 3452 1187 3455 1190 3456 1191 3452 1187 3456 1191 3450 1185 3457 1192 3458 1193 3451 1186 3457 1192 3451 1186 3450 1185 3459 1194 3460 1195 3461 1196 3461 1196 3460 1195 3462 1197 3461 1196 3462 1197 3463 1198 3463 1198 3462 1197 3464 1199 3463 1198 3464 1199 3465 1200 3466 1201 3467 1202 3468 1203 3468 1203 3467 1202 3463 1198 3468 1203 3463 1198 3469 1204 3469 1204 3463 1198 3465 1200 3466 1201 3470 1205 3467 1202 3467 1202 3470 1205 3471 1206 3467 1202 3471 1206 3472 1207 3471 1206 3473 1208 3472 1207 3472 1207 3473 1208 3474 1209 3472 1207 3474 1209 3475 1210 3474 1209 3476 1211 3475 1210 3475 1210 3476 1211 3477 1212 3475 1210 3477 1212 3478 1213 3478 1213 3477 1212 3479 1214 3478 1213 3479 1214 3480 1215 3481 1216 3482 1217 3483 1218 3483 1218 3482 1217 3478 1213 3483 1218 3478 1213 3484 1219 3484 1219 3478 1213 3480 1215 3481 1216 3485 1220 3482 1217 3482 1217 3485 1220 3486 1221 3485 1220 3487 1222 3486 1221 3486 1221 3487 1222 3488 1223 3486 1221 3488 1223 3489 1224 3488 1223 3490 1225 3489 1224 3489 1224 3490 1225 3491 1226 3489 1224 3491 1226 3492 1227 3491 1226 3493 1228 3492 1227 3492 1227 3493 1228 3494 1229 3492 1227 3494 1229 3495 1230 3495 1230 3494 1229 3496 1231 3495 1230 3496 1231 3497 1232 3497 1232 3498 1233 3495 1230 3495 1230 3498 1233 3499 1234 3495 1230 3499 1234 3500 1235 3499 1234 3501 1236 3500 1235 3500 1235 3501 1236 3459 1194 3500 1235 3459 1194 3461 1196 3502 1237 3503 1237 3504 1237 3502 1238 3504 1238 3505 1238 3506 1239 3507 1239 3508 1239 3506 1240 3508 1240 3509 1240 3510 1241 3511 1241 3512 1241 3510 1242 3512 1242 3513 1242 3514 1243 3515 1243 3516 1243 3514 1244 3516 1244 3517 1244 3518 1245 3519 1245 3520 1245 3518 1245 3520 1245 3521 1245 3522 1246 3523 1246 3524 1246 3522 1247 3524 1247 3525 1247 3526 1248 3527 1248 3528 1248 3526 1249 3528 1249 3529 1249 3530 1250 3531 1250 3532 1250 3530 1251 3532 1251 3533 1251 3534 1252 3535 1252 3536 1252 3534 1253 3536 1253 3537 1253 3538 1254 3539 1254 3540 1254 3538 1255 3540 1255 3541 1255 3542 1256 3543 1256 3544 1256 3542 1257 3544 1257 3545 1257 3546 1258 3547 1258 3548 1258 3546 1259 3548 1259 3549 1259 3550 1260 3551 1260 3552 1260 3552 1261 3551 1261 3553 1261 3554 1262 3555 1262 3556 1262 3556 1263 3555 1263 3557 1263 3558 1264 3559 1264 3560 1264 3561 1265 3562 1265 3563 1265 3563 1266 3562 1266 3564 1266 3565 1267 3566 1267 3567 1267 3567 1268 3566 1268 3568 1268 3569 2 3570 2 3571 1269 3571 1269 3570 2 3572 1270 3571 1269 3572 1270 3573 1271 3573 1271 3572 1270 3574 1272 3573 1271 3574 1272 3575 1273 3574 1272 3576 1274 3575 1273 3577 1275 3578 1275 3579 1275 3580 1276 3581 1276 3582 1276 3582 1277 3583 1277 3580 1277 3584 1278 3585 1278 3586 1278 3586 1279 3585 1279 3587 1279 3588 1280 3589 1280 3590 1280 3590 1281 3589 1281 3591 1281 3592 1282 3593 1282 3594 1282 3594 1283 3593 1283 3595 1283 3596 1284 3597 1284 3598 1284 3598 1285 3597 1285 3599 1285 3602 1287 3601 1287 3603 1287 3604 1288 3605 1288 3606 1288 3606 1289 3605 1289 3607 1289 3608 1290 3609 1290 3610 1290 3610 1291 3609 1291 3611 1291 3612 1292 3613 1292 3614 1292 3614 1293 3613 1293 3615 1293 3616 1294 3617 1294 3618 1294 3618 1295 3617 1295 3619 1295 3620 1296 3621 1296 3622 1296 3622 1297 3621 1297 3623 1297 3624 302 3625 302 3626 302 3626 1298 3625 1298 3627 1298 3628 1299 3629 1299 3630 1299 3630 1299 3629 1299 3631 1299 3632 1300 3633 1301 3634 1302 3634 1302 3635 1303 3632 1300 3632 1300 3635 1303 3636 1304 3632 1300 3636 1304 3637 1305 3637 1305 3636 1304 3638 1306 3637 1305 3638 1306 3639 1307 3639 1307 3638 1306 3640 1308 3639 1307 3640 1308 3641 1309 3641 1309 3640 1308 3642 1310 3641 1309 3642 1310 3643 1311 3643 1311 3642 1310 3644 1312 3643 1311 3644 1312 3645 1313 3645 1313 3644 1312 3646 1314 3645 1313 3646 1314 3647 1315 3647 1315 3646 1314 3648 1316 3647 1315 3648 1316 3649 1317 3649 1317 3648 1316 3650 1318 3650 1318 3648 1316 3651 1319 3650 1318 3651 1319 3652 1320 3652 1320 3651 1319 3653 1321 3652 1320 3653 1321 3654 1322 3654 1322 3653 1321 3655 1323 3654 1322 3655 1323 3656 1324 3656 1324 3655 1323 3657 1325 3656 1324 3657 1325 3658 1326 3658 1326 3657 1325 3659 1327 3659 1327 3657 1325 3660 1328 3659 1327 3660 1328 3661 1329 3661 1329 3660 1328 3662 1330 3661 1329 3662 1330 3663 1331 3663 1331 3662 1330 3664 1332 3664 1332 3662 1330 3665 1333 3664 1332 3665 1333 3666 1334 3666 1334 3665 1333 3667 1335 3666 1334 3667 1335 3668 1336 3668 1336 3667 1335 3669 1337 3669 1337 3667 1335 3670 1338 3669 1337 3670 1338 3671 1339 3671 1339 3670 1338 3672 1340 3671 1339 3672 1340 3673 1341 3674 1342 3675 1343 3676 1344 3676 1344 3675 1343 3677 1345 3676 1344 3677 1345 3678 1346 3678 1346 3677 1345 3679 1347 3678 1346 3679 1347 3680 1348 3680 1348 3679 1347 3673 1341 3680 1348 3673 1341 3672 1340 3681 1349 3682 1350 3674 1342 3674 1342 3682 1350 3683 1351 3674 1342 3683 1351 3675 1343 3684 1352 3685 1353 3681 1349 3681 1349 3685 1353 3686 1354 3681 1349 3686 1354 3682 1350 3687 1355 3688 1356 3689 1357 3689 1357 3688 1356 3684 1352 3689 1357 3684 1352 3690 1358 3690 1358 3684 1352 3681 1349 3691 1359 3692 1360 3693 1361 3693 1361 3692 1360 3694 1362 3693 1361 3694 1362 3695 1363 3695 1363 3694 1362 3696 1364 3695 1363 3696 1364 3697 1365 3697 1365 3696 1364 3698 1366 3697 1365 3698 1366 3687 1355 3687 1355 3698 1366 3699 1367 3687 1355 3699 1367 3688 1356 3700 1368 3701 1369 3702 1370 3702 1370 3701 1369 3703 1371 3702 1370 3703 1371 3704 1372 3704 1372 3703 1371 3705 1373 3704 1372 3705 1373 3691 1359 3691 1359 3705 1373 3706 1374 3691 1359 3706 1374 3692 1360 3707 1375 3708 1376 3700 1368 3700 1368 3708 1376 3709 1377 3700 1368 3709 1377 3701 1369 3700 1368 3710 1378 3707 1375 3707 1375 3710 1378 3711 1379 3707 1375 3711 1379 3712 1380 3712 1380 3711 1379 3634 1302 3712 1380 3634 1302 3633 1301 3713 1381 3714 1382 3715 1383 3716 1384 3717 1385 3718 1386 3716 1384 3718 1386 3719 1387 3719 1387 3718 1386 3720 1388 3719 1387 3720 1388 3721 1389 3721 1389 3720 1388 3722 1390 3721 1389 3722 1390 3723 1391 3723 1391 3722 1390 3724 1392 3723 1391 3724 1392 3725 1393 3725 1393 3724 1392 3726 1394 3725 1393 3726 1394 3727 1395 3727 1395 3726 1394 3728 1396 3727 1395 3728 1396 3729 1397 3729 1397 3728 1396 3730 1398 3729 1397 3730 1398 3731 1399 3731 1399 3730 1398 3732 1400 3731 1399 3732 1400 3733 1401 3733 1401 3732 1400 3734 1402 3733 1401 3734 1402 3735 1403 3735 1403 3734 1402 3736 1404 3735 1403 3736 1404 3737 1405 3737 1405 3736 1404 3738 1406 3737 1405 3738 1406 3739 1407 3739 1407 3738 1406 3740 1408 3739 1407 3740 1408 3741 1409 3741 1409 3740 1408 3742 1410 3741 1409 3742 1410 3743 1411 3743 1411 3742 1410 3744 1412 3743 1411 3744 1412 3745 1413 3745 1413 3744 1412 3746 1414 3745 1413 3746 1414 3715 1383 3715 1383 3746 1414 3747 1415 3715 1383 3747 1415 3713 1381 3714 1382 3713 1381 3748 1416 3748 1416 3713 1381 3749 1417 3748 1416 3749 1417 3750 1418 3750 1418 3749 1417 3751 1419 3750 1418 3751 1419 3752 1420 3752 1420 3751 1419 3753 1421 3752 1420 3753 1421 3754 1422 3754 1422 3753 1421 3755 1423 3754 1422 3755 1423 3756 1424 3756 1424 3755 1423 3757 1425 3757 1425 3755 1423 3758 1426 3757 1425 3758 1426 3759 1427 3759 1427 3758 1426 3760 1428 3759 1427 3760 1428 3761 1429 3761 1429 3760 1428 3762 1430 3761 1429 3762 1430 3763 1431 3763 1431 3762 1430 3764 1432 3763 1431 3764 1432 3765 1433 3765 1433 3764 1432 3766 1434 3765 1433 3766 1434 3767 1435 3767 1435 3766 1434 3768 1436 3767 1435 3768 1436 3769 1437 3769 1437 3768 1436 3770 1438 3769 1437 3770 1438 3771 1439 3771 1439 3770 1438 3772 1440 3771 1439 3772 1440 3773 1441 3773 1441 3772 1440 3774 1442 3774 1442 3772 1440 3775 1443 3774 1442 3775 1443 3776 1444 3776 1444 3775 1443 3777 1445 3776 1444 3777 1445 3778 1446 3778 1446 3777 1445 3717 1385 3778 1446 3717 1385 3716 1384 3779 1447 3780 1448 3781 1449 3782 1450 3783 1451 3784 1452 3782 1450 3784 1452 3785 1453 3785 1453 3784 1452 3786 1454 3785 1453 3786 1454 3787 1455 3787 1455 3786 1454 3788 1456 3787 1455 3788 1456 3789 1457 3790 1458 3791 1459 3792 1460 3790 1458 3792 1460 3793 1461 3793 1461 3792 1460 3794 1462 3793 1461 3794 1462 3795 1463 3795 1463 3794 1462 3796 1464 3795 1463 3796 1464 3797 1465 3797 1465 3796 1464 3798 1466 3797 1465 3798 1466 3799 1467 3799 1467 3798 1466 3800 1468 3799 1467 3800 1468 3801 1469 3801 1469 3800 1468 3802 1470 3801 1469 3802 1470 3803 1471 3803 1471 3802 1470 3804 1472 3803 1471 3804 1472 3805 1473 3805 1473 3804 1472 3806 1474 3805 1473 3806 1474 3807 1475 3807 1475 3806 1474 3808 1476 3807 1475 3808 1476 3809 1477 3809 1477 3808 1476 3810 1478 3809 1477 3810 1478 3811 1479 3811 1479 3810 1478 3812 1480 3811 1479 3812 1480 3813 1481 3813 1481 3812 1480 3814 1482 3813 1481 3814 1482 3781 1449 3781 1449 3814 1482 3815 1483 3781 1449 3815 1483 3779 1447 3780 1448 3779 1447 3816 1484 3816 1484 3779 1447 3817 1485 3816 1484 3817 1485 3818 1486 3818 1486 3817 1485 3819 1487 3818 1486 3819 1487 3820 1488 3820 1488 3819 1487 3821 1489 3820 1488 3821 1489 3822 1490 3822 1490 3821 1489 3823 1491 3822 1490 3823 1491 3824 1492 3824 1492 3823 1491 3825 1493 3825 1493 3823 1491 3826 1494 3825 1493 3826 1494 3827 1495 3827 1495 3826 1494 3828 1496 3827 1495 3828 1496 3829 1497 3829 1497 3828 1496 3830 1498 3829 1497 3830 1498 3831 1499 3831 1499 3830 1498 3832 1500 3831 1499 3832 1500 3833 1501 3833 1501 3832 1500 3834 1502 3833 1501 3834 1502 3835 1503 3835 1503 3834 1502 3836 1504 3835 1503 3836 1504 3837 1505 3837 1505 3836 1504 3838 1506 3837 1505 3838 1506 3839 1507 3839 1507 3838 1506 3840 1508 3839 1507 3840 1508 3841 1509 3841 1509 3840 1508 3842 1510 3842 1510 3840 1508 3843 1511 3842 1510 3843 1511 3844 1512 3844 1512 3843 1511 3845 1513 3844 1512 3845 1513 3846 1514 3846 1514 3845 1513 3783 1451 3846 1514 3783 1451 3782 1450 3847 1515 3848 1515 3849 1515 3850 1516 3851 1517 3852 1 3853 1518 3854 1519 3855 4 3856 1520 3857 1521 3858 1522 3858 1522 3857 1521 3859 1523 3858 1522 3859 1523 3860 1524 3856 1520 3861 1525 3857 1521 3857 1521 3861 1525 3862 1526 3857 1521 3862 1526 3853 1518 3853 1518 3862 1526 3863 1527 3853 1518 3863 1527 3854 1519 3860 1524 3859 1523 3864 1528 3864 1528 3859 1523 3850 1516 3864 1528 3850 1516 3852 1 3865 1529 3866 1530 3867 1531 3867 1531 3866 1530 3868 1532 3869 1533 3870 1534 3871 1535 3871 1535 3870 1534 3872 1536 3871 1535 3872 1536 3865 1529 3865 1529 3872 1536 3873 1537 3865 1529 3873 1537 3866 1530 3874 1538 3875 1539 3876 1540 3874 1538 3876 1540 3871 1535 3871 1535 3876 1540 3877 1541 3871 1535 3877 1541 3869 1533 3878 1542 3879 1543 3880 1544 3880 1544 3879 1543 3881 2 3878 1542 3880 1544 3882 1545 3882 1545 3880 1544 3883 1546 3882 1545 3883 1546 3884 1547 3884 1547 3883 1546 3885 1548 3884 1547 3885 1548 3886 1549 3886 1549 3885 1548 3887 1550 3887 1550 3885 1548 3888 1551 3887 1550 3888 1551 3889 1552 3888 1551 3890 1553 3889 1552 3891 1554 3892 1555 3893 1556 3894 1557 3895 1558 3896 1559 3896 1559 3895 1558 3897 1560 3896 1559 3897 1560 3898 1 3899 1561 3900 1562 3901 1563 3901 1563 3900 1562 3902 1564 3901 1563 3902 1564 3894 1557 3894 1557 3902 1564 3903 1565 3894 1557 3903 1565 3895 1558 3893 1556 3892 1555 3904 1566 3892 1555 3905 1567 3904 1566 3906 1568 3907 1569 3908 1570 3906 1568 3908 1570 3901 1563 3901 1563 3908 1570 3909 1571 3901 1563 3909 1571 3899 1561 3891 1554 3893 1556 3910 1572 3910 1572 3893 1556 3911 1573 3910 1572 3911 1573 3912 1574 3912 1574 3911 1573 3913 1575 3912 1574 3913 1575 3914 1576 3914 1576 3913 1575 3915 1577 3915 1577 3913 1575 3916 1578 3915 1577 3916 1578 3917 1579 3918 1580 3919 1581 3920 1582 3921 1583 3922 1584 3923 1585 3923 1585 3922 1584 3916 1578 3916 1578 3922 1584 3924 1586 3916 1578 3924 1586 3917 1579 3921 1583 3923 1585 3925 1587 3925 1587 3923 1585 3926 1588 3925 1587 3926 1588 3927 1589 3927 1589 3926 1588 3928 1590 3927 1591 3929 1592 3930 1593 3930 1593 3929 1592 3931 1594 3931 1594 3929 1592 3932 1595 3931 1594 3932 1595 3933 1596 3920 1582 3919 1581 3932 1595 3932 1595 3919 1581 3934 1597 3932 1595 3934 1597 3933 1596 3935 1598 3936 1599 3937 1600 3935 1598 3937 1600 3920 1582 3920 1582 3937 1600 3938 1601 3920 1582 3938 1601 3918 1580 3936 1599 3935 1598 3939 1602 3939 1602 3935 1598 3896 1559 3939 1602 3896 1559 3898 1 3940 1603 3941 1604 3942 1605 3943 1606 3941 1607 3944 1608 3943 1606 3944 1608 3945 1609 3946 1610 3947 1611 3948 1612 3948 1612 3947 1611 3949 1613 3948 1612 3949 1613 3950 1614 3950 1614 3949 1613 3951 1615 3950 1614 3951 1615 3952 1616 3952 1616 3951 1615 3953 1617 3952 1616 3953 1617 3954 1618 3954 1618 3953 1617 3955 1619 3954 1618 3955 1619 3945 1609 3945 1609 3955 1619 3956 1620 3945 1609 3956 1620 3943 1606 3941 1604 3940 1603 3957 1621 3947 1611 3946 1610 3958 1622 3958 1622 3946 1610 3959 1623 3958 1622 3959 1623 3960 1624 3960 1624 3959 1623 3961 1625 3960 1624 3961 1625 3962 1626 3962 1626 3961 1625 3963 1627 3962 1626 3963 1627 3964 1628 3964 1628 3963 1627 3965 1629 3964 1628 3965 1629 3966 1630 3966 1630 3965 1629 3967 1631 3966 1630 3967 1631 3957 1621 3957 1621 3967 1631 3968 1632 3957 1621 3968 1632 3941 1604 3969 1633 3970 1634 3971 1635 3971 1635 3970 1634 3972 1636 3971 1635 3972 1636 3973 1637 3974 1638 3975 1639 3976 1640 3976 1640 3975 1639 3977 1641 3976 1642 3978 1643 3979 1644 3979 1644 3978 1643 3980 1645 3979 1644 3980 1645 3981 1646 3981 1646 3980 1645 3982 1647 3981 1646 3982 1647 3983 1648 3983 1648 3982 1647 3984 1649 3983 1648 3984 1649 3973 1637 3973 1637 3984 1649 3985 1650 3973 1637 3985 1650 3971 1635 3986 1651 3969 1652 3987 1653 3975 1639 3974 1638 3988 1654 3988 1654 3974 1638 3989 1655 3988 1654 3989 1655 3990 1656 3990 1656 3989 1655 3991 1657 3990 1656 3991 1657 3992 1658 3992 1658 3991 1657 3993 1659 3992 1658 3993 1659 3994 1660 3995 1661 3993 1662 3996 1663 3995 1661 3996 1663 3997 1664 3997 1664 3996 1663 3998 1665 3997 1664 3998 1665 3987 1653 3987 1653 3998 1665 3999 1666 3987 1653 3999 1666 3986 1651 4000 1667 4001 1668 4002 1669 4003 1670 4004 1671 4005 1672 4005 1672 4004 1671 4006 1673 4005 1672 4006 1673 4007 1674 4007 1674 4006 1673 4008 1675 4007 1674 4008 1675 4009 1676 4009 1676 4008 1675 4010 1677 4009 1676 4010 1677 4011 1678 4011 1678 4010 1677 4012 1679 4011 1678 4012 1679 4013 1680 4013 1680 4012 1679 4014 1681 4013 1680 4014 1681 4002 1669 4002 1669 4014 1681 4015 1682 4002 1669 4015 1682 4000 1667 4016 1683 4017 1684 4018 1685 4018 1685 4017 1684 4019 1686 4018 1685 4019 1686 4000 1687 4004 1671 4003 1670 4020 1688 4020 1688 4003 1670 4021 1689 4020 1688 4021 1689 4022 1690 4022 1690 4021 1689 4023 1691 4022 1690 4023 1691 4024 1692 4024 1692 4023 1691 4025 1693 4024 1692 4025 1693 4026 1694 4026 1694 4025 1693 4027 1695 4026 1694 4027 1695 4016 1683 4016 1683 4027 1695 4028 1696 4016 1683 4028 1696 4017 1684 4029 1697 4030 1698 4031 1699 4032 1700 4033 1701 4034 1702 4034 1702 4033 1701 4035 1703 4034 1702 4035 1703 4036 1704 4036 1704 4035 1703 4037 1705 4036 1704 4037 1705 4038 1706 4038 1706 4037 1705 4039 1707 4038 1706 4039 1707 4040 1708 4040 1708 4039 1707 4041 1709 4040 1708 4041 1709 4042 1710 4042 1710 4041 1709 4043 1711 4042 1710 4043 1711 4031 1699 4031 1699 4043 1711 4044 1712 4031 1699 4044 1712 4029 1697 4045 1713 4046 1714 4047 1715 4047 1715 4046 1714 4030 1698 4047 1715 4030 1698 4029 1697 4033 1701 4032 1700 4048 1716 4048 1716 4032 1700 4049 1717 4048 1716 4049 1717 4050 1718 4050 1718 4049 1717 4051 1719 4050 1718 4051 1719 4052 1720 4052 1720 4051 1719 4053 1721 4052 1720 4053 1721 4054 1722 4054 1722 4053 1721 4055 1723 4054 1722 4055 1723 4045 1724 4045 1724 4055 1723 4056 1725 4045 1724 4056 1725 4057 1726 4058 1727 4059 1727 4060 1727 4060 1728 4059 1728 4061 1728 4062 1729 4063 1729 4064 1729 4064 1729 4063 1729 4065 1729 4066 1730 4067 1730 4068 1730 4068 1731 4067 1731 4069 1731 4070 1732 4071 1732 4072 1732 4072 1732 4071 1732 4073 1732 4074 1733 4075 1733 4076 1733 4076 1734 4075 1734 4077 1734 4078 1735 4079 1735 4080 1735 4080 1735 4079 1735 4081 1735 4082 1736 4083 1736 4084 1736 4084 302 4083 302 4085 302 4086 1737 4087 1737 4088 1737 4088 1738 4087 1738 4089 1738 4090 1739 4091 1740 4092 1741 4093 1742 4094 1743 4095 1744 4095 1744 4094 1743 4092 1741 4095 1744 4092 1741 4096 1745 4096 1745 4092 1741 4091 1740 4097 1746 4098 1746 4099 1746 4099 1747 4098 1747 4100 1747 4101 1748 4102 1748 4103 1748 4103 1749 4102 1749 4104 1749 4105 1750 4106 1751 4107 1752 4105 1750 4107 1752 4108 1753 4108 1753 4107 1752 4109 1754 4108 1753 4109 1754 4110 1755 4110 1755 4109 1754 4111 1756 4110 1755 4111 1756 4112 1757 4112 1757 4111 1756 4113 1758 4112 1757 4113 1758 4114 1759 4114 1759 4113 1758 4115 1760 4114 1759 4115 1760 4116 1761 4116 1761 4115 1760 4117 1762 4116 1761 4117 1762 4118 1763 4118 1763 4117 1762 4119 1764 4118 1763 4119 1764 4120 1765 4120 1765 4119 1764 4121 1766 4120 1765 4121 1766 4122 1767 4122 1767 4121 1766 4123 1768 4122 1767 4123 1768 4124 1769 4124 1769 4123 1768 4125 1770 4124 1769 4125 1770 4126 1771 4126 1771 4125 1770 4127 1772 4126 1771 4127 1772 4128 1773 4128 1773 4127 1772 4129 1774 4128 1773 4129 1774 4130 1775 4130 1775 4129 1774 4131 1776 4130 1775 4131 1776 4132 1777 4132 1777 4131 1776 4133 1778 4132 1777 4133 1778 4134 1779 4134 1779 4133 1778 4135 1780 4134 1779 4135 1780 4136 1781 4137 1782 4138 1783 4139 1784 4137 1782 4139 1784 4140 1785 4140 1785 4139 1784 4141 1786 4140 1785 4141 1786 4142 1787 4142 1787 4141 1786 4143 1788 4142 1787 4143 1788 4144 1789 4144 1789 4143 1788 4145 1790 4144 1789 4145 1790 4146 1791 4146 1791 4145 1790 4147 1792 4146 1791 4147 1792 4148 1793 4148 1793 4147 1792 4149 1794 4148 1793 4149 1794 4150 1795 4150 1795 4149 1794 4151 1796 4150 1795 4151 1796 4152 1797 4152 1797 4151 1796 4153 1798 4152 1797 4153 1798 4154 1799 4154 1799 4153 1798 4155 1800 4154 1799 4155 1800 4156 1801 4156 1801 4155 1800 4157 1802 4156 1801 4157 1802 4158 1803 4158 1803 4157 1802 4159 1804 4158 1803 4159 1804 4160 1805 4160 1805 4159 1804 4161 1806 4160 1805 4161 1806 4162 1807 4162 1807 4161 1806 4163 1808 4162 1807 4163 1808 4164 1809 4164 1809 4163 1808 4165 1810 4164 1809 4165 1810 4166 1811 4166 1811 4165 1810 4106 1751 4166 1811 4106 1751 4105 1750 4167 1812 4168 1812 4169 1812 4170 1813 4171 1814 4172 1815 4170 1813 4172 1815 4173 1816 4173 1816 4172 1815 4174 1817 4175 1818 4176 1818 4177 1818 4175 1819 4177 1819 4178 1819 4179 1820 4180 1820 4181 1820 4179 1820 4181 1820 4182 1820 4183 1821 4184 1822 4185 1823 4186 1824 4187 1825 4188 1826 4186 1824 4188 1826 4189 1827 4190 1828 4183 1821 4185 1823 4190 1828 4185 1823 4188 1826 4188 1826 4185 1823 4191 1829 4188 1826 4191 1829 4189 1827 4192 1830 4193 1830 4194 1830 4192 1831 4194 1831 4195 1831 4196 1832 4197 1833 4198 1834 4198 1834 4197 1833 4199 1835 4198 1834 4199 1835 4200 1836 4200 1836 4199 1835 4201 1837 4200 1836 4201 1837 4202 1838 4202 1838 4201 1837 4203 1839 4202 1838 4203 1839 4204 1840 4204 1840 4203 1839 4205 1841 4204 1840 4205 1841 4206 1842 4206 1842 4205 1841 4207 1843 4206 1842 4207 1843 4208 1844 4208 1844 4207 1843 4209 1845 4208 1844 4209 1845 4210 1846 4210 1846 4209 1845 4211 1847 4210 1846 4211 1847 4212 1848 4212 1848 4211 1847 4213 1849 4212 1848 4213 1849 4214 1850 4214 1850 4213 1849 4215 1851 4214 1850 4215 1851 4216 1852 4216 1852 4215 1851 4217 1853 4216 1852 4217 1853 4218 1854 4218 1854 4217 1853 4219 1855 4218 1854 4219 1855 4220 1856 4220 1856 4219 1855 4221 1857 4220 1856 4221 1857 4222 1858 4222 1858 4221 1857 4223 1859 4222 1858 4223 1859 4224 1860 4224 1860 4223 1859 4225 1861 4224 1860 4225 1861 4226 1862 4226 1862 4225 1861 4227 1863 4226 1862 4227 1863 4228 1864 4228 1864 4227 1863 4229 1865 4228 1864 4229 1865 4230 1866 4230 1866 4229 1865 4231 1867 4230 1866 4231 1867 4232 1868 4232 1868 4231 1867 4233 1869 4232 1868 4233 1869 4234 1870 4234 1870 4233 1869 4235 1871 4234 1870 4235 1871 4236 1872 4236 1872 4235 1871 4237 1873 4236 1872 4237 1873 4238 1874 4238 1874 4237 1873 4239 1875 4238 1874 4239 1875 4240 1876 4240 1876 4239 1875 4241 1877 4240 1876 4241 1877 4242 1878 4242 1878 4241 1877 4243 1879 4242 1878 4243 1879 4244 1880 4244 1880 4243 1879 4245 1881 4244 1880 4245 1881 4246 1882 4246 1882 4245 1881 4247 1883 4246 1882 4247 1883 4196 1832 4196 1832 4247 1883 4197 1833 4248 1884 4249 1885 4250 1886 4250 1886 4249 1885 4251 1887 4250 1886 4251 1887 4252 1888 4252 1888 4251 1887 4253 1889 4252 1888 4253 1889 4254 1890 4254 1890 4253 1889 4255 1891 4255 1891 4253 1889 4256 1892 4255 1891 4256 1892 4257 1893 4256 1892 4258 1894 4257 1893 4257 1893 4258 1894 4259 1895 4257 1893 4259 1895 4260 1896 4260 1896 4259 1895 4261 1897 4260 1896 4261 1897 4262 1898 4262 1898 4261 1897 4263 1899 4263 1899 4261 1897 4264 1900 4263 1901 4265 1902 4266 1903 4266 1903 4265 1902 4267 1904 4266 1903 4267 1904 4268 1905 4268 1905 4267 1904 4269 1906 4268 1905 4269 1906 4270 1907 4270 1907 4269 1906 4271 1908 4270 1907 4271 1908 4272 1909 4272 1909 4271 1908 4273 1910 4272 1909 4273 1910 4274 1911 4274 1911 4273 1910 4275 1912 4274 1913 4276 1914 4277 1915 4277 1915 4276 1914 4278 1916 4277 1915 4278 1916 4279 1917 4279 1917 4278 1916 4280 1918 4279 1917 4280 1918 4281 1919 4281 1919 4280 1918 4282 1920 4281 1919 4282 1920 4283 1921 4283 1921 4282 1920 4284 1922 4283 1923 4285 1924 4286 1925 4286 1925 4285 1924 4287 1926 4286 1925 4287 1926 4288 1927 4288 1927 4287 1926 4289 1928 4288 1927 4289 1928 4290 1929 4289 1928 4291 1930 4290 1929 4290 1929 4291 1930 4292 1931 4290 1932 4293 1933 4294 1934 4295 1935 4296 1936 4297 1937 4297 1937 4296 1936 4294 1934 4297 1937 4294 1934 4293 1933 4295 1935 4297 1937 4298 1938 4298 1938 4297 1937 4299 1939 4298 1938 4299 1939 4300 1940 4300 1940 4299 1939 4301 1941 4300 1940 4301 1941 4302 1942 4302 1942 4301 1941 4303 1943 4302 1942 4303 1943 4304 1944 4304 1944 4303 1943 4305 1945 4305 1945 4303 1943 4306 1946 4305 1945 4306 1946 4307 1947 4307 1947 4306 1946 4308 1948 4307 1949 4309 1950 4310 1951 4310 1951 4309 1950 4311 1952 4311 1952 4309 1950 4312 1953 4311 1952 4312 1953 4313 1954 4313 1954 4312 1953 4314 1955 4313 1954 4314 1955 4315 1956 4315 1956 4314 1955 4316 1957 4315 1956 4316 1957 4317 1958 4317 1958 4316 1957 4318 1959 4317 1958 4318 1959 4319 1960 4319 1960 4318 1959 4320 1961 4320 1961 4318 1959 4321 1962 4320 1961 4321 1962 4322 1963 4321 1962 4323 1964 4322 1963 4322 1963 4323 1964 4324 1965 4322 1963 4324 1965 4325 1966 4325 1966 4324 1965 4326 1967 4325 1966 4326 1967 4327 1968 4327 1968 4326 1967 4328 1969 4328 1969 4326 1967 4329 1970 4328 1969 4329 1970 4330 1971 4330 1971 4329 1970 4331 1972 4330 1971 4331 1972 4332 1973 4332 1973 4331 1972 4333 1974 4332 1973 4333 1974 4334 1975 4334 1975 4333 1974 4335 1976 4334 1975 4335 1976 4336 1977 4335 1976 4337 1978 4336 1977 4336 1977 4337 1978 4249 1885 4336 1977 4249 1885 4248 1884 4338 60 4339 60 4340 60 4341 60 4342 60 4343 60 4344 60 4345 60 4346 60 4347 60 4348 60 4349 60 4350 60 4351 60 4352 60 4353 60 4354 60 4355 60 4356 60 4357 60 4358 60 4359 60 4360 60 4361 60 4358 60 4357 60 4361 60 4361 60 4357 60 4362 60 4361 60 4362 60 4359 60 4360 60 4359 60 4363 60 4363 60 4359 60 4364 60 4363 1979 4364 1979 4365 1979 4351 60 4350 60 4366 60 4367 60 4368 60 4369 60 4369 60 4368 60 4370 60 4371 60 4372 60 4373 60 4373 60 4372 60 4374 60 4373 1980 4374 1980 4375 1980 4375 1981 4374 1981 4376 1981 4376 60 4377 60 4375 60 4375 1982 4377 1982 4378 1982 4375 60 4378 60 4379 60 4379 1983 4378 1983 4380 1983 4379 60 4380 60 4381 60 4381 60 4382 60 4379 60 4379 1984 4382 1984 4383 1984 4379 1985 4383 1985 4384 1985 4384 1986 4383 1986 4385 1986 4384 1987 4385 1987 4386 1987 4386 1988 4387 1988 4384 1988 4384 60 4387 60 4388 60 4384 60 4388 60 4389 60 4371 1989 4373 1989 4390 1989 4390 60 4373 60 4391 60 4390 60 4391 60 4392 60 4393 60 4394 60 4395 60 4395 60 4394 60 4354 60 4396 1990 4397 1990 4398 1990 4399 60 4400 60 4401 60 4402 60 4403 60 4404 60 4404 60 4403 60 4405 60 4404 60 4405 60 4406 60 4406 60 4405 60 4407 60 4406 1991 4407 1991 4408 1991 4408 1992 4409 1992 4406 1992 4406 60 4409 60 4410 60 4406 1993 4410 1993 4411 1993 4411 60 4410 60 4412 60 4411 60 4412 60 4413 60 4414 60 4415 60 4416 60 4415 1994 4417 1994 4416 1994 4416 60 4417 60 4402 60 4416 1995 4402 1995 4418 1995 4418 60 4402 60 4404 60 4419 60 4420 60 4343 60 4343 1996 4420 1996 4421 1996 4343 60 4421 60 4422 60 4422 1997 4423 1997 4343 1997 4343 60 4423 60 4424 60 4343 60 4424 60 4341 60 4341 60 4424 60 4395 60 4341 1998 4395 1998 4425 1998 4425 60 4395 60 4354 60 4425 1999 4354 1999 4426 1999 4426 2000 4354 2000 4353 2000 4423 2001 4427 2001 4424 2001 4424 60 4427 60 4428 60 4424 60 4428 60 4429 60 4428 60 4430 60 4429 60 4429 60 4430 60 4431 60 4429 60 4431 60 4432 60 4432 60 4431 60 4433 60 4432 60 4433 60 4434 60 4434 60 4433 60 4435 60 4434 2002 4435 2002 4419 2002 4419 60 4435 60 4436 60 4419 60 4436 60 4420 60 4437 60 4438 60 4439 60 4439 2003 4438 2003 4440 2003 4441 60 4442 60 4443 60 4443 2004 4442 2004 4444 2004 4443 60 4444 60 4445 60 4413 60 4399 60 4411 60 4411 60 4399 60 4401 60 4411 60 4401 60 4355 60 4355 60 4401 60 4366 60 4355 60 4366 60 4353 60 4353 60 4366 60 4350 60 4446 60 4447 60 4448 60 4448 60 4447 60 4379 60 4448 2005 4379 2005 4449 2005 4449 60 4379 60 4384 60 4449 60 4384 60 4450 60 4450 60 4384 60 4389 60 4450 60 4389 60 4397 60 4397 60 4389 60 4451 60 4397 60 4451 60 4398 60 4398 60 4451 60 4452 60 4388 2006 4392 2006 4389 2006 4389 60 4392 60 4391 60 4389 60 4391 60 4451 60 4451 60 4391 60 4340 60 4451 60 4340 60 4452 60 4452 60 4340 60 4339 60 4375 60 4406 60 4373 60 4373 60 4406 60 4411 60 4373 60 4411 60 4391 60 4391 60 4411 60 4355 60 4391 60 4355 60 4340 60 4340 60 4355 60 4354 60 4340 60 4354 60 4338 60 4338 2007 4354 2008 4394 2009 4400 2010 4414 2010 4401 2010 4401 60 4414 60 4416 60 4401 60 4416 60 4366 60 4366 60 4416 60 4453 60 4366 60 4453 60 4351 60 4351 60 4453 60 4349 60 4351 60 4349 60 4352 60 4352 60 4349 60 4348 60 4454 60 4455 60 4418 60 4418 60 4455 60 4456 60 4418 2011 4456 2011 4416 2011 4416 60 4456 60 4457 60 4416 60 4457 60 4453 60 4453 60 4457 60 4458 60 4453 60 4458 60 4349 60 4349 60 4458 60 4370 60 4349 60 4370 60 4347 60 4347 60 4370 60 4368 60 4398 2012 4459 2012 4396 2012 4396 60 4459 60 4363 60 4396 60 4363 60 4460 60 4460 60 4363 60 4365 60 4460 60 4365 60 4461 60 4461 60 4365 60 4462 60 4461 60 4462 60 4445 60 4445 60 4462 60 4463 60 4445 60 4463 60 4443 60 4344 60 4367 60 4345 60 4345 60 4367 60 4369 60 4345 60 4369 60 4346 60 4346 60 4369 60 4464 60 4346 60 4464 60 4465 60 4465 60 4464 60 4466 60 4465 60 4466 60 4467 60 4467 60 4466 60 4439 60 4467 60 4439 60 4468 60 4468 60 4439 60 4440 60 4364 60 4469 60 4365 60 4365 60 4469 60 4356 60 4365 2013 4356 2013 4462 2013 4462 60 4356 60 4358 60 4462 60 4358 60 4463 60 4463 60 4358 60 4470 60 4459 60 4471 60 4363 60 4363 60 4471 60 4393 60 4363 60 4393 60 4360 60 4360 60 4393 60 4395 60 4360 60 4395 60 4361 60 4361 60 4395 60 4424 60 4361 60 4424 60 4358 60 4358 60 4424 60 4429 60 4358 60 4429 60 4470 60 4470 60 4429 60 4432 60 4342 60 4344 60 4343 60 4343 60 4344 60 4346 60 4343 60 4346 60 4419 60 4419 60 4346 60 4465 60 4419 60 4465 60 4434 60 4434 60 4465 60 4467 60 4472 0 4473 0 4474 0 4475 0 4476 0 4477 0 4477 2014 4476 2014 4478 2014 4477 0 4478 0 4479 0 4480 0 4481 0 4482 0 4482 0 4481 0 4483 0 4482 0 4483 0 4484 0 4485 0 4483 0 4486 0 4487 2015 4488 2015 4489 2015 4489 2016 4488 2016 4490 2016 4491 0 4492 0 4481 0 4481 0 4492 0 4493 0 4481 0 4493 0 4494 0 4474 0 4473 0 4489 0 4489 0 4473 0 4495 0 4489 2017 4495 2017 4487 2017 4477 0 4496 0 4475 0 4475 0 4496 0 4497 0 4475 0 4497 0 4498 0 4498 0 4497 0 4485 0 4498 0 4485 0 4478 0 4478 0 4485 0 4486 0 4478 0 4486 0 4479 0 4479 2018 4486 2018 4499 2018 4493 0 4500 0 4499 0 4499 0 4500 0 4501 0 4499 2019 4501 2019 4479 2019 4479 0 4501 0 4502 0 4479 0 4502 0 4503 0 4503 0 4502 0 4504 0 4503 0 4504 0 4505 0 4506 0 4507 0 4508 0 4508 2020 4507 2020 4509 2020 4508 0 4509 0 4510 0 4496 2021 4509 2021 4511 2021 4496 2022 4511 2022 4497 2022 4512 0 4513 0 4514 2023 4474 2024 4515 2024 4472 2024 4472 0 4515 0 4516 0 4472 0 4516 0 4512 0 4512 2025 4516 2025 4517 2025 4512 0 4517 0 4513 0 4506 0 4518 0 4507 0 4507 2026 4518 2026 4519 2026 4507 2027 4519 2028 4520 2029 4520 2029 4521 2030 4507 2027 4507 2027 4521 2030 4522 2031 4507 2027 4522 2031 4523 2032 4523 2032 4524 0 4507 2027 4507 2033 4524 2033 4525 2033 4507 2034 4525 2034 4526 2034 4514 2023 4527 2035 4512 0 4512 0 4527 2035 4528 2036 4512 0 4528 2036 4504 0 4504 0 4528 2036 4529 0 4504 0 4529 0 4505 0 4481 2039 4490 2039 4491 2039 4531 2040 4532 2041 4533 2042 4534 2043 4535 2044 4536 2045 4536 2046 4537 2047 4538 2048 4538 2048 4539 2049 4536 2046 4536 2046 4539 2049 4540 2050 4536 2046 4540 2050 4533 2042 4533 2042 4540 2050 4541 2051 4533 2042 4541 2051 4531 2040 4542 2052 4543 2053 4534 2043 4534 2043 4543 2053 4544 2054 4534 2043 4544 2054 4535 2044 4545 2055 4546 2056 4547 2057 4547 2057 4546 2056 4548 2058 4547 2057 4548 2058 4549 2059 4550 2060 4551 2061 4546 2056 4546 2056 4551 2061 4552 2062 4546 2056 4552 2062 4548 2058 4548 2058 4552 2062 4543 2053 4548 2058 4543 2053 4549 2059 4549 2059 4543 2053 4542 2052 4553 2063 4550 2060 4554 2064 4554 2064 4550 2060 4546 2056 4554 2064 4546 2056 4555 2065 4555 2065 4546 2056 4545 2055 4556 2066 4557 2067 4542 2052 4542 2052 4557 2067 4558 2068 4542 2052 4558 2068 4549 2059 4559 2069 4560 2070 4561 2071 4562 2072 4563 2073 4564 2074 4564 2074 4563 2073 4565 2075 4564 2074 4565 2075 4561 2071 4561 2071 4565 2075 4566 2076 4561 2071 4566 2076 4559 2069 4567 2077 4568 2078 4569 2079 4569 2079 4568 2078 4570 2080 4569 2079 4570 2080 4571 2081 4572 2082 4573 2083 4574 2084 4574 2084 4573 2083 4575 2085 4576 2086 4567 2077 4577 2087 4577 2087 4567 2077 4569 2079 4577 2087 4574 2084 4578 2088 4578 2088 4574 2084 4575 2085 4579 2089 4580 2090 4572 2082 4572 2082 4580 2090 4581 2091 4572 2082 4581 2091 4573 2083 4582 2092 4583 2093 4584 2094 4584 2094 4583 2093 4585 2095 4586 2096 4587 2097 4588 2098 4588 2098 4589 2099 4586 2096 4586 2096 4589 2099 4590 2100 4586 2096 4590 2100 4584 2094 4584 2094 4590 2100 4591 2101 4584 2094 4591 2101 4582 2092 4592 2102 4593 2103 4594 2104 4594 2104 4595 2105 4592 2102 4596 2106 4597 2107 4598 2108 4596 2106 4598 2108 4599 2109 4599 2110 4600 2111 4601 2112 4601 2112 4600 2111 4602 2113 4601 2112 4602 2113 4603 2114 4603 2114 4602 2113 4604 2115 4604 2115 4602 2113 4605 2116 4604 2115 4605 2116 4606 2117 4606 2117 4605 2116 4607 2118 4606 2117 4607 2118 4608 2119 4588 2098 4587 2097 4609 2120 4609 2120 4587 2097 4610 2121 4609 2120 4610 2121 4611 2122 4611 2122 4610 2121 4612 2123 4611 2122 4612 2123 4613 2124 4614 2125 4615 2126 4616 2127 4616 2127 4615 2126 4617 2128 4616 2127 4617 2128 4618 2129 4619 2130 4620 2131 4621 2132 4621 2132 4620 2131 4622 2133 4623 2134 4624 2135 4625 2136 4625 2136 4624 2135 4626 2137 4620 2131 4627 2138 4628 2139 4620 2131 4628 2139 4622 2133 4629 2140 4630 2141 4631 2142 4631 2142 4630 2141 4632 2143 4625 2136 4633 2144 4623 2134 4631 2142 4634 2145 4629 2140 4593 2103 4635 2146 4594 2104 4594 2104 4635 2146 4636 2147 4594 2104 4636 2147 4637 2148 4638 2149 4636 2150 4639 2149 4640 2151 4641 2152 4642 2153 4643 2154 4644 2155 4645 2156 4645 2156 4644 2155 4646 2157 4647 2158 4648 2159 4649 2160 4649 2160 4648 2159 4646 2157 4650 2161 4651 2162 4652 2163 4652 2163 4651 2162 4653 2164 4654 2165 4655 2166 4656 2167 4656 2167 4657 2168 4658 2169 4658 2169 4657 2168 4653 2164 4654 2165 4659 2170 4655 2166 4655 2166 4659 2170 4660 2171 4661 2172 4662 2173 4663 2174 4663 2174 4664 2175 4665 2176 4665 2176 4664 2175 4660 2171 4661 2172 4666 2177 4662 2173 4662 2173 4666 2177 4667 2178 4668 2179 4669 2180 4670 2181 4670 2181 4671 2182 4672 2183 4672 2183 4671 2182 4667 2178 4668 2179 4673 2184 4669 2180 4669 2180 4673 2184 4674 2185 4675 2186 4676 2187 4677 2188 4677 2188 4678 2189 4679 2190 4679 2190 4678 2189 4674 2185 4675 2186 4680 2191 4676 2187 4681 2192 4682 2193 4683 2194 4681 2192 4683 2194 4684 2195 4685 2196 4686 2197 4687 2198 4687 2198 4686 2197 4688 2199 4689 2200 4690 2201 4691 2202 4691 2202 4690 2201 4692 2203 4693 2204 4694 2205 4695 2206 4695 2206 4696 2207 4697 2208 4697 2208 4696 2207 4692 2203 4693 2204 4698 2209 4694 2205 4694 2205 4698 2209 4699 2210 4700 2211 4701 2212 4702 2213 4702 2213 4703 2214 4704 2215 4704 2215 4703 2214 4699 2210 4700 2211 4705 2216 4701 2212 4701 2212 4705 2216 4706 2217 4707 2218 4708 2219 4709 2220 4709 2220 4710 2221 4711 2222 4711 2222 4710 2221 4706 2217 4707 2218 4712 2223 4708 2219 4708 2219 4712 2223 4713 2224 4612 2123 4714 2225 4613 2124 4614 2125 4715 2226 4615 2126 4615 2126 4715 2226 4716 2227 4717 2228 4718 2229 4719 2230 4719 2230 4720 2231 4717 2228 4717 2228 4720 2231 4721 2232 4717 2228 4721 2232 4715 2226 4715 2226 4721 2232 4722 2233 4715 2226 4722 2233 4716 2227 4723 2234 4724 2235 4725 2236 4725 2236 4724 2235 4726 2237 4725 2236 4726 2237 4718 2229 4718 2229 4726 2237 4727 2238 4718 2229 4727 2238 4719 2230 4723 2234 4725 2236 4728 2239 4728 2239 4725 2236 4729 2240 4728 2239 4729 2240 4730 2241 4731 2242 4732 2243 4733 2244 4731 2242 4733 2244 4734 2245 4735 2246 4736 2247 4737 2248 4737 2248 4736 2247 4738 2249 4737 2248 4738 2249 4739 2250 4735 2246 4740 2251 4736 2247 4736 2247 4740 2251 4741 2252 4736 2247 4741 2252 4733 2244 4733 2244 4741 2252 4742 2253 4733 2244 4742 2253 4734 2245 4743 2254 4736 2247 4744 2255 4744 2255 4736 2247 4745 2256 4743 2254 4746 2257 4736 2247 4736 2247 4746 2257 4747 2258 4736 2247 4747 2258 4738 2249 4748 2259 4749 2260 4745 2256 4745 2256 4749 2260 4750 2261 4745 2256 4750 2261 4744 2255 4616 2127 4618 2129 4748 2259 4748 2259 4618 2129 4751 2262 4748 2259 4751 2262 4749 2260 4698 2209 4693 2204 4752 2263 4690 2201 4753 2264 4754 2265 4754 2265 4753 2264 4755 2266 4756 2267 4757 2268 4674 2185 4758 2269 4759 2270 4667 2178 4651 2162 4760 2271 4761 2272 4644 2155 4762 2273 4763 2274 4764 2275 4765 2276 4766 2277 4735 2246 4737 2248 4767 2278 4768 2279 4769 2280 4770 2281 4771 2282 4772 2283 4773 2284 4774 2285 4775 2286 4776 2287 4777 2288 4778 2289 4779 2290 4780 2291 4781 2292 4782 2293 4783 2294 4784 2295 4785 2296 4786 2297 4787 2298 4788 2299 4789 2300 4790 2301 4791 2302 4792 2303 4793 2304 4794 2305 4795 2306 4796 2307 4797 2308 4798 2309 4799 2310 4800 2311 4800 2311 4799 2310 4801 2312 4800 2311 4801 2312 4802 2313 4803 2314 4801 2312 4754 2265 4803 2314 4754 2265 4804 2315 4804 2315 4754 2265 4755 2266 4804 2315 4755 2266 4805 2316 4805 2316 4755 2266 4806 2317 4807 2318 4808 2319 4806 2317 4806 2317 4808 2319 4809 2320 4806 2317 4809 2320 4805 2316 4786 2297 4788 2299 4810 2321 4811 2322 4812 2323 4813 2324 4812 2323 4814 2325 4813 2324 4813 2324 4814 2325 4815 2326 4813 2324 4815 2326 4816 2327 4816 2327 4815 2326 4817 2328 4816 2327 4817 2328 4818 2329 4819 2330 4820 2331 4821 2332 4821 2332 4820 2331 4822 2333 4780 2291 4782 2293 4823 2334 4824 2335 4825 2336 4826 2337 4826 2337 4825 2336 4827 2338 4826 2337 4827 2338 4828 2339 4798 2309 4829 2340 4799 2310 4799 2310 4829 2340 4830 2341 4799 2310 4830 2341 4831 2342 4831 2342 4830 2341 4832 2343 4831 2342 4832 2343 4833 2344 4833 2344 4832 2343 4834 2345 4833 2344 4834 2345 4828 2339 4828 2339 4834 2345 4835 2346 4828 2339 4835 2346 4826 2337 4779 2290 4778 2289 4836 2347 4777 2288 4779 2290 4837 2348 4837 2348 4779 2290 4838 2349 4837 2348 4838 2349 4839 2350 4839 2350 4838 2349 4840 2351 4839 2350 4840 2351 4841 2352 4841 2352 4840 2351 4842 2353 4841 2352 4842 2353 4843 2354 4843 2354 4842 2353 4844 2355 4843 2354 4844 2355 4845 2356 4845 2356 4844 2355 4846 2357 4845 2356 4846 2357 4847 2358 4847 2358 4846 2357 4848 2359 4847 2358 4848 2359 4849 2360 4850 2361 4851 2362 4848 2359 4848 2359 4851 2362 4852 2363 4848 2359 4852 2363 4849 2360 4853 2364 4854 2365 4855 2366 4855 2366 4854 2365 4856 2367 4855 2366 4856 2367 4850 2361 4850 2361 4856 2367 4857 2368 4850 2361 4857 2368 4851 2362 4853 2364 4855 2366 4858 2369 4858 2369 4855 2366 4859 2370 4858 2369 4859 2370 4860 2371 4776 2287 4775 2286 4859 2370 4859 2370 4775 2286 4861 2372 4859 2370 4861 2372 4860 2371 4862 2373 4863 2374 4864 2375 4864 2375 4863 2374 4865 2376 4776 2287 4866 2377 4774 2285 4774 2285 4866 2377 4864 2375 4774 2285 4864 2375 4867 2378 4867 2378 4864 2375 4865 2376 4868 2379 4869 2380 4870 2381 4870 2381 4869 2380 4871 2382 4871 2382 4872 2383 4870 2381 4870 2381 4872 2383 4873 2384 4870 2381 4873 2384 4874 2385 4873 2384 4875 2386 4874 2385 4874 2385 4875 2386 4876 2387 4874 2385 4876 2387 4877 2388 4771 2282 4773 2284 4878 2389 4879 2390 4880 2391 4881 2392 4882 2393 4883 2394 4884 2395 4885 2396 4886 2397 4887 2398 4768 2279 4770 2281 4888 2399 4889 2400 4890 2401 4891 2402 4889 2400 4892 2403 4893 2404 4892 2403 4742 2253 4893 2404 4893 2404 4742 2253 4741 2252 4893 2404 4741 2252 4740 2251 4735 2246 4767 2278 4740 2251 4890 2401 4889 2400 4894 2405 4894 2405 4889 2400 4895 2406 4894 2405 4895 2406 4896 2407 4897 2408 4898 2409 4899 2410 4897 2411 4900 2412 4901 2413 4900 2412 4902 2414 4901 2413 4901 2413 4902 2414 4903 2415 4901 2413 4903 2415 4895 2406 4895 2406 4904 2416 4905 2417 4895 2406 4905 2417 4896 2407 4906 2418 4907 2419 4908 2420 4909 2421 4910 2422 4897 2411 4897 2408 4911 2423 4912 2424 4897 2408 4912 2424 4898 2409 4913 2425 4914 2426 4915 2427 4913 2425 4915 2427 4916 2428 4766 2277 4765 2276 4915 2427 4915 2427 4765 2276 4917 2429 4915 2427 4917 2429 4916 2428 4918 2430 4919 2431 4920 2432 4920 2432 4919 2431 4921 2433 4922 2434 4923 2435 4575 2085 4575 2085 4923 2435 4924 2436 4575 2085 4924 2436 4578 2088 4922 2434 4925 2437 4923 2435 4923 2435 4925 2437 4926 2438 4923 2435 4926 2438 4927 2439 4927 2439 4926 2438 4928 2440 4927 2439 4928 2440 4766 2277 4766 2277 4928 2440 4929 2441 4766 2277 4929 2441 4764 2275 4649 2160 4646 2157 4930 2442 4930 2442 4646 2157 4644 2155 4931 2443 4647 2158 4649 2160 4647 2158 4931 2443 4760 2271 4658 2169 4653 2164 4932 2444 4932 2444 4653 2164 4651 2162 4779 2290 4659 2170 4838 2349 4838 2349 4659 2170 4654 2165 4838 2349 4654 2165 4840 2351 4840 2351 4654 2165 4656 2167 4840 2351 4656 2167 4658 2169 4836 2347 4665 2176 4779 2290 4779 2290 4665 2176 4660 2171 4779 2290 4660 2171 4659 2170 4667 2178 4666 2177 4758 2269 4758 2269 4666 2177 4661 2172 4758 2269 4661 2172 4836 2347 4836 2347 4661 2172 4663 2174 4836 2347 4663 2174 4665 2176 4674 2185 4673 2184 4756 2267 4756 2267 4673 2184 4668 2179 4756 2267 4668 2179 4933 2445 4933 2445 4668 2179 4670 2181 4933 2445 4670 2181 4759 2270 4759 2270 4670 2181 4672 2183 4759 2270 4672 2183 4667 2178 4934 2446 4675 2186 4935 2447 4935 2447 4675 2186 4677 2188 4935 2447 4677 2188 4757 2268 4757 2268 4677 2188 4679 2190 4757 2268 4679 2190 4674 2185 4806 2317 4683 2194 4807 2318 4807 2318 4683 2194 4682 2193 4807 2318 4682 2193 4934 2446 4934 2446 4682 2193 4680 2191 4934 2446 4680 2191 4675 2186 4753 2264 4685 2196 4755 2266 4755 2266 4685 2196 4687 2198 4755 2266 4687 2198 4806 2317 4806 2317 4687 2198 4684 2195 4806 2317 4684 2195 4683 2194 4697 2208 4692 2203 4936 2448 4936 2448 4692 2203 4690 2201 4937 2449 4695 2206 4697 2208 4695 2206 4937 2449 4693 2204 4704 2215 4699 2210 4938 2450 4938 2450 4699 2210 4698 2209 4939 2451 4702 2213 4704 2215 4778 2289 4940 2452 4836 2347 4836 2347 4940 2452 4941 2453 4836 2347 4941 2453 4758 2269 4758 2269 4941 2453 4942 2454 4758 2269 4942 2454 4759 2270 4759 2270 4942 2454 4943 2455 4759 2270 4943 2455 4933 2445 4933 2445 4943 2455 4944 2456 4933 2445 4944 2456 4756 2267 4756 2267 4944 2456 4945 2457 4756 2267 4945 2457 4757 2268 4757 2268 4945 2457 4946 2458 4757 2268 4946 2458 4935 2447 4935 2447 4946 2458 4947 2459 4935 2447 4947 2459 4934 2446 4934 2446 4947 2459 4948 2460 4934 2446 4948 2460 4807 2318 4807 2318 4948 2460 4797 2308 4807 2318 4797 2308 4808 2319 4949 2461 4797 2308 4796 2307 4940 2452 4888 2399 4941 2453 4941 2453 4888 2399 4770 2281 4941 2453 4770 2281 4942 2454 4942 2454 4770 2281 4950 2462 4942 2454 4950 2462 4943 2455 4943 2455 4950 2462 4951 2463 4943 2455 4951 2463 4944 2456 4944 2456 4951 2463 4952 2464 4944 2456 4952 2464 4945 2457 4945 2457 4952 2464 4953 2465 4945 2457 4953 2465 4946 2458 4946 2458 4953 2465 4954 2466 4946 2458 4954 2466 4947 2459 4947 2459 4954 2466 4955 2467 4947 2459 4955 2467 4948 2460 4948 2460 4955 2467 4956 2468 4948 2460 4956 2468 4797 2308 4797 2308 4956 2468 4957 2469 4797 2308 4957 2469 4795 2306 4795 2306 4957 2469 4958 2470 4644 2155 4763 2274 4930 2442 4930 2442 4763 2274 4959 2471 4930 2442 4959 2471 4960 2472 4960 2472 4959 2471 4961 2473 4960 2472 4961 2473 4962 2474 4962 2474 4961 2473 4906 2418 4962 2474 4906 2418 4909 2421 4909 2421 4906 2418 4908 2420 4909 2421 4908 2420 4910 2422 4769 2280 4963 2475 4770 2281 4770 2281 4963 2475 4964 2476 4770 2281 4964 2476 4950 2462 4950 2462 4964 2476 4965 2477 4950 2462 4965 2477 4951 2463 4951 2463 4965 2477 4966 2478 4951 2463 4966 2478 4952 2464 4952 2464 4966 2478 4967 2479 4952 2464 4967 2479 4953 2465 4953 2465 4967 2479 4968 2480 4953 2465 4968 2480 4954 2466 4954 2466 4968 2480 4969 2481 4954 2466 4969 2481 4955 2467 4955 2467 4969 2481 4970 2482 4955 2467 4970 2482 4956 2468 4956 2468 4970 2482 4971 2483 4956 2468 4971 2483 4957 2469 4957 2469 4971 2483 4972 2484 4957 2469 4972 2484 4958 2470 4958 2470 4972 2484 4973 2485 4963 2475 4974 2486 4964 2476 4964 2476 4974 2486 4975 2487 4964 2476 4975 2487 4965 2477 4965 2477 4975 2487 4976 2488 4965 2477 4976 2488 4966 2478 4966 2478 4976 2488 4977 2489 4966 2478 4977 2489 4967 2479 4967 2479 4977 2489 4978 2490 4967 2479 4978 2490 4968 2480 4968 2480 4978 2490 4979 2491 4968 2480 4979 2491 4969 2481 4969 2481 4979 2491 4980 2492 4969 2481 4980 2492 4970 2482 4970 2482 4980 2492 4981 2493 4970 2482 4981 2493 4971 2483 4971 2483 4981 2493 4982 2494 4971 2483 4982 2494 4972 2484 4972 2484 4982 2494 4794 2305 4972 2484 4794 2305 4973 2485 4973 2485 4794 2305 4793 2304 4704 2215 4938 2450 4939 2451 4939 2451 4938 2450 4983 2495 4939 2451 4983 2495 4984 2496 4984 2496 4983 2495 4985 2497 4984 2496 4985 2497 4986 2498 4986 2498 4985 2497 4987 2499 4986 2498 4987 2499 4988 2500 4988 2500 4987 2499 4915 2427 4988 2500 4915 2427 4919 2431 4919 2431 4915 2427 4914 2426 4919 2431 4914 2426 4921 2433 4974 2486 4989 2501 4975 2487 4975 2487 4989 2501 4990 2502 4975 2487 4990 2502 4976 2488 4976 2488 4990 2502 4991 2503 4976 2488 4991 2503 4977 2489 4977 2489 4991 2503 4992 2504 4977 2489 4992 2504 4978 2490 4978 2490 4992 2504 4993 2505 4978 2490 4993 2505 4979 2491 4979 2491 4993 2505 4994 2506 4979 2491 4994 2506 4980 2492 4980 2492 4994 2506 4995 2507 4980 2492 4995 2507 4981 2493 4981 2493 4995 2507 4996 2508 4981 2493 4996 2508 4982 2494 4982 2494 4996 2508 4997 2509 4982 2494 4997 2509 4794 2305 4794 2305 4997 2509 4791 2302 4794 2305 4791 2302 4792 2303 4792 2303 4791 2302 4790 2301 4989 2501 4885 2396 4990 2502 4990 2502 4885 2396 4887 2398 4990 2502 4887 2398 4991 2503 4991 2503 4887 2398 4998 2510 4991 2503 4998 2510 4992 2504 4992 2504 4998 2510 4999 2511 4992 2504 4999 2511 4993 2505 4993 2505 4999 2511 5000 2512 4993 2505 5000 2512 4994 2506 4994 2506 5000 2512 5001 2513 4994 2506 5001 2513 4995 2507 4995 2507 5001 2513 5002 2514 4995 2507 5002 2514 4996 2508 4996 2508 5002 2514 5003 2515 4996 2508 5003 2515 4997 2509 4997 2509 5003 2515 5004 2516 4997 2509 5004 2516 4791 2302 4791 2302 5004 2516 4788 2299 4791 2302 4788 2299 4789 2300 4789 2300 4788 2299 4787 2298 4886 2397 4882 2393 4887 2398 4887 2398 4882 2393 4884 2395 4887 2398 4884 2395 4998 2510 4998 2510 4884 2395 5005 2517 4998 2510 5005 2517 4999 2511 4999 2511 5005 2517 5006 2518 4999 2511 5006 2518 5000 2512 5000 2512 5006 2518 5007 2519 5000 2512 5007 2519 5001 2513 5001 2513 5007 2519 5008 2520 5001 2513 5008 2520 5002 2514 5002 2514 5008 2520 5009 2521 5002 2514 5009 2521 5003 2515 5003 2515 5009 2521 5010 2522 5003 2515 5010 2522 5004 2516 5004 2516 5010 2522 5011 2523 5004 2516 5011 2523 4788 2299 4788 2299 5011 2523 5012 2524 4788 2299 5012 2524 4810 2321 4690 2201 4754 2265 4936 2448 4936 2448 4754 2265 4801 2312 4936 2448 4801 2312 5013 2525 5013 2525 4801 2312 4799 2310 5013 2525 4799 2310 5014 2526 5014 2526 4799 2310 4831 2342 5014 2526 4831 2342 5015 2527 5015 2527 4831 2342 4833 2344 5015 2527 4833 2344 5016 2528 5016 2528 4833 2344 4828 2339 5016 2528 4828 2339 5017 2529 5017 2529 4828 2339 4827 2338 5017 2529 4827 2338 5018 2530 5018 2530 4827 2338 4825 2336 5018 2530 4825 2336 5019 2531 4697 2208 4936 2448 4937 2449 4937 2449 4936 2448 5013 2525 4937 2449 5013 2525 5020 2532 5020 2532 5013 2525 5014 2526 5020 2532 5014 2526 5021 2533 5021 2533 5014 2526 5015 2527 5021 2533 5015 2527 5022 2534 5022 2534 5015 2527 5016 2528 5022 2534 5016 2528 5023 2535 5023 2535 5016 2528 5017 2529 5023 2535 5017 2529 5024 2536 5024 2536 5017 2529 5018 2530 5024 2536 5018 2530 5025 2537 5025 2537 5018 2530 5019 2531 5025 2537 5019 2531 5026 2538 4693 2204 4937 2449 4752 2263 4752 2263 4937 2449 5020 2532 4752 2263 5020 2532 5027 2539 5027 2539 5020 2532 5021 2533 5027 2539 5021 2533 5028 2540 5028 2540 5021 2533 5022 2534 5028 2540 5022 2534 5029 2541 5029 2541 5022 2534 5023 2535 5029 2541 5023 2535 5030 2542 5030 2542 5023 2535 5024 2536 5030 2542 5024 2536 5031 2543 5031 2543 5024 2536 5025 2537 5031 2543 5025 2537 5032 2544 5032 2544 5025 2537 5026 2538 5032 2544 5026 2538 5033 2545 4698 2209 4752 2263 4938 2450 4938 2450 4752 2263 5027 2539 4938 2450 5027 2539 4983 2495 4983 2495 5027 2539 5028 2540 4983 2495 5028 2540 4985 2497 4985 2497 5028 2540 5029 2541 4985 2497 5029 2541 4987 2499 4987 2499 5029 2541 5030 2542 4987 2499 5030 2542 4915 2427 4915 2427 5030 2542 5031 2543 4915 2427 5031 2543 4766 2277 4766 2277 5031 2543 5032 2544 4766 2277 5032 2544 4927 2439 4927 2439 5032 2544 5033 2545 4927 2439 5033 2545 4923 2435 4883 2394 4879 2390 4884 2395 4884 2395 4879 2390 4881 2392 4884 2395 4881 2392 5005 2517 5005 2517 4881 2392 5034 2546 5005 2517 5034 2546 5006 2518 5006 2518 5034 2546 5035 2547 5006 2518 5035 2547 5007 2519 5007 2519 5035 2547 5036 2548 5007 2519 5036 2548 5008 2520 5008 2520 5036 2548 5037 2549 5008 2520 5037 2549 5009 2521 5009 2521 5037 2549 5038 2550 5009 2521 5038 2550 5010 2522 5010 2522 5038 2550 5039 2551 5010 2522 5039 2551 5011 2523 5011 2523 5039 2551 5040 2552 5011 2523 5040 2552 5012 2524 5012 2524 5040 2552 4785 2296 5012 2524 4785 2296 4810 2321 4810 2321 4785 2296 4784 2295 5041 2553 4924 2436 5042 2554 5042 2554 4924 2436 4923 2435 5042 2554 4923 2435 5043 2555 5043 2555 4923 2435 5033 2545 5043 2555 5033 2545 5044 2556 5044 2556 5033 2545 5026 2538 5044 2556 5026 2538 5045 2557 5045 2557 5026 2538 5019 2531 5045 2557 5019 2531 4782 2293 4782 2293 5019 2531 4825 2336 4782 2293 4825 2336 4823 2334 4823 2334 4825 2336 4824 2335 4740 2251 4767 2278 4893 2404 4893 2404 4767 2278 5046 2558 4893 2404 5046 2558 5047 2559 4649 2160 4930 2442 4931 2443 4931 2443 4930 2442 4960 2472 4931 2443 4960 2472 5048 2560 5048 2560 4960 2472 4962 2474 5048 2560 4962 2474 5049 2561 5049 2561 4962 2474 4909 2421 5049 2561 4909 2421 5050 2562 5050 2562 4909 2421 4897 2411 5050 2562 4897 2411 5051 2563 5051 2563 4897 2411 4901 2413 5051 2563 4901 2413 5052 2564 5052 2564 4901 2413 4895 2406 5052 2564 4895 2406 5053 2565 5053 2565 4895 2406 4889 2400 5053 2565 4889 2400 5054 2566 5054 2566 4889 2400 4893 2404 5054 2566 4893 2404 5055 2567 5055 2567 4893 2404 5047 2559 5055 2567 5047 2559 5056 2568 4760 2271 4931 2443 4761 2272 4761 2272 4931 2443 5048 2560 4761 2272 5048 2560 5057 2569 5057 2569 5048 2560 5049 2561 5057 2569 5049 2561 5058 2570 5058 2570 5049 2561 5050 2562 5058 2570 5050 2562 5059 2571 5059 2571 5050 2562 5051 2563 5059 2571 5051 2563 5060 2572 5060 2572 5051 2563 5052 2564 5060 2572 5052 2564 5061 2573 5061 2573 5052 2564 5053 2565 5061 2573 5053 2565 5062 2574 5062 2574 5053 2565 5054 2566 5062 2574 5054 2566 5063 2575 5063 2575 5054 2566 5055 2567 5063 2575 5055 2567 5064 2576 5064 2576 5055 2567 5056 2568 5064 2576 5056 2568 5065 2577 4651 2162 4761 2272 4932 2444 4932 2444 4761 2272 5057 2569 4932 2444 5057 2569 5066 2578 5066 2578 5057 2569 5058 2570 5066 2578 5058 2570 5067 2579 5067 2579 5058 2570 5059 2571 5067 2579 5059 2571 5068 2580 5068 2580 5059 2571 5060 2572 5068 2580 5060 2572 5069 2581 5069 2581 5060 2572 5061 2573 5069 2581 5061 2573 5070 2582 5070 2582 5061 2573 5062 2574 5070 2582 5062 2574 5071 2583 5071 2583 5062 2574 5063 2575 5071 2583 5063 2575 5072 2584 5072 2584 5063 2575 5064 2576 5072 2584 5064 2576 5073 2585 5073 2585 5064 2576 5065 2577 5073 2585 5065 2577 5074 2586 4658 2169 4932 2444 4840 2351 4840 2351 4932 2444 5066 2578 4840 2351 5066 2578 4842 2353 4842 2353 5066 2578 5067 2579 4842 2353 5067 2579 4844 2355 4844 2355 5067 2579 5068 2580 4844 2355 5068 2580 4846 2357 4846 2357 5068 2580 5069 2581 4846 2357 5069 2581 4848 2359 4848 2359 5069 2581 5070 2582 4848 2359 5070 2582 4850 2361 4850 2361 5070 2582 5071 2583 4850 2361 5071 2583 4855 2366 4855 2366 5071 2583 5072 2584 4855 2366 5072 2584 4859 2370 4859 2370 5072 2584 5073 2585 4859 2370 5073 2585 4776 2287 4776 2287 5073 2585 5074 2586 4776 2287 5074 2586 4866 2377 4880 2391 4878 2389 4881 2392 4881 2392 4878 2389 4773 2284 4881 2392 4773 2284 5034 2546 5034 2546 4773 2284 5075 2587 5034 2546 5075 2587 5035 2547 5035 2547 5075 2587 5076 2588 5035 2547 5076 2588 5036 2548 5036 2548 5076 2588 5077 2589 5036 2548 5077 2589 5037 2549 5037 2549 5077 2589 5078 2590 5037 2549 5078 2590 5038 2550 5038 2550 5078 2590 5079 2591 5038 2550 5079 2591 5039 2551 5039 2551 5079 2591 5080 2592 5039 2551 5080 2592 5040 2552 5040 2552 5080 2592 5081 2593 5040 2552 5081 2593 4785 2296 4785 2296 5081 2593 5082 2594 4785 2296 5082 2594 4783 2294 4783 2294 5082 2594 5083 2595 4783 2294 5083 2595 5084 2596 5084 2596 5083 2595 5085 2597 5086 2598 5041 2553 5087 2599 5087 2599 5041 2553 5042 2554 5087 2599 5042 2554 5088 2600 5088 2600 5042 2554 5043 2555 5088 2600 5043 2555 5089 2601 5089 2601 5043 2555 5044 2556 5089 2601 5044 2556 5090 2602 5090 2602 5044 2556 5045 2557 5090 2602 5045 2557 4819 2330 4819 2330 5045 2557 4782 2293 4819 2330 4782 2293 4820 2331 4820 2331 4782 2293 4781 2292 5046 2558 5091 2603 5047 2559 5047 2559 5091 2603 5092 2604 5047 2559 5092 2604 5056 2568 5056 2568 5092 2604 5093 2605 5056 2568 5093 2605 5065 2577 5065 2577 5093 2605 5094 2606 5065 2577 5094 2606 5074 2586 5074 2586 5094 2606 5095 2607 5074 2586 5095 2607 4866 2377 4866 2377 5095 2607 5096 2608 4866 2377 5096 2608 4864 2375 4864 2375 5096 2608 4874 2385 4864 2375 4874 2385 4862 2373 4862 2373 4874 2385 4877 2388 4771 2282 4868 2379 4772 2283 4772 2283 4868 2379 4870 2381 4772 2283 4870 2381 4773 2284 4773 2284 4870 2381 5097 2609 4773 2284 5097 2609 5075 2587 5075 2587 5097 2609 5098 2610 5075 2587 5098 2610 5076 2588 5076 2588 5098 2610 5099 2611 5076 2588 5099 2611 5077 2589 5077 2589 5099 2611 5100 2612 5077 2589 5100 2612 5078 2590 5078 2590 5100 2612 5101 2613 5078 2590 5101 2613 5079 2591 5079 2591 5101 2613 5102 2614 5079 2591 5102 2614 5080 2592 5080 2592 5102 2614 5103 2615 5080 2592 5103 2615 5081 2593 5081 2593 5103 2615 5104 2616 5081 2593 5104 2616 5082 2594 5082 2594 5104 2616 5105 2617 5082 2594 5105 2617 5083 2595 5083 2595 5105 2617 4816 2327 5083 2595 4816 2327 5085 2597 5085 2597 4816 2327 4818 2329 5106 2618 5086 2598 5107 2619 5107 2619 5086 2598 5087 2599 5107 2619 5087 2599 5108 2620 5108 2620 5087 2599 5088 2600 5108 2620 5088 2600 5109 2621 5109 2621 5088 2600 5089 2601 5109 2621 5089 2601 5110 2622 5110 2622 5089 2601 5090 2602 5110 2622 5090 2602 5111 2623 5111 2623 5090 2602 4819 2330 5111 2623 4819 2330 4813 2324 4813 2324 4819 2330 4821 2332 4813 2324 4821 2332 4811 2322 4811 2322 4821 2332 4822 2333 5112 2624 5106 2618 5113 2625 5113 2625 5106 2618 5107 2619 5113 2625 5107 2619 5114 2626 5114 2626 5107 2619 5108 2620 5114 2626 5108 2620 5115 2627 5115 2627 5108 2620 5109 2621 5115 2627 5109 2621 5116 2628 5116 2628 5109 2621 5110 2622 5116 2628 5110 2622 5117 2629 5117 2629 5110 2622 5111 2623 5117 2629 5111 2623 5118 2630 5118 2630 5111 2623 4813 2324 5118 2630 4813 2324 5119 2631 5119 2631 4813 2324 4816 2327 5119 2631 4816 2327 5120 2632 5120 2632 4816 2327 5105 2617 5120 2632 5105 2617 5121 2633 5121 2633 5105 2617 5104 2616 5121 2633 5104 2616 5122 2634 5122 2634 5104 2616 5103 2615 5122 2634 5103 2615 5123 2635 5123 2635 5103 2615 5102 2614 5123 2635 5102 2614 5124 2636 5124 2636 5102 2614 5101 2613 5124 2636 5101 2613 5125 2637 5125 2637 5101 2613 5100 2612 5125 2637 5100 2612 5126 2638 5126 2638 5100 2612 5099 2611 5126 2638 5099 2611 5127 2639 5127 2639 5099 2611 5098 2610 5127 2639 5098 2610 5128 2640 5128 2640 5098 2610 5097 2609 5128 2640 5097 2609 5129 2641 5129 2641 5097 2609 4870 2381 5129 2641 4870 2381 5130 2642 5130 2642 4870 2381 4874 2385 5130 2642 4874 2385 5131 2643 5131 2643 4874 2385 5096 2608 5131 2643 5096 2608 5132 2644 5132 2644 5096 2608 5095 2607 5132 2644 5095 2607 5133 2645 5133 2645 5095 2607 5094 2606 5133 2645 5094 2606 5134 2646 5134 2646 5094 2606 5093 2605 5134 2646 5093 2605 5135 2647 5135 2647 5093 2605 5092 2604 5135 2647 5092 2604 5136 2648 5136 2648 5092 2604 5091 2603 4551 2061 5137 2649 5138 2650 4774 2285 4867 2378 5139 2651 5140 2652 4875 2386 5141 2653 5141 2653 4875 2386 4873 2384 5142 2654 5143 2655 5144 2656 4531 2040 4541 2051 5145 2657 5146 2658 5147 2659 5148 2660 5142 2654 5144 2656 5149 2661 5150 2662 5151 2663 4885 2396 4885 2396 5151 2663 4886 2397 4886 2397 5151 2663 4882 2393 4882 2393 5151 2663 5152 2664 4882 2393 5152 2664 4883 2394 4883 2394 5152 2664 4879 2390 4879 2390 5152 2664 5153 2665 4879 2390 5153 2665 4880 2391 5154 2666 5155 2667 4878 2389 4878 2389 5155 2667 4771 2282 4771 2282 5155 2667 5156 2668 4771 2282 5156 2668 4868 2379 5156 2668 5157 2669 4868 2379 4868 2379 5157 2669 5158 2670 4868 2379 5158 2670 4869 2380 5158 2670 5159 2671 4869 2380 4869 2380 5159 2671 5160 2672 4869 2380 5160 2672 4871 2382 4871 2382 5160 2672 4872 2383 5139 2651 4867 2378 5161 2673 5161 2673 4867 2378 4865 2376 5161 2673 4865 2376 5162 2674 5162 2674 4865 2376 4863 2374 5162 2674 4863 2374 5163 2675 5163 2675 4863 2374 4862 2373 5163 2675 4862 2373 5164 2676 5164 2676 4862 2373 4877 2388 5164 2676 4877 2388 5140 2652 5140 2652 4877 2388 4876 2387 5140 2652 4876 2387 4875 2386 4774 2285 5139 2651 4775 2286 4775 2286 5139 2651 5165 2677 4775 2286 5165 2677 4861 2372 5166 2678 4854 2365 4853 2364 5166 2678 4853 2364 5167 2679 5167 2679 4853 2364 4858 2369 5167 2679 4858 2369 5165 2677 5165 2677 4858 2369 4860 2371 5165 2677 4860 2371 4861 2372 5168 2680 4857 2368 5166 2678 5166 2678 4857 2368 4856 2367 5166 2678 4856 2367 4854 2365 4852 2363 4851 2362 5169 2681 5169 2681 4851 2362 4857 2368 5170 2682 4857 2368 5171 2683 5171 2683 4857 2368 5168 2680 5171 2683 5168 2680 5172 2684 5173 2685 5174 2686 5175 2687 5175 2687 5174 2686 5176 2688 5175 2687 5176 2688 5177 2689 5178 2690 5179 2691 4558 2068 4558 2068 5179 2691 4549 2059 4547 2057 5180 2692 4545 2055 4545 2055 5180 2692 5181 2693 4545 2055 5181 2693 4555 2065 4555 2065 5182 2694 4554 2064 4553 2063 5183 2695 4550 2060 4550 2060 5183 2695 5184 2696 4551 2061 5138 2650 4552 2062 4552 2062 5138 2650 5185 2697 4552 2062 5185 2697 4543 2053 5185 2697 5186 2698 4543 2053 4543 2053 5186 2698 5187 2699 4543 2053 5187 2699 4544 2054 4544 2054 5187 2699 5188 2700 4544 2054 5188 2700 4535 2044 4537 2047 5189 2701 5190 2702 4537 2047 5190 2702 4538 2048 4538 2048 5190 2702 5191 2703 4538 2048 5191 2703 4539 2049 4539 2049 5191 2703 5192 2704 4539 2049 5192 2704 4540 2050 4540 2050 5192 2704 4541 2051 4541 2051 5192 2704 5146 2658 4541 2051 5146 2658 5145 2657 5145 2657 5146 2658 5148 2660 5145 2657 5148 2660 4531 2040 5178 2690 5193 2705 5179 2691 5179 2691 5193 2705 5194 2706 5179 2691 5194 2706 4549 2059 4549 2059 5194 2706 5195 2707 4549 2059 5195 2707 4547 2057 4547 2057 5195 2707 5196 2708 4547 2057 5196 2708 5180 2692 4558 2068 4557 2067 5178 2690 5178 2690 4557 2067 5197 2709 5178 2690 5197 2709 5198 2710 5198 2710 5197 2709 5173 2685 5198 2710 5173 2685 5199 2711 5199 2711 5173 2685 5175 2687 5199 2711 5175 2687 5200 2712 5200 2712 5175 2687 5177 2689 5200 2712 5177 2689 5201 2713 5201 2713 5202 2714 5200 2712 5200 2712 5202 2714 5203 2715 5200 2712 5203 2715 5199 2711 5199 2711 5203 2715 5204 2716 5199 2711 5204 2716 5198 2710 5198 2710 5204 2716 5205 2717 5198 2710 5205 2717 5178 2690 5178 2690 5205 2717 5206 2718 5178 2690 5206 2718 5193 2705 4553 2063 4554 2064 5183 2695 5183 2695 4554 2064 5182 2694 5183 2695 5182 2694 5184 2696 5143 2655 5147 2659 5144 2656 5144 2656 5147 2659 5207 2719 5144 2656 5207 2719 5208 2720 5208 2720 5207 2719 5192 2704 5208 2720 5192 2704 5209 2721 5209 2721 5192 2704 5191 2703 5209 2721 5191 2703 5154 2666 5154 2666 5191 2703 5190 2702 5154 2666 5210 2722 5155 2667 5155 2667 5210 2722 5188 2700 5155 2667 5188 2700 5156 2668 5156 2668 5188 2700 5187 2699 5156 2668 5187 2699 5157 2669 5157 2669 5187 2699 5186 2698 5157 2669 5186 2698 5158 2670 5158 2670 5186 2698 5185 2697 5158 2670 5185 2697 5159 2671 5159 2671 5185 2697 5138 2650 5159 2671 5138 2650 5160 2672 5160 2672 5138 2650 5137 2649 5160 2672 5137 2649 5184 2696 5184 2696 5137 2649 4551 2061 5184 2696 4551 2061 4550 2060 4878 2389 4880 2391 5154 2666 5154 2666 4880 2391 5153 2665 5154 2666 5153 2665 5209 2721 5209 2721 5153 2665 5152 2664 5209 2721 5152 2664 5208 2720 5211 2723 5152 2664 5151 2663 5211 2723 5151 2663 5144 2656 5144 2656 5151 2663 5150 2662 5144 2656 5150 2662 5149 2661 5149 2661 5150 2662 4885 2396 5149 2661 4885 2396 4989 2501 5202 2714 5172 2684 5203 2715 5203 2715 5172 2684 5168 2680 5203 2715 5168 2680 5204 2716 5204 2716 5168 2680 5166 2678 5204 2716 5166 2678 5205 2717 5205 2717 5166 2678 5167 2679 5205 2717 5167 2679 5206 2718 5206 2718 5167 2679 5165 2677 5206 2718 5165 2677 5193 2705 5193 2705 5165 2677 5139 2651 5193 2705 5139 2651 5194 2706 5194 2706 5139 2651 5161 2673 5194 2706 5161 2673 5195 2707 5195 2707 5161 2673 5162 2674 5195 2707 5162 2674 5196 2708 5196 2708 5162 2674 5163 2675 5196 2708 5163 2675 5180 2692 5180 2692 5163 2675 5164 2676 5180 2692 5164 2676 5181 2693 5181 2693 5164 2676 5140 2652 5181 2693 5140 2652 5212 2724 5212 2724 5140 2652 5141 2653 5212 2724 5141 2653 5160 2672 5160 2672 5141 2653 4873 2384 5160 2672 4873 2384 4872 2383 5213 2725 5214 2726 5215 2727 5213 2725 5215 2727 5216 2728 5216 2728 5215 2727 5217 2729 5216 2728 5217 2729 5218 2730 5219 2731 5217 2729 5220 2732 5219 2731 5220 2732 5221 2733 4769 2280 4768 2279 5220 2732 5220 2732 4768 2279 4888 2399 5220 2732 4888 2399 5221 2733 5221 2733 4888 2399 4940 2452 5222 2734 4963 2475 4769 2280 5223 2735 4974 2486 4963 2475 4989 2501 4974 2486 5149 2661 5149 2661 4974 2486 5223 2735 5149 2661 5223 2735 5224 2736 5225 2737 5226 2738 5227 2739 5213 2725 5228 2740 5214 2726 5214 2726 5228 2740 5229 2741 5214 2726 5229 2741 5230 2742 4531 2040 5148 2660 5231 2743 5231 2743 5148 2660 5147 2659 5231 2743 5147 2659 5232 2744 5232 2744 5147 2659 5143 2655 5232 2744 5143 2655 5224 2736 5224 2736 5143 2655 5142 2654 5224 2736 5142 2654 5149 2661 4963 2475 5222 2734 5223 2735 5223 2735 5222 2734 5233 2745 5223 2735 5233 2745 5224 2736 5224 2736 5233 2745 5234 2746 5224 2736 5234 2746 5232 2744 5232 2744 5234 2746 5225 2737 5232 2744 5225 2737 5231 2743 5231 2743 5225 2737 5227 2739 5231 2743 5227 2739 4531 2040 4769 2280 5220 2732 5222 2734 5222 2734 5220 2732 5217 2729 5222 2734 5217 2729 5233 2745 5233 2745 5217 2729 5215 2727 5233 2745 5215 2727 5234 2746 5234 2746 5215 2727 5214 2726 5234 2746 5214 2726 5225 2737 5225 2737 5214 2726 5230 2742 5225 2737 5230 2742 5226 2738 5235 2747 5236 2748 5237 2749 4841 2352 4843 2354 5238 2750 4845 2356 4847 2358 5239 2751 5176 2688 5240 2752 5241 2753 5176 2688 5241 2753 5177 2689 5177 2689 5241 2753 5242 2754 5177 2689 5242 2754 5201 2713 5201 2713 5242 2754 5202 2714 5202 2714 5242 2754 5243 2755 5202 2714 5243 2755 5172 2684 5172 2684 5243 2755 5244 2756 5172 2684 5244 2756 5171 2683 5171 2683 5244 2756 5169 2681 5169 2681 5244 2756 4849 2360 5169 2681 4849 2360 4852 2363 5245 2757 4839 2350 4841 2352 4841 2352 5238 2750 5245 2757 5245 2757 5238 2750 5246 2758 5245 2757 5246 2758 5247 2759 5247 2759 5246 2758 5248 2760 5247 2759 5248 2760 5249 2761 5248 2760 5250 2762 5249 2761 5249 2761 5250 2762 5251 2763 5249 2761 5251 2763 5252 2764 5240 2752 5235 2747 5241 2753 5241 2753 5235 2747 5237 2749 5241 2753 5237 2749 5242 2754 5242 2754 5237 2749 5253 2765 5242 2754 5253 2765 5243 2755 5243 2755 5253 2765 5254 2766 5243 2755 5254 2766 5244 2756 5244 2756 5254 2766 5239 2751 5244 2756 5239 2751 4849 2360 4849 2360 5239 2751 4847 2358 5236 2748 5251 2763 5237 2749 5237 2749 5251 2763 5250 2762 5237 2749 5250 2762 5253 2765 5253 2765 5250 2762 5248 2760 5253 2765 5248 2760 5254 2766 5254 2766 5248 2760 5246 2758 5254 2766 5246 2758 5239 2751 5239 2751 5246 2758 5238 2750 5239 2751 5238 2750 4845 2356 4845 2356 5238 2750 4843 2354 5255 2767 5256 2768 5257 2769 4796 2307 4795 2306 5258 2770 4958 2470 4973 2485 5259 2771 5260 2772 4949 2461 4796 2307 4796 2307 5258 2770 5260 2772 5260 2772 5258 2770 5261 2773 5260 2772 5261 2773 5262 2774 5262 2774 5261 2773 5263 2775 5262 2774 5263 2775 5264 2776 5263 2775 5265 2777 5264 2776 5264 2776 5265 2777 5266 2778 5264 2776 5266 2778 5267 2779 5255 2767 5257 2769 5268 2780 4795 2306 4958 2470 5258 2770 5258 2770 4958 2470 5259 2771 5258 2770 5259 2771 5261 2773 5261 2773 5259 2771 5269 2781 5261 2773 5269 2781 5263 2775 5263 2775 5269 2781 5270 2782 5263 2775 5270 2782 5265 2777 5265 2777 5270 2782 5257 2769 5265 2777 5257 2769 5266 2778 5266 2778 5257 2769 5256 2768 4973 2485 4793 2304 5259 2771 5259 2771 4793 2304 5271 2783 5259 2771 5271 2783 5269 2781 5269 2781 5271 2783 5272 2784 5269 2781 5272 2784 5270 2782 5270 2782 5272 2784 5273 2785 5270 2782 5273 2785 5257 2769 5257 2769 5273 2785 5274 2786 5257 2769 5274 2786 5268 2780 5268 2780 5274 2786 5275 2787 5268 2780 5275 2787 5276 2788 4793 2304 4792 2303 5271 2783 5271 2783 4792 2303 5277 2789 5271 2783 5277 2789 5272 2784 5272 2784 5277 2789 5278 2790 5272 2784 5278 2790 5273 2785 5273 2785 5278 2790 5279 2791 5273 2785 5279 2791 5274 2786 5274 2786 5279 2791 5280 2792 5274 2786 5280 2792 5275 2787 5281 2793 5282 2794 5283 2795 5284 2796 5285 2797 5286 2798 5085 2597 5287 2799 5288 2800 5289 2801 4814 2325 4812 2323 5290 2802 5291 2803 5292 2804 5293 2805 5276 2788 5294 2806 5294 2806 5276 2788 5295 2807 5296 2808 5297 2809 5298 2810 5298 2810 5297 2809 5299 2811 5298 2810 5299 2811 5300 2812 5300 2812 5299 2811 5301 2813 5300 2812 5301 2813 5302 2814 5302 2814 5301 2813 5303 2815 5304 2816 5305 2817 5296 2808 5305 2817 5306 2818 5307 2819 5308 2820 5309 2821 5310 2822 5310 2822 5309 2821 5311 2823 5290 2802 5292 2804 5309 2821 5312 2824 5313 2825 5314 2826 5315 2827 5316 2828 5317 2829 5317 2829 5316 2828 5318 2830 5317 2829 5318 2830 5319 2831 5319 2831 5318 2830 5320 2832 5319 2831 5320 2832 5321 2833 5321 2833 5320 2832 5322 2834 5321 2833 5322 2834 5323 2835 5324 2836 5325 2837 5315 2827 5315 2827 5325 2837 5326 2838 5315 2827 5326 2838 5316 2828 5327 2839 4563 2073 5328 2840 5329 2841 4563 2073 4562 2072 5329 2841 4562 2072 5324 2836 5324 2836 4562 2072 5330 2842 5324 2836 5330 2842 5325 2837 4835 2346 4834 2345 5331 2843 5331 2843 4834 2345 5332 2844 5333 2845 5334 2846 5335 2847 4823 2334 5283 2795 4780 2291 4780 2291 5283 2795 5282 2794 4780 2291 5282 2794 4781 2292 4781 2292 5282 2794 5336 2848 4781 2292 5336 2848 4820 2331 4820 2331 5336 2848 5337 2849 4820 2331 5337 2849 4822 2333 4822 2333 5337 2849 5338 2850 4822 2333 5338 2850 4811 2322 4811 2322 5338 2850 5339 2851 4811 2322 5339 2851 4812 2323 4812 2323 5339 2851 5340 2852 4812 2323 5340 2852 5289 2801 4814 2325 5341 2853 4815 2326 4815 2854 5311 2823 5342 2855 4815 2856 5342 2857 4817 2858 5085 2597 5288 2800 5084 2596 5288 2800 5343 2859 5084 2596 5084 2596 5343 2859 5344 2860 5084 2596 5344 2860 4783 2294 4783 2294 5344 2860 5345 2861 4784 2295 5346 2862 4810 2321 4810 2321 5346 2862 5347 2863 4810 2321 5347 2863 4786 2297 4786 2297 5347 2863 4787 2298 4787 2298 5347 2863 5348 2864 4787 2298 5348 2864 4789 2300 4789 2300 5348 2864 5349 2865 4789 2300 5349 2865 4790 2301 4790 2301 5349 2865 5350 2866 4790 2301 5350 2866 4792 2303 5301 2813 5293 2805 5303 2815 5303 2815 5293 2805 5294 2806 5303 2815 5294 2806 5351 2867 5351 2867 5294 2806 5295 2807 4814 2325 5289 2801 5341 2853 5311 2823 5314 2826 5310 2822 5310 2822 5314 2826 5313 2825 5310 2822 5313 2825 5308 2820 4824 2335 4826 2337 5352 2868 5352 2868 4826 2337 5353 2869 5352 2868 5354 2870 5355 2871 5355 2871 5354 2870 5356 2872 5355 2873 5357 2874 5358 2875 5281 2793 5359 2876 5327 2839 5327 2839 5360 2877 4565 2075 5327 2839 4565 2075 4563 2073 5281 2793 5327 2839 5282 2794 5282 2794 5327 2839 5328 2840 5282 2794 5328 2840 5361 2878 5361 2878 5328 2840 5324 2879 5336 2848 5324 2836 5337 2849 5337 2849 5324 2836 5315 2827 5337 2849 5315 2827 5338 2850 5338 2850 5315 2827 5317 2829 5338 2850 5317 2829 5339 2851 5339 2851 5317 2829 5319 2831 5339 2851 5319 2831 5340 2852 5340 2852 5319 2831 5321 2833 5340 2852 5321 2833 5289 2801 5289 2801 5321 2833 5323 2835 5289 2801 5323 2835 5314 2826 5314 2826 5323 2835 5322 2834 5314 2826 5322 2834 5312 2824 5358 2875 5362 2880 5363 2881 5363 2881 5362 2880 5364 2882 4823 2334 4824 2335 5283 2795 5283 2795 4824 2335 5352 2868 5283 2795 5352 2868 5281 2793 5281 2793 5352 2868 5355 2871 5281 2793 5355 2871 5359 2876 5360 2877 5355 2873 5358 2875 5360 2877 5358 2875 4565 2075 4565 2075 5358 2875 5363 2881 4565 2075 5363 2881 4566 2076 4566 2076 5363 2881 5364 2882 4566 2076 5364 2882 4559 2069 5365 2883 5345 2861 5366 2884 5366 2884 5345 2861 5344 2860 5366 2884 5344 2860 5367 2885 5367 2885 5344 2860 5343 2859 5367 2885 5343 2859 5368 2886 5368 2886 5343 2859 5288 2800 5368 2886 5288 2800 5369 2887 5369 2887 5288 2800 5287 2799 5346 2862 5370 2888 5347 2863 5347 2863 5370 2888 5371 2889 5347 2863 5371 2889 5348 2864 5348 2864 5371 2889 5372 2890 5348 2864 5372 2890 5349 2865 5349 2865 5372 2890 5286 2798 5349 2865 5286 2798 5350 2866 5350 2866 5286 2798 5285 2797 5309 2821 5292 2804 5311 2823 5311 2823 5292 2804 5373 2891 5311 2823 5373 2891 5342 2855 5342 2892 5373 2893 4818 2894 5342 2895 4818 2896 4817 2897 5296 2808 5298 2810 5304 2816 5306 2818 5298 2810 5365 2883 5306 2818 5365 2883 5307 2819 5307 2819 5365 2883 5366 2884 5307 2819 5366 2884 5374 2898 5374 2898 5366 2884 5367 2885 5374 2898 5367 2885 5375 2899 5375 2899 5367 2885 5368 2886 5375 2899 5368 2886 5291 2803 5291 2803 5368 2886 5369 2887 5291 2803 5369 2887 5292 2804 5292 2804 5369 2887 5287 2799 5292 2804 5287 2799 5373 2891 5373 2891 5287 2799 5085 2597 5373 2891 5085 2597 4818 2329 5351 2867 5284 2796 5303 2815 5303 2815 5284 2796 5286 2798 5303 2815 5286 2798 5302 2814 5302 2814 5286 2798 5372 2890 5302 2814 5372 2890 5300 2812 5300 2812 5372 2890 5371 2889 5300 2812 5371 2889 5298 2810 5298 2810 5371 2889 5370 2888 5298 2810 5370 2888 5365 2883 5365 2883 5370 2888 5346 2862 5365 2883 5346 2862 5345 2861 5345 2861 5346 2862 4784 2295 5345 2861 4784 2295 4783 2294 4826 2337 4835 2346 5353 2869 5353 2869 4835 2346 5331 2843 5354 2900 5333 2845 5357 2874 5357 2874 5333 2845 5335 2847 5357 2874 5335 2847 5358 2875 5358 2875 5335 2847 5376 2901 5358 2875 5376 2901 5362 2880 4800 2311 4802 2313 5377 2902 5378 2903 5379 2904 5380 2905 5379 2904 5378 2903 5381 2906 5381 2906 5378 2903 5382 2907 5381 2906 5382 2907 5383 2908 4798 2309 4800 2311 5380 2905 5380 2905 4800 2311 5377 2902 5380 2905 5377 2902 5378 2903 5384 2909 4834 2345 4832 2343 5385 2910 5386 2911 5387 2912 5387 2912 5386 2911 5388 2913 5387 2912 5388 2913 5389 2914 5389 2914 5388 2913 5390 2915 5389 2914 5390 2915 5391 2916 5391 2916 5390 2915 5384 2909 5391 2916 5384 2909 5392 2917 5392 2917 5384 2909 4832 2343 5392 2917 4832 2343 4830 2341 5393 2918 5394 2919 5395 2920 5395 2920 5394 2919 5396 2921 5397 2922 5398 2923 5399 2924 5399 2924 5398 2923 5400 2925 5399 2924 5400 2925 5393 2918 5393 2918 5395 2920 5383 2908 5383 2908 5395 2920 5401 2926 5383 2908 5401 2926 5381 2906 5381 2906 5401 2926 5402 2927 5381 2906 5402 2927 5379 2904 5379 2904 5402 2927 5403 2928 5379 2904 5403 2928 5380 2905 5380 2905 5403 2928 4829 2340 5380 2905 4829 2340 4798 2309 4559 2069 5385 2910 5396 2921 5396 2921 5385 2910 5387 2912 5396 2921 5387 2912 5395 2920 5395 2920 5387 2912 5389 2914 5395 2920 5389 2914 5401 2926 5401 2926 5389 2914 5391 2916 5401 2926 5391 2916 5402 2927 5402 2927 5391 2916 5392 2917 5402 2927 5392 2917 5403 2928 5403 2928 5392 2917 4830 2341 5403 2928 4830 2341 4829 2340 5404 2929 4907 2419 4906 2418 4628 2139 4626 2137 5405 2930 5406 2931 5407 2932 5408 2933 5409 2934 5410 2935 5411 2936 5412 2937 5413 2938 5414 2939 4700 2211 4702 2213 4939 2451 5415 2940 5416 2941 5417 2942 5417 2942 5416 2941 5418 2943 5419 2944 5420 2945 5421 2946 5422 2947 5423 2948 5424 2949 5424 2949 5423 2948 5425 2950 5424 2949 5426 2951 5422 2947 5422 2947 5426 2951 5427 2952 5422 2947 5427 2952 5428 2953 5429 2954 5430 2955 5431 2956 5431 2956 5430 2955 5432 2957 5431 2956 5432 2957 5433 2958 5433 2958 5432 2957 5434 2959 5434 2959 5432 2957 5435 2960 5434 2959 5435 2960 5436 2961 5437 2962 5438 2963 5435 2960 5435 2960 5438 2963 5439 2964 5435 2960 5439 2964 5436 2961 5440 2965 5441 2966 5442 2967 5441 2966 5443 2968 5442 2967 5442 2967 5443 2968 5444 2969 5442 2967 5444 2969 5445 2970 5445 2970 5444 2969 5446 2971 5445 2970 5446 2971 5437 2962 5437 2962 5446 2971 5447 2972 5437 2962 5447 2972 5438 2963 5448 2973 5449 2974 5450 2975 5450 2975 5449 2974 5451 2976 5449 2974 5452 2977 5451 2976 5451 2976 5452 2977 5453 2978 5451 2976 5453 2978 5454 2979 5455 2980 5456 2981 5457 2982 5457 2982 5456 2981 5411 2936 5457 2982 5411 2936 5458 2983 5411 2936 5410 2935 5458 2983 5458 2983 5410 2935 5459 2984 5458 2983 5459 2984 5460 2985 5459 2984 5461 2986 5460 2985 5460 2985 5461 2986 5462 2987 5460 2985 5462 2987 5463 2988 5463 2988 5462 2987 5464 2989 5463 2988 5464 2989 5465 2990 5465 2990 5466 2991 5467 2992 5467 2992 5466 2991 5468 2993 5467 2992 5468 2993 5469 2994 5469 2994 5468 2993 5414 2939 5469 2994 5414 2939 5470 2995 5470 2995 5414 2939 5471 2996 5471 2996 5414 2939 5472 2997 5471 2996 5472 2997 5473 2998 5473 2998 5472 2997 5474 2999 5474 2999 5472 2997 5475 3000 5474 2999 5475 3000 5476 3001 5475 3000 5477 3002 5476 3001 5476 3001 5477 3002 5478 3003 5476 3001 5478 3003 5479 3004 5425 2950 5480 3005 5424 2949 5424 2949 5480 3005 5481 3006 5424 2949 5481 3006 5482 3007 5482 3007 5481 3006 5483 3008 5482 3007 5483 3008 5484 3009 5484 3009 5483 3008 5485 3010 5484 3009 5485 3010 5486 3011 5486 3011 5485 3010 5487 3012 5486 3011 5487 3012 5488 3013 5488 3013 5487 3012 5489 3014 5488 3013 5490 3015 5491 3016 5491 3016 5490 3015 5492 3017 5491 3016 5492 3017 5478 3003 5478 3003 5492 3017 5493 3018 5478 3003 5493 3018 5479 3004 5494 3019 5405 2930 5495 3020 5495 3020 5405 2930 5496 3021 5496 3021 5405 2930 5497 3022 5496 3021 5497 3022 5498 3023 5498 3023 5497 3022 5499 3024 5498 3023 5499 3024 5500 3025 5501 3026 5502 3027 5500 3025 5502 3027 5501 3026 5503 3028 5503 3028 5501 3026 5504 3029 5503 3028 5504 3029 5505 3030 5505 3030 5504 3029 5506 3031 5505 3030 5506 3031 5507 3032 5507 3032 5506 3031 5508 3033 5507 3032 5508 3033 5509 3034 5419 2944 5421 2946 5510 3035 5511 3036 5417 2942 5512 3037 5512 3037 5417 2942 5418 2943 5512 3037 5418 2943 5513 3038 5513 3038 5418 2943 5514 3039 5513 3038 5514 3039 5515 3040 5515 3040 5514 3039 5516 3041 5515 3040 5516 3041 5517 3042 5517 3042 5516 3041 5518 3043 5415 2940 5417 2942 5519 3044 5519 3044 5417 2942 5520 3045 5519 3044 5520 3045 5521 3046 5522 3047 5523 3048 5524 3049 5524 3049 5523 3048 5525 3050 5524 3049 5525 3050 5526 3051 5527 3052 5528 3053 5526 3051 5526 3051 5528 3053 5529 3054 5526 3051 5529 3054 5524 3049 5530 3055 5531 3056 5532 3057 5532 3057 5531 3056 5533 3058 5534 3059 5535 3060 5536 3061 5536 3061 5535 3060 5537 3062 5536 3061 5537 3062 5538 3063 5538 3063 5537 3062 5532 3057 5538 3063 5532 3057 5539 3064 5539 3064 5532 3057 5533 3058 5540 3065 5541 3066 5542 3067 5543 3068 5544 3069 5545 3070 5543 3068 5545 3070 5546 3071 5546 3071 5545 3070 5547 3072 5546 3071 5547 3072 5548 3073 5549 3074 5550 3075 5551 3076 5551 3076 5550 3075 5552 3077 5551 3076 5552 3077 5553 3078 5553 3078 5552 3077 5554 3079 5553 3078 5554 3079 5555 3080 5555 3080 5554 3079 5556 3081 5555 3080 5556 3081 5543 3068 5543 3068 5556 3081 5557 3082 5543 3068 5557 3082 5544 3069 5558 3083 5559 3084 5494 3019 5494 3019 5559 3084 5560 3085 5494 3019 5560 3085 5549 3074 5549 3074 5560 3085 5561 3086 5549 3074 5561 3086 5550 3075 5562 3087 5563 3088 5564 3089 5562 3087 5564 3089 5565 3090 5563 3088 4576 2086 4924 2436 4924 2436 4576 2086 4577 2087 4924 2436 4577 2087 4578 2088 5565 3090 5564 3089 5566 3091 5566 3091 5564 3089 5567 3092 5566 3091 5567 3092 5568 3093 5569 3094 5567 3092 5570 3095 5569 3094 5570 3095 5571 3096 4919 2431 4918 2430 5572 3097 5573 3098 5574 3099 5575 3100 5575 3100 5576 3101 5573 3098 5573 3098 5576 3101 5577 3102 5573 3098 5577 3102 5570 3095 5570 3095 5577 3102 5578 3103 5570 3095 5578 3103 5571 3096 5579 3104 4705 2216 4700 2211 4711 2222 4706 2217 5488 3013 5488 3013 4706 2217 4705 2216 4711 2222 5488 3013 4709 2220 4709 2220 5488 3013 5491 3016 4709 2220 5491 3016 4707 2218 4707 2218 5491 3016 5478 3003 4707 2218 5478 3003 4712 2223 4712 2223 5478 3003 5477 3002 4712 2223 5477 3002 4713 2224 4713 2224 5477 3002 5475 3000 4713 2224 5475 3000 5580 3105 4613 2124 4714 2225 5581 3106 5581 3106 4714 2225 5475 3000 5581 3106 5475 3000 5582 3107 5582 3107 5475 3000 5472 2997 5582 3107 5472 2997 5583 3108 5414 2939 5413 2938 5472 2997 5472 2997 5413 2938 5584 3109 5472 2997 5584 3109 5583 3108 5412 2937 5414 2939 5585 3110 5585 3110 5414 2939 5468 2993 5585 3110 5468 2993 5586 3111 5586 3111 5468 2993 5466 2991 5586 3111 5466 2991 5587 3112 5465 2990 5464 2989 5466 2991 5466 2991 5464 2989 5588 3113 5466 2991 5588 3113 5587 3112 5409 2934 5411 2936 5589 3114 5589 3114 5411 2936 5456 2981 5589 3114 5456 2981 5454 2979 5454 2979 5456 2981 5455 2980 5454 2979 5455 2980 5451 2976 5590 3115 5591 3116 5450 2975 5450 2975 5591 3116 5592 3117 5450 2975 5592 3117 5448 2973 5590 3115 5450 2975 5593 3118 5593 3118 5450 2975 5594 3119 5593 3118 5594 3119 5595 3120 5595 3120 5594 3119 5596 3121 5595 3120 5596 3121 5597 3122 5597 3122 5596 3121 5598 3123 5597 3122 5598 3123 5599 3124 5599 3124 5598 3123 5600 3125 5600 3125 5598 3123 5601 3126 5600 3125 5601 3126 5602 3127 5602 3127 5601 3126 5603 3128 5603 3128 5601 3126 5604 3129 5603 3128 5604 3129 5605 3130 5408 2933 5407 2932 5604 3129 5604 3129 5407 2932 5606 3131 5604 3129 5606 3131 5605 3130 5406 2931 5408 2933 5607 3132 5607 3132 5408 2933 5608 3133 5607 3132 5608 3133 5609 3134 5609 3134 5608 3133 5610 3135 5609 3134 5610 3135 5611 3136 5611 3136 5610 3135 5612 3137 5612 3137 5610 3135 5613 3138 5612 3137 5613 3138 5614 3139 5614 3139 5613 3138 5615 3140 5615 3140 5613 3138 5616 3141 5615 3140 5616 3141 5617 3142 5617 3142 5616 3141 5618 3143 5618 3143 5616 3141 5619 3144 5618 3143 5619 3144 5620 3145 5620 3145 5619 3144 5621 3146 5620 3145 5621 3146 5622 3147 5622 3147 5621 3146 5623 3148 5622 3147 5623 3148 5624 3149 5525 3050 5625 3150 5526 3051 5526 3051 5625 3150 5626 3151 5526 3051 5626 3151 5623 3148 5623 3148 5626 3151 5627 3152 5623 3148 5627 3152 5624 3149 5511 3036 5628 3153 5417 2942 5417 2942 5628 3153 5629 3154 5417 2942 5629 3154 5520 3045 5520 3045 5629 3154 5522 3047 5520 3045 5522 3047 5521 3046 5521 3046 5522 3047 5524 3049 5518 3043 5510 3035 5517 3042 5517 3042 5510 3035 5421 2946 5517 3042 5421 2946 5630 3155 5630 3155 5421 2946 5631 3156 5420 2945 5632 3157 5421 2946 5421 2946 5632 3157 5633 3158 5421 2946 5633 3158 5631 3156 5631 3156 5633 3158 5634 3159 5635 3160 5636 3161 5633 3158 5633 3158 5636 3161 5637 3162 5633 3158 5637 3162 5634 3159 5632 3157 5509 3034 5633 3158 5633 3158 5509 3034 5508 3033 5633 3158 5508 3033 5635 3160 5635 3160 5508 3033 5506 3031 5635 3160 5506 3031 5638 3163 5638 3163 5506 3031 5639 3164 5639 3164 5506 3031 5504 3029 5639 3164 5504 3029 5640 3165 5640 3165 5504 3029 4635 2146 5640 3165 4635 2146 4593 2103 4634 2145 4642 2153 5501 3026 5501 3026 4642 2153 4641 2152 5501 3026 4641 2152 5504 3029 5504 3029 4641 2152 4636 2147 5504 3029 4636 2147 4635 2146 5500 3025 5499 3024 5501 3026 5501 3026 5499 3024 4629 2140 5501 3026 4629 2140 4634 2145 4623 2134 4633 2144 5497 3022 5497 3022 4633 2144 4632 2143 5497 3022 4632 2143 5499 3024 5499 3024 4632 2143 4630 2141 5499 3024 4630 2141 4629 2140 5405 2930 4626 2137 5497 3022 5497 3022 4626 2137 4624 2135 5497 3022 4624 2135 4623 2134 5641 3166 4621 2132 5642 3167 5642 3167 4621 2132 4622 2133 5642 3167 4622 2133 4628 2139 4763 2274 4762 2273 5641 3166 5643 3168 5644 3169 5645 3170 5643 3168 5645 3170 5646 3171 5646 3171 5645 3170 5647 3172 5646 3171 5647 3172 5648 3173 5649 3174 5650 3175 5651 3176 5651 3176 5650 3175 5646 3171 5651 3176 5646 3171 5652 3177 5652 3177 5646 3171 5648 3173 5644 3169 5643 3168 5653 3178 5653 3178 5643 3168 5654 3179 5653 3178 5654 3179 5655 3180 5656 3181 5657 3182 5658 3183 5656 3181 5658 3183 5654 3179 5654 3179 5658 3183 5659 3184 5654 3179 5659 3184 5655 3180 4767 2278 4737 2248 5660 3185 5660 3185 4737 2248 4739 2250 5660 3185 4739 2250 4738 2249 4738 2249 4747 2258 5660 3185 5660 3185 4747 2258 4746 2257 5660 3185 4746 2257 5656 3181 5656 3181 5661 3186 5662 3187 5656 3181 5662 3187 5657 3182 5641 3166 5642 3167 4763 2274 4763 2274 5642 3167 5663 3188 4763 2274 5663 3188 4959 2471 4959 2471 5663 3188 5664 3189 4959 2471 5664 3189 4961 2473 4961 2473 5664 3189 5650 3175 4961 2473 5650 3175 4906 2418 4906 2418 5650 3175 5649 3174 4906 2418 5649 3174 5404 2929 4700 2211 4939 2451 5579 3104 5579 3104 4939 2451 4984 2496 5579 3104 4984 2496 5665 3190 5665 3190 4984 2496 4986 2498 5665 3190 4986 2498 5666 3191 5666 3191 4986 2498 4988 2500 5666 3191 4988 2500 5667 3192 5667 3192 4988 2500 4919 2431 5667 3192 4919 2431 5573 3098 5573 3098 4919 2431 5572 3097 5573 3098 5572 3097 5574 3099 5547 3072 5668 3193 5548 3073 5548 3073 5668 3193 5669 3194 5548 3073 5669 3194 5546 3071 5546 3071 5669 3194 5670 3195 4628 2139 5405 2930 5642 3167 5642 3167 5405 2930 5494 3019 5642 3167 5494 3019 5663 3188 5663 3188 5494 3019 5549 3074 5663 3188 5549 3074 5664 3189 5664 3189 5549 3074 5551 3076 5664 3189 5551 3076 5650 3175 5650 3175 5551 3076 5553 3078 5650 3175 5553 3078 5646 3171 5646 3171 5553 3078 5555 3080 5646 3171 5555 3080 5643 3168 5643 3168 5555 3080 5543 3068 5643 3168 5543 3068 5654 3179 5654 3179 5543 3068 5546 3071 5654 3179 5546 3071 5656 3181 5656 3181 5546 3071 5670 3195 5656 3181 5670 3195 5660 3185 5046 2558 4767 2278 5671 3196 5671 3196 4767 2278 5660 3185 5671 3196 5660 3185 5672 3197 5672 3197 5660 3185 5670 3195 5672 3197 5670 3195 5542 3067 5542 3067 5670 3195 5669 3194 5542 3067 5669 3194 5540 3065 5540 3065 5669 3194 5668 3193 5563 3088 4924 2436 5564 3089 5564 3089 4924 2436 5041 2553 5564 3089 5041 2553 5673 3198 5673 3198 5041 2553 5086 2598 5673 3198 5086 2598 5674 3199 5674 3199 5086 2598 5106 2618 5674 3199 5106 2618 5675 3200 4705 2216 5579 3104 5488 3013 5488 3013 5579 3104 5665 3190 5488 3013 5665 3190 5486 3011 5486 3011 5665 3190 5666 3191 5486 3011 5666 3191 5484 3009 5484 3009 5666 3191 5667 3192 5484 3009 5667 3192 5482 3007 5482 3007 5667 3192 5573 3098 5482 3007 5573 3098 5424 2949 5424 2949 5573 3098 5570 3095 5424 2949 5570 3095 5426 2951 5426 2951 5570 3095 5567 3092 5426 2951 5567 3092 5427 2952 5427 2952 5567 3092 5564 3089 5427 2952 5564 3089 5676 3201 5676 3201 5564 3089 5673 3198 5676 3201 5673 3198 5677 3202 5677 3202 5673 3198 5674 3199 5677 3202 5674 3199 5678 3203 5678 3203 5674 3199 5675 3200 5678 3203 5675 3200 5679 3204 5428 2953 5427 2952 5429 2954 5429 2954 5427 2952 5676 3201 5429 2954 5676 3201 5430 2955 5430 2955 5676 3201 5677 3202 5430 2955 5677 3202 5432 2957 5432 2957 5677 3202 5678 3203 5432 2957 5678 3203 5435 2960 5435 2960 5678 3203 5679 3204 5435 2960 5679 3204 5437 2962 5451 2976 5440 2965 5450 2975 5450 2975 5440 2965 5442 2967 5450 2975 5442 2967 5594 3119 5594 3119 5442 2967 5680 3205 5594 3119 5680 3205 5596 3121 5596 3121 5680 3205 5681 3206 5596 3121 5681 3206 5598 3123 5598 3123 5681 3206 5682 3207 5598 3123 5682 3207 5601 3126 5601 3126 5682 3207 5683 3208 5601 3126 5683 3208 5604 3129 5604 3129 5683 3208 5684 3209 5604 3129 5684 3209 5408 2933 5408 2933 5684 3209 5685 3210 5408 2933 5685 3210 5608 3133 5608 3133 5685 3210 5686 3211 5608 3133 5686 3211 5610 3135 5610 3135 5686 3211 5687 3212 5610 3135 5687 3212 5613 3138 5613 3138 5687 3212 5688 3213 5613 3138 5688 3213 5616 3141 5616 3141 5688 3213 5689 3214 5616 3141 5689 3214 5619 3144 5619 3144 5689 3214 5690 3215 5619 3144 5690 3215 5621 3146 5621 3146 5690 3215 5691 3216 5621 3146 5691 3216 5623 3148 5623 3148 5691 3216 5692 3217 5623 3148 5692 3217 5526 3051 5526 3051 5692 3217 5535 3060 5526 3051 5535 3060 5527 3052 5527 3052 5535 3060 5534 3059 5091 2603 5046 2558 5693 3218 5693 3218 5046 2558 5671 3196 5693 3218 5671 3196 5694 3219 5694 3219 5671 3196 5672 3197 5694 3219 5672 3197 5532 3057 5532 3057 5672 3197 5542 3067 5532 3057 5542 3067 5530 3055 5530 3055 5542 3067 5541 3066 5136 2648 5091 2603 5695 3220 5695 3220 5091 2603 5693 3218 5695 3220 5693 3218 5696 3221 5696 3221 5693 3218 5694 3219 5696 3221 5694 3219 5697 3222 5697 3222 5694 3219 5532 3057 5697 3222 5532 3057 5698 3223 5698 3223 5532 3057 5537 3062 5698 3223 5537 3062 5699 3224 5699 3224 5537 3062 5535 3060 5699 3224 5535 3060 5700 3225 5700 3225 5535 3060 5692 3217 5700 3225 5692 3217 5701 3226 5701 3226 5692 3217 5691 3216 5701 3226 5691 3216 5702 3227 5702 3227 5691 3216 5690 3215 5702 3227 5690 3215 5703 3228 5703 3228 5690 3215 5689 3214 5703 3228 5689 3214 5704 3229 5704 3229 5689 3214 5688 3213 5704 3229 5688 3213 5705 3230 5705 3230 5688 3213 5687 3212 5705 3230 5687 3212 5706 3231 5706 3231 5687 3212 5686 3211 5706 3231 5686 3211 5707 3232 5707 3232 5686 3211 5685 3210 5707 3232 5685 3210 5708 3233 5708 3233 5685 3210 5684 3209 5708 3233 5684 3209 5709 3234 5709 3234 5684 3209 5683 3208 5709 3234 5683 3208 5710 3235 5710 3235 5683 3208 5682 3207 5710 3235 5682 3207 5711 3236 5711 3236 5682 3207 5681 3206 5711 3236 5681 3206 5712 3237 5712 3237 5681 3206 5680 3205 5712 3237 5680 3205 5713 3238 5713 3238 5680 3205 5442 2967 5713 3238 5442 2967 5714 3239 5714 3239 5442 2967 5445 2970 5714 3239 5445 2970 5715 3240 5715 3240 5445 2970 5437 2962 5715 3240 5437 2962 5716 3241 5716 3241 5437 2962 5679 3204 5716 3241 5679 3204 5717 3242 5717 3242 5679 3204 5675 3200 5717 3242 5675 3200 5112 2624 5112 2624 5675 3200 5106 2618 5718 3243 5173 2685 4556 2066 4556 2066 5173 2685 5197 2709 4556 2066 5197 2709 4557 2067 5719 3244 5176 2688 5718 3243 5718 3243 5176 2688 5174 2686 5718 3243 5174 2686 5173 2685 4531 2040 5227 2739 4532 2041 4532 2041 5227 2739 5226 2738 5226 2738 5230 2742 4532 2041 4532 2041 5230 2742 5229 2741 4532 2041 5229 2741 5228 2740 5240 2752 5176 2688 5719 3244 5240 2752 5719 3244 5235 2747 5252 2764 5251 2763 5719 3244 5719 3244 5251 2763 5236 2748 5719 3244 5236 2748 5235 2747 5268 2780 5276 2788 5720 3245 5268 2780 5720 3245 5255 2767 5267 2779 5266 2778 5720 3245 5720 3245 5266 2778 5256 2768 5720 3245 5256 2768 5255 2767 5721 3246 5326 2838 5325 2837 5325 2837 5330 2842 5721 3246 5722 3247 5330 2842 4562 2072 5722 3247 4562 2072 4564 2074 5312 2824 5322 2834 5313 2825 5313 2825 5322 2834 5723 3248 5308 2820 5313 2825 5309 2821 5309 2821 5313 2825 5723 3248 5309 2821 5723 3248 5290 2802 5290 2802 5723 3248 5291 2803 5322 2834 5320 2832 5723 3248 5723 3248 5320 2832 5724 3249 5723 3248 5724 3249 5291 2803 5291 2803 5724 3249 5375 2899 5721 3246 5725 3250 5326 2838 5326 2838 5725 3250 5726 3251 5326 2838 5726 3251 5316 2828 5316 2828 5726 3251 5318 2830 5320 2832 5318 2830 5724 3249 5724 3249 5318 2830 5726 3251 5724 3249 5726 3251 5375 2899 5375 2899 5726 3251 5725 3250 5375 2899 5725 3250 5374 2898 5374 2898 5725 3250 5307 2819 5299 2811 5727 3252 5301 2813 5301 2813 5727 3252 5728 3253 5299 2811 5297 2809 5727 3252 5727 3252 5297 2809 5296 2808 5727 3252 5296 2808 5725 3250 5725 3250 5296 2808 5305 2817 5725 3250 5305 2817 5307 2819 5720 3245 5276 2788 5728 3253 5728 3253 5276 2788 5293 2805 5728 3253 5293 2805 5301 2813 4559 2069 5396 2921 4560 2070 4560 2070 5396 2921 5394 2919 5394 2919 5393 2918 4560 2070 4560 2070 5393 2918 5400 2925 4560 2070 5400 2925 5398 2923 5729 3254 5730 3255 5731 3256 5732 3257 5733 3258 5734 3259 5735 3260 5736 3261 5737 3262 5738 3263 5739 3264 5740 3265 5740 3265 5739 3264 5741 3266 5740 3265 5741 3266 5742 3267 5742 3267 5741 3266 5743 3268 5742 3267 5743 3268 5744 3269 5744 3269 5743 3268 5745 3270 5744 3269 5745 3270 5746 3271 5746 3271 5745 3270 5747 3272 5746 3271 5748 3273 5749 3274 5750 3275 5738 3263 5751 3276 5752 3277 5753 3278 5754 3279 5754 3279 5753 3278 5755 3280 5754 3279 5755 3280 5756 3281 5757 3282 5758 3283 5759 3284 5759 3284 5758 3283 5760 3285 5735 3260 5737 3262 5761 3286 5761 3286 5737 3262 5762 3287 5761 3286 5762 3287 5763 3288 5762 3287 5764 3289 5763 3288 5763 3288 5764 3289 5765 3290 5763 3288 5765 3290 5766 3291 5766 3291 5765 3290 5767 3292 5766 3291 5767 3292 5768 3293 5769 3294 5770 3294 5771 3295 5768 3293 5771 3296 5772 3297 5772 3297 5771 3296 5773 3298 5772 3297 5773 3298 5774 3299 5774 3299 5773 3298 5775 3300 5776 3301 5777 3302 5778 3303 5778 3304 5779 3305 5780 3306 5778 3304 5780 3306 5774 3299 5734 3259 5777 3302 5732 3257 5732 3257 5777 3302 5776 3301 5732 3257 5776 3301 5733 3258 5733 3258 5776 3301 5781 3307 5729 3254 5731 3256 5782 3308 5783 3309 5784 3310 5556 3081 5556 3081 5784 3310 5557 3082 5557 3082 5784 3310 5544 3069 5544 3069 5784 3310 5785 3311 5544 3069 5785 3311 5545 3070 5545 3070 5785 3311 5547 3072 5547 3072 5785 3311 5786 3312 5547 3072 5786 3312 5668 3193 5787 3313 5788 3314 5540 3065 5540 3065 5788 3314 5541 3066 5541 3066 5788 3314 5789 3315 5541 3066 5789 3315 5530 3055 5789 3315 5790 3316 5530 3055 5530 3055 5790 3316 5791 3317 5530 3055 5791 3317 5531 3056 5791 3317 5792 3318 5531 3056 5531 3056 5792 3318 5793 3319 5531 3056 5793 3319 5533 3058 5533 3058 5793 3319 5539 3064 5538 3063 5794 3320 5536 3061 5536 3061 5794 3320 5795 3321 5536 3061 5795 3321 5534 3059 5534 3059 5795 3321 5527 3052 5527 3052 5795 3321 5796 3322 5527 3052 5796 3322 5528 3053 5528 3053 5796 3322 5797 3323 5528 3053 5797 3323 5529 3054 5529 3054 5797 3323 5798 3324 5529 3054 5798 3324 5524 3049 5524 3049 5798 3324 5799 3325 5524 3049 5799 3325 5521 3046 5521 3046 5799 3325 5800 3326 5521 3046 5800 3326 5519 3044 5519 3044 5800 3326 5801 3327 5519 3044 5801 3327 5415 2940 5415 2940 5801 3327 5416 2941 5416 2941 5801 3327 5802 3328 5416 2941 5802 3328 5418 2943 5418 2943 5802 3328 5514 3039 5514 3039 5802 3328 5803 3329 5514 3039 5803 3329 5516 3041 5516 3041 5803 3329 5804 3330 5516 3041 5804 3330 5518 3043 5419 2944 5510 3035 5805 3331 5805 3331 5510 3035 5518 3043 5806 3332 5518 3043 5807 3333 5807 3333 5518 3043 5804 3330 5807 3333 5804 3330 5808 3334 5738 3263 5740 3265 5751 3276 5751 3276 5740 3265 5809 3335 5751 3276 5809 3335 5750 3275 5750 3275 5809 3335 5810 3336 5750 3275 5810 3336 5811 3337 5811 3337 5810 3336 5812 3338 5811 3337 5812 3338 5813 3339 5813 3339 5812 3338 5814 3340 5813 3339 5814 3340 5756 3281 5756 3281 5814 3340 5815 3341 5756 3281 5815 3341 5754 3279 5816 3342 5746 3271 5817 3343 5817 3343 5746 3271 5749 3274 5817 3343 5749 3274 5818 3344 5818 3344 5749 3274 5748 3273 5816 3342 5819 3345 5746 3271 5746 3271 5819 3345 5820 3346 5746 3271 5820 3346 5744 3269 5744 3269 5820 3346 5821 3347 5744 3269 5821 3347 5742 3267 5742 3267 5821 3347 5822 3348 5742 3267 5822 3348 5740 3265 5740 3265 5822 3348 5823 3349 5740 3265 5823 3349 5809 3335 5757 3282 5753 3278 5758 3283 5758 3283 5753 3278 5752 3277 5758 3283 5752 3277 5760 3285 5730 3255 5781 3307 5731 3256 5731 3256 5781 3307 5776 3301 5731 3256 5776 3301 5824 3350 5824 3350 5776 3301 5775 3300 5824 3350 5775 3300 5825 3351 5825 3351 5775 3300 5773 3298 5825 3351 5773 3298 5787 3313 5787 3313 5773 3298 5771 3296 5787 3313 5771 3296 5826 3352 5826 3352 5771 3296 5767 3353 5788 3314 5767 3292 5789 3315 5789 3315 5767 3292 5765 3290 5789 3315 5765 3290 5790 3316 5790 3316 5765 3290 5764 3289 5790 3316 5764 3289 5791 3317 5791 3317 5764 3289 5762 3287 5791 3317 5762 3287 5792 3318 5792 3318 5762 3287 5737 3262 5792 3318 5737 3262 5793 3319 5793 3319 5737 3262 5736 3261 5793 3319 5736 3261 5827 3354 5760 3285 5736 3261 5735 3260 5760 3285 5735 3260 5759 3284 5540 3065 5668 3193 5787 3313 5787 3313 5668 3193 5786 3312 5787 3313 5786 3312 5825 3351 5825 3351 5786 3312 5785 3311 5825 3351 5785 3311 5824 3350 5828 3355 5785 3311 5784 3310 5828 3355 5784 3310 5731 3256 5731 3256 5784 3310 5783 3309 5731 3256 5783 3309 5782 3308 5782 3308 5783 3309 5556 3081 5782 3308 5556 3081 5554 3079 5819 3345 5808 3334 5820 3346 5820 3346 5808 3334 5804 3330 5820 3346 5804 3330 5821 3347 5821 3347 5804 3330 5803 3329 5821 3347 5803 3329 5822 3348 5822 3348 5803 3329 5802 3328 5822 3348 5802 3328 5823 3349 5823 3349 5802 3328 5801 3327 5823 3349 5801 3327 5809 3335 5809 3335 5801 3327 5800 3326 5809 3335 5800 3326 5810 3336 5810 3336 5800 3326 5799 3325 5810 3336 5799 3325 5812 3338 5812 3338 5799 3325 5798 3324 5812 3338 5798 3324 5814 3340 5814 3340 5798 3324 5797 3323 5814 3340 5797 3323 5815 3341 5815 3341 5797 3323 5796 3322 5815 3341 5796 3322 5754 3279 5754 3279 5796 3322 5795 3321 5754 3279 5795 3321 5752 3277 5752 3277 5795 3321 5794 3320 5752 3277 5794 3320 5829 3356 5829 3356 5794 3320 5538 3063 5829 3356 5538 3063 5539 3064 5830 3357 5831 3358 5832 3359 5830 3357 5832 3359 5833 3360 5833 3360 5832 3359 5834 3361 5833 3360 5834 3361 5835 3362 5836 3363 5834 3361 5837 3364 5836 3363 5837 3364 5838 3365 5561 3086 5560 3085 5837 3364 5837 3364 5560 3085 5559 3084 5837 3364 5559 3084 5838 3365 5838 3365 5559 3084 5558 3083 5839 3366 5550 3075 5561 3086 5840 3367 5552 3077 5550 3075 5554 3079 5552 3077 5782 3308 5782 3308 5552 3077 5840 3367 5782 3308 5840 3367 5841 3368 5842 3369 5843 3370 5844 3371 5830 3357 5845 3372 5831 3358 5831 3358 5845 3372 5846 3373 5831 3358 5846 3373 5847 3374 5734 3259 5733 3258 5848 3375 5848 3375 5733 3258 5781 3307 5848 3375 5781 3307 5849 3376 5849 3376 5781 3307 5730 3255 5849 3376 5730 3255 5841 3368 5841 3368 5730 3255 5729 3254 5841 3368 5729 3254 5782 3308 5550 3075 5839 3366 5840 3367 5840 3367 5839 3366 5850 3377 5840 3367 5850 3377 5841 3368 5841 3368 5850 3377 5851 3378 5841 3368 5851 3378 5849 3376 5849 3376 5851 3378 5842 3369 5849 3376 5842 3369 5848 3375 5848 3375 5842 3369 5844 3371 5848 3375 5844 3371 5734 3259 5561 3086 5837 3364 5839 3366 5839 3366 5837 3364 5834 3361 5839 3366 5834 3361 5850 3377 5850 3377 5834 3361 5832 3359 5850 3377 5832 3359 5851 3378 5851 3378 5832 3359 5831 3358 5851 3378 5831 3358 5842 3369 5842 3369 5831 3358 5847 3374 5842 3369 5847 3374 5843 3370 5852 3379 5853 3380 5854 3381 5505 3030 5507 3032 5855 3382 5509 3034 5632 3157 5856 3383 5818 3344 5857 3384 5817 3343 5817 3343 5857 3384 5858 3385 5817 3343 5858 3385 5816 3342 5816 3342 5858 3385 5859 3386 5816 3342 5859 3386 5819 3345 5819 3345 5859 3386 5860 3387 5819 3345 5860 3387 5808 3334 5808 3334 5860 3387 5807 3333 5807 3333 5860 3387 5861 3388 5807 3333 5861 3388 5805 3331 5805 3331 5861 3388 5420 2945 5805 3331 5420 2945 5419 2944 5862 3389 5503 3028 5505 3030 5505 3030 5855 3382 5862 3389 5862 3389 5855 3382 5863 3390 5862 3389 5863 3390 5864 3391 5864 3391 5863 3390 5865 3392 5864 3391 5865 3392 5866 3393 5865 3392 5867 3394 5866 3393 5866 3393 5867 3394 5868 3395 5866 3393 5868 3395 5869 3396 5857 3384 5852 3379 5858 3385 5858 3385 5852 3379 5854 3381 5858 3385 5854 3381 5859 3386 5859 3386 5854 3381 5870 3397 5859 3386 5870 3397 5860 3387 5860 3387 5870 3397 5871 3398 5860 3387 5871 3398 5861 3388 5861 3388 5871 3398 5856 3383 5861 3388 5856 3383 5420 2945 5420 2945 5856 3383 5632 3157 5853 3380 5868 3395 5854 3381 5854 3381 5868 3395 5867 3394 5854 3381 5867 3394 5870 3397 5870 3397 5867 3394 5865 3392 5870 3397 5865 3392 5871 3398 5871 3398 5865 3392 5863 3390 5871 3398 5863 3390 5856 3383 5856 3383 5863 3390 5855 3382 5856 3383 5855 3382 5509 3034 5509 3034 5855 3382 5507 3032 5872 3399 5873 3400 5874 3401 5487 3012 5485 3010 5875 3402 5483 3008 5481 3006 5876 3403 5877 3404 5489 3014 5487 3012 5878 3405 5879 3406 5880 3407 5881 3408 5882 3409 5883 3410 5883 3410 5884 3411 5881 3408 5881 3408 5884 3411 5885 3412 5881 3408 5885 3412 5886 3413 5887 3414 5872 3399 5888 3415 5888 3415 5872 3399 5874 3401 5888 3415 5874 3401 5885 3412 5885 3412 5874 3401 5889 3416 5885 3412 5889 3416 5886 3413 5485 3010 5483 3008 5875 3402 5875 3402 5483 3008 5876 3403 5875 3402 5876 3403 5890 3417 5890 3417 5876 3403 5891 3418 5890 3417 5891 3418 5892 3419 5892 3419 5891 3418 5893 3420 5481 3006 5480 3005 5876 3403 5876 3403 5480 3005 5894 3421 5876 3403 5894 3421 5891 3418 5891 3418 5894 3421 5895 3422 5891 3418 5895 3422 5893 3420 5893 3420 5895 3422 5896 3423 5897 3424 5896 3423 5898 3425 5898 3425 5896 3423 5895 3422 5898 3425 5895 3422 5899 3426 5899 3426 5895 3422 5894 3421 5899 3426 5894 3421 5425 2950 5425 2950 5894 3421 5480 3005 5487 3012 5875 3402 5877 3404 5877 3404 5875 3402 5890 3417 5877 3404 5890 3417 5880 3407 5880 3407 5890 3417 5892 3419 5880 3407 5892 3419 5878 3405 5884 3411 5892 3419 5893 3420 5884 3411 5893 3420 5885 3412 5885 3412 5893 3420 5896 3423 5885 3412 5896 3423 5888 3415 5888 3415 5896 3423 5897 3424 5888 3415 5897 3424 5887 3414 5900 3427 5901 3428 5902 3429 5903 3430 5904 3431 5905 3432 5906 3433 5907 3434 5438 2963 5908 3435 5443 2968 5441 2966 5463 2988 5465 2990 5909 3436 5909 3436 5465 2990 5910 3437 5911 3438 5912 3439 5913 3440 5460 2985 5914 3441 5915 3442 5460 2985 5915 3442 5458 2983 5458 2983 5915 3442 5916 3443 5458 2983 5916 3443 5457 2982 5444 2969 5917 3444 5446 2971 5446 2971 5917 3444 5906 3433 5446 2971 5906 3433 5447 2972 5447 2972 5906 3433 5438 2963 5918 3445 5434 2959 5919 3446 5919 3446 5434 2959 5436 2961 5919 3446 5436 2961 5920 3447 5920 3447 5436 2961 5439 2964 5920 3447 5439 2964 5921 3448 5922 3449 5431 2956 5433 2958 5431 2956 5922 3449 5429 2954 5429 2954 5922 3449 5923 3450 5429 2954 5923 3450 5428 2953 5923 3450 5924 3451 5428 2953 5428 2953 5924 3451 5925 3452 5428 2953 5925 3452 5422 2947 5422 2947 5925 3452 5423 2948 5423 2948 5925 3452 5926 3453 5423 2948 5926 3453 5425 2950 5927 3454 5873 3400 5928 3455 5928 3455 5873 3400 5929 3456 5929 3456 5930 3457 5928 3455 5928 3455 5930 3457 5931 3458 5928 3455 5931 3458 5927 3454 5927 3454 5931 3458 5932 3459 5927 3454 5932 3459 5933 3460 5933 3460 5932 3459 5934 3461 5933 3460 5934 3461 5935 3462 5935 3462 5934 3461 5936 3463 5935 3462 5937 3464 5938 3465 5939 3466 5940 3467 5938 3465 5940 3467 5939 3466 5941 3468 5942 3469 5943 3470 5944 3471 5944 3471 5943 3470 5945 3472 5944 3471 5945 3472 5946 3473 5946 3473 5945 3472 5947 3474 5946 3473 5947 3474 5948 3475 5949 3476 5950 3477 5951 3478 5952 3479 5953 3480 5954 3481 5954 3481 5953 3480 5955 3482 5954 3481 5955 3482 5956 3483 5956 3483 5955 3482 5957 3484 5956 3483 5957 3484 5958 3485 5958 3485 5957 3484 5959 3486 5958 3485 5959 3486 5960 3487 5960 3487 5959 3486 5961 3488 5960 3487 5961 3488 5962 3489 5963 3490 5964 3490 5965 3491 5966 3492 5965 3493 5967 3494 5967 3494 5965 3493 5968 3495 5967 3494 5969 3496 5970 3497 5970 3497 5971 3498 5972 3499 5972 3499 5971 3498 5973 3500 5972 3499 5973 3500 5974 3501 5949 3476 5948 3475 5950 3477 5950 3477 5948 3475 5947 3474 5950 3477 5947 3474 5951 3478 5951 3478 5908 3435 5975 3502 5976 3503 5977 3504 5901 3505 5901 3505 5977 3504 5978 3506 5901 3505 5978 3506 5979 3507 5953 3480 5980 3508 5955 3482 5955 3482 5980 3508 5981 3509 5955 3482 5981 3509 5957 3484 5957 3484 5981 3509 5982 3510 5957 3484 5982 3510 5959 3486 5959 3486 5982 3510 5983 3511 5959 3486 5983 3511 5961 3488 5961 3488 5983 3511 5984 3512 5961 3513 5985 3514 5965 3493 5965 3493 5985 3514 5986 3515 5965 3493 5986 3515 5968 3495 5986 3515 5979 3507 5968 3495 5968 3495 5979 3507 5978 3506 5969 3496 5978 3506 5970 3497 5970 3497 5978 3506 5977 3504 5970 3497 5977 3504 5971 3498 5971 3498 5977 3504 5987 3516 5971 3498 5987 3516 5973 3500 5914 3441 5901 3505 5915 3442 5915 3442 5901 3505 5979 3507 5915 3442 5979 3507 5916 3443 5916 3443 5979 3507 5986 3515 5916 3443 5986 3515 5457 2982 5457 2982 5986 3515 5984 3512 5457 2982 5984 3512 5455 2980 5455 2980 5984 3512 5983 3511 5455 2980 5983 3511 5451 2976 5451 2976 5983 3511 5982 3510 5451 2976 5982 3510 5440 2965 5440 2965 5982 3510 5981 3509 5440 2965 5981 3509 5441 2966 5441 2966 5981 3509 5980 3508 5441 2966 5980 3508 5908 3435 5908 3435 5980 3508 5953 3480 5908 3435 5953 3480 5975 3502 5975 3502 5953 3480 5952 3479 5975 3502 5952 3479 5951 3478 5951 3478 5952 3479 5988 3517 5951 3478 5988 3517 5949 3476 5989 3518 5918 3445 5990 3519 5990 3519 5918 3445 5919 3446 5990 3519 5919 3446 5991 3520 5991 3520 5919 3446 5920 3447 5991 3520 5920 3447 5992 3521 5992 3521 5920 3447 5921 3448 5922 3449 5993 3522 5923 3450 5923 3450 5993 3522 5994 3523 5923 3450 5994 3523 5924 3451 5924 3451 5994 3523 5995 3524 5924 3451 5995 3524 5925 3452 5925 3452 5995 3524 5905 3432 5925 3452 5905 3432 5926 3453 5926 3453 5905 3432 5904 3431 5943 3470 5907 3434 5945 3472 5945 3472 5907 3434 5906 3433 5945 3472 5906 3433 5996 3525 5996 3525 5906 3433 5917 3444 5996 3525 5917 3444 5997 3526 5997 3526 5917 3444 5444 2969 5997 3526 5444 2969 5443 2968 5938 3465 5937 3464 5939 3466 5939 3466 5936 3463 5989 3518 5939 3466 5989 3518 5941 3468 5941 3468 5989 3518 5990 3519 5941 3468 5990 3519 5998 3527 5998 3527 5990 3519 5991 3520 5998 3527 5991 3520 5942 3469 5942 3469 5991 3520 5992 3521 5942 3469 5992 3521 5943 3470 5943 3470 5992 3521 5921 3448 5943 3470 5921 3448 5907 3434 5907 3434 5921 3448 5439 2964 5907 3434 5439 2964 5438 2963 5930 3457 5903 3430 5931 3458 5931 3458 5903 3430 5905 3432 5931 3458 5905 3432 5932 3459 5932 3459 5905 3432 5995 3524 5932 3459 5995 3524 5934 3461 5934 3461 5995 3524 5994 3523 5934 3461 5994 3523 5936 3463 5936 3463 5994 3523 5993 3522 5936 3463 5993 3522 5989 3518 5989 3518 5993 3522 5922 3449 5989 3518 5922 3449 5918 3445 5918 3445 5922 3449 5433 2958 5918 3445 5433 2958 5434 2959 5460 2985 5463 2988 5914 3441 5914 3441 5463 2988 5909 3436 5902 3429 5911 3528 5900 3427 5976 3503 5911 3438 5913 3440 5976 3503 5913 3440 5977 3504 5977 3504 5913 3440 5999 3529 5977 3504 5999 3529 5987 3516 5473 2998 5474 2999 6000 3530 6001 3531 6002 3532 6003 3533 6002 3532 6001 3531 6004 3534 6004 3534 6001 3531 6005 3535 6004 3534 6005 3535 6006 3536 5471 2996 5473 2998 6003 3533 6003 3533 5473 2998 6000 3530 6003 3533 6000 3530 6001 3531 6007 3537 5465 2990 5467 2992 5973 3500 5987 3516 6008 3538 6008 3538 5987 3516 6009 3539 6008 3538 6009 3539 6010 3540 6010 3540 6009 3539 6011 3541 6010 3540 6011 3541 6012 3542 6012 3542 6011 3541 6007 3537 6012 3542 6007 3537 6013 3543 6013 3543 6007 3537 5467 2992 6013 3543 5467 2992 5469 2994 6014 3544 6015 3545 6016 3546 6016 3546 6015 3545 6017 3547 6005 3535 6018 3548 6006 3536 6006 3536 6018 3548 6019 3549 6006 3536 6019 3549 6014 3544 6014 3544 6016 3546 6006 3536 6006 3536 6016 3546 6020 3550 6006 3536 6020 3550 6004 3534 6004 3534 6020 3550 6021 3551 6004 3534 6021 3551 6002 3532 6002 3532 6021 3551 6022 3552 6002 3532 6022 3552 6003 3533 6003 3533 6022 3552 5470 2995 6003 3533 5470 2995 5471 2996 5974 3501 5973 3500 6017 3547 6017 3547 5973 3500 6008 3538 6017 3547 6008 3538 6016 3546 6016 3546 6008 3538 6010 3540 6016 3546 6010 3540 6020 3550 6020 3550 6010 3540 6012 3542 6020 3550 6012 3542 6021 3551 6021 3551 6012 3542 6013 3543 6021 3551 6013 3543 6022 3552 6022 3552 6013 3543 5469 2994 6022 3552 5469 2994 5470 2995 6023 3553 6024 3554 6025 3555 5583 3108 5584 3109 6026 3556 4611 2122 4613 2124 5581 3106 6027 3557 4589 2099 4588 2098 4589 2099 6027 3557 4590 2100 4590 2100 6027 3557 6028 3558 4590 2100 6028 3558 4591 2101 6028 3558 6029 3559 4591 2101 4591 2101 6029 3559 6030 3560 4591 2101 6030 3560 4582 2092 4582 2092 6030 3560 6031 3561 4582 2092 6031 3561 4583 2093 6032 3562 5413 2938 5412 2937 4609 2120 4611 2122 6033 3563 6033 3563 4611 2122 5581 3106 6033 3563 5581 3106 6026 3556 6026 3556 5581 3106 5582 3107 6026 3556 5582 3107 5583 3108 6034 3564 6031 3561 6035 3565 6035 3565 6031 3561 6030 3560 6036 3566 6030 3560 6037 3567 6037 3567 6030 3560 6029 3559 6038 3568 6029 3559 6039 3569 6039 3569 6029 3559 6028 3558 6039 3569 6028 3558 6040 3570 6025 3571 6028 3558 6027 3557 6025 3571 6027 3557 6033 3563 6033 3563 6027 3557 4588 2098 6033 3563 4588 2098 4609 2120 6041 3572 6042 3573 6043 3574 4514 2023 6044 3575 6045 3576 6046 3577 6047 3578 6045 3576 6045 3576 6047 3578 4527 2035 6045 3576 4527 2035 4514 2023 5412 2937 6048 3579 6032 3562 6032 3562 6048 3579 6049 3580 6032 3562 6049 3580 6050 3581 6051 3582 6049 3580 6052 3583 6044 3575 6053 3584 6045 3576 6045 3585 6054 3586 6055 3587 6045 3576 6052 3583 6046 3577 6046 3577 6052 3583 6049 3580 6046 3577 6049 3580 6056 3588 6056 3588 6049 3580 6048 3579 6056 3588 6048 3579 5585 3110 5585 3110 6048 3579 5412 2937 5584 3109 5413 2938 6057 3589 6057 3589 5413 2938 6032 3562 6024 3554 6032 3562 6025 3555 6025 3555 6032 3562 6050 3581 6040 3570 6051 3582 6039 3569 6039 3569 6051 3582 6052 3583 6039 3569 6055 3587 6038 3568 6038 3568 6055 3587 6054 3586 6037 3567 6053 3584 6036 3566 6036 3566 6053 3584 6044 3575 6035 3565 6043 3574 6034 3564 6034 3564 6043 3574 6042 3573 5585 3110 5586 3111 6058 3590 6058 3590 5586 3111 6059 3591 6058 3590 6059 3591 6046 3577 6046 3577 6059 3591 4528 2036 6046 3577 4528 2036 6047 3578 6047 3578 4528 2036 4527 2035 6060 3592 6061 3593 6062 3594 6061 3593 6063 3595 5587 3112 5587 3112 6063 3595 6064 3596 5587 3112 6064 3596 5586 3111 6060 3592 6062 3594 6065 3597 6065 3597 6062 3594 6066 3598 6066 3598 6062 3594 6067 3599 6066 3598 6067 3599 6068 3600 6068 3600 6067 3599 6069 3601 6068 3600 6069 3601 6070 3602 6070 3602 6069 3601 6071 3603 6070 3602 6071 3603 6072 3604 6072 3604 6071 3603 6073 3605 6072 3604 6073 3605 6074 3606 6075 3607 6076 3608 6074 3606 6077 3609 6078 3610 6079 3611 6079 3611 6078 3610 6080 3612 6079 3611 6080 3612 5454 2979 5454 2979 6080 3612 5589 3114 6078 3610 6076 3608 6080 3612 6080 3612 6076 3608 6075 3607 6080 3612 6075 3607 5589 3114 5589 3114 6075 3607 5409 2934 6074 3606 6073 3605 6075 3607 6075 3607 6073 3605 5410 2935 6075 3607 5410 2935 5409 2934 6061 3593 5587 3112 6062 3594 6062 3594 5587 3112 5588 3113 6062 3594 5588 3113 6081 3613 6081 3613 5588 3113 5464 2989 6081 3613 5464 2989 6069 3601 6069 3601 5464 2989 5462 2987 6069 3601 5462 2987 6071 3603 6071 3603 5462 2987 5461 2986 6071 3603 5461 2986 6073 3605 6073 3605 5461 2986 5459 2984 6073 3605 5459 2984 5410 2935 6082 3614 6083 3615 6084 3616 6085 3617 6077 3609 6086 3618 6087 3619 6088 3620 6089 3621 5453 2978 5452 2977 6090 3622 6090 3622 5452 2977 5449 2974 6090 3622 5449 2974 6089 3621 6089 3621 5449 2974 5448 2973 6089 3621 5448 2973 6087 3619 6087 3619 5448 2973 5592 3117 6087 3619 5592 3117 5591 3116 6085 3617 6086 3618 6091 3623 6091 3623 6092 3624 6093 3625 6093 3625 6092 3624 6094 3626 6094 3626 6092 3624 6095 3627 6095 3627 6092 3624 6096 3628 6095 3627 6096 3628 6097 3629 5590 3115 5593 3118 6098 3630 6098 3630 5593 3118 6099 3631 6098 3630 6100 3632 6101 3633 6101 3633 6100 3632 6102 3634 6101 3633 6102 3634 6103 3635 5591 3116 5590 3115 6087 3619 6087 3619 5590 3115 6098 3630 6087 3619 6098 3630 6088 3620 6088 3620 6098 3630 6101 3633 6088 3620 6101 3633 6104 3636 6104 3636 6101 3633 6103 3635 6104 3636 6103 3635 6105 3637 6105 3637 6103 3635 6106 3638 5454 2979 5453 2978 6086 3618 6086 3618 5453 2978 6090 3622 6086 3618 6090 3622 6091 3623 6091 3623 6090 3622 6089 3621 6091 3623 6089 3621 6092 3624 6092 3624 6089 3621 6088 3620 6092 3624 6088 3620 6096 3628 6096 3628 6088 3620 6104 3636 6096 3628 6104 3636 6097 3629 6097 3629 6104 3636 6105 3637 6097 3629 6105 3637 6084 3616 6084 3616 6105 3637 6106 3638 6084 3616 6106 3638 6082 3614 5599 3124 5600 3125 6107 3639 5602 3127 5603 3128 6108 3640 5605 3130 5606 3131 6109 3641 5614 3139 5615 3140 6110 3642 6111 3643 6112 3644 6113 3645 6114 3646 6115 3647 6116 3648 6117 3649 6118 3650 6119 3651 6120 3652 6121 3653 6122 3654 6120 3652 6123 3655 6124 3656 6125 3657 6123 3658 6126 3659 6127 3660 6128 3661 6129 3662 6130 3663 6131 3664 6132 3665 6129 3662 6128 3661 6126 3659 6126 3659 6128 3661 6133 3666 6126 3659 6133 3666 6125 3657 6134 3667 6135 3668 6136 3669 6136 3669 6135 3668 6121 3653 6136 3669 6121 3653 6137 3670 6134 3667 6136 3669 6138 3671 6138 3671 6136 3669 6119 3651 6138 3671 6119 3651 6139 3672 6139 3672 6119 3651 6118 3650 6139 3672 6118 3650 6140 3673 6082 3614 6141 3674 6083 3615 6083 3615 6141 3674 6142 3675 6143 3676 6144 3677 6145 3678 6145 3678 6144 3677 6146 3679 6145 3678 6146 3679 6147 3680 6114 3646 6116 3648 6148 3681 6148 3681 6116 3648 6149 3682 6149 3682 6116 3648 6150 3683 6149 3682 6150 3683 6151 3684 6152 3685 6153 3686 6154 3687 6100 3632 6153 3686 6102 3634 6102 3634 6153 3686 6152 3685 6102 3634 6152 3685 6103 3635 6103 3635 6152 3685 6106 3638 5617 3142 5618 3143 6155 3688 6155 3688 5618 3143 5620 3145 6155 3688 5620 3145 6156 3689 6156 3689 5620 3145 5622 3147 6156 3689 5622 3147 6157 3690 6157 3690 5622 3147 5624 3149 6157 3690 5624 3149 5627 3152 5615 3140 5617 3142 6110 3642 6110 3642 5617 3142 6155 3688 6158 3691 6151 3684 6159 3692 6159 3692 6151 3684 6150 3683 6137 3670 6160 3693 6136 3669 6136 3669 6160 3693 6116 3648 6136 3669 6116 3648 6119 3651 6119 3651 6116 3648 6115 3647 6119 3651 6115 3647 6117 3649 6121 3653 6120 3652 6137 3670 6137 3670 6120 3652 6124 3656 6159 3692 6125 3657 6158 3691 6158 3691 6125 3657 6133 3666 6110 3642 6161 3694 5614 3139 5606 3131 6131 3664 6109 3641 6111 3643 6162 3695 6163 3696 6111 3643 6163 3696 6112 3644 6164 3697 6165 3698 6143 3676 6164 3697 6143 3676 6166 3699 6166 3699 6143 3676 6145 3678 6166 3699 6145 3678 6167 3700 6167 3700 6145 3678 6147 3680 6167 3700 6147 3680 6142 3675 5606 3131 5407 2932 6131 3664 6131 3664 5407 2932 5406 2931 6131 3664 5406 2931 6132 3665 6132 3665 5406 2931 5607 3132 6132 3665 5607 3132 6127 3701 6127 3701 5607 3132 5609 3134 6127 3701 5609 3134 6168 3702 6168 3702 5609 3134 5611 3136 6168 3702 5611 3136 6161 3694 6161 3694 5611 3136 5612 3137 6161 3694 5612 3137 5614 3139 6142 3675 6141 3674 6167 3700 6167 3700 6141 3674 6169 3703 6167 3700 6169 3703 6166 3699 6113 3645 6170 3704 6171 3705 6113 3645 6171 3705 6111 3643 6109 3641 6108 3640 5603 3128 6109 3641 5603 3128 5605 3130 6082 3614 6106 3638 6141 3674 6141 3674 6106 3638 6152 3685 6141 3674 6152 3685 6169 3703 6170 3704 6152 3685 6154 3687 6170 3704 6154 3687 6171 3705 6108 3640 6107 3639 5600 3125 6108 3640 5600 3125 5602 3127 5599 3124 6107 3639 5597 3122 5597 3122 6107 3639 6172 3706 5597 3122 6172 3706 5595 3120 5595 3120 6172 3706 6099 3631 5595 3120 6099 3631 5593 3118 6173 3707 6117 3649 6174 3708 5625 3150 6175 3709 6176 3710 6177 3711 5525 3050 6178 3712 6178 3712 5525 3050 6179 3713 6178 3712 6179 3713 6180 3714 6180 3714 6179 3713 5522 3047 6180 3714 5522 3047 6181 3715 6182 3716 6183 3717 6176 3710 6176 3710 6183 3717 6184 3718 6176 3710 6184 3718 5625 3150 6117 3649 6115 3647 6174 3708 6174 3708 6115 3647 6114 3646 6174 3708 6114 3646 6185 3719 6186 3720 6140 3673 6173 3707 6173 3707 6174 3708 6186 3720 6186 3720 6174 3708 6187 3721 6186 3720 6187 3721 6188 3722 6188 3722 6187 3721 6189 3723 6188 3722 6189 3723 6190 3724 6191 3725 6192 3726 6189 3723 6189 3723 6192 3726 6193 3727 6189 3723 6193 3727 6190 3724 6181 3715 6194 3728 6180 3714 6180 3714 6194 3728 6195 3729 6180 3714 6195 3729 6196 3730 5625 3150 5525 3050 6175 3709 6175 3709 5525 3050 6177 3711 6175 3709 6177 3711 6176 3710 6176 3710 6197 3731 6198 3732 6176 3710 6198 3732 6182 3716 6196 3730 6192 3726 6180 3714 6180 3714 6192 3726 6191 3725 6180 3714 6191 3725 6178 3712 6178 3712 6191 3725 6189 3723 6178 3712 6189 3723 6197 3731 6197 3731 6189 3723 6185 3719 6197 3731 6185 3719 6198 3732 6198 3732 6185 3719 6114 3646 6198 3732 6114 3646 6182 3716 5631 3156 5634 3159 6199 3733 5513 3038 5515 3040 6200 3734 6200 3734 5515 3040 5517 3042 6200 3734 5517 3042 6201 3735 6201 3735 5517 3042 5630 3155 6201 3735 5630 3155 6202 3736 6202 3736 5630 3155 5631 3156 6202 3736 5631 3156 6203 3737 6203 3737 5631 3156 6199 3733 6203 3737 6199 3733 6204 3738 5513 3038 6200 3734 5512 3037 5512 3037 6200 3734 6205 3739 5512 3037 6205 3739 5511 3036 5511 3036 6205 3739 6206 3740 5511 3036 6206 3740 5628 3153 5628 3153 6206 3740 6207 3741 5628 3153 6207 3741 5629 3154 5629 3154 6207 3741 6181 3715 5629 3154 6181 3715 5522 3047 6205 3739 6208 3742 6206 3740 6206 3740 6208 3742 6209 3743 6206 3740 6209 3743 6207 3741 6207 3741 6209 3743 6210 3744 6207 3741 6210 3744 6181 3715 6181 3715 6210 3744 6194 3728 6204 3738 6211 3745 6212 3746 6212 3746 6211 3745 6213 3747 6212 3746 6213 3747 6214 3748 6214 3748 6213 3747 6215 3749 6214 3748 6215 3749 6216 3750 6216 3750 6215 3749 6217 3751 6216 3750 6217 3751 6218 3752 6200 3734 6217 3751 6219 3753 6200 3734 6219 3753 6205 3739 6205 3739 6219 3753 6220 3754 6205 3739 6220 3754 6208 3742 6221 3755 5634 3159 5637 3162 6221 3755 5637 3162 6222 3756 6222 3756 5637 3162 6223 3757 6223 3757 5637 3162 6224 3758 6223 3757 6224 3758 6225 3759 4520 2029 6224 3760 6226 3761 4520 2029 6226 3761 4521 2030 6227 3762 6228 3763 6229 3764 4608 2119 6230 3765 6231 3766 4608 2119 6231 3766 4606 2117 4606 2117 6231 3766 6232 3767 4606 2117 6232 3767 4604 2115 6233 3768 5639 3164 5640 3165 4604 2115 6232 3767 4603 2114 4603 2114 6232 3767 6234 3769 4603 2114 6234 3769 4601 2112 4601 2112 6234 3769 6235 3770 4601 2112 6235 3770 4599 2110 4599 2110 6235 3770 6233 3768 4599 2110 6233 3768 4592 2102 4592 2102 6233 3768 5640 3165 4592 2102 5640 3165 4593 2103 5637 3162 5636 3161 6236 3771 6236 3771 5636 3161 5635 3160 6236 3771 5635 3160 6237 3772 6237 3772 5635 3160 5638 3163 6237 3772 5638 3163 6238 3773 6239 3774 5637 3162 6240 3775 6240 3775 5637 3162 6236 3771 6240 3775 6236 3771 6241 3776 6241 3776 6236 3771 6237 3772 6241 3776 6237 3772 6242 3777 6242 3777 6237 3772 6243 3778 6242 3777 6243 3778 6244 3779 6227 3762 6245 3780 6246 3781 6246 3781 6245 3780 6247 3782 6246 3781 6247 3782 6248 3783 6227 3762 6229 3764 6245 3780 6245 3780 6229 3764 4523 2032 6245 3780 4523 2032 6247 3782 4521 2030 6226 3761 4522 2031 4522 2031 6226 3761 6249 3784 4522 2031 6249 3784 4523 2032 4523 2032 6249 3784 6250 3785 4523 2032 6250 3785 6247 3782 6251 3786 6252 3787 6253 3788 6253 3788 6252 3787 6254 3789 6253 3788 6254 3789 6255 3790 6255 3790 6254 3789 6256 3791 6250 3785 6256 3792 6247 3782 6247 3782 6256 3792 6242 3777 6247 3782 6242 3777 6248 3783 6248 3783 6242 3777 6244 3779 5638 3163 5639 3164 6238 3773 6238 3773 5639 3164 6257 3793 6243 3778 6233 3768 6244 3779 6244 3779 6233 3768 6235 3770 6244 3779 6235 3770 6248 3783 6248 3783 6235 3770 6234 3769 6248 3783 6234 3769 6246 3781 6246 3781 6234 3769 6232 3767 6246 3781 6232 3767 6227 3762 6227 3762 6232 3767 6231 3766 6227 3762 6231 3766 6228 3763 6228 3763 6231 3766 6230 3765 5750 3275 5811 3337 6258 3794 5734 3259 6259 3795 6260 3796 5734 3259 6260 3796 5777 3302 5779 3305 6261 3797 6262 3798 5779 3305 6262 3798 5780 3306 5766 3291 5768 3293 6263 3799 6263 3799 5768 3293 5772 3297 6263 3799 5772 3297 6264 3800 6262 3798 5772 3297 5774 3299 6262 3798 5774 3299 5780 3306 5759 3284 5735 3260 5761 3286 5756 3281 5755 3280 6265 3801 6265 3801 5755 3280 5753 3278 5756 3281 6265 3801 5813 3339 5813 3339 6265 3801 6266 3802 5813 3339 6266 3802 5811 3337 6267 3803 6258 3794 5766 3291 5766 3291 6258 3794 5811 3337 5766 3291 5811 3337 5763 3288 5763 3288 5811 3337 6266 3802 5763 3288 6266 3802 5761 3286 5761 3286 6266 3802 6265 3801 5761 3286 6265 3801 5759 3284 5759 3284 6265 3801 5753 3278 5759 3284 5753 3278 5757 3282 5743 3268 5741 3266 6268 3804 6268 3804 5741 3266 5739 3264 6268 3804 5739 3264 6258 3794 6258 3794 5739 3264 5738 3263 6258 3794 5738 3263 5750 3275 6269 3805 5818 3344 6270 3806 6270 3806 5818 3344 5748 3273 6271 3807 5747 3272 6268 3804 6268 3804 5747 3272 5745 3270 6268 3804 5745 3270 5743 3268 5734 3259 5844 3371 6259 3795 6259 3795 5844 3371 5843 3370 5843 3370 5847 3374 6259 3795 6259 3795 5847 3374 5846 3373 6259 3795 5846 3373 5845 3372 5857 3384 5818 3344 6269 3805 5857 3384 6269 3805 5852 3379 5869 3396 5868 3395 6269 3805 6269 3805 5868 3395 5853 3380 6269 3805 5853 3380 5852 3379 5970 3497 6272 3808 6273 3809 5970 3497 5972 3499 6272 3808 6272 3808 5972 3499 5974 3501 6272 3808 5974 3501 6274 3810 5958 3485 5960 3487 6275 3811 6275 3811 5960 3487 5966 3492 6275 3811 5966 3492 6273 3809 6273 3809 5966 3492 5967 3494 6273 3809 5967 3494 5970 3497 6276 3812 5944 3471 5946 3473 5946 3473 5948 3475 6276 3812 6276 3812 5948 3475 5949 3476 6276 3812 5949 3476 5988 3517 5952 3479 5954 3481 6277 3813 6277 3813 5954 3481 5956 3483 6277 3813 5956 3483 6278 3814 5988 3517 5952 3479 6276 3812 6276 3812 5952 3479 6277 3813 6276 3812 6277 3813 5944 3471 5944 3471 6277 3813 6278 3814 5944 3471 6278 3814 5942 3469 5942 3469 6278 3814 5998 3527 5940 3467 6279 3815 5938 3465 5938 3465 6279 3815 6280 3816 5938 3465 6280 3816 5935 3462 5956 3483 5958 3485 6278 3814 6278 3814 5958 3485 6275 3811 6278 3814 6275 3811 5998 3527 5998 3527 6275 3811 6279 3815 5998 3527 6279 3815 5941 3468 5941 3468 6279 3815 5940 3467 6281 3817 5873 3400 6282 3818 6282 3818 5873 3400 5927 3454 6282 3818 5927 3454 6280 3816 6280 3816 5927 3454 5933 3460 6280 3816 5933 3460 5935 3462 5874 3401 5873 3400 6281 3817 5874 3401 6281 3817 5889 3416 5882 3409 5881 3408 6281 3817 6281 3817 5881 3408 5886 3413 6281 3817 5886 3413 5889 3416 5974 3501 6017 3547 6274 3810 6274 3810 6017 3547 6015 3545 6015 3545 6014 3544 6274 3810 6274 3810 6014 3544 6019 3549 6274 3810 6019 3549 6018 3548 6283 3819 6060 3820 6284 3819 6060 3592 6285 3821 6061 3593 6286 3822 6059 3591 5586 3111 6287 3823 4528 2036 6059 3591 6059 3591 6286 3822 6287 3823 6287 3823 6286 3822 6288 3824 6287 3823 6288 3824 6289 3825 5586 3111 6064 3596 6286 3822 6286 3822 6064 3596 6063 3595 6286 3822 6063 3595 6288 3824 6288 3824 6063 3595 6061 3593 6288 3824 6061 3593 6289 3825 6289 3825 6061 3593 6285 3821 6290 3826 6291 1 6292 3827 6292 3827 6065 3597 6066 3598 6076 3608 6078 3610 6292 3827 6292 3827 6078 3610 6077 3609 6292 3827 6077 3609 6290 3826 6076 3608 6292 3827 6074 3606 6074 3606 6292 3827 6066 3598 6074 3606 6066 3598 6072 3604 6072 3604 6066 3598 6068 3600 6072 3604 6068 3600 6070 3602 6083 3615 6293 3828 6084 3616 6084 3616 6293 3828 6294 3829 6084 3616 6294 3829 6097 3629 6097 3629 6294 3829 6295 3830 6091 3623 6093 3625 6296 3831 6296 3831 6093 3625 6094 3626 6296 3831 6094 3626 6295 3830 6295 3830 6094 3626 6095 3627 6295 3830 6095 3627 6097 3629 6091 3623 6296 3831 6085 3617 6085 3617 6296 3831 6290 3826 6085 3617 6290 3826 6077 3609 6293 3828 6083 3615 6142 3675 6142 3675 6147 3680 6293 3828 6293 3828 6147 3680 6146 3679 6293 3828 6146 3679 6144 3677 6297 3832 6298 3833 6299 3834 6300 3835 6301 3835 6302 3835 6302 3836 6301 3837 6132 3665 6302 3836 6132 3665 6303 3838 6297 3839 6299 3839 6304 3839 6305 0 6306 0 6307 0 6307 0 6308 0 6305 0 6305 3840 6308 3840 6309 3840 6305 0 6309 0 6310 0 6310 0 6309 0 6311 0 6310 0 6311 0 6300 0 6300 3841 6311 3841 6312 3841 6300 3842 6312 3842 6301 3842 6303 3838 6132 3665 6299 3843 6299 3843 6132 3665 6127 3701 6299 3843 6127 3701 6304 3844 6313 0 6314 0 6315 0 6315 0 6314 0 6316 0 6315 0 6316 0 6317 0 6317 210 6316 210 6318 210 6317 0 6318 0 6319 0 6319 0 6318 0 6299 0 6319 3845 6299 3845 6320 3845 6320 3846 6299 3846 6298 3846 6122 3654 6121 3653 6321 3847 6321 3847 6121 3653 6135 3668 6321 3847 6135 3668 6134 3667 6134 3667 6138 3671 6321 3847 6321 3847 6138 3671 6139 3672 6321 3847 6139 3672 6140 3673 6194 3728 6322 3848 6195 3729 6195 3729 6322 3848 6323 3849 6195 3729 6323 3849 6196 3730 6324 3850 6193 3727 6325 3851 6323 3849 6193 3727 6192 3726 6323 3849 6192 3726 6196 3730 6326 3852 6321 3847 6140 3673 6140 3673 6186 3720 6326 3852 6326 3852 6186 3720 6188 3722 6326 3852 6188 3722 6324 3850 6324 3850 6188 3722 6190 3724 6324 3850 6190 3724 6193 3727 6327 3853 6328 3 6322 3848 6322 3848 6194 3728 6327 3853 6327 3853 6194 3728 6210 3744 6327 3853 6210 3744 6209 3743 6219 3753 6217 3751 6327 3853 6327 3853 6217 3751 6215 3749 6327 3853 6215 3749 6213 3747 6209 3743 6208 3742 6327 3853 6327 3853 6208 3742 6220 3754 6327 3853 6220 3754 6219 3753 6211 3745 6329 3854 6213 3747 6221 3755 6222 3756 6330 3855 6223 3757 6225 3759 6331 3856 6221 3755 6330 3855 5634 3159 5634 3159 6330 3855 6199 3733 6199 3733 6330 3855 6332 3857 6199 3733 6332 3857 6204 3738 6211 3745 6204 3738 6329 3854 6329 3854 6204 3738 6332 3857 6329 3854 6332 3857 6333 3858 6333 3858 6332 3857 6330 3855 6333 3858 6330 3855 6331 3856 6331 3856 6330 3855 6222 3756 6331 3856 6222 3756 6223 3757 6299 0 6300 0 6302 0 6299 3859 6302 3859 6303 3859 6334 1 6335 1 6336 1 6336 1 6335 1 6337 1 6338 2 6339 2 6340 2 6340 2 6339 2 6341 2 6342 3 6343 3 6344 3 6344 3 6343 3 6345 3 6346 4 6347 4 6348 4 6348 4 6347 4 6349 4 6350 1 6351 1 6352 1 6352 1 6351 1 6353 1 6354 2 6355 2 6356 2 6356 2 6355 2 6357 2 6358 3 6359 3 6360 3 6360 3 6359 3 6361 3 6362 4 6363 4 6364 4 6364 4 6363 4 6365 4 6366 60 6367 60 6368 60 6368 60 6367 60 6369 60 6370 60 6371 60 6372 60 6372 60 6371 60 6373 60 6372 60 6373 60 6366 60 6366 60 6373 60 6374 60 6366 3860 6374 3860 6367 3860 6370 60 6368 60 6371 60 6371 3861 6368 3861 6369 3861 6371 3862 6369 3862 6375 3862 6375 60 6369 60 6376 60 6375 60 6376 60 6374 60 6374 60 6376 60 6377 60 6374 60 6377 60 6367 60 6378 2 6379 2 6380 2 6380 2 6379 2 6381 2 6382 3 6383 3 6384 3 6384 3 6383 3 6385 3 6386 4 6387 4 6388 4 6388 4 6387 4 6389 4 6390 1 6391 1 6392 1 6392 1 6391 1 6393 1 6394 0 6395 0 6396 0 6397 0 6398 0 6399 0 6399 7 6398 7 6400 7 6400 0 6398 0 6401 0 6401 0 6398 0 6395 0 6401 0 6395 0 6402 0 6402 0 6395 0 6403 0 6402 0 6403 0 6399 0 6399 0 6403 0 6404 0 6399 0 6404 0 6397 0 6397 3863 6404 3863 6405 3863 6397 0 6405 0 6396 0 6396 0 6405 0 6406 0 6396 3864 6406 3864 6394 3864 6407 0 6408 0 6409 0 6409 0 6408 0 6410 0 6411 0 6408 0 6412 0 6412 0 6408 0 6407 0 6412 0 6413 0 6414 0 6414 0 6413 0 6415 0 6414 0 6415 0 6416 0 6416 0 6415 0 6417 0 6416 0 6417 0 6418 0 6418 3865 6417 3865 6409 3865 6418 0 6409 0 6419 0 6419 0 6409 0 6410 0 6420 1 6421 1 6422 1 6422 1 6421 1 6423 1 6424 4 6425 4 6426 4 6426 4 6425 4 6427 4 6428 3 6429 3 6430 3 6430 3 6429 3 6431 3 6432 2 6433 2 6434 2 6434 2 6433 2 6435 2 6436 60 6437 60 6438 60 6438 60 6437 60 6439 60 6438 60 6439 60 6440 60 6436 60 6441 60 6437 60 6437 60 6441 60 6442 60 6437 3866 6442 3866 6443 3866 6443 60 6442 60 6444 60 6443 60 6444 60 6445 60 6445 60 6444 60 6446 60 6445 3867 6446 3867 6439 3867 6439 60 6446 60 6447 60 6439 60 6447 60 6440 60 6448 4 6449 4 6450 4 6450 4 6449 4 6451 4 6452 3 6453 3 6454 3 6454 3 6453 3 6455 3 6456 2 6457 2 6458 2 6458 2 6457 2 6459 2 6460 3 6461 3 6462 3 6462 3 6461 3 6463 3 6464 2 6465 2 6466 2 6466 2 6465 2 6467 2 6468 1 6469 1 6470 1 6470 1 6469 1 6471 1 6472 2 6473 2 6474 2 6474 2 6473 2 6475 2 6476 1 6477 1 6478 1 6478 1 6477 1 6479 1 6480 60 6481 60 6482 60 6483 3868 6484 3868 6485 3868 6480 60 6486 60 6481 60 6481 60 6486 60 6483 60 6481 60 6483 60 6487 60 6487 60 6483 60 6485 60 6488 60 6489 60 6490 60 6490 60 6489 60 6480 60 6490 60 6480 60 6491 60 6491 60 6480 60 6482 60 6492 3869 6493 3869 6494 3869 6493 0 6492 0 6495 0 6495 0 6492 0 6496 0 6495 0 6496 0 6497 0 6497 0 6498 0 6495 0 6495 3870 6498 3870 6499 3870 6495 0 6499 0 6500 0 6494 0 6501 0 6492 0 6492 3871 6501 3871 6502 3871 6492 3872 6502 3872 6503 3872 6504 3873 6505 3873 6506 3873 6506 3873 6505 3873 6507 3873 6508 3874 6509 3874 6510 3874 6510 3875 6509 3875 6511 3875 6512 3876 6513 3876 6514 3876 6514 3877 6513 3877 6515 3877 6516 3878 6517 3878 6518 3878 6518 3878 6517 3878 6519 3878 6520 3879 6521 3879 6522 3879 6522 3880 6521 3880 6523 3880 6524 3881 6525 3881 6526 3881 6526 3882 6525 3882 6527 3882 6528 3883 6529 3883 6530 3883 6530 3884 6529 3884 6531 3884 6532 3885 6533 3885 6534 3885 6534 3886 6533 3886 6535 3886 6536 3887 6537 3887 6538 3887 6538 3887 6537 3887 6539 3887 6540 3888 6541 3888 6542 3888 6542 3889 6541 3889 6543 3889 6544 3890 6545 3890 6546 3890 6546 3891 6545 3891 6547 3891 6548 3892 6549 3892 6550 3892 6550 3892 6549 3892 6551 3892 6552 3893 6553 3893 6554 3893 6555 60 6556 60 6557 60 6558 60 6559 60 6560 60 6560 60 6559 60 6552 60 6560 60 6552 60 6561 60 6561 60 6552 60 6554 60 6552 3894 6562 3894 6553 3894 6553 60 6562 60 6555 60 6553 60 6555 60 6563 60 6563 60 6555 60 6557 60 6564 0 6565 0 6566 0 6566 0 6565 0 6567 0 6568 0 6569 0 6570 0 6570 0 6569 0 6564 0 6570 0 6564 0 6571 0 6571 3895 6564 3895 6566 3895 6572 0 6573 0 6574 0 6574 3896 6573 3896 6566 3896 6574 3897 6566 3897 6575 3897 6575 3898 6566 3898 6567 3898 6576 3899 6577 3899 6578 3899 6578 3900 6577 3900 6579 3900 6580 3901 6581 3901 6582 3901 6582 3902 6581 3902 6583 3902 6584 3876 6585 3876 6586 3876 6586 3877 6585 3877 6587 3877 6588 3903 6589 3903 6590 3903 6590 3903 6589 3903 6591 3903 6592 3904 6593 3904 6594 3904 6594 3905 6593 3905 6595 3905 6596 3906 6597 3906 6598 3906 6598 3907 6597 3907 6599 3907 6600 3908 6601 3908 6602 3908 6602 3908 6601 3908 6603 3908 6604 3909 6605 3909 6606 3909 6606 3910 6605 3910 6607 3910 6608 3911 6609 3911 6610 3911 6610 3911 6609 3911 6611 3911 6612 3912 6613 3912 6614 3912 6614 3913 6613 3913 6615 3913 6616 3914 6617 3914 6618 3914 6618 3915 6617 3915 6619 3915 6620 3916 6621 3916 6622 3916 6622 3916 6621 3916 6623 3916</p>
        </triangles>
        <triangles material="Material-橡胶_001-material" count="278">
          <input semantic="VERTEX" source="#mesh-aad698f0-7cd2-4af1-8879-816aef74c815_001-mesh-vertices" offset="0"/>
          <input semantic="NORMAL" source="#mesh-aad698f0-7cd2-4af1-8879-816aef74c815_001-mesh-normals" offset="1"/>
          <p>0 0 1 0 2 0 2 0 1 0 3 0 20 0 21 0 22 0 22 0 21 0 23 0 40 0 41 0 42 0 42 0 41 0 43 0 44 0 42 0 45 0 45 0 42 0 43 0 45 0 43 0 46 0 46 0 43 0 47 0 264 42 260 37 266 43 309 0 304 0 310 0 313 0 314 0 310 0 310 0 314 0 315 0 310 0 315 0 309 0 391 0 392 0 388 0 388 0 400 0 391 0 418 0 419 0 420 0 420 104 419 104 421 104 420 105 421 105 422 105 423 106 424 106 420 106 420 0 424 0 425 0 420 0 425 0 418 0 426 0 427 0 420 0 420 107 427 107 428 107 420 108 428 108 423 108 422 109 429 109 420 109 420 0 429 0 430 0 420 0 430 0 426 0 479 0 480 0 481 0 481 132 480 132 482 132 481 133 482 133 483 133 484 134 485 134 481 134 481 0 485 0 486 0 481 0 486 0 479 0 487 0 488 0 481 0 481 105 488 105 489 105 481 135 489 135 484 135 483 136 490 136 481 136 481 0 490 0 491 0 481 0 491 0 487 0 540 0 541 0 542 0 542 108 541 108 543 108 542 152 543 152 544 152 545 134 546 134 542 134 542 0 546 0 547 0 542 0 547 0 540 0 548 0 549 0 542 0 542 153 549 153 550 153 542 154 550 154 545 154 544 136 551 136 542 136 542 0 551 0 552 0 542 0 552 0 548 0 601 0 602 0 603 0 603 108 602 108 604 108 603 152 604 152 605 152 606 134 607 134 603 134 603 0 607 0 608 0 603 0 608 0 601 0 609 0 610 0 603 0 603 167 610 167 611 167 603 168 611 168 606 168 605 136 612 136 603 136 603 0 612 0 613 0 603 0 613 0 609 0 662 0 663 0 664 0 664 171 663 171 665 171 664 107 665 107 666 107 667 134 668 134 664 134 664 0 668 0 669 0 664 0 669 0 662 0 670 0 671 0 664 0 664 172 671 172 672 172 664 173 672 173 667 173 666 136 673 136 664 136 664 0 673 0 674 0 664 0 674 0 670 0 723 0 724 0 725 0 725 177 724 177 726 177 725 178 726 178 727 178 728 179 729 179 725 179 725 0 729 0 730 0 725 0 730 0 723 0 731 0 732 0 725 0 725 180 732 180 733 180 725 181 733 181 728 181 727 182 734 182 725 182 725 0 734 0 735 0 725 0 735 0 731 0 784 0 785 0 786 0 786 177 785 177 787 177 786 178 787 178 788 178 789 134 790 134 786 134 786 0 790 0 791 0 786 0 791 0 784 0 792 0 793 0 786 0 786 193 793 193 794 193 786 104 794 104 789 104 788 136 795 136 786 136 786 0 795 0 796 0 786 0 796 0 792 0 845 0 846 0 847 0 847 135 846 135 848 135 847 105 848 105 849 105 850 106 851 106 847 106 847 0 851 0 852 0 847 0 852 0 845 0 853 0 854 0 847 0 847 107 854 107 855 107 847 171 855 171 850 171 849 106 856 106 847 106 847 0 856 0 857 0 847 0 857 0 853 0 906 0 907 0 908 0 908 135 907 135 909 135 908 105 909 105 910 105 911 179 912 179 908 179 908 0 912 0 913 0 908 0 913 0 906 0 914 0 915 0 908 0 908 105 915 105 916 105 908 135 916 135 911 135 910 202 917 202 908 202 908 0 917 0 918 0 908 0 918 0 914 0 967 209 968 209 969 209 969 210 968 210 970 210 969 211 970 211 971 211 972 0 973 0 969 0 969 0 973 0 974 0 969 0 974 0 967 0 975 0 976 0 969 0 969 211 976 211 977 211 969 210 977 210 972 210 971 202 978 202 969 202 969 0 978 0 979 0 969 0 979 0 975 0 1028 0 1029 0 1030 0 1030 171 1029 171 1031 171 1030 107 1031 107 1032 107 1033 134 1034 134 1030 134 1030 0 1034 0 1035 0 1030 0 1035 0 1028 0 1036 0 1037 0 1030 0 1030 172 1037 172 1038 172 1030 173 1038 173 1033 173 1032 136 1039 136 1030 136 1030 0 1039 0 1040 0 1030 0 1040 0 1036 0 1089 225 1090 225 1091 225 1091 226 1090 226 1092 226 1091 211 1092 211 1093 211 1094 0 1095 0 1091 0 1091 0 1095 0 1096 0 1091 0 1096 0 1089 0 1097 0 1098 0 1091 0 1091 211 1098 211 1099 211 1091 227 1099 227 1094 227 1093 202 1100 202 1091 202 1091 0 1100 0 1101 0 1091 0 1101 0 1097 0 1150 0 1151 0 1152 0 1152 240 1151 240 1153 240 1152 105 1153 105 1154 105 1155 0 1156 0 1152 0 1152 0 1156 0 1157 0 1152 0 1157 0 1150 0 1158 0 1159 0 1152 0 1152 105 1159 105 1160 105 1152 240 1160 240 1155 240 1154 241 1161 241 1152 241 1152 0 1161 0 1162 0 1152 0 1162 0 1158 0 1211 0 1212 0 1213 0 1213 132 1212 132 1214 132 1213 133 1214 133 1215 133 1216 134 1217 134 1213 134 1213 0 1217 0 1218 0 1213 0 1218 0 1211 0 1219 0 1220 0 1213 0 1213 105 1220 105 1221 105 1213 135 1221 135 1216 135 1215 136 1222 136 1213 136 1213 0 1222 0 1223 0 1213 0 1223 0 1219 0 1272 249 1273 249 1274 249 1276 0 1272 0 1274 0 1276 250 1274 250 1277 250 1277 251 1274 251 1278 251 1281 256 1282 256 1274 256 1274 0 1282 0 1283 0 1274 0 1283 0 1278 0 1334 276 1335 276 1336 276 1338 0 1334 0 1336 0 1338 277 1336 277 1339 277 1339 278 1336 278 1340 278 1343 0 1344 0 1336 0 1336 282 1344 282 1345 282 1336 0 1345 0 1340 0 2153 630 2154 630 2155 630 2155 631 2154 632 2156 631 2155 0 2156 0 2157 0 2157 633 2156 633 2158 633 2157 0 2158 0 2159 0 2159 0 2158 0 2160 0 2159 0 2160 0 2161 0 2161 0 2160 0 2162 0 2161 0 2162 0 2163 0 2163 0 2162 0 2164 0 2163 634 2164 634 2165 634 2164 635 2166 635 2167 635 2167 0 2166 0 2168 0 2167 0 2168 0 2169 0 2169 636 2168 636 2170 636 2169 0 2170 0 2171 0 2171 0 2170 0 2172 0 2171 0 2172 0 2173 0 2173 0 2172 0 2174 0 2173 0 2174 0 2175 0 2175 0 2174 0 2176 0 2175 637 2176 637 2177 637 2177 0 2176 0 2178 0 2177 638 2178 638 2153 639 2153 640 2178 641 2179 640 2153 642 2179 642 2154 643 2187 646 2188 646 2189 646 2189 0 2188 0 2190 0 2189 0 2190 0 2191 0 2191 0 2190 0 2192 0 2191 0 2192 0 2193 0 2193 0 2192 0 2194 0 2193 0 2194 0 2195 0 2195 0 2194 0 2196 0 2195 0 2196 0 2197 0 2197 0 2196 0 2198 0 2197 0 2199 0 2200 0 2200 0 2199 0 2201 0 2200 647 2202 647 2203 647 2203 0 2202 0 2204 0 2203 0 2205 0 2206 0 2206 648 2205 648 2207 648 2206 0 2208 0 2209 0 2209 0 2208 0 2210 0 2209 0 2210 0 2211 0 2211 0 2212 0 2213 0 2211 0 2213 0 2214 0 2214 0 2215 0 2216 0 2214 0 2216 0 2187 0 2187 0 2217 0 2188 0 2218 649 2219 649 2220 649 2220 0 2219 0 2221 0 2220 0 2221 0 2222 0 2222 650 2221 650 2223 650 2222 0 2223 0 2224 0 2224 651 2223 651 2225 651 2224 0 2225 0 2226 0 2226 0 2225 0 2227 0 2226 0 2227 0 2228 0 2228 0 2227 0 2229 0 2228 0 2230 0 2231 0 2231 0 2230 0 2232 0 2231 652 2233 652 2234 652 2234 0 2233 0 2235 0 2234 0 2236 0 2237 0 2237 650 2236 650 2238 650 2237 0 2239 0 2240 0 2240 653 2239 653 2241 653 2240 0 2241 0 2242 0 2242 0 2243 0 2244 0 2242 0 2244 0 2245 0 2245 0 2246 0 2247 0 2245 0 2247 0 2218 0 2218 0 2248 0 2219 0 3600 1286 3601 1286 3602 1286 4526 2037 4530 2037 4480 2037 4480 2038 4530 2038 4489 2038 4480 0 4489 0 4481 0 4481 0 4489 0 4490 0</p>
        </triangles>
      </mesh>
    </geometry>
    <geometry id="mesh-a4e08b19-13c3-407e-840a-a087908686ed_001-mesh" name="mesh-a4e08b19-13c3-407e-840a-a087908686ed.001">
      <mesh>
        <source id="mesh-a4e08b19-13c3-407e-840a-a087908686ed_001-mesh-positions">
          <float_array id="mesh-a4e08b19-13c3-407e-840a-a087908686ed_001-mesh-positions-array" count="180">-40.7 1.18178e-6 128.5 -40.7 1.18178e-6 135.5 -39.8106 8.462006 135.5 -39.8106 8.462006 128.5 -37.1813 16.55418 135.5 -37.1813 16.55418 128.5 -32.92699 23.92286 135.5 -32.92699 23.92286 128.5 -27.23362 30.246 135.5 -27.23362 30.246 128.5 -20.35 35.24723 135.5 -20.35 35.24723 128.5 -12.57699 38.708 135.5 -12.57699 38.708 128.5 -4.254311 40.47704 135.5 -4.254311 40.47704 128.5 4.254308 40.47704 135.5 4.254308 40.47704 128.5 12.57699 38.708 135.5 12.57699 38.708 128.5 20.35 35.24723 135.5 20.35 35.24723 128.5 27.23362 30.246 135.5 27.23362 30.246 128.5 32.92699 23.92286 135.5 32.92699 23.92286 128.5 37.1813 16.55418 135.5 37.1813 16.55418 128.5 39.81061 8.462006 135.5 39.81061 8.462006 128.5 40.7 1.18178e-6 135.5 40.7 1.18178e-6 128.5 39.81061 -8.462008 135.5 39.81061 -8.462008 128.5 37.1813 -16.55418 135.5 37.1813 -16.55418 128.5 32.92699 -23.92286 135.5 32.92699 -23.92286 128.5 27.23362 -30.24599 135.5 27.23362 -30.24599 128.5 20.35 -35.24723 135.5 20.35 -35.24723 128.5 12.57699 -38.708 135.5 12.57699 -38.708 128.5 4.254308 -40.47704 135.5 4.254308 -40.47704 128.5 -4.254311 -40.47704 135.5 -4.254311 -40.47704 128.5 -12.57699 -38.708 135.5 -12.57699 -38.708 128.5 -20.35 -35.24723 135.5 -20.35 -35.24723 128.5 -27.23362 -30.24599 135.5 -27.23362 -30.24599 128.5 -32.92699 -23.92286 135.5 -32.92699 -23.92286 128.5 -37.1813 -16.55418 135.5 -37.1813 -16.55418 128.5 -39.8106 -8.462008 135.5 -39.8106 -8.462008 128.5</float_array>
          <technique_common>
            <accessor source="#mesh-a4e08b19-13c3-407e-840a-a087908686ed_001-mesh-positions-array" count="60" stride="3">
              <param name="X" type="float"/>
              <param name="Y" type="float"/>
              <param name="Z" type="float"/>
            </accessor>
          </technique_common>
        </source>
        <source id="mesh-a4e08b19-13c3-407e-840a-a087908686ed_001-mesh-normals">
          <float_array id="mesh-a4e08b19-13c3-407e-840a-a087908686ed_001-mesh-normals-array" count="180">-0.9993873 0.03500145 0 -0.9993873 -0.03500145 0 -0.9848256 0.1735478 0 -0.970271 0.2420211 0 -0.9272221 0.374512 0 -0.8987494 0.438463 0 -0.8290948 0.5591082 0 -0.7879485 0.6157411 1.34147e-5 -0.6947319 0.7192688 0 -0.64271 0.7661096 0 -0.5300052 0.8479945 -1.20796e-5 -0.469381 0.8829958 0 -0.3421159 0.9396578 0 -0.2755397 0.9612898 1.67775e-5 -0.1392738 0.990254 -1.34147e-5 -0.06965488 0.9975712 1.34147e-5 0.06965482 0.9975712 -1.34147e-5 0.1392738 0.990254 0 0.2755396 0.9612898 -1.67775e-5 0.3421159 0.9396578 1.67775e-5 0.4693818 0.8829954 0 0.5300054 0.8479944 -1.34038e-6 0.6427094 0.7661102 -1.34147e-5 0.6947313 0.7192695 1.34147e-5 0.7879484 0.6157414 0 0.8290951 0.5591077 0 0.8987494 0.4384627 0 0.9272221 0.3745119 0 0.9702712 0.2420207 -1.34147e-5 0.9848254 0.1735483 0 0.9993874 0.03500097 0 0.9993874 -0.03500097 0 0.9848255 -0.1735476 0 0.9702712 -0.2420207 0 0.927222 -0.3745125 0 0.8987492 -0.4384635 0 0.8290944 -0.5591087 0 0.7879481 -0.6157416 0 0.694732 -0.7192687 -1.34147e-5 0.6427102 -0.7661095 0 0.5300059 -0.847994 1.34038e-6 0.4693818 -0.8829954 -1.81209e-5 0.3421159 -0.9396578 0 0.2755396 -0.9612898 0 0.1392738 -0.990254 0 0.06965482 -0.9975712 1.34147e-5 -0.06965488 -0.9975712 -1.34147e-5 -0.1392738 -0.990254 0 -0.2755397 -0.9612898 1.34147e-5 -0.3421159 -0.9396578 0 -0.4693825 -0.882995 -1.5434e-5 -0.5300061 -0.8479939 0 -0.6427096 -0.76611 0 -0.6947314 -0.7192693 0 -0.787948 -0.615742 0 -0.8290947 -0.5591083 0 -0.8987496 -0.4384623 0 -0.9272224 -0.3745115 1.34147e-5 -0.9702711 -0.2420212 -1.34147e-5 -0.9848254 -0.1735484 0</float_array>
          <technique_common>
            <accessor source="#mesh-a4e08b19-13c3-407e-840a-a087908686ed_001-mesh-normals-array" count="60" stride="3">
              <param name="X" type="float"/>
              <param name="Y" type="float"/>
              <param name="Z" type="float"/>
            </accessor>
          </technique_common>
        </source>
        <vertices id="mesh-a4e08b19-13c3-407e-840a-a087908686ed_001-mesh-vertices">
          <input semantic="POSITION" source="#mesh-a4e08b19-13c3-407e-840a-a087908686ed_001-mesh-positions"/>
        </vertices>
        <triangles material="Material-橡胶_001-material" count="60">
          <input semantic="VERTEX" source="#mesh-a4e08b19-13c3-407e-840a-a087908686ed_001-mesh-vertices" offset="0"/>
          <input semantic="NORMAL" source="#mesh-a4e08b19-13c3-407e-840a-a087908686ed_001-mesh-normals" offset="1"/>
          <p>0 0 1 1 2 2 0 0 2 2 3 3 3 3 2 2 4 4 3 3 4 4 5 5 5 5 4 4 6 6 5 5 6 6 7 7 7 7 6 6 8 8 7 7 8 8 9 9 9 9 8 8 10 10 9 9 10 10 11 11 11 11 10 10 12 12 11 11 12 12 13 13 13 13 12 12 14 14 13 13 14 14 15 15 15 15 14 14 16 16 15 15 16 16 17 17 17 17 16 16 18 18 17 17 18 18 19 19 19 19 18 18 20 20 19 19 20 20 21 21 21 21 20 20 22 22 21 21 22 22 23 23 23 23 22 22 24 24 23 23 24 24 25 25 25 25 24 24 26 26 25 25 26 26 27 27 27 27 26 26 28 28 27 27 28 28 29 29 29 29 28 28 30 30 29 29 30 30 31 31 31 31 30 30 32 32 31 31 32 32 33 33 33 33 32 32 34 34 33 33 34 34 35 35 35 35 34 34 36 36 35 35 36 36 37 37 37 37 36 36 38 38 37 37 38 38 39 39 39 39 38 38 40 40 39 39 40 40 41 41 41 41 40 40 42 42 41 41 42 42 43 43 43 43 42 42 44 44 43 43 44 44 45 45 45 45 44 44 46 46 45 45 46 46 47 47 47 47 46 46 48 48 47 47 48 48 49 49 49 49 48 48 50 50 49 49 50 50 51 51 51 51 50 50 52 52 51 51 52 52 53 53 53 53 52 52 54 54 53 53 54 54 55 55 55 55 54 54 56 56 55 55 56 56 57 57 57 57 56 56 58 58 57 57 58 58 59 59 59 59 58 58 1 1 59 59 1 1 0 0</p>
        </triangles>
      </mesh>
    </geometry>
    <geometry id="mesh-d48c90d6-3339-4760-aaa9-60f56a571438_001-mesh" name="mesh-d48c90d6-3339-4760-aaa9-60f56a571438.001">
      <mesh>
        <source id="mesh-d48c90d6-3339-4760-aaa9-60f56a571438_001-mesh-positions">
          <float_array id="mesh-d48c90d6-3339-4760-aaa9-60f56a571438_001-mesh-positions-array" count="1011">42.3 28.45151 7.108244 42.3 28.3 8.000001 42.3 24.5 8.100001 42.3 32.82161 9.99292 42.3 33.5 9.019804 42.3 33.5 35.925 42.3 -14.5 60.83589 42.3 -16.5 60.3 42.3 -6.124998 60.49908 42.3 8.75 38.65 42.3 -0.1250008 38.65 42.3 -0.1250008 38.25 42.3 -6.124998 38.25 42.3 -4.750001 38.65 42.3 -6.124998 55.00016 42.3 -4.750001 53.2 42.3 -4.750001 53.2 42.3 -0.1250008 55.00016 42.3 -0.1250008 53.2 42.3 9.625 55.00016 42.3 8.75 53.2 42.3 9.625 38.25 42.3 10.5 51.5 42.3 24.5 55.00016 42.3 24.5 51.5 42.3 33.5 55.00016 42.3 33.5 55.00016 42.3 26.5 51.5 42.3 33.5 38.25 42.3 26.5 38.25 42.3 26.5 37.85 42.3 24.5 35.925 42.3 24.5 37.85 42.3 9.625 35.925 42.3 10.5 37.85 42.3 10.5 38.25 42.3 -20.40515 39.69128 42.3 -22.1178 40.76848 42.3 -23 38.25 42.3 -10.13604 41.43604 42.3 -10.89578 40.75767 42.3 -12.59485 55.90871 42.3 -10.8822 54.83152 42.3 -9.45915 53.40608 42.3 -8.385678 51.69343 42.3 -7.500003 47.8 42.3 -7.725763 45.79665 42.3 -8.39385 43.88954 42.3 -8.162644 51.18948 42.3 -7.723475 49.7932 42.3 -8.610298 43.46937 42.3 -9.466586 42.18458 42.3 -14.51279 39.02212 42.3 -15.30819 38.87916 42.3 -16.49392 38.8 42.3 -18.30924 38.98373 42.3 -18.50729 39.02666 42.3 -12.58111 39.69794 42.3 -12.60491 39.68647 42.3 -14.49271 56.57333 42.3 -6.124998 58.55016 42.3 -20.39509 55.91353 42.3 -18.48721 56.57788 42.3 -23 58.55016 42.3 -17.69181 56.72082 42.3 -16.50608 56.79999 42.3 -14.69075 56.61628 42.3 -23.53342 53.41542 42.3 -22.86396 54.16396 42.3 -23 55.00016 42.3 -22.10422 54.84233 42.3 -20.41889 55.90206 42.3 -25.27424 49.80334 42.3 -24.60616 51.71046 42.3 -33.5 55.00016 42.3 -33.5 55.00016 42.3 -24.3897 52.13062 42.3 -23.54086 42.19392 42.3 -24.61432 43.90657 42.3 -33.5 38.25 42.3 -24.83736 44.41052 42.3 -25.27652 45.8068 42.3 -25.5 47.8 42.3 -0.1250008 8.100001 42.3 9.625 8.100001 42.3 7.88859 17.96352 42.3 5.391279 21.09505 42.3 4.5 25 42.3 -0.1250008 35.925 42.3 5.391279 28.90496 42.3 22.5 25 42.3 21.60872 21.09505 42.3 19.11141 17.96352 42.3 15.50269 16.22565 42.3 11.49731 16.22565 42.3 7.88859 32.03648 42.3 11.49731 33.77434 42.3 15.50269 33.77434 42.3 19.11141 32.03648 42.3 21.60872 28.90496 42.3 -23 60.49908 42.3 -18.5 60.83589 42.3 -19.19868 67.25247 42.3 -17.47736 68.17875 42.3 -23 71.5 42.3 -6.124998 71.5 42.3 -12.72447 65.62112 42.3 -12.5 64.30001 42.3 -13.0359 62.29999 42.3 -15.52264 68.17875 42.3 -6.124998 71.5 42.3 -13.80132 67.25247 42.3 -19.9641 62.29999 42.3 -20.5 64.30001 42.3 -20.27554 65.62112 42.3 -31.65972 10.61816 42.3 -30.34028 10.61816 42.3 -23 35.925 42.3 -33.5 35.925 42.3 -33.5 9.019804 42.3 -32.82161 9.99292 42.3 -24.60872 21.09505 42.3 -22.11141 17.96352 42.3 -29.17839 9.99292 42.3 -23 8.100001 42.3 -28.45151 8.891756 42.3 -28.3 8.000001 42.3 -14.49731 33.77434 42.3 -10.88859 32.03648 42.3 -6.124998 35.925 42.3 -25.5 25 42.3 -24.60872 28.90496 42.3 -22.11141 32.03648 42.3 -18.50268 33.77434 42.3 -8.391281 21.09505 42.3 -6.124998 8.100001 42.3 -7.500003 25 42.3 -8.391281 28.90496 42.3 -10.88859 17.96352 42.3 -14.49731 16.22565 42.3 -18.50268 16.22565 42.3 -30.34028 65.38185 42.3 -31.65972 65.38185 42.3 -33.5 60.49908 42.3 -32.82161 66.00708 42.3 -33.5 66.9802 42.3 -33.5 69.01979 42.3 -32.82161 69.99292 42.3 -33.5 70.5 42.3 -33.42388 70.88269 42.3 -32.5 71.5 42.3 -30.34028 70.61816 42.3 -23 71.5 42.3 -29.17839 69.99292 42.3 -33.20711 71.20711 42.3 -32.88269 71.42388 42.3 -31.65972 70.61816 42.3 -28.45151 68.89176 42.3 -28.3 68 42.3 -28.45151 67.10825 42.3 -29.17839 66.00708 42.3 33.5 66.9802 42.3 32.82161 66.00708 42.3 33.5 60.49908 42.3 31.65972 65.38185 42.3 24.5 60.49908 42.3 30.34028 65.38185 42.3 29.17839 66.00708 42.3 28.45151 67.10825 42.3 33.42388 70.88269 42.3 32.82161 69.99292 42.3 33.5 70.5 42.3 33.5 69.01979 42.3 33.20711 71.20711 42.3 32.88268 71.42388 42.3 31.65972 70.61816 42.3 32.5 71.5 42.3 30.34028 70.61816 42.3 24.5 71.5 42.3 29.17839 69.99292 42.3 28.3 68 42.3 28.45151 68.89176 42.3 28.45151 8.891756 42.3 29.17839 9.99292 42.3 30.34028 10.61816 42.3 31.65972 10.61816 42.3 33.1 0.1999995 42.3 31.65972 5.381837 42.3 24.5 0.1999995 42.3 24.5 0.1999995 42.3 30.34028 5.381837 42.3 29.17839 6.007079 42.3 33.39442 0.5527846 42.3 33.5 0.9999983 42.3 32.82161 6.007079 42.3 33.5 6.980195 42.3 -33.5 0.9999983 42.3 -33.39443 0.5527846 42.3 -33.1 0.1999995 42.3 -28.45151 7.108244 42.3 -23 0.1999995 42.3 -29.17839 6.007079 42.3 -30.34028 5.381837 42.3 -31.65972 5.381837 42.3 -32.82161 6.007079 42.3 -33.5 6.980195 42.3 13.07354 62.09908 42.3 12.69817 63.5 42.3 9.625 60.49908 42.3 18.30183 63.5 42.3 17.92646 62.09908 42.3 16.90092 61.07354 42.3 15.5 60.69817 42.3 14.09908 61.07354 42.3 17.92646 64.90091 42.3 13.07354 64.90091 42.3 14.09908 65.92646 42.3 9.625 71.5 42.3 15.5 66.30183 42.3 24.5 71.5 42.3 16.90092 65.92646 42.3 -0.1250008 60.49908 42.3 -0.1250008 71.5 42.3 -0.1250008 58.55016 42.3 9.625 58.55016 42.3 24.5 58.55016 42.3 33.5 58.55016 42.3 -33.5 58.55016 42.3 -6.124998 0.1999995 42.3 -0.1250008 0.1999995 42.3 9.625 0.1999995 40.3 -32.5 71.5 42.3 -32.5 71.5 40.3 -25.76556 71.5 42.3 -23 71.5 40.3 -21.85051 71.5 40.3 -5.53489 71.5 42.3 -6.124998 71.5 40.3 -5.300003 71.5 42.3 32.5 71.5 40.3 32.5 71.5 42.3 24.5 71.5 40.3 26.3 71.5 42.3 9.625 71.5 42.3 -0.1250008 71.5 40.3 -32.88269 71.42388 42.3 -32.88269 71.42388 42.3 32.88268 71.42388 40.3 32.88268 71.42388 42.3 -33.5 0.9999983 42.3 -33.5 6.980195 40.3 -33.5 0.9999983 42.1 -33.5 8.000001 40.3 -33.5 32.4 42.3 -33.5 9.019804 40.3 -33.5 32.4 42.3 -33.5 35.925 42.3 -33.5 58.55016 40.3 -33.5 60.74888 42.3 -33.5 55.00016 40.3 -33.5 55.25 42.3 -33.5 38.25 40.3 -33.5 37.05069 40.3 -33.5 34.15069 42.3 -33.5 60.49908 42.3 -33.5 66.9802 42.3 -33.5 66.9802 40.3 -33.5 65.95 42.1 -33.5 68 40.3 -33.5 70.5 42.1 -33.5 68 42.3 -33.5 69.01979 42.3 -33.5 70.5 42.3 -33.42388 70.88269 40.3 -33.42388 70.88269 40.3 -33.39443 0.5527846 42.3 -33.39443 0.5527846 40.3 26.3 0.1999995 40.3 33.1 0.1999995 42.3 33.1 0.1999995 42.3 -33.1 0.1999995 40.3 -33.1 0.1999995 42.3 -23 0.1999995 40.3 -25.76556 0.1999995 42.3 24.5 0.1999995 42.3 9.625 0.1999995 40.3 -5.300003 0.1999995 40.3 -21.85051 0.1999995 40.3 -5.53489 0.1999995 42.3 -6.124998 0.1999995 42.3 -0.1250008 0.1999995 40.3 33.5 70.5 42.3 33.5 70.5 42.3 33.5 69.01979 40.3 33.5 65.95 40.3 33.5 32.4 42.1 33.5 8.000001 40.3 33.5 0.9999983 42.3 33.5 6.980195 40.3 33.5 0.9999983 42.3 33.5 0.9999983 40.3 33.5 60.74888 42.3 33.5 58.55016 40.3 33.5 55.25 42.3 33.5 55.00016 40.3 33.5 37.05069 42.3 33.5 38.25 40.3 33.5 34.15069 42.3 33.5 35.925 42.3 33.5 9.019804 42.1 33.5 68 40.3 33.5 65.95 42.3 33.5 66.9802 42.3 33.5 60.49908 40.3 32.88268 71.42388 42.3 32.88268 71.42388 42.3 33.20711 71.20711 40.3 33.20711 71.20711 42.3 33.42388 70.88269 40.3 33.42388 70.88269 42.3 33.39442 0.5527846 40.3 33.39442 0.5527846 40.3 -33.42388 70.88269 42.3 -33.42388 70.88269 42.3 -33.20711 71.20711 42.3 -33.20711 71.20711 40.3 -33.20711 71.20711 42.3 -32.88269 71.42388 40.3 -32.88269 71.42388 42.3 -33.39443 0.5527846 40.3 -33.39443 0.5527846 40.3 -33.1 0.1999995 42.3 -33.1 0.1999995 42.3 33.1 0.1999995 40.3 33.1 0.1999995 40.3 33.39442 0.5527846 42.3 33.39442 0.5527846</float_array>
          <technique_common>
            <accessor source="#mesh-d48c90d6-3339-4760-aaa9-60f56a571438_001-mesh-positions-array" count="337" stride="3">
              <param name="X" type="float"/>
              <param name="Y" type="float"/>
              <param name="Z" type="float"/>
            </accessor>
          </technique_common>
        </source>
        <source id="mesh-d48c90d6-3339-4760-aaa9-60f56a571438_001-mesh-normals">
          <float_array id="mesh-d48c90d6-3339-4760-aaa9-60f56a571438_001-mesh-normals-array" count="444">1 5.65386e-7 0 1 1.33759e-5 0 1 3.69525e-7 0 1 0 0 1 -5.30016e-6 0 1 6.10162e-6 0 1 4.0871e-6 0 1 -5.62535e-6 0 1 2.96776e-6 0 1 -5.2852e-7 0 1 -1.08664e-6 0 1 2.65007e-6 0 1 3.10729e-6 0 1 -1.88505e-6 0 1 -3.37685e-6 0 1 3.50801e-6 0 1 -3.71415e-6 0 1 -1.0519e-6 0 1 1.73884e-6 0 1 -4.12666e-6 0 1 8.55318e-7 0 1 7.14239e-6 0 1 5.41431e-7 0 1 -5.52468e-7 0 1 -9.37892e-7 0 1 -3.17501e-6 0 1 -1.1531e-5 0 1 -5.24307e-6 0 1 2.11981e-6 0 1 -8.36643e-6 0 1 -1.71487e-6 0 1 -2.06188e-6 0 1 -2.12867e-6 0 1 8.6441e-7 0 1 9.21341e-7 0 1 -9.48556e-7 0 1 6.78781e-7 0 1 -9.36782e-7 0 1 1.38528e-6 0 1 -6.52164e-7 0 1 2.81725e-6 0 1 1.0319e-6 0 1 -5.9815e-7 0 1 -1.58707e-6 0 1 8.92499e-7 0 1 2.15471e-6 0 1 -2.16837e-6 0 1 2.21927e-6 0 1 -1.4161e-6 0 1 -9.19595e-6 0 1 -1.11545e-6 0 1 -1.40569e-6 0 1 9.7958e-7 0 1 6.95586e-7 0 1 -8.21711e-7 0 1 -2.2361e-6 0 1 5.20573e-6 0 1 -3.7989e-6 0 1 6.79494e-7 0 1 -2.46114e-6 0 1 -1.4514e-6 0 1 -1.04683e-6 0 1 2.60265e-6 0 1 -7.05962e-7 0 1 -6.94097e-6 0 1 2.2361e-6 0 1 -1.63637e-6 0 1 8.33329e-7 0 1 -1.27917e-5 0 1 3.9946e-6 0 1 4.48575e-6 0 1 -3.56355e-6 0 1 -1.63153e-6 0 1 -1.06765e-5 0 1 1.9468e-6 0 1 1.22126e-6 0 1 2.19354e-6 0 1 4.61613e-7 0 1 -4.99398e-7 0 1 -1.57757e-6 0 1 8.90154e-6 0 1 7.52237e-6 0 1 -4.03983e-5 0 1 -2.76817e-6 0 1 1.43813e-6 0 1 2.4446e-6 0 1 -3.76119e-6 0 1 2.80921e-6 0 1 -7.77749e-7 0 1 4.55088e-7 0 1 -1.47356e-6 0 1 2.01927e-6 0 1 2.96165e-6 0 1 -2.25905e-6 0 1 4.51341e-7 0 1 -4.17581e-6 0 1 -2.99633e-6 0 1 2.10154e-6 0 0 -0.09801286 0.9951851 0 -0.09801423 0.995185 0 0 1 1.94873e-6 0 1 7.48181e-6 0 1 0 0.09801667 0.9951848 0 0.0980159 0.9951848 -3.13001e-6 0 1 3.8147e-6 0 1 0 -0.195082 0.980787 0 -0.195082 0.980787 0 0.195089 0.9807856 0 0.1950857 0.9807863 0 -0.9880607 -0.1540651 0 -1 0 0 -0.9983326 -0.05772435 -2.17996e-6 -0.9969224 0.07839459 -4.24683e-7 -0.9969243 0.07837134 0 -0.9951843 0.0980224 0 -0.9807837 0.1950985 0 -0.980787 0.195082 0 -0.9732481 -0.2297568 0 -0.9732515 -0.2297426 0 0 -1 0 0 -1 0 0 -1 0 0 -1 0 0 -1 0 0 -1 1.44712e-5 0.997865 0.06531059 -1.25778e-5 0.9914329 0.1306175 0 1 0 -1.0631e-6 0.9880552 -0.1541001 0 0.9932895 -0.1156553 0 0.5555629 0.8314747 0 0.5555708 0.8314693 -3.1724e-5 0.6587649 0.7523489 0 0.7523437 0.6587707 0 0.8965324 0.4429782 0 0.9471757 0.3207153 0 0.9732472 -0.2297607 0 0.9732438 -0.229775 0 -0.8314633 0.5555799 0 -0.8314723 0.5555663 4.67278e-6 -0.7070761 0.7071375 0 -0.6587696 0.7523448 0 -0.5555799 0.8314632 0 -0.5555799 0.8314633 0 -0.767752 -0.6407473 0 0.7677602 -0.6407375</float_array>
          <technique_common>
            <accessor source="#mesh-d48c90d6-3339-4760-aaa9-60f56a571438_001-mesh-normals-array" count="148" stride="3">
              <param name="X" type="float"/>
              <param name="Y" type="float"/>
              <param name="Z" type="float"/>
            </accessor>
          </technique_common>
        </source>
        <vertices id="mesh-d48c90d6-3339-4760-aaa9-60f56a571438_001-mesh-vertices">
          <input semantic="POSITION" source="#mesh-d48c90d6-3339-4760-aaa9-60f56a571438_001-mesh-positions"/>
        </vertices>
        <triangles material="Material-塑胶_001-material" count="351">
          <input semantic="VERTEX" source="#mesh-d48c90d6-3339-4760-aaa9-60f56a571438_001-mesh-vertices" offset="0"/>
          <input semantic="NORMAL" source="#mesh-d48c90d6-3339-4760-aaa9-60f56a571438_001-mesh-normals" offset="1"/>
          <p>0 0 1 0 2 0 3 1 4 1 5 1 6 2 7 2 8 2 9 3 10 3 11 3 12 4 13 4 14 4 14 5 13 5 15 5 14 3 16 3 17 3 17 3 16 3 18 3 17 3 18 3 19 3 19 3 18 3 20 3 20 3 21 3 19 3 19 3 21 3 22 3 19 3 22 3 23 3 23 3 22 3 24 3 23 3 24 3 25 3 26 3 24 3 27 3 26 3 27 3 28 3 28 3 27 3 29 3 28 3 29 3 5 3 5 6 29 6 30 6 5 3 30 3 31 3 31 3 30 3 32 3 31 3 32 3 33 3 33 3 32 3 34 3 33 7 34 7 21 7 21 3 34 3 35 3 21 3 35 3 22 3 36 3 37 3 38 3 39 8 40 8 12 8 41 9 42 9 14 9 14 10 42 10 43 10 14 3 43 3 44 3 14 11 45 11 12 11 12 12 45 12 46 12 12 13 46 13 47 13 44 3 48 3 14 3 14 14 48 14 49 14 14 15 49 15 45 15 47 3 50 3 12 3 12 3 50 3 51 3 12 16 51 16 39 16 12 17 52 17 53 17 54 18 55 18 38 18 38 19 55 19 56 19 38 20 56 20 36 20 40 3 57 3 12 3 12 21 57 21 58 21 12 22 58 22 52 22 59 3 41 3 60 3 61 3 62 3 63 3 62 3 64 3 63 3 63 23 64 23 65 23 63 3 65 3 60 3 60 24 65 24 66 24 60 25 66 25 59 25 67 26 68 26 69 26 69 27 68 27 70 27 69 3 70 3 63 3 63 28 70 28 71 28 63 29 71 29 61 29 72 3 73 3 74 3 75 30 73 30 76 30 77 3 78 3 79 3 78 3 80 3 79 3 79 31 80 31 81 31 79 3 81 3 74 3 74 32 81 32 82 32 74 33 82 33 72 33 83 3 84 3 85 3 85 3 86 3 83 3 83 34 86 34 87 34 83 35 87 35 88 35 88 3 87 3 89 3 90 3 91 3 2 3 91 3 92 3 2 3 2 36 92 36 93 36 2 3 93 3 84 3 84 3 93 3 94 3 84 37 94 37 85 37 95 38 96 38 33 38 33 3 96 3 97 3 33 3 97 3 31 3 31 39 97 39 98 39 31 3 98 3 99 3 100 3 7 3 101 3 102 40 103 40 104 40 104 3 103 3 105 3 106 3 107 3 8 3 8 41 107 41 108 41 8 42 108 42 6 42 103 3 109 3 105 3 110 43 109 43 111 43 110 44 111 44 106 44 101 45 112 45 100 45 100 46 112 46 113 46 100 47 113 47 104 47 104 3 113 3 114 3 104 48 114 48 102 48 115 3 116 3 117 3 118 49 119 49 120 49 121 3 116 3 122 3 122 50 116 50 123 50 122 3 123 3 124 3 124 51 123 51 125 51 124 3 125 3 126 3 127 3 128 3 129 3 121 3 130 3 116 3 116 3 130 3 131 3 116 3 131 3 117 3 117 3 131 3 132 3 117 52 132 52 133 52 134 3 135 3 136 3 136 3 135 3 129 3 136 3 129 3 137 3 137 3 129 3 128 3 134 3 138 3 135 3 135 53 138 53 139 53 135 3 139 3 124 3 124 3 139 3 140 3 124 54 140 54 122 54 141 3 142 3 143 3 143 55 142 55 144 55 143 56 144 56 145 56 146 57 147 57 148 57 148 3 147 3 149 3 150 3 151 3 152 3 152 58 151 58 153 58 154 3 149 3 155 3 155 3 149 3 147 3 155 3 147 3 150 3 150 59 147 59 156 59 150 3 156 3 151 3 153 3 157 3 104 3 104 60 157 60 158 60 104 61 158 61 100 61 100 62 158 62 159 62 100 63 159 63 160 63 161 64 162 64 163 64 163 65 162 65 164 65 163 3 164 3 165 3 164 3 166 3 165 3 165 66 166 66 167 66 165 67 167 67 168 67 169 68 170 68 171 68 171 3 170 3 172 3 169 3 173 3 170 3 170 69 173 69 174 69 170 70 174 70 175 70 175 71 174 71 176 71 175 3 176 3 177 3 177 3 176 3 178 3 177 72 178 72 179 72 168 73 180 73 178 73 178 74 180 74 181 74 178 75 181 75 179 75 1 3 182 3 2 3 2 3 182 3 31 3 2 76 31 76 90 76 90 3 31 3 99 3 182 3 183 3 31 3 31 77 183 77 184 77 31 3 184 3 5 3 5 3 184 3 185 3 5 78 185 78 3 78 186 3 187 3 188 3 189 3 187 3 190 3 189 79 190 79 191 79 186 3 192 3 187 3 187 80 192 80 193 80 187 3 193 3 194 3 194 81 193 81 195 81 196 82 197 82 198 82 126 3 199 3 200 3 199 83 201 83 200 83 200 84 201 84 202 84 200 3 202 3 198 3 198 3 202 3 203 3 198 3 203 3 196 3 196 85 203 85 204 85 196 86 204 86 205 86 206 87 207 87 208 87 165 88 209 88 210 88 210 89 211 89 165 89 165 3 211 3 212 3 165 3 212 3 208 3 208 3 212 3 213 3 208 90 213 90 206 90 168 3 178 3 165 3 165 3 178 3 214 3 165 91 214 91 209 91 215 92 216 92 217 92 217 3 216 3 218 3 217 3 218 3 219 3 178 3 218 3 220 3 178 93 220 93 214 93 106 3 8 3 110 3 110 3 8 3 221 3 110 3 221 3 222 3 222 3 221 3 208 3 222 3 208 3 217 3 217 94 208 94 207 94 217 95 207 95 215 95 100 3 63 3 7 3 7 3 63 3 60 3 7 3 60 3 8 3 8 3 60 3 223 3 8 3 223 3 221 3 221 3 223 3 224 3 221 3 224 3 208 3 208 3 224 3 225 3 208 3 225 3 165 3 165 3 225 3 226 3 165 3 226 3 163 3 41 3 14 3 60 3 60 3 14 3 17 3 60 3 17 3 223 3 223 3 17 3 19 3 223 3 19 3 224 3 224 3 19 3 23 3 224 3 23 3 225 3 225 3 23 3 25 3 225 3 25 3 226 3 160 3 141 3 100 3 100 3 141 3 143 3 100 3 143 3 63 3 63 3 143 3 227 3 63 3 227 3 69 3 69 3 227 3 75 3 69 3 75 3 67 3 67 3 75 3 76 3 20 96 9 96 21 96 21 3 9 3 11 3 21 3 11 3 33 3 33 3 11 3 88 3 33 3 88 3 95 3 95 3 88 3 89 3 53 3 54 3 12 3 12 3 54 3 38 3 12 3 38 3 129 3 129 3 38 3 117 3 129 3 117 3 127 3 127 3 117 3 133 3 37 3 77 3 38 3 38 3 77 3 79 3 38 3 79 3 117 3 117 3 79 3 118 3 117 3 118 3 115 3 115 3 118 3 120 3 10 3 13 3 11 3 11 3 13 3 12 3 11 3 12 3 88 3 88 3 12 3 129 3 88 3 129 3 83 3 83 3 129 3 135 3 126 3 200 3 124 3 124 3 200 3 228 3 124 3 228 3 135 3 135 3 228 3 229 3 135 3 229 3 83 3 83 3 229 3 230 3 83 3 230 3 84 3 84 3 230 3 189 3 84 3 189 3 2 3 2 3 189 3 191 3 2 97 191 97 0 97 231 98 232 99 233 100 233 100 232 99 234 100 233 101 234 101 235 101 235 102 234 102 236 102 236 100 234 100 237 100 236 100 237 100 238 100 239 103 240 104 241 100 241 100 240 104 242 100 241 100 242 100 243 100 243 100 242 100 238 100 243 105 238 105 244 105 244 106 238 106 237 106 245 107 246 108 232 99 245 107 232 99 231 98 240 104 239 103 247 109 240 104 247 109 248 110 249 111 250 112 251 113 251 113 250 112 252 112 251 113 252 112 253 112 253 112 252 112 254 112 255 112 254 112 256 112 257 112 258 112 259 112 259 112 258 112 260 112 259 112 260 112 261 112 261 112 260 112 262 112 261 112 262 112 256 112 256 112 262 112 263 112 256 112 263 112 255 112 257 112 264 112 258 112 258 112 264 112 265 112 258 112 266 112 267 112 267 112 266 112 268 112 267 112 268 112 269 114 269 115 270 112 271 112 269 115 271 112 272 116 269 115 272 116 273 117 269 115 273 117 274 118 249 111 251 113 275 119 249 111 275 119 276 120 277 121 278 121 279 121 280 121 281 121 282 121 282 122 281 122 283 122 279 123 284 123 277 123 277 121 284 121 285 121 277 121 285 121 286 121 283 121 287 121 282 121 282 121 287 121 288 121 282 124 288 124 289 124 289 125 288 125 286 125 289 126 286 126 290 126 290 121 286 121 285 121 291 127 292 128 293 129 291 127 293 129 294 129 295 129 296 129 297 129 297 129 296 129 298 129 299 130 298 129 300 131 301 129 302 129 303 129 303 129 302 129 304 129 303 129 304 129 305 129 305 129 304 129 306 129 305 129 306 129 307 129 307 129 306 129 308 129 307 129 308 129 295 129 295 129 308 129 309 129 295 129 309 129 296 129 293 129 310 129 311 129 311 129 310 129 312 129 311 129 312 129 301 129 301 129 312 129 313 129 301 129 313 129 302 129 314 132 315 133 316 134 314 132 316 134 317 135 317 135 316 134 318 136 317 135 318 136 319 137 319 137 318 136 292 128 319 137 292 128 291 127 320 138 321 139 299 130 320 138 299 130 300 131 322 140 323 140 324 140 322 141 325 142 326 143 326 143 325 142 327 144 326 143 327 144 328 145 329 146 330 146 331 146 329 146 331 146 332 146 333 147 334 147 335 147 333 147 335 147 336 147</p>
        </triangles>
      </mesh>
    </geometry>
    <geometry id="mesh-e90199c4-f904-4ad3-962d-4272049817cc_001-mesh" name="mesh-e90199c4-f904-4ad3-962d-4272049817cc.001">
      <mesh>
        <source id="mesh-e90199c4-f904-4ad3-962d-4272049817cc_001-mesh-positions">
          <float_array id="mesh-e90199c4-f904-4ad3-962d-4272049817cc_001-mesh-positions-array" count="513">57.68166 -16.5 67.30001 57.49188 -17.61689 67.30001 57.49188 -15.38311 67.30001 57.3 -18.06064 67.30001 57.3 -14.93936 67.30001 51.3 -12.5 64.30001 51.3 -12.72447 65.62112 51.3 -13.0359 62.29999 51.3 -13.5 66.94576 51.3 -13.5 61.65425 51.3 -14.93936 67.98298 51.3 -14.93936 67.30001 51.3 -13.80132 67.25247 51.3 -13.5 66.94576 51.3 -19.14575 61.3 51.3 -19.5 61.65425 51.3 -13.5 61.65425 51.3 -13.5 61.65425 51.3 -19.5 61.65425 51.3 -19.32843 61.47157 51.3 -19.14575 61.3 51.3 -16.5 60.3 51.3 -14.5 60.83589 51.3 -18.5 60.83589 51.3 -13.5 61.65425 51.3 -19.14575 61.3 51.3 -19.5 66.94576 51.3 -18.06064 67.30001 51.3 -18.06064 67.98298 51.3 -20.27554 65.62112 51.3 -20.5 64.30001 51.3 -19.5 66.94576 51.3 -19.9641 62.29999 51.3 -19.5 61.65425 57.3 -18.06064 67.30001 57.3 -19.5 67.30001 57.3 -19.5 61.3 57.3 -14.93936 67.30001 57.3 -13.5 61.3 57.3 -13.5 67.30001 51.3 -12.5 64.30001 42.3 -12.5 64.30001 42.3 -12.72447 65.62112 51.0665 -15.51 68.17552 51.3 -14.93936 67.98298 42.3 -15.52264 68.17875 42.3 -13.80132 67.25247 42.3 -17.47736 68.17875 51.08811 -17.55799 68.15749 50.91834 -16.5 68.30001 50.95399 -16.01023 68.26986 51.3 -13.80132 67.25247 51.3 -13.5 66.94576 51.3 -12.72447 65.62112 51.3 -18.06064 67.98298 42.3 -19.19868 67.25247 42.3 -19.19868 67.25247 51.3 -19.5 66.94576 42.3 -20.27554 65.62112 51.3 -20.27554 65.62112 42.3 -20.5 64.30001 51.3 -20.5 64.30001 51.3 -20.5 64.30001 42.3 -20.5 64.30001 42.3 -19.9641 62.29999 51.3 -19.32843 61.47157 51.3 -19.5 61.65425 51.3 -19.9641 62.29999 51.3 -19.14575 61.3 42.3 -18.5 60.83589 51.3 -18.5 60.83589 42.3 -16.5 60.3 51.3 -16.5 60.3 51.3 -16.5 60.3 42.3 -16.5 60.3 42.3 -14.5 60.83589 51.3 -14.5 60.83589 51.3 -14.5 60.83589 42.3 -14.5 60.83589 51.3 -13.5 61.65425 42.3 -13.0359 62.29999 51.3 -13.0359 62.29999 42.3 -12.5 64.30001 51.3 -12.5 64.30001 55.86064 -13.5 67.30001 57.3 -13.5 67.30001 57.3 -13.5 61.3 52.73936 -13.5 67.30001 51.3 -13.5 61.65425 51.3 -13.5 66.94576 51.3 -19.5 66.94576 51.3 -19.5 61.65425 52.73936 -19.5 67.30001 57.3 -19.5 61.3 55.86064 -19.5 67.30001 57.3 -19.5 67.30001 51.3 -13.5 61.65425 57.3 -13.5 61.3 51.3 -19.14575 61.3 57.3 -19.5 61.3 51.3 -19.14575 61.3 57.3 -19.5 61.3 51.3 -19.5 61.65425 51.3 -18.06064 67.98298 51.3 -18.06064 67.30001 52.01849 -18.99606 67.30001 52.01849 -18.99606 73.29999 51.10811 -17.61689 73.29999 51.08811 -17.55799 68.15749 50.91834 -16.5 68.30001 50.91834 -16.5 73.29999 50.95399 -16.01023 68.26986 51.10811 -15.38311 73.29999 52.01849 -14.00393 73.29999 51.3 -14.93936 67.98298 51.10811 -15.38311 73.29999 51.0665 -15.51 68.17552 57.49188 -15.38311 73.29999 57.68166 -16.5 73.29999 57.68166 -16.5 67.30001 57.49188 -15.38311 67.30001 57.3 -14.93936 67.30001 56.5815 -14.00393 73.29999 56.5815 -14.00393 67.30001 55.86064 -13.5 67.30001 55.12627 -13.22084 73.29999 51.3 -14.93936 67.30001 52.01849 -14.00393 67.30001 52.73936 -13.5 67.30001 53.47372 -13.22084 73.29999 53.47372 -13.22084 67.30001 55.12627 -13.22084 67.30001 51.08811 -17.55799 68.15749 51.10811 -17.61689 73.29999 57.49188 -17.61689 73.29999 57.49188 -17.61689 67.30001 52.01849 -18.99606 73.29999 52.01849 -18.99606 67.30001 53.47372 -19.77916 73.29999 52.73936 -19.5 67.30001 53.47372 -19.77916 67.30001 55.12627 -19.77916 67.30001 55.12627 -19.77916 73.29999 55.86064 -19.5 67.30001 56.5815 -18.99606 73.29999 56.5815 -18.99606 67.30001 57.3 -18.06064 67.30001 52.73936 -13.5 67.30001 51.3 -13.5 66.94576 52.01849 -14.00393 67.30001 51.3 -14.93936 67.30001 53.47372 -13.22084 67.30001 55.12627 -13.22084 67.30001 52.73936 -13.5 67.30001 55.86064 -13.5 67.30001 57.3 -14.93936 67.30001 57.3 -13.5 67.30001 56.5815 -14.00393 67.30001 55.86064 -13.5 67.30001 55.86064 -19.5 67.30001 57.3 -19.5 67.30001 56.5815 -18.99606 67.30001 57.3 -18.06064 67.30001 55.12627 -19.77916 67.30001 53.47372 -19.77916 67.30001 55.86064 -19.5 67.30001 52.73936 -19.5 67.30001 51.3 -18.06064 67.30001 51.3 -19.5 66.94576 52.01849 -18.99606 67.30001 52.73936 -19.5 67.30001</float_array>
          <technique_common>
            <accessor source="#mesh-e90199c4-f904-4ad3-962d-4272049817cc_001-mesh-positions-array" count="171" stride="3">
              <param name="X" type="float"/>
              <param name="Y" type="float"/>
              <param name="Z" type="float"/>
            </accessor>
          </technique_common>
        </source>
        <source id="mesh-e90199c4-f904-4ad3-962d-4272049817cc_001-mesh-normals">
          <float_array id="mesh-e90199c4-f904-4ad3-962d-4272049817cc_001-mesh-normals-array" count="333">0 0 -1 -2.67001e-5 0 -1 1 0 0 1 5.52163e-6 0 1 -1.13958e-5 0 -1 0 0 1 -7.76096e-6 0 1 4.46441e-6 0 1 -6.21341e-6 0 0 0.9858704 0.1675102 -0.002338767 0.9350464 0.3545178 -7.02636e-6 0.2531507 0.9674269 -0.00388354 0.4469417 0.8945548 -0.006642222 0.2115558 0.9773434 -0.005281746 0.6526916 0.7576054 -0.006409466 -0.2380668 0.9712277 2.25338e-4 -0.2319676 0.9727235 -0.00665909 -0.02386277 0.9996931 -0.003464102 0.12391 0.9922875 0 0.6307075 0.7760207 -0.003069877 0.8081467 0.5889735 0 0.9397208 0.3419429 -0.001405298 -0.4655084 0.8850425 -0.01155489 -0.4738358 0.8805374 -0.001402318 -0.4655351 0.8850284 -5.47743e-4 -0.7215017 0.6924126 -3.67952e-4 -0.7739335 0.6332669 -0.003108978 -0.9098641 0.4148951 0 -0.9587682 0.2841897 0 -0.9858716 0.1675028 0 -0.9858717 0.1675028 0 -0.9659262 -0.2588177 0 -0.9659266 -0.2588166 -0.007095396 -0.8336958 -0.5521784 -0.01514965 -0.7069771 -0.7070741 -0.005780994 -0.7720999 -0.6354749 0 -0.9036907 -0.4281859 -0.01102715 -0.660018 -0.7511689 -0.004875957 -0.5290724 -0.8485628 -2.91255e-5 -0.3724925 -0.9280352 0 -0.2588147 -0.965927 0 -0.2588147 -0.9659271 0 0.2588147 -0.9659271 0 0.6333202 -0.77389 -0.007142961 0.6710238 -0.7414014 -0.004784584 0.7216708 -0.6922199 -0.004872858 0.8485624 -0.5290728 0 0.9280354 -0.372492 0 0.9659263 -0.2588173 0 0.9659263 -0.2588171 0 1 0 0 -1 0 -0.05882352 0.0625143 -0.9963091 -0.02939891 0.03124344 -0.9990794 -0.02950549 0.03135681 -0.9990727 -0.04171228 -0.7064914 -0.7064914 -0.8390178 -0.5438159 0.01770359 -0.7930589 -0.6091449 0 -0.7930601 -0.6091434 0 -0.8516084 -0.5239169 0.01656401 -0.8345656 -0.5509001 -0.003063976 -0.8774052 -0.4790866 0.02522093 -0.999068 -0.04316478 0 -0.9997611 -0.02167493 0.002842009 -0.9881259 0.1535976 0.003874957 -0.9665959 0.2562838 0.003329098 -0.6829616 0.730406 0.008399605 -0.8416311 0.5400415 0.003518998 -0.83447 0.5508252 0.01585489 -0.841654 0.5400056 0.003529906 -0.9539216 0.3000559 3.16848e-4 0.9454739 0.3256785 0.003566443 0.9984 -0.05654692 0 0.9984 0.05654698 0 0.9587534 0.2842392 0 0.8530797 0.5217595 0.004703938 0.6829712 0.7304022 0.007933557 0.6910631 0.7227944 0 0.4697351 0.8827893 0.00565207 0.2123615 0.9771816 0.004363477 -0.7930589 0.6091449 0 -0.7272361 0.6863874 0 -0.4697549 0.8827786 0.005695223 -0.2825207 0.9592438 0.00580281 -0.1202092 0.9927486 0 0.1806368 0.98355 0 -0.9866343 -0.1629479 9.52325e-4 -0.9858706 -0.1674979 0.001915752 0.8985822 -0.4387768 0.005010604 0.9693894 -0.2455285 0 -0.4738702 -0.8805948 0 -0.5242076 -0.8514399 0.01602047 -0.2895301 -0.9571461 0.006607055 -0.4676377 -0.8837733 0.01611804 -0.1806357 -0.9835501 0 0.120208 -0.9927487 2.92893e-5 0.2825215 -0.9592435 0.005799174 0.469757 -0.8827774 0.005697667 0.6413062 -0.7672632 0.005805373 0.7434236 -0.6687878 0.0066486 0.8620014 -0.5068089 0.009914219 -0.2261484 0.3234889 0.9188101 -0.2620897 0.2763071 0.9246423 -0.2620563 0.2763515 0.9246385 -0.2971054 0.2281985 0.9271752 7.37722e-6 0 1 0 0 1 -0.2970934 -0.2281998 0.9271788 -0.2620869 -0.2763106 0.924642 -0.2620846 -0.2763137 0.9246419 -0.2261444 -0.3234831 0.9188131</float_array>
          <technique_common>
            <accessor source="#mesh-e90199c4-f904-4ad3-962d-4272049817cc_001-mesh-normals-array" count="111" stride="3">
              <param name="X" type="float"/>
              <param name="Y" type="float"/>
              <param name="Z" type="float"/>
            </accessor>
          </technique_common>
        </source>
        <vertices id="mesh-e90199c4-f904-4ad3-962d-4272049817cc_001-mesh-vertices">
          <input semantic="POSITION" source="#mesh-e90199c4-f904-4ad3-962d-4272049817cc_001-mesh-positions"/>
        </vertices>
        <triangles material="Material-橡胶_001-material" count="3">
          <input semantic="VERTEX" source="#mesh-e90199c4-f904-4ad3-962d-4272049817cc_001-mesh-vertices" offset="0"/>
          <input semantic="NORMAL" source="#mesh-e90199c4-f904-4ad3-962d-4272049817cc_001-mesh-normals" offset="1"/>
          <p>0 0 1 0 2 0 2 1 1 1 3 1 2 0 3 0 4 0</p>
        </triangles>
        <triangles material="metal-material" count="116">
          <input semantic="VERTEX" source="#mesh-e90199c4-f904-4ad3-962d-4272049817cc_001-mesh-vertices" offset="0"/>
          <input semantic="NORMAL" source="#mesh-e90199c4-f904-4ad3-962d-4272049817cc_001-mesh-normals" offset="1"/>
          <p>5 2 6 2 7 2 7 2 6 2 8 2 7 2 8 2 9 2 10 3 11 3 12 3 12 4 11 4 13 4 14 5 15 5 16 5 17 2 18 2 19 2 20 2 17 2 19 2 21 2 22 2 23 2 23 2 22 2 24 2 23 2 24 2 25 2 26 6 27 6 28 6 29 2 30 2 31 2 31 7 30 7 32 7 31 8 32 8 33 8 34 2 35 2 36 2 34 2 36 2 37 2 37 2 36 2 38 2 37 2 38 2 39 2 40 9 41 9 42 10 43 11 44 12 45 13 45 13 44 12 46 14 47 15 48 16 49 17 47 15 49 17 45 13 45 13 49 17 50 18 45 13 50 18 43 11 44 12 51 19 46 14 46 14 51 19 52 20 46 14 52 20 42 10 42 10 52 20 53 21 42 10 53 21 40 9 48 16 47 15 54 22 54 22 47 15 55 23 54 24 56 25 57 26 57 26 56 25 58 27 57 26 58 27 59 28 59 28 58 27 60 29 59 28 60 29 61 30 62 31 63 32 64 33 65 34 66 35 64 33 64 33 66 35 67 36 64 33 67 36 62 31 65 34 64 33 68 37 68 37 64 33 69 38 68 37 69 38 70 39 70 39 69 38 71 40 70 39 71 40 72 41 73 42 74 42 75 42 73 42 75 42 76 42 77 43 78 44 79 45 79 45 78 44 80 46 79 45 80 46 81 47 81 47 80 46 82 48 81 47 82 48 83 49 84 50 85 50 86 50 84 50 86 50 87 50 87 50 86 50 88 50 87 50 88 50 89 50 90 51 91 51 92 51 92 51 91 51 93 51 92 51 93 51 94 51 94 51 93 51 95 51 96 52 97 53 98 54 98 54 97 53 99 0 100 55 101 55 102 55 103 56 104 57 105 58 106 59 107 60 108 61 108 61 103 56 106 59 106 59 103 56 105 58 109 62 110 63 111 64 111 64 110 63 112 65 113 66 114 67 115 68 112 65 114 69 116 70 112 65 116 70 111 64 117 71 118 72 119 73 119 73 120 74 117 71 117 71 120 74 121 75 117 71 121 75 122 76 121 75 123 77 122 76 122 76 123 77 124 78 122 76 124 78 125 79 126 80 114 67 127 81 127 81 114 67 113 66 127 81 113 66 128 82 128 82 113 66 129 83 128 82 129 83 130 84 130 84 129 83 125 79 130 84 125 79 131 85 131 85 125 79 124 78 132 86 133 87 110 63 132 86 110 63 109 62 134 88 135 89 118 72 118 72 135 89 119 73 136 90 137 91 138 92 138 92 137 91 139 93 139 93 140 94 138 92 138 92 140 94 141 95 138 92 141 95 142 96 142 96 141 95 143 97 142 96 143 97 144 98 144 98 143 97 145 99 144 98 145 99 134 88 134 88 145 99 146 100 134 88 146 100 135 89 147 101 148 102 149 103 149 103 148 102 150 104 151 0 152 0 153 0 153 0 152 0 154 0 155 105 156 105 157 105 157 106 156 106 158 106 159 106 160 106 161 106 161 106 160 106 162 106 163 0 164 0 165 0 165 0 164 0 166 0 167 107 168 108 169 109 169 109 168 108 170 110</p>
        </triangles>
      </mesh>
    </geometry>
    <geometry id="mesh-ade3e7b1-4bef-49b8-a798-ee08fcf00f05_001-mesh" name="mesh-ade3e7b1-4bef-49b8-a798-ee08fcf00f05.001">
      <mesh>
        <source id="mesh-ade3e7b1-4bef-49b8-a798-ee08fcf00f05_001-mesh-positions">
          <float_array id="mesh-ade3e7b1-4bef-49b8-a798-ee08fcf00f05_001-mesh-positions-array" count="462">55.18647 -18.73871 110.3698 54.30017 -18.90783 110.3698 56.1408 -21.14881 73.29999 54.30035 -21.5 73.29999 56.53883 -17.38616 110.3698 56.22634 -17.94459 110.3698 57.83578 -20.03528 73.29999 56.00271 -18.20247 110.3698 55.43319 -18.6245 110.3698 58.94908 -18.34015 73.29999 59.3 -16.49965 73.29999 56.70783 -16.49983 110.3698 58.94881 -14.6592 73.29999 56.53871 -15.61354 110.3698 56.22622 -15.05525 110.3698 57.83529 -12.96422 73.29999 56.00247 -14.79729 110.3698 56.14015 -11.85093 73.29999 55.18615 -14.26117 110.3698 54.29965 -11.5 73.29999 54.29983 -14.09217 110.3698 53.41353 -14.26129 110.3698 52.4592 -11.85119 73.29999 52.06116 -15.61385 110.3698 52.37365 -15.05541 110.3698 50.76422 -12.96471 73.29999 52.59729 -14.79753 110.3698 53.1668 -14.37549 110.3698 49.65093 -14.65985 73.29999 49.3 -16.50035 73.29999 51.89217 -16.50017 110.3698 49.65119 -18.3408 73.29999 52.06129 -17.38647 110.3698 52.37377 -17.94475 110.3698 50.76471 -20.03578 73.29999 52.59753 -18.20271 110.3698 52.45985 -21.14907 73.29999 53.41384 -18.73883 110.3698 52.3973 -15.07315 110.5509 52.4506 -15.11311 110.733 53.21207 -14.46036 110.733 56.70307 -16.49983 110.4198 56.61165 -16.49986 110.733 55.71935 -15.43542 111.2314 56.18363 -16.49991 111.1809 56.39225 -16.49989 111.0314 55.58131 -15.91084 111.3 55.71026 -16.49995 111.3 55.13488 -14.93448 111.2314 55.19278 -15.40831 111.3 54.61956 -15.12642 111.3 54.29994 -14.72577 111.2314 54.19223 -15.09386 111.3 53.465 -14.93454 111.2314 53.56535 -15.29619 111.3 52.88056 -15.43554 111.2314 53.07442 -15.80228 111.3 52.88973 -16.50005 111.3 52.8395 -16.50005 111.2987 52.38655 -16.50009 111.1642 52.2914 -15.9143 111.0314 52.20774 -16.50011 111.0314 52.04403 -16.50013 110.8337 52.08077 -15.85288 110.733 51.98835 -16.50014 110.733 54.86894 -14.25946 110.733 54.29991 -14.12173 110.5509 54.29992 -14.18834 110.733 53.18072 -14.40158 110.5509 53.18072 -14.40158 110.5509 52.59729 -14.79753 110.3698 52.62612 -15.24474 111.0314 53.31533 -14.65394 111.0314 54.29993 -14.40775 111.0314 55.28454 -14.65386 111.0314 55.38777 -14.46028 110.733 55.81994 -14.7583 110.733 55.97377 -15.2446 111.0314 55.81994 -14.7583 110.733 54.29991 -14.12173 110.5509 54.29983 -14.09217 110.3698 53.41353 -14.26129 110.3698 56.30854 -15.91411 111.0314 56.14928 -15.11295 110.733 56.51916 -15.85267 110.733 56.53724 -16.49987 110.8622 56.30854 -15.91411 111.0314 56.20269 -17.92686 110.5509 56.1494 -17.88689 110.733 55.38793 -18.53965 110.733 52.08083 -17.14733 110.733 52.88065 -17.56458 111.2314 53.01869 -17.08916 111.3 53.46511 -18.06552 111.2314 53.40721 -17.59169 111.3 53.98043 -17.87358 111.3 54.30006 -18.27423 111.2314 54.40776 -17.90614 111.3 55.135 -18.06546 111.2314 55.03464 -17.7038 111.3 55.71944 -17.56446 111.2314 55.52558 -17.19772 111.3 56.3086 -17.0857 111.0314 56.51922 -17.14712 110.733 53.73104 -18.74054 110.733 54.30008 -18.87827 110.5509 54.30008 -18.81165 110.733 55.41928 -18.59843 110.5509 55.41928 -18.59843 110.5509 56.00271 -18.20247 110.3698 55.97387 -17.75526 111.0314 55.28467 -18.34606 111.0314 54.30007 -18.59226 111.0314 53.31546 -18.34613 111.0314 53.21222 -18.53972 110.733 52.78006 -18.2417 110.733 52.62623 -17.7554 111.0314 52.78006 -18.2417 110.733 54.30017 -18.90783 110.3698 55.18647 -18.73871 110.3698 52.29145 -17.08589 111.0314 52.45072 -17.88704 110.733 55.12627 -19.77916 73.29999 54.30035 -21.5 73.29999 53.47372 -19.77916 73.29999 52.45985 -21.14907 73.29999 52.01849 -18.99606 73.29999 50.76471 -20.03578 73.29999 51.10811 -17.61689 73.29999 49.65119 -18.3408 73.29999 50.91834 -16.5 73.29999 49.3 -16.50035 73.29999 51.10811 -15.38311 73.29999 49.65093 -14.65985 73.29999 52.01849 -14.00393 73.29999 50.76422 -12.96471 73.29999 53.47372 -13.22084 73.29999 52.4592 -11.85119 73.29999 53.47372 -13.22084 73.29999 54.29965 -11.5 73.29999 55.12627 -13.22084 73.29999 56.14015 -11.85093 73.29999 56.5815 -14.00393 73.29999 57.83529 -12.96422 73.29999 57.49188 -15.38311 73.29999 58.94881 -14.6592 73.29999 57.68166 -16.5 73.29999 59.3 -16.49965 73.29999 57.49188 -17.61689 73.29999 58.94908 -18.34015 73.29999 56.5815 -18.99606 73.29999 57.83578 -20.03528 73.29999 55.12627 -19.77916 73.29999 56.1408 -21.14881 73.29999</float_array>
          <technique_common>
            <accessor source="#mesh-ade3e7b1-4bef-49b8-a798-ee08fcf00f05_001-mesh-positions-array" count="154" stride="3">
              <param name="X" type="float"/>
              <param name="Y" type="float"/>
              <param name="Z" type="float"/>
            </accessor>
          </technique_common>
        </source>
        <source id="mesh-ade3e7b1-4bef-49b8-a798-ee08fcf00f05_001-mesh-normals">
          <float_array id="mesh-ade3e7b1-4bef-49b8-a798-ee08fcf00f05_001-mesh-normals-array" count="408">0.3428066 -0.9340255 0.1003997 5.63402e-4 -0.9956995 0.09264087 0.3940095 -0.9164805 0.06942683 -0.06323701 -0.9955677 0.06961369 0.930814 -0.3415986 0.1299839 0.8129153 -0.5710065 0.1145449 0.7642219 -0.6412494 0.06902325 0.6659805 -0.7402859 0.09190666 0.5282904 -0.8268498 0.1929478 0.9246563 -0.3743594 0.06975442 0.9955682 -0.06322956 0.06961357 0.9960908 0.03808349 0.07970529 0.9311261 0.3580247 0.06944435 0.9360297 0.303266 0.1785448 0.796711 0.5799655 0.1699754 0.7220701 0.6883377 0.06932628 0.6188079 0.7724667 0.1427313 0.4347711 0.89785 0.06956678 0.3167319 0.9379979 0.1408573 0.0632373 0.9955677 0.06961363 -5.17808e-4 0.9957 0.09263557 -0.3427804 0.9340345 0.1004061 -0.3940069 0.9164817 0.06942665 -0.9306741 0.3352831 0.1463931 -0.8130956 0.5707857 0.1143651 -0.7642223 0.6412488 0.06902331 -0.666014 0.7402576 0.09189265 -0.5282649 0.8268675 0.1929409 -0.9246572 0.3743574 0.06975412 -0.9955679 0.06323468 0.06961345 -0.9871056 -0.05554771 0.1501233 -0.9311094 -0.3580684 0.06944352 -0.9165633 -0.3566964 0.1807745 -0.796705 -0.5799734 0.1699768 -0.7220696 -0.6883382 0.06932628 -0.6188355 -0.7724423 0.1427438 -0.4347708 -0.8978501 0.06956642 -0.3167323 -0.9379983 0.1408547 -0.7270901 0.6201418 0.2945579 -0.7032184 0.5074813 0.4979425 -0.4646093 0.7490282 0.4723294 0.9820451 -0.02739667 0.1866462 0.9378869 0.03973823 0.3446579 0.3603068 0.1863517 0.9140307 0.3710225 -0.002118647 0.9286215 0.6183524 0.03668314 0.7850444 0.1167124 0.05736017 0.991508 0.1228764 -0.002805411 0.9924181 0.1861122 0.2904537 0.9386155 0.09692484 0.106462 0.9895815 0.02017319 0.07750636 0.9967879 0.02526241 0.3692053 0.9290045 -0.01139748 0.06872743 0.9975704 -0.1446954 0.337999 0.929957 -0.07700949 0.1105631 0.9908811 -0.2993677 0.2050209 0.9318506 -0.07252651 0.03934693 0.9965901 -0.0648753 -0.02353566 0.9976158 -0.1677565 0.002513945 0.9858253 -0.4411475 7.30343e-5 0.8974347 -0.658831 0.2096429 0.7224899 -0.6290286 -0.03835707 0.7764353 -0.8186541 -3.43984e-5 0.574287 -0.8647227 0.2740907 0.4208672 -0.9436653 0.03758567 0.3287602 0.2079044 0.8655028 0.4557201 -0.1193454 0.9518569 0.2823565 -0.1082258 0.8758457 0.4702994 -0.2172567 0.9208158 0.3238797 -0.5633535 0.7961836 0.2207367 -0.518317 0.6994279 0.4920855 -0.5374119 0.4617372 0.7056822 -0.3025262 0.6094025 0.7328755 -0.00907135 0.6635461 0.7480804 0.2957631 0.6064862 0.7380372 0.4509642 0.8102501 0.3743343 0.6569628 0.6729809 0.3398481 0.542667 0.4242951 0.7249044 0.4718196 0.6155602 0.6312463 0.1848559 0.9700087 0.1578332 -0.2057014 0.9272365 0.3129211 -0.1662789 0.8715041 0.461337 0.4230912 0.1471309 0.8940618 0.759665 0.5041096 0.4108318 0.8436906 0.2653916 0.4666408 0.8119759 4.70773e-5 0.5836911 0.7636795 0.2048788 0.6122242 0.5427422 0.4243276 0.7248289 0.7270551 -0.6201754 0.2945733 0.7032127 -0.5074796 0.4979523 0.4646428 -0.7489914 0.4723548 -0.8621654 -0.2535222 0.4386314 -0.3144949 -0.1580772 0.9360046 -0.0981723 -0.05701905 0.9935346 -0.1861257 -0.2904593 0.938611 -0.09692466 -0.1064569 0.989582 -0.02017325 -0.07750707 0.9967878 -0.02526861 -0.3692009 0.929006 0.01140761 -0.06872475 0.9975705 0.1446484 -0.3379897 0.9299678 0.07703709 -0.1105924 0.9908757 0.3048812 -0.222832 0.9259554 0.1212638 -0.04842001 0.9914386 0.6553294 -0.2100439 0.7255516 0.8750223 -0.2616477 0.4072794 -0.2079209 -0.8655328 0.4556555 -0.003702044 -0.9719997 0.2349528 0.108237 -0.8758464 0.4702955 0.21725 -0.9208164 0.3238822 0.5633986 -0.7961571 0.220717 0.5183123 -0.6994345 0.4920811 0.5374103 -0.4617334 0.7056859 0.302523 -0.609401 0.7328782 0.009078025 -0.663559 0.7480689 -0.2957662 -0.6064832 0.7380383 -0.4509783 -0.8102598 0.3742961 -0.6569638 -0.6729769 0.3398541 -0.542706 -0.4243147 0.7248635 -0.471822 -0.6155582 0.6312466 0.2056874 -0.927226 0.3129611 0.1662626 -0.8715173 0.4613184 -0.6456926 -0.1860861 0.7405762 -0.7596557 -0.5041149 0.4108424 0 0 -1 -3.97762e-6 0 -1 -1.14054e-5 0 -1 4.65839e-6 0 -1 -8.44219e-6 0 -1 1.03951e-5 0 -1 -2.85943e-6 0 -1 4.64764e-6 0 -1 -4.42127e-6 0 -1 2.65175e-6 0 -1 -4.83134e-6 0 -1 1.14053e-5 0 -1 2.85941e-6 0 -1</float_array>
          <technique_common>
            <accessor source="#mesh-ade3e7b1-4bef-49b8-a798-ee08fcf00f05_001-mesh-normals-array" count="136" stride="3">
              <param name="X" type="float"/>
              <param name="Y" type="float"/>
              <param name="Z" type="float"/>
            </accessor>
          </technique_common>
        </source>
        <vertices id="mesh-ade3e7b1-4bef-49b8-a798-ee08fcf00f05_001-mesh-vertices">
          <input semantic="POSITION" source="#mesh-ade3e7b1-4bef-49b8-a798-ee08fcf00f05_001-mesh-positions"/>
        </vertices>
        <triangles material="Material-橡胶_001-material" count="232">
          <input semantic="VERTEX" source="#mesh-ade3e7b1-4bef-49b8-a798-ee08fcf00f05_001-mesh-vertices" offset="0"/>
          <input semantic="NORMAL" source="#mesh-ade3e7b1-4bef-49b8-a798-ee08fcf00f05_001-mesh-normals" offset="1"/>
          <p>0 0 1 1 2 2 2 2 1 1 3 3 4 4 5 5 6 6 6 6 5 5 7 7 6 6 7 7 2 2 2 2 7 7 8 8 2 2 8 8 0 0 6 6 9 9 4 4 4 4 9 9 10 10 4 4 10 10 11 11 11 11 10 10 12 12 11 11 12 12 13 13 13 13 12 12 14 14 14 14 12 12 15 15 14 14 15 15 16 16 16 16 15 15 17 17 16 16 17 17 18 18 18 18 17 17 19 19 18 18 19 19 20 20 21 21 20 20 22 22 22 22 20 20 19 19 23 23 24 24 25 25 25 25 24 24 26 26 25 25 26 26 22 22 22 22 26 26 27 27 22 22 27 27 21 21 25 25 28 28 23 23 23 23 28 28 29 29 23 23 29 29 30 30 30 30 29 29 31 31 30 30 31 31 32 32 32 32 31 31 33 33 33 33 31 31 34 34 33 33 34 34 35 35 35 35 34 34 36 36 35 35 36 36 37 37 37 37 36 36 3 3 37 37 3 3 1 1 26 26 24 24 38 38 38 38 39 39 40 40 41 41 11 11 13 13 41 41 13 13 42 42 43 43 44 44 45 45 46 46 47 47 44 44 44 44 43 43 46 46 46 46 43 43 48 48 46 46 48 48 49 49 49 49 48 48 50 50 50 50 48 48 51 51 50 50 51 51 52 52 52 52 51 51 53 53 52 52 53 53 54 54 54 54 53 53 55 55 54 54 55 55 56 56 57 57 56 56 58 58 58 58 56 56 55 55 58 58 55 55 59 59 59 59 55 55 60 60 59 59 60 60 61 61 61 61 60 60 62 62 62 62 60 60 63 63 62 62 63 63 64 64 64 64 63 63 23 23 64 64 23 23 30 30 65 65 66 66 67 67 67 67 66 66 68 68 67 67 68 68 40 40 40 40 69 69 38 38 38 38 69 69 27 27 38 38 27 27 70 70 39 39 71 71 40 40 40 40 71 71 72 72 40 40 72 72 67 67 67 67 72 72 73 73 67 67 73 73 65 65 65 65 73 73 74 74 18 18 75 75 16 16 16 16 75 75 76 76 77 77 78 78 74 74 74 74 78 78 75 75 74 74 75 75 65 65 65 65 75 75 18 18 65 65 18 18 79 79 79 79 18 18 20 20 66 66 80 80 68 68 68 68 80 80 81 81 69 69 21 21 27 27 24 24 23 23 38 38 38 38 23 23 63 63 38 38 63 63 39 39 39 39 63 63 60 60 39 39 60 60 71 71 71 71 60 60 55 55 71 71 55 55 72 72 72 72 55 55 53 53 72 72 53 53 73 73 73 73 53 53 51 51 73 73 51 51 74 74 74 74 51 51 48 48 74 74 48 48 77 77 77 77 48 48 43 43 77 77 43 43 82 82 82 82 43 43 45 45 14 14 83 83 13 13 13 13 83 83 84 84 13 13 84 84 42 42 42 42 84 84 85 85 45 45 85 85 86 86 86 86 85 85 84 84 86 86 84 84 77 87 77 87 84 84 83 83 77 87 83 83 76 76 76 76 83 83 14 14 76 76 14 14 16 16 7 7 5 5 87 88 87 88 88 89 89 90 62 62 64 64 90 91 57 57 58 58 91 92 91 92 58 58 59 59 91 92 59 59 61 61 57 57 91 92 92 93 92 93 91 92 93 94 92 93 93 94 94 95 94 95 93 94 95 96 95 96 93 94 96 97 95 96 96 97 97 98 97 98 96 97 98 99 97 98 98 99 99 100 99 100 98 99 100 101 99 100 100 101 101 102 44 44 47 47 101 102 101 102 100 101 44 44 44 44 100 101 102 103 44 44 102 103 45 45 45 45 102 103 85 85 85 85 102 103 103 104 85 85 103 104 42 42 42 42 103 104 41 41 41 41 103 104 4 4 41 41 4 4 11 11 104 105 105 106 106 107 106 107 105 106 107 108 106 107 107 108 89 90 89 90 108 109 87 88 87 88 108 109 8 8 87 88 8 8 109 110 88 89 110 111 89 90 89 90 110 111 111 112 89 90 111 112 106 107 106 107 111 112 112 113 106 107 112 113 104 105 104 105 112 113 113 114 37 37 114 115 35 35 35 35 114 115 115 116 116 117 117 118 113 114 113 114 117 118 114 115 113 114 114 115 104 105 104 105 114 115 37 37 104 105 37 37 105 106 105 106 37 37 1 1 105 106 118 119 107 108 107 108 118 119 119 120 108 109 0 0 8 8 5 5 4 4 87 88 87 88 4 4 103 104 87 88 103 104 88 89 88 89 103 104 102 103 88 89 102 103 110 111 110 111 102 103 100 101 110 111 100 101 111 112 111 112 100 101 98 99 111 112 98 99 112 113 112 113 98 99 96 97 112 113 96 97 113 114 113 114 96 97 93 94 113 114 93 94 116 117 116 117 93 94 91 92 116 117 91 92 120 121 120 121 91 92 61 61 33 33 121 122 32 32 32 32 121 122 90 91 32 32 90 91 30 30 30 30 90 91 64 64 61 61 62 62 120 121 120 121 62 62 90 91 120 121 90 91 116 117 116 117 90 91 121 122 116 117 121 122 115 116 115 116 121 122 33 33 115 116 33 33 35 35 97 98 50 50 95 96 95 96 50 50 52 52 97 98 99 100 101 102 52 52 54 54 56 56 49 49 50 50 46 46 46 46 50 50 97 98 46 46 97 98 47 47 47 47 97 98 101 102 94 95 95 96 92 93 92 93 95 96 52 52 92 93 52 52 57 57 57 57 52 52 56 56 122 123 123 123 124 123 124 124 123 124 125 124 124 123 125 123 126 123 126 123 125 123 127 123 126 125 127 125 128 125 128 126 127 126 129 126 128 123 129 123 130 123 130 123 129 123 131 123 130 127 131 127 132 127 132 128 131 128 133 128 132 129 133 129 134 129 134 130 133 130 135 130 134 123 135 123 136 123 135 131 137 131 136 131 138 123 137 123 139 123 138 123 139 123 140 123 140 132 139 132 141 132 140 123 141 123 142 123 142 133 141 133 143 133 142 134 143 134 144 134 144 123 143 123 145 123 144 123 145 123 146 123 146 123 145 123 147 123 146 123 147 123 148 123 148 123 147 123 149 123 148 135 149 135 150 135 150 123 149 123 151 123 150 123 151 123 152 123 122 123 151 123 153 123 122 123 153 123 123 123</p>
        </triangles>
      </mesh>
    </geometry>
  </library_geometries>
  <library_visual_scenes>
    <visual_scene id="Scene" name="Scene">
      <node id="Mesh" name="Mesh" type="NODE">
        <matrix sid="transform">0.001 0 0 0 0 0.001 0 0 0 0 0.001 0 0 0 0 1</matrix>
        <instance_geometry url="#mesh-aad698f0-7cd2-4af1-8879-816aef74c815_001-mesh" name="Mesh">
          <bind_material>
            <technique_common>
              <instance_material symbol="Material-外壳_001-material" target="#Material-外壳_001-material"/>
              <instance_material symbol="Material-橡胶_001-material" target="#Material-橡胶_001-material"/>
            </technique_common>
          </bind_material>
        </instance_geometry>
      </node>
      <node id="Mesh_001" name="Mesh.001" type="NODE">
        <matrix sid="transform">0.001 0 0 0 0 0.001 0 0 0 0 0.001 0 0 0 0 1</matrix>
        <instance_geometry url="#mesh-a4e08b19-13c3-407e-840a-a087908686ed_001-mesh" name="Mesh.001">
          <bind_material>
            <technique_common>
              <instance_material symbol="Material-橡胶_001-material" target="#Material-橡胶_001-material"/>
            </technique_common>
          </bind_material>
        </instance_geometry>
      </node>
      <node id="Mesh_002" name="Mesh.002" type="NODE">
        <matrix sid="transform">0.001 0 0 0 0 0.001 0 0 0 0 0.001 0 0 0 0 1</matrix>
        <instance_geometry url="#mesh-d48c90d6-3339-4760-aaa9-60f56a571438_001-mesh" name="Mesh.002">
          <bind_material>
            <technique_common>
              <instance_material symbol="Material-塑胶_001-material" target="#Material-塑胶_001-material"/>
            </technique_common>
          </bind_material>
        </instance_geometry>
      </node>
      <node id="Mesh_005" name="Mesh.005" type="NODE">
        <matrix sid="transform">0.001 0 0 0 0 0.001 0 0 0 0 0.001 0 0 0 0 1</matrix>
        <instance_geometry url="#mesh-e90199c4-f904-4ad3-962d-4272049817cc_001-mesh" name="Mesh.005">
          <bind_material>
            <technique_common>
              <instance_material symbol="Material-橡胶_001-material" target="#Material-橡胶_001-material"/>
              <instance_material symbol="metal-material" target="#metal-material"/>
            </technique_common>
          </bind_material>
        </instance_geometry>
      </node>
      <node id="Mesh_028" name="Mesh.028" type="NODE">
        <matrix sid="transform">0.001 0 0 0 0 0.001 0 0 0 0 0.001 0 0 0 0 1</matrix>
        <instance_geometry url="#mesh-ade3e7b1-4bef-49b8-a798-ee08fcf00f05_001-mesh" name="Mesh.028">
          <bind_material>
            <technique_common>
              <instance_material symbol="Material-橡胶_001-material" target="#Material-橡胶_001-material"/>
            </technique_common>
          </bind_material>
        </instance_geometry>
      </node>
    </visual_scene>
  </library_visual_scenes>
  <scene>
    <instance_visual_scene url="#Scene"/>
  </scene>
</COLLADA>