<?xml version="1.0" encoding="utf-8"?>
<COLLADA xmlns="http://www.collada.org/2005/11/COLLADASchema" version="1.4.1" xmlns:xsi="http://www.w3.org/2001/XMLSchema-instance">
  <asset>
    <contributor>
      <author>Blender User</author>
      <authoring_tool>Blender 3.2.2 commit date:2022-08-02, commit time:18:15, hash:bcfdb14560e7</authoring_tool>
    </contributor>
    <created>2024-04-19T14:46:04</created>
    <modified>2024-04-19T14:46:04</modified>
    <unit name="meter" meter="1"/>
    <up_axis>Z_UP</up_axis>
  </asset>
  <library_cameras>
    <camera id="View-Right-camera" name="Camera-Right">
      <optics>
        <technique_common>
          <orthographic>
            <xmag sid="xmag">1</xmag>
            <aspect_ratio>1.777778</aspect_ratio>
            <znear sid="znear">30261.59</znear>
            <zfar sid="zfar">30625.69</zfar>
          </orthographic>
        </technique_common>
      </optics>
      <extra>
        <technique profile="blender">
          <shiftx sid="shiftx" type="float">0</shiftx>
          <shifty sid="shifty" type="float">0</shifty>
          <dof_distance sid="dof_distance" type="float">10</dof_distance>
        </technique>
      </extra>
    </camera>
    <camera id="View-Left-camera" name="Camera-Left">
      <optics>
        <technique_common>
          <orthographic>
            <xmag sid="xmag">1</xmag>
            <aspect_ratio>1.777778</aspect_ratio>
            <znear sid="znear">8408.958</znear>
            <zfar sid="zfar">8773.061</zfar>
          </orthographic>
        </technique_common>
      </optics>
      <extra>
        <technique profile="blender">
          <shiftx sid="shiftx" type="float">0</shiftx>
          <shifty sid="shifty" type="float">0</shifty>
          <dof_distance sid="dof_distance" type="float">10</dof_distance>
        </technique>
      </extra>
    </camera>
    <camera id="View-Top-camera" name="Camera-Top">
      <optics>
        <technique_common>
          <orthographic>
            <xmag sid="xmag">1</xmag>
            <aspect_ratio>1.777778</aspect_ratio>
            <znear sid="znear">36787.16</znear>
            <zfar sid="zfar">36951.05</zfar>
          </orthographic>
        </technique_common>
      </optics>
      <extra>
        <technique profile="blender">
          <shiftx sid="shiftx" type="float">0</shiftx>
          <shifty sid="shifty" type="float">0</shifty>
          <dof_distance sid="dof_distance" type="float">10</dof_distance>
        </technique>
      </extra>
    </camera>
    <camera id="View-Perspective-camera" name="Camera-Perspective">
      <optics>
        <technique_common>
          <perspective>
            <xfov sid="xfov">50.88674</xfov>
            <aspect_ratio>1.777778</aspect_ratio>
            <znear sid="znear">439.3865</znear>
            <zfar sid="zfar">770.2913</zfar>
          </perspective>
        </technique_common>
      </optics>
      <extra>
        <technique profile="blender">
          <shiftx sid="shiftx" type="float">0</shiftx>
          <shifty sid="shifty" type="float">0</shifty>
          <dof_distance sid="dof_distance" type="float">10</dof_distance>
        </technique>
      </extra>
    </camera>
  </library_cameras>
  <library_effects>
    <effect id="Material-外壳-effect">
      <profile_COMMON>
        <technique sid="common">
          <lambert>
            <emission>
              <color sid="emission">0 0 0 1</color>
            </emission>
            <diffuse>
              <color sid="diffuse">0.988235 0.988235 0.988235 1</color>
            </diffuse>
            <reflectivity>
              <float sid="specular">0.197605</float>
            </reflectivity>
            <index_of_refraction>
              <float sid="ior">1.45</float>
            </index_of_refraction>
          </lambert>
        </technique>
      </profile_COMMON>
    </effect>
    <effect id="Material-橡胶-effect">
      <profile_COMMON>
        <technique sid="common">
          <lambert>
            <emission>
              <color sid="emission">0 0 0 1</color>
            </emission>
            <diffuse>
              <color sid="diffuse">0 0 0 1</color>
            </diffuse>
            <reflectivity>
              <float sid="specular">0.322857</float>
            </reflectivity>
            <index_of_refraction>
              <float sid="ior">1.45</float>
            </index_of_refraction>
          </lambert>
        </technique>
      </profile_COMMON>
    </effect>
    <effect id="Material-橡胶环-effect">
      <profile_COMMON>
        <technique sid="common">
          <lambert>
            <emission>
              <color sid="emission">0 0 0 1</color>
            </emission>
            <diffuse>
              <color sid="diffuse">0 0 0 1</color>
            </diffuse>
            <reflectivity>
              <float sid="specular">0.322857</float>
            </reflectivity>
            <index_of_refraction>
              <float sid="ior">1.45</float>
            </index_of_refraction>
          </lambert>
        </technique>
      </profile_COMMON>
    </effect>
  </library_effects>
  <library_images/>
  <library_materials>
    <material id="Material-外壳-material" name="Material-外壳">
      <instance_effect url="#Material-外壳-effect"/>
    </material>
    <material id="Material-橡胶-material" name="Material-橡胶">
      <instance_effect url="#Material-橡胶-effect"/>
    </material>
    <material id="Material-橡胶环-material" name="Material-橡胶环">
      <instance_effect url="#Material-橡胶环-effect"/>
    </material>
  </library_materials>
  <library_geometries>
    <geometry id="mesh-dd7d8dbc-7f5f-4309-8f4f-eeee3c00ad95-mesh" name="mesh-dd7d8dbc-7f5f-4309-8f4f-eeee3c00ad95">
      <mesh>
        <source id="mesh-dd7d8dbc-7f5f-4309-8f4f-eeee3c00ad95-mesh-positions">
          <float_array id="mesh-dd7d8dbc-7f5f-4309-8f4f-eeee3c00ad95-mesh-positions-array" count="9">221.817 0.09500497 1.529466 221.892 1.96359e-4 2.010222 221.894 1.96359e-4 2.057772</float_array>
          <technique_common>
            <accessor source="#mesh-dd7d8dbc-7f5f-4309-8f4f-eeee3c00ad95-mesh-positions-array" count="3" stride="3">
              <param name="X" type="float"/>
              <param name="Y" type="float"/>
              <param name="Z" type="float"/>
            </accessor>
          </technique_common>
        </source>
        <source id="mesh-dd7d8dbc-7f5f-4309-8f4f-eeee3c00ad95-mesh-normals">
          <float_array id="mesh-dd7d8dbc-7f5f-4309-8f4f-eeee3c00ad95-mesh-normals-array" count="3">-0.8670937 -0.4967268 0.03756386</float_array>
          <technique_common>
            <accessor source="#mesh-dd7d8dbc-7f5f-4309-8f4f-eeee3c00ad95-mesh-normals-array" count="1" stride="3">
              <param name="X" type="float"/>
              <param name="Y" type="float"/>
              <param name="Z" type="float"/>
            </accessor>
          </technique_common>
        </source>
        <vertices id="mesh-dd7d8dbc-7f5f-4309-8f4f-eeee3c00ad95-mesh-vertices">
          <input semantic="POSITION" source="#mesh-dd7d8dbc-7f5f-4309-8f4f-eeee3c00ad95-mesh-positions"/>
        </vertices>
        <triangles material="Material-外壳-material" count="1">
          <input semantic="VERTEX" source="#mesh-dd7d8dbc-7f5f-4309-8f4f-eeee3c00ad95-mesh-vertices" offset="0"/>
          <input semantic="NORMAL" source="#mesh-dd7d8dbc-7f5f-4309-8f4f-eeee3c00ad95-mesh-normals" offset="1"/>
          <p>0 0 1 0 2 0</p>
        </triangles>
      </mesh>
    </geometry>
    <geometry id="mesh-a5df3bec-f915-467a-80f7-74a3e0420975-mesh" name="mesh-a5df3bec-f915-467a-80f7-74a3e0420975">
      <mesh>
        <source id="mesh-a5df3bec-f915-467a-80f7-74a3e0420975-mesh-positions">
          <float_array id="mesh-a5df3bec-f915-467a-80f7-74a3e0420975-mesh-positions-array" count="12">221.8942 1.88908e-4 2.060305 221.894 1.96359e-4 2.057772 221.817 -0.09499967 1.529466 221.892 1.96359e-4 2.010222</float_array>
          <technique_common>
            <accessor source="#mesh-a5df3bec-f915-467a-80f7-74a3e0420975-mesh-positions-array" count="4" stride="3">
              <param name="X" type="float"/>
              <param name="Y" type="float"/>
              <param name="Z" type="float"/>
            </accessor>
          </technique_common>
        </source>
        <source id="mesh-a5df3bec-f915-467a-80f7-74a3e0420975-mesh-normals">
          <float_array id="mesh-a5df3bec-f915-467a-80f7-74a3e0420975-mesh-normals-array" count="6">-0.894013 0.4452672 0.04977965 -0.8679637 0.4952021 0.03760164</float_array>
          <technique_common>
            <accessor source="#mesh-a5df3bec-f915-467a-80f7-74a3e0420975-mesh-normals-array" count="2" stride="3">
              <param name="X" type="float"/>
              <param name="Y" type="float"/>
              <param name="Z" type="float"/>
            </accessor>
          </technique_common>
        </source>
        <vertices id="mesh-a5df3bec-f915-467a-80f7-74a3e0420975-mesh-vertices">
          <input semantic="POSITION" source="#mesh-a5df3bec-f915-467a-80f7-74a3e0420975-mesh-positions"/>
        </vertices>
        <triangles material="Material-外壳-material" count="2">
          <input semantic="VERTEX" source="#mesh-a5df3bec-f915-467a-80f7-74a3e0420975-mesh-vertices" offset="0"/>
          <input semantic="NORMAL" source="#mesh-a5df3bec-f915-467a-80f7-74a3e0420975-mesh-normals" offset="1"/>
          <p>0 0 1 0 2 0 2 1 1 1 3 1</p>
        </triangles>
      </mesh>
    </geometry>
    <geometry id="mesh-aec9df8a-a2c3-4a94-b49d-f48f1cf4658f-mesh" name="mesh-aec9df8a-a2c3-4a94-b49d-f48f1cf4658f">
      <mesh>
        <source id="mesh-aec9df8a-a2c3-4a94-b49d-f48f1cf4658f-mesh-positions">
          <float_array id="mesh-aec9df8a-a2c3-4a94-b49d-f48f1cf4658f-mesh-positions-array" count="156">152.5 -29.9437 -8.023392 152.5 -31 1.07992e-6 152.5 -33.6599 -9.592253 152.5 -29.9437 8.02339 152.5 -34.7 0.9999994 152.5 -34.7 -1.000001 152.5 -34.98571 -1.000001 152.5 -26.84679 -15.5 152.5 -30.25721 -17.59265 152.5 -21.92031 -21.92031 152.5 -24.9876 -24.50755 152.5 -15.5 -26.84679 152.5 -18.17621 -29.91029 152.5 -8.02339 -29.9437 152.5 -10.24332 -33.46751 152.5 2.85255e-6 -31 152.5 -1.678397 -34.95973 152.5 8.023392 -29.9437 152.5 6.990078 -34.29488 152.5 15.5 -26.84679 152.5 15.22726 -31.51397 152.5 21.92031 -21.92031 152.5 22.5249 -26.7886 152.5 26.84679 -15.5 152.5 28.43271 -20.41032 152.5 29.9437 -8.023392 152.5 32.58617 -12.7727 152.5 31 1.07945e-6 152.5 -34.98571 0.9999994 152.5 -33.6599 9.592251 152.5 -30.25721 17.59265 152.5 -26.84679 15.5 152.5 -24.9876 24.50755 152.5 -21.92031 21.92031 152.5 -18.17621 29.91029 152.5 -15.5 26.84679 152.5 -10.24332 33.46751 152.5 -8.02339 29.9437 152.5 -1.678397 34.95973 152.5 2.85301e-6 31 152.5 6.990078 34.29488 152.5 8.023392 29.9437 152.5 15.22726 31.51397 152.5 15.5 26.84679 152.5 22.5249 26.7886 152.5 21.92031 21.92031 152.5 28.43271 20.41032 152.5 26.84679 15.5 152.5 32.58617 12.7727 152.5 29.9437 8.02339 152.5 34.72901 4.346968 152.5 34.72901 -4.34697</float_array>
          <technique_common>
            <accessor source="#mesh-aec9df8a-a2c3-4a94-b49d-f48f1cf4658f-mesh-positions-array" count="52" stride="3">
              <param name="X" type="float"/>
              <param name="Y" type="float"/>
              <param name="Z" type="float"/>
            </accessor>
          </technique_common>
        </source>
        <source id="mesh-aec9df8a-a2c3-4a94-b49d-f48f1cf4658f-mesh-normals">
          <float_array id="mesh-aec9df8a-a2c3-4a94-b49d-f48f1cf4658f-mesh-normals-array" count="57">1 0 0 1 -9.92674e-7 0 1 -8.248e-6 0 1 -3.73953e-6 0 1 1.92408e-6 0 1 -1.10066e-6 0 1 -1.99345e-6 0 1 8.3795e-7 0 1 -3.18025e-6 0 1 -3.12003e-6 0 1 9.0208e-6 0 1 -9.31186e-6 0 1 6.96164e-6 0 1 -9.09793e-7 0 1 1.83791e-6 0 1 -9.02361e-7 0 1 1.68789e-6 0 1 -3.75514e-6 0 1 5.99346e-6 0</float_array>
          <technique_common>
            <accessor source="#mesh-aec9df8a-a2c3-4a94-b49d-f48f1cf4658f-mesh-normals-array" count="19" stride="3">
              <param name="X" type="float"/>
              <param name="Y" type="float"/>
              <param name="Z" type="float"/>
            </accessor>
          </technique_common>
        </source>
        <vertices id="mesh-aec9df8a-a2c3-4a94-b49d-f48f1cf4658f-mesh-vertices">
          <input semantic="POSITION" source="#mesh-aec9df8a-a2c3-4a94-b49d-f48f1cf4658f-mesh-positions"/>
        </vertices>
        <triangles material="Material-外壳-material" count="52">
          <input semantic="VERTEX" source="#mesh-aec9df8a-a2c3-4a94-b49d-f48f1cf4658f-mesh-vertices" offset="0"/>
          <input semantic="NORMAL" source="#mesh-aec9df8a-a2c3-4a94-b49d-f48f1cf4658f-mesh-normals" offset="1"/>
          <p>0 0 1 0 2 0 3 1 4 1 1 1 1 2 4 2 5 2 1 0 5 0 2 0 2 0 5 0 6 0 0 3 2 3 7 3 7 0 2 0 8 0 7 0 8 0 9 0 9 0 8 0 10 0 9 4 10 4 11 4 11 0 10 0 12 0 11 5 12 5 13 5 13 0 12 0 14 0 13 6 14 6 15 6 15 7 14 7 16 7 15 0 16 0 17 0 17 0 16 0 18 0 17 0 18 0 19 0 19 0 18 0 20 0 19 0 20 0 21 0 21 8 20 8 22 8 21 0 22 0 23 0 23 9 22 9 24 9 23 10 24 10 25 10 25 0 24 0 26 0 25 11 26 11 27 11 28 0 4 0 29 0 29 0 4 0 3 0 29 12 3 12 30 12 30 0 3 0 31 0 30 0 31 0 32 0 32 0 31 0 33 0 32 0 33 0 34 0 34 0 33 0 35 0 34 0 35 0 36 0 36 0 35 0 37 0 36 0 37 0 38 0 38 13 37 13 39 13 38 14 39 14 40 14 40 15 39 15 41 15 40 0 41 0 42 0 42 0 41 0 43 0 42 16 43 16 44 16 44 0 43 0 45 0 44 0 45 0 46 0 46 0 45 0 47 0 46 17 47 17 48 17 48 0 47 0 49 0 48 0 49 0 50 0 50 0 49 0 27 0 50 0 27 0 51 0 51 18 27 18 26 18</p>
        </triangles>
      </mesh>
    </geometry>
    <geometry id="mesh-a5405e04-70a0-4258-98d6-b1d1605c69c0-mesh" name="mesh-a5405e04-70a0-4258-98d6-b1d1605c69c0">
      <mesh>
        <source id="mesh-a5405e04-70a0-4258-98d6-b1d1605c69c0-mesh-positions">
          <float_array id="mesh-a5405e04-70a0-4258-98d6-b1d1605c69c0-mesh-positions-array" count="174">152.5 -29.13047 10.60262 152.5 -30.79039 3.598884 152.5 -34.7 0.9999983 152.5 -34.7 -0.9999983 152.5 -30.79039 -3.59888 152.5 -29.13047 -10.60262 152.5 -34.98571 -0.9999983 152.5 -33.90383 -8.690797 152.5 -31.15254 -15.95366 152.5 -25.90012 -17.03478 152.5 -25.90012 17.03478 152.5 -34.98571 0.9999983 152.5 -33.90383 8.690797 152.5 -31.15254 15.95366 152.5 -26.86729 22.43097 152.5 -21.27349 22.54859 152.5 -21.25911 27.80378 152.5 -15.5 26.84679 152.5 -14.60413 31.80753 152.5 -8.890902 29.69767 152.5 -7.230041 34.24509 152.5 -1.802487 30.94755 152.5 0.5000483 34.99643 152.5 5.383092 30.52904 152.5 8.205521 34.02454 152.5 12.27847 28.4647 152.5 15.50696 31.37729 152.5 18.51192 24.86582 152.5 22.04482 27.18503 152.5 23.74738 19.92642 152.5 27.49721 21.65417 152.5 27.70261 13.91277 152.5 31.59564 15.05708 152.5 30.16439 7.149092 152.5 34.1383 7.718571 152.5 31 0 152.5 35 0 152.5 30.16439 -7.149092 152.5 34.1383 -7.718571 152.5 27.70261 -13.91277 152.5 31.59564 -15.05707 152.5 23.74738 -19.92642 152.5 27.49721 -21.65418 152.5 18.51192 -24.86582 152.5 22.04482 -27.18503 152.5 12.27847 -28.4647 152.5 15.50696 -31.37729 152.5 5.383092 -30.52904 152.5 8.205521 -34.02454 152.5 -1.802487 -30.94755 152.5 0.5000483 -34.99643 152.5 -8.890902 -29.69768 152.5 -7.230041 -34.24509 152.5 -15.5 -26.84679 152.5 -14.60413 -31.80754 152.5 -21.27349 -22.54858 152.5 -21.25911 -27.80378 152.5 -26.86729 -22.43097</float_array>
          <technique_common>
            <accessor source="#mesh-a5405e04-70a0-4258-98d6-b1d1605c69c0-mesh-positions-array" count="58" stride="3">
              <param name="X" type="float"/>
              <param name="Y" type="float"/>
              <param name="Z" type="float"/>
            </accessor>
          </technique_common>
        </source>
        <source id="mesh-a5405e04-70a0-4258-98d6-b1d1605c69c0-mesh-normals">
          <float_array id="mesh-a5405e04-70a0-4258-98d6-b1d1605c69c0-mesh-normals-array" count="54">-1 5.29177e-6 0 -1 0 0 -1 4.15088e-6 0 -1 2.60292e-6 0 -1 -2.01443e-6 0 -1 -2.01889e-6 0 -1 2.06422e-6 0 -1 -1.0283e-6 0 -1 8.30867e-6 0 -1 -4.0191e-6 0 -1 -8.37582e-6 0 -1 -4.31646e-6 0 -1 -2.21402e-6 0 -1 9.12707e-7 0 -1 -1.80024e-6 0 -1 1.77442e-6 0 -1 -3.49615e-6 0 -1 -3.44255e-6 0</float_array>
          <technique_common>
            <accessor source="#mesh-a5405e04-70a0-4258-98d6-b1d1605c69c0-mesh-normals-array" count="18" stride="3">
              <param name="X" type="float"/>
              <param name="Y" type="float"/>
              <param name="Z" type="float"/>
            </accessor>
          </technique_common>
        </source>
        <vertices id="mesh-a5405e04-70a0-4258-98d6-b1d1605c69c0-mesh-vertices">
          <input semantic="POSITION" source="#mesh-a5405e04-70a0-4258-98d6-b1d1605c69c0-mesh-positions"/>
        </vertices>
        <triangles material="Material-外壳-material" count="58">
          <input semantic="VERTEX" source="#mesh-a5405e04-70a0-4258-98d6-b1d1605c69c0-mesh-vertices" offset="0"/>
          <input semantic="NORMAL" source="#mesh-a5405e04-70a0-4258-98d6-b1d1605c69c0-mesh-normals" offset="1"/>
          <p>0 0 1 0 2 0 2 1 1 1 3 1 3 1 1 1 4 1 3 1 4 1 5 1 6 1 3 1 7 1 7 1 3 1 5 1 7 2 5 2 8 2 8 1 5 1 9 1 0 1 2 1 10 1 10 1 2 1 11 1 10 1 11 1 12 1 12 3 13 3 10 3 10 1 13 1 14 1 10 4 14 4 15 4 15 1 14 1 16 1 15 1 16 1 17 1 17 1 16 1 18 1 17 5 18 5 19 5 19 1 18 1 20 1 19 1 20 1 21 1 21 6 20 6 22 6 21 1 22 1 23 1 23 7 22 7 24 7 23 1 24 1 25 1 25 1 24 1 26 1 25 1 26 1 27 1 27 1 26 1 28 1 27 1 28 1 29 1 29 1 28 1 30 1 29 8 30 8 31 8 31 9 30 9 32 9 31 10 32 10 33 10 33 1 32 1 34 1 33 1 34 1 35 1 35 1 34 1 36 1 35 1 36 1 37 1 37 1 36 1 38 1 37 11 38 11 39 11 39 1 38 1 40 1 39 1 40 1 41 1 41 1 40 1 42 1 41 12 42 12 43 12 43 1 42 1 44 1 43 1 44 1 45 1 45 1 44 1 46 1 45 1 46 1 47 1 47 1 46 1 48 1 47 1 48 1 49 1 49 13 48 13 50 13 49 1 50 1 51 1 51 14 50 14 52 14 51 1 52 1 53 1 53 15 52 15 54 15 53 1 54 1 55 1 55 16 54 16 56 16 55 1 56 1 9 1 9 17 56 17 57 17 9 1 57 1 8 1</p>
        </triangles>
      </mesh>
    </geometry>
    <geometry id="mesh-a5ba6ab8-bf7e-426d-ba51-5536e6810251-mesh" name="mesh-a5ba6ab8-bf7e-426d-ba51-5536e6810251">
      <mesh>
        <source id="mesh-a5ba6ab8-bf7e-426d-ba51-5536e6810251-mesh-positions">
          <float_array id="mesh-a5ba6ab8-bf7e-426d-ba51-5536e6810251-mesh-positions-array" count="9">257.5239 -33.89516 -55.38341 257.4368 -33.70597 -57.53091 257.7042 -33.95653 -55.53373</float_array>
          <technique_common>
            <accessor source="#mesh-a5ba6ab8-bf7e-426d-ba51-5536e6810251-mesh-positions-array" count="3" stride="3">
              <param name="X" type="float"/>
              <param name="Y" type="float"/>
              <param name="Z" type="float"/>
            </accessor>
          </technique_common>
        </source>
        <source id="mesh-a5ba6ab8-bf7e-426d-ba51-5536e6810251-mesh-normals">
          <float_array id="mesh-a5ba6ab8-bf7e-426d-ba51-5536e6810251-mesh-normals-array" count="3">-0.3709143 -0.9262791 -0.06655508</float_array>
          <technique_common>
            <accessor source="#mesh-a5ba6ab8-bf7e-426d-ba51-5536e6810251-mesh-normals-array" count="1" stride="3">
              <param name="X" type="float"/>
              <param name="Y" type="float"/>
              <param name="Z" type="float"/>
            </accessor>
          </technique_common>
        </source>
        <vertices id="mesh-a5ba6ab8-bf7e-426d-ba51-5536e6810251-mesh-vertices">
          <input semantic="POSITION" source="#mesh-a5ba6ab8-bf7e-426d-ba51-5536e6810251-mesh-positions"/>
        </vertices>
        <triangles material="Material-外壳-material" count="1">
          <input semantic="VERTEX" source="#mesh-a5ba6ab8-bf7e-426d-ba51-5536e6810251-mesh-vertices" offset="0"/>
          <input semantic="NORMAL" source="#mesh-a5ba6ab8-bf7e-426d-ba51-5536e6810251-mesh-normals" offset="1"/>
          <p>0 0 1 0 2 0</p>
        </triangles>
      </mesh>
    </geometry>
    <geometry id="mesh-cb9fcc03-477f-4422-a08d-831bb39a0d38-mesh" name="mesh-cb9fcc03-477f-4422-a08d-831bb39a0d38">
      <mesh>
        <source id="mesh-cb9fcc03-477f-4422-a08d-831bb39a0d38-mesh-positions">
          <float_array id="mesh-cb9fcc03-477f-4422-a08d-831bb39a0d38-mesh-positions-array" count="12">262.7157 -33.16403 -55.38341 263.3958 -33.17931 -55.77081 263.3567 -33.00345 -55.38341 266.6782 -32.1603 -56.92649</float_array>
          <technique_common>
            <accessor source="#mesh-cb9fcc03-477f-4422-a08d-831bb39a0d38-mesh-positions-array" count="4" stride="3">
              <param name="X" type="float"/>
              <param name="Y" type="float"/>
              <param name="Z" type="float"/>
            </accessor>
          </technique_common>
        </source>
        <source id="mesh-cb9fcc03-477f-4422-a08d-831bb39a0d38-mesh-normals">
          <float_array id="mesh-cb9fcc03-477f-4422-a08d-831bb39a0d38-mesh-normals-array" count="12">0.220356 -0.8796405 0.4215161 0.3372672 -0.8439561 0.4171202 0.2995683 -0.8570246 0.4192466 0.3993273 -0.8189929 0.412054</float_array>
          <technique_common>
            <accessor source="#mesh-cb9fcc03-477f-4422-a08d-831bb39a0d38-mesh-normals-array" count="4" stride="3">
              <param name="X" type="float"/>
              <param name="Y" type="float"/>
              <param name="Z" type="float"/>
            </accessor>
          </technique_common>
        </source>
        <vertices id="mesh-cb9fcc03-477f-4422-a08d-831bb39a0d38-mesh-vertices">
          <input semantic="POSITION" source="#mesh-cb9fcc03-477f-4422-a08d-831bb39a0d38-mesh-positions"/>
        </vertices>
        <triangles material="Material-外壳-material" count="2">
          <input semantic="VERTEX" source="#mesh-cb9fcc03-477f-4422-a08d-831bb39a0d38-mesh-vertices" offset="0"/>
          <input semantic="NORMAL" source="#mesh-cb9fcc03-477f-4422-a08d-831bb39a0d38-mesh-normals" offset="1"/>
          <p>0 0 1 1 2 2 2 2 1 1 3 3</p>
        </triangles>
      </mesh>
    </geometry>
    <geometry id="mesh-ab233641-d46a-47fe-b090-f958cf276014-mesh" name="mesh-ab233641-d46a-47fe-b090-f958cf276014">
      <mesh>
        <source id="mesh-ab233641-d46a-47fe-b090-f958cf276014-mesh-positions">
          <float_array id="mesh-ab233641-d46a-47fe-b090-f958cf276014-mesh-positions-array" count="12">257.5239 -33.89516 -55.38341 257.7042 -33.95653 -55.53373 257.7003 -33.88301 -55.38341 259.6522 -33.75388 -56.41843</float_array>
          <technique_common>
            <accessor source="#mesh-ab233641-d46a-47fe-b090-f958cf276014-mesh-positions-array" count="4" stride="3">
              <param name="X" type="float"/>
              <param name="Y" type="float"/>
              <param name="Z" type="float"/>
            </accessor>
          </technique_common>
        </source>
        <source id="mesh-ab233641-d46a-47fe-b090-f958cf276014-mesh-normals">
          <float_array id="mesh-ab233641-d46a-47fe-b090-f958cf276014-mesh-normals-array" count="12">0.06167173 -0.8960129 0.4397245 0.2185496 -0.8743789 0.433241 0.1562749 -0.8857058 0.4371539 0.2833632 -0.8585985 0.4272165</float_array>
          <technique_common>
            <accessor source="#mesh-ab233641-d46a-47fe-b090-f958cf276014-mesh-normals-array" count="4" stride="3">
              <param name="X" type="float"/>
              <param name="Y" type="float"/>
              <param name="Z" type="float"/>
            </accessor>
          </technique_common>
        </source>
        <vertices id="mesh-ab233641-d46a-47fe-b090-f958cf276014-mesh-vertices">
          <input semantic="POSITION" source="#mesh-ab233641-d46a-47fe-b090-f958cf276014-mesh-positions"/>
        </vertices>
        <triangles material="Material-外壳-material" count="2">
          <input semantic="VERTEX" source="#mesh-ab233641-d46a-47fe-b090-f958cf276014-mesh-vertices" offset="0"/>
          <input semantic="NORMAL" source="#mesh-ab233641-d46a-47fe-b090-f958cf276014-mesh-normals" offset="1"/>
          <p>0 0 1 1 2 2 1 1 3 3 2 2</p>
        </triangles>
      </mesh>
    </geometry>
    <geometry id="mesh-afb40713-4acb-44be-816c-bc26331fc9b1-mesh" name="mesh-afb40713-4acb-44be-816c-bc26331fc9b1">
      <mesh>
        <source id="mesh-afb40713-4acb-44be-816c-bc26331fc9b1-mesh-positions">
          <float_array id="mesh-afb40713-4acb-44be-816c-bc26331fc9b1-mesh-positions-array" count="12">257.5239 -33.89516 -55.38341 257.7042 -33.95653 -55.53373 257.7003 -33.88301 -55.38341 259.6522 -33.75388 -56.41843</float_array>
          <technique_common>
            <accessor source="#mesh-afb40713-4acb-44be-816c-bc26331fc9b1-mesh-positions-array" count="4" stride="3">
              <param name="X" type="float"/>
              <param name="Y" type="float"/>
              <param name="Z" type="float"/>
            </accessor>
          </technique_common>
        </source>
        <source id="mesh-afb40713-4acb-44be-816c-bc26331fc9b1-mesh-normals">
          <float_array id="mesh-afb40713-4acb-44be-816c-bc26331fc9b1-mesh-normals-array" count="12">0.06167173 -0.8960129 0.4397245 0.2185356 -0.8743943 0.4332168 0.1562665 -0.8857146 0.4371392 0.2833437 -0.8586216 0.427183</float_array>
          <technique_common>
            <accessor source="#mesh-afb40713-4acb-44be-816c-bc26331fc9b1-mesh-normals-array" count="4" stride="3">
              <param name="X" type="float"/>
              <param name="Y" type="float"/>
              <param name="Z" type="float"/>
            </accessor>
          </technique_common>
        </source>
        <vertices id="mesh-afb40713-4acb-44be-816c-bc26331fc9b1-mesh-vertices">
          <input semantic="POSITION" source="#mesh-afb40713-4acb-44be-816c-bc26331fc9b1-mesh-positions"/>
        </vertices>
        <triangles material="Material-外壳-material" count="2">
          <input semantic="VERTEX" source="#mesh-afb40713-4acb-44be-816c-bc26331fc9b1-mesh-vertices" offset="0"/>
          <input semantic="NORMAL" source="#mesh-afb40713-4acb-44be-816c-bc26331fc9b1-mesh-normals" offset="1"/>
          <p>0 0 1 1 2 2 2 3 1 3 3 3</p>
        </triangles>
      </mesh>
    </geometry>
    <geometry id="mesh-a4935322-cfa4-48ae-ab1c-851de371cd0b-mesh" name="mesh-a4935322-cfa4-48ae-ab1c-851de371cd0b">
      <mesh>
        <source id="mesh-a4935322-cfa4-48ae-ab1c-851de371cd0b-mesh-positions">
          <float_array id="mesh-a4935322-cfa4-48ae-ab1c-851de371cd0b-mesh-positions-array" count="12">263.3958 -33.17931 -55.77081 266.6782 -32.1603 -56.92649 263.3567 -33.00345 -55.38341 262.7157 -33.16403 -55.38341</float_array>
          <technique_common>
            <accessor source="#mesh-a4935322-cfa4-48ae-ab1c-851de371cd0b-mesh-positions-array" count="4" stride="3">
              <param name="X" type="float"/>
              <param name="Y" type="float"/>
              <param name="Z" type="float"/>
            </accessor>
          </technique_common>
        </source>
        <source id="mesh-a4935322-cfa4-48ae-ab1c-851de371cd0b-mesh-normals">
          <float_array id="mesh-a4935322-cfa4-48ae-ab1c-851de371cd0b-mesh-normals-array" count="12">0.3372672 -0.8439561 0.4171202 0.3993273 -0.8189929 0.412054 0.2995683 -0.8570246 0.4192466 0.220356 -0.8796405 0.4215161</float_array>
          <technique_common>
            <accessor source="#mesh-a4935322-cfa4-48ae-ab1c-851de371cd0b-mesh-normals-array" count="4" stride="3">
              <param name="X" type="float"/>
              <param name="Y" type="float"/>
              <param name="Z" type="float"/>
            </accessor>
          </technique_common>
        </source>
        <vertices id="mesh-a4935322-cfa4-48ae-ab1c-851de371cd0b-mesh-vertices">
          <input semantic="POSITION" source="#mesh-a4935322-cfa4-48ae-ab1c-851de371cd0b-mesh-positions"/>
        </vertices>
        <triangles material="Material-外壳-material" count="2">
          <input semantic="VERTEX" source="#mesh-a4935322-cfa4-48ae-ab1c-851de371cd0b-mesh-vertices" offset="0"/>
          <input semantic="NORMAL" source="#mesh-a4935322-cfa4-48ae-ab1c-851de371cd0b-mesh-normals" offset="1"/>
          <p>0 0 1 1 2 2 3 3 0 3 2 3</p>
        </triangles>
      </mesh>
    </geometry>
    <geometry id="mesh-a2098d13-94c0-4e1f-ad29-baa7d286c466-mesh" name="mesh-a2098d13-94c0-4e1f-ad29-baa7d286c466">
      <mesh>
        <source id="mesh-a2098d13-94c0-4e1f-ad29-baa7d286c466-mesh-positions">
          <float_array id="mesh-a2098d13-94c0-4e1f-ad29-baa7d286c466-mesh-positions-array" count="12">269.8715 -31.03541 -55.72855 272.6975 -29.56005 -56.42788 269.8012 -30.88756 -55.38341 268.925 -31.32322 -55.38341</float_array>
          <technique_common>
            <accessor source="#mesh-a2098d13-94c0-4e1f-ad29-baa7d286c466-mesh-positions-array" count="4" stride="3">
              <param name="X" type="float"/>
              <param name="Y" type="float"/>
              <param name="Z" type="float"/>
            </accessor>
          </technique_common>
        </source>
        <source id="mesh-a2098d13-94c0-4e1f-ad29-baa7d286c466-mesh-normals">
          <float_array id="mesh-a2098d13-94c0-4e1f-ad29-baa7d286c466-mesh-normals-array" count="12">0.4604289 -0.7781648 0.427159 0.4993207 -0.7549448 0.4251322 0.446637 -0.7858898 0.4276595 0.402275 -0.8090302 0.4285382</float_array>
          <technique_common>
            <accessor source="#mesh-a2098d13-94c0-4e1f-ad29-baa7d286c466-mesh-normals-array" count="4" stride="3">
              <param name="X" type="float"/>
              <param name="Y" type="float"/>
              <param name="Z" type="float"/>
            </accessor>
          </technique_common>
        </source>
        <vertices id="mesh-a2098d13-94c0-4e1f-ad29-baa7d286c466-mesh-vertices">
          <input semantic="POSITION" source="#mesh-a2098d13-94c0-4e1f-ad29-baa7d286c466-mesh-positions"/>
        </vertices>
        <triangles material="Material-外壳-material" count="2">
          <input semantic="VERTEX" source="#mesh-a2098d13-94c0-4e1f-ad29-baa7d286c466-mesh-vertices" offset="0"/>
          <input semantic="NORMAL" source="#mesh-a2098d13-94c0-4e1f-ad29-baa7d286c466-mesh-normals" offset="1"/>
          <p>0 0 1 1 2 2 3 3 0 3 2 3</p>
        </triangles>
      </mesh>
    </geometry>
    <geometry id="mesh-af9472fd-b7d2-40ea-92cc-d02690837ef4-mesh" name="mesh-af9472fd-b7d2-40ea-92cc-d02690837ef4">
      <mesh>
        <source id="mesh-af9472fd-b7d2-40ea-92cc-d02690837ef4-mesh-positions">
          <float_array id="mesh-af9472fd-b7d2-40ea-92cc-d02690837ef4-mesh-positions-array" count="174">152.5 -7.648875 34.15398 155.0395 2.8727e-6 35 152.5 2.8727e-6 35 155.0395 7.788236 34.12247 152.5 7.788236 34.12247 155.0395 -7.648875 34.15398 152.5 -14.92797 31.65684 155.0395 -14.92797 31.65684 155.0395 15.18593 31.53391 152.5 15.18593 31.53391 152.5 -21.4854 27.62929 155.0395 -21.4854 27.62929 155.0395 21.82214 27.36411 152.5 21.82214 27.36411 152.5 -27.00414 22.26604 155.0395 -27.00414 22.26604 155.0395 27.3641 21.82214 152.5 27.3641 21.82214 152.5 -31.2174 15.82636 155.0395 -31.2174 15.82636 155.0395 31.53391 15.18593 152.5 31.53391 15.18593 152.5 -33.9215 8.621582 155.0395 -33.9215 8.621582 155.0395 34.12248 7.788233 152.5 34.12248 7.788233 152.5 -34.98571 0.9999983 155.0395 -34.98571 0.9999983 155.0395 35 0 152.5 35 0 155.0395 34.12248 -7.788233 152.5 34.12248 -7.788233 152.5 -33.9215 -8.621582 155.0395 -34.98571 -0.9999983 152.5 -34.98571 -0.9999983 155.0395 -33.9215 -8.621582 155.0395 31.53391 -15.18593 152.5 31.53391 -15.18593 152.5 -31.2174 -15.82636 155.0395 -31.2174 -15.82636 155.0395 27.3641 -21.82214 152.5 27.3641 -21.82214 152.5 -27.00414 -22.26603 155.0395 -27.00414 -22.26603 155.0395 21.82214 -27.3641 152.5 21.82214 -27.3641 152.5 -21.4854 -27.62929 155.0395 -21.4854 -27.62929 155.0395 15.18593 -31.53391 152.5 15.18593 -31.53391 152.5 -14.92797 -31.65684 155.0395 -14.92797 -31.65684 155.0395 7.788236 -34.12247 152.5 7.788236 -34.12247 152.5 -7.648875 -34.15398 155.0395 -7.648875 -34.15398 155.0395 2.8727e-6 -35 152.5 2.8727e-6 -35</float_array>
          <technique_common>
            <accessor source="#mesh-af9472fd-b7d2-40ea-92cc-d02690837ef4-mesh-positions-array" count="58" stride="3">
              <param name="X" type="float"/>
              <param name="Y" type="float"/>
              <param name="Z" type="float"/>
            </accessor>
          </technique_common>
        </source>
        <source id="mesh-af9472fd-b7d2-40ea-92cc-d02690837ef4-mesh-normals">
          <float_array id="mesh-af9472fd-b7d2-40ea-92cc-d02690837ef4-mesh-normals-array" count="174">0 -0.2185397 0.9758281 0 0.001019954 0.9999996 0 0.001019775 0.9999995 0 0.2225201 0.9749281 0 0.2225201 0.9749282 0 -0.2185392 0.9758282 0 -0.4265149 0.9044806 0 -0.4265141 0.9044809 0 0.4338817 0.9009699 0 0.4338822 0.9009697 0 -0.6138678 0.7894089 0 -0.6138678 0.789409 0 0.6234902 0.7818313 0 0.6234909 0.7818307 0 -0.7715466 0.6361729 0 -0.7715471 0.6361722 0 0.7818321 0.623489 0 0.7818323 0.6234889 0 -0.8919256 0.4521822 0 -0.8919261 0.4521815 0 0.9009685 0.4338847 0 0.9009684 0.4338848 0 -0.9691861 0.2463297 0 -0.9691863 0.2463293 0 0.9749281 0.2225207 0 0.974928 0.2225208 0 -0.9903919 0.1382895 0 -0.9903919 0.1382896 0 1 5.48918e-7 0 1 5.58464e-7 0 0.974928 -0.2225212 0 0.9749279 -0.2225213 0 -0.9691857 -0.2463315 0 -0.9903919 -0.1382895 0 -0.9903919 -0.1382896 0 -0.9691858 -0.2463309 0 0.9009684 -0.4338848 0 0.9009686 -0.4338844 0 -0.8919267 -0.4521803 0 -0.8919267 -0.4521803 0 0.7818318 -0.6234896 0 0.7818323 -0.6234889 0 -0.7715472 -0.6361722 0 -0.7715466 -0.636173 0 0.6234899 -0.7818315 0 0.6234907 -0.7818308 0 -0.6138678 -0.789409 0 -0.6138674 -0.7894092 0 0.4338849 -0.9009683 0 0.4338851 -0.9009683 0 -0.4265136 -0.9044812 0 -0.4265133 -0.9044814 0 0.2225212 -0.9749279 0 0.2225208 -0.974928 0 -0.2185391 -0.9758282 0 -0.2185389 -0.9758284 0 0.001019954 -0.9999995 0 0.001019835 -0.9999996</float_array>
          <technique_common>
            <accessor source="#mesh-af9472fd-b7d2-40ea-92cc-d02690837ef4-mesh-normals-array" count="58" stride="3">
              <param name="X" type="float"/>
              <param name="Y" type="float"/>
              <param name="Z" type="float"/>
            </accessor>
          </technique_common>
        </source>
        <vertices id="mesh-af9472fd-b7d2-40ea-92cc-d02690837ef4-mesh-vertices">
          <input semantic="POSITION" source="#mesh-af9472fd-b7d2-40ea-92cc-d02690837ef4-mesh-positions"/>
        </vertices>
        <triangles material="Material-外壳-material" count="56">
          <input semantic="VERTEX" source="#mesh-af9472fd-b7d2-40ea-92cc-d02690837ef4-mesh-vertices" offset="0"/>
          <input semantic="NORMAL" source="#mesh-af9472fd-b7d2-40ea-92cc-d02690837ef4-mesh-normals" offset="1"/>
          <p>0 0 1 1 2 2 3 3 4 4 2 2 1 1 3 3 2 2 0 0 5 5 1 1 6 6 5 5 0 0 6 6 7 7 5 5 8 8 9 9 4 4 3 3 8 8 4 4 10 10 7 7 6 6 10 10 11 11 7 7 12 12 13 13 9 9 8 8 12 12 9 9 14 14 11 11 10 10 14 14 15 15 11 11 16 16 17 17 13 13 12 12 16 16 13 13 18 18 15 15 14 14 18 18 19 19 15 15 20 20 21 21 17 17 16 16 20 20 17 17 22 22 19 19 18 18 22 22 23 23 19 19 24 24 25 25 21 21 20 20 24 24 21 21 26 26 23 23 22 22 26 26 27 27 23 23 28 28 29 29 25 25 24 24 28 28 25 25 30 30 31 31 29 29 28 28 30 30 29 29 32 32 33 33 34 34 32 32 35 35 33 33 36 36 37 37 31 31 30 30 36 36 31 31 38 38 35 35 32 32 38 38 39 39 35 35 40 40 41 41 37 37 36 36 40 40 37 37 42 42 39 39 38 38 42 42 43 43 39 39 44 44 45 45 41 41 40 40 44 44 41 41 46 46 43 43 42 42 46 46 47 47 43 43 48 48 49 49 45 45 44 44 48 48 45 45 50 50 47 47 46 46 50 50 51 51 47 47 52 52 53 53 49 49 48 48 52 52 49 49 54 54 51 51 50 50 54 54 55 55 51 51 56 56 57 57 53 53 52 52 56 56 53 53 57 57 55 55 54 54 57 57 56 56 55 55</p>
        </triangles>
      </mesh>
    </geometry>
    <geometry id="mesh-a2950dcd-ad73-41e4-97a1-eeb8a6bb6ede-mesh" name="mesh-a2950dcd-ad73-41e4-97a1-eeb8a6bb6ede">
      <mesh>
        <source id="mesh-a2950dcd-ad73-41e4-97a1-eeb8a6bb6ede-mesh-positions">
          <float_array id="mesh-a2950dcd-ad73-41e4-97a1-eeb8a6bb6ede-mesh-positions-array" count="201">152.5 2.8727e-6 31 152.5 -7.648875 34.15398 152.5 2.8727e-6 35 152.5 6.898153 30.22277 152.5 2.8727e-6 35 152.5 7.788236 34.12247 152.5 -6.898147 30.22277 152.5 -14.92797 31.65684 152.5 13.45039 27.93004 152.5 7.788236 34.12247 152.5 15.18593 31.53391 152.5 -13.4504 27.93004 152.5 -21.4854 27.62929 152.5 19.32819 24.23678 152.5 15.18593 31.53391 152.5 21.82214 27.36411 152.5 -19.32818 24.23678 152.5 -27.00414 22.26604 152.5 24.23678 19.32818 152.5 21.82214 27.36411 152.5 27.3641 21.82214 152.5 -24.23678 19.32818 152.5 -31.2174 15.82636 152.5 27.93003 13.4504 152.5 31.53391 15.18593 152.5 -27.93003 13.4504 152.5 -33.9215 8.621582 152.5 30.22277 6.89815 152.5 34.12248 7.788233 152.5 -34.7 0.9999983 152.5 -34.98571 0.9999983 152.5 -30.22276 6.89815 152.5 -27.93003 13.4504 152.5 31 0 152.5 35 0 152.5 -34.7 -0.9999983 152.5 -30.22276 6.89815 152.5 -31 0 152.5 30.22277 -6.89815 152.5 35 0 152.5 34.12248 -7.788233 152.5 -30.22276 -6.89815 152.5 -33.9215 -8.621582 152.5 -34.98571 -0.9999983 152.5 34.12248 -7.788233 152.5 27.93003 -13.4504 152.5 -27.93003 -13.4504 152.5 -31.2174 -15.82636 152.5 31.53391 -15.18593 152.5 24.23678 -19.32818 152.5 -24.23678 -19.32818 152.5 -27.00414 -22.26603 152.5 27.3641 -21.82214 152.5 19.32819 -24.23678 152.5 -19.32818 -24.23678 152.5 -21.4854 -27.62929 152.5 21.82214 -27.3641 152.5 13.45039 -27.93004 152.5 -13.4504 -27.93004 152.5 -14.92797 -31.65684 152.5 15.18593 -31.53391 152.5 6.898153 -30.22277 152.5 -6.898147 -30.22277 152.5 -7.648875 -34.15398 152.5 7.788236 -34.12247 152.5 2.8727e-6 -31 152.5 2.8727e-6 -35</float_array>
          <technique_common>
            <accessor source="#mesh-a2950dcd-ad73-41e4-97a1-eeb8a6bb6ede-mesh-positions-array" count="67" stride="3">
              <param name="X" type="float"/>
              <param name="Y" type="float"/>
              <param name="Z" type="float"/>
            </accessor>
          </technique_common>
        </source>
        <source id="mesh-a2950dcd-ad73-41e4-97a1-eeb8a6bb6ede-mesh-normals">
          <float_array id="mesh-a2950dcd-ad73-41e4-97a1-eeb8a6bb6ede-mesh-normals-array" count="87">-1 0 0 -1 -4.42403e-6 0 -1 4.01689e-6 0 -1 -4.42402e-6 0 -1 1.09352e-6 0 -1 2.21201e-6 0 -1 -2.17947e-6 0 -1 2.21202e-6 0 -1 8.84805e-6 0 -1 -7.83685e-6 0 -1 -1.54391e-5 0 -1 -2.21201e-6 0 -1 1.36324e-5 0 -1 0 0 -1 5.80174e-6 0 -1 -8.267e-6 0 -1 -4.42403e-6 0 -1 -9.04657e-6 0 -1 7.7978e-6 0 -1 -4.42402e-6 0 -1 1.9575e-6 0 -1 8.96212e-6 0 -1 -3.93074e-6 0 -1 -1.95922e-6 0 -1 -3.9461e-6 0 -1 1.46941e-6 0 -1 -2.21202e-6 0 -1 -4.44223e-6 0 -1 5.53003e-7 0</float_array>
          <technique_common>
            <accessor source="#mesh-a2950dcd-ad73-41e4-97a1-eeb8a6bb6ede-mesh-normals-array" count="29" stride="3">
              <param name="X" type="float"/>
              <param name="Y" type="float"/>
              <param name="Z" type="float"/>
            </accessor>
          </technique_common>
        </source>
        <vertices id="mesh-a2950dcd-ad73-41e4-97a1-eeb8a6bb6ede-mesh-vertices">
          <input semantic="POSITION" source="#mesh-a2950dcd-ad73-41e4-97a1-eeb8a6bb6ede-mesh-positions"/>
        </vertices>
        <triangles material="Material-外壳-material" count="59">
          <input semantic="VERTEX" source="#mesh-a2950dcd-ad73-41e4-97a1-eeb8a6bb6ede-mesh-vertices" offset="0"/>
          <input semantic="NORMAL" source="#mesh-a2950dcd-ad73-41e4-97a1-eeb8a6bb6ede-mesh-normals" offset="1"/>
          <p>0 0 1 0 2 0 3 0 0 0 4 0 5 0 3 0 4 0 6 0 7 0 1 0 0 0 6 0 1 0 8 1 3 1 9 1 10 0 8 0 9 0 11 2 12 2 7 2 6 0 11 0 7 0 13 3 8 3 14 3 15 0 13 0 14 0 16 4 12 4 11 4 16 0 17 0 12 0 18 5 13 5 19 5 20 0 18 0 19 0 21 6 17 6 16 6 21 0 22 0 17 0 23 7 18 7 20 7 24 0 23 0 20 0 25 0 22 0 21 0 25 0 26 0 22 0 27 8 23 8 24 8 28 9 27 9 24 9 29 0 30 0 25 0 31 10 29 10 32 10 30 0 26 0 25 0 33 11 27 11 28 11 34 0 33 0 28 0 35 12 29 12 36 12 37 0 35 0 36 0 38 13 33 13 39 13 40 0 38 0 39 0 41 14 35 14 37 14 41 15 42 15 35 15 42 0 43 0 35 0 44 16 45 16 38 16 46 17 47 17 41 17 47 18 42 18 41 18 48 0 45 0 44 0 48 19 49 19 45 19 50 0 51 0 46 0 51 20 47 20 46 20 52 0 49 0 48 0 52 0 53 0 49 0 54 21 55 21 50 21 55 22 51 22 50 22 56 23 53 23 52 23 56 0 57 0 53 0 58 0 59 0 54 0 59 24 55 24 54 24 60 25 57 25 56 25 60 26 61 26 57 26 62 27 63 27 58 27 63 0 59 0 58 0 60 0 64 0 61 0 64 28 65 28 61 28 65 0 66 0 62 0 66 0 63 0 62 0 64 0 66 0 65 0</p>
        </triangles>
      </mesh>
    </geometry>
    <geometry id="mesh-a181bc9f-c0c9-4d04-8b4e-9071ff767190-mesh" name="mesh-a181bc9f-c0c9-4d04-8b4e-9071ff767190">
      <mesh>
        <source id="mesh-a181bc9f-c0c9-4d04-8b4e-9071ff767190-mesh-positions">
          <float_array id="mesh-a181bc9f-c0c9-4d04-8b4e-9071ff767190-mesh-positions-array" count="192">155.0395 2.8727e-6 34.7 155.0395 7.788236 34.12247 155.0395 2.8727e-6 35 155.0395 -7.721477 33.83 155.0395 -7.648875 34.15398 155.0395 7.721478 33.83 155.0395 -15.05576 31.26362 155.0395 -14.92797 31.65684 155.0395 15.18593 31.53391 155.0395 15.05576 31.26362 155.0395 -21.6351 27.12955 155.0395 -14.92797 31.65684 155.0395 -21.4854 27.62929 155.0395 21.82214 27.36411 155.0395 21.6351 27.12955 155.0395 -27.12955 21.63509 155.0395 -21.4854 27.62929 155.0395 -27.00414 22.26604 155.0395 27.3641 21.82214 155.0395 27.12956 21.63509 155.0395 -31.26362 15.05577 155.0395 -27.00414 22.26604 155.0395 -31.2174 15.82636 155.0395 31.53391 15.18593 155.0395 31.26362 15.05577 155.0395 -33.9215 8.621582 155.0395 34.12248 7.788233 155.0395 33.83 7.721476 155.0395 -33.83 7.721476 155.0395 -34.98571 0.9999983 155.0395 35 0 155.0395 34.7 0 155.0395 -34.7 0.9999983 155.0395 -34.7 0 155.0395 34.12248 -7.788233 155.0395 33.83 -7.721476 155.0395 -34.7 -0.9999983 155.0395 -33.83 -7.721476 155.0395 -34.7 0 155.0395 -34.98571 -0.9999983 155.0395 -33.9215 -8.621582 155.0395 31.26362 -15.05576 155.0395 31.53391 -15.18593 155.0395 -31.26362 -15.05576 155.0395 -31.2174 -15.82636 155.0395 27.12956 -21.6351 155.0395 27.3641 -21.82214 155.0395 -27.12955 -21.6351 155.0395 -27.00414 -22.26603 155.0395 21.6351 -27.12955 155.0395 21.82214 -27.3641 155.0395 -21.6351 -27.12955 155.0395 -21.4854 -27.62929 155.0395 15.05576 -31.26362 155.0395 15.18593 -31.53391 155.0395 -15.05576 -31.26362 155.0395 -14.92797 -31.65684 155.0395 7.721478 -33.83 155.0395 7.788236 -34.12247 155.0395 -7.721477 -33.83 155.0395 -7.648875 -34.15398 155.0395 2.8727e-6 -34.7 155.0395 2.8727e-6 -35 155.0395 2.8727e-6 -34.7</float_array>
          <technique_common>
            <accessor source="#mesh-a181bc9f-c0c9-4d04-8b4e-9071ff767190-mesh-positions-array" count="64" stride="3">
              <param name="X" type="float"/>
              <param name="Y" type="float"/>
              <param name="Z" type="float"/>
            </accessor>
          </technique_common>
        </source>
        <source id="mesh-a181bc9f-c0c9-4d04-8b4e-9071ff767190-mesh-normals">
          <float_array id="mesh-a181bc9f-c0c9-4d04-8b4e-9071ff767190-mesh-normals-array" count="66">1 0 0 1 -9.88064e-6 0 1 6.58727e-6 0 1 1.04519e-5 0 1 -2.39998e-5 0 1 2.61233e-5 0 1 -3.70576e-6 0 1 5.22446e-5 0 1 -1.58677e-5 0 1 4.27829e-5 0 1 6.10088e-5 0 1 7.37452e-5 0 1 -1.0449e-4 0 1 -1.05394e-4 0 1 -2.28573e-5 0 1 2.61234e-5 0 1 4.23619e-5 0 1 -6.59582e-5 0 1 -3.2654e-6 0 1 1.63268e-5 0 1 -2.38797e-5 0 1 -3.26541e-6 0</float_array>
          <technique_common>
            <accessor source="#mesh-a181bc9f-c0c9-4d04-8b4e-9071ff767190-mesh-normals-array" count="22" stride="3">
              <param name="X" type="float"/>
              <param name="Y" type="float"/>
              <param name="Z" type="float"/>
            </accessor>
          </technique_common>
        </source>
        <vertices id="mesh-a181bc9f-c0c9-4d04-8b4e-9071ff767190-mesh-vertices">
          <input semantic="POSITION" source="#mesh-a181bc9f-c0c9-4d04-8b4e-9071ff767190-mesh-positions"/>
        </vertices>
        <triangles material="Material-外壳-material" count="58">
          <input semantic="VERTEX" source="#mesh-a181bc9f-c0c9-4d04-8b4e-9071ff767190-mesh-vertices" offset="0"/>
          <input semantic="NORMAL" source="#mesh-a181bc9f-c0c9-4d04-8b4e-9071ff767190-mesh-normals" offset="1"/>
          <p>0 0 1 0 2 0 3 1 0 1 2 1 4 0 3 0 2 0 5 2 1 2 0 2 6 3 3 3 4 3 7 4 6 4 4 4 5 5 8 5 1 5 9 0 8 0 5 0 10 6 6 6 11 6 12 0 10 0 11 0 9 7 13 7 8 7 14 0 13 0 9 0 15 8 10 8 16 8 17 0 15 0 16 0 14 0 18 0 13 0 19 0 18 0 14 0 20 9 15 9 21 9 22 0 20 0 21 0 19 0 23 0 18 0 24 0 23 0 19 0 25 10 20 10 22 10 24 0 26 0 23 0 27 0 26 0 24 0 25 0 28 0 20 0 29 11 28 11 25 11 27 12 30 12 26 12 31 0 30 0 27 0 32 0 33 0 28 0 29 0 32 0 28 0 31 0 34 0 30 0 35 13 34 13 31 13 36 0 37 0 38 0 39 0 37 0 36 0 40 0 37 0 39 0 41 0 42 0 35 0 42 14 34 14 35 14 40 0 43 0 37 0 44 0 43 0 40 0 45 0 46 0 41 0 46 15 42 15 41 15 44 16 47 16 43 16 48 17 47 17 44 17 49 0 50 0 45 0 50 18 46 18 45 18 48 0 51 0 47 0 52 0 51 0 48 0 53 0 54 0 49 0 54 19 50 19 49 19 52 0 55 0 51 0 56 0 55 0 52 0 57 0 58 0 53 0 58 0 54 0 53 0 56 20 59 20 55 20 60 0 59 0 56 0 61 0 62 0 57 0 62 21 58 21 57 21 60 0 63 0 59 0 62 0 61 0 60 0</p>
        </triangles>
      </mesh>
    </geometry>
    <geometry id="mesh-d7f0432c-d0f0-4409-9229-a66daf76437d-mesh" name="mesh-d7f0432c-d0f0-4409-9229-a66daf76437d">
      <mesh>
        <source id="mesh-d7f0432c-d0f0-4409-9229-a66daf76437d-mesh-positions">
          <float_array id="mesh-d7f0432c-d0f0-4409-9229-a66daf76437d-mesh-positions-array" count="6111">162.0393 -2.793257 34.85012 162.8348 2.8727e-6 34.98169 162.0395 2.8727e-6 34.99993 162.0397 1.501362 34.96771 164.6755 -2.872554 34.68569 164.6952 2.8727e-6 34.66722 162.0398 3.427344 34.78123 162.0393 -3.743333 34.79916 162.0391 -6.216221 34.39817 164.6141 -6.393668 34.22125 164.6649 3.526988 34.62686 162.0399 5.23484 34.60622 167.0449 1.03233e-5 34.27003 167.208 -2.928619 34.09355 167.1006 -6.517463 33.626 164.6024 7.017548 34.10049 162.04 6.821382 34.27847 167.1894 3.595847 34.03536 162.039 -7.445608 34.19882 162.04 8.907865 33.84742 167.2683 1.03233e-5 34.16977 164.547 -9.846159 33.40196 166.9828 -10.0314 32.78804 162.0389 -9.577853 33.61335 169.6025 -2.962914 33.12034 169.6469 2.8727e-6 33.10224 169.5785 3.638017 33.06463 164.5352 10.4336 33.22491 167.08 7.152917 33.503 169.4634 -6.59338 32.66169 162.04 10.15076 33.44799 169.3101 -10.14429 31.82158 162.0388 -11.06299 33.20557 166.9621 10.62855 32.60627 169.4366 7.235888 32.53911 162.0399 12.47888 32.69979 164.4787 -13.19313 32.2376 166.8632 -13.43004 31.59085 164.4675 13.73931 32.01043 162.0388 -12.84617 32.50321 170.9219 2.8727e-6 32.52997 171.8647 -2.976444 31.7833 171.7062 -6.623622 31.34264 171.8375 3.654736 31.73132 169.1548 -13.57241 30.61164 162.0399 13.38424 32.29745 171.5308 -10.18817 30.51435 166.8436 13.98374 31.35695 169.2832 10.74714 31.63834 171.6757 7.268871 31.22263 171.9051 2.8727e-6 31.77208 162.0387 -14.55279 31.83102 162.0398 15.90687 31.1764 164.4125 -16.39997 30.74176 166.748 -16.67654 30.04991 164.4023 16.90107 30.47098 162.0387 -15.99006 31.07832 171.3535 -13.62463 29.30956 174.0684 1.03233e-5 30.1044 174.0024 -2.970562 30.10734 173.8344 -6.611143 29.69153 173.9738 3.64765 30.05995 171.4999 10.79289 30.33246 169.1293 14.13016 30.37462 169.0062 -16.83908 29.04835 166.7302 17.18281 29.77087 173.6479 -10.16752 28.88685 173.8019 7.255102 29.57588 162.0397 16.49143 30.83749 162.0387 -17.8755 30.0909 162.0396 19.15192 29.29505 164.3508 -19.43438 28.93127 166.6417 -19.73727 28.18431 171.1859 -16.89297 27.7448 173.461 -13.59261 27.70298 164.3418 19.88753 28.62356 171.3247 14.18314 29.07274 168.9834 17.34765 28.76488 173.6153 10.77054 28.7088 174.6764 1.03233e-5 29.63564 176.0258 -2.946966 28.12405 175.8556 -6.559629 27.73824 162.0388 -18.97955 29.35226 175.9969 3.618839 28.08178 168.8709 -19.90968 27.15219 166.6262 20.19326 27.86731 175.6673 -10.0879 26.96705 176.0493 1.03233e-5 28.08084 175.8227 7.198612 27.62838 162.0389 -20.99323 28.00503 164.2952 -22.2664 26.82584 173.2871 -16.84542 26.15556 162.0396 19.44305 29.08161 162.0395 22.17661 27.07759 171.1605 17.40113 27.46051 173.4308 14.14883 27.4693 171.036 -19.95788 25.84108 166.5472 -22.58166 26.01612 175.4811 -13.48363 25.81774 168.8514 20.36624 26.82982 175.6345 10.68595 26.79493 164.2875 22.66961 26.48798 168.753 -22.75321 24.94689 178.0178 1.03233e-5 25.85157 177.9477 -2.907665 25.87056 177.7806 -6.473449 25.51848 177.9193 3.570753 25.83373 162.039 -21.7861 27.34143 166.5343 22.9855 25.66838 173.1357 -19.89025 24.2652 177.5978 -9.955847 24.78894 175.3122 -16.70531 24.30425 177.7484 7.104168 25.41559 175.4514 14.03477 25.58981 173.261 17.35066 25.87368 171.0148 20.41287 25.51702 164.2467 -24.86839 24.44779 162.0393 -23.8698 25.59748 170.9092 -22.7881 23.62287 162.0395 22.21139 27.04614 164.2404 25.22052 24.08651 162.0395 24.71669 24.7807 177.4211 -13.30624 23.68588 168.7372 23.15599 24.59315 166.4665 -25.18189 23.56991 177.5663 10.54602 24.62456 175.1711 -19.71708 22.44593 168.6554 -25.34177 22.45858 175.2874 17.20535 24.02766 173.1148 20.34171 23.94284 178.4746 1.03233e-5 25.33425 179.6231 -6.357514 23.07272 179.7834 -2.854944 23.38852 173.0132 -22.69575 22.05637 179.7559 3.506194 23.35727 166.4561 25.53261 23.19853 162.0394 -24.38664 25.06808 177.3935 13.84985 23.46591 179.4516 -9.778717 22.39135 170.8926 23.18824 23.26679 179.5926 6.977136 22.97767 179.8034 1.03233e-5 23.3288 162.0397 -26.16238 23.24923 170.8088 -25.35575 21.11724 179.2916 -13.07001 21.3443 164.2009 27.51583 21.4437 162.0395 27.05203 22.18036 179.4226 10.35851 22.23617 168.6432 25.68994 22.08083 164.2059 -27.21511 21.8218 166.4006 -27.51278 20.87221 179.0688 -19.10345 18.19227 179.1601 -16.19005 19.93965 175.0649 -22.48771 20.26654 175.1523 20.16325 22.12831 179.1425 16.674 19.68086 172.9978 23.09182 21.70135 172.9233 -25.23413 19.5564 168.5792 -27.65027 19.71519 179.2674 13.60398 21.13418 182.9283 2.8727e-6 18.61265 183.2666 -2.719362 17.92204 183.1288 -6.058187 17.68154 183.2423 3.339964 17.90156 170.7968 25.7003 20.7367 162.0398 -26.73321 22.53391 166.3927 27.81025 20.48409 182.9931 -9.321749 17.11007 183.1036 6.649094 17.6039 162.0399 -28.47507 20.35113 164.1729 -29.28388 18.97476 170.7364 -27.63586 18.35302 179.0253 -21.77962 16.12253 182.883 -12.46339 16.19738 182.9717 9.875033 16.97662 162.0395 27.28468 21.92131 175.0523 22.87842 19.91565 179.0589 19.53468 17.89177 168.5705 27.94385 19.32059 174.9975 -24.98955 17.79303 164.1691 29.53361 18.5863 162.0395 29.08777 19.41446 166.3496 -29.55202 17.95179 172.9133 25.57413 19.17637 182.8159 -15.44345 14.94294 182.8686 12.97326 16.01141 172.8677 -27.48063 16.7945 168.5247 -29.65692 16.74694 170.7287 27.92499 17.95533 166.3441 29.79689 17.55369 162.04 -28.8335 19.79184 179.0336 -24.19158 13.75493 182.8035 -18.22805 13.35458 174.9912 25.32418 17.41653 179.0233 22.15662 15.78767 164.1477 -31.05458 15.93605 162.04 -30.38489 17.37113 170.6921 -29.60733 15.36143 182.8101 15.90587 14.70928 174.9706 -27.1981 15.05449 162.0395 29.46189 18.89432 168.5192 29.89678 16.34248 172.8628 27.76485 16.39687 166.3137 -31.28 14.8403 164.1451 31.25446 15.5435 162.0395 30.8386 16.46166 183.3504 2.8727e-6 17.8837 172.8463 -29.41492 13.80244 182.8531 -20.78789 11.44701 170.6884 29.84212 14.95379 168.4919 -31.34278 13.58732 186.7152 1.03233e-5 12.07235 186.6304 -2.561492 12.11237 186.527 -5.707492 11.94189 186.6112 3.146107 12.10051 182.8071 18.6404 13.07911 179.095 -26.31551 11.11689 186.4424 -8.785547 11.4888 186.5098 6.264533 11.88225 166.3103 31.47362 14.43881 174.9702 27.47705 14.65982 179.0392 24.51374 13.39314 162.04 -30.64764 16.85222 186.3995 -11.75306 10.72981 186.4315 9.307798 11.3797 164.1305 -32.50997 12.73736 162.0399 -31.98506 14.21102 174.9839 -29.09392 12.08283 170.6755 -31.25202 12.17736 162.0395 31.36597 15.52978 172.8461 29.64461 13.39456 168.4893 31.5305 13.17987 186.4151 -14.57355 9.653107 182.9681 -23.09703 9.240233 186.3978 12.23519 10.57211 166.2929 -32.68007 11.57206 182.8662 21.14867 11.13628 164.1291 32.66184 12.34669 162.0395 32.29639 13.35561 172.8584 -31.01977 10.61606 179.2081 -28.13378 8.239426 170.6754 31.43419 11.76684 186.5006 -17.21559 8.256801 168.4807 -32.6919 10.27282 186.4241 15.0118 9.449609 174.9886 29.31857 11.67742 179.1076 26.58335 10.7355 166.2915 32.82453 11.17343 162.0399 -32.16331 13.74796 175.0363 -30.66073 8.914381 183.1488 -25.13262 6.758362 162.0398 -33.25821 10.90363 170.6865 -32.55469 8.839012 175.0456 30.83306 8.505599 182.9901 23.40562 8.901127 162.0395 32.89004 11.9684 186.6622 -19.65175 6.547511 168.4809 32.82972 9.868913 186.5207 17.60747 8.011826 172.9036 -32.28071 7.274829 189.0325 1.03233e-5 8.07029 190.0411 -2.402958 6.365768 189.9894 -5.352379 6.249577 190.0301 2.951059 6.35843 179.3708 -29.63205 5.158618 162.0395 33.44741 10.12425 189.9729 -8.240645 5.912937 189.9833 5.874763 6.206683 170.6898 32.68665 8.432374 179.2268 28.34888 7.845864 166.2877 -33.73906 8.183539 190.0132 -11.03129 5.316064 186.9026 -21.8576 4.538871 189.9754 8.731234 5.829028 166.2882 33.8371 7.793635 186.6932 19.9958 6.266445 183.3927 -26.87863 4.030026 162.0398 -33.36346 10.50877 183.1787 25.38953 6.397858 190.1257 -13.69233 4.432522 175.1266 -31.88487 5.589456 190.0267 11.48548 5.188808 162.0396 -34.27312 7.09594 162.0395 34.0133 8.251914 170.7314 33.58855 4.990839 190.3208 -16.19559 3.247835 190.1515 14.10675 4.262142 187.2209 -23.81154 2.250209 179.5804 -30.79825 1.915172 186.9436 22.15314 4.227795 170.7252 -33.5037 5.387276 179.3946 29.79651 4.760333 175.1399 32.00748 5.184367 190.6041 -18.51607 1.758091 166.3007 34.50267 4.337072 162.0395 34.28174 6.797239 183.6959 -28.32243 1.089707 166.2986 -34.44767 4.712916 170.7918 -34.09164 1.865126 190.1562 2.8727e-6 6.379477 190.359 16.56796 3.036603 183.4293 27.08552 3.655396 162.0395 -34.77142 3.7525 162.0395 34.71832 4.431434 187.6133 -25.49865 -0.2933554 190.9775 -20.63128 -0.03138923 187.2706 24.059 1.9156 193.6695 -2.87607 1.084223 193.6641 2.8727e-6 1.101322 193.7259 -5.029545 0.9089261 193.6834 3.35865 1.04101 190.6542 18.84496 1.50989 193.7669 -6.598697 0.7811971 193.6932 5.066636 1.01034 193.7114 5.525949 0.953868 193.7545 6.61591 0.8198619 193.8364 -9.251879 0.5652234 193.797 -7.747539 0.6876811 193.7887 -7.430044 0.7135235 193.8173 8.204792 0.6245189 193.7859 7.410887 0.7221252 179.8344 -31.62333 -1.4465 175.254 -32.75609 2.151553 175.4177 -33.26837 -1.353361 194.1538 -12.88526 -0.4219114 193.9335 -10.36352 0.2632067 193.9071 -10.06192 0.3451482 193.8993 10.27838 0.3695786 193.9528 10.80144 0.2031214 179.6085 30.91471 1.519408 175.2708 32.83223 1.756813 184.0542 -29.45324 -2.022996 170.8006 34.13314 1.484629 183.738 28.48137 0.708323 166.3262 -34.80099 1.199566 170.8869 -34.31607 -1.683079 191.4391 -22.52126 -2.107415 256 34.00001 -4.948389 255.887 33.99973 -6.486948 253.8586 33.93438 4.43656 256 34 4.435934 252.839 33.81789 4.436411 251.343 -33.71669 -2.19712 252.8335 -33.82868 4.436411 252.1681 -33.79267 4.436515 249.0389 -33.34381 -0.2219862 250.0038 -33.43944 4.436203 256 -33.99993 -5.244788 256 -33.99999 4.435934 251.343 33.71669 -2.19712 249.0389 33.34381 -0.2219862 250.0692 33.50145 4.436001 248.4269 -33.18208 4.435971 223.3265 -10.36875 3.309593 223.4457 -10.25362 4.436053 223.1678 -9.36848 4.436098 222.4722 -7.203456 2.323963 222.6783 -6.951504 4.435867 224.5102 13.33166 4.436061 224.435 13.3803 4.008725 223.6404 11.03531 4.43609 223.3265 10.36875 3.309593 223.4413 10.25686 4.436061 222.7727 7.643069 4.435964 224.9429 14.47426 4.436053 225.8334 16.19636 4.385509 225.8375 16.19325 4.436061 226.0613 16.62326 4.436061 225.583 16.36224 2.125405 226.8755 19.09773 -0.01773977 226.5763 17.61291 4.436061 227.3992 18.833 4.435971 246.7198 32.79828 1.609921 244.6113 32.07054 4.435994 246.4484 32.68918 4.436061 247.2516 32.86936 4.436046 224.2194 -12.71879 4.435949 244.5943 -32.10362 4.435986 244.4 -32.06894 3.280498 244.7869 -32.18007 4.436001 247.2577 -32.86022 4.435979 244.4 32.06894 3.280498 243.0028 31.52891 4.435934 242.5864 -31.30659 4.435837 246.7198 -32.79827 1.609921 228.549 20.53781 4.435852 228.6234 21.41989 -0.1802593 222.4722 7.203454 2.323963 222.6698 6.955433 4.435837 224.4938 -13.33679 4.435949 224.435 -13.38029 4.008725 225.6556 -15.95377 4.435964 225.8057 -16.20969 4.418269 225.8064 -16.20894 4.435964 225.6556 -15.95377 4.435964 225.9742 -16.49291 4.435956 226.8755 -19.09773 -0.01773977 227.369 -18.85355 4.435926 225.2723 -16.56884 -0.08082759 224.435 -13.38029 4.008725 221.9708 6.24774e-5 3.777564 222.037 -1.31045 4.435815 221.9998 1.77739e-5 4.435934 222.0707 1.382272 4.435696 242.6213 31.35223 4.435897 260.6584 33.67935 4.435934 260.6584 -33.67935 4.435934 256 34.00003 -23.9437 256 34.00003 -18.13366 256 34.00001 -6.93164 267.768 31.8985 4.435934 266.7516 32.1531 -55.38341 263.356 33.00365 -55.38341 260.6584 33.67935 -55.38341 262.7157 33.16403 -55.38341 256 -33.99991 -6.831437 256 -33.99984 -17.94677 256 -33.9998 -24.80435 256 -33.99979 -25.47374 260.6584 -33.67935 -55.38341 262.7157 -33.16403 -55.38341 263.3567 -33.00345 -55.38341 266.7526 -32.15283 -55.38341 267.768 -31.8985 4.435934 274.3307 28.63538 4.435934 272.6704 29.46094 -55.38341 269.7999 30.8882 -55.38341 268.925 31.32322 -55.38341 267.768 31.8985 -55.38341 267.768 -31.8985 -55.38341 268.925 -31.32322 -55.38341 272.6719 -29.46016 -55.38341 274.3307 -28.63538 4.435934 269.8012 -30.88756 -55.38341 280.0416 24.04163 4.435934 275.3111 27.84676 -55.38341 274.3307 28.63538 -55.38341 274.3307 -28.63538 -55.38341 277.7042 -25.92177 -55.38341 280.0416 -24.04162 4.435934 275.3127 -27.84546 -55.38341 280.0416 24.04163 -55.38341 277.7024 25.92326 -55.38341 281.9688 21.64584 -55.38341 284.6354 18.3307 4.435934 280.0416 -24.04162 -55.38341 281.9707 -21.64344 -55.38341 283.8933 -19.25326 -55.38341 284.6354 -18.3307 4.435934 283.8912 19.25595 -55.38341 287.8985 11.76798 4.435934 285.4906 16.61071 -55.38341 284.6354 18.3307 -55.38341 284.6354 -18.3307 -55.38341 285.4924 -16.60723 -55.38341 287.8985 -11.76797 4.435934 287.7568 12.05298 -55.38341 286.9152 13.74558 -55.38341 289.6793 4.658426 4.435934 288.1659 10.70055 -55.38341 287.8985 11.76798 -55.38341 286.9172 -13.74166 -55.38341 287.7568 -12.05299 -55.38341 287.8985 -11.76797 -55.38341 288.1671 -10.69576 -55.38341 289.6793 -4.658413 4.435934 290 2.87272e-6 4.435934 289.747 3.676067 -55.38341 289.6793 4.658426 -55.38341 289.3731 5.880887 -55.38341 289.0133 7.317404 -55.38341 289.3731 -5.880911 -55.38341 289.6793 -4.658413 -55.38341 289.9511 -0.7111998 -55.38341 289.7474 -3.669535 -55.38341 289.0147 -7.311923 -55.38341 290.0001 1.03233e-5 -55.38341 289.9511 0.7111682 -55.38341 227.4761 -19.03475 4.435926 229.1456 -21.25115 4.43577 242.623 31.7501 -6.556451 240.5139 30.85089 -5.149402 242.0733 31.09847 4.435837 237.0688 28.56651 2.094105 235.1836 27.05934 4.435636 236.3917 27.98604 4.435874 237.3699 28.58255 4.435792 222.6383 -6.754291 4.435845 232.9807 -25.37005 3.704019 233.0817 -25.3439 4.435748 232.1679 -24.56992 4.43586 231.0114 -23.44113 4.213832 231.0703 -23.407 4.4358 229.1497 21.24575 4.435852 229.5147 21.67598 4.435852 230.8631 23.26531 4.435852 231.0114 23.44114 4.213832 230.4793 23.52152 -0.5525351 231.0396 23.43246 4.435815 221.8436 -3.909607 1.052521 222.1198 -3.573821 3.182493 222.4497 -5.822894 4.435755 222.6409 6.762671 4.435807 239.6728 29.98688 4.435599 242.0692 -31.10128 4.4358 222.057 -2.014262 4.435748 233.0711 25.35684 4.435405 222.1198 3.573823 3.182493 222.1932 3.771867 4.435278 221.8436 3.909605 1.052521 237.3643 -28.59293 4.43574 237.0688 -28.56651 2.094105 238.0658 -29.07147 4.435807 239.1839 -29.86622 1.003992 239.6651 -29.92519 4.435778 229.7144 -21.97039 4.435733 241.2854 -30.79016 4.43574 241.3453 -30.97277 -0.2662241 239.6375 29.96537 4.435599 228.6234 -21.41989 -0.1802593 229.5808 -21.82885 4.435726 221.817 -0.09499943 1.529466 222.2012 -3.413321 4.435755 221.817 -0.09499943 1.529466 221.8952 1.96588e-4 2.058364 235.0027 -27.06999 2.996087 235.0686 -27.02693 4.435517 230.4793 -23.52152 -0.5525351 222.1752 3.420274 4.435338 235.0027 27.06999 2.996087 233.5266 25.78833 4.435316 236.388 28.51209 -2.796482 238.4339 29.77415 -3.892727 232.9807 25.37005 3.704019 194.1814 -13.20094 -0.5076751 162.0395 34.79724 3.404952 166.33 34.81693 0.8425042 194.1964 13.18199 -0.5544722 194.2051 13.26688 -0.5814844 194.0004 11.26668 0.05505979 191.0384 20.916 -0.3115311 232.4065 25.3982 -1.119383 188.0744 -26.90725 -3.060155 224.2037 13.58124 1.756463 224.2037 -13.58124 1.756463 162.0395 -34.85279 3.206544 234.3788 27.05676 -1.869533 232.4065 -25.3982 -1.119383 187.6702 25.69954 -0.644546 162.0395 34.98767 0.9281374 223.0429 10.6327 1.124758 223.0429 -10.6327 1.124758 244.7552 32.48012 -8.102396 242.623 -31.7501 -6.556451 194.6029 -15.97902 -1.818594 194.4741 -15.23079 -1.41786 194.3939 -14.76515 -1.168471 194.24 -13.87151 -0.6898605 162.0395 -34.97656 0.3054552 166.3718 -34.79893 -2.31646 221.817 0.09500521 1.529466 221.8951 1.96588e-4 2.055816 194.3702 14.80919 -1.09496 194.5205 15.60147 -1.562286 194.9368 17.79605 -2.856735 194.3544 14.72579 -1.045771 234.3788 -27.05676 -1.869533 222.0901 7.543261 0.2252609 222.0901 -7.543256 0.2252609 191.9843 -24.17126 -4.449334 180.1302 -32.10206 -4.879106 225.2723 16.56884 -0.08082759 236.388 -28.51209 -2.796482 221.7728 1.22082e-4 1.484204 221.8936 1.96588e-4 2.022609 221.817 0.09500521 1.529466 221.7728 1.22082e-4 1.484204 221.8936 1.96588e-4 2.022609 191.5092 22.76204 -2.413638 175.6172 -33.42068 -4.877627 194.9516 -18.00328 -2.902735 194.8633 -17.49091 -2.628323 179.8659 31.69501 -1.832895 175.4374 33.30192 -1.731686 223.8404 13.85448 -0.3827698 223.8404 -13.85449 -0.3827698 246.9037 33.05058 -9.774129 244.7552 -32.48012 -8.102396 221.4343 -7.90837e-5 -0.02443784 221.286 0.5351483 -0.4654303 221.286 -0.53515 -0.4654303 184.1005 29.56678 -2.40387 194.9471 17.85063 -2.888925 170.8982 34.3186 -2.042558 171.0117 -34.1802 -5.212184 222.5859 10.98154 -0.9309239 222.5859 -10.98153 -0.9309239 194.7287 -1.16337e-4 -0.1561641 188.5976 -28.02728 -6.012805 195.339 -4.624073 -0.937786 221.2792 4.34463 -0.9290874 220.4624 -1.083908 -2.280075 221.2792 -4.344628 -0.9290874 195.2237 0.626172 -0.8131005 196.7201 2.345125 -2.413094 238.4339 -29.77414 -3.892727 162.0395 34.96894 -0.02287322 194.0277 -6.914255 0.5205162 166.3771 34.7803 -2.650671 194.0277 6.914261 0.5205162 195.7323 -8.360108 -1.464005 188.1368 27.06349 -3.420733 195.7323 8.360106 -1.464005 196.3628 -11.79408 -2.421327 197.632 -9.802988 -3.372077 162.0395 -34.99924 -0.2263113 221.4832 7.980625 -1.723122 221.4832 -7.980627 -1.723122 224.8489 16.84212 -2.174277 226.0285 19.56897 -4.236012 227.8352 21.76764 -4.5279 226.0285 -19.56896 -4.236012 224.3106 -17.18525 -4.144508 162.0394 34.92402 -2.304807 221.1446 9.97303e-5 -0.7095784 195.6669 -20.41872 -5.127154 195.3842 -19.46422 -4.248142 195.1014 -18.50926 -3.368705 196.7201 -2.345127 -2.413094 196.1961 -2.72799e-4 -1.889247 229.7115 23.76735 -5.008675 227.8352 -21.76764 -4.5279 249.0625 33.47311 -11.55671 246.9037 -33.05058 -9.774129 162.0394 -34.83814 -3.145121 166.4364 -34.44655 -5.79495 240.5139 -30.85089 -5.149402 192.6061 -25.56939 -7.029139 195.0846 18.55948 -3.31629 195.4592 19.75223 -4.48133 195.6668 20.41311 -5.126852 195.077 18.53557 -3.292937 223.3345 14.2055 -2.392549 223.3345 -14.20551 -2.392549 195.0828 -13.75469 -1.538504 220.4624 1.083913 -2.280075 229.7115 -23.76735 -5.008675 231.6351 25.56178 -5.665362 195.0828 13.75469 -1.538504 197.632 9.802993 -3.372077 192.0619 24.36927 -4.775096 220.5784 4.49908e-4 -2.048951 220.4557 4.888187 -2.734571 219.3907 -1.751867 -3.902227 220.4557 -4.888185 -2.734571 221.9517 11.42089 -2.83771 221.9517 -11.42089 -2.83771 233.5883 27.15251 -6.486877 231.6351 -25.56178 -5.665362 199.4647 -16.04914 -6.000183 180.4657 -32.23387 -8.333337 198.167 -17.65292 -5.611982 189.8007 -29.37254 -12.30325 189.1756 -28.8508 -9.109151 198.3921 -4.06934 -3.935758 200.2774 -5.804469 -5.353473 198.3921 4.069338 -3.935762 199.7329 11.25335 -5.188286 197.187 14.89682 -3.811166 198.4631 -13.09037 -4.474383 175.853 -33.21776 -8.372661 220.6666 8.521351 -3.501009 220.6666 -8.521349 -3.501009 180.1645 32.13278 -5.249862 175.6396 33.41614 -5.234193 184.512 30.33402 -5.637664 235.564 28.54789 -7.465519 233.5883 -27.15251 -6.486877 198.163 -1.68491e-4 -3.749371 198.2385 0.09823131 -3.843512 171.0253 34.14868 -5.546331 220.1345 3.38149e-4 -2.740029 196.0293 -21.64275 -6.254385 195.9574 -21.39994 -6.030768 195.7429 -20.67552 -5.363647 224.3106 17.18525 -4.144508 253.3941 33.93276 -15.38403 249.0625 -33.47311 -11.55671 255.887 -33.99973 -6.486948 219.3907 1.751865 -3.902223 162.0393 34.7884 -3.449268 171.1676 -33.69343 -8.677073 222.6894 14.63755 -4.259981 222.6894 -14.63756 -4.259981 188.664 28.14118 -6.375588 198.2385 -0.09822553 -3.843512 196.0488 21.62955 -6.31503 199.7329 -11.25335 -5.188286 166.4432 34.39825 -6.102987 219.4084 5.546275 -4.351344 218.0961 -2.543961 -5.328585 219.4084 -5.546277 -4.351344 219.5514 1.81687e-4 -3.647856 237.5613 29.75735 -8.592864 235.564 -28.54789 -7.465519 221.1545 11.95377 -4.580718 221.1545 -11.95378 -4.580718 196.8378 -19.20206 -5.278621 193.2961 -26.70536 -9.812438 162.0393 -34.81153 -3.6273 199.4647 16.04914 -6.000183 196.8378 19.20207 -5.278621 202.3843 7.562417 -6.644777 200.2774 5.804467 -5.353473 202.3843 -7.562415 -6.644777 192.6892 25.72618 -7.367496 162.0392 34.49547 -5.921375 219.6692 -9.168194 -5.093112 162.0392 -34.36333 -6.565518 166.521 -33.75382 -9.196982 218.7083 1.66785e-4 -4.569202 198.3217 -1.6104e-4 -3.899477 202.0195 12.72474 -6.901242 199.8903 1.959684 -5.12341 200.5558 3.2675e-5 -5.58617 199.8903 -1.959686 -5.12341 201.527 6.24773e-5 -6.120316 239.5799 30.79014 -9.859514 237.5613 -29.75735 -8.592864 198.4736 -1.53589e-4 -4.043151 218.0961 2.543959 -5.32858 200.5558 3.2675e-5 -5.58617 224.8171 20.28211 -8.005437 222.919 18.08174 -7.690281 221.9194 15.15115 -5.976558 222.919 -18.08174 -7.690281 226.7421 22.32305 -8.484599 224.8171 -20.28211 -8.005437 220.2197 12.58011 -6.150055 221.9194 -15.15115 -5.976558 218.1735 6.321478 -5.763866 216.6096 -3.461298 -6.535098 218.1735 -6.32148 -5.763866 196.4675 -22.54157 -7.616967 197.2768 -24.20173 -10.13373 196.6625 -22.94168 -8.223523 202.0195 -12.72475 -6.901238 200.7425 -14.40152 -6.435521 228.689 24.18907 -9.122163 226.7421 -22.32304 -8.484599 218.0813 1.51884e-4 -5.254336 216.799 7.21276 -6.953504 220.2197 -12.5801 -6.150055 196.4619 22.56549 -7.599581 196.4919 22.6244 -7.692914 196.7573 23.14544 -8.518361 196.1513 21.95581 -6.633714 180.8392 -32.02355 -11.7587 190.4649 -29.59047 -15.54637 230.6494 25.87127 -9.90947 228.689 -24.18907 -9.122163 216.799 -7.212755 -6.953504 201.7595 3.839816 -6.280861 201.6609 6.99279e-5 -6.193917 201.7595 -3.839818 -6.280861 239.5799 -30.79013 -9.859514 204.6835 9.356897 -7.807705 176.1253 -32.67095 -11.79003 180.502 32.22798 -8.682877 175.8774 33.18018 -8.702923 184.9677 30.77864 -8.946419 216.8594 1.74236e-4 -6.177548 199.2739 20.06113 -7.792472 201.8329 -20.9496 -10.22537 216.6096 3.461297 -6.535098 200.4892 -22.13083 -10.31956 171.1832 33.63326 -8.982473 203.1448 -19.71345 -10.15621 189.2444 28.92511 -9.467192 232.6148 27.36739 -10.83761 230.6494 -25.87127 -9.90947 214.9895 -4.502525 -7.488523 171.3549 -32.87133 -12.03524 162.0392 34.29289 -6.844442 221.0445 -15.7438 -7.538795 219.1784 13.29638 -7.541887 221.0445 15.7438 -7.538795 201.891 17.22426 -8.099337 203.1708 -15.73916 -8.298505 204.4321 -18.42941 -10.10632 194.0444 -27.57081 -12.7595 166.529 33.681 -9.476453 215.3422 8.214693 -7.911149 216.799 7.21276 -6.953504 219.1784 -13.29637 -7.541887 216.3262 1.89137e-4 -6.58045 203.4099 -1.927768 -7.091518 203.4099 1.927766 -7.091518 202.8983 1.14631e-4 -6.874483 199.1115 -23.25476 -10.4393 203.8539 5.750987 -7.29391 203.8538 -5.750985 -7.29391 193.3827 26.8229 -10.15632 204.4527 -14.22751 -8.507629 234.5815 28.68145 -11.89907 232.6148 -27.36738 -10.83761 253.3941 -33.93276 -15.38403 215.9832 1.59335e-4 -6.752078 214.9471 0.6387114 -7.319499 214.9895 4.502523 -7.488523 214.9471 -0.6387056 -7.319499 213.0946 -1.835954 -7.995732 238.5285 30.79462 -14.38774 240.5173 31.61302 -15.79586 242.5226 32.28737 -17.29939 240.5173 -31.61301 -15.79586 162.0392 -34.30978 -6.916631 203.3221 -11.03653 -7.370885 204.6835 -9.356895 -7.807705 214.5407 6.24773e-5 -7.473949 162.0391 33.80475 -9.06859 205.1672 1.03233e-5 -7.715728 205.245 0.09005057 -7.738206 205.7583 -12.70645 -8.701966 205.7583 12.70645 -8.701966 204.4527 14.22751 -8.507632 162.0391 -33.54766 -9.921051 166.6251 -32.73544 -12.48676 215.3422 8.214693 -7.911149 213.3128 -5.661913 -8.175102 215.3422 -8.214692 -7.911149 197.4311 -24.51836 -10.61373 197.4113 -24.47772 -10.55212 205.4687 3.991942 -7.8234 205.4687 -3.99194 -7.823397 205.245 -0.09004485 -7.738206 206.1387 -7.707268 -8.167487 206.1387 7.70727 -8.167487 213.0946 1.835952 -7.995732 214.3705 4.75762e-5 -7.559128 197.5145 24.63175 -10.873 197.4378 24.48126 -10.6346 207.1123 -11.19528 -8.848891 236.5515 29.82086 -13.08552 234.5815 -28.68145 -11.89907 213.3128 5.661915 -8.175102 211.2206 -3.15521 -8.370158 222.0922 18.62888 -9.263412 221.1985 -19.23354 -10.70883 220.0874 -16.40993 -8.948696 213.859 9.317215 -8.645427 218.063 14.09562 -8.759659 218.063 -14.09562 -8.759659 212.506 2.33841e-4 -8.118764 199.1115 23.25476 -10.4393 205.1722 1.03233e-5 -7.717583 205.3514 2.52244e-5 -7.754825 207.2415 2.30738 -8.190882 207.6623 2.11489e-4 -8.235015 207.2415 -2.307382 -8.190882 201.8329 20.94961 -10.22538 207.1123 11.19528 -8.848895 207.712 -6.109592 -8.407138 207.712 6.10959 -8.407138 213.859 9.317215 -8.645427 211.6509 -6.928173 -8.61415 213.859 -9.317214 -8.645427 211.2206 3.155212 -8.370158 211.7188 1.59335e-4 -8.211349 221.1985 19.23354 -10.70883 223.2979 21.21749 -11.31519 225.3729 23.07029 -12.04009 223.2979 -21.21748 -11.31519 204.4321 18.42941 -10.10632 242.5226 -32.28737 -17.29939 208.5389 -9.714593 -8.909803 208.5389 9.714591 -8.909803 209.411 -4.585483 -8.487952 211.6509 6.928171 -8.61415 208.548 1.44434e-4 -8.283746 209.1582 0.71806 -8.367945 209.411 4.585485 -8.487952 209.1582 -0.7180543 -8.367945 210.2888 1.77739e-5 -8.379527 197.7003 -24.32555 -10.58233 210.1204 3.2675e-5 -8.370265 206.9808 -15.76395 -10.01386 205.7061 -17.10828 -10.06452 181.2492 -31.48225 -15.10487 210.0522 8.285383 -8.845035 210.0522 -8.285383 -8.845035 227.4247 24.77447 -12.88448 225.3729 -23.07029 -12.04009 208.2722 -14.41284 -9.931442 208.2722 14.41284 -9.931442 206.9808 15.76396 -10.01386 236.5515 -29.82086 -13.08552 212.3926 10.50616 -9.18065 212.3926 10.50616 -9.18065 212.3926 -10.50617 -9.18065 214.6801 -12.74468 -9.483756 176.4328 -31.7985 -15.08505 180.8769 31.98594 -12.08228 185.4629 30.90013 -12.28124 209.597 13.0732 -9.788069 209.597 -13.0732 -9.788069 176.1515 32.60583 -12.09045 216.902 14.96767 -9.814267 216.902 14.96767 -9.814267 216.902 -14.96767 -9.814267 219.0697 -17.14114 -10.21378 210.969 11.76445 -9.549652 210.969 -11.76445 -9.549652 189.8704 29.41046 -12.65006 171.372 32.78813 -12.30962 162.0391 33.45209 -10.17072 194.8404 -28.15966 -15.82633 229.4527 26.31821 -13.84514 227.4247 -24.77446 -12.88448 213.3703 -13.83555 -10.13716 171.5718 -31.73507 -15.24923 194.1326 27.65149 -13.10199 166.6339 32.64339 -12.7362 215.7177 -15.89974 -10.72291 212.0789 -14.97488 -10.66068 212.0789 14.97488 -10.66068 214.5243 16.87718 -11.50709 215.7177 15.89975 -10.72291 246.6004 33.25272 -20.5478 246.6004 -33.25272 -20.5478 199.1625 -26.56422 -15.99777 198.2704 -25.5145 -13.22382 198.2042 -25.43648 -13.01765 197.4408 -24.53812 -10.64369 218.0096 -17.92662 -11.34647 238.5285 -30.79462 -14.38774 229.4527 -26.31821 -13.84514 162.0391 -33.45827 -10.27348 210.8085 16.14485 -11.08393 213.3282 -17.88421 -12.1904 212.1293 -18.90427 -12.79663 209.5532 17.32745 -11.43599 207.0493 19.66408 -12.02422 210.9235 -19.92148 -13.34743 209.7046 -20.92152 -13.86141 204.4849 21.87074 -12.57442 208.4652 -21.89178 -14.35388 214.5243 -16.87718 -11.50709 207.1981 -22.82147 -14.8365 199.2498 26.68044 -16.26945 197.5666 24.73398 -11.03495 198.1989 25.46514 -13.00123 198.3723 25.66564 -13.54042 162.0391 32.78988 -12.24023 219.2631 -20.5772 -13.25527 205.8973 -23.70172 -15.31701 201.7973 23.87382 -13.16126 162.0391 -32.40433 -13.17903 166.747 -31.4101 -15.63203 204.5589 -24.5267 -15.79911 203.1805 -25.30008 -16.28522 220.2517 19.88662 -12.03548 216.9203 18.75366 -12.36285 219.2631 20.5772 -13.25527 216.9203 -18.75366 -12.36285 233.4351 28.90825 -16.09373 233.4351 -28.90824 -16.09373 212.1293 18.90427 -12.79663 209.7046 20.92152 -13.86142 214.681 20.47594 -14.12051 250.7848 33.79181 -24.03841 185.9408 -30.73525 -15.27642 186.503 -30.25378 -18.54133 181.6917 -30.62834 -18.32613 207.1981 22.82147 -14.8365 176.7717 -30.62475 -18.21928 221.5497 22.32207 -14.20385 223.7785 23.96511 -15.22131 223.7785 -23.9651 -15.22131 181.2876 31.41825 -15.39884 185.9933 30.70263 -15.59189 176.4601 31.71163 -15.35344 218.2403 -21.29303 -14.38207 217.1876 -22.0211 -15.43087 162.0391 32.29198 -13.39877 190.5343 29.59559 -15.87607 195.6727 -28.46829 -18.96571 171.5898 31.63456 -15.49147 217.1876 22.0211 -15.43087 171.8148 -30.31018 -18.28706 204.5589 24.52671 -15.79912 194.9284 28.20622 -16.16086 166.7564 31.30402 -15.85083 199.2886 -26.71261 -16.3899 212.3636 22.19219 -15.63162 216.1062 -22.7481 -16.41613 228.0616 26.87249 -17.48649 198.9632 25.67233 -13.80368 201.7584 -26.02766 -16.78036 237.3505 30.86021 -18.73256 237.3505 -30.86021 -18.73256 201.7584 26.02766 -16.78036 162.0391 -32.26395 -13.56603 219.6324 23.51659 -16.74723 222.9114 -24.44721 -16.68851 214.9951 -23.461 -17.35115 162.0392 31.44655 -15.36602 162.0392 -30.94517 -16.30775 166.8843 -29.79945 -18.60427 228.0616 -26.87249 -17.48649 213.8515 -24.14753 -18.24788 209.9389 23.79881 -17.01411 214.9951 23.461 -17.35115 222.0031 24.93913 -18.0851 212.6714 -24.79677 -19.11684 222.0031 -24.93912 -18.0851 207.3663 25.21792 -18.34659 211.4502 -25.39961 -19.96703 182.1603 -29.48622 -21.38325 187.0898 -29.47437 -21.68983 177.1363 -29.17831 -21.16059 191.88 -29.12615 -21.97715 191.1606 -29.50625 -18.78794 210.1832 -25.94953 -20.80554 181.73 30.54361 -18.58823 176.7993 30.52194 -18.45465 162.0392 30.82261 -16.49769 250.7848 -33.79181 -24.03841 186.5547 30.19587 -18.82846 220.0682 25.90838 -20.70334 220.0682 -25.90838 -20.70334 171.8331 30.19786 -18.49702 196.53 -28.49595 -22.12824 191.2285 29.48258 -19.09542 212.6714 24.79677 -19.11684 172.0789 -28.62492 -21.12229 208.8658 -26.44353 -21.63677 204.6128 26.42691 -19.67012 200.3361 -27.24571 -19.64752 200.1173 -27.13438 -18.96723 199.6544 -26.89876 -17.52744 166.8938 29.68437 -18.79262 195.7589 28.48386 -19.28626 232.1267 29.20713 -20.05823 232.1267 -29.20713 -20.05823 199.6546 26.89859 -17.5282 200.2216 27.20415 -19.29132 207.4935 -26.87844 -22.46611 162.0392 -30.73805 -16.73836 162.0393 29.779 -18.39055 226.4949 -27.48348 -20.86638 162.0393 -29.18487 -19.27684 167.0335 -27.92721 -21.37886 210.1832 25.94953 -20.80555 243.8736 33.08709 -29.15222 236.0399 30.97029 -22.89955 239.9164 32.23078 -25.95197 239.9164 -32.23078 -25.95197 217.9712 -26.78226 -23.14759 230.6607 29.53864 -23.81222 226.4949 27.48348 -20.86638 230.6607 -29.53864 -23.81222 182.647 -28.08435 -24.24346 177.5194 -27.49031 -23.88336 187.6921 -28.41884 -24.68183 207.4935 26.87844 -22.46611 162.0393 29.0577 -19.43789 182.1976 29.38641 -21.6125 177.1633 29.06513 -21.36303 172.0969 28.50595 -21.30072 192.6127 -28.4625 -25.06752 187.1398 29.39645 -21.94624 172.3581 -26.70874 -23.73414 236.0399 -30.97029 -22.89955 197.4005 -28.24518 -25.26387 167.0427 27.80781 -21.53764 191.9454 29.07807 -22.25839 201.3704 -27.77205 -22.86384 201.0983 -27.63359 -22.01773 196.6129 28.48394 -22.42951 215.6874 -27.47266 -25.48388 217.9712 26.78226 -23.14759 162.0393 -28.8959 -19.74913 202.1927 27.71602 -25.42131 201.1994 27.73115 -22.33221 200.3332 27.26429 -19.63838 162.0394 27.79997 -21.26412 204.5665 27.55153 -24.14937 204.5665 -27.55153 -24.14937 162.0394 -27.14081 -22.05754 167.1907 -25.81807 -23.93525 234.5928 31.09305 -26.90038 247.9926 33.63089 -32.44493 243.8736 -33.08709 -29.15222 224.7628 28.08293 -24.02953 224.7628 -28.08292 -24.02953 213.1752 -27.89629 -27.76898 215.6874 27.47266 -25.48388 229.0384 29.84625 -27.38325 229.0384 -29.84625 -27.38325 177.9128 -25.59252 -26.36855 183.1426 -26.45341 -26.88062 162.0394 27.01255 -22.18997 172.3751 26.5878 -23.88253 177.545 27.37187 -24.05389 182.6824 27.97485 -24.43994 172.6454 -24.59075 -26.10759 188.2994 -27.11266 -27.48314 167.1993 25.69864 -24.06597 187.7392 28.32616 -24.90633 193.3466 -27.53237 -28.01757 192.6743 28.39474 -25.31986 198.2707 -27.72304 -28.32532 162.0395 -26.75622 -22.56337 202.2038 -27.72307 -25.45556 202.0963 -27.72939 -25.12134 162.0395 25.45151 -24.02543 197.4788 28.20936 -25.54156 213.1752 27.8963 -27.76898 210.3969 27.9499 -30.04631 207.4976 27.72683 -27.15535 162.0395 -24.8337 -24.62359 167.3514 -23.49675 -26.25714 233.0045 -31.17964 -30.75058 222.8627 28.5894 -27.02518 222.8627 -28.5894 -27.02518 178.3078 -23.51555 -28.6039 233.0045 31.17964 -30.75058 172.661 24.47188 -26.22806 177.9365 25.47336 -26.50901 183.6375 -24.62445 -29.27546 172.9336 -22.29809 -28.23348 255.076 33.99483 -27.67728 256 34.00004 -28.65751 162.0395 24.71658 -24.73753 227.2554 -30.05317 -30.80148 227.2554 30.05318 -30.80148 252.3 33.92626 -35.78625 247.9926 -33.63089 -32.44493 255.076 -33.99483 -27.67728 183.1753 26.33913 -27.04539 167.3591 23.3811 -26.36185 202.0963 -27.72939 -25.12134 203.0041 -27.77809 -25.01985 204.5665 -27.55153 -24.14937 208.9022 -27.8006 -31.18961 210.3969 -27.9499 -30.04631 202.2041 27.71583 -25.45678 202.9062 27.70514 -27.64012 188.9012 -25.58328 -30.06574 188.343 27.01026 -27.67561 162.0395 -24.35754 -25.13385 194.0694 -26.35594 -30.79058 162.0395 23.21089 -26.19647 193.4034 27.44967 -28.23944 203.0041 -27.77809 -25.01985 202.9062 -27.68179 -27.64006 199.1266 -26.94014 -31.26856 162.0395 -22.27818 -26.94142 167.5111 -20.98713 -28.3325 203.4604 -27.64922 -29.36345 203.1001 -27.67039 -28.2429 198.3432 27.66747 -28.5763 256 -33.99988 -28.464 220.7797 -28.90362 -29.89844 220.7797 28.90362 -29.89844 203.1898 27.70082 -28.52192 236.857 32.15664 -34.09181 240.7923 32.87731 -37.37025 236.857 -32.15664 -34.09181 178.6954 -21.28702 -30.58397 162.0395 22.16678 -27.03032 172.9473 22.18475 -28.32867 178.3289 23.39953 -28.71672 173.2151 -19.85483 -30.10872 167.5177 20.8786 -28.41366 184.1218 -22.62708 -31.41581 183.6669 24.50975 -29.4104 189.4865 -23.85853 -32.40822 162.0395 -21.49928 -27.61851 225.3005 30.06258 -34.0961 225.3005 -30.06258 -34.0961 162.0395 20.41469 -28.42959 188.9403 25.47579 -30.22706 204.3543 27.68716 -29.19797 207.3377 27.5144 -32.3358 231.2687 31.16142 -34.46569 231.2687 -31.16142 -34.46569 194.769 -24.95527 -33.35525 162.0396 -19.51603 -29.00698 167.6656 -18.31221 -30.15235 207.3377 -27.5144 -32.3358 194.1206 26.26286 -30.98149 256 34.00006 -38.63353 252.3 -33.92626 -35.78625 256 -34.00001 -32.95116 218.4766 28.91501 -32.70165 218.4766 -28.91501 -32.70165 199.954 -25.90964 -34.0531 179.0667 -18.93 -32.31053 199.1921 26.8689 -31.49074 204.2982 -27.12367 -31.96887 204.0824 -27.259 -31.29798 173.2266 19.74987 -30.18159 178.7136 21.1773 -30.6721 173.4831 -17.28176 -31.73441 167.671 18.2137 -30.21265 162.0396 19.41354 -29.07329 203.3019 27.69911 -28.87051 203.5634 27.55058 -29.68376 204.1642 27.20929 -31.55228 184.5861 -20.48761 -33.29671 184.1475 22.51561 -31.52343 162.0396 -18.59545 -29.65148 162.0396 17.39289 -30.37249 244.9378 33.41787 -40.57505 240.7923 -32.87731 -37.37025 190.0451 -21.96503 -34.49608 189.5208 23.75007 -32.54007 162.0396 -16.5559 -30.7763 167.8116 -15.4936 -31.70891 223.1508 29.75838 -37.29751 223.1508 -29.75838 -37.29751 210.2743 27.41676 -35.32312 213.1071 27.39685 -38.15691 215.9183 28.47499 -35.46498 215.9183 -28.47499 -35.46498 213.1071 -27.39685 -38.15691 195.434 -23.35305 -35.68623 179.4136 -16.46279 -33.79103 173.7321 -14.59588 -33.11218 173.4924 17.1875 -31.788 179.0818 18.82908 -32.37724 167.8158 15.40755 -31.75122 162.0396 16.47369 -30.83774 194.814 24.85606 -33.51568 185.0213 -18.22741 -34.92119 184.6077 20.38235 -33.38005 235.1388 -32.00236 -37.98322 235.1388 32.00236 -37.98322 162.0396 -15.15646 -31.5481 200.74 -24.64661 -36.6428 229.3765 -30.95214 -38.05972 229.3765 30.95214 -38.05972 162.0396 14.17698 -32.00022 200.012 25.82678 -34.24542 205.4494 -26.40154 -35.54883 205.0435 -26.65614 -34.28666 204.9446 -26.7182 -33.97898 205.7065 -27.07846 -33.48126 190.5678 -19.92646 -36.32212 204.9471 26.76461 -33.98688 205.1205 26.66615 -34.52595 190.0743 21.85908 -34.60086 162.0396 -13.44248 -32.2563 167.9467 -12.55212 -32.99537 173.9585 -11.81174 -34.24349 179.7296 -13.89874 -35.03351 162.0396 13.3752 -32.30694 167.9499 12.48061 -33.02271 173.7392 14.5142 -33.14949 179.4255 16.37263 -33.83959 162.0396 -11.53286 -33.04533 162.0396 10.80097 -33.29174 185.4191 -15.8624 -36.29949 208.4152 26.66109 -36.75411 206.8427 26.49795 -36.0805 205.4494 26.40154 -35.54883 205.2179 26.61082 -34.8289 211.7769 -27.04766 -38.24131 209.2751 -26.73711 -37.10526 209.9201 -26.79369 -37.36771 185.0388 18.13066 -34.98363 196.0539 -21.57143 -37.7647 249.3353 33.79128 -43.7152 244.9378 -33.41787 -40.57505 195.4725 23.2516 -35.81753 220.791 -28.98349 -40.40855 220.791 28.98349 -40.40855 256 -34.00003 -38.53971 168.0701 -9.508756 -34.00582 174.1613 -8.943268 -35.12963 168.0722 9.453501 -34.02135 173.9637 11.74423 -34.2675 162.0396 -10.20026 -33.42846 180.0108 -11.24806 -36.04556 179.7386 13.8209 -35.06702 162.0396 10.14754 -33.46691 191.0463 -17.76214 -37.88742 201.4727 -23.16734 -39.00679 190.5918 19.82591 -36.40275 162.0396 -7.778687 -34.12467 168.1823 -6.385625 -34.73524 162.0396 7.300916 -34.23007 200.79 24.55601 -36.80523 185.7732 -13.40346 -37.44322 185.4327 15.77597 -36.34445 174.3421 -6.005609 -35.7716 168.1836 6.347986 -34.74222 174.1648 8.891258 -35.14328 206.6084 -25.02961 -39.15311 205.9568 -25.80091 -37.12678 239.0983 32.67282 -41.3291 239.0983 -32.67282 -41.3291 227.3204 30.4441 -41.53741 227.3204 -30.4441 -41.53741 162.0396 -6.858588 -34.28115 162.0396 6.821352 -34.3066 180.2568 -8.520083 -36.8343 206.0124 25.66965 -37.29967 180.0172 11.18384 -36.06698 168.2859 -3.206947 -35.17947 162.0395 -3.939965 -34.77754 162.0395 3.715913 -34.80219 233.2905 31.67697 -41.75515 233.2905 -31.67697 -41.75515 196.6202 -19.63076 -39.57895 196.0859 21.47112 -37.86897 174.5062 -3.016875 -36.17002 168.2865 3.187875 -35.18126 174.3442 5.970212 -35.77781 162.0395 -3.448062 -34.80532 162.0395 3.428179 -34.81751 162.0395 2.8727e-6 -35.00002 168.3778 1.03233e-5 -35.44851 191.4732 -15.48623 -39.20181 191.0654 17.66926 -37.94731 186.0804 -10.85842 -38.36406 185.7832 13.32876 -37.47389 180.4707 -5.725507 -37.40632 180.261 8.470628 -36.84646 170.5454 1.03233e-5 -35.60189 174.6345 1.03233e-5 -36.45991 174.5072 2.998936 -36.17168 212.5765 27.1551 -38.61457 211.7848 27.03502 -38.22799 211.2765 26.95793 -37.97978 214.4521 -27.41686 -39.50362 217.9936 28.04913 -41.3335 216.1774 27.70127 -40.37293 202.1417 -21.48869 -41.12023 180.6604 -2.878708 -37.7676 180.4731 5.691822 -37.41189 249.3353 -33.79127 -43.7152 256 -34.00004 -41.45761 201.5147 23.07265 -39.14019 186.3414 -8.234442 -39.07388 186.0873 10.79671 -38.38346 180.6616 2.861607 -37.76916 178.8691 1.03233e-5 -37.34849 191.843 -13.10859 -40.27782 197.1259 -17.54839 -41.12562 191.4876 15.40285 -39.24442 196.646 19.5345 -39.6589 207.5876 -23.24779 -42.19819 206.8131 -24.68845 -39.78971 206.667 -24.96026 -39.3353 212.8833 25.87191 -41.9779 206.6013 24.90414 -39.13093 206.864 24.56259 -39.94802 186.5613 -5.540368 -39.58481 186.3458 8.18682 -39.08478 225.1008 29.50851 -44.88695 225.1008 -29.50851 -44.88695 180.8106 1.03233e-5 -38.0072 212.3175 -26.55941 -40.01736 186.5638 5.507852 -39.5898 192.1542 -10.63681 -41.12951 191.8533 13.03621 -40.30647 202.739 -19.62742 -42.9652 186.9195 1.03233e-5 -40.07985 202.1759 21.39327 -41.22632 197.5648 -15.33778 -42.41112 197.1457 17.45858 -41.18454 212.3211 26.55591 -40.02915 237.2978 32.3286 -45.17813 237.2978 -32.3286 -45.17813 231.314 31.09162 -45.39825 231.314 -31.09162 -45.39825 214.5424 27.45329 -39.57455 214.3809 -27.40386 -39.46652 212.5731 -27.15657 -38.61593 192.4091 -8.07833 -41.77273 192.1611 10.57675 -41.14728 257.7003 -33.88301 -55.38341 259.7001 -33.74533 -55.38341 256 34.00006 -41.14975 207.7222 -22.99735 -42.61689 192.6152 -5.442598 -42.22552 207.6307 23.16807 -42.3323 207.1746 24.15886 -40.91381 212.8767 -25.88122 -41.95482 197.9333 -13.00967 -43.44659 197.5794 15.25644 -42.45251 217.9855 -28.0621 -41.3444 218.4641 27.63307 -43.2161 203.2586 -17.59943 -44.5321 187.3088 1.03233e-5 -40.21194 192.6175 5.410741 -42.22991 192.9008 1.03233e-5 -42.72956 202.7658 19.53433 -43.04644 218.4609 -27.63629 -43.20364 218.942 -26.95027 -45.2308 198.2318 -10.57374 -44.24706 197.9434 12.93855 -43.47388 219.3854 28.31571 -42.06963 224.9729 29.45443 -45.02408 222.0947 28.83466 -43.50262 219.3836 -28.31741 -42.07273 221.0938 -28.62973 -42.96373 241.5497 32.94414 -48.36521 246.0965 33.48117 -51.36151 241.5497 -32.94414 -48.36521 208.7252 -20.39841 -45.73573 208.2938 -21.69139 -44.39424 208.2488 -21.82608 -44.25449 208.0803 -22.33138 -43.73023 203.6962 -15.41915 -45.82127 198.4649 -8.04024 -44.83199 198.4687 7.994088 -44.84073 198.2383 10.51439 -44.26353 256 34.00007 -48.11232 253.9556 33.98047 -46.79846 203.2787 17.51136 -44.59156 208.2678 21.78429 -44.31341 208.34 21.62734 -44.53811 207.7293 22.95398 -42.6388 253.9556 -33.98047 -46.79846 256 -34.00006 -48.07428 225.9547 29.66584 -45.54307 225.9821 -29.67654 -45.56188 235.3945 31.77297 -48.90273 235.3945 -31.77296 -48.90273 198.642 -5.421643 -45.22593 213.3907 -25.01362 -43.82943 219.374 -25.99667 -47.14965 213.3996 24.9962 -43.86264 218.9478 26.94032 -45.25477 198.644 5.389954 -45.22968 196.3732 1.03233e-5 -44.2929 204.0503 -13.10046 -46.84043 203.7105 15.33849 -45.86245 213.8529 -23.94942 -45.62897 213.8635 23.92135 -45.67131 224.9683 -29.45945 -45.02307 209.1912 -19.00152 -47.18503 208.9054 -19.85825 -46.29616 208.7437 20.36547 -45.7933 208.9206 19.74312 -46.34365 209.1934 18.78389 -47.1919 208.4572 21.37283 -44.90248 230.5551 -30.25317 -49.94247 230.8179 -29.38817 -52.12812 230.5572 30.24968 -49.95636 204.3235 -10.65771 -47.60452 204.0598 13.02935 -46.86693 250.9146 33.85567 -54.21113 246.0965 -33.48117 -51.36151 214.2701 -22.69114 -47.32863 219.7511 -24.80657 -48.94945 219.3815 25.97725 -47.18327 204.5223 -8.106606 -48.13655 204.3292 10.59805 -47.61993 198.8667 1.03233e-5 -45.62267 214.2822 22.65037 -47.37794 214.6498 -21.24192 -48.90351 209.5663 -17.12886 -48.35144 209.4197 -17.86085 -47.89551 209.5024 17.69721 -48.15288 209.466 17.82523 -48.03967 204.6585 -5.465143 -48.46851 210.5702 8.860658 -51.4733 210.5848 8.214432 -51.51898 210.646 5.520763 -51.70937 210.4125 10.78671 -50.98291 239.73 32.46414 -52.07701 239.733 -32.46203 -52.07101 204.7811 1.03233e-5 -48.77687 231.0589 -28.07554 -54.03943 230.8213 29.37473 -52.15309 230.9123 30.73337 -48.16374 230.2962 30.60071 -47.83807 229.9695 30.53036 -47.66537 229.9665 -30.52981 -47.67969 230.1804 -30.57561 -47.79335 230.2915 -30.59877 -47.84658 220.0839 -23.41013 -50.6166 219.7598 24.77524 -48.99139 214.663 21.18586 -48.958 209.9306 -15.31006 -49.4843 209.8551 -15.687 -49.24951 209.8502 15.58148 -49.2344 209.6025 17.0886 -48.46398 214.996 -19.59489 -50.33742 215.0099 19.52126 -50.3943 256 34.00008 -55.38341 252.7322 33.92751 -55.22759 252.7464 -33.93106 -55.23498 250.9146 -33.85566 -54.21113 210.1749 -13.29146 -50.244 210.1702 -13.33491 -50.22943 209.9883 -15.02194 -49.66376 210.2149 13.2002 -50.3684 209.9194 15.1604 -49.44965 210.1883 13.52478 -50.28576 210.2069 13.29702 -50.34375 231.0634 28.04881 -54.07155 225.5367 25.6131 -52.42436 220.3831 -21.82733 -52.13725 220.0935 23.36524 -50.66459 210.4622 -10.62687 -51.13747 210.4359 -10.87023 -51.05587 234.7953 -31.53769 -50.00481 215.3038 -17.76558 -51.59402 256 -34.00008 -55.38341 257.5239 -33.89516 -55.38341 259.6997 33.74536 -55.38341 257.7001 33.88303 -55.38341 257.5239 33.89516 -55.38341 210.6813 -5.56171 -51.81905 210.565 -8.250484 -51.45724 210.5305 -9.046898 -51.35007 234.8009 31.53371 -49.99264 236.6522 31.53088 -52.98479 241.2581 -32.73505 -52.6375 242.8079 -32.95434 -53.14786 239.7479 -32.46472 -52.07698 244.9254 33.26542 -53.82129 242.8073 32.95576 -53.15134 241.0046 32.69221 -52.58116 239.7456 32.46694 -52.08318 215.3176 17.6735 -51.64944 210.7219 1.03233e-5 -51.94516 210.6911 -4.584522 -51.84958 210.6852 -5.472449 -51.83106 210.719 2.310964 -51.93624 210.6718 4.387053 -51.7895 236.4933 -31.87438 -50.76909 235.854 -31.75841 -50.51215 236.6029 31.90459 -50.84019 236.4865 31.88064 -50.78544 220.6552 -20.05887 -53.50444 225.5297 -25.64922 -52.38438 225.7961 -24.06038 -53.95013 220.3936 21.76664 -52.18954 221.1181 15.94639 -55.71264 221.1076 -16.06126 -55.66575 236.6508 -31.53467 -52.9704 236.8034 -30.56185 -55.2042 221.2813 -13.89739 -56.42985 220.8982 -18.12412 -54.68955 221.2908 13.76435 -56.46935 220.6663 19.98047 -53.5584 226.0372 -22.30849 -55.34482 225.8039 24.01001 -53.99465 221.5292 9.190778 -57.39118 221.5228 -9.358218 -57.37017 244.9428 33.26731 -53.82532 249.2831 33.71402 -54.77653 248.6559 33.67164 -54.68708 246.0195 33.38456 -54.07521 250.5815 33.80174 -54.96174 246.0182 -33.38543 -54.07711 248.8628 -33.68977 -54.72531 244.9449 -33.26548 -53.82099 245.0776 -33.2848 -53.86279 249.2812 -33.71714 -54.78308 221.6384 -4.697659 -57.69529 221.6412 4.500921 -57.69989 220.9093 18.02739 -54.74157 221.6871 -3.24953e-4 -57.68637 240.9793 -32.68809 -52.57185 242.8762 32.62186 -55.43552 236.9531 -29.06171 -57.07903 226.2573 -20.40041 -56.57709 236.8056 30.54651 -55.22927 226.0458 22.24224 -55.39234 231.4971 -24.66428 -57.11303 231.2849 -26.46478 -55.68939 231.2905 26.4233 -55.72645 242.8752 -32.62588 -55.4209 242.9373 -31.57523 -57.6684 226.4547 -18.35672 -57.63146 226.2663 20.3168 -56.6254 246.0592 33.05566 -56.36222 246.0584 -33.05973 -56.34765 231.6943 -22.73294 -58.34117 231.5036 24.60801 -57.15281 237.1131 -27.24063 -58.62013 236.9564 29.03126 -57.10977 249.3016 33.39348 -57.04608 252.3013 33.91794 -55.20704 252.6074 33.92475 -55.22164 250.5811 -33.80216 -54.96258 252.4588 -33.92497 -55.22185 252.6063 -33.9281 -55.22858 226.6258 -16.21328 -58.49155 249.3009 -33.39754 -57.03167 226.4638 18.2555 -57.67752 252.6125 33.61918 -57.45429 252.6118 -33.62316 -57.44018 243.0105 -29.93929 -59.49515 242.9385 31.5585 -57.69324 256.0001 -33.83988 -56.89459 231.8762 -20.68251 -59.40121 256.0002 33.84885 -56.89212 257.4367 33.706 -57.53085 257.4368 -33.70597 -57.53091 259.6522 -33.75388 -56.41843 259.6518 33.75394 -56.41827 257.704 33.95654 -55.53365 262.7157 33.16403 -55.38341 263.1402 32.94145 -57.78022 263.3951 33.17949 -55.77053 263.141 -32.94123 -57.78046 263.3958 -33.17931 -55.77081 266.6782 -32.1603 -56.92649 266.6772 32.16069 -56.92618 263.3951 33.17949 -55.77053 268.925 31.32322 -55.38341 269.648 30.83062 -57.77054 266.6782 -32.1603 -56.92649 269.8702 31.03601 -55.72819 269.7999 30.8882 -55.38341 268.925 31.32322 -55.38341 269.6492 -30.82998 -57.77085 269.8714 -31.03541 -55.72855 269.8714 -31.03541 -55.72855 269.8012 -30.88756 -55.38341 268.925 -31.32322 -55.38341 272.6975 -29.56005 -56.42788 275.2985 27.86257 -56.90363 272.696 29.56093 -56.42757 275.3002 -27.86137 -56.90388 277.7103 -25.97006 -57.18727 277.7085 25.97161 -57.18712 279.9431 -23.90151 -57.29341 279.9412 23.90344 -57.29339 282.0044 -21.66137 -57.22795 282.0024 21.66371 -57.2281 283.8891 -19.24469 -56.98595 283.8871 19.24751 -56.98633 285.5807 16.64027 -56.55353 285.5807 16.64027 -56.55353 287.0565 -13.80929 -55.89993 285.5827 -16.63692 -56.55287 287.0546 13.81327 -55.90097 286.8266 13.60203 -57.93748 287.0546 13.81327 -55.90097 288.153 10.62749 -57.13737 288.1547 -10.62295 -57.136 287.7568 -12.05299 -55.38341 286.8286 -13.59819 -57.93656 289.1798 -7.34659 -56.03432 289.1784 7.352034 -56.03636 289.1798 -7.34659 -56.03432 288.9161 -7.099696 -58.03516 289.3731 -5.880911 -55.38341 288.9145 7.104854 -58.03691 289.1784 7.352034 -56.03636 289.731 3.620515 -56.72701 289.732 -3.614244 -56.72439 289.9486 1.687686 -55.88141 289.9912 1.29533e-4 -55.81894 231.7015 22.66089 -58.38249 259.2442 33.36313 -58.2752 259.6522 -33.75388 -56.41843 257.7042 -33.95653 -55.53373 226.7692 -13.99196 -59.1598 237.2776 -25.24423 -59.88908 226.6345 16.09475 -58.53273 237.1175 27.19416 -58.6539 272.3845 29.26622 -58.38058 272.386 -29.2653 -58.38085 272.6975 -29.56005 -56.42788 266.2578 31.75811 -58.77132 263.1402 32.94145 -57.78022 266.2588 -31.75767 -58.77159 263.3958 -33.17931 -55.77081 289.9394 -4.18308e-5 -56.19429 289.6635 1.419331 -57.86078 285.2707 -16.34173 -58.50541 285.2687 16.34499 -58.506 287.7402 -10.22519 -58.98596 287.7382 10.22954 -58.98716 288.153 10.62749 -57.13737 289.5737 -3.464346 -57.69836 289.7939 -5.4102e-4 -57.25033 246.0872 -31.99131 -58.58585 246.0881 31.97424 -58.61045 262.538 32.35594 -59.44245 262.5386 -32.3557 -59.44266 259.2446 -33.36305 -58.27533 274.9297 27.5105 -58.7993 274.9313 -27.50926 -58.79951 226.7772 13.85608 -59.19425 283.5216 -18.89394 -58.88293 283.5195 18.8967 -58.88326 232.0398 -18.53335 -60.29345 231.8838 20.59374 -59.44241 288.3305 6.537626 -59.71742 289.3242 3.23044 -58.58467 256.0002 33.82822 -57.09786 256.0002 -33.80896 -57.18627 277.3078 25.58772 -59.05096 277.3096 -25.58616 -59.05109 269.1185 30.31788 -59.50553 269.1197 -30.31719 -59.5058 281.6047 -21.27848 -59.09278 281.6027 21.28079 -59.09292 249.307 -32.33071 -59.24808 249.3077 32.31361 -59.27236 243.1108 -27.96417 -60.93221 256.0001 33.67591 -57.54005 243.0126 29.90612 -59.52442 237.4369 -23.14821 -60.94131 286.3094 -13.09581 -59.6819 286.3074 13.09952 -59.6827 237.2829 25.18251 -59.92378 234.5564 22.86394 -59.74037 256.0001 -33.68738 -57.52864 279.5307 23.50974 -59.14741 279.5327 -23.50781 -59.14743 289.3255 -3.224538 -58.58241 289.7403 -7.19834e-4 -57.63912 288.5872 2.51023 -60.1122 289.7939 -5.4102e-4 -57.25033 289.7403 -7.19834e-4 -57.63912 288.5872 2.51023 -60.1122 289.7939 -5.4102e-4 -57.25033 226.9726 -9.386828 -59.97471 226.9782 9.217891 -59.99279 252.6076 -32.58124 -59.62104 255.9999 -33.22716 -58.82459 256.0001 33.55578 -57.88885 255.9999 33.24576 -58.78889 252.6083 32.56449 -59.64492 256.7754 -33.06131 -59.13397 258.8992 33.02653 -59.06246 289.1683 -1.16337e-4 -59.17467 232.0475 18.42792 -60.33221 227.0744 -4.699991 -60.25106 223.0157 -3.62206e-4 -58.38196 227.1447 -5.63371e-4 -60.17939 227.0771 4.502731 -60.25488 271.7815 28.67998 -60.04208 271.7829 -28.67902 -60.04231 265.5286 31.04571 -60.30667 265.5296 -31.04525 -60.3069 258.4756 32.61122 -59.77103 284.6784 -15.76621 -60.17762 284.6763 15.76939 -60.17813 288.3323 -6.5327 -59.71589 287.0347 -9.536543 -60.54505 287.0327 9.540747 -60.5461 258.4759 -32.61113 -59.77113 261.6274 -31.46119 -60.79587 237.586 -20.96818 -61.82268 274.2801 26.8777 -60.41424 274.2817 -26.87646 -60.41443 232.3011 -14.04872 -61.57017 282.8804 -18.26953 -60.50625 282.8782 18.27225 -60.50655 287.4578 -5.674982 -61.10591 288.5888 -2.504622 -60.11022 287.4558 5.679729 -61.10726 246.1304 -30.32023 -60.38658 246.1321 30.28632 -60.41519 243.2278 -25.82261 -62.06206 243.114 27.91404 -60.96292 268.3035 29.51965 -60.95504 268.3047 -29.51894 -60.95528 255.9999 32.6755 -59.66864 276.6332 24.92986 -60.64083 276.6349 -24.92828 -60.64094 255.9999 -33.22498 -58.83071 255.9999 -32.68558 -59.64057 280.9346 -20.62513 -60.68716 280.9325 20.62743 -60.68728 285.5173 -12.32047 -61.15429 285.5151 12.32409 -61.15501 278.8497 22.84543 -60.73084 278.8515 -22.8435 -60.73086 287.5836 1.523431 -61.37313 289.1054 -4.92813e-5 -59.34355 232.3078 13.91067 -61.59886 249.3273 -30.65346 -61.02278 249.3286 30.61935 -61.05079 287.5855 -1.518075 -61.37141 288.1026 -1.75941e-4 -60.8361 287.5836 1.523431 -61.37313 237.7202 -18.72396 -62.54919 264.5236 30.05745 -61.56613 261.6267 31.46145 -60.7957 264.5245 -30.05697 -61.56634 270.9089 27.82414 -61.43397 270.9103 -27.82317 -61.43419 255.9999 -32.22171 -60.33703 252.6132 -30.93213 -61.37061 255.9999 -31.12384 -61.36981 255.9999 -32.05081 -60.49779 255.9999 32.31311 -60.22768 255.9999 32.04447 -60.49536 252.6141 30.89848 -61.39814 283.8251 -14.92965 -61.58878 283.8229 14.93276 -61.58924 286.0651 -8.583674 -61.8399 286.0629 8.587751 -61.84083 234.871 18.51517 -61.51498 237.4429 23.07086 -60.97613 237.7266 18.61477 -62.58052 260.4644 30.31596 -61.89793 257.434 31.58641 -60.99394 260.4651 -30.31567 -61.89809 257.4343 -31.5863 -60.99404 243.3472 -23.60185 -62.96023 243.232 25.75683 -62.09223 232.4711 -9.398841 -62.24941 232.4759 9.229083 -62.26462 273.3711 25.98551 -61.76978 273.3728 -25.98425 -61.76995 286.3363 -4.570228 -62.24888 286.3341 4.574823 -62.25008 281.9851 -17.39106 -61.87551 281.983 17.39373 -61.87577 232.5576 -4.699555 -62.4855 232.0961 -8.0179e-4 -62.33478 232.56 4.502113 -62.48907 232.5892 -8.16691e-4 -62.49248 237.9335 -14.13321 -63.57492 267.2336 28.46651 -62.14963 267.2347 -28.46578 -62.14984 246.2033 -28.30239 -61.77989 275.7052 24.01864 -61.97735 275.707 -24.01706 -61.97745 246.2059 28.2512 -61.80934 255.9999 31.11461 -61.42189 280.0137 -19.72105 -62.03081 280.0117 19.72333 -62.03092 284.4777 -11.29765 -62.3792 284.4754 11.30118 -62.37983 277.918 21.93056 -62.0637 277.9199 -21.92864 -62.06372 263.2858 28.83641 -62.59283 263.2867 -28.83591 -62.59302 286.6865 -4.57787e-6 -62.17542 269.7947 26.72679 -62.58434 269.7961 -26.7258 -62.58454 243.3519 23.52043 -62.98936 259.1057 28.97403 -62.80373 256.1828 30.35206 -62.00734 255.9999 31.08902 -61.44738 255.9999 -30.77645 -61.6966 259.1063 -28.97373 -62.80387 256.1831 -30.35195 -62.00741 249.3743 -28.62281 -62.38127 249.3763 28.57126 -62.40975 284.8648 -7.400137 -62.9041 284.8625 7.404114 -62.90493 282.7351 -13.8564 -62.76326 282.7328 13.85945 -62.76366 255.9999 -30.17969 -62.06983 255.9999 -30.40077 -61.93156 252.6358 -28.92385 -62.7058 285.0104 -3.261075 -63.18746 286.3643 -0.3136293 -62.4147 286.4744 -1.9479e-5 -62.31128 286.3622 0.3187611 -62.41619 285.008 3.265533 -63.18852 255.9999 30.38978 -61.92526 255.9999 30.17835 -62.06975 255.9999 29.31086 -62.6626 252.6373 28.87274 -62.73367 272.229 24.86017 -62.89218 272.2306 -24.8589 -62.89233 237.9391 13.99324 -63.59799 265.9443 27.19406 -63.12492 265.9455 -27.19332 -63.12511 238.0707 -9.441954 -64.12691 280.8597 -16.28244 -63.01462 280.8576 16.28507 -63.01484 238.0747 9.271283 -64.13964 276.76 20.78931 -63.1702 246.295 -26.11821 -62.85484 246.2984 26.05119 -62.88324 243.5626 -18.9985 -64.27238 283.2201 -10.05686 -63.38614 283.2178 10.06032 -63.38669 276.7619 -20.78741 -63.17021 261.8587 27.42611 -63.43026 261.8596 -27.4256 -63.43042 255.9999 -29.18466 -62.69217 270.8825 23.53046 -63.81021 268.4718 -25.41826 -63.52474 283.4687 -6.020841 -63.77254 238.1398 -4.721232 -64.33422 283.4663 6.024728 -63.77328 238.1418 4.522937 -64.33796 286.0546 -4.18308e-5 -62.58018 281.4355 -12.57362 -63.72821 281.4332 12.57662 -63.72856 249.4385 -26.42182 -63.41577 249.4412 26.35424 -63.44288 286.0473 -4.18308e-5 -62.58481 238.1878 -9.43351e-4 -64.28307 243.723 -14.31097 -65.08799 243.5677 18.88616 -64.29739 243.7274 14.16896 -65.10646 270.8841 -23.52919 -63.81035 284.9229 -1.08886e-4 -63.30504 264.472 25.7385 -63.91709 264.4731 -25.73775 -63.91726 255.9999 29.14861 -62.73899 255.9999 -28.72279 -62.98105 252.6697 -26.73623 -63.71783 255.9999 -27.05064 -63.70246 255.9999 -28.31648 -63.15634 255.9999 28.29689 -63.14004 252.6715 26.6689 -63.74424 279.5303 -14.96978 -63.94968 279.5281 14.97238 -63.94988 257.592 27.47706 -63.55451 260.2798 25.86396 -64.11585 260.2807 -25.86344 -64.116 257.5926 -27.47675 -63.55463 246.3909 -23.85791 -63.69391 246.3949 23.77515 -63.72087 275.4038 -19.44606 -64.0766 281.7749 -8.628377 -64.20539 281.7725 8.631769 -64.20589 246.5696 19.07546 -64.91744 275.4018 19.44796 -64.07659 255.9999 26.99459 -63.75322 283.5148 -1.782295 -63.9564 281.9087 -4.477576 -64.477 284.4253 -9.39848e-5 -63.52526 281.9062 4.481378 -64.47767 283.5123 1.786615 -63.95735 278.0234 -13.47962 -64.70726 249.5075 -24.1414 -64.21292 262.8496 24.13286 -64.55918 262.8507 -24.1321 -64.55935 249.5106 24.05787 -64.23834 269.3623 -22.02419 -64.55309 282.6002 -2.69296e-5 -64.3329 255.9999 24.71879 -64.50006 255.9999 25.92201 -64.11405 255.9999 26.88317 -63.80569 255.9999 -26.31972 -64.01779 255.9999 -25.91119 -64.1408 243.8238 -9.563872 -65.53984 243.8269 9.391415 -65.55081 246.5654 -19.18911 -64.89479 252.7071 -24.45825 -64.4941 255.9999 -24.80244 -64.47463 249.6369 19.3122 -65.35771 278.0211 13.48219 -64.70743 252.7091 24.37462 -64.51875 280.1701 -7.040442 -64.86518 280.1677 7.043782 -64.86563 269.3608 22.02547 -64.55295 273.8721 -17.93115 -64.80941 267.6929 -20.37149 -65.14812 273.8701 17.93303 -64.80939 281.7329 -4.92813e-5 -64.59415 281.7262 -4.92813e-5 -64.59617 243.873 -4.789905 -65.73281 243.8746 4.589084 -65.73706 276.3621 11.83997 -65.31294 249.6337 -19.42694 -65.3367 252.7779 19.60511 -65.60258 240.4459 -9.88054e-4 -65.00527 249.7292 14.50295 -66.03905 243.9077 -8.98648e-4 -65.66635 255.9999 -23.21664 -64.95211 279.684 -8.65342e-5 -65.21127 276.5802 -3.483993 -65.80419 278.4008 -1.003218 -65.4981 279.0727 -7.90837e-5 -65.33035 278.3981 1.006859 -65.49862 255.9999 -20.07413 -65.59082 255.9999 -22.93279 -65.00981 252.7758 -19.72073 -65.58232 255.9999 23.68056 -64.83314 255.9999 22.91805 -64.9943 267.6913 20.37277 -65.14799 272.1923 -16.26813 -65.39412 259.2625 20.5793 -65.50109 259.2636 -20.57852 -65.50123 276.3644 -11.83742 -65.31279 272.1903 16.27 -65.3941 276.5776 3.487225 -65.80455 249.7263 -14.64752 -66.02335 255.9999 19.95933 -65.61961 249.7828 -9.812294 -66.4209 249.7848 9.636421 -66.43111 264.0061 16.72112 -65.9918 264.0076 -16.71983 -65.9919 272.6815 -8.188115 -66.15894 272.6791 8.190612 -66.15906 275.7836 -5.67319e-5 -65.97108 256.0001 15.05704 -66.28537 268.4779 12.59116 -66.21073 268.4799 -12.5893 -66.21076 256 17.38055 -65.98715 255.9999 19.51866 -65.71274 255.9999 -19.27803 -65.75261 256 -17.37305 -65.99571 249.8184 -6.45328e-4 -66.61602 256 -16.14263 -66.15274 256.0001 -15.20551 -66.27233 256 16.13682 -66.14679 248.4287 -7.71988e-4 -66.52968 273.0918 -3.43802e-5 -66.27953 273.0976 -4.18308e-5 -66.27886 259.9885 12.73713 -66.50328 259.9901 -12.73583 -66.50337 256.0001 -14.32012 -66.38531 256.0001 14.15412 -66.40126 268.6379 -4.178018 -66.6443 272.2267 -3.43802e-5 -66.37866 268.6355 4.180479 -66.6444 264.4213 8.568097 -66.68312 264.4233 -8.566246 -66.68315 270.9894 -1.9479e-5 -66.52043 256.0001 -10.23237 -66.66554 256 10.0502 -66.66799 256 -7.956558 -66.82156 256 -8.792886 -66.76422 256 8.808653 -66.74869 256 7.195713 -66.85352 265.1685 -2.69296e-5 -66.85488 256.0001 -8.65342e-5 -67.0001 256.0001 -0.2120183 -66.99535 256.0001 0.2155109 -66.99571 264.4398 -3.43802e-5 -66.86642 264.435 -3.43802e-5 -66.8665</float_array>
          <technique_common>
            <accessor source="#mesh-d7f0432c-d0f0-4409-9229-a66daf76437d-mesh-positions-array" count="2037" stride="3">
              <param name="X" type="float"/>
              <param name="Y" type="float"/>
              <param name="Z" type="float"/>
            </accessor>
          </technique_common>
        </source>
        <source id="mesh-d7f0432c-d0f0-4409-9229-a66daf76437d-mesh-normals">
          <float_array id="mesh-d7f0432c-d0f0-4409-9229-a66daf76437d-mesh-normals-array" count="6108">0.0570935 -0.05795377 0.9966855 0.09791296 0.01659566 0.9950566 0.02292078 -0.01605296 0.9996085 0.143209 0.08410483 0.9861124 0.1514005 -0.07721543 0.9854521 0.15541 0.02106839 0.9876254 0.07939982 0.07066684 0.994335 0.06878751 -0.1073417 0.9918398 0.05670171 -0.1598078 0.9855184 0.1484215 -0.1801115 0.9723842 0.1389009 0.08538472 0.9866185 0.1014717 0.1678068 0.9805837 0.2986242 0.005458891 0.9543552 0.3023445 -0.08532232 0.9493724 0.2938 -0.181853 0.9384088 0.1423401 0.1941494 0.9705902 0.06913095 0.1855465 0.9802007 0.301295 0.09915935 0.9483612 0.06677395 -0.2128444 0.9748018 0.06577032 0.2531233 0.9651958 0.4023606 0.005830645 0.9154627 0.1450029 -0.2779787 0.94958 0.2858656 -0.279631 0.9165629 0.0528776 -0.2644098 0.9629597 0.4375548 -0.07857978 0.8957517 0.4094521 0.008282184 0.912294 0.4371927 0.09438228 0.8944017 0.1426667 0.2957621 0.9445481 0.293163 0.1987361 0.9351788 0.4323533 -0.1775577 0.8840497 0.05036664 0.3055757 0.9508348 0.4210642 -0.2727614 0.8650469 0.06473636 -0.3158319 0.9466042 0.2852185 0.2954529 0.9117884 0.4311238 0.1941371 0.8811601 0.06386506 0.3545662 0.9328473 0.1410114 -0.3729292 0.9170821 0.2764771 -0.3743725 0.8851021 0.1378817 0.3898694 0.9104893 0.04911381 -0.3660364 0.9293037 0.5143104 0.005621075 0.8575857 0.566903 -0.07427185 0.8204296 0.5515367 -0.1693605 0.8167769 0.5646829 0.08947914 0.820443 0.4073552 -0.3652512 0.8370504 0.04859137 0.4056282 0.9127457 0.5381361 -0.260069 0.8017317 0.2758442 0.38901 0.878966 0.4196986 0.2882812 0.8606666 0.5498656 0.1853262 0.8144337 0.6105213 0.00740832 0.7919652 0.06258571 -0.4150837 0.9076281 0.06172245 0.4520326 0.8898635 0.1364719 -0.464008 0.8752554 0.2657341 -0.4652108 0.8443721 0.1326121 0.4799242 0.8672294 0.04543983 -0.4634534 0.8849555 0.5215034 -0.3486812 0.7787528 0.6118633 0.006533503 0.7909366 0.653343 -0.07039189 0.7537825 0.6470618 -0.1584646 0.7457882 0.652602 0.08460521 0.7529627 0.5361891 0.2750369 0.7980326 0.4059029 0.3796121 0.8313468 0.3914024 -0.454369 0.8002207 0.2651231 0.4785776 0.8370624 0.6328985 -0.2434085 0.7349775 0.6451401 0.1736181 0.7440773 0.04719036 0.5010036 0.8641577 0.06022763 -0.5094918 0.8583652 0.05933427 0.544476 0.8366753 0.1219868 -0.5570533 0.8214687 0.2536888 -0.5513139 0.7947924 0.501837 -0.4348632 0.747699 0.614964 -0.3270251 0.7175471 0.1268225 0.5650165 0.8152744 0.519352 0.3625971 0.7738198 0.3898938 0.4674932 0.7933682 0.6305869 0.2576667 0.7320984 0.680514 0.004911363 0.7327187 0.732557 -0.06066662 0.6779969 0.7196548 -0.1462171 0.6787618 0.05095362 -0.5660418 0.8228003 0.7320095 0.07373923 0.6772922 0.3733509 -0.5393936 0.7547608 0.2530942 0.5633446 0.7865026 0.7057784 -0.2247688 0.6718302 0.7507373 0.00909245 0.6605383 0.7176643 0.1604473 0.6776538 0.09619063 -0.5792378 0.8094635 0.1147982 -0.6347521 0.7641409 0.5933994 -0.4093779 0.6930274 0.04626059 0.5906223 0.8056212 0.05732321 0.6294579 0.7749173 0.4995392 0.4476765 0.7416511 0.6123436 0.3403958 0.7135588 0.479299 -0.5180875 0.7084194 0.2403368 -0.6319174 0.7368301 0.6883245 -0.3033936 0.6589094 0.3718081 0.5512325 0.746928 0.7033196 0.2382244 0.6697693 0.1167929 0.646955 0.7535309 0.3532874 -0.619613 0.700905 0.7509935 0.007228136 0.6602701 0.7791315 -0.05971199 0.6240101 0.7726855 -0.1336625 0.6205575 0.7772132 0.0702399 0.6253047 0.0459541 -0.6495417 0.758936 0.2397537 0.6425676 0.7277535 0.568309 -0.4901779 0.6608712 0.7597084 -0.2056734 0.6168807 0.6771765 -0.3777663 0.6314465 0.7707535 0.1469372 0.6199585 0.6850059 0.3155296 0.6566644 0.5905405 0.4218314 0.6879828 0.4769014 0.52974 0.7013847 0.119561 -0.7024949 0.701574 0.08746045 -0.6628311 0.7436435 0.4540059 -0.5976905 0.6607909 0.05081295 0.67364 0.7373108 0.1072221 0.7185342 0.6871768 0.06753432 0.7009813 0.709975 0.7448178 -0.2974312 0.5973117 0.3517243 0.630124 0.6922672 0.2256607 -0.7063018 0.6709806 0.7572512 0.2183001 0.6155614 0.6517453 -0.4529576 0.6083236 0.3312633 -0.694296 0.6389192 0.6707851 0.3931069 0.6288993 0.5652609 0.5016618 0.6548401 0.7909255 0.004081308 0.611899 0.8149257 -0.1204184 0.5669175 0.8241655 -0.04903948 0.5642221 0.5397343 -0.5688694 0.6205438 0.8230396 0.06244117 0.5645413 0.225107 0.7155419 0.6613068 0.04011362 -0.7149664 0.6980072 0.7387933 0.2946352 0.6061143 0.8030818 -0.1853336 0.5663137 0.4515376 0.6081363 0.6529043 0.8136934 0.1326309 0.5659612 0.8335953 0.006256461 0.5523403 0.05302393 -0.7469228 0.6627933 0.4260262 -0.6729057 0.6047311 0.78091 -0.2603874 0.5677832 0.10209 0.7826265 0.6140632 0.06792277 0.7422732 0.6666461 0.8015273 0.1968836 0.5646157 0.3296955 0.7034618 0.6296367 0.1018033 -0.7779792 0.6199875 0.2097172 -0.7737167 0.5978137 0.7318264 -0.3967111 0.5541213 0.7558234 -0.324013 0.5689873 0.6216278 -0.5299621 0.5768182 0.6495202 0.4636247 0.6026406 0.7558899 0.3387497 0.5602493 0.5365442 0.5793252 0.6135982 0.507684 -0.6446642 0.5715463 0.3073708 -0.7625978 0.5691816 0.7866347 0.2601007 0.5599585 0.8513242 0.002475619 0.5246343 0.8542153 -0.04750961 0.5177443 0.8472859 -0.09896004 0.5218368 0.853253 0.05711442 0.5183602 0.4235132 0.6821098 0.5961232 0.03773707 -0.7876784 0.6149298 0.2092012 0.7815546 0.5877138 0.8371539 -0.1536523 0.5249423 0.8458334 0.1097627 0.5220327 0.08295685 -0.7977002 0.5973212 0.09324663 -0.8348146 0.5425769 0.3954672 -0.7427148 0.5403522 0.7022268 -0.4711769 0.5337321 0.8231963 -0.2106055 0.5272507 0.8352265 0.1641198 0.5248441 0.05878823 0.7741677 0.6302446 0.6192666 0.5397309 0.5702627 0.7290255 0.4072193 0.5501766 0.3058086 0.7704097 0.5594195 0.5871546 -0.6060742 0.5365852 0.09547585 0.8402209 0.5337727 0.05701845 0.8104954 0.5829631 0.1925037 -0.8334009 0.5180593 0.5043843 0.6540318 0.5637721 0.8051614 -0.2714902 0.5272649 0.820824 0.2210143 0.5266886 0.4722273 -0.7163631 0.5136395 0.2816504 -0.8235664 0.4923532 0.3929222 0.7506529 0.5311616 0.1920245 0.8398528 0.5077145 0.03467923 -0.8466048 0.5310913 0.6672542 -0.547771 0.5046969 0.782588 -0.3373977 0.5231817 0.5846579 0.6148875 0.5292341 0.6992769 0.4810989 0.5287303 0.08446419 -0.8857052 0.4565 0.07726049 -0.855176 0.5125475 0.3624101 -0.8059107 0.4681528 0.8023557 0.2819848 0.5260323 0.5482537 -0.6799364 0.4869335 0.05032777 0.8387367 0.5422065 0.2800874 0.8300343 0.4822801 0.4688364 0.7245724 0.5051606 0.173917 -0.8846759 0.4325525 0.08772182 0.8891838 0.4490624 0.0428375 0.8694987 0.4920743 0.8653991 0.002863466 0.5010752 0.4334568 -0.782441 0.447103 0.7548329 -0.4088069 0.5129371 0.3598296 0.81256 0.4585511 0.2540276 -0.8763574 0.4092283 0.8643172 9.62004e-6 0.5029472 0.862639 -0.03543031 0.5045778 0.8564819 -0.07635712 0.5104984 0.8610386 0.04505103 0.5065402 0.7793539 0.347994 0.5210641 0.6265385 -0.6249682 0.4656868 0.8471253 -0.1211881 0.5173899 0.8552873 0.0856285 0.51103 0.1734848 0.8897756 0.4221404 0.5456069 0.6877268 0.4788998 0.6642073 0.5569422 0.4986422 0.02943718 -0.8958813 0.4433174 0.8339985 -0.1702288 0.5248511 0.8454024 0.1304425 0.517957 0.0860874 -0.9259398 0.3677288 0.07189214 -0.9029769 0.4236322 0.5049376 -0.7496984 0.4277738 0.3268328 -0.8613806 0.3888491 0.04150378 0.8943766 0.4453853 0.4296538 0.791839 0.4340375 0.2524657 0.8815038 0.3990139 0.8168405 -0.2253949 0.5310074 0.7210825 -0.4855062 0.4942914 0.8317312 0.1798216 0.5252499 0.1520503 -0.9267332 0.3435788 0.7511729 0.4194176 0.5097334 0.07537907 0.9389469 0.3357035 0.02916514 0.9189608 0.3932692 0.3913879 -0.841463 0.3724992 0.5798838 -0.7004567 0.4160472 0.3335153 0.8655278 0.37367 0.7951385 -0.2880433 0.5336533 0.2302296 -0.9201044 0.3168632 0.8139957 0.2355551 0.5309659 0.5016903 0.7567862 0.4190246 0.6234256 0.6332134 0.4586736 0.1413941 0.9347631 0.3259231 0.01890486 -0.9330773 0.3591788 0.4572013 -0.8135176 0.3593831 0.6805725 -0.5659928 0.465267 0.05765902 -0.9521266 0.3002173 0.2843258 -0.9098162 0.3023135 0.4414255 0.8256523 0.3513429 0.7170156 0.4959129 0.4898562 0.05067855 0.9426958 0.3297825 0.7681425 -0.3588263 0.5302837 0.2231015 0.9257657 0.3052602 0.7916773 0.2988644 0.5328482 0.3491126 -0.8931251 0.2836336 0.8545303 -0.002486586 0.5193956 0.8381935 -0.03288233 0.5443808 0.8377475 -0.05196332 0.5435798 0.8402204 0.0346536 0.5411368 0.5272068 -0.7717372 0.3556331 0.06954252 0.9550949 0.2880235 0.828055 -0.08609223 0.5539975 0.8340328 0.05847889 0.5486069 0.2962149 0.9099993 0.2901002 0.5767323 0.7076057 0.4082573 0.1323444 -0.9606535 0.2441924 0.8132496 -0.1302761 0.5671449 0.7348715 -0.4375163 0.5182117 0.8242334 0.09717065 0.5578504 0.1250757 0.9638531 0.2352516 0.7640201 0.3702391 0.5283904 0.632784 -0.6475441 0.4245837 0.05545556 -0.9647775 0.257156 0.6761369 0.5758654 0.4595847 0.7962712 -0.1862561 0.5755527 0.3985627 -0.8734176 0.2798026 0.809825 0.1401132 0.5696945 0.05495733 -0.9770036 0.2060192 0.06433606 0.968618 0.2400833 0.2453225 0.9479956 0.2027837 0.7770436 -0.2439446 0.5802537 0.791204 0.1953637 0.579508 0.6942737 -0.5224613 0.4949932 0.469191 -0.8364075 0.2833417 0.7300415 0.4493034 0.5149427 0.2387666 -0.9488565 0.2065476 0.5240095 0.7777144 0.3472385 0.3897333 0.8789993 0.2747148 0.7486639 -0.3175193 0.5819656 0.1079222 0.9839143 0.1423567 0.05370545 0.981977 0.1812095 0.5774198 -0.7269981 0.3715645 0.1204507 -0.9807904 0.1534335 0.2007061 -0.9726076 0.1172667 0.8309329 0.001102268 0.5563717 0.7648962 0.2581487 0.5901637 0.6280291 0.6565416 0.4177711 0.05742108 -0.9890688 0.1358154 0.05297726 0.9901531 0.1295771 0.6455815 -0.6104398 0.4588985 0.7135732 -0.4039527 0.5723946 0.6887434 0.5341581 0.4902119 0.7969863 -0.01626825 0.6037783 0.7978736 0.004482626 0.6028082 0.7874842 -0.02577179 0.6157959 0.797479 0.009676575 0.6032691 0.7321581 0.3449394 0.587334 0.75102 -0.03724449 0.6592283 0.7911573 0.02531594 0.6110886 0.7922053 0.04351681 0.6087012 0.7764238 0.0376861 0.6290833 0.774653 -0.0735917 0.62809 0.7741204 -0.03117918 0.6322702 0.7668496 -0.04159533 0.6404777 0.7655947 0.05647701 0.6408394 0.7588877 0.04981136 0.6493138 0.4104298 -0.8884323 0.2055128 0.3362514 -0.9209048 0.1971533 0.2771305 -0.9550873 0.1049148 0.7431738 -0.1207026 0.6581214 0.7480598 -0.1123378 0.6540542 0.7587544 -0.09707182 0.6441031 0.7713776 0.08848792 0.6301957 0.7722609 0.1237476 0.6231369 0.465228 0.8411318 0.2757905 0.3348916 0.9231969 0.188561 0.5065394 -0.8131945 0.2865881 0.2023087 0.9733339 0.1081315 0.5723788 0.7348785 0.3637805 0.08904165 -0.9947358 0.05071783 0.1559367 -0.9876005 0.01814138 0.6721015 -0.4950219 0.5506659 0.0224688 0.9997473 7.09596e-4 -0.02833771 0.9995964 0.002056539 -0.07687824 0.9970048 -0.008436143 0.01903927 0.9998188 7.28594e-7 -0.1102706 0.9938824 -0.006191492 -0.1093037 -0.9940079 0.001046121 -0.0554803 -0.9984567 -0.002509653 -0.1022899 -0.9947511 0.002686142 -0.1858424 -0.9825348 0.009387135 -0.161067 -0.9868565 0.01310402 0.006065189 -0.9999807 0.001355528 0.007333219 -0.9999732 -6.86785e-6 -0.107522 0.9941775 0.00709027 -0.1804983 0.9834722 0.01424014 -0.158783 0.9873116 0.001985251 -0.2092498 -0.9777243 0.01642304 -0.9522118 -0.2778661 0.1268197 -0.9459578 -0.2969241 0.1303842 -0.9644845 -0.2443226 0.1003812 -0.9731312 -0.1756939 0.1488204 -0.9732139 -0.1970309 0.1184642 -0.9161582 0.3469848 0.2006384 -0.919324 0.3652776 0.1463418 -0.9478109 0.3053441 0.0917586 -0.9545906 0.2704276 0.1250034 -0.961525 0.2459623 0.1223617 -0.9748256 0.1983082 0.1019262 -0.8925662 0.4445836 -0.07530653 -0.885779 0.4507758 0.1104393 -0.882631 0.4593249 0.09991639 -0.8767224 0.4669638 0.1153374 -0.8741049 0.4647743 0.1411575 -0.8071166 0.5644289 0.1731556 -0.8600229 0.4985964 0.1084546 -0.8173624 0.5639996 0.1175719 -0.2506387 0.9678745 0.01998287 -0.3054203 0.9513837 0.03984391 -0.2726261 0.9620577 0.01095807 -0.2188585 0.9756146 0.01664584 -0.9362316 -0.3426012 0.0780701 -0.3687385 -0.9289073 0.03410452 -0.3268291 -0.9447264 0.02597564 -0.306564 -0.9517853 0.01109969 -0.2696465 -0.9626004 0.026295 -0.3101392 0.9499076 0.03859275 -0.3987542 0.9154465 -0.05433845 -0.3687235 -0.9289134 0.03410488 -0.25667 -0.9663344 0.01784348 -0.7962892 0.596401 0.1011406 -0.7576444 0.6363946 0.1448343 -0.9735018 0.1754446 0.1466754 -0.9830627 0.1471616 0.1092303 -0.9014757 -0.4001986 0.1648721 -0.8694024 -0.4844573 0.09716331 -0.8597279 -0.5080229 0.052733 -0.8596967 -0.5080646 0.05284011 -0.8516305 -0.5069503 0.1331424 -0.8059397 -0.5641748 0.1793543 -0.8544781 -0.5048691 0.1223706 -0.8558506 -0.4726287 0.2101003 -0.9014712 -0.4002082 0.1648731 -0.90147 -0.4002108 0.1648734 -0.925166 -0.3620854 0.1138511 -0.9989601 0.01076239 0.04430735 -0.9986312 -0.02836883 0.04394382 -0.9989675 0.01144069 0.04396766 -0.9976218 0.04999727 0.04744637 -0.3957448 0.9181796 0.01823276 0.1564351 0.9876883 3.96683e-7 0.15643 -0.987689 -3.08424e-6 0.01570427 0.9998752 0.001779675 0.01803863 0.9998359 -0.001704037 0.02672415 0.999642 -0.001338422 0.3461167 0.9381915 0 0.2545852 0.9670422 -0.003983795 0.24298 0.9700313 -1.87503e-7 0.1630958 0.9860676 -0.03272014 0.2429791 0.9700316 -1.97576e-7 0.02772074 -0.9996145 -0.001538991 0.02148866 -0.9997691 -5.56136e-6 0.01697194 -0.9998547 0.001611053 0.0316556 -0.9994989 1.93195e-6 0.1771088 -0.9823144 -0.06075239 0.1854024 -0.9818769 -0.03929245 0.2429806 -0.9700308 -8.33465e-4 0.2429803 -0.9700249 -0.003510117 0.3461157 -0.9381918 -1.25771e-7 0.5391377 0.8422178 0 0.4742464 0.8797252 0.0342608 0.4452289 0.8954169 2.06301e-7 0.4452206 0.8954209 0 0.3519068 0.9354878 -0.03200423 0.3651637 -0.9291735 -0.0573765 0.4042343 -0.9132604 -0.05049973 0.4447044 -0.8943848 0.04810279 0.5391376 -0.8422178 -2.40185e-7 0.4452314 -0.8954156 2.26568e-7 0.7071076 0.7071061 0 0.6267735 0.7792003 0.001446783 0.5187615 0.8527718 -0.06055361 0.543443 -0.839286 -0.01639151 0.6356691 -0.7719608 0.001207649 0.7071077 -0.7071059 -2.63945e-7 0.6252382 -0.7804274 0.003216683 0.7140769 0.699233 -0.03416883 0.625385 0.7802516 0.01005768 0.7723839 0.6351557 5.52321e-4 0.8422174 0.5391381 -1.78763e-7 0.6989739 -0.7142927 -0.03494894 0.7806312 -0.6249383 0.008200645 0.7791884 -0.6267842 -0.00270009 0.8422175 -0.539138 -2.07122e-7 0.7807773 0.6248094 -4.324e-4 0.9381904 0.3461201 -1.55035e-7 0.8947049 0.4448624 0.04000717 0.8392569 0.5434591 -0.01732319 0.8520686 -0.5202633 -0.05749392 0.8813605 -0.4716856 0.02676624 0.9381903 -0.3461199 0 0.9062082 0.4202824 -0.04636234 0.8805971 0.4547647 0.1331841 0.9876872 0.1564418 4.91172e-7 0.9700003 0.2429506 -0.008629083 0.9297109 0.3638533 -0.05699658 0.8859457 -0.4404984 0.1451256 0.8951514 -0.4451436 0.02347487 0.9296652 -0.3639519 -0.05711257 0.9672778 -0.2537186 -8.14732e-4 0.9876874 -0.1564413 4.52417e-7 1 -2.62607e-7 8.51631e-7 0.9970963 0.07612413 -0.002040743 0.9831976 0.1740601 -0.05500578 0.9764481 0.2137079 -0.02963393 0.9584155 0.2651234 0.1055912 0.969592 -0.2428524 0.03023451 0.9861729 -0.1622554 -0.03370982 0.9976356 -0.0681498 -0.008886694 0.9976126 -0.06868714 -0.00715959 0.9622619 -0.2410255 0.1263279 0.9999533 -0.009048104 -0.00338453 0.9955567 0.06856346 0.06454527 -0.8240032 -0.5539577 0.1189537 -0.7930142 -0.5986717 0.1127857 -0.3322212 0.9422051 0.04334509 -0.3981642 0.9158343 0.05208522 -0.4197946 0.9065089 0.04488205 -0.542598 0.8376622 0.0625264 -0.5949018 0.8011182 0.06558632 -0.5751702 0.8172284 0.03629082 -0.5196748 0.8521839 0.0609979 -0.9812102 -0.1683605 0.0942412 -0.6464827 -0.7572902 0.09258437 -0.6333272 -0.7668021 0.104457 -0.6904563 -0.7223522 0.03843706 -0.7094802 -0.6820231 0.177433 -0.6968265 -0.6576917 0.2861371 -0.7578445 0.642982 0.1106615 -0.752797 0.6504551 0.1010187 -0.7446838 0.6667114 0.03069216 -0.7110986 0.6972059 0.09079056 -0.7035028 0.6998379 0.1237368 -0.6831437 0.7211824 0.1149373 -0.9709287 -0.08296507 0.2245313 -0.9919999 -0.07394504 0.1023157 -0.9806851 -0.1827167 -0.06979483 -0.9844484 0.1402147 0.1058351 -0.4748548 0.8792598 0.03761917 -0.369206 -0.9288024 0.03182864 -0.9967914 -0.07532405 0.02708208 -0.6839065 0.7229475 0.0980761 -0.9927791 0.07579725 0.09297597 -0.9936369 0.1046187 0.04172188 -0.9741203 0.07597893 0.2128775 -0.5624545 -0.824524 0.06168478 -0.5387019 -0.8406442 0.05583715 -0.5146442 -0.8559476 0.04995274 -0.4702957 -0.881312 0.04594761 -0.4703119 -0.8810368 0.05080544 -0.7317366 -0.6742889 0.09947913 -0.4154193 -0.9088743 0.03707391 -0.4033312 -0.9142043 0.03942835 -0.5122171 0.8576603 0.04530644 -0.7556282 -0.6377225 0.1494527 -0.7557763 -0.6472374 0.09942799 -0.9514594 -0.2025595 0.2317214 -0.9943211 -0.08698976 0.0613048 -0.9943274 0.03009587 0.1020165 -0.9957196 0.04970067 0.07792592 -0.5997256 -0.7975336 0.06534272 -0.6065719 -0.7931792 0.05419915 -0.701121 -0.7015752 0.1273646 -0.9974176 0.05116593 0.05040186 -0.5923675 0.8022598 0.07402676 -0.6434441 0.7631041 0.06043183 -0.5276801 0.8457685 0.07892817 -0.4634837 0.8837912 0.06400227 -0.6636221 0.7438474 0.07935231 0.7357826 -0.125602 0.6654685 0.04777699 0.9956673 0.07977437 0.08493393 0.9954373 0.04348474 0.7395487 0.1225665 0.6618499 0.72334 0.1491273 0.674196 0.767488 0.1217715 0.6293919 0.7014347 0.4223607 0.5741087 -0.6462735 0.7555376 0.1072078 0.5883909 -0.6975303 0.4089592 -0.9118754 0.3764359 0.163644 -0.9156143 -0.3690124 0.159626 0.06758195 -0.9923867 0.1029627 -0.5872975 0.8039372 0.09363025 -0.6444661 -0.7565718 0.1107371 0.6394003 0.6215113 0.452649 0.04032444 0.9987637 0.02906805 -0.9389282 0.2772082 0.2038862 -0.9389284 -0.2772073 0.2038862 -0.2668485 0.9631921 0.03244882 -0.3309451 -0.9425609 0.04532444 0.688178 -0.2527101 0.6801093 0.6911804 -0.2466193 0.6793002 0.7091813 -0.218478 0.6703203 0.7294057 -0.1655801 0.6637399 0.06661051 -0.9968724 0.04252809 0.06310421 -0.9968878 -0.04725116 -0.9802421 0.01899814 0.1968875 -0.9939264 0.02865183 0.1062518 0.741949 0.2306557 0.6295313 0.7131661 0.2375426 0.6595209 0.694887 0.2670987 0.6676754 0.7332258 0.1948248 0.6514779 -0.5858777 -0.8046554 0.09631752 -0.9474136 0.176869 0.2666926 -0.9474132 -0.1768717 0.2666925 0.6214253 -0.5904678 0.5149549 0.3321979 -0.9363347 0.1136751 -0.8554106 0.4763586 0.2033602 -0.5244215 -0.8474496 0.08253246 -0.9668334 -0.03183639 0.2534162 -0.9212033 -0.329611 0.2067392 -0.9209557 0.3303939 0.2065922 0.6574445 0.5170736 0.5480892 0.2151709 -0.9765539 0.006641805 0.6685852 -0.3244859 0.669106 0.682083 -0.2504788 0.6870394 0.4005246 0.8954156 0.1944504 0.2762754 0.9562867 0.09585279 -0.8878477 0.3896251 0.2447829 -0.8888505 -0.3858718 0.2470786 -0.2069078 0.9781214 0.02163141 -0.2642493 -0.9638133 0.03516072 -0.9614183 0.01176089 0.274839 -0.9209065 0.3305355 0.2065854 -0.9346648 0.03621113 0.3536815 -0.933056 -0.01587116 0.3593809 0.5090885 0.8076729 0.2974786 0.6788744 0.2835772 0.677284 0.1578165 0.9874225 0.009533882 0.1100069 -0.9904736 -0.08282911 -0.9053745 0.2920709 0.3082069 -0.9053747 -0.2920703 0.3082072 0.7666406 0.0143128 0.641917 0.5120799 -0.7880064 0.3417897 0.7501413 -0.01637279 0.6610751 -0.926913 0.08901703 0.364566 -0.8740172 -0.006044626 0.4858574 -0.9220705 -0.1186645 0.3683813 0.7601472 0.02398294 0.6493082 0.7084522 -0.003805577 0.7057485 -0.4602667 -0.8850731 0.06928366 0.03634804 0.9991881 -0.01737987 0.7204971 -0.04134547 0.6922243 0.06051373 0.9965559 -0.05669808 0.7305277 0.03633666 0.6819157 0.7100749 -0.02307873 0.703748 0.5816261 0.7075291 0.4013896 0.716802 0.04837834 0.6955966 0.6793295 -0.109206 0.7256622 0.6530228 -0.06299006 0.7547142 0.05436801 -0.9985204 0.001064419 -0.897614 0.1944819 0.3955578 -0.8976138 -0.1944822 0.3955579 -0.8285212 0.4923417 0.2667441 -0.749368 0.5987123 0.2828274 -0.708401 0.66646 0.2323772 -0.742969 -0.6037576 0.2889183 -0.7872096 -0.5066624 0.3515599 0.02776813 0.9974203 -0.06619507 -0.9137987 4.19619e-6 0.4061675 0.6183046 -0.4310325 0.6571989 0.6317393 -0.4155532 0.6543861 0.6317383 -0.415556 0.6543852 0.7092094 -0.001381218 0.7049966 0.7282262 0.009904503 0.6852653 -0.6622038 0.723791 0.1939403 -0.7041705 -0.6688 0.2384337 -0.1395934 0.990145 0.01125246 -0.2043105 -0.9786044 0.02430737 0.05562156 -0.9969343 -0.05503004 0.03829342 -0.9883698 -0.1471697 -0.3957752 -0.9166353 0.05605274 0.5575405 -0.6905819 0.4607009 0.6544605 0.405642 0.6380722 0.6313511 0.4312531 0.6445282 0.619071 0.44595 0.6464363 0.661792 0.3408884 0.6677023 -0.84759 0.4112024 0.335416 -0.8497941 -0.4080492 0.3336854 0.6831119 -0.1601044 0.712548 -0.8703235 0.03427624 0.4912862 -0.6586844 -0.7256628 0.1988679 -0.6116131 0.774163 0.1630994 0.6843084 0.1625238 0.7108503 0.6449145 0.05018085 0.7626056 0.607663 0.6109713 0.5074049 -0.8903187 -1.42976e-6 0.4553381 -0.8554239 0.108075 0.5065273 -0.7845513 -0.01909077 0.61977 -0.848146 -0.1381591 0.5114299 -0.8510221 0.3160997 0.4193356 -0.8510214 -0.3161016 0.4193356 -0.5575466 0.8187118 0.1373062 -0.6086813 -0.7756336 0.1670317 0.5781905 -0.2585216 0.773862 0.2565302 -0.9664326 0.01416081 0.5982154 -0.3356704 0.7276427 0.3685449 -0.9124304 0.1778916 0.4470317 -0.8530384 0.2692359 0.6423302 0.02058422 0.7661517 0.5737874 0.01863497 0.8187924 0.6429796 -0.004353582 0.765871 0.578973 0.1018093 0.8089655 0.6343922 0.2204265 0.7409175 0.6281619 -0.1489741 0.763688 0.1510723 -0.9839226 -0.09525448 -0.8610919 0.2311192 0.4528848 -0.8237712 -0.2198823 0.5225445 0.3303265 0.9380996 0.104181 0.2145501 0.9767109 -0.002064645 0.4383353 0.8716571 0.2192625 -0.5004311 0.8581384 0.1147489 -0.5550854 -0.8198675 0.1403484 0.7004773 0.0450868 0.7122492 0.6529095 0.06904059 0.7542828 0.1122099 0.9895272 -0.09080123 -0.8377631 3.88369e-6 0.5460339 0.5884836 -0.5121082 0.6256455 0.6143398 -0.4283428 0.662653 0.606743 -0.4319994 0.6672627 -0.7667165 0.5274263 0.3660157 -0.05966091 0.9982131 0.00335586 -0.1323212 -0.9911068 0.01409053 -0.03535109 -0.999375 2.82113e-4 -0.7782331 0.04750287 0.6261764 0.02106714 0.9930524 -0.115772 0.06397128 -0.9808415 -0.1840043 -0.7815548 0.4350845 0.4470724 -0.7904079 -0.4368424 0.4294465 0.5154201 0.7881904 0.3363007 0.6660782 -0.07378226 0.7422237 0.5820588 0.475552 0.6595891 0.5928177 -0.09456908 0.7997649 0.03641933 0.9872299 -0.1550831 -0.7600802 0.1397832 0.6346172 -0.6758523 -0.03338265 0.7362807 -0.7502882 -0.1616284 0.641049 -0.7979872 1.35161e-6 0.6026744 -0.4409843 0.892534 0.09442532 -0.498251 -0.8590896 0.1170938 -0.7669711 0.3323938 0.5488805 -0.7754271 -0.3458559 0.5282958 0.5816832 -0.4151681 0.6994857 0.4969317 -0.7720304 0.3962675 0.04344779 -0.9944475 -0.09584671 0.5840761 0.2886239 0.758651 0.5943332 0.4175046 0.6873558 0.4843443 0.0062415 0.8748553 0.562106 -0.01571232 0.826916 0.4865152 -0.03222918 0.8730775 0.5497926 0.7000519 0.4556924 0.01497364 0.9862068 -0.1648396 -0.7170599 -0.259314 0.6469787 0.04585528 -0.9875251 -0.1506371 0.01345914 -0.9692606 -0.2456679 -0.7364593 3.16782e-6 0.676482 0.6309514 -0.02386158 0.7754554 0.5047146 0.1848118 0.8432721 0.5720463 -0.003566265 0.8202136 0.6016107 -0.05548906 0.7968599 0.5708886 -0.01262009 0.8209306 0.4987751 0.005762934 0.8667123 -0.396768 0.9138972 0.08583229 -0.4390155 -0.8933033 0.0963056 0.6621068 -0.06719809 0.7463907 -0.6666714 0.06212973 0.7427579 0.5255242 -0.02236253 0.8504847 -0.6279073 0.6601009 0.4123097 -0.6568056 0.5755715 0.4871591 -0.7107523 0.4832555 0.5111705 -0.6612659 -0.5622963 0.4965384 -0.6219821 0.7112956 0.3274093 -0.635209 -0.6571211 0.4058343 -0.6773014 0.3795445 0.6302451 -0.7112552 -0.4732531 0.5197573 -0.639746 0.1420295 0.7553494 -0.5330649 -0.05239087 0.8444508 -0.6299133 -0.1644903 0.7590469 0.5273999 -0.6213437 0.5794665 0.4963381 -0.6464758 0.5794113 0.5272534 -0.6212301 0.5797215 0.501188 -0.1251363 0.8562427 0.5371355 -0.2028509 0.8187412 -0.591109 0.7605221 0.2686938 -0.6163964 -0.7139073 0.3322526 -0.6737526 1.523e-6 0.7389571 -0.6149941 0.16054 0.7720164 -0.6835661 -0.3751148 0.6261201 0.5833297 0.5889633 0.5593288 0.5657293 0.5904167 0.5756376 0.5034723 0.6536192 0.5650644 0.5763079 0.5363251 0.6166236 0.1843751 -0.9790526 -0.08638238 0.2699106 -0.960208 0.07175642 -0.553984 0.8010208 0.2268646 -0.586376 -0.7626796 0.2729161 -0.5116091 -0.2119739 0.8326604 0.4843774 0.001507341 0.874858 0.4794684 0.006331145 0.8775364 0.4844491 -0.001746654 0.8748177 -0.3840649 -0.9199448 0.07871311 0.389777 0.08014637 0.9174152 0.08636718 -0.9762738 -0.1985707 0.255489 0.9667904 0.006460964 0.1507949 0.9831383 -0.1034412 0.3606666 0.923574 0.1301184 -0.6056592 1.99511e-6 0.7957242 0.5379372 0.468728 0.7006553 0.4626648 -0.5463652 0.6981593 -0.5378904 0.07551091 0.8396261 0.4672791 -0.6168699 0.6333419 0.06649816 0.9792805 -0.1912794 0.4392937 -0.4876047 0.754495 0.4411802 0.8595343 0.2579941 -0.5016446 0.84519 0.1844093 -0.5484324 -0.8053985 0.2248448 -0.3912055 -0.09320455 0.9155716 0.01905661 -0.9587639 -0.2835641 0.01073145 0.9770264 -0.2128481 -0.6239421 -0.5031681 0.5979284 -0.5629579 0.4381249 0.7008032 -0.6692833 0.5303979 0.520325 0.4964697 0.3415877 0.7980198 0.4708479 -0.2895294 0.8333516 0.4121395 -0.4276663 0.8045141 0.4125142 -0.8560978 0.3113335 0.01299029 0.967364 -0.2530576 -0.493873 0.2115612 0.8434047 -0.4631057 0.1486356 0.8737509 -0.5754122 -0.4006274 0.7130207 -0.5265405 -0.002964913 0.8501449 0.3915024 -0.003073871 0.920172 0.3913198 0.003515839 0.9202481 0.4273281 -2.91633e-4 0.9040967 0.4578402 -0.667145 0.5876223 0.3808901 0.0229851 0.9243347 0.3808907 -0.02298587 0.9243344 0.4754812 0.7905243 0.3859912 0.4093216 -0.2329559 0.8821494 -0.4600458 0.874691 0.152557 -0.5043613 -0.8449103 0.1781755 -0.06398493 -0.9979365 0.005378603 -0.4512848 -0.01748716 0.8922088 -0.4160624 0.03263974 0.9087501 -0.3924064 0.09151881 0.9152276 -0.4064574 -0.01282042 0.9135799 -0.2657159 -0.004043042 0.964043 -0.3593284 0.9284154 0.09448766 -0.3009164 0.9514192 0.0651986 -0.2422616 0.9689658 0.04913967 -0.3021075 -0.9509086 0.06711113 0.03296393 -0.9810789 -0.1907819 0.4065511 -0.08747738 0.9094306 0.3632593 -0.06730759 0.9292536 -0.4267699 0.03855443 0.9035381 0.003276526 0.9663727 -0.2571248 0.3379589 -0.01934587 0.940962 0.2553692 0.01770317 0.9666815 0.3408107 -0.1960301 0.9194673 0.3389878 0.1749004 0.9243902 0.3977166 0.2670354 0.877789 0.03409302 -0.9687386 -0.2457304 -0.008912861 -0.9401445 -0.3406596 -0.3580774 0.1629348 0.9193655 -0.2429218 -0.1107515 0.9637028 -0.3500559 -0.2388608 0.905763 0.4611107 -0.6757438 0.5751063 0.4921657 -0.6454646 0.5840792 0.2768075 0.02054399 0.9607058 0.2768071 -0.02054613 0.9607059 0.2498055 -0.01747137 0.9681384 0.2704623 -0.07407248 0.9598768 0.2704626 0.07407414 0.9598766 -0.2491382 0.03163921 0.967951 -0.3803607 0.03705239 0.9240957 0.4651241 0.6833536 0.5627499 0.4952427 0.6538594 0.5720164 0.2690705 -0.1470674 0.9518258 -0.4032456 0.9069982 0.1214396 -0.4622942 -0.8742874 0.1480057 -0.2430318 0.1087773 0.9639 -0.117079 -0.01840287 0.9929522 -0.581674 0.5654822 0.5847096 -0.4919281 -0.6226206 0.6085642 -0.5115451 -0.5405042 0.6679648 -0.359955 0.2304768 0.9040536 -0.422896 0.4545207 0.783945 -0.4354777 -0.4367422 0.7871567 -0.1856968 -2.39622e-6 0.9826072 0.4604523 0.6622786 0.5910759 0.3080808 -1.01516e-4 0.9513603 0.1984403 -0.01181167 0.9800418 0.1623423 0.02036315 0.9865244 0.1206562 -1.80387e-4 0.9926944 0.1622706 -0.02019512 0.9865397 0.4541403 0.5482168 0.7022927 0.2523471 0.148212 0.9562187 0.1422644 -0.06482976 0.9877034 0.1602773 0.06587827 0.9848712 -0.2197567 0.1824655 0.9583389 -0.1004109 -0.1264251 0.9868811 -0.2100638 -0.2507489 0.9449859 -0.09820866 0.04471194 0.994161 -0.1336553 1.93439e-6 0.9910279 -0.4778251 0.6431629 0.5983517 -0.4828416 0.7145544 0.5062371 -0.4864822 0.7607465 0.4296509 -0.4833673 -0.699635 0.5261815 0.4061086 0.4338898 0.8042484 -0.2444975 -0.9684489 0.04824727 0.151559 -0.1526864 0.9765843 0.1515587 0.1526872 0.9765842 0.01886248 -0.0332635 0.9992686 -0.09933751 0.1249763 0.9871743 0.07664132 4.09525e-6 0.9970588 0.05501776 0.03069597 0.9980135 0.03860563 0.05673134 0.9976429 0.0568242 -0.03054362 0.9979169 -0.02521121 -0.01100128 0.9996217 0.444153 -0.6885367 0.5732761 0.04422199 -0.03185015 0.9985139 0.3237456 -0.3538498 0.8774845 0.3672158 -0.3967864 0.8412569 0.1000577 -0.9757984 -0.1944379 0.03272187 0.1391392 0.9897321 0.01367056 -0.161142 0.9868366 -0.4787883 0.8099338 0.3387761 -0.4923099 -0.7677351 0.4101387 0.2344923 -0.3229925 0.9168912 0.2301217 0.3016973 0.925215 0.2931993 0.3692932 0.8818485 -0.4050496 -0.9066232 0.1181921 -0.05688655 0.2025476 0.9776188 -0.2134312 0.2246847 0.9507702 -0.09689652 -0.263277 0.9598419 -0.2392822 -0.3456955 0.907325 0.02290558 -0.9534411 -0.3007084 0.1773882 0.9793836 -0.09665066 0.2770993 0.9603194 0.03166508 0.1526663 0.2521505 0.9555695 0.1526664 -0.2521514 0.9555693 0.086501 0.9746973 -0.2061137 -0.3636083 0.4808224 0.7978715 -0.3054458 0.4682976 0.8290961 -0.3271132 -0.4844406 0.8113657 -0.4138374 -0.5655257 0.7133859 0.006258606 0.2555564 0.966774 0.02668279 -0.2553195 0.9664885 0.359703 0.917863 0.1677533 0.02187883 0.9567441 -0.2901073 -0.001850008 0.9525269 -0.3044491 0.3407527 -0.9142739 0.2190681 -0.472104 0.8398025 0.2680481 -0.4856221 -0.8023219 0.3470604 -0.09704428 -0.3713881 0.9233922 -0.02346062 -0.9248455 -0.379619 0.3877742 0.8730673 0.2956091 -0.00960952 0.9376299 -0.3475024 -0.2103415 -0.4868086 0.8478053 0.03844201 -0.3901168 0.9199626 0.08815991 0.3338661 0.9384889 -0.07894617 0.5115361 0.8556275 -0.2223379 0.5084863 0.8318699 -0.1586273 0.9870441 0.02411085 -0.1523355 -0.987975 0.02644908 0.3716914 -0.8243487 0.4269598 0.3957471 -0.8095586 0.4335885 0.3939498 -0.8106673 0.4331539 0.4467673 -0.7230612 0.5268601 -0.2883809 -0.5962492 0.7492152 -0.3540273 -0.9302556 0.09638136 -0.4563292 -0.8487771 0.2670974 0.02107232 -0.9579656 -0.2861082 0.1158736 0.4389209 0.891023 -0.01448243 -0.5374509 0.8431707 0.08596426 -0.5641375 0.8211937 0.1983033 0.4797186 0.8547197 0.3057408 0.5357322 0.7870919 0.1535113 -0.5969108 0.7874845 0.2055815 -0.6343693 0.7451925 0.3630017 0.6354322 0.6815099 0.243206 -0.6757225 0.6958808 -0.1021825 -0.4907947 0.8652626 0.2679767 -0.7194467 0.6407691 0.3269231 0.8891387 0.3202403 0.4808365 0.7225084 0.4967675 0.4227211 0.7757058 0.4686016 0.3232634 0.8482972 0.4193956 -0.007553756 0.9378397 -0.3469866 -0.3131148 -0.6980116 0.6440023 0.2820743 -0.7633771 0.5811105 0.3807355 0.7344543 0.5617983 0.02085071 -0.9398611 -0.3409199 -0.02888429 -0.9015736 -0.4316604 0.2888969 -0.8045365 0.5189024 0.2935785 -0.8408527 0.454729 -0.3900842 0.6770792 0.6240177 -0.1269262 0.5821249 0.8031316 -0.2756793 0.6960427 0.6629673 -0.182604 -0.6179943 0.7646823 -0.3991607 0.8988987 0.1806988 -0.3991622 -0.8988979 0.1806996 0.07637608 0.5755958 0.8141599 0.2000993 0.6367705 0.7446365 -0.02682363 0.6678881 0.7437782 -0.07737654 0.9969612 0.009011447 0.2040214 -0.9774435 -0.05458557 0.1036341 -0.9791914 -0.1744828 0.02129822 -0.9536521 -0.300157 0.26491 0.7205127 0.6408465 -0.03739029 -0.9161952 -0.3989844 -0.3563504 0.7633617 0.5387889 -0.376181 0.8138751 0.4428262 -0.3909683 -0.8095517 0.4379153 0.09801924 0.9743891 -0.2023815 0.1892381 0.9791548 -0.07379001 0.02349162 0.9512576 -0.3075014 -0.186145 -0.7270622 0.660856 -0.1098053 -0.755799 0.6455313 -0.01313114 0.9186108 -0.3949455 0.2721937 0.9598746 0.06746464 0.262027 -0.9569328 0.1249865 -0.02040183 0.9225153 -0.385421 -0.1133138 0.754683 0.6462303 -0.06244426 -0.8801891 -0.4704977 0.2888874 0.8040015 0.5197362 0.3214331 0.9245497 0.2046673 -0.03021407 0.8985283 -0.4378747 0.3296604 -0.8850838 0.3285586 0.09663802 0.7268759 0.6799357 -0.02609181 -0.7754981 0.6308105 -0.3643116 0.8813797 0.3007441 0.2853507 0.8440177 0.4541025 0.2725245 -0.8896588 0.3663846 -0.3239396 0.9383274 0.12085 -0.3159724 -0.9423401 0.1102571 0.2884369 0.8763104 0.3858555 0.008410036 -0.9246246 -0.380787 -0.2283794 0.8179478 0.5280193 -0.3088877 -0.8292647 0.4657346 0.01003193 -0.8063002 0.5914215 -0.0176633 0.8996086 -0.4363399 0.007642328 -0.9011434 -0.4334539 -0.04635113 -0.8543404 -0.5176428 -0.3726873 -0.8815979 0.2896367 0.06668764 -0.8273422 0.5577256 0.1662403 0.795168 0.5831571 0.003583967 0.7854702 0.6188891 -0.2557595 0.8450624 0.4695281 0.07965475 -0.8610045 0.5023211 -0.2325307 -0.846441 0.4790275 0.1944916 0.8632808 0.4657461 0.1121029 -0.8828237 0.4561307 -0.05366718 -0.9141951 -0.4017054 0.01407009 -0.9586528 -0.2842304 -0.0927965 -0.8661603 -0.4910755 0.0927639 -0.9853423 -0.1431621 0.1865216 -0.9820205 -0.02907693 0.1077817 -0.9145739 0.3897919 0.01989299 0.951404 -0.3073022 -0.03634124 0.9136111 -0.4049619 -0.02305996 0.8754504 -0.4827575 -0.07842159 -0.9968855 0.008332073 0.09944289 0.9780713 -0.1829964 -0.133839 0.8834501 0.4490023 -0.1584417 -0.8797824 0.4481955 -0.05924487 0.8776721 -0.4755857 0.1629045 -0.9866237 0.00599426 0.1803149 0.9827793 -0.04039186 0.05140525 0.8428096 0.5357516 -0.09702116 -0.8262227 -0.5549262 0.1249837 -0.9331057 0.3371837 0.1963343 0.9222563 0.333011 0.2408996 -0.9382227 0.2484064 0.3116102 -0.9166743 0.2502149 0.3116064 -0.9166766 0.2502113 -0.04844677 0.8508362 -0.5231929 0.2416673 0.9640786 0.1102252 -0.3454569 0.9197165 0.1864969 -0.34727 -0.9177237 0.1928394 0.3094365 0.9152185 0.2581163 0.2509735 0.9348959 0.250962 0.1112416 -0.9529199 0.28208 -0.003840804 -0.8814008 -0.4723538 -0.02673935 0.8517279 -0.5233017 -0.2551265 -0.9155257 0.3110036 -0.00486207 -0.8529905 -0.5219038 -0.06115829 -0.7992889 -0.5978268 0.08580279 0.8995087 0.4283949 -0.1481044 0.9885042 0.03040641 -0.287012 0.9508328 0.1163668 -0.2015425 0.9772861 0.06551694 -0.2057217 -0.9761005 0.07004535 -0.08910542 -0.9190453 0.383948 -0.2722775 0.9413899 0.1991234 -0.2513247 0.9197165 0.3015919 -0.2850651 -0.938267 0.1959412 -0.1224961 -0.8595834 -0.4960958 -0.1419857 -0.8055266 -0.5752974 -0.07131427 -0.9182004 -0.3896437 0.09140199 0.9567393 0.2762169 -0.03147262 0.8234066 -0.5665785 -0.05438882 0.9113857 -0.4079439 -0.0913248 0.8633689 -0.4962399 -0.09379261 0.823618 -0.5593358 -0.001255869 -0.9666314 -0.2561685 0.01075178 0.9564047 -0.2918467 -0.1265991 -0.7645385 -0.6320234 -0.2651072 -0.9560726 0.1250733 0.08275711 -0.9919077 -0.09628355 -0.06412392 0.7953633 -0.6027315 0.0864188 0.9845302 -0.1524209 0.1553281 -0.9811418 0.1150392 0.214881 -0.9504553 0.2246355 0.14605 0.9892428 -0.008250594 -0.05714958 -0.9548371 0.2915821 -0.064049 0.9300709 0.361754 -0.01510828 -0.8287547 -0.559408 0.08974218 0.9958274 0.01656079 0.1677174 0.9766104 0.1345473 0.2268562 0.9443591 0.238164 -0.03442126 0.7940569 -0.6068682 0.08623486 0.9875487 0.131572 0.08312439 -0.985212 0.149826 -0.01620769 -0.7959403 -0.6051583 -0.07320743 -0.7373062 -0.6715805 -0.2516925 0.9592031 0.1287651 -0.09171289 0.9957256 0.0109269 -0.1428359 -0.9892595 0.03104263 -0.1737602 0.9454114 0.2756898 -0.1737604 -0.9454115 0.2756891 -0.04134535 -0.9841907 0.1722187 -0.03601235 0.9623988 0.2692429 -0.2165175 0.9597958 0.1786402 -0.2165182 -0.9597956 0.1786404 -0.1840859 -0.7367537 -0.65062 -0.1834229 -0.7928091 -0.5812141 -0.03871238 0.7621609 -0.6462292 -0.1234627 0.7619054 -0.6358122 -0.140173 0.8026928 -0.5796859 -0.1225514 0.856492 -0.5014007 -0.1508535 -0.6967588 -0.7012635 -0.1496422 -0.8603935 -0.4871656 -0.07657855 0.7333827 -0.6754892 -0.07367342 0.9151985 -0.3962122 -0.09115231 -0.9265217 -0.3650327 -0.0064556 0.9643968 -0.2643809 -0.02079468 -0.9748978 -0.2216795 -0.02492254 -0.7673643 -0.6407269 0.0345571 -0.99932 -0.01286095 0.08608978 -0.9962481 0.008850336 -0.04026514 0.7285017 -0.6838597 0.06479692 0.9916691 -0.111328 -0.05670762 0.9864646 0.1538569 -0.08867931 0.9959903 0.01180678 0.03909897 0.9957441 0.08345687 -0.02578729 -0.7308773 -0.6820216 -0.08260315 -0.6692907 -0.7383947 -0.213815 -0.97211 0.0963605 -0.1241962 0.9670598 0.2221953 -0.1241959 -0.9670598 0.2221956 -0.2186552 -0.6623271 -0.716598 -0.2136781 0.9720923 0.09684044 -0.1479284 0.6941412 -0.7044752 -0.1820477 0.7339961 -0.6543 -0.2353654 -0.7171927 -0.6559253 -0.1696746 -0.6245707 -0.7623135 -0.02403515 0.9997058 0.003275513 0.03154885 0.9995023 1.32062e-6 -0.04146766 0.6965069 -0.7163509 -0.1808319 -0.9741974 0.1350535 -0.1808316 0.9741973 0.135054 -0.04169929 0.9991299 8.88188e-4 -0.08821094 -0.996039 0.01119172 -0.02727663 -0.9996249 0.002494633 -0.1828932 0.7896711 -0.5856361 -0.08659571 0.6647068 -0.7420688 -0.09411954 -0.9091968 0.4055894 -0.03786444 -0.978685 0.201847 0.07745522 -0.9899126 0.1186327 -0.06868916 -0.9948896 -0.074005 -0.07288986 -0.9973382 -0.001907646 0.08232504 0.9963737 0.02149444 0.05778568 0.9980941 0.02166074 -0.2187839 -0.788837 -0.5743429 -0.1510673 0.857011 -0.492657 -0.03387707 -0.6974581 -0.7158245 -0.1738429 -0.8675531 -0.4659724 -0.0444312 0.6599795 -0.7499687 -0.09508013 0.9233458 -0.3720114 -0.04965883 -0.9981585 -0.03483861 0.03610992 -0.9992797 -0.01167535 -0.09795582 -0.9412568 -0.3231725 -0.03704929 -0.6556087 -0.7541913 -0.08854848 -0.5968546 -0.7974484 -0.003059625 -0.994357 -0.1060423 0.06785607 -0.9976908 0.002959251 -0.03140425 0.9724296 -0.2310723 0.03170442 -0.9994973 2.98915e-5 -0.1068787 -0.9840655 0.1420984 -0.1068783 0.9840656 0.1420981 0.01590979 0.9997844 -0.013345 -0.1732521 0.9838102 0.04584062 -0.1404355 0.9898797 0.02039802 -0.1777834 -0.9830778 0.04417407 -0.2455828 -0.5847311 -0.7731615 -0.04720211 0.6248641 -0.7793053 -0.1670939 0.6219817 -0.7649958 -0.2165266 0.6597196 -0.7196432 -0.1832715 -0.5496199 -0.8150643 -0.09430032 0.5919274 -0.8004558 -0.2778592 -0.6360351 -0.7198984 -0.2343718 0.7141858 -0.6595517 -0.2774942 -0.7075374 -0.6499138 -0.04200112 -0.6171973 -0.7856866 -0.1726019 0.9826259 0.06822818 -0.1726021 -0.9826258 0.0682286 -0.04681062 0.5806924 -0.8127762 -0.2193839 0.7853841 -0.5788286 -0.02987551 0.9950965 -0.09428966 -0.1103848 0.9829245 -0.1472237 -0.1860662 0.9804021 0.06474041 -0.1860665 -0.9804019 0.06474041 -0.2469635 -0.7934474 -0.5562825 -0.04401612 -0.5729602 -0.8184004 -0.09301501 -0.5192452 -0.8495486 -0.1136385 -0.9806697 -0.1592895 -0.1765344 0.8639024 -0.4717079 0.02160561 0.9997652 -0.001716017 -0.04424595 -0.999018 0.002339184 0.02541583 -0.9996768 -7.07814e-4 -0.1220221 0.9919082 0.03505533 -0.1220216 -0.9919081 0.03505635 -0.1934676 -0.879796 -0.4341996 -0.2651174 -0.506401 -0.8205309 -0.111661 0.9358279 -0.3343023 -0.1598302 -0.9554379 -0.2481791 -0.09431898 -0.970901 -0.2201256 -0.1811627 0.5470374 -0.8172701 -0.2435132 0.5823148 -0.7756357 -0.1923734 -0.4729414 -0.8598366 -0.0992127 0.5148115 -0.8515433 -0.0490964 0.5431797 -0.8381798 -0.010468 0.9959656 -0.08912396 -0.03337937 0.9812254 -0.189954 -0.09386992 0.9742981 -0.2047718 -0.3108857 -0.5525637 -0.7733197 -0.2765433 0.6332828 -0.7228256 -0.04828572 -0.5306974 -0.8461848 -0.04709124 0.4923408 -0.8691277 -0.1069437 0.9942623 0.002365708 -0.1401184 -0.9899697 0.01807862 -0.3253269 -0.6204259 -0.7136065 -0.2774236 0.7042423 -0.6535128 -0.05253267 -0.4822633 -0.8744499 -0.09578442 -0.4387307 -0.8934992 -0.196334 0.9802966 -0.02171999 -0.1963334 -0.9802966 -0.02171981 -0.1488822 0.9742204 -0.1694958 -0.221306 0.9572145 -0.1864513 -0.1844998 0.9783362 -0.09390485 -0.1852126 -0.9781977 -0.09394454 -0.2124759 -0.9578385 -0.1933889 -0.3090833 -0.7084543 -0.6344761 -0.2781549 -0.4289108 -0.8594565 -0.1979139 -0.3950308 -0.8970957 -0.1907712 0.4703847 -0.8615943 -0.2632794 0.5041481 -0.8225077 -0.1022543 0.4341684 -0.8950095 -0.04952508 0.4557917 -0.8887077 -0.248574 0.789695 -0.5608857 -0.3348103 -0.4699863 -0.8167098 -0.3094066 0.5501341 -0.7756417 -0.1739211 -0.9845171 0.02185368 -0.173921 0.9845171 0.0218538 -0.05392062 -0.4338286 -0.8993806 -0.2667021 -0.8048527 -0.5301719 -0.1916092 -0.9814099 0.01098579 -0.1916089 0.9814099 0.01098525 -0.04535865 0.3982844 -0.9161398 -0.1974093 0.8748586 -0.4423258 -0.1839582 -0.9253687 -0.3314397 -0.1452893 -0.9570936 -0.2507249 -0.1634591 -0.9555662 -0.2453047 -0.1872582 -0.952119 -0.2416687 -0.3623982 -0.5312831 -0.7657713 -0.1086926 0.9711354 -0.2123252 -0.1464844 0.9608377 -0.2352305 -0.3247529 0.6174404 -0.7164518 -0.05797541 -0.3812333 -0.9226593 -0.09741443 -0.3544251 -0.9299965 -0.2007935 -0.3163735 -0.9271407 -0.2859618 -0.3528611 -0.8909069 -0.04862815 0.3635344 -0.9303108 -0.1028934 0.3515326 -0.9305041 -0.1967926 0.392544 -0.8984332 -0.2766631 0.426783 -0.8609958 -0.05695122 -0.3296028 -0.9424004 -0.05670827 0.3080514 -0.9496781 -0.3506896 -0.3904952 -0.8511935 -0.2423571 0.9159026 -0.3199772 -0.2162041 0.9189272 -0.3298917 -0.1723167 0.9184244 -0.356095 -0.1302683 0.9505155 -0.282047 -0.2577105 -0.9216902 -0.2899528 -0.2099478 -0.9224021 -0.3241856 -0.2552418 -0.9164232 -0.3082537 -0.3333597 0.4678633 -0.8185202 -0.3596734 -0.6168311 -0.7001104 -0.06194156 0.9980798 2.89877e-4 -0.1026477 -0.9947171 0.001258552 -0.3098251 0.7048598 -0.6381074 -0.2350907 -0.965035 -0.1159312 -0.2368299 0.9646876 -0.1152806 0.02440303 -0.9997022 3.10929e-6 -0.1038621 -0.2640299 -0.9589061 -0.201934 -0.2374516 -0.9501787 -0.1025648 0.2647902 -0.9588361 -0.2000958 0.3139975 -0.9280988 -0.05260735 -0.2687382 -0.9617756 -0.2898213 -0.2786225 -0.9156273 -0.2848744 0.3508334 -0.8920553 -0.05887925 0.2584971 -0.9642161 -0.3892119 -0.4439442 -0.8071108 -0.3218675 -0.7226445 -0.6117078 -0.3614872 0.5287085 -0.7679807 -0.04438143 -0.2303594 -0.9720931 -0.1062043 -0.1793144 -0.9780424 -0.05642402 0.2079919 -0.9765018 -0.2620764 0.805077 -0.5321344 -0.3600383 -0.3149527 -0.8781669 -0.3494306 0.3886226 -0.8525672 -0.2023141 -0.1585998 -0.9663928 -0.1030198 0.1772166 -0.9787651 -0.2015835 0.235229 -0.9508057 -0.2522628 -0.8773302 -0.4082342 -0.217317 -0.8869701 -0.4075013 -0.1448058 0.9894294 -0.007794499 -0.1495317 -0.9887569 -2.69776e-4 -0.2245808 0.9726347 -0.05954295 -0.2245761 -0.9726535 -0.05925256 -0.05496549 -0.1629283 -0.9851057 -0.05777698 0.1573289 -0.9858547 -0.291031 -0.2064695 -0.9341689 -0.2343984 0.8677768 -0.4382022 -0.289144 0.2766983 -0.9164245 -0.1004237 -0.0978825 -0.9901183 -0.05016452 -0.1164211 -0.9919323 -0.05556762 0.1049517 -0.9929237 -0.1914631 0.9813206 -0.01876163 -0.191463 -0.9813206 -0.01876151 -0.3988853 -0.5226905 -0.7534488 -0.3597623 0.6135559 -0.702937 -0.2101038 -0.09470534 -0.9730814 -0.0999667 0.09926569 -0.9900268 -0.2022076 0.1565745 -0.9667454 -0.05753123 -0.05628526 -0.9967558 -0.06077951 0.05725044 -0.9965081 -0.06605917 -0.005435585 -0.997801 -0.06799608 -0.002171874 -0.9976833 -0.406929 -0.3612781 -0.8389797 -0.388163 0.4418036 -0.8087887 -0.3644044 -0.2437669 -0.8987698 -0.3590774 0.3132693 -0.879162 -0.2915241 -0.1369122 -0.9467147 -0.2907282 0.204644 -0.9346647 -0.1529129 -0.01941269 -0.9880491 -0.2053482 6.19689e-4 -0.9786888 -0.1957206 0.09524607 -0.9760234 -0.269388 0.921558 -0.2795732 -0.2822031 0.9130983 -0.2943011 -0.2578368 0.9186639 -0.299294 -0.2741636 -0.9353272 -0.2236011 -0.294171 0.9297525 -0.2214134 -0.2572676 0.9453939 -0.2001097 -0.3729475 -0.6298621 -0.6813105 -0.2912241 -0.0743665 -0.95376 -0.2909268 0.1346994 -0.9472157 -0.06601756 -0.997812 -0.003623425 0.02100348 -0.9997794 6.42443e-5 -0.326649 0.7174473 -0.6152804 -0.3653555 -0.177102 -0.9138656 -0.363797 0.2422228 -0.8994331 -0.2951391 0.07148081 -0.9527767 -0.2539039 0.01663637 -0.9670864 -0.4172109 -0.2845869 -0.8631021 -0.4272881 -0.4303132 -0.7951449 -0.4059386 0.3595136 -0.8402166 -0.3985052 0.5198699 -0.7555984 -0.3329139 -0.7613878 -0.5562884 -0.3215672 -0.7634777 -0.560086 -0.2995618 -0.8168417 -0.492983 -0.3595122 0.823576 -0.4387183 -0.2653475 0.8617251 -0.4324588 -0.3073773 0.8339599 -0.4582904 -0.3622518 -0.10415 -0.9262433 -0.3603053 0.1734195 -0.9165728 -0.2563846 0.9597969 -0.1142671 -0.2549977 -0.9617606 -0.0999642 -0.3210844 -2.37129e-4 -0.9470506 -0.3003631 -0.8859927 -0.3532693 -0.3604813 0.1062079 -0.9267001 -0.4217748 -0.2145131 -0.8809599 -0.416417 0.2831196 -0.8639678 -0.4157629 -0.5310237 -0.7383463 -0.3211909 -2.49758e-4 -0.9470145 -0.3763977 0.6250283 -0.68386 -0.4460324 -0.3432522 -0.8265792 -0.4266332 0.4280286 -0.7967281 -0.4145126 0.8285967 -0.3763072 -0.1713106 0.9848464 -0.02702802 -0.1766873 -0.9838419 -0.02892607 -0.2272456 0.9714977 -0.06746649 -0.2268256 -0.971552 -0.06809449 -0.2739593 0.9282956 -0.2514232 -0.3070299 -0.9062249 -0.2906705 -0.2575293 -0.9253159 -0.2783328 -0.4223484 -0.1513531 -0.8937081 -0.4219597 0.2001336 -0.8842493 0.06868636 -0.9976381 6.81051e-4 0.06868755 -0.997635 0.002534627 0.0194351 0.9998104 0.001249015 -0.361986 -0.740743 -0.5659206 -0.4233596 -0.09045588 -0.9014347 -0.3519156 0.7141359 -0.605116 -0.3272857 0.7775757 -0.5368987 -0.3597635 -0.8213775 -0.4426164 -0.4567818 -0.2635005 -0.8496575 -0.4453231 0.3414554 -0.827705 -0.284731 -0.9320099 -0.2242451 -0.3418527 0.881858 -0.324751 -0.4480002 -0.4276503 -0.7851185 -0.3692454 -0.002330183 -0.929329 -0.4205378 0.09923875 -0.9018312 -0.4142991 0.004391014 -0.9101302 -0.4183279 0.5243263 -0.7416763 -0.3371629 -0.8832712 -0.3258116 -0.3929211 -0.8127306 -0.4302118 -0.4613237 -0.1922289 -0.8661573 -0.4561839 0.2621046 -0.8504102 -0.2942614 0.9301761 -0.2195051 -0.2921267 0.9406288 -0.1728565 -0.3042196 0.9304889 -0.2040609 -0.2875497 -0.9307965 -0.2256839 -0.2998038 -0.9314481 -0.2062091 -0.14884 0.9886378 -0.02102589 -0.1071559 0.9941219 -0.01547747 -0.1438786 -0.9893348 -0.02270978 -0.4242815 -0.5792369 -0.6960386 -0.4161737 -0.5855679 -0.6956362 -0.4145232 -0.5849942 -0.6971029 -0.3942771 -0.6668028 -0.6323919 -0.4645043 -0.3399489 -0.8177228 -0.4614775 -0.1301586 -0.877552 -0.4631591 0.1292333 -0.8768024 -0.4620984 0.1900401 -0.8662274 0.02957212 0.9995627 8.43609e-7 -0.02570521 0.9996681 0.001723647 -0.4477456 0.4283217 -0.7848978 -0.3812001 0.6958721 -0.6086448 -0.402401 0.6784158 -0.6146752 -0.3727815 0.7029044 -0.6057718 -0.03068995 -0.9995288 -6.42791e-4 0.02809071 -0.9996048 -0.001113831 -0.2790253 0.9491154 -0.1460309 -0.279127 -0.949249 -0.1449637 -0.2149669 0.9744887 -0.06450647 -0.214057 -0.9748008 -0.06279301 -0.4596871 -0.07352274 -0.8850323 -0.3899472 -0.7698476 -0.5052486 -0.4242333 -0.7423359 -0.518617 -0.3932408 0.7675836 -0.5061395 -0.3949471 0.8124669 -0.4288526 -0.4610813 0.06971299 -0.8846153 -0.4387031 0.009826004 -0.8985784 -0.4770597 -0.2510989 -0.8422372 -0.4656777 0.3328676 -0.8199656 -0.4038954 -0.7131421 -0.5729719 -0.4134916 0.7059679 -0.5750079 -0.2879102 -0.9450463 -0.1549041 -0.444483 -0.4915862 -0.7488511 -0.4231088 -0.5789498 -0.6969909 -0.4270161 0.5323085 -0.7309617 -0.4369783 0.5234991 -0.731436 -0.446323 0.5156697 -0.7313554 -0.4170401 0.6117778 -0.6721649 -0.3407175 -0.8946036 -0.2891299 -0.4103986 -0.7825064 -0.4682486 -0.343955 0.8927723 -0.2909516 -0.4823897 -0.1794874 -0.8573707 -0.4755387 0.2533391 -0.8424264 -0.06734812 0.9975876 -0.01682943 -0.106328 -0.9942629 -0.01165485 -0.4247929 -0.6426137 -0.6376509 -0.4453467 -0.6690266 -0.5950376 -0.4256659 0.7384998 -0.5229023 -0.4832291 -0.1122389 -0.8682698 -0.4810721 0.1846328 -0.8570184 -0.4711862 6.16222e-4 -0.8820337 -0.4342297 0.6357705 -0.638154 -0.4440461 -0.5681533 -0.6928383 -0.4707974 -0.3954683 -0.7886411 -0.4633179 -0.4023244 -0.7896021 -0.4575524 0.4251669 -0.7809475 -0.4492869 0.5167186 -0.7287957 -0.478203 -0.06092739 -0.8761335 -0.4789415 0.1165257 -0.8700787 -0.4789391 0.05078172 -0.8763782 -0.4776031 0.0510472 -0.8770915 -0.4793334 0.1772879 -0.8595397 -0.2135437 0.9710913 -0.1066818 -0.2143334 -0.971263 -0.1034862 -0.4727988 -0.001084804 -0.8811699 -0.4368814 -0.6679035 -0.6025278 -0.4100467 0.7830795 -0.4675986 -0.2718801 0.9519625 -0.140885 -0.2786956 0.9500938 -0.1401807 -0.2786949 0.9500937 -0.1401832 -0.2782041 -0.9501825 -0.1405556 -0.2741293 -0.951168 -0.1418896 -0.2655574 -0.9536725 -0.1413791 -0.44731 -0.6068833 -0.6569675 -0.4378358 0.6756464 -0.5931288 -0.4521027 0.561699 -0.6928907 -0.4782812 -0.3841854 -0.7897143 -0.4721149 -0.3960052 -0.7875833 -0.4766299 0.3327696 -0.8136882 -0.4648807 0.3470529 -0.8145184 -0.4576045 -0.4880905 -0.7432132 -0.4631522 0.4827772 -0.743247 0.0183714 0.998335 -0.0546782 -0.02867597 0.9973888 -0.06628304 -0.03009808 -0.9975298 -0.06347084 -0.06365048 -0.9979015 -0.01188874 -0.4820587 -0.2302766 -0.8453355 -0.4793425 -0.2329198 -0.8461555 -0.4796808 -0.3195022 -0.8172054 -0.4836766 0.1803493 -0.8564643 -0.4785038 0.336039 -0.811241 -0.4809436 0.2552166 -0.8387835 -0.4828808 0.1808881 -0.8567996 -0.4439062 0.6623012 -0.6035764 -0.4628396 0.6207614 -0.6327993 -0.4514262 -0.5367193 -0.7128443 -0.4526328 0.6020022 -0.6578124 -0.4832617 -0.1641553 -0.8599483 -0.4837411 -0.230917 -0.844199 -0.2629813 -0.956077 -0.1294521 -0.4687001 -0.3951731 -0.790037 0.02245891 -0.9983181 -0.05344849 0.06616872 -0.9972918 -0.03210729 0.07716917 0.9970158 0.002120673 0.06869322 0.9976378 -3.00109e-7 0.06712424 0.9972574 -0.03118044 -0.4740362 -0.09646022 -0.8752059 -0.4775592 -0.09412205 -0.8735436 -0.4806647 -0.09648007 -0.8715808 -0.2569678 0.9580231 -0.1271193 -0.3028459 0.9078887 -0.2898664 -0.1946496 -0.9695919 -0.1483349 -0.1672545 -0.981868 -0.08922648 -0.2153689 -0.9714602 -0.09940516 -0.1512708 0.9841315 -0.09274834 -0.1728667 0.9805137 -0.09332829 -0.2020488 0.9734449 -0.1076167 -0.2145437 0.9709542 -0.105919 -0.4746481 0.3789402 -0.7944266 -0.4709812 -0.007433056 -0.882112 -0.4791702 -0.01509106 -0.8775923 -0.4769907 -0.05688744 -0.8770654 -0.4738609 0.02752268 -0.8801695 -0.4792816 0.05103725 -0.8761761 -0.2222557 -0.9680494 -0.1161157 -0.2427128 -0.9622784 -0.1229266 -0.2343335 0.9649907 -0.1178169 -0.2569156 0.9580402 -0.1270964 -0.4534945 -0.4618844 -0.7622372 -0.4652644 -0.6002635 -0.6505481 -0.4568013 -0.5494831 -0.6995719 -0.4564408 0.5313024 -0.7137084 -0.4612246 0.2962835 -0.836354 -0.4564407 -0.3018292 -0.8369953 -0.3027239 -0.9084364 -0.2882736 -0.3680968 -0.7831022 -0.5012543 -0.4569439 -0.2138683 -0.8634019 -0.4541712 -0.3831354 -0.8043233 -0.4599878 0.2048528 -0.8639714 -0.4578722 0.456109 -0.7630974 -0.4494677 -0.4824883 -0.7517871 -0.4595653 0.545957 -0.7005218 -0.4548975 0.09919321 -0.8850023 -0.4546244 -0.1014547 -0.8848862 -0.1277734 0.9879079 -0.08781784 -0.07680362 0.9947768 -0.06723445 -0.1006993 0.9918544 -0.07800382 -0.1271641 0.9879037 -0.08874464 -0.08361452 0.9929101 -0.08448803 -0.1256694 -0.9882035 -0.08752787 -0.09572649 -0.9926341 -0.07425647 -0.1687104 -0.9822865 -0.08154815 -0.1514203 -0.9844886 -0.08862417 -0.08032971 -0.9939443 -0.07497924 -0.4488264 -0.02393519 -0.8932984 -0.4482879 0.02212482 -0.8936155 -0.4599424 0.3750994 -0.8048315 -0.4586915 -0.006016731 -0.8885753 -0.1910607 -0.9801012 -0.05382865 -0.2414652 0.9254458 -0.291967 -0.398218 -0.6381455 -0.6589332 -0.4404011 -0.4141758 -0.7965584 -0.366705 0.7837957 -0.5011905 -0.452175 0.4782479 -0.7528724 -0.4393203 -0.4871825 -0.7547523 -0.4457985 -0.5636683 -0.6953717 -0.448808 0.5634896 -0.6935783 -0.2421608 -0.9256961 -0.2905938 -0.302667 -0.7899311 -0.5332933 -0.4341625 -0.3454339 -0.8319727 -0.4428297 0.4093055 -0.7977285 -0.1834021 0.9385331 -0.292437 -0.1841754 -0.9386553 -0.2915577 -0.4239178 -0.4203757 -0.8022332 -0.4383047 0.4838807 -0.757462 -0.3993819 -0.5203114 -0.7548313 -0.3967358 0.6380441 -0.6599246 -0.1295837 0.9468986 -0.2942636 -0.04598808 0.997056 -0.061356 -0.02458727 0.9983933 -0.05105417 -0.07752352 -0.9929009 -0.09021198 -0.04315108 -0.9973801 -0.05806118 -0.02340108 -0.9985219 -0.04905587 -0.4264279 -0.2678691 -0.8639476 -0.1289672 -0.9473681 -0.2930209 -0.4332851 0.3380509 -0.8354555 -0.07378065 0.9548767 -0.2876927 -0.07538872 -0.9547353 -0.2877449 -0.3289412 -0.6238722 -0.7089297 -0.2987859 0.7900838 -0.5352519 0.007983386 -0.9943838 -0.1055327 -0.4066969 -0.3574135 -0.8407457 0.004421234 0.9951859 -0.09790629 0.05193758 0.966005 -0.2532526 0.03340721 -0.966957 -0.2527415 0.1279526 -0.9911366 -0.03572547 0.1017159 0.9846869 -0.141583 0.07903522 0.9890696 -0.1244789 0.1355064 0.9884545 -0.06779271 0.1552345 0.9398522 -0.3042701 -0.08338254 0.9907802 -0.1067801 0.1981093 -0.9454343 -0.2586637 -0.08310806 -0.9907979 -0.1068304 0.2429717 -0.9700081 -0.00702089 0.2962129 0.9405935 -0.1659578 0.2798135 0.9494132 -0.1425449 0.3834705 0.9205969 -0.07383674 0.3894883 0.8863605 -0.250328 0.3097211 -0.9228304 -0.2290349 0.388349 0.9136105 0.1204199 0.4022184 0.8089393 0.4287627 0.4022099 0.8089414 0.4287668 0.3873336 -0.8879862 -0.2478979 0.3368841 -0.9309743 -0.1406988 0.4604317 -0.7782054 0.427082 0.4487618 -0.8009569 0.3963345 0.4022647 -0.8090811 0.4284517 0.4892214 -0.8717609 -0.02637153 0.5712117 0.8093284 -0.136765 0.4983069 0.8647604 -0.06228893 0.5737696 -0.8066936 -0.1415415 0.6383569 -0.7575462 -0.1364715 0.6271541 0.7653095 -0.1448428 0.6881499 -0.7018557 -0.1839793 0.7028272 0.6872134 -0.1837704 0.7656071 -0.6265583 -0.1458441 0.7578324 0.6376216 -0.1383069 0.8098303 -0.5696247 -0.140367 0.8071069 0.5720411 -0.1461077 0.8892388 0.4477734 0.09356051 0.8575295 0.4768752 -0.1929589 0.9073016 -0.4171874 0.05252176 0.865345 -0.4960616 -0.07142168 0.837296 0.4657132 0.2864384 0.8848374 0.3898286 -0.2551404 0.9109514 0.3835837 -0.1517599 0.9501408 0.3093264 -0.03936469 0.9389066 -0.2996482 -0.1693087 0.9127721 -0.3876958 -0.1286046 0.8849111 -0.3897226 -0.2550465 0.9804172 -0.1933538 -0.03736984 0.9159418 0.3152616 0.2483159 0.9390799 -0.2351853 0.2506329 0.9405589 -0.2183346 -0.2601519 0.977154 -0.19791 -0.07747191 0.943064 0.2002744 -0.2655567 0.9744282 0.1549332 -0.1627435 0.9817178 0.1264929 -0.1422314 0.9886615 -0.1027941 -0.1094625 0.9983871 0.05515313 -0.01346915 0.9971958 -0.01633876 -0.07303255 -0.4251126 0.4217972 -0.8008536 0.1038727 0.9424087 -0.3179253 0.1101532 -0.9686349 -0.2227398 0.04393535 -0.9905214 -0.1301434 -0.4159305 -0.1934919 -0.8885735 -0.3861063 -0.4313533 -0.8153871 -0.4223653 0.2659026 -0.8665468 -0.3976752 0.5193951 -0.7563617 0.45794 0.8288578 -0.3213811 0.4579821 -0.828822 -0.3214133 0.4140676 -0.8879866 -0.2000702 0.2761058 0.8803924 -0.3855838 0.308689 0.9391995 -0.150385 0.2761343 -0.8803692 -0.3856164 0.2743405 -0.9436105 -0.1853018 0.9902236 -0.008170783 -0.1392502 0.9461506 -0.02363896 -0.3228627 0.8280552 -0.4598378 -0.3207393 0.8279809 0.4599189 -0.3208151 0.8811857 -0.2802464 -0.3807542 0.8810901 0.2803483 -0.3809005 0.9205888 0.2735795 -0.2786944 0.9683384 -0.09230858 -0.2319483 0.9893015 -0.02379804 -0.1439316 -0.2298391 -0.802938 -0.5499679 -0.230185 0.8009704 -0.5526855 0.1690679 0.8542978 -0.4915195 0.156125 -0.8547817 -0.4949479 0.1168726 -0.9254181 -0.3604747 0.5223487 0.7684171 -0.369712 0.5223936 -0.7683724 -0.3697416 -0.4148902 0.1866199 -0.8905274 0.7672615 -0.5250796 -0.3682411 0.7671921 0.5251461 -0.3682904 -0.3832891 -0.2842312 -0.8788073 -0.4065491 0.3503545 -0.8437829 0.8599187 0.1641594 -0.483313 0.9266285 0.1062009 -0.3606675 -0.006575047 0.9799554 -0.1991091 -0.008019745 -0.9777674 -0.2095391 0.58359 0.7081192 -0.3974796 0.583633 -0.7080717 -0.3975009 0.3409398 0.8102619 -0.4766926 0.3409665 -0.810231 -0.476726 0.7063369 -0.5863448 -0.3965955 0.7062802 0.5864021 -0.3966119 -0.1612712 -0.8116441 -0.5614495 -0.161504 0.8096386 -0.5642711 -0.3281798 -0.4870104 -0.8093943 -0.02089172 0.9452833 -0.3255812 -0.3220885 0.6239386 -0.712011 -0.3707914 -0.3639427 -0.8544352 0.8119073 -0.3476629 -0.4689746 0.8118131 0.3477578 -0.4690672 -0.3826864 0.4322183 -0.8165405 -0.399357 0.3802483 -0.8342214 -0.01420193 -0.9400036 -0.3408688 0.6451082 0.6471284 -0.4062761 0.6451653 -0.6470664 -0.4062842 0.9209927 -0.08557903 -0.380064 0.9868642 -0.08721297 -0.1359887 0.8781001 0.0777505 -0.4721177 0.8702043 -0.1249452 -0.4765851 0.9558458 0.1767901 -0.2347429 0.7917547 0.03864556 -0.6096156 0.9434368 0.3049278 -0.1301773 -0.4068171 -0.09153825 -0.9089118 -0.4065294 0.08825713 -0.9093649 -0.09105396 -0.8177532 -0.5683211 6.31036e-4 -0.9384338 -0.3454588 -0.001370251 0.939804 -0.3417115 0.01725381 0.905622 -0.4237347 -0.09380483 0.8169848 -0.5689786 0.006576299 -0.8739798 -0.4859181 0.04760092 0.8795057 -0.4735017 0.9209659 -7.72847e-4 -0.3896425 -0.3917356 0.2813193 -0.8760153 -0.3996376 -0.01495045 -0.9165513 -0.4361652 -0.0116145 -0.8997917 -0.3998991 -3.45728e-5 -0.9165593 -0.4043858 0.01267004 -0.9145007 0.3974897 0.7417055 -0.5402545 0.397518 -0.741672 -0.5402797 0.2198263 0.769825 -0.5992044 0.2198449 -0.7697995 -0.5992304 0.04336506 0.807681 -0.588023 0.7424486 -0.4060987 -0.5327795 0.7423624 0.4061754 -0.532841 0.8529686 -0.1705852 -0.4933006 0.7768974 -0.2318067 -0.5854024 0.7767763 0.2319048 -0.5855246 0.07366359 -0.8119041 -0.5791247 0.1024969 -0.7254473 -0.6806032 -0.3497892 -0.2964705 -0.8886803 0.4501218 0.6777967 -0.5813622 0.4501634 -0.6777542 -0.5813795 -0.3584479 -0.1800997 -0.9160127 0.6763996 -0.4592504 -0.5758234 0.6763331 0.4593042 -0.5758586 0.7378634 -0.1164861 -0.6648222 0.8248695 -0.06683701 -0.5613584 0.7377073 0.1165776 -0.6649795 -0.2473028 -0.6299318 -0.736225 -0.2473482 0.6270967 -0.7386261 -0.3143229 -0.3862764 -0.8671746 -0.3192871 0.4868733 -0.8130254 0.2710032 0.691024 -0.6701068 0.2710244 -0.6909919 -0.6701314 -0.01598232 0.8390164 -0.5438714 0.5021679 0.6189239 -0.6039542 0.5022088 -0.6188802 -0.603965 -0.02181649 -0.9056676 -0.423427 -0.02201396 -0.8293068 -0.5583598 0.6149636 -0.5103746 -0.6011137 0.6149047 0.5104221 -0.6011335 0.6967413 -0.285647 -0.657995 0.6966391 0.2857061 -0.6580775 0.5573281 0.5629023 -0.6103494 0.5573769 -0.5628579 -0.6103459 0.6996833 0.04683417 -0.7129165 0.8855498 -0.04070931 -0.4627574 -0.3628737 0.1690409 -0.9163777 -0.1725721 -0.6339412 -0.7538816 -0.1725786 0.6309938 -0.7563489 0.7068951 -0.04014748 -0.7061781 0.7834861 4.8605e-5 -0.6214094 0.7252666 0.01872539 -0.6882135 -0.3252242 -0.2318375 -0.9167774 0.1545107 0.6358811 -0.7561627 0.1079439 0.715771 -0.6899421 0.1545254 -0.6358562 -0.7561806 0.3158228 0.6215056 -0.7169287 0.3158477 -0.6214708 -0.7169479 -0.03084373 -0.7601726 -0.6489887 -0.08963799 -0.6429014 -0.7606858 -0.04121494 -0.6889638 -0.723623 -0.05548781 -0.6841309 -0.7272456 -0.02542871 0.7742062 -0.6324226 -0.04061663 0.7073487 -0.7056969 -0.09426283 0.6376098 -0.7645707 0.6237425 -0.3319374 -0.707646 0.6236583 0.3320016 -0.7076902 0.6467953 -0.1727048 -0.7428519 0.646665 0.1727885 -0.7429459 -0.3551487 0.2689415 -0.8952877 -0.3635661 0.3402908 -0.867192 -0.3223253 0.2396143 -0.9158011 0.05809181 0.5965043 -0.8005049 0.03997266 0.6830568 -0.7292706 0.05810189 -0.596489 -0.8005156 0.03763973 -0.682158 -0.7302355 -0.2881545 -0.3038585 -0.9080953 -0.3043993 0.3858317 -0.8709046 -0.3477346 -0.08205741 -0.9339953 -0.3475546 0.07923728 -0.9343059 0.3608195 0.5544958 -0.7498959 0.3581368 -0.5623745 -0.7453005 0.608754 -0.07299882 -0.7899935 0.6085952 0.07307797 -0.7901086 0.5520074 -0.3769011 -0.7437967 0.5609169 0.3737691 -0.7386941 -0.3473037 -0.01927721 -0.9375546 -0.3405029 0.03419762 -0.9396214 -0.3443931 0.01701015 -0.9386715 -0.3167148 0.01150846 -0.9484511 -0.2964837 -0.1516094 -0.9429274 0.1991578 0.5537908 -0.8084875 0.1964598 -0.5606878 -0.8043835 -0.2436808 -0.4843471 -0.8402545 0.3734533 0.4929416 -0.785838 0.3958415 -0.5002534 -0.7701015 -0.2434172 0.4814388 -0.8420006 -0.03537446 0.7053179 -0.7080081 0.4847555 -0.3853566 -0.7851831 0.4931603 0.410577 -0.7669547 0.5672311 -0.2168699 -0.7944913 0.5671281 0.2169141 -0.7945527 0.4497607 0.4595236 -0.7658678 0.4498076 -0.4594851 -0.7658634 0.09839457 0.5124682 -0.8530504 0.09840565 -0.512445 -0.853063 0.6044993 -0.04315763 -0.7954358 0.2027439 0.4789862 -0.8540886 0.233313 -0.4980383 -0.8351784 -0.2799407 0.2966206 -0.9130441 0.03455561 0.4874631 -0.8724596 -0.08766567 0.5693418 -0.8174135 -0.02408564 0.6412371 -0.7669648 -0.02533155 -0.6136312 -0.7891864 0.03488194 -0.4883815 -0.8719328 -0.06272023 -0.518893 -0.8525353 -0.1687999 -0.4821683 -0.8596629 -0.1685804 0.479128 -0.8614041 0.5207586 -0.1181251 -0.8454923 0.5206388 0.1181871 -0.8455573 0.4990186 -0.2545518 -0.8283621 0.4989389 0.2545948 -0.828397 -0.06136196 -0.507468 -0.8594831 -0.131544 -0.5256304 -0.8404815 -0.08658093 -0.4849596 -0.8702402 0.4943314 -0.04704189 -0.8679997 0.5736157 0.009635031 -0.819068 0.5629816 -0.04082942 -0.8254603 0.5564379 -0.001678168 -0.8308876 0.4939353 0.04629206 -0.8682655 -0.1457698 0.5582162 -0.81679 -0.1457672 0.5581913 -0.8168075 -0.02141904 0.4916131 -0.8705503 -0.08756679 0.4811988 -0.8722269 0.2790806 0.4373234 -0.8549048 0.2720286 -0.4371957 -0.8572401 -0.2925187 0.1463199 -0.9449992 0.1427094 0.440413 -0.8863806 0.1322693 -0.4487851 -0.8837968 -0.2805175 -0.07307833 -0.957063 0.4330803 -0.2997972 -0.8500372 0.4320334 0.2919983 -0.8532785 -0.2802088 0.07080048 -0.9573246 0.3409214 0.3558982 -0.8701202 -0.2305889 -0.3769439 -0.8970742 -0.2301078 0.3742747 -0.8983144 -0.2534816 -0.2034278 -0.9457084 0.4418303 -0.1573369 -0.8831937 0.4520177 0.1544556 -0.8785349 0.3423956 -0.3552954 -0.8697877 0.05786246 0.412793 -0.9089851 0.05787134 -0.4127709 -0.9089946 -0.01606845 -0.530199 -0.847721 0.1939392 0.3455363 -0.9181461 0.1602123 -0.3858396 -0.9085483 0.4143474 -0.07527846 -0.9070002 -0.2748646 -0.01427382 -0.9613771 0.4142423 0.07532805 -0.9070441 -0.2781063 0.01532274 -0.9604281 0.538522 -4.1101e-4 -0.8426115 0.3714515 -0.1597383 -0.9146078 0.3820427 0.1835006 -0.9057434 -0.15851 -0.3700237 -0.9154 -0.1581386 0.3672495 -0.9165806 0.5166704 -3.23842e-4 -0.8561844 -0.2964935 -0.008757472 -0.9549948 -0.2144277 -0.12168 -0.969131 -0.2403289 0.1978265 -0.9503194 -0.2095091 0.1250206 -0.9697814 0.202181 -0.3399752 -0.9184443 0.4759373 0.005195856 -0.8794639 0.09066271 0.3503391 -0.9322246 0.08699095 -0.3474762 -0.933645 -0.01563686 0.4259364 -0.904618 -0.02196025 -0.4653039 -0.8848786 -0.07779061 -0.3702163 -0.9256828 -0.03011626 -0.3983632 -0.9167332 -0.0360673 -0.3958708 -0.9175976 -0.02152949 0.4276902 -0.9036689 -0.07877773 0.367257 -0.9267775 0.3323667 -0.2234097 -0.9163082 0.3307294 0.2254137 -0.9164097 0.01244449 0.3914064 -0.9201338 0.0281561 0.3292837 -0.9438112 0.02956515 -0.3288665 -0.9439136 0.01545679 -0.3907671 -0.9203598 -0.2133987 -0.2857091 -0.9342544 -0.2136663 0.2773089 -0.9367212 0.2575623 -0.2775481 -0.9255425 0.346468 -0.1149291 -0.9309948 0.3432726 0.1078212 -0.9330266 -0.1898314 0.1756266 -0.9659811 0.2601165 0.2751674 -0.9255389 -0.03013467 0.4258089 -0.9043113 0.3866522 -0.02292704 -0.9219406 0.31762 -0.04218268 -0.9472793 0.4095854 0.01103544 -0.9122051 0.3224107 0.04205244 -0.9456654 0.3896198 0.02177476 -0.9207184 0.2569534 -0.1580346 -0.953415 -0.1451057 -0.2757555 -0.9502122 0.05219399 0.2724345 -0.9607577 0.05476236 -0.2724767 -0.9606027 -0.1456339 0.2698341 -0.95183 0.1353327 -0.2672335 -0.9540815 0.3284667 -8.7501e-5 -0.9445156 -0.005581498 0.3059003 -0.9520472 0.00182116 0.3070114 -0.9517042 -0.01217973 0.3601201 -0.9328265 2.73607e-4 -0.3288629 -0.9443777 -0.01332646 -0.2953771 -0.9552879 -0.1931555 -0.06187528 -0.9792153 -0.1957023 0.06320196 -0.9786247 -0.1808246 -0.1878571 -0.9654078 -0.07118654 -0.2752223 -0.9587415 -0.01028591 -0.2907111 -0.9567556 -0.1192733 0.1778251 -0.9768072 0.254086 0.1582069 -0.9541546 -0.07352167 0.2719184 -0.9595077 0.2605731 -0.06596255 -0.9631981 0.2608676 0.07220822 -0.9626703 0.1364316 0.2708747 -0.9528973 0.1894054 -0.2110843 -0.9589417 0.08720254 -0.2063971 -0.9745748 0.1915001 0.2092304 -0.9589319 0.2893255 -6.62642e-5 -0.9572308 0.2980044 4.59868e-6 -0.9545645 -0.1822772 -0.02393561 -0.9829558 -0.19255 0.01428091 -0.9811833 0.1897776 0.10815 -0.9758526 -0.1245537 -0.1815323 -0.9754653 -0.0684399 0.1618231 -0.9844437 -0.2491877 -0.009775876 -0.9684059 -0.1071018 0.1094671 -0.9882036 -0.1947805 0.006065845 -0.9808282 -0.01716959 -0.2410066 -0.9703716 0.2252514 -3.34639e-5 -0.9743008 0.1714532 -0.03358328 -0.9846198 0.2178615 -0.007187426 -0.9759532 0.2191349 2.43536e-5 -0.9756946 0.2172685 0.003501951 -0.9761056 -0.01827591 -0.2031953 -0.9789677 -0.03249442 -0.1990734 -0.9794458 -0.05982053 -0.1773018 -0.9823368 -0.008987784 0.251775 -0.9677441 -0.0133146 0.2136121 -0.9768278 0.08718508 0.2038407 -0.9751143 0.1306378 -0.1523612 -0.979653 0.02018046 0.189536 -0.9816664 0.02147674 -0.1877488 -0.9819823 0.1868929 -0.1076486 -0.9764645 0.1317905 0.1516774 -0.9796046 0.1664869 0.03366291 -0.9854689 -0.1079024 -0.1057248 -0.9885239 -0.01582574 0.2067533 -0.9782651 -0.1015884 -0.05239051 -0.9934461 -0.09938251 0.05343312 -0.9936137 0.04333841 0.1363191 -0.9897166 0.04337549 -0.1362546 -0.9897239 0.1159757 -0.05959182 -0.9914628 0.1159478 0.05960905 -0.9914651 0.1419754 -1.30909e-5 -0.9898703 -0.01540106 0.1263696 -0.9918637 0.07516437 0.09503895 -0.9926318 0.07518154 -0.0950247 -0.9926319 -0.008511602 0.1289587 -0.9916135 -0.008453428 0.162714 -0.9866371 -0.007745921 -0.1568759 -0.9875879 -0.008991122 -0.1273593 -0.9918159 -0.08214175 -0.001410901 -0.9966197 -0.007035851 -0.1265915 -0.9919301 -0.0131666 -0.1248682 -0.992086 -0.008826851 0.1259766 -0.991994 -0.09402513 0.00159657 -0.9955686 0.1143713 -1.81638e-4 -0.9934381 0.1145238 -6.06184e-4 -0.9934204 0.01480573 0.08517658 -0.9962559 0.01517546 -0.08551502 -0.9962214 -0.01851868 -0.1018888 -0.9946235 -0.01866006 0.1005259 -0.9947595 0.06477791 -0.02616155 -0.9975567 0.1100636 6.22141e-6 -0.9939246 0.06475555 0.02617233 -0.9975579 0.03440701 0.04930841 -0.9981908 0.03424006 -0.04923474 -0.9982002 0.09485119 8.62365e-6 -0.9954916 -0.02310341 -0.06837654 -0.9973921 -0.02240127 0.06484311 -0.997644 -0.02003437 -0.04222553 -0.9989073 -0.01798462 -0.06664419 -0.9976148 -0.02240139 0.06484138 -0.9976441 -0.02112627 0.03730177 -0.9990807 0.02743411 -1.55901e-5 -0.9996237 -0.02321696 -8.9272e-4 -0.9997301 -0.023602 -0.02241879 -0.9994701 -0.02296251 0.02050375 -0.9995261 0.01890921 1.29451e-4 -0.9998213 0.02080607 4.28552e-5 -0.9997836</float_array>
          <technique_common>
            <accessor source="#mesh-d7f0432c-d0f0-4409-9229-a66daf76437d-mesh-normals-array" count="2036" stride="3">
              <param name="X" type="float"/>
              <param name="Y" type="float"/>
              <param name="Z" type="float"/>
            </accessor>
          </technique_common>
        </source>
        <vertices id="mesh-d7f0432c-d0f0-4409-9229-a66daf76437d-mesh-vertices">
          <input semantic="POSITION" source="#mesh-d7f0432c-d0f0-4409-9229-a66daf76437d-mesh-positions"/>
        </vertices>
        <triangles material="Material-外壳-material" count="3768">
          <input semantic="VERTEX" source="#mesh-d7f0432c-d0f0-4409-9229-a66daf76437d-mesh-vertices" offset="0"/>
          <input semantic="NORMAL" source="#mesh-d7f0432c-d0f0-4409-9229-a66daf76437d-mesh-normals" offset="1"/>
          <p>0 0 1 1 2 2 1 1 3 3 2 2 4 4 5 5 1 1 0 0 4 4 1 1 5 5 3 3 1 1 5 5 6 6 3 3 7 7 4 4 0 0 8 8 9 9 7 7 9 9 4 4 7 7 5 5 10 10 6 6 10 10 11 11 6 6 12 12 5 5 4 4 13 13 12 12 4 4 14 14 13 13 4 4 9 9 14 14 4 4 12 12 10 10 5 5 15 15 16 16 10 10 16 16 11 11 10 10 12 12 17 17 10 10 17 17 15 15 10 10 18 18 9 9 8 8 15 15 19 19 16 16 13 13 20 20 12 12 20 20 17 17 12 12 18 18 21 21 9 9 22 22 14 14 9 9 21 21 22 22 9 9 23 23 21 21 18 18 24 24 25 25 20 20 13 13 24 24 20 20 25 25 26 26 20 20 26 26 17 17 20 20 27 27 19 19 15 15 17 17 28 28 15 15 28 28 27 27 15 15 29 29 24 24 13 13 14 14 29 29 13 13 26 26 28 28 17 17 27 27 30 30 19 19 31 31 29 29 14 14 22 22 31 31 14 14 32 32 21 21 23 23 33 33 27 27 28 28 26 26 34 34 28 28 34 34 33 33 28 28 27 27 35 35 30 30 32 32 36 36 21 21 37 37 22 22 21 21 36 36 37 37 21 21 38 38 35 35 27 27 33 33 38 38 27 27 39 39 36 36 32 32 40 40 25 25 24 24 41 41 40 40 24 24 42 42 41 41 24 24 29 29 42 42 24 24 40 40 26 26 25 25 43 43 34 34 26 26 40 40 43 43 26 26 44 44 31 31 22 22 37 37 44 44 22 22 38 38 45 45 35 35 46 46 42 42 29 29 31 31 46 46 29 29 47 47 38 38 33 33 34 34 48 48 33 33 48 48 47 47 33 33 49 49 48 48 34 34 43 43 49 49 34 34 41 41 50 50 40 40 50 50 43 43 40 40 51 51 36 36 39 39 38 38 52 52 45 45 51 51 53 53 36 36 54 54 37 37 36 36 53 53 54 54 36 36 55 55 52 52 38 38 47 47 55 55 38 38 56 56 53 53 51 51 57 57 46 46 31 31 44 44 57 57 31 31 58 58 50 50 41 41 59 59 58 58 41 41 60 60 59 59 41 41 42 42 60 60 41 41 58 58 43 43 50 50 58 58 61 61 43 43 61 61 49 49 43 43 62 62 63 63 48 48 49 49 62 62 48 48 63 63 47 47 48 48 64 64 44 44 37 37 54 54 64 64 37 37 65 65 55 55 47 47 63 63 65 65 47 47 66 66 60 60 42 42 46 46 66 66 42 42 61 61 67 67 49 49 67 67 62 62 49 49 55 55 68 68 52 52 69 69 53 53 56 56 55 55 70 70 68 68 69 69 71 71 53 53 72 72 54 54 53 53 71 71 72 72 53 53 73 73 57 57 44 44 64 64 73 73 44 44 74 74 66 66 46 46 57 57 74 74 46 46 75 75 70 70 55 55 65 65 75 75 55 55 76 76 77 77 63 63 62 62 76 76 63 63 77 77 65 65 63 63 67 67 78 78 62 62 78 78 76 76 62 62 79 79 58 58 59 59 80 80 79 79 59 59 81 81 80 80 59 59 60 60 81 81 59 59 79 79 61 61 58 58 82 82 71 71 69 69 79 79 83 83 61 61 83 83 67 67 61 61 84 84 64 64 54 54 72 72 84 84 54 54 85 85 75 75 65 65 77 77 85 85 65 65 86 86 81 81 60 60 66 66 86 86 60 60 80 80 87 87 79 79 87 87 83 83 79 79 83 83 88 88 67 67 88 88 78 78 67 67 89 89 90 90 82 82 90 90 71 71 82 82 91 91 74 74 57 57 73 73 91 91 57 57 75 75 92 92 70 70 75 75 93 93 92 92 94 94 77 77 76 76 78 78 95 95 76 76 95 95 94 94 76 76 96 96 73 73 64 64 84 84 96 96 64 64 97 97 72 72 71 71 90 90 97 97 71 71 98 98 86 86 66 66 74 74 98 98 66 66 94 94 99 99 77 77 99 99 85 85 77 77 88 88 100 100 78 78 100 100 95 95 78 78 101 101 93 93 75 75 85 85 101 101 75 75 102 102 84 84 72 72 97 97 102 102 72 72 103 103 87 87 80 80 104 104 103 103 80 80 105 105 104 104 80 80 81 81 105 105 80 80 87 87 106 106 83 83 106 106 88 88 83 83 103 103 106 106 87 87 107 107 90 90 89 89 108 108 101 101 85 85 99 99 108 108 85 85 109 109 91 91 73 73 96 96 109 109 73 73 110 110 105 105 81 81 86 86 110 110 81 81 111 111 98 98 74 74 91 91 111 111 74 74 106 106 112 112 88 88 112 112 100 100 88 88 100 100 113 113 95 95 113 113 114 114 95 95 114 114 94 94 95 95 115 115 99 99 94 94 114 114 115 115 94 94 116 116 90 90 107 107 117 117 116 116 107 107 118 118 96 96 84 84 102 102 118 118 84 84 101 101 119 119 93 93 120 120 121 121 119 119 101 101 120 120 119 119 122 122 110 110 86 86 98 98 122 122 86 86 115 115 123 123 99 99 123 123 108 108 99 99 124 124 97 97 90 90 116 116 124 124 90 90 112 112 125 125 100 100 125 125 113 113 100 100 108 108 120 120 101 101 126 126 111 111 91 91 109 109 126 126 91 91 127 127 102 102 97 97 124 124 127 127 97 97 113 113 128 128 114 114 128 128 129 129 114 114 129 129 115 115 114 114 130 130 103 103 104 104 105 105 131 131 104 104 131 131 132 132 104 104 132 132 130 130 104 104 130 130 106 106 103 103 133 133 109 109 96 96 118 118 133 133 96 96 134 134 112 112 106 106 130 130 134 134 106 106 111 111 122 122 98 98 135 135 120 120 108 108 123 123 135 135 108 108 136 136 116 116 117 117 125 125 137 137 113 113 137 137 128 128 113 113 110 110 138 138 105 105 138 138 131 131 105 105 139 139 123 123 115 115 129 129 139 139 115 115 140 140 125 125 112 112 134 134 140 140 112 112 132 132 141 141 130 130 141 141 134 134 130 130 142 142 116 116 136 136 143 143 118 118 102 102 127 127 143 143 102 102 122 122 144 144 110 110 144 144 138 138 110 110 120 120 145 145 121 121 145 145 146 146 121 121 147 147 137 137 125 125 140 140 147 147 125 125 139 139 148 148 123 123 148 148 135 135 123 123 142 142 149 149 116 116 150 150 124 124 116 116 149 149 150 150 116 116 126 126 151 151 111 111 151 151 152 152 111 111 152 152 144 144 111 111 144 144 122 122 111 111 153 153 126 126 109 109 133 133 153 153 109 109 135 135 145 145 120 120 154 154 129 129 128 128 137 137 155 155 128 128 155 155 154 154 128 128 154 154 156 156 129 129 156 156 139 139 129 129 157 157 133 133 118 118 143 143 157 157 118 118 158 158 127 127 124 124 150 150 158 158 124 124 159 159 155 155 137 137 147 147 159 159 137 137 160 160 141 141 132 132 161 161 160 160 132 132 162 162 161 161 132 132 131 131 162 162 132 132 141 141 160 160 134 134 160 160 163 163 134 134 163 163 140 140 134 134 164 164 148 148 139 139 156 156 164 164 139 139 165 165 149 149 142 142 166 166 145 145 135 135 148 148 166 166 135 135 167 167 162 162 131 131 138 138 167 167 131 131 163 163 168 168 140 140 168 168 147 147 140 140 169 169 170 170 165 165 170 170 149 149 165 165 171 171 143 143 127 127 158 158 171 171 127 127 153 153 172 172 126 126 172 172 151 151 126 126 173 173 167 167 138 138 144 144 173 173 138 138 168 168 174 174 147 147 174 174 159 159 147 147 145 145 175 175 146 146 176 176 156 156 154 154 155 155 177 177 154 154 177 177 176 176 154 154 164 164 178 178 148 148 178 178 166 166 148 148 179 179 153 153 133 133 157 157 179 179 133 133 145 145 180 180 175 175 180 180 181 181 175 175 182 182 150 150 149 149 170 170 182 182 149 149 176 176 183 183 156 156 183 183 164 164 156 156 166 166 180 180 145 145 184 184 173 173 144 144 152 152 184 184 144 144 174 174 185 185 159 159 185 185 155 155 159 159 186 186 157 157 143 143 171 171 186 186 143 143 187 187 158 158 150 150 182 182 187 187 150 150 188 188 178 178 164 164 183 183 188 188 164 164 189 189 180 180 166 166 178 178 189 189 166 166 190 190 170 170 169 169 179 179 191 191 153 153 191 191 172 172 153 153 192 192 184 184 152 152 151 151 192 192 152 152 193 193 183 183 176 176 177 177 194 194 176 176 194 194 193 193 176 176 195 195 170 170 190 190 196 196 195 195 190 190 197 197 171 171 158 158 187 187 197 197 158 158 185 185 198 198 155 155 198 198 177 177 155 155 199 199 179 179 157 157 186 186 199 199 157 157 180 180 200 200 181 181 188 188 201 201 178 178 201 201 189 189 178 178 193 193 202 202 183 183 202 202 188 188 183 183 203 203 182 182 170 170 195 195 203 203 170 170 180 180 204 204 200 200 204 204 205 205 200 200 161 161 206 206 160 160 206 206 163 163 160 160 189 189 204 204 180 180 207 207 186 186 171 171 197 197 207 207 171 171 208 208 192 192 151 151 172 172 208 208 151 151 209 209 201 201 188 188 202 202 209 209 188 188 210 210 187 187 182 182 203 203 210 210 182 182 211 211 206 206 161 161 212 212 211 211 161 161 213 213 212 212 161 161 162 162 213 213 161 161 211 211 214 214 163 163 214 214 168 168 163 163 206 206 211 211 163 163 198 198 215 215 177 177 215 215 194 194 177 177 199 199 216 216 179 179 216 216 191 191 179 179 217 217 213 213 162 162 167 167 217 217 162 162 214 214 218 218 168 168 218 218 174 174 168 168 219 219 204 204 189 189 201 201 219 219 189 189 220 220 202 202 193 193 194 194 221 221 193 193 221 221 220 220 193 193 222 222 195 195 196 196 223 223 217 217 167 167 173 173 223 223 167 167 218 218 224 224 174 174 224 224 185 185 174 174 225 225 195 195 222 222 226 226 225 225 222 222 227 227 199 199 186 186 207 207 227 227 186 186 228 228 197 197 187 187 210 210 228 228 187 187 204 204 229 229 205 205 220 220 230 230 202 202 230 230 209 209 202 202 209 209 231 231 201 201 231 231 219 219 201 201 232 232 223 223 173 173 184 184 232 232 173 173 233 233 208 208 172 172 191 191 233 233 172 172 224 224 234 234 185 185 234 234 198 198 185 185 235 235 203 203 195 195 225 225 235 235 195 195 215 215 236 236 194 194 236 236 221 221 194 194 237 237 229 229 204 204 219 219 237 237 204 204 237 237 238 238 229 229 239 239 207 207 197 197 228 228 239 239 197 197 227 227 240 240 199 199 240 240 216 216 199 199 241 241 231 231 209 209 230 230 241 241 209 209 242 242 232 232 184 184 192 192 242 242 184 184 243 243 210 210 203 203 235 235 243 243 203 203 234 234 244 244 198 198 244 244 215 215 198 198 245 245 230 230 220 220 221 221 246 246 220 220 246 246 245 245 220 220 247 247 237 237 219 219 231 231 247 247 219 219 248 248 225 225 226 226 249 249 227 227 207 207 239 239 249 249 207 207 250 250 233 233 191 191 216 216 250 250 191 191 251 251 225 225 248 248 252 252 228 228 210 210 243 243 252 252 210 210 245 245 253 253 230 230 253 253 241 241 230 230 236 236 254 254 221 221 254 254 246 246 221 221 237 237 255 255 238 238 256 256 242 242 192 192 208 208 256 256 192 192 241 241 257 257 231 231 257 257 247 247 231 231 244 244 258 258 215 215 258 258 236 236 215 215 251 251 235 235 225 225 247 247 255 255 237 237 259 259 239 239 228 228 252 252 259 259 228 228 260 260 211 211 212 212 261 261 260 260 212 212 262 262 261 261 212 212 213 213 262 262 212 212 211 211 263 263 214 214 263 263 218 218 214 214 249 249 264 264 227 227 264 264 240 240 227 227 260 260 263 263 211 211 247 247 265 265 255 255 266 266 262 262 213 213 217 217 266 266 213 213 263 263 267 267 218 218 267 267 224 224 218 218 268 268 257 257 241 241 253 253 268 268 241 241 246 246 269 269 245 245 269 269 253 253 245 245 270 270 243 243 235 235 251 251 270 270 235 235 271 271 266 266 217 217 223 223 271 271 217 217 272 272 256 256 208 208 233 233 272 272 208 208 267 267 273 273 224 224 273 273 234 234 224 224 274 274 265 265 247 247 257 257 274 274 247 247 258 258 275 275 236 236 275 275 254 254 236 236 276 276 250 250 216 216 240 240 276 276 216 216 277 277 270 270 251 251 254 254 278 278 246 246 278 278 269 269 246 246 279 279 271 271 223 223 232 232 279 279 223 223 280 280 249 249 239 239 259 259 280 280 239 239 273 273 281 281 234 234 281 281 244 244 234 234 282 282 270 270 277 277 270 270 252 252 243 243 274 274 283 283 265 265 268 268 284 284 257 257 284 284 274 274 257 257 285 285 279 279 232 232 242 242 285 285 232 232 281 281 286 286 244 244 286 286 258 258 244 244 287 287 272 272 233 233 250 250 287 287 233 233 280 280 288 288 249 249 288 288 264 264 249 249 275 275 289 289 254 254 289 289 278 278 254 254 290 290 259 259 252 252 270 270 290 290 252 252 269 269 291 291 253 253 291 291 292 292 253 253 292 292 268 268 253 253 292 292 284 284 268 268 293 293 285 285 242 242 256 256 293 293 242 242 274 274 294 294 283 283 294 294 295 295 283 283 296 296 276 276 240 240 264 264 296 296 240 240 282 282 297 297 270 270 298 298 290 290 270 270 297 297 298 298 270 270 261 261 299 299 260 260 299 299 263 263 260 260 286 286 300 300 258 258 300 300 275 275 258 258 278 278 301 301 269 269 301 301 291 291 269 269 284 284 294 294 274 274 290 290 280 280 259 259 302 302 297 297 282 282 294 294 303 303 295 295 304 304 287 287 250 250 276 276 304 304 250 250 305 305 293 293 256 256 272 272 305 305 256 256 289 289 306 306 278 278 306 306 301 301 278 278 307 307 308 308 299 299 261 261 307 307 299 299 308 308 263 263 299 299 309 309 307 307 261 261 262 262 309 309 261 261 310 310 267 267 263 263 308 308 310 310 263 263 300 300 311 311 275 275 311 311 289 289 275 275 312 312 309 309 262 262 266 266 312 312 262 262 313 313 314 314 267 267 314 314 315 315 267 267 315 315 273 273 267 267 310 310 313 313 267 267 316 316 317 317 266 266 271 271 316 316 266 266 318 318 312 312 266 266 317 317 318 318 266 266 319 319 281 281 273 273 315 315 320 320 273 273 320 320 319 319 273 273 321 321 288 288 280 280 322 322 321 321 280 280 290 290 322 322 280 280 323 323 322 322 290 290 298 298 323 323 290 290 324 324 325 325 271 271 279 279 324 324 271 271 326 326 316 316 271 271 325 325 326 326 271 271 319 319 327 327 281 281 327 327 328 328 281 281 328 328 286 286 281 281 291 291 329 329 292 292 329 329 330 330 292 292 330 330 284 284 292 292 331 331 296 296 264 264 288 288 331 331 264 264 332 332 294 294 284 284 330 330 332 332 284 284 301 301 333 333 291 291 333 333 329 329 291 291 302 302 334 334 297 297 335 335 298 298 297 297 334 334 335 335 297 297 336 336 305 305 272 272 287 287 336 336 272 272 337 337 338 338 339 339 340 340 337 337 339 339 338 338 341 341 339 339 342 342 343 343 344 344 345 345 342 342 344 344 346 346 345 345 344 344 342 342 347 347 343 343 347 347 348 348 343 343 349 349 350 350 341 341 338 338 349 349 341 341 350 350 351 351 341 341 352 352 345 345 346 346 353 353 354 354 355 355 356 356 353 353 355 355 357 357 356 356 355 355 358 358 359 359 360 360 361 361 362 362 360 360 359 359 361 361 360 360 361 361 363 363 362 362 364 364 359 359 358 358 365 365 364 364 366 366 367 367 365 365 366 366 368 368 365 365 367 367 369 369 368 368 367 367 370 370 369 369 367 367 371 371 369 369 370 370 372 372 373 373 374 374 375 375 372 372 374 374 353 353 376 376 354 354 365 365 359 359 364 364 351 351 372 372 375 375 377 377 378 378 379 379 378 378 380 380 379 379 350 350 372 372 351 351 381 381 382 382 373 373 372 372 381 381 373 373 383 383 378 378 377 377 384 384 352 352 380 380 378 378 384 384 380 380 385 385 386 386 371 371 386 386 369 369 371 371 384 384 345 345 352 352 387 387 388 388 363 363 361 361 387 387 363 363 389 389 390 389 391 389 392 390 393 391 394 392 392 390 395 393 393 391 396 394 397 395 395 393 398 396 396 394 395 393 392 390 398 396 395 393 390 397 389 398 376 376 353 353 399 399 376 376 400 400 401 401 402 402 403 403 400 400 402 402 381 381 404 404 382 382 405 405 337 337 340 340 347 347 406 406 348 348 407 407 408 408 405 405 408 408 409 409 405 405 409 409 337 337 405 405 410 410 411 411 405 405 411 411 412 412 405 405 413 413 407 407 405 405 414 414 413 413 405 405 412 412 414 414 405 405 347 347 415 415 406 406 415 415 416 416 406 406 416 416 417 417 406 406 417 417 418 418 406 406 419 419 420 420 406 406 418 418 419 419 406 406 420 420 421 421 406 406 421 421 422 422 406 406 422 422 423 423 406 406 424 424 425 425 410 410 425 425 426 426 410 410 426 426 427 427 410 410 427 427 428 428 410 410 428 428 411 411 410 410 422 422 429 429 423 423 429 429 430 430 423 423 431 431 432 432 423 423 433 433 431 431 423 423 430 430 433 433 423 423 434 434 435 435 424 424 435 435 436 436 424 424 436 436 425 425 424 424 431 431 437 437 432 432 438 438 439 439 432 432 440 440 438 438 432 432 437 437 440 440 432 432 441 441 442 442 434 434 442 442 435 435 434 434 443 443 441 441 434 434 444 444 443 443 434 434 438 438 445 445 439 439 445 445 446 446 439 439 446 446 447 447 439 439 447 447 448 448 439 439 449 449 443 443 444 444 450 450 451 451 444 444 451 451 452 452 444 444 452 452 449 449 444 444 447 447 453 453 448 448 453 453 454 454 448 448 454 454 455 455 448 448 456 456 457 457 450 450 457 457 451 451 450 450 458 458 459 459 450 450 459 459 460 460 450 450 460 460 456 456 450 450 454 454 461 461 455 455 461 461 462 462 455 455 462 462 463 463 455 455 463 463 464 464 455 455 464 464 465 465 455 455 466 466 467 467 458 458 467 467 468 468 458 458 468 468 469 469 458 458 469 469 470 470 458 458 470 470 459 459 458 458 471 471 472 472 465 465 473 473 466 466 465 465 474 474 473 473 465 465 472 472 474 474 465 465 464 464 475 475 465 465 475 475 471 471 465 465 473 473 476 476 466 466 476 476 477 477 466 466 477 477 467 467 466 466 396 394 478 478 397 395 396 394 479 479 478 478 381 381 480 480 404 404 480 480 481 481 404 404 481 481 482 482 404 404 483 483 484 484 485 485 486 486 483 483 485 485 487 487 356 356 357 357 488 488 489 489 490 490 491 491 488 488 490 490 492 492 491 491 490 490 493 493 386 386 385 385 494 494 386 386 493 493 495 495 496 496 494 494 497 497 386 386 494 494 496 496 497 497 494 494 498 498 496 496 495 495 499 499 356 356 487 487 500 500 499 499 487 487 501 501 500 500 487 487 387 387 502 502 388 388 481 481 503 503 482 482 504 504 378 378 383 383 400 400 505 505 401 401 506 506 496 496 498 498 507 507 508 508 502 502 509 509 507 507 502 502 387 387 509 509 502 502 510 510 511 511 512 512 513 513 514 514 512 512 511 511 513 513 512 512 515 515 491 491 492 492 516 516 517 517 504 504 517 517 378 378 504 504 518 518 483 483 486 486 513 513 516 516 514 514 519 519 520 520 479 479 396 394 519 519 479 479 521 521 500 500 522 522 505 505 523 523 522 522 500 500 501 501 522 522 400 400 524 524 505 505 524 524 523 523 505 505 525 525 526 526 489 489 488 488 525 525 489 489 526 526 511 511 510 510 513 513 517 517 516 516 527 527 491 491 515 515 519 519 527 527 515 515 520 520 519 519 515 515 528 528 507 507 403 403 507 507 400 400 403 403 529 529 530 530 484 484 483 483 529 529 484 484 503 503 481 481 518 518 531 531 483 483 518 518 532 532 531 531 518 518 481 481 532 532 518 518 525 525 511 511 526 526 533 533 496 496 506 506 530 530 533 533 506 506 508 508 507 507 528 528 529 529 533 533 530 530 534 534 324 324 279 279 285 285 534 534 279 279 294 294 535 535 303 303 399 399 398 396 392 390 368 368 359 359 365 365 536 536 535 535 294 294 332 332 536 536 294 294 537 537 538 538 286 286 538 538 300 300 286 286 328 328 539 539 286 286 539 539 537 537 286 286 311 311 540 540 289 289 540 540 306 306 289 289 533 533 541 541 496 496 541 541 497 497 496 496 527 527 488 488 491 491 542 542 304 304 276 276 296 296 542 542 276 276 543 543 361 361 359 359 368 368 543 543 359 359 353 353 544 544 399 399 544 544 398 396 399 399 507 507 524 524 400 400 545 545 334 334 302 302 546 546 541 541 533 533 529 529 546 546 533 533 547 547 525 525 488 488 527 527 547 547 488 488 306 306 548 548 301 301 548 548 333 333 301 301 536 536 549 549 535 535 550 550 387 387 361 361 543 543 550 550 361 361 551 551 544 544 353 353 356 356 551 551 353 353 372 372 552 552 381 381 552 552 480 480 381 381 517 517 553 553 378 378 553 553 384 384 378 378 293 293 554 554 285 285 554 554 555 555 285 285 555 555 556 556 285 285 557 557 534 534 285 285 556 556 557 557 285 285 558 558 559 559 545 545 559 559 334 334 545 545 509 509 560 560 507 507 560 560 561 561 507 507 561 561 524 524 507 507 521 521 499 499 500 500 562 562 563 563 300 300 563 563 564 564 300 300 564 564 311 311 300 300 538 538 565 565 300 300 565 565 562 562 300 300 531 531 546 546 529 529 483 483 531 531 529 529 566 566 511 511 525 525 547 547 566 566 525 525 567 567 509 509 387 387 550 550 567 567 387 387 568 568 551 551 356 356 499 499 568 568 356 356 569 569 336 336 287 287 304 304 569 569 287 287 570 570 321 321 322 322 323 323 570 570 322 322 571 571 543 543 368 368 369 369 571 571 368 368 566 566 572 572 511 511 572 572 513 513 511 511 573 573 521 521 574 574 575 575 576 575 577 575 540 540 578 576 306 306 578 576 548 548 306 306 321 321 331 331 288 288 579 577 323 323 298 298 335 335 579 577 298 298 305 305 580 578 293 293 580 578 581 579 293 293 581 579 554 554 293 293 329 329 582 580 330 330 582 580 583 581 330 330 583 581 332 332 330 330 584 582 550 550 543 543 571 571 584 582 543 543 585 583 398 396 544 544 551 551 585 583 544 544 586 584 552 552 372 372 350 350 586 584 372 372 587 585 345 345 384 384 553 553 587 585 384 384 588 586 573 573 575 587 589 588 588 586 560 560 509 509 589 588 560 560 573 573 590 589 521 521 590 589 499 499 521 521 333 333 591 590 329 329 591 590 582 580 329 329 564 564 592 591 311 311 592 591 540 540 311 311 593 592 536 536 332 332 583 581 593 592 332 332 588 586 590 589 573 573 594 593 335 335 334 334 559 559 594 593 334 334 595 594 567 567 550 550 584 582 595 594 550 550 596 595 585 583 551 551 568 568 596 595 551 551 307 307 597 596 308 308 597 596 310 310 308 308 598 597 542 542 296 296 331 331 598 597 296 296 309 309 599 598 307 307 599 598 597 596 307 307 567 567 600 599 509 509 600 599 589 588 509 509 590 589 601 600 499 499 601 600 602 601 499 499 602 601 568 568 499 499 597 596 603 602 310 310 603 602 313 313 310 310 603 602 604 603 313 313 604 603 314 314 313 313 605 604 517 517 513 513 572 572 605 604 513 513 604 603 315 315 314 314 536 536 606 605 549 549 312 312 607 606 309 309 607 606 599 598 309 309 608 607 606 605 536 536 593 592 608 607 536 536 609 608 320 320 315 315 604 603 609 608 315 315 318 318 607 606 312 312 609 608 319 319 320 320 317 317 610 609 318 318 610 609 607 606 318 318 548 548 611 610 333 333 611 610 591 590 333 333 316 316 610 609 317 317 609 608 612 611 319 319 612 611 327 327 319 319 326 326 610 609 316 316 604 603 612 611 609 608 610 609 599 598 607 606 612 611 328 328 327 327 325 325 613 612 326 326 614 613 610 609 326 326 613 612 614 613 326 326 615 614 559 559 558 558 324 324 613 612 325 325 595 594 616 615 567 567 616 615 600 599 567 567 602 601 617 616 568 568 617 616 596 595 568 568 612 611 539 539 328 328 612 611 537 537 539 539 618 617 571 571 369 369 619 618 618 617 369 369 620 619 619 618 369 369 386 386 620 619 369 369 621 620 519 519 396 394 622 621 621 620 396 394 398 396 622 621 396 394 608 607 623 622 606 605 624 623 590 589 588 586 589 588 624 623 588 586 625 624 626 625 305 305 336 336 625 624 305 305 626 625 627 626 305 305 627 626 580 578 305 305 618 617 584 582 571 571 585 583 622 621 398 396 599 598 628 627 597 596 628 627 629 628 597 596 629 628 603 602 597 596 497 497 630 629 386 386 630 629 620 619 386 386 621 620 631 630 519 519 631 630 527 527 519 519 632 631 586 584 350 350 349 349 632 631 350 350 633 632 342 342 345 345 587 585 633 632 345 345 634 633 635 634 615 614 635 634 559 559 615 614 636 635 553 553 517 517 605 604 636 635 517 517 637 636 569 569 304 304 542 542 637 636 304 304 638 637 639 638 540 540 639 638 640 639 540 540 640 639 578 576 540 540 592 591 641 640 540 540 641 640 638 637 540 540 642 641 595 594 584 582 618 617 642 641 584 582 643 642 622 621 585 583 596 595 643 642 585 583 534 534 644 643 324 324 644 643 613 612 324 324 645 644 624 623 589 588 600 599 645 644 589 588 624 623 601 600 590 589 557 557 644 643 534 534 631 630 646 645 527 527 646 645 547 547 527 527 647 646 630 629 497 497 541 541 647 646 497 497 648 647 538 538 537 537 649 648 648 647 537 537 612 611 649 648 537 537 648 647 565 565 538 538 578 576 650 649 548 548 650 649 611 610 548 548 556 556 644 643 557 557 651 650 601 600 624 623 645 644 651 650 624 623 629 628 604 603 603 602 616 615 652 651 600 599 652 651 645 644 600 599 601 600 653 652 602 601 653 652 654 653 602 601 654 653 617 616 602 601 642 641 655 654 595 594 655 654 616 615 595 594 617 616 656 655 596 595 656 655 643 642 596 595 610 609 628 627 599 598 648 647 562 562 565 565 648 647 563 563 562 562 546 546 657 656 541 541 657 656 647 646 541 541 658 657 566 566 547 547 646 645 658 657 547 547 659 658 644 643 556 556 555 555 659 658 556 556 660 659 570 570 323 323 579 577 660 659 323 323 661 660 659 658 555 555 554 554 661 660 555 555 570 570 662 661 321 321 662 661 663 662 321 321 663 662 598 597 321 321 598 597 331 331 321 321 664 663 628 627 610 609 665 664 664 663 610 609 614 613 665 664 610 609 604 603 666 665 612 611 666 665 649 648 612 611 649 648 667 666 648 647 668 667 563 563 648 647 667 666 668 667 648 647 669 668 613 612 644 643 659 658 669 668 644 643 668 667 564 564 563 563 670 669 579 577 335 335 594 593 670 669 335 335 655 654 671 670 616 615 671 670 652 651 616 615 654 653 672 671 617 616 672 671 656 655 617 616 582 580 673 672 583 581 673 672 674 673 583 581 674 673 593 592 583 581 581 579 661 660 554 554 591 590 675 674 582 580 675 674 673 672 582 580 676 675 657 656 546 546 531 531 676 675 546 546 677 676 572 572 566 566 658 657 677 676 566 566 628 627 678 677 629 628 678 677 679 678 629 628 679 678 604 603 629 628 680 679 608 607 593 592 674 673 680 679 593 592 681 680 601 600 651 650 645 644 681 680 651 650 682 681 683 682 336 336 569 569 682 681 336 336 684 683 625 624 336 336 683 682 684 683 336 336 685 684 642 641 618 617 619 618 685 684 618 617 686 685 632 631 349 349 338 338 686 685 349 349 633 632 687 686 342 342 687 686 688 687 342 342 688 687 347 347 342 342 689 688 681 680 645 644 652 651 689 688 645 644 681 680 653 652 601 600 608 607 690 689 623 622 691 690 594 593 559 559 635 634 691 690 559 559 685 684 692 691 642 641 692 691 655 654 642 641 656 655 693 692 643 642 693 692 622 621 643 642 611 610 694 693 591 590 694 693 675 674 591 590 679 678 666 665 604 603 664 663 695 694 628 627 695 694 678 677 628 627 640 639 696 695 578 576 696 695 650 649 578 576 697 696 614 613 613 612 669 668 697 696 613 612 580 578 661 660 581 579 698 697 690 689 608 607 680 679 698 697 608 607 671 670 699 698 652 651 699 698 689 688 652 651 653 652 700 699 654 653 700 699 701 700 654 653 701 700 672 671 654 653 702 701 653 652 681 680 689 688 702 701 681 680 532 532 703 702 531 531 703 702 676 675 531 531 677 676 704 703 572 572 704 703 605 604 572 572 692 691 705 704 655 654 705 704 671 670 655 654 672 671 706 705 656 655 706 705 693 692 656 655 668 667 592 591 564 564 668 667 641 640 592 591 627 626 707 706 580 578 707 706 661 660 580 578 708 707 637 636 542 542 598 597 708 707 542 542 709 708 635 634 634 633 710 709 638 637 641 640 668 667 710 709 641 640 711 710 639 638 638 637 710 709 711 710 638 637 626 625 707 706 627 626 712 711 667 666 649 648 713 712 712 711 649 648 666 665 713 712 649 648 714 713 665 664 614 613 697 696 714 713 614 613 650 649 715 714 611 610 715 714 694 693 611 610 698 697 716 715 690 689 705 704 699 698 671 670 701 700 717 716 672 671 717 716 706 705 672 671 718 717 719 718 709 708 719 718 635 634 709 708 720 719 653 652 702 701 689 688 720 719 702 701 695 694 721 720 678 677 721 720 679 678 678 677 722 721 710 709 668 667 667 666 722 721 668 667 721 720 723 722 679 678 723 722 666 665 679 678 724 723 721 720 695 694 725 724 726 725 695 694 664 663 725 724 695 694 727 726 703 702 532 532 481 481 727 726 532 532 728 727 636 635 605 604 704 703 728 727 605 604 729 728 723 722 721 720 730 729 720 719 689 688 699 698 730 729 689 688 720 719 700 699 653 652 665 664 725 724 664 663 723 722 713 712 666 665 731 730 723 722 729 728 732 731 733 732 685 684 733 732 734 733 685 684 734 733 692 691 685 684 619 618 732 731 685 684 693 692 735 734 622 621 735 734 621 620 622 621 620 619 736 735 619 618 736 735 732 731 619 618 737 736 631 630 621 620 735 734 737 736 621 620 625 624 707 706 626 625 734 733 738 737 692 691 738 737 705 704 692 691 706 705 739 738 693 692 739 738 735 734 693 692 705 704 740 739 699 698 740 739 730 729 699 698 700 699 741 740 701 700 741 740 742 741 701 700 742 741 717 716 701 700 743 742 682 681 569 569 637 636 744 743 569 569 744 743 745 744 569 569 745 744 743 742 569 569 746 745 697 696 669 668 747 746 746 745 669 668 659 658 747 746 669 668 711 710 640 639 639 638 748 747 736 735 620 619 630 629 748 747 620 619 737 736 749 748 631 630 749 748 646 645 631 630 750 749 700 699 720 719 730 729 750 749 720 719 738 737 751 750 705 704 751 750 740 739 705 704 717 716 752 751 706 705 752 751 739 738 706 705 753 752 754 753 650 649 754 753 755 754 650 649 755 754 715 714 650 649 696 695 756 755 650 649 756 755 753 752 650 649 670 669 757 756 579 577 757 756 660 659 579 577 660 659 758 757 570 570 758 757 662 661 570 570 409 409 338 338 337 337 647 646 759 758 630 629 759 758 748 747 630 629 749 748 760 759 646 645 760 759 658 657 646 645 742 741 761 760 717 716 761 760 752 751 717 716 731 730 726 725 723 722 726 725 762 761 723 722 762 761 713 712 723 722 763 762 726 725 725 724 764 763 763 762 725 724 665 664 764 763 725 724 711 710 696 695 640 639 684 683 707 706 625 624 765 764 553 553 636 635 728 727 765 764 636 635 480 480 727 726 481 481 712 711 766 765 667 666 766 765 722 721 667 666 746 745 714 713 697 696 767 766 670 669 594 593 691 690 767 766 594 593 673 672 768 767 674 673 768 767 769 768 674 673 769 768 680 679 674 673 688 687 415 415 347 347 675 674 770 769 673 672 770 769 768 767 673 672 771 770 700 699 750 749 730 729 771 770 750 749 710 709 772 771 711 710 772 771 696 695 711 710 684 683 773 772 707 706 773 772 661 660 707 706 774 773 771 770 730 729 740 739 774 773 730 729 771 770 741 740 700 699 762 761 712 711 713 712 714 713 764 763 665 664 683 682 775 774 684 683 775 774 773 772 684 683 776 775 698 697 680 679 769 768 776 775 680 679 773 772 777 776 661 660 777 776 659 658 661 660 694 693 778 777 675 674 778 777 770 769 675 674 779 778 759 758 647 646 657 656 779 778 647 646 780 779 677 676 658 657 760 759 780 779 658 657 751 750 774 773 740 739 781 780 761 760 742 741 741 740 781 780 742 741 782 781 691 690 635 634 719 718 782 781 635 634 698 697 783 782 716 715 752 751 784 783 739 738 784 783 735 734 739 738 785 784 738 737 734 733 786 785 785 784 734 733 733 732 786 785 734 733 722 721 787 786 710 709 787 786 772 771 710 709 788 787 747 746 659 658 777 776 789 788 659 658 789 788 788 787 659 658 790 789 708 707 598 597 663 662 790 789 598 597 682 681 775 774 683 682 791 790 783 782 698 697 776 775 791 790 698 697 763 762 762 761 726 725 792 791 793 792 738 737 785 784 792 791 738 737 761 760 794 793 752 751 794 793 784 783 752 751 795 794 741 740 771 770 774 773 795 794 771 770 764 763 796 795 763 762 797 796 762 761 763 762 796 795 798 797 763 762 798 797 797 796 763 762 799 798 775 774 682 681 743 742 799 798 682 681 797 796 800 799 762 761 800 799 712 711 762 761 801 800 796 795 764 763 714 713 801 800 764 763 772 771 756 755 696 695 715 714 802 801 694 693 802 801 778 777 694 693 803 802 746 745 747 746 788 787 803 802 747 746 676 675 804 803 657 656 804 803 779 778 657 656 805 804 704 703 677 676 780 779 805 804 677 676 409 409 686 685 338 338 806 805 415 415 688 687 687 686 806 805 688 687 807 806 795 794 774 773 808 807 807 806 774 773 809 808 808 807 774 773 793 792 809 808 774 773 795 794 810 809 741 740 811 810 781 780 741 740 810 809 811 810 741 740 812 811 727 726 480 480 813 812 812 811 480 480 814 813 813 812 480 480 552 552 814 813 480 480 765 764 815 814 553 553 815 814 587 585 553 553 816 815 719 718 718 717 807 806 810 809 795 794 772 771 753 752 756 755 800 799 766 765 712 711 817 816 818 817 714 713 746 745 817 816 714 713 818 817 801 800 714 713 819 818 810 809 807 806 808 807 819 818 807 806 806 805 416 416 415 415 791 790 820 819 783 782 796 795 821 820 798 797 822 821 797 796 798 797 821 820 822 821 798 797 823 822 817 816 746 745 803 802 823 822 746 745 824 823 825 824 722 721 825 824 787 786 722 721 766 765 824 823 722 721 826 825 827 826 816 815 827 826 719 718 816 815 408 408 686 685 409 409 828 827 809 808 793 792 781 780 829 828 761 760 829 828 830 829 761 760 830 829 794 793 761 760 708 707 831 830 637 636 831 830 832 831 637 636 832 831 744 743 637 636 822 821 833 832 797 796 833 832 800 799 797 796 834 833 835 834 796 795 835 834 821 820 796 795 801 800 834 833 796 795 836 835 834 833 801 800 818 817 836 835 801 800 833 832 837 836 800 799 837 836 766 765 800 799 819 818 811 810 810 809 838 837 839 838 808 807 839 838 819 818 808 807 809 808 838 837 808 807 840 839 802 801 715 714 755 754 841 840 715 714 841 840 840 839 715 714 842 841 818 817 817 816 823 822 842 841 817 816 843 842 804 803 676 675 703 702 843 842 676 675 805 804 844 843 704 703 844 843 728 727 704 703 839 838 811 810 819 818 845 844 838 837 809 808 828 827 845 844 809 808 811 810 846 845 781 780 846 845 829 828 781 780 733 732 847 846 786 785 847 846 785 784 786 785 848 847 735 734 784 783 794 793 849 848 784 783 849 848 848 847 784 783 850 849 828 827 785 784 851 850 850 849 785 784 847 846 851 850 785 784 830 829 852 851 794 793 852 851 849 848 794 793 853 852 811 810 839 838 838 837 853 852 839 838 772 771 754 753 753 752 745 744 799 798 743 742 732 731 847 846 733 732 848 847 737 736 735 734 854 853 755 754 754 753 772 771 854 853 754 753 835 834 855 854 821 820 855 854 822 821 821 820 835 834 856 855 855 854 856 855 822 821 855 854 856 855 857 856 822 821 857 856 833 832 822 821 858 857 856 855 835 834 859 858 858 857 835 834 834 833 859 858 835 834 858 857 857 856 856 855 860 859 854 853 772 771 787 786 860 859 772 771 837 836 861 860 766 765 861 860 824 823 766 765 842 841 836 835 818 817 862 861 859 858 834 833 836 835 862 861 834 833 857 856 863 862 833 832 863 862 837 836 833 832 864 863 845 844 828 827 829 828 865 864 830 829 865 864 866 865 830 829 866 865 852 851 830 829 867 866 868 867 838 837 868 867 853 852 838 837 845 844 867 866 838 837 853 852 868 867 811 810 868 867 846 845 811 810 869 868 847 846 732 731 870 869 869 868 732 731 871 870 870 869 732 731 736 735 871 870 732 731 872 871 749 748 737 736 848 847 872 871 737 736 873 872 860 859 787 786 825 824 873 872 787 786 586 584 814 813 552 552 874 873 633 632 587 585 815 814 874 873 587 585 875 874 862 861 836 835 842 841 875 874 836 835 863 862 876 875 837 836 876 875 861 860 837 836 846 845 877 876 829 828 877 876 865 864 829 828 878 877 867 866 845 844 864 863 878 877 845 844 858 857 879 878 857 856 879 878 880 879 857 856 880 879 881 880 857 856 881 880 863 862 857 856 879 878 858 857 859 858 882 881 879 878 859 858 877 876 882 881 859 858 862 861 877 876 859 858 883 882 846 845 868 867 867 866 883 882 868 867 744 743 884 883 745 744 884 883 799 798 745 744 882 881 885 884 879 878 885 884 880 879 879 878 886 885 803 802 788 787 789 788 887 886 788 787 887 886 886 885 788 787 757 756 758 757 660 659 885 884 867 866 880 879 867 866 881 880 880 879 883 882 885 884 882 881 846 845 883 882 882 881 877 876 846 845 882 881 885 884 883 882 867 866 878 877 881 880 867 866 888 887 757 756 670 669 767 766 888 887 670 669 881 880 889 888 863 862 889 888 876 875 863 862 865 864 877 876 862 861 890 889 865 864 862 861 875 874 890 889 862 861 748 747 891 890 736 735 891 890 871 870 736 735 872 871 892 891 749 748 892 891 760 759 749 748 878 877 889 888 881 880 893 892 823 822 803 802 886 885 893 892 803 802 824 823 894 893 825 824 895 894 873 872 825 824 894 893 895 894 825 824 854 853 841 840 755 754 727 726 812 811 703 702 812 811 843 842 703 702 896 895 765 764 728 727 844 843 896 895 728 727 897 896 889 888 878 877 864 863 898 897 878 877 890 889 866 865 865 864 851 850 898 897 864 863 890 889 899 898 866 865 899 898 900 899 866 865 900 899 852 851 866 865 901 900 767 766 691 690 782 781 901 900 691 690 902 901 769 768 768 767 770 769 903 902 768 767 903 902 902 901 768 767 904 903 894 893 824 823 861 860 904 903 824 823 905 904 842 841 823 822 893 892 905 904 823 822 902 901 906 905 769 768 906 905 776 775 769 768 907 906 898 897 851 850 847 846 908 907 851 850 909 908 910 909 852 851 900 899 909 908 852 851 910 909 849 848 852 851 911 910 876 875 889 888 897 896 911 910 889 888 875 874 912 911 890 889 912 911 899 898 890 889 905 904 875 874 842 841 876 875 904 903 861 860 905 904 912 911 875 874 911 910 904 903 876 875 778 777 913 912 770 769 913 912 903 902 770 769 910 909 848 847 849 848 914 913 791 790 776 775 906 905 914 913 776 775 791 790 915 914 820 819 916 915 790 789 663 662 662 661 916 915 663 662 917 916 891 890 748 747 759 758 917 916 748 747 892 891 918 917 760 759 918 917 780 779 760 759 908 907 911 910 897 896 912 911 919 918 899 898 919 918 900 899 899 898 920 919 782 781 719 718 827 826 920 919 719 718 869 868 908 907 847 846 802 801 921 920 778 777 921 920 913 912 778 777 922 921 915 914 791 790 914 913 922 921 791 790 919 918 923 922 900 899 923 922 909 908 900 899 924 923 919 918 912 911 905 904 924 923 912 911 925 924 904 903 911 910 926 925 925 924 911 910 927 926 926 925 911 910 908 907 927 926 911 910 928 927 814 813 586 584 632 631 928 927 586 584 929 928 687 686 633 632 874 873 929 928 633 632 893 892 924 923 905 904 925 924 894 893 904 903 790 789 930 929 708 707 930 929 931 930 708 707 931 930 932 931 708 707 932 931 933 932 708 707 933 932 831 830 708 707 869 868 927 926 908 907 923 922 934 933 909 908 934 933 910 909 909 908 935 934 815 814 765 764 896 895 935 934 765 764 779 778 917 916 759 758 936 935 805 804 780 779 918 917 936 935 780 779 937 936 827 826 826 825 938 937 895 894 894 893 925 924 938 937 894 893 939 938 924 923 893 892 886 885 940 939 893 892 940 939 939 938 893 892 938 937 941 940 895 894 941 940 942 941 895 894 942 941 873 872 895 894 887 886 943 942 886 885 943 942 940 939 886 885 944 943 943 942 887 886 789 788 944 943 887 886 942 941 945 944 873 872 945 944 860 859 873 872 777 776 946 945 789 788 946 945 944 943 789 788 832 831 884 883 744 743 947 946 923 922 919 918 924 923 947 946 919 918 948 947 946 945 777 776 773 772 948 947 777 776 949 948 921 920 802 801 840 839 950 949 802 801 950 949 951 950 802 801 951 950 952 951 802 801 952 951 949 948 802 801 922 921 953 952 915 914 954 953 848 847 910 909 934 933 954 953 910 909 775 774 955 954 773 772 955 954 948 947 773 772 945 944 956 955 860 859 956 955 854 853 860 859 957 956 958 957 937 936 958 957 827 826 937 936 959 958 955 954 775 774 799 798 959 958 775 774 950 949 840 839 854 853 840 839 841 840 854 853 956 955 951 950 854 853 951 950 950 949 854 853 884 883 960 959 799 798 960 959 959 958 799 798 831 830 884 883 832 831 933 932 960 959 884 883 831 830 933 932 884 883 932 931 960 959 933 932 926 925 938 937 925 924 939 938 947 946 924 923 961 960 927 926 869 868 870 869 961 960 869 868 954 953 872 871 848 847 962 961 926 925 927 926 963 962 962 961 927 926 961 960 963 962 927 926 964 963 934 933 923 922 947 946 964 963 923 922 965 964 917 916 779 778 804 803 965 964 779 778 966 965 844 843 805 804 936 935 966 965 805 804 967 966 941 940 938 937 926 925 967 966 938 937 871 870 961 960 870 869 954 953 892 891 872 871 964 963 954 953 934 933 968 967 942 941 941 940 967 966 968 967 941 940 939 938 964 963 947 946 962 961 969 968 926 925 969 968 967 966 926 925 970 969 928 927 632 631 686 685 970 969 632 631 929 928 806 805 687 686 971 970 758 757 757 756 972 971 971 970 757 756 888 887 972 971 757 756 973 972 888 887 767 766 901 900 973 972 767 766 843 842 965 964 804 803 966 965 896 895 844 843 974 973 945 944 942 941 968 967 974 973 942 941 975 974 901 900 782 781 920 919 975 974 782 781 871 870 976 975 961 960 976 975 963 962 961 960 977 976 976 975 871 870 891 890 977 976 871 870 978 977 918 917 892 891 954 953 978 977 892 891 979 978 906 905 902 901 903 902 980 979 902 901 980 979 979 978 902 901 979 978 981 980 906 905 981 980 914 913 906 905 982 981 964 963 939 938 940 939 983 982 939 938 983 982 982 981 939 938 922 921 984 983 953 952 913 912 985 984 903 902 985 984 980 979 903 902 986 985 916 915 662 661 758 757 986 985 662 661 987 986 922 921 914 913 981 980 987 986 914 913 988 987 969 968 962 961 963 962 988 987 962 961 982 981 954 953 964 963 989 988 920 919 827 826 958 957 989 988 827 826 990 989 956 955 945 944 974 973 990 989 945 944 921 920 991 990 913 912 991 990 985 984 913 912 992 991 984 983 922 921 987 986 992 991 922 921 916 915 993 992 790 789 993 992 930 929 790 789 969 968 994 993 967 966 994 993 968 967 967 966 943 942 995 994 940 939 995 994 983 982 940 939 917 916 996 995 891 890 996 995 977 976 891 890 978 977 936 935 918 917 997 996 952 951 951 950 956 955 997 996 951 950 998 997 960 959 932 931 931 930 998 997 932 931 999 998 965 964 843 842 812 811 999 998 843 842 1000 999 935 934 896 895 966 965 1000 999 896 895 949 948 991 990 921 920 1001 1000 997 996 956 955 990 989 1001 1000 956 955 1002 1001 958 957 957 956 930 929 998 997 931 930 976 975 1003 1002 963 962 1003 1002 988 987 963 962 982 981 1004 1003 954 953 1004 1003 978 977 954 953 1005 1004 995 994 943 942 944 943 1005 1004 943 942 992 991 1006 1005 984 983 997 996 949 948 952 951 1007 1006 1008 1007 1002 1001 1008 1007 958 957 1002 1001 1001 1000 949 948 997 996 965 964 996 995 917 916 1009 1008 966 965 936 935 978 977 1009 1008 936 935 946 945 1010 1009 944 943 1010 1009 1005 1004 944 943 994 993 1011 1010 968 967 1011 1010 974 973 968 967 1012 1011 994 993 969 968 988 987 1012 1011 969 968 1013 1012 1003 1002 976 975 977 976 1013 1012 976 975 1014 1013 1010 1009 946 945 948 947 1014 1013 946 945 983 982 1015 1014 982 981 1015 1014 1004 1003 982 981 813 812 999 998 812 811 1000 999 815 814 935 934 1011 1010 1016 1015 974 973 1016 1015 990 989 974 973 955 954 1017 1016 948 947 1017 1016 1014 1013 948 947 1018 1017 973 972 901 900 975 974 1018 1017 901 900 1019 1018 972 971 888 887 973 972 1019 1018 888 887 996 995 1013 1012 977 976 1004 1003 1009 1008 978 977 1020 1019 975 974 920 919 989 988 1020 1019 920 919 1021 1020 1022 1021 971 970 972 971 1021 1020 971 970 1022 1021 758 757 971 970 1023 1022 1017 1016 955 954 959 958 1023 1022 955 954 979 978 1024 1023 981 980 1024 1023 1025 1024 981 980 1025 1024 987 986 981 980 992 991 1026 1025 1006 1005 408 408 970 969 686 685 929 928 1027 1026 806 805 1027 1026 417 417 806 805 417 417 416 416 806 805 980 979 1028 1027 979 978 1028 1027 1024 1023 979 978 1003 1002 1029 1028 988 987 1029 1028 1012 1011 988 987 995 994 1030 1029 983 982 1030 1029 1015 1014 983 982 1031 1030 992 991 987 986 1025 1024 1031 1030 987 986 1032 1031 986 985 758 757 1022 1021 1032 1031 758 757 985 984 1033 1032 980 979 1033 1032 1028 1027 980 979 1034 1033 1011 1010 994 993 1012 1011 1034 1033 994 993 1035 1034 989 988 958 957 1008 1007 1035 1034 958 957 814 813 999 998 813 812 1000 999 874 873 815 814 960 959 1036 1035 959 958 1036 1035 1023 1022 959 958 1016 1015 1037 1036 990 989 1037 1036 1001 1000 990 989 1038 1037 1039 1038 916 915 986 985 1038 1037 916 915 1039 1038 1040 1039 916 915 1040 1039 993 992 916 915 1041 1040 1026 1025 992 991 1031 1030 1041 1040 992 991 991 990 1042 1041 985 984 1042 1041 1033 1032 985 984 993 992 998 997 930 929 1043 1042 996 995 965 964 999 998 1043 1042 965 964 1044 1043 1000 999 966 965 1009 1008 1044 1043 966 965 949 948 1045 1044 991 990 1045 1044 1046 1045 991 990 1046 1045 1042 1041 991 990 1001 1000 1045 1044 949 948 1047 1046 1036 1035 960 959 998 997 1047 1046 960 959 1048 1047 1008 1007 1007 1006 1040 1039 998 997 993 992 1005 1004 1030 1029 995 994 1041 1040 1049 1048 1026 1025 1015 1014 1050 1049 1004 1003 1050 1049 1009 1008 1004 1003 1051 1050 1052 1051 1048 1047 1052 1051 1008 1007 1048 1047 1013 1012 1029 1028 1003 1002 1037 1036 1046 1045 1001 1000 1046 1045 1045 1044 1001 1000 1038 1037 1047 1046 998 997 1039 1038 1038 1037 998 997 1040 1039 1039 1038 998 997 1053 1052 1016 1015 1011 1010 1034 1033 1053 1052 1011 1010 928 927 1054 1053 814 813 1055 1054 999 998 814 813 1056 1055 1055 1054 814 813 1054 1053 1056 1055 814 813 1057 1056 929 928 874 873 1000 999 1057 1056 874 873 1029 1028 1034 1033 1012 1011 1010 1009 1058 1057 1005 1004 1058 1057 1030 1029 1005 1004 1059 1058 1060 1059 996 995 1043 1042 1059 1058 996 995 1060 1059 1013 1012 996 995 1050 1049 1061 1060 1009 1008 1061 1060 1044 1043 1009 1008 1060 1059 1029 1028 1013 1012 1030 1029 1050 1049 1015 1014 407 407 970 969 408 408 1062 1061 1018 1017 975 974 1020 1019 1062 1061 975 974 1014 1013 1058 1057 1010 1009 1063 1062 1020 1019 989 988 1035 1034 1063 1062 989 988 1064 1063 1019 1018 973 972 1018 1017 1064 1063 973 972 1065 1064 1037 1036 1016 1015 1053 1052 1065 1064 1016 1015 1041 1040 1066 1065 1049 1048 1024 1023 1067 1066 1025 1024 1067 1066 1068 1067 1025 1024 1068 1067 1031 1030 1025 1024 1069 1068 1041 1040 1031 1030 1068 1067 1069 1068 1031 1030 1070 1069 1021 1020 972 971 1019 1018 1070 1069 972 971 1028 1027 1071 1070 1024 1023 1071 1070 1067 1066 1024 1023 1072 1071 1035 1034 1008 1007 1052 1051 1072 1071 1008 1007 1055 1054 1043 1042 999 998 1044 1043 1073 1072 1000 999 1073 1072 1057 1056 1000 999 1021 1020 1074 1073 1022 1021 1074 1073 1032 1031 1022 1021 1075 1074 1066 1065 1041 1040 1069 1068 1075 1074 1041 1040 1033 1032 1076 1075 1028 1027 1076 1075 1071 1070 1028 1027 1032 1031 1077 1076 986 985 1078 1077 1038 1037 986 985 1077 1076 1078 1077 986 985 1042 1041 1079 1078 1033 1032 1079 1078 1076 1075 1033 1032 1017 1016 1080 1079 1014 1013 1080 1079 1058 1057 1014 1013 1081 1080 1053 1052 1034 1033 1029 1028 1081 1080 1034 1033 1082 1081 1052 1051 1051 1050 1083 1082 1079 1078 1042 1041 1084 1083 1083 1082 1042 1041 1046 1045 1085 1084 1042 1041 1085 1084 1084 1083 1042 1041 1037 1036 1085 1084 1046 1045 1075 1074 1086 1085 1066 1065 1087 1086 1084 1083 1085 1084 1037 1036 1087 1086 1085 1084 1078 1077 1088 1087 1038 1037 1088 1087 1047 1046 1038 1037 1065 1064 1087 1086 1037 1036 1089 1088 1090 1089 1082 1081 1090 1089 1052 1051 1082 1081 1023 1022 1080 1079 1017 1016 1055 1054 1091 1090 1043 1042 1091 1090 1059 1058 1043 1042 1061 1060 1073 1072 1044 1043 1092 1091 1054 1053 928 927 970 969 1092 1091 928 927 1093 1092 1027 1026 929 928 1057 1056 1093 1092 929 928 1060 1059 1094 1093 1029 1028 1094 1093 1081 1080 1029 1028 1058 1057 1095 1094 1030 1029 1095 1094 1050 1049 1030 1029 1036 1035 1096 1095 1023 1022 1096 1095 1080 1079 1023 1022 1097 1096 1065 1064 1053 1052 1081 1080 1097 1096 1053 1052 1098 1097 1094 1093 1060 1059 1059 1058 1098 1097 1060 1059 1095 1094 1099 1098 1050 1049 1099 1098 1061 1060 1050 1049 1100 1099 1063 1062 1035 1034 1072 1071 1100 1099 1035 1034 1101 1100 1062 1061 1020 1019 1063 1062 1101 1100 1020 1019 1075 1074 1102 1101 1086 1085 1103 1102 1075 1074 1069 1068 1068 1067 1104 1103 1069 1068 1104 1103 1103 1102 1069 1068 1067 1066 1105 1104 1068 1067 1105 1104 1104 1103 1068 1067 1106 1105 1072 1071 1052 1051 1090 1089 1106 1105 1052 1051 1107 1106 1064 1063 1018 1017 1062 1061 1107 1106 1018 1017 1108 1107 1102 1101 1075 1074 1103 1102 1108 1107 1075 1074 1071 1070 1109 1108 1067 1066 1109 1108 1105 1104 1067 1066 1047 1046 1096 1095 1036 1035 1110 1109 1070 1069 1019 1018 1064 1063 1110 1109 1019 1018 1076 1075 1111 1110 1071 1070 1111 1110 1109 1108 1071 1070 1070 1069 1112 1111 1021 1020 1112 1111 1074 1073 1021 1020 1077 1076 1088 1087 1078 1077 1113 1112 1090 1089 1089 1088 1114 1113 1115 1114 1032 1031 1115 1114 1077 1076 1032 1031 1074 1073 1114 1113 1032 1031 1108 1107 1116 1115 1102 1101 1079 1078 1117 1116 1076 1075 1117 1116 1111 1110 1076 1075 1087 1086 1083 1082 1084 1083 1083 1082 1117 1116 1079 1078 1097 1096 1118 1117 1065 1064 1118 1117 1119 1118 1065 1064 1119 1118 1120 1119 1065 1064 1120 1119 1087 1086 1065 1064 1088 1087 1096 1095 1047 1046 1121 1120 1122 1121 1113 1112 1122 1121 1090 1089 1113 1112 1115 1114 1088 1087 1077 1076 1056 1055 1091 1090 1055 1054 1061 1060 1123 1122 1073 1072 1123 1122 1057 1056 1073 1072 1094 1093 1124 1123 1081 1080 1124 1123 1097 1096 1081 1080 1080 1079 1125 1124 1058 1057 1125 1124 1095 1094 1058 1057 1126 1125 1100 1099 1072 1071 1106 1105 1126 1125 1072 1071 1127 1126 1098 1097 1059 1058 1091 1090 1127 1126 1059 1058 1099 1098 1123 1122 1061 1060 1128 1127 1108 1107 1103 1102 1104 1103 1129 1128 1103 1102 1129 1128 1128 1127 1103 1102 1130 1129 1101 1100 1063 1062 1100 1099 1130 1129 1063 1062 1131 1130 1106 1105 1090 1089 1122 1121 1131 1130 1090 1089 1132 1131 970 969 407 407 1133 1132 1132 1131 407 407 413 413 1133 1132 407 407 1108 1107 1134 1133 1116 1115 1125 1124 1135 1134 1095 1094 1135 1134 1099 1098 1095 1094 1136 1135 1124 1123 1094 1093 1098 1097 1136 1135 1094 1093 1137 1136 1092 1091 970 969 1132 1131 1137 1136 970 969 1093 1092 1138 1137 1027 1026 1138 1137 1139 1138 1027 1026 1139 1138 417 417 1027 1026 1105 1104 1140 1139 1104 1103 1140 1139 1129 1128 1104 1103 1141 1140 1134 1133 1108 1107 1128 1127 1141 1140 1108 1107 1142 1141 1143 1142 1144 1143 1143 1142 1145 1144 1144 1143 1145 1144 1146 1145 1088 1087 1146 1145 1096 1095 1088 1087 1147 1146 1083 1082 1087 1086 1120 1119 1148 1147 1087 1086 1148 1147 1147 1146 1087 1086 1149 1148 1107 1106 1062 1061 1101 1100 1149 1148 1062 1061 1109 1108 1150 1149 1105 1104 1150 1149 1140 1139 1105 1104 1151 1150 1122 1121 1121 1120 1152 1151 1110 1109 1064 1063 1107 1106 1152 1151 1064 1063 1141 1140 1153 1152 1134 1133 1139 1138 418 418 417 417 1111 1110 1154 1153 1109 1108 1154 1153 1150 1149 1109 1108 1115 1114 1114 1113 1155 1154 1114 1113 1156 1155 1143 1142 1156 1155 1145 1144 1143 1142 1110 1109 1157 1156 1070 1069 1157 1156 1112 1111 1070 1069 1158 1157 1159 1158 1151 1150 1159 1158 1122 1121 1151 1150 1112 1111 1160 1159 1074 1073 1160 1159 1161 1160 1074 1073 1161 1160 1156 1155 1074 1073 1156 1155 1114 1113 1074 1073 1117 1116 1162 1161 1111 1110 1162 1161 1154 1153 1111 1110 1147 1146 1117 1116 1083 1082 1148 1147 1117 1116 1147 1146 1139 1138 1163 1162 418 418 1163 1162 419 419 418 418 1096 1095 1164 1163 1080 1079 1164 1163 1125 1124 1080 1079 1124 1123 1165 1164 1097 1096 1165 1164 1118 1117 1097 1096 1166 1165 1162 1161 1117 1116 1148 1147 1166 1165 1117 1116 1127 1126 1091 1090 1056 1055 1167 1166 1127 1126 1056 1055 1168 1167 1167 1166 1056 1055 1054 1053 1168 1167 1056 1055 1123 1122 1169 1168 1057 1056 1169 1168 1093 1092 1057 1056 1170 1169 1126 1125 1106 1105 1131 1130 1170 1169 1106 1105 1141 1140 1171 1170 1153 1152 1172 1171 1141 1140 1128 1127 1129 1128 1173 1172 1128 1127 1173 1172 1172 1171 1128 1127 1174 1173 1131 1130 1122 1121 1159 1158 1174 1173 1122 1121 1175 1174 1171 1170 1141 1140 1172 1171 1175 1174 1141 1140 1176 1175 1130 1129 1100 1099 1126 1125 1176 1175 1100 1099 1140 1139 1177 1176 1129 1128 1177 1176 1173 1172 1129 1128 1178 1177 1149 1148 1101 1100 1130 1129 1178 1177 1101 1100 1179 1178 1159 1158 1158 1157 1136 1135 1180 1179 1124 1123 1180 1179 1165 1164 1124 1123 1164 1163 1181 1180 1125 1124 1181 1180 1135 1134 1125 1124 1175 1174 1182 1181 1171 1170 1150 1149 1183 1182 1140 1139 1183 1182 1177 1176 1140 1139 1184 1183 1148 1147 1120 1119 1185 1184 1184 1183 1120 1119 1119 1118 1185 1184 1120 1119 1186 1185 1136 1135 1098 1097 1127 1126 1186 1185 1098 1097 1135 1134 1187 1186 1099 1098 1187 1186 1123 1122 1099 1098 1188 1187 1152 1151 1107 1106 1149 1148 1188 1187 1107 1106 1189 1188 1190 1189 1179 1178 1190 1189 1159 1158 1179 1178 1191 1190 1145 1144 1156 1155 1161 1160 1191 1190 1156 1155 1184 1183 1166 1165 1148 1147 1154 1153 1192 1191 1150 1149 1192 1191 1183 1182 1150 1149 1193 1192 1137 1136 1132 1131 1133 1132 1193 1192 1132 1131 1138 1137 1194 1193 1139 1138 1194 1193 1195 1194 1139 1138 1195 1194 1163 1162 1139 1138 1165 1164 1196 1195 1118 1117 1196 1195 1119 1118 1118 1117 1146 1145 1197 1196 1096 1095 1197 1196 1164 1163 1096 1095 1152 1151 1198 1197 1110 1109 1198 1197 1157 1156 1110 1109 1199 1198 1170 1169 1131 1130 1174 1173 1199 1198 1131 1130 1162 1161 1200 1199 1154 1153 1200 1199 1192 1191 1154 1153 1160 1159 1191 1190 1161 1160 1157 1156 1201 1200 1112 1111 1201 1200 1202 1201 1112 1111 1202 1201 1160 1159 1112 1111 1203 1202 1175 1174 1172 1171 1173 1172 1204 1203 1172 1171 1204 1203 1203 1202 1172 1171 1205 1204 1174 1173 1159 1158 1190 1189 1205 1204 1159 1158 1206 1205 1207 1206 1175 1174 1207 1206 1182 1181 1175 1174 1203 1202 1206 1205 1175 1174 1195 1194 419 419 1163 1162 1208 1207 1162 1161 1166 1165 1184 1183 1208 1207 1166 1165 1209 1208 1210 1209 1162 1161 1210 1209 1200 1199 1162 1161 1208 1207 1209 1208 1162 1161 1211 1210 1176 1175 1126 1125 1170 1169 1211 1210 1126 1125 413 413 1193 1192 1133 1132 1177 1176 1212 1211 1173 1172 1212 1211 1204 1203 1173 1172 1184 1183 1209 1208 1208 1207 1213 1212 1190 1189 1189 1188 1206 1205 1214 1213 1207 1206 1092 1091 1215 1214 1054 1053 1215 1214 1168 1167 1054 1053 1216 1215 1138 1137 1093 1092 1169 1168 1216 1215 1093 1092 1185 1184 1210 1209 1184 1183 1210 1209 1209 1208 1184 1183 1217 1216 1178 1177 1130 1129 1176 1175 1217 1216 1130 1129 1202 1201 1191 1190 1160 1159 1183 1182 1218 1217 1177 1176 1218 1217 1212 1211 1177 1176 1219 1218 1220 1219 1213 1212 1220 1219 1190 1189 1213 1212 1221 1220 1196 1195 1165 1164 1180 1179 1221 1220 1165 1164 1197 1196 1222 1221 1164 1163 1222 1221 1181 1180 1164 1163 1223 1222 1185 1184 1119 1118 1224 1223 1223 1222 1119 1118 1196 1195 1225 1224 1119 1118 1225 1224 1224 1223 1119 1118 1226 1225 1197 1196 1146 1145 1227 1226 1226 1225 1146 1145 1145 1144 1227 1226 1146 1145 1228 1227 1188 1187 1149 1148 1178 1177 1228 1227 1149 1148 1229 1228 1199 1198 1174 1173 1205 1204 1229 1228 1174 1173 1230 1229 1205 1204 1190 1189 1220 1219 1230 1229 1190 1189 1231 1230 1206 1205 1203 1202 1204 1203 1232 1231 1203 1202 1232 1231 1231 1230 1203 1202 1233 1232 1234 1233 1206 1205 1234 1233 1214 1213 1206 1205 1231 1230 1233 1232 1206 1205 1192 1191 1235 1234 1183 1182 1235 1234 1218 1217 1183 1182 1236 1235 1211 1210 1170 1169 1199 1198 1236 1235 1170 1169 1212 1211 1237 1236 1204 1203 1237 1236 1232 1231 1204 1203 1187 1186 1238 1237 1123 1122 1238 1237 1169 1168 1123 1122 1239 1238 1186 1185 1127 1126 1167 1166 1239 1238 1127 1126 1240 1239 1220 1219 1219 1218 1188 1187 1241 1240 1152 1151 1241 1240 1198 1197 1152 1151 1181 1180 1242 1241 1135 1134 1242 1241 1187 1186 1135 1134 1186 1185 1243 1242 1136 1135 1243 1242 1180 1179 1136 1135 1233 1232 1244 1243 1234 1233 1200 1199 1245 1244 1192 1191 1245 1244 1235 1234 1192 1191 1191 1190 1227 1226 1145 1144 1246 1245 1247 1246 1157 1156 1198 1197 1246 1245 1157 1156 1247 1246 1248 1247 1157 1156 1248 1247 1201 1200 1157 1156 1249 1248 1191 1190 1202 1201 1201 1200 1249 1248 1202 1201 1250 1249 1217 1216 1176 1175 1211 1210 1250 1249 1176 1175 1210 1209 1251 1250 1200 1199 1251 1250 1252 1251 1200 1199 1252 1251 1245 1244 1200 1199 1218 1217 1253 1252 1212 1211 1253 1252 1237 1236 1212 1211 1254 1253 1255 1254 1240 1239 1255 1254 1220 1219 1240 1239 1185 1184 1251 1250 1210 1209 1256 1255 1230 1229 1220 1219 1255 1254 1256 1255 1220 1219 1257 1256 1229 1228 1205 1204 1230 1229 1257 1256 1205 1204 1258 1257 1244 1243 1233 1232 1259 1258 1258 1257 1233 1232 1231 1230 1260 1259 1233 1232 1260 1259 1259 1258 1233 1232 1232 1231 1261 1260 1231 1230 1261 1260 1260 1259 1231 1230 1248 1247 1249 1248 1201 1200 1262 1261 1255 1254 1254 1253 1259 1258 1263 1262 1258 1257 1264 1263 1236 1235 1199 1198 1229 1228 1264 1263 1199 1198 1223 1222 1265 1264 1185 1184 1265 1264 1266 1265 1185 1184 1266 1265 1267 1266 1185 1184 1267 1266 1268 1267 1185 1184 1268 1267 1252 1251 1185 1184 1252 1251 1251 1250 1185 1184 1269 1268 1227 1226 1191 1190 1249 1248 1270 1269 1191 1190 1270 1269 1271 1270 1191 1190 1271 1270 1269 1268 1191 1190 1237 1236 1272 1271 1232 1231 1272 1271 1261 1260 1232 1231 1273 1272 1228 1227 1178 1177 1217 1216 1273 1272 1178 1177 1274 1273 1215 1214 1092 1091 1137 1136 1274 1273 1092 1091 1216 1215 1275 1274 1138 1137 1275 1274 1194 1193 1138 1137 1235 1234 1276 1275 1218 1217 1276 1275 1253 1252 1218 1217 1277 1276 1222 1221 1197 1196 1226 1225 1277 1276 1197 1196 1278 1277 1225 1224 1196 1195 1221 1220 1278 1277 1196 1195 1194 1193 1279 1278 1195 1194 1279 1278 419 419 1195 1194 1262 1261 1280 1279 1255 1254 1281 1280 1256 1255 1255 1254 1280 1279 1281 1280 1255 1254 1282 1281 1263 1262 1259 1258 1260 1259 1283 1282 1259 1258 1283 1282 1282 1281 1259 1258 1284 1283 1280 1279 1262 1261 1285 1284 1257 1256 1230 1229 1256 1255 1285 1284 1230 1229 1261 1260 1286 1285 1260 1259 1286 1285 1283 1282 1260 1259 1282 1281 1287 1286 1263 1262 1288 1287 1250 1249 1211 1210 1236 1235 1288 1287 1211 1210 1228 1227 1289 1288 1188 1187 1289 1288 1241 1240 1188 1187 1253 1252 1290 1289 1237 1236 1290 1289 1272 1271 1237 1236 1291 1290 1292 1291 1284 1283 1292 1291 1280 1279 1284 1283 1282 1281 1293 1292 1287 1286 1248 1247 1247 1246 1249 1248 1247 1246 1270 1269 1249 1248 1245 1244 1294 1293 1235 1234 1294 1293 1276 1275 1235 1234 1295 1294 1264 1263 1229 1228 1257 1256 1295 1294 1229 1228 1272 1271 1296 1295 1261 1260 1296 1295 1286 1285 1261 1260 1297 1296 1281 1280 1280 1279 1292 1291 1297 1296 1280 1279 1298 1297 1293 1292 1282 1281 1283 1282 1299 1298 1282 1281 1299 1298 1298 1297 1282 1281 1241 1240 1300 1299 1198 1197 1300 1299 1301 1300 1198 1197 1301 1300 1246 1245 1198 1197 1302 1301 1239 1238 1167 1166 1168 1167 1302 1301 1167 1166 1238 1237 1303 1302 1169 1168 1303 1302 1216 1215 1169 1168 1304 1303 1221 1220 1180 1179 1243 1242 1304 1303 1180 1179 1222 1221 1305 1304 1181 1180 1305 1304 1242 1241 1181 1180 1306 1305 1292 1291 1291 1290 1298 1297 1307 1306 1293 1292 1308 1307 1285 1284 1256 1255 1281 1280 1308 1307 1256 1255 1267 1266 1309 1308 1245 1244 1309 1308 1294 1293 1245 1244 1252 1251 1268 1267 1245 1244 1268 1267 1267 1266 1245 1244 1286 1285 1310 1309 1283 1282 1310 1309 1299 1298 1283 1282 1311 1310 1292 1291 1306 1305 1312 1311 1311 1310 1306 1305 1246 1245 1270 1269 1247 1246 1298 1297 1313 1312 1307 1306 1239 1238 1314 1313 1186 1185 1314 1313 1243 1242 1186 1185 1242 1241 1315 1314 1187 1186 1315 1314 1238 1237 1187 1186 1316 1315 1273 1272 1217 1216 1250 1249 1316 1315 1217 1216 1276 1275 1317 1316 1253 1252 1317 1316 1290 1289 1253 1252 1318 1317 1297 1296 1292 1291 1311 1310 1318 1317 1292 1291 1319 1318 1313 1312 1298 1297 1299 1298 1320 1319 1298 1297 1320 1319 1319 1318 1298 1297 1321 1320 1311 1310 1312 1311 1319 1318 1322 1321 1313 1312 1323 1322 1311 1310 1321 1320 1319 1318 1324 1323 1322 1321 1324 1323 1323 1322 1322 1321 1325 1324 1288 1287 1236 1235 1264 1263 1325 1324 1236 1235 1290 1289 1326 1325 1272 1271 1326 1325 1296 1295 1272 1271 1324 1323 1311 1310 1323 1322 1327 1326 1295 1294 1257 1256 1285 1284 1327 1326 1257 1256 1296 1295 1328 1327 1286 1285 1328 1327 1310 1309 1286 1285 1329 1328 1308 1307 1281 1280 1297 1296 1329 1328 1281 1280 1310 1309 1330 1329 1299 1298 1330 1329 1320 1319 1299 1298 1331 1330 1318 1317 1311 1310 1324 1323 1331 1330 1311 1310 1332 1331 1331 1330 1319 1318 1331 1330 1324 1323 1319 1318 1320 1319 1333 1332 1319 1318 1333 1332 1332 1331 1319 1318 1334 1333 1335 1334 1223 1222 1335 1334 1336 1335 1223 1222 1336 1335 1265 1264 1223 1222 1224 1223 1334 1333 1223 1222 1337 1336 1277 1276 1226 1225 1227 1226 1337 1336 1226 1225 1338 1337 1339 1338 1225 1224 1278 1277 1338 1337 1225 1224 1339 1338 1224 1223 1225 1224 1266 1265 1309 1308 1267 1266 1301 1300 1270 1269 1246 1245 1332 1331 1318 1317 1331 1330 1273 1272 1340 1339 1228 1227 1340 1339 1289 1288 1228 1227 1341 1340 1329 1328 1297 1296 1318 1317 1341 1340 1297 1296 1330 1329 1342 1341 1320 1319 1342 1341 1333 1332 1320 1319 1193 1192 1274 1273 1137 1136 1275 1274 1343 1342 1194 1193 1343 1342 1344 1343 1194 1193 1344 1343 1279 1278 1194 1193 1294 1293 1345 1344 1276 1275 1345 1344 1317 1316 1276 1275 1346 1345 1327 1326 1285 1284 1308 1307 1346 1345 1285 1284 1328 1327 1347 1346 1310 1309 1347 1346 1330 1329 1310 1309 1265 1264 1309 1308 1266 1265 1332 1331 1341 1340 1318 1317 1342 1341 1348 1347 1333 1332 1348 1347 1349 1348 1333 1332 1349 1348 1332 1331 1333 1332 1350 1349 1325 1324 1264 1263 1295 1294 1350 1349 1264 1263 1351 1350 1316 1315 1250 1249 1288 1287 1351 1350 1250 1249 1326 1325 1352 1351 1296 1295 1352 1351 1328 1327 1296 1295 1317 1316 1353 1352 1290 1289 1353 1352 1326 1325 1290 1289 1349 1348 1341 1340 1332 1331 1354 1353 1355 1354 1241 1240 1289 1288 1354 1353 1241 1240 1355 1354 1356 1355 1241 1240 1356 1355 1300 1299 1241 1240 1336 1335 1357 1356 1265 1264 1358 1357 1309 1308 1265 1264 1357 1356 1358 1357 1265 1264 1309 1308 1358 1357 1294 1293 1358 1357 1359 1358 1294 1293 1359 1358 1345 1344 1294 1293 1360 1359 1346 1345 1308 1307 1329 1328 1360 1359 1308 1307 1347 1346 1361 1360 1330 1329 1361 1360 1342 1341 1330 1329 1301 1300 1271 1270 1270 1269 1300 1299 1271 1270 1301 1300 1362 1361 1278 1277 1221 1220 1304 1303 1362 1361 1221 1220 1363 1362 1305 1304 1222 1221 1277 1276 1363 1362 1222 1221 1364 1363 1341 1340 1349 1348 1348 1347 1364 1363 1349 1348 1365 1364 1269 1268 1271 1270 1300 1299 1365 1364 1271 1270 1215 1214 1302 1301 1168 1167 1303 1302 1275 1274 1216 1215 1341 1340 1360 1359 1329 1328 1361 1360 1366 1365 1342 1341 1366 1365 1348 1347 1342 1341 1367 1366 1350 1349 1295 1294 1327 1326 1367 1366 1295 1294 1352 1351 1368 1367 1328 1327 1368 1367 1347 1346 1328 1327 1316 1315 1369 1368 1273 1272 1369 1368 1340 1339 1273 1272 1364 1363 1360 1359 1341 1340 1366 1365 1370 1369 1348 1347 1370 1369 1364 1363 1348 1347 1345 1344 1371 1370 1317 1316 1371 1370 1353 1352 1317 1316 1372 1371 1351 1350 1288 1287 1325 1324 1372 1371 1288 1287 1353 1352 1373 1372 1326 1325 1373 1372 1352 1351 1326 1325 1335 1334 1374 1373 1336 1335 1374 1373 1357 1356 1336 1335 1302 1301 1375 1374 1239 1238 1375 1374 1314 1313 1239 1238 1315 1314 1376 1375 1238 1237 1376 1375 1303 1302 1238 1237 1370 1369 1360 1359 1364 1363 1377 1376 1304 1303 1243 1242 1314 1313 1377 1376 1243 1242 1305 1304 1378 1377 1242 1241 1378 1377 1315 1314 1242 1241 1379 1378 1334 1333 1224 1223 1339 1338 1379 1378 1224 1223 1380 1379 1337 1336 1227 1226 1269 1268 1381 1380 1227 1226 1381 1380 1380 1379 1227 1226 1334 1333 1374 1373 1335 1334 1365 1364 1381 1380 1269 1268 1382 1381 1367 1366 1327 1326 1346 1345 1382 1381 1327 1326 1368 1367 1383 1382 1347 1346 1383 1382 1361 1360 1347 1346 1344 1343 1384 1383 1279 1278 1385 1384 419 419 1279 1278 1384 1383 1385 1384 1279 1278 1379 1378 1374 1373 1334 1333 1365 1364 1380 1379 1381 1380 1386 1385 1274 1273 1193 1192 413 413 1386 1385 1193 1192 1387 1386 1354 1353 1289 1288 1340 1339 1387 1386 1289 1288 1388 1387 1382 1381 1346 1345 1360 1359 1388 1387 1346 1345 1383 1382 1366 1365 1361 1360 1357 1356 1359 1358 1358 1357 1389 1388 1371 1370 1345 1344 1359 1358 1390 1389 1345 1344 1390 1389 1389 1388 1345 1344 1356 1355 1391 1390 1300 1299 1391 1390 1365 1364 1300 1299 1392 1391 1372 1371 1325 1324 1350 1349 1392 1391 1325 1324 1373 1372 1393 1392 1352 1351 1393 1392 1368 1367 1352 1351 1355 1354 1391 1390 1356 1355 1365 1364 1337 1336 1380 1379 1394 1393 1277 1276 1337 1336 1365 1364 1394 1393 1337 1336 1395 1394 1374 1373 1379 1378 1339 1338 1395 1394 1379 1378 1351 1350 1396 1395 1316 1315 1396 1395 1369 1368 1316 1315 1397 1396 1388 1387 1360 1359 1370 1369 1397 1396 1360 1359 1397 1396 1370 1369 1366 1365 1398 1397 1399 1398 1366 1365 1399 1398 1397 1396 1366 1365 1383 1382 1398 1397 1366 1365 1371 1370 1400 1399 1353 1352 1400 1399 1373 1372 1353 1352 1354 1353 1391 1390 1355 1354 1357 1356 1390 1389 1359 1358 1401 1400 1394 1393 1365 1364 1402 1401 1401 1400 1365 1364 1391 1390 1402 1401 1365 1364 1395 1394 1357 1356 1374 1373 1399 1398 1388 1387 1397 1396 1403 1402 1392 1391 1350 1349 1367 1366 1403 1402 1350 1349 1393 1392 1404 1403 1368 1367 1404 1403 1383 1382 1368 1367 1338 1337 1395 1394 1339 1338 1405 1404 1338 1337 1278 1277 1362 1361 1406 1405 1278 1277 1406 1405 1407 1406 1278 1277 1407 1406 1405 1404 1278 1277 1394 1393 1408 1407 1277 1276 1408 1407 1409 1408 1277 1276 1409 1408 1363 1362 1277 1276 1410 1409 1375 1374 1215 1214 1411 1410 1410 1409 1215 1214 1274 1273 1411 1410 1215 1214 1375 1374 1302 1301 1215 1214 1303 1302 1412 1411 1275 1274 1412 1411 1343 1342 1275 1274 1357 1356 1389 1388 1390 1389 1369 1368 1413 1412 1340 1339 1413 1412 1414 1413 1340 1339 1414 1413 1415 1414 1340 1339 1416 1415 1387 1386 1340 1339 1415 1414 1416 1415 1340 1339 1372 1371 1417 1416 1351 1350 1417 1416 1396 1395 1351 1350 1418 1417 1403 1402 1367 1366 1382 1381 1418 1417 1367 1366 1419 1418 1398 1397 1383 1382 1404 1403 1420 1419 1383 1382 1420 1419 1419 1418 1383 1382 1421 1420 1422 1421 1386 1385 1422 1421 1274 1273 1386 1385 413 413 1421 1420 1386 1385 1400 1399 1423 1422 1373 1372 1423 1422 1393 1392 1373 1372 1424 1423 1425 1424 1371 1370 1425 1424 1400 1399 1371 1370 1389 1388 1426 1425 1371 1370 1426 1425 1424 1423 1371 1370 1376 1375 1412 1411 1303 1302 1405 1404 1395 1394 1338 1337 1401 1400 1408 1407 1394 1393 1343 1342 1427 1426 1344 1343 1427 1426 1428 1427 1344 1343 1428 1427 1384 1383 1344 1343 1429 1428 1362 1361 1304 1303 1377 1376 1429 1428 1304 1303 1430 1429 1378 1377 1305 1304 1363 1362 1430 1429 1305 1304 1431 1430 1377 1376 1314 1313 1375 1374 1431 1430 1314 1313 1378 1377 1432 1431 1315 1314 1432 1431 1376 1375 1315 1314 1433 1432 1418 1417 1382 1381 1388 1387 1433 1432 1382 1381 1354 1353 1434 1433 1391 1390 1435 1434 1402 1401 1391 1390 1434 1433 1435 1434 1391 1390 1436 1435 1389 1388 1357 1356 1437 1436 1436 1435 1357 1356 1395 1394 1437 1436 1357 1356 1407 1406 1395 1394 1405 1404 1401 1400 1409 1408 1408 1407 1387 1386 1434 1433 1354 1353 1399 1398 1433 1432 1388 1387 1438 1437 1439 1438 1398 1397 1439 1438 1399 1398 1398 1397 1419 1418 1438 1437 1398 1397 1436 1435 1426 1425 1389 1388 1392 1391 1440 1439 1372 1371 1440 1439 1417 1416 1372 1371 1423 1422 1441 1440 1393 1392 1441 1440 1404 1403 1393 1392 1442 1441 1434 1433 1387 1386 1416 1415 1442 1441 1387 1386 1443 1442 1424 1423 1426 1425 1436 1435 1443 1442 1426 1425 1439 1438 1433 1432 1399 1398 1444 1443 1363 1362 1409 1408 1401 1400 1444 1443 1409 1408 1396 1395 1445 1444 1369 1368 1445 1444 1446 1445 1369 1368 1446 1445 1413 1412 1369 1368 1447 1446 1448 1447 1400 1399 1448 1447 1449 1448 1400 1399 1449 1448 1423 1422 1400 1399 1425 1424 1450 1449 1400 1399 1450 1449 1447 1446 1400 1399 1451 1450 1444 1443 1401 1400 1452 1451 1451 1450 1401 1400 1402 1401 1452 1451 1401 1400 1407 1406 1406 1405 1395 1394 1453 1452 1437 1436 1395 1394 1406 1405 1453 1452 1395 1394 1403 1402 1454 1453 1392 1391 1454 1453 1440 1439 1392 1391 1441 1440 1455 1454 1404 1403 1455 1454 1420 1419 1404 1403 1422 1421 1456 1455 1274 1273 1456 1455 1411 1410 1274 1273 1412 1411 1457 1456 1343 1342 1457 1456 1427 1426 1343 1342 1458 1457 1442 1441 1416 1415 1415 1414 1458 1457 1416 1415 1459 1458 1435 1434 1434 1433 1442 1441 1459 1458 1434 1433 1460 1459 1443 1442 1436 1435 1437 1436 1460 1459 1436 1435 1418 1417 1461 1460 1403 1402 1461 1460 1454 1453 1403 1402 1414 1413 1458 1457 1415 1414 1455 1454 1462 1461 1420 1419 1462 1461 1419 1418 1420 1419 1463 1462 1433 1432 1439 1438 1438 1437 1463 1462 1439 1438 1464 1463 1425 1424 1424 1423 1443 1442 1464 1463 1424 1423 1465 1464 1458 1457 1414 1413 1413 1412 1465 1464 1414 1413 1417 1416 1466 1465 1396 1395 1466 1465 1467 1466 1396 1395 1467 1466 1445 1444 1396 1395 1464 1463 1450 1449 1425 1424 1468 1467 1441 1440 1423 1422 1449 1448 1469 1468 1423 1422 1469 1468 1468 1467 1423 1422 1433 1432 1470 1469 1418 1417 1470 1469 1461 1460 1418 1417 1471 1470 1472 1471 1419 1418 1472 1471 1473 1472 1419 1418 1473 1472 1438 1437 1419 1418 1462 1461 1474 1473 1419 1418 1474 1473 1471 1470 1419 1418 1429 1428 1406 1405 1362 1361 1444 1443 1430 1429 1363 1362 1464 1463 1447 1446 1450 1449 1451 1450 1430 1429 1444 1443 1429 1428 1453 1452 1406 1405 1475 1474 1431 1430 1375 1374 1410 1409 1475 1474 1375 1374 1432 1431 1476 1475 1376 1375 1476 1475 1412 1411 1376 1375 1463 1462 1470 1469 1433 1432 1477 1476 1463 1462 1438 1437 1473 1472 1477 1476 1438 1437 1478 1477 1452 1451 1402 1401 1435 1434 1478 1477 1402 1401 1479 1478 1460 1459 1437 1436 1453 1452 1479 1478 1437 1436 1480 1479 1481 1480 1377 1376 1431 1430 1480 1479 1377 1376 1482 1481 1429 1428 1377 1376 1481 1480 1482 1481 1377 1376 1483 1482 1484 1483 1378 1377 1484 1483 1485 1484 1378 1377 1485 1484 1432 1431 1378 1377 1430 1429 1483 1482 1378 1377 1482 1481 1453 1452 1429 1428 1451 1450 1483 1482 1430 1429 1477 1476 1470 1469 1463 1462 1486 1485 1459 1458 1442 1441 1458 1457 1486 1485 1442 1441 1487 1486 1464 1463 1443 1442 1460 1459 1487 1486 1443 1442 1446 1445 1465 1464 1413 1412 1488 1487 1448 1447 1447 1446 1464 1463 1488 1487 1447 1446 1440 1439 1489 1488 1417 1416 1489 1488 1490 1489 1417 1416 1490 1489 1466 1465 1417 1416 1491 1490 1455 1454 1441 1440 1468 1467 1492 1491 1441 1440 1492 1491 1491 1490 1441 1440 1493 1492 1465 1464 1446 1445 1445 1444 1493 1492 1446 1445 1494 1493 1449 1448 1448 1447 1488 1487 1494 1493 1448 1447 1421 1420 1495 1494 1422 1421 1495 1494 1496 1495 1422 1421 1496 1495 1456 1455 1422 1421 1497 1496 1428 1427 1427 1426 1498 1497 1497 1496 1427 1426 1457 1456 1498 1497 1427 1426 1499 1498 1500 1499 1440 1439 1454 1453 1499 1498 1440 1439 1500 1499 1501 1500 1440 1439 1501 1500 1489 1488 1440 1439 1502 1501 1462 1461 1455 1454 1491 1490 1503 1502 1455 1454 1503 1502 1504 1503 1455 1454 1504 1503 1505 1504 1455 1454 1505 1504 1502 1501 1455 1454 1459 1458 1478 1477 1435 1434 1479 1478 1506 1505 1460 1459 1507 1506 1487 1486 1460 1459 1506 1505 1507 1506 1460 1459 1467 1466 1493 1492 1445 1444 1494 1493 1469 1468 1449 1448 1508 1507 1486 1485 1458 1457 1465 1464 1508 1507 1458 1457 1509 1508 1488 1487 1464 1463 1487 1486 1509 1508 1464 1463 1461 1460 1510 1509 1454 1453 1510 1509 1511 1510 1454 1453 1511 1510 1499 1498 1454 1453 1502 1501 1474 1473 1462 1461 1481 1480 1453 1452 1482 1481 1451 1450 1484 1483 1483 1482 1451 1450 1485 1484 1484 1483 1480 1479 1453 1452 1481 1480 1512 1511 1432 1431 1485 1484 1451 1450 1512 1511 1485 1484 1513 1512 1493 1492 1467 1466 1466 1465 1513 1512 1467 1466 1494 1493 1468 1467 1469 1468 1497 1496 1514 1513 1428 1427 1515 1514 1384 1383 1428 1427 1514 1513 1515 1514 1428 1427 1516 1515 1517 1516 1421 1420 1517 1516 1518 1517 1421 1420 1518 1517 1495 1494 1421 1420 413 413 1516 1515 1421 1420 1519 1518 1520 1519 1461 1460 1470 1469 1519 1518 1461 1460 1520 1519 1521 1520 1461 1460 1521 1520 1510 1509 1461 1460 1494 1493 1492 1491 1468 1467 1431 1430 1522 1521 1480 1479 1523 1522 1453 1452 1480 1479 1522 1521 1523 1522 1480 1479 1490 1489 1513 1512 1466 1465 1524 1523 1525 1524 1412 1411 1525 1524 1457 1456 1412 1411 1476 1475 1526 1525 1412 1411 1526 1525 1524 1523 1412 1411 1527 1526 1528 1527 1410 1409 1528 1527 1529 1528 1410 1409 1530 1529 1475 1474 1410 1409 1529 1528 1530 1529 1410 1409 1411 1410 1527 1526 1410 1409 1494 1493 1531 1530 1492 1491 1531 1530 1491 1490 1492 1491 1477 1476 1532 1531 1470 1469 1532 1531 1533 1532 1470 1469 1534 1533 1519 1518 1470 1469 1533 1532 1534 1533 1470 1469 1535 1534 1532 1531 1477 1476 1473 1472 1536 1535 1477 1476 1536 1535 1535 1534 1477 1476 1537 1536 1476 1475 1432 1431 1538 1537 1537 1536 1432 1431 1512 1511 1538 1537 1432 1431 1475 1474 1539 1538 1431 1430 1539 1538 1540 1539 1431 1430 1540 1539 1522 1521 1431 1430 1541 1540 1508 1507 1465 1464 1493 1492 1541 1540 1465 1464 1542 1541 1478 1477 1459 1458 1543 1542 1542 1541 1459 1458 1486 1485 1543 1542 1459 1458 1544 1543 1494 1493 1488 1487 1509 1508 1544 1543 1488 1487 1507 1506 1509 1508 1487 1486 1545 1544 1503 1502 1491 1490 1531 1530 1545 1544 1491 1490 1489 1488 1513 1512 1490 1489 1545 1544 1504 1503 1503 1502 1546 1545 1513 1512 1489 1488 1501 1500 1546 1545 1489 1488 1500 1499 1546 1545 1501 1500 1547 1546 1512 1511 1451 1450 1548 1547 1547 1546 1451 1450 1452 1451 1548 1547 1451 1450 1523 1522 1479 1478 1453 1452 1540 1539 1523 1522 1522 1521 1547 1546 1538 1537 1512 1511 1499 1498 1549 1548 1500 1499 1549 1548 1546 1545 1500 1499 1511 1510 1549 1548 1499 1498 1545 1544 1505 1504 1504 1503 1550 1549 1541 1540 1493 1492 1513 1512 1550 1549 1493 1492 1551 1550 1502 1501 1505 1504 1545 1544 1551 1550 1505 1504 1551 1550 1474 1473 1502 1501 1552 1551 1531 1530 1494 1493 1544 1543 1552 1551 1494 1493 1547 1546 1537 1536 1538 1537 1553 1552 1543 1542 1486 1485 1508 1507 1553 1552 1486 1485 1507 1506 1554 1553 1509 1508 1554 1553 1544 1543 1509 1508 1547 1546 1476 1475 1537 1536 1539 1538 1523 1522 1540 1539 1475 1474 1523 1522 1539 1538 1555 1554 1471 1470 1474 1473 1551 1550 1555 1554 1474 1473 1510 1509 1549 1548 1511 1510 1556 1555 1549 1548 1510 1509 1521 1520 1556 1555 1510 1509 1520 1519 1556 1555 1521 1520 1557 1556 1527 1526 1411 1410 1558 1557 1559 1558 1411 1410 1559 1558 1560 1559 1411 1410 1560 1559 1557 1556 1411 1410 1456 1455 1561 1560 1411 1410 1561 1560 1558 1557 1411 1410 1562 1561 1563 1562 1457 1456 1525 1524 1564 1563 1457 1456 1564 1563 1565 1564 1457 1456 1565 1564 1562 1561 1457 1456 1566 1565 1498 1497 1457 1456 1563 1562 1566 1565 1457 1456 1567 1566 1556 1555 1520 1519 1519 1518 1567 1566 1520 1519 1555 1554 1472 1471 1471 1470 1568 1567 1473 1472 1472 1471 1555 1554 1568 1567 1472 1471 1546 1545 1550 1549 1513 1512 1552 1551 1569 1568 1531 1530 1569 1568 1545 1544 1531 1530 1568 1567 1536 1535 1473 1472 1568 1567 1535 1534 1536 1535 1534 1533 1567 1566 1519 1518 1533 1532 1567 1566 1534 1533 1532 1531 1567 1566 1533 1532 1570 1569 1532 1531 1535 1534 1568 1567 1570 1569 1535 1534 1570 1569 1567 1566 1532 1531 1547 1546 1526 1525 1476 1475 1571 1570 1524 1523 1526 1525 1547 1546 1571 1570 1526 1525 1530 1529 1523 1522 1475 1474 1572 1571 1523 1522 1530 1529 1529 1528 1572 1571 1530 1529 1573 1572 1548 1547 1452 1451 1478 1477 1573 1572 1452 1451 1574 1573 1553 1552 1508 1507 1541 1540 1574 1573 1508 1507 1523 1522 1575 1574 1479 1478 1575 1574 1506 1505 1479 1478 1554 1553 1576 1575 1544 1543 1576 1575 1552 1551 1544 1543 1577 1576 1578 1577 1542 1541 1543 1542 1577 1576 1542 1541 1578 1577 1478 1477 1542 1541 1579 1578 1554 1553 1507 1506 1506 1505 1579 1578 1507 1506 1525 1524 1524 1523 1571 1570 1580 1579 1525 1524 1571 1570 1547 1546 1580 1579 1571 1570 1528 1527 1572 1571 1529 1528 1581 1580 1580 1579 1547 1546 1548 1547 1581 1580 1547 1546 1572 1571 1575 1574 1523 1522 1580 1579 1564 1563 1525 1524 1527 1526 1572 1571 1528 1527 1582 1581 1574 1573 1541 1540 1550 1549 1582 1581 1541 1540 1576 1575 1583 1582 1552 1551 1583 1582 1569 1568 1552 1551 1580 1579 1565 1564 1564 1563 1584 1583 1572 1571 1527 1526 1557 1556 1584 1583 1527 1526 1560 1559 1584 1583 1557 1556 1585 1584 1562 1561 1565 1564 1580 1579 1585 1584 1565 1564 1586 1585 1577 1576 1543 1542 1553 1552 1586 1585 1543 1542 1579 1578 1587 1586 1554 1553 1587 1586 1576 1575 1554 1553 1588 1587 1573 1572 1478 1477 1578 1577 1588 1587 1478 1477 1575 1574 1589 1588 1506 1505 1589 1588 1579 1578 1506 1505 1590 1589 1584 1583 1560 1559 1559 1558 1590 1589 1560 1559 1585 1584 1563 1562 1562 1561 1591 1590 1561 1560 1456 1455 1496 1495 1592 1591 1456 1455 1592 1591 1591 1590 1456 1455 1566 1565 1593 1592 1498 1497 1593 1592 1594 1593 1498 1497 1594 1593 1595 1594 1498 1497 1595 1594 1497 1496 1498 1497 1558 1557 1590 1589 1559 1558 1596 1595 1582 1581 1550 1549 1546 1545 1596 1595 1550 1549 1597 1596 1566 1565 1563 1562 1585 1584 1597 1596 1563 1562 1583 1582 1598 1597 1569 1568 1598 1597 1545 1544 1569 1568 1561 1560 1590 1589 1558 1557 1597 1596 1593 1592 1566 1565 1591 1590 1599 1598 1561 1560 1599 1598 1590 1589 1561 1560 1600 1599 1594 1593 1593 1592 1597 1596 1600 1599 1593 1592 1601 1600 1581 1580 1548 1547 1573 1572 1601 1600 1548 1547 1592 1591 1599 1598 1591 1590 1496 1495 1599 1598 1592 1591 1600 1599 1595 1594 1594 1593 1495 1494 1599 1598 1496 1495 1600 1599 1497 1496 1595 1594 1572 1571 1602 1601 1575 1574 1602 1601 1589 1588 1575 1574 1603 1602 1514 1513 1497 1496 1600 1599 1603 1602 1497 1496 1604 1603 1586 1585 1553 1552 1574 1573 1604 1603 1553 1552 1605 1604 1599 1598 1495 1494 1518 1517 1605 1604 1495 1494 1603 1602 1515 1514 1514 1513 1606 1605 1605 1604 1518 1517 1603 1602 1607 1606 1515 1514 1608 1607 1385 1384 1384 1383 1609 1608 1610 1609 1516 1515 413 413 1609 1608 1516 1515 1608 1607 419 419 1385 1384 1611 1610 1612 1611 413 413 1612 1611 1609 1608 413 413 1608 1607 420 420 419 419 1613 1612 1612 1611 1611 1610 1614 1613 1615 1614 420 420 1608 1607 1614 1613 420 420 1616 1615 422 422 421 421 428 428 1617 1616 411 411 1617 1616 1618 1617 411 411 1616 1615 429 429 422 422 1619 1618 1620 1619 428 428 1620 1619 1617 1616 428 428 1621 1620 430 430 429 429 1622 1621 1620 1619 1619 1618 1623 1622 1622 1621 1624 1623 1625 1624 1626 1625 430 430 1621 1620 1625 1624 430 430 1627 1626 1628 1627 1629 1628 425 425 1622 1621 1623 1622 1630 1629 431 431 1628 1627 1627 1626 1630 1629 1628 1627 436 436 1631 1630 425 425 1632 1631 1622 1621 425 425 1631 1630 1632 1631 425 425 1630 1629 437 437 431 431 435 435 1631 1630 436 436 1633 1632 440 440 437 437 1630 1629 1633 1632 437 437 442 442 1631 1630 435 435 1633 1632 1634 1633 440 440 1634 1633 438 438 440 440 1635 1634 1631 1630 442 442 441 441 1635 1634 442 442 1636 1635 445 445 438 438 1634 1633 1636 1635 438 438 443 443 1637 1636 441 441 1637 1636 1635 1634 441 441 1638 1637 446 446 445 445 1636 1635 1638 1637 445 445 449 449 1639 1638 443 443 1639 1638 1637 1636 443 443 1638 1637 1640 1639 446 446 1640 1639 447 447 446 446 452 452 1641 1640 449 449 1641 1640 1639 1638 449 449 1640 1639 453 453 447 447 451 451 1642 1641 452 452 1643 1642 1641 1640 452 452 1640 1639 454 454 453 453 457 457 1642 1641 451 451 1644 1643 461 461 454 454 1645 1644 1644 1643 454 454 1640 1639 1645 1644 454 454 456 456 1646 1645 457 457 1646 1645 1642 1641 457 457 1644 1643 462 462 461 461 1647 1646 1648 1647 456 456 1649 1648 1647 1646 456 456 460 460 1649 1648 456 456 1650 1649 463 463 1651 1650 1652 1651 1650 1649 1651 1650 1644 1643 1652 1651 1651 1650 459 459 1649 1648 460 460 1650 1649 464 464 463 463 470 470 1649 1648 459 459 1653 1652 475 475 464 464 1650 1649 1653 1652 464 464 469 469 1654 1653 470 470 1654 1653 1649 1648 470 470 1655 1654 471 471 475 475 1656 1655 472 472 1657 1656 1653 1652 1656 1655 1657 1656 1658 1657 1659 1658 469 469 1660 1659 1658 1657 469 469 468 468 1660 1659 469 469 467 467 1660 1659 468 468 1661 1660 474 474 472 472 1656 1655 1661 1660 472 472 477 477 1662 1661 467 467 1662 1661 1660 1659 467 467 1661 1660 473 473 474 474 476 476 1662 1661 477 477 1663 1662 476 476 473 473 1661 1660 1663 1662 473 473 1663 1662 1662 1661 476 476 1587 1586 1664 1663 1576 1575 1664 1663 1583 1582 1576 1575 1581 1580 1585 1584 1580 1579 1584 1583 1602 1601 1572 1571 1609 1608 1665 1664 1610 1609 1665 1664 1606 1605 1610 1609 1607 1606 1666 1665 1667 1666 1668 1667 1596 1595 1546 1545 1549 1548 1668 1667 1546 1545 1669 1668 1588 1587 1578 1577 1577 1576 1669 1668 1578 1577 1598 1597 1670 1669 1545 1544 1670 1669 1551 1550 1545 1544 1671 1670 1587 1586 1579 1578 1589 1588 1671 1670 1579 1578 1672 1671 1620 1619 1622 1621 1632 1631 1672 1671 1622 1621 1625 1624 1673 1672 1626 1625 1673 1672 1674 1673 1626 1625 1675 1674 1676 1675 1618 1617 1617 1616 1675 1674 1618 1617 1677 1676 1621 1620 1678 1677 1614 1613 1677 1676 1678 1677 1661 1660 1679 1678 1663 1662 1679 1678 1662 1661 1663 1662 1679 1678 1680 1679 1662 1661 1680 1679 1660 1659 1662 1661 1681 1680 1652 1651 1644 1643 1645 1644 1681 1680 1644 1643 1682 1681 1643 1642 1648 1647 1647 1646 1682 1681 1648 1647 1683 1682 1656 1655 1653 1652 1650 1649 1683 1682 1653 1652 1684 1683 1685 1684 1659 1658 1658 1657 1684 1683 1659 1658 1661 1660 1686 1685 1679 1678 1686 1685 1687 1686 1679 1678 1687 1686 1680 1679 1679 1678 1688 1687 1597 1596 1585 1584 1581 1580 1688 1687 1585 1584 1689 1688 1602 1601 1584 1583 1590 1589 1689 1688 1584 1583 1690 1689 1665 1664 1609 1608 1612 1611 1690 1689 1609 1608 1691 1690 1614 1613 1666 1665 1692 1691 1691 1690 1666 1665 1607 1606 1692 1691 1666 1665 1693 1692 1672 1671 1632 1631 1631 1630 1693 1692 1632 1631 1673 1672 1694 1693 1630 1629 1694 1693 1633 1632 1630 1629 1556 1555 1668 1667 1549 1548 1695 1694 1555 1554 1551 1550 1670 1669 1695 1694 1551 1550 1696 1695 1681 1680 1645 1644 1640 1639 1696 1695 1645 1644 1697 1696 1641 1640 1643 1642 1682 1681 1697 1696 1643 1642 1698 1697 1604 1603 1574 1573 1582 1581 1698 1697 1574 1573 1664 1663 1699 1698 1583 1582 1699 1698 1598 1597 1583 1582 1656 1655 1686 1685 1661 1660 1700 1699 1658 1657 1660 1659 1701 1700 1700 1699 1660 1659 1680 1679 1701 1700 1660 1659 1702 1701 1599 1598 1605 1604 1606 1605 1702 1701 1605 1604 1600 1599 1703 1702 1603 1602 1703 1702 1607 1606 1603 1602 1635 1634 1704 1703 1631 1630 1704 1703 1693 1692 1631 1630 1705 1704 1634 1633 1633 1632 1694 1693 1705 1704 1633 1632 1620 1619 1706 1705 1617 1616 1706 1705 1675 1674 1617 1616 1707 1706 1625 1624 1621 1620 1677 1676 1707 1706 1621 1620 1708 1707 1696 1695 1640 1639 1638 1637 1708 1707 1640 1639 1709 1708 1639 1638 1641 1640 1697 1696 1709 1708 1641 1640 1710 1709 1600 1599 1597 1596 1688 1687 1710 1709 1597 1596 1599 1598 1711 1710 1590 1589 1711 1710 1689 1688 1590 1589 1712 1711 1601 1600 1573 1572 1588 1587 1712 1711 1573 1572 1713 1712 1599 1598 1702 1701 1606 1605 1713 1712 1702 1701 1602 1601 1714 1713 1589 1588 1714 1713 1671 1670 1589 1588 1715 1714 1669 1668 1577 1576 1586 1585 1715 1714 1577 1576 1716 1715 1683 1682 1650 1649 1652 1651 1716 1715 1650 1649 1717 1716 1647 1646 1685 1684 1684 1683 1717 1716 1685 1684 1671 1670 1718 1717 1587 1586 1718 1717 1719 1718 1587 1586 1719 1718 1664 1663 1587 1586 1600 1599 1720 1719 1703 1702 1720 1719 1607 1606 1703 1702 1721 1720 1704 1703 1635 1634 1637 1636 1721 1720 1635 1634 1705 1704 1722 1721 1634 1633 1722 1721 1636 1635 1634 1633 1722 1721 1708 1707 1638 1637 1636 1635 1722 1721 1638 1637 1721 1720 1637 1636 1639 1638 1709 1708 1721 1720 1639 1638 1686 1685 1723 1722 1687 1686 1723 1722 1724 1723 1687 1686 1725 1724 1680 1679 1726 1725 1727 1726 1728 1727 1729 1728 1730 1729 1668 1667 1556 1555 1567 1566 1730 1729 1556 1555 1731 1730 1568 1567 1555 1554 1695 1694 1731 1730 1555 1554 1732 1731 1733 1732 1600 1599 1733 1732 1720 1719 1600 1599 1710 1709 1732 1731 1600 1599 1713 1712 1734 1733 1599 1598 1734 1733 1735 1734 1599 1598 1735 1734 1736 1735 1599 1598 1736 1735 1711 1710 1599 1598 1737 1736 1607 1606 1720 1719 1733 1732 1737 1736 1720 1719 1734 1733 1713 1712 1606 1605 1738 1737 1734 1733 1606 1605 1665 1664 1738 1737 1606 1605 1737 1736 1692 1691 1607 1606 1596 1595 1698 1697 1582 1581 1723 1722 1739 1738 1727 1726 1739 1738 1728 1727 1727 1726 1601 1600 1688 1687 1581 1580 1699 1698 1740 1739 1598 1597 1740 1739 1670 1669 1598 1597 1741 1740 1567 1566 1570 1569 1742 1741 1741 1740 1570 1569 1568 1567 1742 1741 1570 1569 1689 1688 1714 1713 1602 1601 1741 1740 1730 1729 1567 1566 1656 1655 1723 1722 1686 1685 1743 1742 1742 1741 1568 1567 1744 1743 1743 1742 1568 1567 1731 1730 1744 1743 1568 1567 1745 1744 1706 1705 1620 1619 1672 1671 1745 1744 1620 1619 1746 1745 1673 1672 1625 1624 1707 1706 1746 1745 1625 1624 1675 1674 1747 1746 1612 1611 1747 1746 1690 1689 1612 1611 1748 1747 1677 1676 1614 1613 1691 1690 1748 1747 1614 1613 1725 1724 1701 1700 1680 1679 1749 1748 1735 1734 1734 1733 1738 1737 1749 1748 1734 1733 1750 1749 1716 1715 1652 1651 1681 1680 1750 1749 1652 1651 1751 1750 1682 1681 1647 1646 1717 1716 1751 1750 1647 1646 1752 1751 1723 1722 1656 1655 1753 1752 1752 1751 1656 1655 1683 1682 1753 1752 1656 1655 1754 1753 1684 1683 1658 1657 1700 1699 1754 1753 1658 1657 1690 1689 1738 1737 1665 1664 1737 1736 1755 1754 1692 1691 1755 1754 1756 1755 1692 1691 1756 1755 1691 1690 1692 1691 1757 1756 1715 1714 1586 1585 1604 1603 1757 1756 1586 1585 1758 1757 1745 1744 1672 1671 1693 1692 1758 1757 1672 1671 1746 1745 1759 1758 1673 1672 1759 1758 1694 1693 1673 1672 1743 1742 1741 1740 1742 1741 1719 1718 1699 1698 1664 1663 1760 1759 1698 1697 1596 1595 1668 1667 1760 1759 1596 1595 1761 1760 1750 1749 1681 1680 1696 1695 1761 1760 1681 1680 1762 1761 1697 1696 1682 1681 1751 1750 1762 1761 1682 1681 1740 1739 1695 1694 1670 1669 1752 1751 1763 1762 1723 1722 1764 1763 1739 1738 1723 1722 1763 1762 1764 1763 1723 1722 1765 1764 1700 1699 1701 1700 1725 1724 1765 1764 1701 1700 1766 1765 1710 1709 1688 1687 1601 1600 1766 1765 1688 1687 1711 1710 1767 1766 1689 1688 1767 1766 1714 1713 1689 1688 1768 1767 1712 1711 1588 1587 1669 1668 1768 1767 1588 1587 1714 1713 1769 1768 1671 1670 1769 1768 1718 1717 1671 1670 1770 1769 1747 1746 1675 1674 1706 1705 1770 1769 1675 1674 1771 1770 1707 1706 1677 1676 1748 1747 1771 1770 1677 1676 1772 1771 1736 1735 1735 1734 1749 1748 1772 1771 1735 1734 1773 1772 1758 1757 1693 1692 1704 1703 1773 1772 1693 1692 1759 1758 1774 1773 1694 1693 1774 1773 1705 1704 1694 1693 1732 1731 1775 1774 1733 1732 1775 1774 1737 1736 1733 1732 1732 1731 1776 1775 1775 1774 1776 1775 1737 1736 1775 1774 1777 1776 1761 1760 1696 1695 1708 1707 1777 1776 1696 1695 1778 1777 1709 1708 1697 1696 1762 1761 1778 1777 1697 1696 1779 1778 1753 1752 1683 1682 1716 1715 1779 1778 1683 1682 1780 1779 1717 1716 1684 1683 1754 1753 1780 1779 1684 1683 1721 1720 1781 1780 1704 1703 1781 1780 1773 1772 1704 1703 1782 1781 1722 1721 1705 1704 1774 1773 1782 1781 1705 1704 1690 1689 1749 1748 1738 1737 1782 1781 1777 1776 1708 1707 1722 1721 1782 1781 1708 1707 1781 1780 1721 1720 1709 1708 1778 1777 1781 1780 1709 1708 1776 1775 1755 1754 1737 1736 1730 1729 1760 1759 1668 1667 1783 1782 1728 1727 1739 1738 1764 1763 1784 1783 1739 1738 1785 1784 1731 1730 1695 1694 1740 1739 1785 1784 1695 1694 1786 1785 1732 1731 1710 1709 1766 1765 1786 1785 1710 1709 1736 1735 1787 1786 1711 1710 1787 1786 1767 1766 1711 1710 1788 1787 1789 1788 1784 1783 1764 1763 1788 1787 1784 1783 1789 1788 1790 1789 1784 1783 1791 1790 1757 1756 1604 1603 1698 1697 1791 1790 1604 1603 1719 1718 1740 1739 1699 1698 1747 1746 1792 1791 1690 1689 1792 1791 1793 1792 1690 1689 1793 1792 1749 1748 1690 1689 1756 1755 1794 1793 1691 1690 1794 1793 1748 1747 1691 1690 1712 1711 1766 1765 1601 1600 1745 1744 1795 1794 1706 1705 1795 1794 1770 1769 1706 1705 1796 1795 1746 1745 1707 1706 1771 1770 1796 1795 1707 1706 1767 1766 1769 1768 1714 1713 1797 1796 1776 1775 1732 1731 1798 1797 1799 1798 1732 1731 1799 1798 1800 1799 1732 1731 1800 1799 1797 1796 1732 1731 1786 1785 1798 1797 1732 1731 1797 1796 1755 1754 1776 1775 1772 1771 1801 1800 1736 1735 1801 1800 1802 1801 1736 1735 1802 1801 1803 1802 1736 1735 1803 1802 1787 1786 1736 1735 1749 1748 1801 1800 1772 1771 1804 1803 1779 1778 1716 1715 1750 1749 1804 1803 1716 1715 1805 1804 1751 1750 1717 1716 1780 1779 1805 1804 1717 1716 1806 1805 1763 1762 1752 1751 1753 1752 1806 1805 1752 1751 1807 1806 1754 1753 1700 1699 1765 1764 1807 1806 1700 1699 1808 1807 1740 1739 1719 1718 1718 1717 1809 1808 1719 1718 1809 1808 1810 1809 1719 1718 1810 1809 1808 1807 1719 1718 1811 1810 1812 1811 1749 1748 1812 1811 1801 1800 1749 1748 1793 1792 1811 1810 1749 1748 1813 1812 1756 1755 1755 1754 1814 1813 1813 1812 1755 1754 1797 1796 1814 1813 1755 1754 1815 1814 1768 1767 1669 1668 1715 1714 1815 1814 1669 1668 1769 1768 1816 1815 1718 1717 1816 1815 1809 1808 1718 1717 1741 1740 1817 1816 1730 1729 1817 1816 1760 1759 1730 1729 1818 1817 1744 1743 1731 1730 1785 1784 1818 1817 1731 1730 1819 1818 1795 1794 1745 1744 1758 1757 1819 1818 1745 1744 1820 1819 1759 1758 1746 1745 1796 1795 1820 1819 1746 1745 1821 1820 1788 1787 1764 1763 1763 1762 1821 1820 1764 1763 1822 1821 1765 1764 1728 1727 1783 1782 1822 1821 1728 1727 1823 1822 1804 1803 1750 1749 1761 1760 1823 1822 1750 1749 1824 1823 1762 1761 1751 1750 1805 1804 1824 1823 1751 1750 1825 1824 1741 1740 1743 1742 1826 1825 1825 1824 1743 1742 1744 1743 1826 1825 1743 1742 1812 1811 1802 1801 1801 1800 1825 1824 1817 1816 1741 1740 1827 1826 1828 1827 1744 1743 1828 1827 1826 1825 1744 1743 1818 1817 1827 1826 1744 1743 1829 1828 1791 1790 1698 1697 1760 1759 1829 1828 1698 1697 1770 1769 1830 1829 1747 1746 1830 1829 1792 1791 1747 1746 1794 1793 1831 1830 1748 1747 1831 1830 1771 1770 1748 1747 1808 1807 1785 1784 1740 1739 1800 1799 1814 1813 1797 1796 1832 1831 1786 1785 1766 1765 1712 1711 1832 1831 1766 1765 1833 1832 1819 1818 1758 1757 1773 1772 1833 1832 1758 1757 1820 1819 1834 1833 1759 1758 1834 1833 1774 1773 1759 1758 1787 1786 1835 1834 1767 1766 1835 1834 1769 1768 1767 1766 1836 1835 1803 1802 1802 1801 1812 1811 1836 1835 1802 1801 1799 1798 1814 1813 1800 1799 1837 1836 1823 1822 1761 1760 1777 1776 1837 1836 1761 1760 1838 1837 1778 1777 1762 1761 1824 1823 1838 1837 1762 1761 1839 1838 1806 1805 1753 1752 1779 1778 1839 1838 1753 1752 1840 1839 1780 1779 1754 1753 1807 1806 1840 1839 1754 1753 1841 1840 1833 1832 1773 1772 1781 1780 1841 1840 1773 1772 1834 1833 1842 1841 1774 1773 1842 1841 1782 1781 1774 1773 1842 1841 1837 1836 1777 1776 1782 1781 1842 1841 1777 1776 1841 1840 1781 1780 1778 1777 1838 1837 1841 1840 1778 1777 1792 1791 1843 1842 1793 1792 1843 1842 1811 1810 1793 1792 1844 1843 1794 1793 1756 1755 1813 1812 1844 1843 1756 1755 1788 1787 1845 1844 1789 1788 1845 1844 1790 1789 1789 1788 1768 1767 1832 1831 1712 1711 1757 1756 1815 1814 1715 1714 1846 1845 1830 1829 1770 1769 1795 1794 1846 1845 1770 1769 1831 1830 1847 1846 1771 1770 1847 1846 1796 1795 1771 1770 1835 1834 1816 1815 1769 1768 1816 1815 1848 1847 1809 1808 1848 1847 1810 1809 1809 1808 1849 1848 1850 1849 1812 1811 1850 1849 1851 1850 1812 1811 1851 1850 1836 1835 1812 1811 1811 1810 1849 1848 1812 1811 1799 1798 1852 1851 1814 1813 1853 1852 1813 1812 1814 1813 1854 1853 1853 1852 1814 1813 1852 1851 1854 1853 1814 1813 1855 1854 1798 1797 1786 1785 1832 1831 1855 1854 1786 1785 1803 1802 1856 1855 1787 1786 1856 1855 1835 1834 1787 1786 1806 1805 1857 1856 1763 1762 1857 1856 1821 1820 1763 1762 1858 1857 1807 1806 1765 1764 1822 1821 1858 1857 1765 1764 1859 1858 1839 1838 1779 1778 1804 1803 1859 1858 1779 1778 1860 1859 1805 1804 1780 1779 1840 1839 1860 1859 1780 1779 1798 1797 1852 1851 1799 1798 1861 1860 1862 1861 1798 1797 1863 1862 1861 1860 1798 1797 1862 1861 1852 1851 1798 1797 1855 1854 1863 1862 1798 1797 1864 1863 1865 1864 1788 1787 1865 1864 1866 1865 1788 1787 1866 1865 1845 1844 1788 1787 1821 1820 1864 1863 1788 1787 1845 1844 1867 1866 1790 1789 1867 1866 1868 1867 1783 1782 1868 1867 1822 1821 1783 1782 1836 1835 1851 1850 1803 1802 1851 1850 1869 1868 1803 1802 1869 1868 1870 1869 1803 1802 1870 1869 1871 1870 1803 1802 1871 1870 1872 1871 1803 1802 1872 1871 1856 1855 1803 1802 1819 1818 1873 1872 1795 1794 1873 1872 1846 1845 1795 1794 1847 1846 1874 1873 1796 1795 1874 1873 1820 1819 1796 1795 1850 1849 1869 1868 1851 1850 1810 1809 1875 1874 1808 1807 1875 1874 1785 1784 1808 1807 1830 1829 1876 1875 1792 1791 1876 1875 1843 1842 1792 1791 1877 1876 1831 1830 1794 1793 1844 1843 1877 1876 1794 1793 1878 1877 1829 1828 1760 1759 1817 1816 1878 1877 1760 1759 1823 1822 1879 1878 1804 1803 1879 1878 1859 1858 1804 1803 1860 1859 1880 1879 1805 1804 1880 1879 1824 1823 1805 1804 1875 1874 1881 1880 1785 1784 1881 1880 1818 1817 1785 1784 1862 1861 1854 1853 1852 1851 1882 1881 1873 1872 1819 1818 1833 1832 1882 1881 1819 1818 1874 1873 1834 1833 1820 1819 1883 1882 1855 1854 1832 1831 1768 1767 1883 1882 1832 1831 1856 1855 1884 1883 1835 1834 1884 1883 1816 1815 1835 1834 1885 1884 1815 1814 1757 1756 1791 1790 1885 1884 1757 1756 1886 1885 1857 1856 1806 1805 1839 1838 1886 1885 1806 1805 1887 1886 1840 1839 1807 1806 1858 1857 1887 1886 1807 1806 1888 1887 1879 1878 1823 1822 1837 1836 1888 1887 1823 1822 1880 1879 1838 1837 1824 1823 1889 1888 1849 1848 1811 1810 1843 1842 1889 1888 1811 1810 1890 1889 1844 1843 1813 1812 1853 1852 1890 1889 1813 1812 1850 1849 1870 1869 1869 1868 1861 1860 1854 1853 1862 1861 1841 1840 1882 1881 1833 1832 1874 1873 1888 1887 1834 1833 1888 1887 1842 1841 1834 1833 1871 1870 1870 1869 1850 1849 1849 1848 1871 1870 1850 1849 1861 1860 1853 1852 1854 1853 1842 1841 1888 1887 1837 1836 1882 1881 1841 1840 1838 1837 1880 1879 1882 1881 1838 1837 1815 1814 1883 1882 1768 1767 1863 1862 1891 1890 1861 1860 1891 1890 1853 1852 1861 1860 1884 1883 1848 1847 1816 1815 1846 1845 1892 1891 1830 1829 1892 1891 1876 1875 1830 1829 1893 1892 1847 1846 1831 1830 1877 1876 1893 1892 1831 1830 1866 1865 1867 1866 1845 1844 1894 1893 1864 1863 1821 1820 1857 1856 1894 1893 1821 1820 1895 1894 1878 1877 1817 1816 1825 1824 1895 1894 1817 1816 1868 1867 1896 1895 1822 1821 1896 1895 1858 1857 1822 1821 1897 1896 1827 1826 1818 1817 1881 1880 1897 1896 1818 1817 1865 1864 1898 1897 1866 1865 1898 1897 1867 1866 1866 1865 1828 1827 1825 1824 1826 1825 1899 1898 1886 1885 1839 1838 1859 1858 1899 1898 1839 1838 1900 1899 1860 1859 1840 1839 1887 1886 1900 1899 1840 1839 1901 1900 1863 1862 1855 1854 1883 1882 1901 1900 1855 1854 1872 1871 1902 1901 1856 1855 1902 1901 1884 1883 1856 1855 1903 1902 1898 1897 1865 1864 1864 1863 1903 1902 1865 1864 1898 1897 1903 1902 1867 1866 1903 1902 1868 1867 1867 1866 1828 1827 1895 1894 1825 1824 1904 1903 1828 1827 1827 1826 1897 1896 1904 1903 1827 1826 1904 1903 1895 1894 1828 1827 1905 1904 1885 1884 1791 1790 1829 1828 1905 1904 1791 1790 1848 1847 1906 1905 1810 1809 1906 1905 1907 1906 1810 1809 1907 1906 1875 1874 1810 1809 1873 1872 1892 1891 1846 1845 1908 1907 1874 1873 1847 1846 1893 1892 1908 1907 1847 1846 1864 1863 1909 1908 1903 1902 1909 1908 1868 1867 1903 1902 1876 1875 1910 1909 1843 1842 1910 1909 1889 1888 1843 1842 1890 1889 1911 1910 1844 1843 1911 1910 1877 1876 1844 1843 1912 1911 1872 1871 1871 1870 1849 1848 1912 1911 1871 1870 1863 1862 1913 1912 1891 1890 1913 1912 1853 1852 1891 1890 1914 1913 1915 1914 1863 1862 1915 1914 1916 1915 1863 1862 1916 1915 1913 1912 1863 1862 1901 1900 1914 1913 1863 1862 1912 1911 1917 1916 1872 1871 1917 1916 1918 1917 1872 1871 1918 1917 1902 1901 1872 1871 1849 1848 1917 1916 1912 1911 1919 1918 1899 1898 1859 1858 1879 1878 1919 1918 1859 1858 1920 1919 1880 1879 1860 1859 1900 1899 1920 1919 1860 1859 1921 1920 1917 1916 1849 1848 1922 1921 1921 1920 1849 1848 1889 1888 1922 1921 1849 1848 1923 1922 1890 1889 1853 1852 1924 1923 1923 1922 1853 1852 1913 1912 1924 1923 1853 1852 1925 1924 1901 1900 1883 1882 1815 1814 1925 1924 1883 1882 1902 1901 1926 1925 1884 1883 1926 1925 1848 1847 1884 1883 1882 1881 1892 1891 1873 1872 1927 1926 1888 1887 1874 1873 1908 1907 1927 1926 1874 1873 1886 1885 1928 1927 1857 1856 1928 1927 1894 1893 1857 1856 1896 1895 1929 1928 1858 1857 1929 1928 1887 1886 1858 1857 1885 1884 1925 1924 1815 1814 1916 1915 1924 1923 1913 1912 1926 1925 1930 1929 1848 1847 1930 1929 1906 1905 1848 1847 1888 1887 1919 1918 1879 1878 1931 1930 1882 1881 1880 1879 1920 1919 1931 1930 1880 1879 1892 1891 1910 1909 1876 1875 1911 1910 1893 1892 1877 1876 1932 1931 1918 1917 1917 1916 1921 1920 1932 1931 1917 1916 1915 1914 1924 1923 1916 1915 1931 1930 1892 1891 1882 1881 1927 1926 1919 1918 1888 1887 1933 1932 1909 1908 1864 1863 1934 1933 1933 1932 1864 1863 1894 1893 1934 1933 1864 1863 1909 1908 1935 1934 1868 1867 1936 1935 1896 1895 1868 1867 1937 1936 1936 1935 1868 1867 1935 1934 1937 1936 1868 1867 1933 1932 1935 1934 1909 1908 1938 1937 1928 1927 1886 1885 1899 1898 1938 1937 1886 1885 1929 1928 1900 1899 1887 1886 1939 1938 1914 1913 1901 1900 1925 1924 1939 1938 1901 1900 1940 1939 1922 1921 1889 1888 1910 1909 1940 1939 1889 1888 1941 1940 1911 1910 1890 1889 1923 1922 1941 1940 1890 1889 1918 1917 1942 1941 1902 1901 1942 1941 1926 1925 1902 1901 1943 1942 1908 1907 1893 1892 1911 1910 1943 1942 1893 1892 1933 1932 1944 1943 1935 1934 1944 1943 1937 1936 1935 1934 1945 1944 1946 1945 1921 1920 1946 1945 1947 1946 1921 1920 1947 1946 1932 1931 1921 1920 1922 1921 1945 1944 1921 1920 1915 1914 1948 1947 1924 1923 1948 1947 1949 1948 1924 1923 1949 1948 1923 1922 1924 1923 1950 1949 1905 1904 1829 1828 1878 1877 1950 1949 1829 1828 1907 1906 1951 1950 1875 1874 1951 1950 1881 1880 1875 1874 1952 1951 1939 1938 1925 1924 1885 1884 1952 1951 1925 1924 1914 1913 1948 1947 1915 1914 1953 1952 1954 1953 1914 1913 1954 1953 1949 1948 1914 1913 1949 1948 1948 1947 1914 1913 1939 1938 1953 1952 1914 1913 1942 1941 1955 1954 1926 1925 1955 1954 1930 1929 1926 1925 1919 1918 1938 1937 1899 1898 1929 1928 1956 1955 1900 1899 1956 1955 1920 1919 1900 1899 1932 1931 1947 1946 1918 1917 1947 1946 1946 1945 1918 1917 1946 1945 1957 1956 1918 1917 1957 1956 1942 1941 1918 1917 1958 1957 1934 1933 1894 1893 1928 1927 1958 1957 1894 1893 1959 1958 1929 1928 1896 1895 1936 1935 1959 1958 1896 1895 1931 1930 1960 1959 1892 1891 1960 1959 1910 1909 1892 1891 1961 1960 1927 1926 1908 1907 1943 1942 1961 1960 1908 1907 1960 1959 1940 1939 1910 1909 1962 1961 1943 1942 1911 1910 1941 1940 1962 1961 1911 1910 1927 1926 1938 1937 1919 1918 1956 1955 1963 1962 1920 1919 1963 1962 1931 1930 1920 1919 1964 1963 1944 1943 1933 1932 1965 1964 1964 1963 1933 1932 1934 1933 1965 1964 1933 1932 1965 1964 1936 1935 1937 1936 1944 1943 1964 1963 1937 1936 1964 1963 1965 1964 1937 1936 1963 1962 1960 1959 1931 1930 1961 1960 1938 1937 1927 1926 1945 1944 1957 1956 1946 1945 1940 1939 1945 1944 1922 1921 1949 1948 1954 1953 1923 1922 1954 1953 1941 1940 1923 1922 1966 1965 1950 1949 1878 1877 1895 1894 1966 1965 1878 1877 1951 1950 1967 1966 1881 1880 1967 1966 1897 1896 1881 1880 1938 1937 1958 1957 1928 1927 1968 1967 1956 1955 1929 1928 1959 1958 1968 1967 1929 1928 1969 1968 1953 1952 1939 1938 1952 1951 1969 1968 1939 1938 1957 1956 1970 1969 1942 1941 1970 1969 1955 1954 1942 1941 1905 1904 1952 1951 1885 1884 1966 1965 1895 1894 1904 1903 1971 1970 1966 1965 1904 1903 1897 1896 1971 1970 1904 1903 1930 1929 1972 1971 1906 1905 1972 1971 1907 1906 1906 1905 1973 1972 1971 1970 1897 1896 1967 1966 1973 1972 1897 1896 1953 1952 1974 1973 1954 1953 1974 1973 1941 1940 1954 1953 1975 1974 1965 1964 1934 1933 1976 1975 1977 1976 1934 1933 1977 1976 1978 1977 1934 1933 1978 1977 1975 1974 1934 1933 1958 1957 1976 1975 1934 1933 1965 1964 1975 1974 1936 1935 1975 1974 1978 1977 1936 1935 1978 1977 1979 1978 1936 1935 1979 1978 1959 1958 1936 1935 1980 1979 1981 1980 1953 1952 1981 1980 1974 1973 1953 1952 1982 1981 1980 1979 1953 1952 1969 1968 1982 1981 1953 1952 1983 1982 1957 1956 1945 1944 1940 1939 1983 1982 1945 1944 1983 1982 1984 1983 1957 1956 1984 1983 1970 1969 1957 1956 1985 1984 1940 1939 1960 1959 1963 1962 1985 1984 1960 1959 1986 1985 1961 1960 1943 1942 1962 1961 1986 1985 1943 1942 1985 1984 1987 1986 1940 1939 1987 1986 1984 1983 1940 1939 1984 1983 1983 1982 1940 1939 1974 1973 1988 1987 1941 1940 1988 1987 1962 1961 1941 1940 1989 1988 1958 1957 1938 1937 1961 1960 1989 1988 1938 1937 1990 1989 1963 1962 1956 1955 1968 1967 1990 1989 1956 1955 1990 1989 1985 1984 1963 1962 1986 1985 1989 1988 1961 1960 1989 1988 1976 1975 1958 1957 1979 1978 1991 1990 1959 1958 1991 1990 1968 1967 1959 1958 1992 1991 1969 1968 1952 1951 1905 1904 1992 1991 1952 1951 1955 1954 1972 1971 1930 1929 1981 1980 1988 1987 1974 1973 1993 1992 1970 1969 1984 1983 1987 1986 1993 1992 1984 1983 1973 1972 1966 1965 1971 1970 1980 1979 1988 1987 1981 1980 1950 1949 1994 1993 1905 1904 1994 1993 1992 1991 1905 1904 1972 1971 1995 1994 1907 1906 1995 1994 1951 1950 1907 1906 1990 1989 1996 1995 1985 1984 1996 1995 1987 1986 1985 1984 1988 1987 1997 1996 1962 1961 1997 1996 1986 1985 1962 1961 1998 1997 1976 1975 1989 1988 1986 1985 1998 1997 1989 1988 1991 1990 1999 1998 1968 1967 1999 1998 1990 1989 1968 1967 1977 1976 2000 1999 1978 1977 2000 1999 1979 1978 1978 1977 1992 1991 1982 1981 1969 1968 1970 1969 2001 2000 1955 1954 2001 2000 1972 1971 1955 1954 1999 1998 2002 2001 1990 1989 2002 2001 1996 1995 1990 1989 2003 2002 1998 1997 1986 1985 1997 1996 2003 2002 1986 1985 1976 1975 2000 1999 1977 1976 2000 1999 1991 1990 1979 1978 1996 1995 2004 2003 1987 1986 2004 2003 2005 2004 1987 1986 2005 2004 1993 1992 1987 1986 1980 1979 2006 2005 1988 1987 2006 2005 2007 2006 1988 1987 2007 2006 1997 1996 1988 1987 1966 1965 2008 2007 1950 1949 2008 2007 1994 1993 1950 1949 1995 1994 1967 1966 1951 1950 2009 2008 2007 2006 1982 1981 2007 2006 2006 2005 1982 1981 2006 2005 1980 1979 1982 1981 1992 1991 2010 2009 1982 1981 2010 2009 2009 2008 1982 1981 2005 2004 2004 2003 1970 1969 2004 2003 2011 2010 1970 1969 2011 2010 2001 2000 1970 1969 1993 1992 2005 2004 1970 1969 2012 2011 1966 1965 1973 1972 1967 1966 2012 2011 1973 1972 2012 2011 2008 2007 1966 1965 2008 2007 2012 2011 1967 1966 1995 1994 2008 2007 1967 1966 2013 2012 2014 2013 1976 1975 1998 1997 2013 2012 1976 1975 2014 2013 2000 1999 1976 1975 2013 2012 1999 1998 1991 1990 2000 1999 2014 2013 1991 1990 2014 2013 2013 2012 1991 1990 1996 1995 2011 2010 2004 2003 2002 2001 2015 2014 1996 1995 2015 2014 2011 2010 1996 1995 2016 2015 2003 2002 1997 1996 2007 2006 2016 2015 1997 1996 2009 2008 2016 2015 2007 2006 2017 2016 2010 2009 1992 1991 1994 1993 2017 2016 1992 1991 2001 2000 2018 2017 1972 1971 2018 2017 1995 1994 1972 1971 2015 2014 2001 2000 2011 2010 2010 2009 2016 2015 2009 2008 2003 2002 2019 2018 1998 1997 2019 2018 2020 2019 1998 1997 2020 2019 2013 2012 1998 1997 2013 2012 2020 2019 1999 1998 2020 2019 2021 2020 1999 1998 2021 2020 2002 2001 1999 1998 2021 2020 2022 2021 2002 2001 2022 2021 2015 2014 2002 2001 2016 2015 2023 2022 2003 2002 2023 2022 2019 2018 2003 2002 2017 2016 2016 2015 2010 2009 2015 2014 2018 2017 2001 2000 2019 2018 2024 2023 2020 2019 2024 2023 2021 2020 2020 2019 1994 1993 2025 2024 2017 2016 2025 2024 2016 2015 2017 2016 2026 2025 1995 1994 2018 2017 2015 2014 2026 2025 2018 2017 2008 2007 2027 2026 1994 1993 2027 2026 2028 2027 1994 1993 2028 2027 2025 2024 1994 1993 2026 2025 2029 2028 1995 1994 2029 2028 2030 2029 1995 1994 2030 2029 2008 2007 1995 1994 2029 2028 2026 2025 2015 2014 2030 2029 2029 2028 2015 2014 2022 2021 2030 2029 2015 2014 2025 2024 2028 2027 2016 2015 2028 2027 2023 2022 2016 2015 2019 2018 2031 2030 2024 2023 2031 2030 2021 2020 2024 2023 2032 2031 2033 2032 2008 2007 2033 2032 2027 2026 2008 2007 2030 2029 2034 2033 2008 2007 2034 2033 2032 2031 2008 2007 2035 2034 2031 2030 2019 2018 2036 2035 2035 2034 2019 2018 2023 2022 2036 2035 2019 2018 2031 2030 2035 2034 2021 2020 2035 2034 2036 2035 2021 2020 2036 2035 2022 2021 2021 2020 2034 2033 2030 2029 2022 2021 2036 2035 2034 2033 2022 2021 2032 2031 2036 2035 2023 2022 2028 2027 2027 2026 2023 2022 2027 2026 2033 2032 2023 2022 2033 2032 2032 2031 2023 2022 2032 2031 2034 2033 2036 2035</p>
        </triangles>
      </mesh>
    </geometry>
    <geometry id="mesh-ab9d1612-f3b3-4b08-87de-6a4aa2b59d9b-mesh" name="mesh-ab9d1612-f3b3-4b08-87de-6a4aa2b59d9b">
      <mesh>
        <source id="mesh-ab9d1612-f3b3-4b08-87de-6a4aa2b59d9b-mesh-positions">
          <float_array id="mesh-ab9d1612-f3b3-4b08-87de-6a4aa2b59d9b-mesh-positions-array" count="465">162.0395 2.8727e-6 34.7 162.0393 -2.793257 34.85012 162.0395 2.8727e-6 34.99993 162.0397 1.501362 34.96771 162.0398 3.427344 34.78123 162.0395 -7.721477 33.83 162.0393 -3.743333 34.79916 162.0391 -6.216221 34.39817 162.0395 7.721478 33.83 162.0399 5.23484 34.60622 162.04 6.821382 34.27847 162.039 -7.445608 34.19882 162.04 8.907865 33.84742 162.0389 -9.577853 33.61335 162.04 10.15076 33.44799 162.0399 12.47888 32.69979 162.0399 13.38424 32.29745 162.0395 15.05576 31.26362 162.0395 -15.05576 31.26362 162.0388 -12.84617 32.50321 162.0388 -11.06299 33.20557 162.0387 -14.55279 31.83102 162.0398 15.90687 31.1764 162.0387 -15.99006 31.07832 162.0396 19.44305 29.08161 162.0395 21.6351 27.12955 162.0396 19.15192 29.29505 162.0397 16.49143 30.83749 162.0395 -21.6351 27.12955 162.0388 -18.97955 29.35226 162.0387 -17.8755 30.0909 162.0389 -20.99323 28.00503 162.0395 22.17661 27.07759 162.039 -21.7861 27.34143 162.0393 -23.8698 25.59748 162.0395 22.21139 27.04614 162.0395 24.71669 24.7807 162.0395 27.12956 21.63509 162.0395 -27.12955 21.63509 162.0394 -24.38664 25.06808 162.0397 -26.16238 23.24923 162.0395 27.05203 22.18036 162.0398 -26.73321 22.53391 162.0399 -28.47507 20.35113 162.0395 27.28468 21.92131 162.0395 29.08777 19.41446 162.0395 31.26362 15.05577 162.04 -28.8335 19.79184 162.0395 -31.26362 15.05577 162.04 -30.64764 16.85222 162.04 -30.38489 17.37113 162.0395 29.46189 18.89432 162.0395 30.8386 16.46166 162.0399 -31.98506 14.21102 162.0395 31.36597 15.52978 162.0395 32.29639 13.35561 162.0395 32.89004 11.9684 162.0395 33.44741 10.12425 162.0395 33.83 7.721476 162.0399 -32.16331 13.74796 162.0395 -33.83 7.721476 162.0398 -33.36346 10.50877 162.0398 -33.25821 10.90363 162.0396 -34.27312 7.09594 162.0395 34.0133 8.251914 162.0395 34.28174 6.797239 162.0395 34.71832 4.431434 162.0395 34.79724 3.404952 162.0395 34.7 0 162.0395 -34.7 0 162.0395 -34.77142 3.7525 162.0395 -34.85279 3.206544 162.0395 34.98767 0.9281374 162.0395 -34.97656 0.3054552 162.0395 34.96894 -0.02287322 162.0395 -34.99924 -0.2263113 162.0394 34.92402 -2.304807 162.0393 34.7884 -3.449268 162.0395 33.83 -7.721476 162.0395 -33.83 -7.721476 162.0394 -34.83814 -3.145121 162.0395 -33.83 -7.721476 162.0393 -34.81153 -3.6273 162.0392 34.49547 -5.921375 162.0392 -34.36333 -6.565518 162.0392 34.29289 -6.844442 162.0392 -34.30978 -6.916631 162.0391 33.80475 -9.06859 162.0391 -33.54766 -9.921051 162.0391 33.45209 -10.17072 162.0395 31.26362 -15.05576 162.0395 -31.26362 -15.05576 162.0391 -33.45827 -10.27348 162.0391 32.78988 -12.24023 162.0395 -31.26362 -15.05576 162.0391 -32.40433 -13.17903 162.0391 32.29198 -13.39877 162.0391 -32.26395 -13.56603 162.0392 31.44655 -15.36602 162.0392 -30.94517 -16.30775 162.0392 30.82261 -16.49769 162.0393 29.779 -18.39055 162.0393 29.0577 -19.43789 162.0395 27.12956 -21.6351 162.0395 -27.12955 -21.6351 162.0393 -29.18487 -19.27684 162.0392 -30.73805 -16.73836 162.0395 -27.12955 -21.6351 162.0393 -28.8959 -19.74913 162.0394 27.79997 -21.26412 162.0394 -27.14081 -22.05754 162.0394 27.01255 -22.18997 162.0395 25.45151 -24.02543 162.0395 24.71658 -24.73753 162.0395 21.6351 -27.12955 162.0395 -21.6351 -27.12955 162.0395 -24.8337 -24.62359 162.0395 -26.75622 -22.56337 162.0395 -21.6351 -27.12955 162.0395 -24.35754 -25.13385 162.0395 23.21089 -26.19647 162.0395 -22.27818 -26.94142 162.0395 22.16678 -27.03032 162.0395 -21.49928 -27.61851 162.0395 20.41469 -28.42959 162.0396 19.41354 -29.07329 162.0395 15.05576 -31.26362 162.0395 -15.05576 -31.26362 162.0396 -19.51603 -29.00698 162.0395 -15.05576 -31.26362 162.0396 -18.59545 -29.65148 162.0396 17.39289 -30.37249 162.0396 -16.5559 -30.7763 162.0396 16.47369 -30.83774 162.0396 -15.15646 -31.5481 162.0396 14.17698 -32.00022 162.0396 13.3752 -32.30694 162.0396 10.80097 -33.29174 162.0396 10.14754 -33.46691 162.0395 7.721478 -33.83 162.0396 -13.44248 -32.2563 162.0395 -7.721477 -33.83 162.0396 -10.20026 -33.42846 162.0396 -11.53286 -33.04533 162.0395 -7.721477 -33.83 162.0396 -7.778687 -34.12467 162.0396 7.300916 -34.23007 162.0396 6.821352 -34.3066 162.0395 3.715913 -34.80219 162.0395 3.428179 -34.81751 162.0395 2.8727e-6 -34.7 162.0395 -3.448062 -34.80532 162.0395 -3.939965 -34.77754 162.0396 -6.858588 -34.28115 162.0395 2.8727e-6 -35.00002</float_array>
          <technique_common>
            <accessor source="#mesh-ab9d1612-f3b3-4b08-87de-6a4aa2b59d9b-mesh-positions-array" count="155" stride="3">
              <param name="X" type="float"/>
              <param name="Y" type="float"/>
              <param name="Z" type="float"/>
            </accessor>
          </technique_common>
        </source>
        <source id="mesh-ab9d1612-f3b3-4b08-87de-6a4aa2b59d9b-mesh-normals">
          <float_array id="mesh-ab9d1612-f3b3-4b08-87de-6a4aa2b59d9b-mesh-normals-array" count="426">-1 4.55324e-5 0 -1 1.52488e-4 0 -1 8.63078e-5 3.23728e-4 -1 3.40096e-5 -2.9543e-4 -1 9.03112e-5 -4.95869e-4 -0.9999989 3.23674e-4 -0.001473844 -0.9999998 8.72008e-5 7.50853e-4 -0.9999995 1.57664e-4 0.001129329 -0.999998 4.39608e-4 0.002016901 -0.9999991 2.68081e-4 -0.001418173 -0.999998 4.1787e-4 0.001968264 -0.9999988 4.88352e-4 -0.001563727 -0.999999 4.52243e-4 0.001412451 -0.999999 4.60314e-4 0.001382827 -0.9999998 2.05536e-4 7.09662e-4 -0.9999996 3.52197e-4 9.17686e-4 -0.9999986 5.44185e-4 -0.001570284 -0.9999998 3.0926e-4 -6.7845e-4 -0.9999987 5.08325e-4 -0.00160098 -0.9999973 9.20028e-4 -0.0021438 -0.9999994 3.74138e-4 0.001102983 -0.999996 0.001292169 -0.002559959 -1 1.29134e-4 2.38955e-4 -1 2.02655e-4 1.32748e-4 -0.9999997 3.95329e-4 8.00735e-4 -0.9999997 4.49813e-4 7.30837e-4 -0.9999988 8.2035e-4 -0.001321792 -0.9999988 8.51986e-4 -0.001330018 -0.9999958 0.001384317 -0.002534985 -0.9999991 7.47479e-4 -0.001190841 -1 1.29425e-4 1.49773e-4 -0.9999986 9.67158e-4 -0.001421928 -0.9999986 9.52534e-4 -0.001415371 -1 1.25298e-4 6.97304e-5 -1 5.56584e-5 8.57581e-5 -1 0 0 -1 6.43902e-5 -1.10559e-4 -0.9999995 7.80092e-4 -7.44732e-4 -0.9999995 -7.71785e-4 7.09289e-4 -0.9999988 -0.001329362 8.37896e-4 -0.9999991 -0.001132667 8.45199e-4 -1 -8.43079e-6 0 -0.9999996 -8.35204e-4 4.20826e-4 -0.9999995 -9.40678e-4 6.16978e-4 -0.9999998 -6.43777e-4 3.26964e-4 -0.9999995 -9.16612e-4 5.57645e-4 -1 0 -3.04946e-5 -0.9999986 -0.001494944 8.07592e-4 -1 -8.83673e-5 -2.33011e-5 -1 -2.2996e-5 -2.13962e-5 -1 -1.44165e-4 -2.13959e-5 -1 0 -6.65171e-6 -1 0 -1.16532e-5 -0.9999993 -0.001164197 4.75029e-4 -0.9999998 -5.23416e-4 1.88899e-4 -0.9999998 -6.96394e-4 2.65244e-4 -0.9999992 -0.001245439 4.85467e-4 -0.9999999 -5.17651e-4 2.04498e-4 -1 -1.89732e-4 -1.34212e-5 -1 -7.46076e-5 -1.00136e-5 -1 0 -2.03757e-5 -1 -9.59625e-5 1.04359e-5 -1 -4.30437e-4 1.05455e-4 -1 4.87463e-4 1.39826e-5 -1 -1.37275e-4 0 -1 -1.45298e-4 7.2709e-6 -1 0 1.71331e-5 -1 0 2.96504e-5 -1 -9.92862e-5 2.78167e-5 -1 0 4.22177e-5 -1 -2.65121e-4 3.24359e-5 -1 2.72843e-4 2.79261e-5 -1 8.3848e-6 4.01472e-5 -1 3.35062e-4 9.33626e-5 -0.9999997 -8.73619e-4 1.40648e-4 -0.9999996 9.8916e-4 1.93699e-4 -0.9999992 -0.00122261 2.919e-4 -0.9999997 7.91241e-4 1.88792e-4 -0.9999994 -0.001167058 2.82282e-4 -0.9999994 0.001179277 3.16226e-4 -0.9999996 -9.55293e-4 2.76735e-4 -0.9999997 -7.64243e-4 2.56311e-4 -0.9999998 7.51365e-4 2.62948e-4 -0.9999998 6.61655e-4 9.46498e-5 -0.9999998 -5.65951e-4 2.05383e-4 -0.9999998 7.30722e-4 2.63743e-4 -0.9999995 -9.99541e-4 3.70542e-4 -0.9999997 8.14411e-4 2.76793e-4 -0.9999995 -9.8102e-4 4.05721e-4 -0.9999993 0.001098275 4.77183e-4 -0.9999995 -9.14172e-4 4.54422e-4 -0.9999997 -7.28746e-4 4.54246e-4 -1 -4.30601e-4 2.08569e-4 -1 -2.0331e-4 1.75103e-4 -1 2.26448e-4 1.6717e-4 -0.9999997 7.1569e-4 3.58836e-4 -0.9999997 7.49291e-4 4.39709e-4 -1 -5.27565e-5 4.40162e-5 -1 -1.61097e-4 5.91356e-5 -1 2.38597e-4 1.38467e-4 -1 -1.39313e-4 1.51695e-4 -1 -1.87391e-4 1.57226e-4 -1 3.22235e-5 0 -1 -1.60379e-5 0 -1 1.20208e-4 6.89949e-5 -1 2.72215e-4 1.37545e-4 -1 3.47673e-5 0 -1 -6.82687e-5 -5.25923e-5 -1 -7.91413e-5 -1.07729e-4 -1 1.7965e-4 -1.17667e-4 -1 0 -1.16248e-4 -1 4.68372e-5 -1.22246e-4 -1 1.18294e-4 -8.23385e-5 -1 6.77335e-5 -1.39263e-4 -1 -6.7971e-5 -1.39751e-4 -1 -1.36738e-4 -1.10916e-4 -1 -1.7226e-4 -1.73469e-4 -1 1.97565e-4 -2.32371e-4 -1 -2.64047e-4 -5.02927e-4 -0.9999998 2.27557e-4 -6.31967e-4 -1 -2.24474e-4 -4.03893e-4 -0.9999999 2.73221e-4 -4.7063e-4 -1 9.5057e-5 -3.4297e-4 -1 1.77646e-4 -3.42976e-4 -1 0 -1.54742e-4 -1 8.56458e-5 -2.82668e-4 -0.9999999 -2.0476e-4 -4.21146e-4 -1 -1.0719e-4 -2.9481e-4 -1 0 -1.78611e-4 -0.9999999 -2.45035e-4 -4.21131e-4 -1 -1.21519e-4 -2.90791e-4 -1 1.30592e-4 -3.42178e-4 -1 5.90284e-5 -3.28097e-4 -1 0 -4.02088e-5 -1 7.84548e-6 -6.05786e-5 -1 0 -2.74973e-4 -1 -8.00352e-6 -6.1799e-5 -1 -8.45237e-5 -2.2218e-4 -1 -5.15254e-5 -3.45227e-4 -1 -5.44804e-5 -3.00764e-4 -1 7.41763e-6 0 -1 -7.37485e-6 0</float_array>
          <technique_common>
            <accessor source="#mesh-ab9d1612-f3b3-4b08-87de-6a4aa2b59d9b-mesh-normals-array" count="142" stride="3">
              <param name="X" type="float"/>
              <param name="Y" type="float"/>
              <param name="Z" type="float"/>
            </accessor>
          </technique_common>
        </source>
        <vertices id="mesh-ab9d1612-f3b3-4b08-87de-6a4aa2b59d9b-mesh-vertices">
          <input semantic="POSITION" source="#mesh-ab9d1612-f3b3-4b08-87de-6a4aa2b59d9b-mesh-positions"/>
        </vertices>
        <triangles material="Material-外壳-material" count="149">
          <input semantic="VERTEX" source="#mesh-ab9d1612-f3b3-4b08-87de-6a4aa2b59d9b-mesh-vertices" offset="0"/>
          <input semantic="NORMAL" source="#mesh-ab9d1612-f3b3-4b08-87de-6a4aa2b59d9b-mesh-normals" offset="1"/>
          <p>0 0 1 0 2 0 3 1 0 1 2 1 4 2 0 2 3 2 0 3 5 3 1 3 5 4 6 4 1 4 5 5 7 5 6 5 8 6 0 6 4 6 9 7 8 7 4 7 10 8 8 8 9 8 5 9 11 9 7 9 12 10 8 10 10 10 5 11 13 11 11 11 14 12 8 12 12 12 14 13 15 13 8 13 15 14 16 14 8 14 16 15 17 15 8 15 18 16 19 16 5 16 19 17 20 17 5 17 20 18 13 18 5 18 18 19 21 19 19 19 22 20 17 20 16 20 18 21 23 21 21 21 24 22 25 22 17 22 26 23 24 23 17 23 27 24 26 24 17 24 22 25 27 25 17 25 28 26 29 26 18 26 29 27 30 27 18 27 30 28 23 28 18 28 28 29 31 29 29 29 32 30 25 30 24 30 28 31 33 31 31 31 28 32 34 32 33 32 32 33 35 33 25 33 35 34 36 34 25 34 36 35 37 35 25 35 38 36 39 36 28 36 39 37 34 37 28 37 38 38 40 38 39 38 41 35 37 35 36 35 38 39 42 39 40 39 38 40 43 40 42 40 44 35 37 35 41 35 45 41 37 41 44 41 45 35 46 35 37 35 47 42 43 42 38 42 48 43 49 43 38 43 49 44 50 44 38 44 50 45 47 45 38 45 51 35 46 35 45 35 52 46 46 46 51 46 48 47 53 47 49 47 54 48 46 48 52 48 55 49 46 49 54 49 55 50 56 50 46 50 56 51 57 51 46 51 57 52 58 52 46 52 59 53 53 53 48 53 60 54 61 54 48 54 61 55 62 55 48 55 62 56 59 56 48 56 60 57 63 57 61 57 64 58 58 58 57 58 65 59 58 59 64 59 65 60 66 60 58 60 66 35 67 35 58 35 67 35 68 35 58 35 69 61 70 61 60 61 70 62 63 62 60 62 69 63 71 63 70 63 72 64 68 64 67 64 69 65 73 65 71 65 74 66 68 66 72 66 69 67 75 67 73 67 74 68 76 68 68 68 76 69 77 69 68 69 77 70 78 70 68 70 79 71 80 71 69 71 80 72 75 72 69 72 81 73 82 73 80 73 83 74 78 74 77 74 81 75 84 75 82 75 85 76 78 76 83 76 81 77 86 77 84 77 87 78 78 78 85 78 81 79 88 79 86 79 87 80 89 80 78 80 89 81 90 81 78 81 91 82 88 82 81 82 91 83 92 83 88 83 93 84 90 84 89 84 94 85 95 85 92 85 96 86 90 86 93 86 94 87 97 87 95 87 98 88 90 88 96 88 94 89 99 89 97 89 98 90 100 90 90 90 100 91 101 91 90 91 101 92 102 92 90 92 102 93 103 93 90 93 104 94 105 94 94 94 105 95 106 95 94 95 106 96 99 96 94 96 107 97 108 97 105 97 109 98 103 98 102 98 107 99 110 99 108 99 111 100 103 100 109 100 111 101 112 101 103 101 112 35 113 35 103 35 113 102 114 102 103 102 115 103 116 103 107 103 116 104 117 104 107 104 117 105 110 105 107 105 118 106 119 106 116 106 120 107 114 107 113 107 118 108 121 108 119 108 122 109 114 109 120 109 118 110 123 110 121 110 124 111 114 111 122 111 124 112 125 112 114 112 125 113 126 113 114 113 127 114 128 114 118 114 128 115 123 115 118 115 129 116 130 116 128 116 131 117 126 117 125 117 129 118 132 118 130 118 133 119 126 119 131 119 129 120 134 120 132 120 135 121 126 121 133 121 135 122 136 122 126 122 136 123 137 123 126 123 137 124 138 124 126 124 138 125 139 125 126 125 140 126 134 126 129 126 141 127 142 127 129 127 142 128 143 128 129 128 143 129 140 129 129 129 144 130 145 130 142 130 146 131 139 131 138 131 147 132 148 132 139 132 148 133 149 133 139 133 149 134 150 134 139 134 146 135 147 135 139 135 150 136 151 136 144 136 151 137 152 137 144 137 152 138 153 138 144 138 153 139 145 139 144 139 149 140 154 140 150 140 154 141 151 141 150 141</p>
        </triangles>
      </mesh>
    </geometry>
    <geometry id="mesh-adb2cdd4-a601-4613-afe5-2a2e6ade540d-mesh" name="mesh-adb2cdd4-a601-4613-afe5-2a2e6ade540d">
      <mesh>
        <source id="mesh-adb2cdd4-a601-4613-afe5-2a2e6ade540d-mesh-positions">
          <float_array id="mesh-adb2cdd4-a601-4613-afe5-2a2e6ade540d-mesh-positions-array" count="168">155.0395 -7.721477 33.83 162.0395 2.8727e-6 34.7 155.0395 2.8727e-6 34.7 162.0395 7.721478 33.83 155.0395 7.721478 33.83 162.0395 -7.721477 33.83 162.0395 15.05576 31.26362 155.0395 15.05576 31.26362 155.0395 -15.05576 31.26362 162.0395 -15.05576 31.26362 162.0395 21.6351 27.12955 155.0395 21.6351 27.12955 155.0395 -21.6351 27.12955 162.0395 -21.6351 27.12955 162.0395 27.12956 21.63509 155.0395 27.12956 21.63509 155.0395 -27.12955 21.63509 162.0395 -27.12955 21.63509 162.0395 31.26362 15.05577 155.0395 31.26362 15.05577 155.0395 -31.26362 15.05577 162.0395 -31.26362 15.05577 162.0395 33.83 7.721476 155.0395 33.83 7.721476 155.0395 -33.83 7.721476 162.0395 -33.83 7.721476 162.0395 34.7 0 155.0395 34.7 0 155.0395 -34.7 0 162.0395 -34.7 0 162.0395 33.83 -7.721476 155.0395 33.83 -7.721476 155.0395 -33.83 -7.721476 162.0395 -33.83 -7.721476 162.0395 31.26362 -15.05576 155.0395 31.26362 -15.05576 155.0395 -31.26362 -15.05576 162.0395 -31.26362 -15.05576 162.0395 27.12956 -21.6351 155.0395 27.12956 -21.6351 155.0395 -27.12955 -21.6351 162.0395 -27.12955 -21.6351 162.0395 21.6351 -27.12955 155.0395 21.6351 -27.12955 155.0395 -21.6351 -27.12955 162.0395 -21.6351 -27.12955 162.0395 15.05576 -31.26362 155.0395 15.05576 -31.26362 155.0395 -15.05576 -31.26362 162.0395 -15.05576 -31.26362 162.0395 7.721478 -33.83 155.0395 7.721478 -33.83 155.0395 -7.721477 -33.83 162.0395 -7.721477 -33.83 162.0395 2.8727e-6 -34.7 155.0395 2.8727e-6 -34.7</float_array>
          <technique_common>
            <accessor source="#mesh-adb2cdd4-a601-4613-afe5-2a2e6ade540d-mesh-positions-array" count="56" stride="3">
              <param name="X" type="float"/>
              <param name="Y" type="float"/>
              <param name="Z" type="float"/>
            </accessor>
          </technique_common>
        </source>
        <source id="mesh-adb2cdd4-a601-4613-afe5-2a2e6ade540d-mesh-normals">
          <float_array id="mesh-adb2cdd4-a601-4613-afe5-2a2e6ade540d-mesh-normals-array" count="168">0 -0.2225206 0.974928 0 0 1 0 0 1 0 0.2225207 0.974928 0 0.2225207 0.974928 0 -0.2225207 0.9749281 0 0.4338839 0.9009688 0 0.4338839 0.9009688 0 -0.4338838 0.9009689 0 -0.4338839 0.9009689 0 0.6234894 0.7818318 0 0.6234896 0.7818318 0 -0.62349 0.7818313 0 -0.62349 0.7818314 0 0.7818316 0.6234897 0 0.7818314 0.62349 0 -0.781831 0.6234905 0 -0.7818313 0.6234901 0 0.9009691 0.4338833 0 0.9009688 0.4338839 0 -0.9009688 0.4338839 0 -0.9009691 0.4338833 0 0.974928 0.2225206 0 0.974928 0.2225206 0 -0.974928 0.2225206 0 -0.9749282 0.2225204 0 1 -1.43196e-7 0 1 -1.3365e-7 0 -1 3.81856e-7 0 -1 -1.28876e-7 0 0.974928 -0.2225206 0 0.9749282 -0.2225204 0 -0.9749282 -0.2225204 0 -0.974928 -0.2225209 0 0.9009688 -0.433884 0 0.9009691 -0.4338833 0 -0.9009691 -0.4338833 0 -0.9009688 -0.4338839 0 0.7818313 -0.62349 0 0.7818316 -0.6234896 0 -0.7818313 -0.6234901 0 -0.781831 -0.6234905 0 0.6234896 -0.7818317 0 0.6234894 -0.7818318 0 -0.62349 -0.7818314 0 -0.62349 -0.7818313 0 0.4338839 -0.9009688 0 0.4338837 -0.9009689 0 -0.4338834 -0.9009691 0 -0.4338836 -0.9009689 0 0.2225207 -0.974928 0 0.2225204 -0.974928 0 -0.2225207 -0.974928 0 -0.2225209 -0.974928 0 0 -1 0 0 -1</float_array>
          <technique_common>
            <accessor source="#mesh-adb2cdd4-a601-4613-afe5-2a2e6ade540d-mesh-normals-array" count="56" stride="3">
              <param name="X" type="float"/>
              <param name="Y" type="float"/>
              <param name="Z" type="float"/>
            </accessor>
          </technique_common>
        </source>
        <vertices id="mesh-adb2cdd4-a601-4613-afe5-2a2e6ade540d-mesh-vertices">
          <input semantic="POSITION" source="#mesh-adb2cdd4-a601-4613-afe5-2a2e6ade540d-mesh-positions"/>
        </vertices>
        <triangles material="Material-橡胶-material" count="56">
          <input semantic="VERTEX" source="#mesh-adb2cdd4-a601-4613-afe5-2a2e6ade540d-mesh-vertices" offset="0"/>
          <input semantic="NORMAL" source="#mesh-adb2cdd4-a601-4613-afe5-2a2e6ade540d-mesh-normals" offset="1"/>
          <p>0 0 1 1 2 2 1 1 3 3 2 2 3 3 4 4 2 2 0 0 5 5 1 1 3 3 6 6 4 4 6 6 7 7 4 4 8 8 5 5 0 0 8 8 9 9 5 5 6 6 10 10 7 7 10 10 11 11 7 7 12 12 9 9 8 8 12 12 13 13 9 9 10 10 14 14 11 11 14 14 15 15 11 11 16 16 13 13 12 12 16 16 17 17 13 13 14 14 18 18 15 15 18 18 19 19 15 15 20 20 17 17 16 16 20 20 21 21 17 17 18 18 22 22 19 19 22 22 23 23 19 19 24 24 21 21 20 20 24 24 25 25 21 21 22 22 26 26 23 23 26 26 27 27 23 23 28 28 25 25 24 24 28 28 29 29 25 25 26 26 30 30 27 27 30 30 31 31 27 27 32 32 29 29 28 28 32 32 33 33 29 29 30 30 34 34 31 31 34 34 35 35 31 31 36 36 33 33 32 32 36 36 37 37 33 33 34 34 38 38 35 35 38 38 39 39 35 35 40 40 37 37 36 36 40 40 41 41 37 37 38 38 42 42 39 39 42 42 43 43 39 39 44 44 41 41 40 40 44 44 45 45 41 41 42 42 46 46 43 43 46 46 47 47 43 43 48 48 45 45 44 44 48 48 49 49 45 45 46 46 50 50 47 47 50 50 51 51 47 47 52 52 49 49 48 48 52 52 53 53 49 49 50 50 54 54 51 51 54 54 55 55 51 51 55 55 53 53 52 52 55 55 54 54 53 53</p>
        </triangles>
      </mesh>
    </geometry>
    <geometry id="mesh-ab89cad5-90c0-4a8a-bfed-6dba8486d30c-mesh" name="mesh-ab89cad5-90c0-4a8a-bfed-6dba8486d30c">
      <mesh>
        <source id="mesh-ab89cad5-90c0-4a8a-bfed-6dba8486d30c-mesh-positions">
          <float_array id="mesh-ab89cad5-90c0-4a8a-bfed-6dba8486d30c-mesh-positions-array" count="171">162.5 2.8727e-6 31 152.5 -6.898147 30.22277 152.5 2.8727e-6 31 162.5 6.898153 30.22277 152.5 6.898153 30.22277 162.5 -6.898147 30.22277 162.5 13.45039 27.93004 152.5 13.45039 27.93004 152.5 -13.4504 27.93004 162.5 -13.4504 27.93004 162.5 19.32819 24.23678 152.5 19.32819 24.23678 152.5 -19.32818 24.23678 162.5 -19.32818 24.23678 162.5 24.23678 19.32818 152.5 24.23678 19.32818 152.5 -24.23678 19.32818 162.5 -24.23678 19.32818 162.5 27.93003 13.4504 152.5 27.93003 13.4504 152.5 -27.93003 13.4504 162.5 -27.93003 13.4504 162.5 30.22277 6.89815 152.5 30.22277 6.89815 152.5 -30.22276 6.89815 162.5 -30.22276 6.89815 162.5 31 0 152.5 31 0 152.5 -31 0 162.5 -31 0 162.5 30.22277 -6.89815 152.5 30.22277 -6.89815 152.5 -30.22276 -6.89815 162.5 -30.22276 -6.89815 162.5 27.93003 -13.4504 152.5 27.93003 -13.4504 152.5 -27.93003 -13.4504 162.5 -27.93003 -13.4504 162.5 24.23678 -19.32818 152.5 24.23678 -19.32818 152.5 -24.23678 -19.32818 162.5 -24.23678 -19.32818 162.5 19.32819 -24.23678 152.5 19.32819 -24.23678 152.5 -19.32818 -24.23678 162.5 -19.32818 -24.23678 162.5 13.45039 -27.93004 152.5 13.45039 -27.93004 162.5 13.45039 -27.93004 152.5 -13.4504 -27.93004 162.5 -13.4504 -27.93004 162.5 6.898153 -30.22277 152.5 6.898153 -30.22277 152.5 -6.898147 -30.22277 162.5 -6.898147 -30.22277 162.5 2.8727e-6 -31 152.5 2.8727e-6 -31</float_array>
          <technique_common>
            <accessor source="#mesh-ab89cad5-90c0-4a8a-bfed-6dba8486d30c-mesh-positions-array" count="57" stride="3">
              <param name="X" type="float"/>
              <param name="Y" type="float"/>
              <param name="Z" type="float"/>
            </accessor>
          </technique_common>
        </source>
        <source id="mesh-ab89cad5-90c0-4a8a-bfed-6dba8486d30c-mesh-normals">
          <float_array id="mesh-ab89cad5-90c0-4a8a-bfed-6dba8486d30c-mesh-normals-array" count="171">0 0 -1 0 0.2225212 -0.974928 0 0 -1 0 -0.222521 -0.9749279 0 -0.2225211 -0.974928 0 0.222521 -0.9749279 0 -0.4338837 -0.9009689 0 -0.4338839 -0.9009689 0 0.4338837 -0.9009689 0 0.4338836 -0.900969 0 -0.6234898 -0.7818316 0 -0.6234899 -0.7818315 0 0.6234901 -0.7818314 0 0.6234902 -0.7818313 0 -0.7818316 -0.6234898 0 -0.7818317 -0.6234896 0 0.7818314 -0.6234899 0 0.7818316 -0.6234898 0 -0.9009688 -0.433884 0 -0.9009688 -0.433884 0 0.9009688 -0.433884 0 0.900969 -0.4338836 0 -0.974928 -0.2225211 0 -0.9749279 -0.2225213 0 0.9749278 -0.2225216 0 0.974928 -0.2225209 0 -1 0 0 -1 0 0 1 -5.34598e-7 0 1 5.36985e-7 0 -0.9749279 0.2225213 0 -0.9749279 0.2225212 0 0.974928 0.2225211 0 0.9749278 0.2225217 0 -0.9009687 0.4338841 0 -0.9009686 0.4338843 0 0.9009689 0.4338837 0 0.9009688 0.433884 0 -0.7818318 0.6234896 0 -0.7818316 0.6234898 0 0.7818316 0.6234899 0 0.7818314 0.6234899 0 -0.6234899 0.7818315 0 -0.6234898 0.7818316 0 0.6234902 0.7818313 0 0.6234901 0.7818314 0 -0.5320321 0.8467242 0 -0.4338837 0.9009689 0 -0.3884616 0.9214649 0 0.4338839 0.9009688 0 0.4338837 0.9009689 0 -0.2225207 0.974928 0 -0.2225211 0.974928 0 0.2225208 0.974928 0 0.2225205 0.974928 0 0 1 0 0 1</float_array>
          <technique_common>
            <accessor source="#mesh-ab89cad5-90c0-4a8a-bfed-6dba8486d30c-mesh-normals-array" count="57" stride="3">
              <param name="X" type="float"/>
              <param name="Y" type="float"/>
              <param name="Z" type="float"/>
            </accessor>
          </technique_common>
        </source>
        <vertices id="mesh-ab89cad5-90c0-4a8a-bfed-6dba8486d30c-mesh-vertices">
          <input semantic="POSITION" source="#mesh-ab89cad5-90c0-4a8a-bfed-6dba8486d30c-mesh-positions"/>
        </vertices>
        <triangles material="Material-外壳-material" count="56">
          <input semantic="VERTEX" source="#mesh-ab89cad5-90c0-4a8a-bfed-6dba8486d30c-mesh-vertices" offset="0"/>
          <input semantic="NORMAL" source="#mesh-ab89cad5-90c0-4a8a-bfed-6dba8486d30c-mesh-normals" offset="1"/>
          <p>0 0 1 1 2 2 3 3 0 0 2 2 4 4 3 3 2 2 5 5 1 1 0 0 6 6 3 3 4 4 7 7 6 6 4 4 5 5 8 8 1 1 9 9 8 8 5 5 10 10 6 6 7 7 11 11 10 10 7 7 9 9 12 12 8 8 13 13 12 12 9 9 14 14 10 10 11 11 15 15 14 14 11 11 13 13 16 16 12 12 17 17 16 16 13 13 18 18 14 14 15 15 19 19 18 18 15 15 17 17 20 20 16 16 21 21 20 20 17 17 22 22 18 18 19 19 23 23 22 22 19 19 21 21 24 24 20 20 25 25 24 24 21 21 26 26 22 22 23 23 27 27 26 26 23 23 25 25 28 28 24 24 29 29 28 28 25 25 30 30 26 26 27 27 31 31 30 30 27 27 29 29 32 32 28 28 33 33 32 32 29 29 34 34 30 30 31 31 35 35 34 34 31 31 33 33 36 36 32 32 37 37 36 36 33 33 38 38 34 34 35 35 39 39 38 38 35 35 37 37 40 40 36 36 41 41 40 40 37 37 42 42 38 38 39 39 43 43 42 42 39 39 41 41 44 44 40 40 45 45 44 44 41 41 46 46 42 42 43 43 47 47 48 48 43 43 45 45 49 49 44 44 50 50 49 49 45 45 51 51 48 48 47 47 52 52 51 51 47 47 50 50 53 53 49 49 54 54 53 53 50 50 55 55 51 51 52 52 56 56 55 55 52 52 54 54 56 56 53 53 55 55 56 56 54 54</p>
        </triangles>
      </mesh>
    </geometry>
    <geometry id="mesh-eaef4547-8afc-4fc2-801d-1fb532a0149c-mesh" name="mesh-eaef4547-8afc-4fc2-801d-1fb532a0149c">
      <mesh>
        <source id="mesh-eaef4547-8afc-4fc2-801d-1fb532a0149c-mesh-positions">
          <float_array id="mesh-eaef4547-8afc-4fc2-801d-1fb532a0149c-mesh-positions-array" count="87">162.5 19.32819 24.23678 162.5 24.23678 19.32818 162.5 2.8727e-6 31 162.5 6.898153 30.22277 162.5 30.22277 6.89815 162.5 -6.898147 30.22277 162.5 27.93003 13.4504 162.5 13.45039 27.93004 162.5 30.22277 6.89815 162.5 -13.4504 27.93004 162.5 -19.32818 24.23678 162.5 -24.23678 19.32818 162.5 31 0 162.5 -27.93003 13.4504 162.5 -30.22276 6.89815 162.5 -31 0 162.5 2.8727e-6 -31 162.5 -6.898147 -30.22277 162.5 -13.4504 -27.93004 162.5 6.898153 -30.22277 162.5 30.22277 -6.89815 162.5 -19.32818 -24.23678 162.5 -24.23678 -19.32818 162.5 -27.93003 -13.4504 162.5 -30.22276 -6.89815 162.5 27.93003 -13.4504 162.5 24.23678 -19.32818 162.5 19.32819 -24.23678 162.5 13.45039 -27.93004</float_array>
          <technique_common>
            <accessor source="#mesh-eaef4547-8afc-4fc2-801d-1fb532a0149c-mesh-positions-array" count="29" stride="3">
              <param name="X" type="float"/>
              <param name="Y" type="float"/>
              <param name="Z" type="float"/>
            </accessor>
          </technique_common>
        </source>
        <source id="mesh-eaef4547-8afc-4fc2-801d-1fb532a0149c-mesh-normals">
          <float_array id="mesh-eaef4547-8afc-4fc2-801d-1fb532a0149c-mesh-normals-array" count="21">-1 0 0 -1 -4.82495e-7 0 -1 -4.28441e-7 0 -1 -3.08217e-7 0 -1 5.85522e-7 0 -1 0 0 -1 -7.71837e-6 0</float_array>
          <technique_common>
            <accessor source="#mesh-eaef4547-8afc-4fc2-801d-1fb532a0149c-mesh-normals-array" count="7" stride="3">
              <param name="X" type="float"/>
              <param name="Y" type="float"/>
              <param name="Z" type="float"/>
            </accessor>
          </technique_common>
        </source>
        <vertices id="mesh-eaef4547-8afc-4fc2-801d-1fb532a0149c-mesh-vertices">
          <input semantic="POSITION" source="#mesh-eaef4547-8afc-4fc2-801d-1fb532a0149c-mesh-positions"/>
        </vertices>
        <triangles material="Material-外壳-material" count="26">
          <input semantic="VERTEX" source="#mesh-eaef4547-8afc-4fc2-801d-1fb532a0149c-mesh-vertices" offset="0"/>
          <input semantic="NORMAL" source="#mesh-eaef4547-8afc-4fc2-801d-1fb532a0149c-mesh-normals" offset="1"/>
          <p>0 0 1 0 2 0 3 0 0 0 2 0 4 1 5 1 2 1 6 0 4 0 2 0 1 0 6 0 2 0 7 0 0 0 3 0 8 0 9 0 5 0 8 2 10 2 9 2 8 0 11 0 10 0 12 3 13 3 11 3 8 0 12 0 11 0 12 4 14 4 13 4 12 0 15 0 14 0 16 0 17 0 12 0 17 0 18 0 12 0 19 0 16 0 12 0 20 0 19 0 12 0 18 0 21 0 12 0 21 0 22 0 12 0 22 0 23 0 12 0 23 0 24 0 12 0 24 5 15 5 12 5 25 0 19 0 20 0 26 0 19 0 25 0 27 6 19 6 26 6 28 0 19 0 27 0</p>
        </triangles>
      </mesh>
    </geometry>
    <geometry id="mesh-a5a64873-6862-4e7f-935b-116225e6c224-mesh" name="mesh-a5a64873-6862-4e7f-935b-116225e6c224">
      <mesh>
        <source id="mesh-a5a64873-6862-4e7f-935b-116225e6c224-mesh-positions">
          <float_array id="mesh-a5a64873-6862-4e7f-935b-116225e6c224-mesh-positions-array" count="174">222 -4.57787e-6 11.43593 222.8209 -7.42636 11.43593 222 -4.57787e-6 12.93593 222.8209 -7.42636 12.93593 222.8524 7.565702 12.93593 225.2442 -14.49408 11.43593 225.2442 -14.49408 12.93593 225.367 14.75204 12.93593 222.8524 7.565702 11.43593 229.1526 -20.86186 11.43593 229.1526 -20.86186 12.93593 229.4177 21.19865 12.93593 225.367 14.75204 11.43593 234.3575 -26.22221 11.43593 234.3575 -26.22221 12.93593 234.8013 26.58226 12.93593 229.4177 21.19865 11.43593 240.6076 -30.31625 11.43593 240.6076 -30.31625 12.93593 241.248 30.63293 12.93593 234.8013 26.58226 11.43593 247.601 -32.94628 11.43593 247.601 -32.94628 12.93593 248.4343 33.14754 12.93593 241.248 30.63293 11.43593 255 -33.9853 11.43593 255 -33.9853 12.93593 256 33.99999 12.93593 248.4343 33.14754 11.43593 263.5657 33.14754 12.93593 256 33.99999 11.43593 257 -33.9853 11.43593 264.399 -32.94628 11.43593 257 -33.9853 12.93593 264.399 -32.94628 12.93593 270.7521 30.63293 12.93593 263.5657 33.14754 11.43593 271.3924 -30.31625 11.43593 271.3924 -30.31625 12.93593 277.1986 26.58226 12.93593 270.7521 30.63293 11.43593 277.6425 -26.22221 11.43593 277.6425 -26.22221 12.93593 282.5823 21.19865 12.93593 277.1986 26.58226 11.43593 282.8474 -20.86186 11.43593 282.8474 -20.86186 12.93593 286.633 14.75204 12.93593 282.5823 21.19865 11.43593 286.7558 -14.49408 11.43593 286.7558 -14.49408 12.93593 289.1476 7.565702 12.93593 286.633 14.75204 11.43593 289.1791 -7.42636 11.43593 289.1791 -7.42636 12.93593 290 -4.57786e-6 12.93593 289.1476 7.565702 11.43593 290 -4.57786e-6 11.43593</float_array>
          <technique_common>
            <accessor source="#mesh-a5a64873-6862-4e7f-935b-116225e6c224-mesh-positions-array" count="58" stride="3">
              <param name="X" type="float"/>
              <param name="Y" type="float"/>
              <param name="Z" type="float"/>
            </accessor>
          </technique_common>
        </source>
        <source id="mesh-a5a64873-6862-4e7f-935b-116225e6c224-mesh-normals">
          <float_array id="mesh-a5a64873-6862-4e7f-935b-116225e6c224-mesh-normals-array" count="171">-0.9999995 0.001050114 0 -0.9758545 -0.2184219 0 -0.9999995 0.001050114 0 -0.9758544 -0.2184221 0 -0.9749283 0.2225195 0 -0.9045838 -0.4262959 0 -0.9045836 -0.4262964 0 -0.9009689 0.4338837 0 -0.9749282 0.2225198 0 -0.7896291 -0.6135845 0 -0.789629 -0.6135848 0 -0.7818318 0.6234894 0 -0.9009687 0.4338841 0 -0.636544 -0.7712404 0 -0.6365439 -0.7712405 0 -0.623488 0.781833 0 -0.7818315 0.6234897 0 -0.4527168 -0.8916544 0 -0.4527166 -0.8916545 0 -0.4338843 0.9009687 0 -0.623488 0.781833 0 -0.2470292 -0.9690081 0 -0.2470293 -0.9690081 0 -0.2225211 0.974928 0 -0.4338843 0.9009686 0 -0.1390624 -0.9902837 0 -0.1390625 -0.9902837 0 3.05485e-7 1 0 -0.2225211 0.974928 0 0.2225211 0.974928 0 2.13004e-7 1 0 0.1390623 -0.9902837 0 0.2470291 -0.969008 0 0.1390624 -0.9902837 0 0.2470293 -0.9690081 0 0.4338843 0.9009687 0 0.222521 0.974928 0 0.4527187 -0.8916534 0 0.4527186 -0.8916535 0 0.6234906 0.7818309 0 0.6365417 -0.7712423 0 0.6365412 -0.7712427 0 0.7818298 0.623492 0 0.6234902 0.7818312 0 0.7896293 -0.6135842 0 0.7896293 -0.6135843 0 0.900969 0.4338837 0 0.7818293 0.6234926 0 0.9045836 -0.4262963 0 0.9045838 -0.4262959 0 0.9749276 0.2225222 0 0.9009689 0.4338839 0 0.9758539 -0.2184246 0 0.9758541 -0.2184236 0 0.9999995 0.001051008 0 0.9749279 0.2225216 0 0.9999995 0.001049697 0</float_array>
          <technique_common>
            <accessor source="#mesh-a5a64873-6862-4e7f-935b-116225e6c224-mesh-normals-array" count="57" stride="3">
              <param name="X" type="float"/>
              <param name="Y" type="float"/>
              <param name="Z" type="float"/>
            </accessor>
          </technique_common>
        </source>
        <vertices id="mesh-a5a64873-6862-4e7f-935b-116225e6c224-mesh-vertices">
          <input semantic="POSITION" source="#mesh-a5a64873-6862-4e7f-935b-116225e6c224-mesh-positions"/>
        </vertices>
        <triangles material="Material-外壳-material" count="56">
          <input semantic="VERTEX" source="#mesh-a5a64873-6862-4e7f-935b-116225e6c224-mesh-vertices" offset="0"/>
          <input semantic="NORMAL" source="#mesh-a5a64873-6862-4e7f-935b-116225e6c224-mesh-normals" offset="1"/>
          <p>0 0 1 1 2 2 1 1 3 3 2 2 4 4 0 0 2 2 1 1 5 5 3 3 5 5 6 6 3 3 7 7 8 8 4 4 8 8 0 0 4 4 5 5 9 9 6 6 9 9 10 10 6 6 11 11 12 12 7 7 12 12 8 8 7 7 9 9 13 13 10 10 13 13 14 14 10 10 15 15 16 16 11 11 16 16 12 12 11 11 13 13 17 17 14 14 17 17 18 18 14 14 19 19 20 20 15 15 20 20 16 16 15 15 17 17 21 21 18 18 21 21 22 22 18 18 23 23 24 24 19 19 24 24 20 20 19 19 21 21 25 25 22 22 25 25 26 26 22 22 27 27 28 28 23 23 28 28 24 24 23 23 29 29 30 30 27 27 30 30 28 28 27 27 31 31 32 32 33 33 32 32 34 34 33 33 35 35 36 36 29 29 36 36 30 30 29 29 32 32 37 37 34 34 37 37 38 38 34 34 39 39 40 35 35 35 40 35 36 36 35 35 37 37 41 40 38 38 41 40 42 41 38 38 43 42 44 43 39 39 44 43 40 35 39 39 41 40 45 44 42 41 45 44 46 45 42 41 47 46 48 47 43 42 48 47 44 43 43 42 45 44 49 48 46 45 49 48 50 49 46 45 51 50 52 51 47 46 52 51 48 47 47 46 49 48 53 52 50 49 53 52 54 53 50 49 55 54 56 55 51 50 56 55 52 51 51 50 53 52 57 56 54 53 57 56 55 54 54 53 57 56 56 55 55 54</p>
        </triangles>
      </mesh>
    </geometry>
    <geometry id="mesh-ae9fd916-dbb6-44af-94f4-37cd4c37f0ac-mesh" name="mesh-ae9fd916-dbb6-44af-94f4-37cd4c37f0ac">
      <mesh>
        <source id="mesh-ae9fd916-dbb6-44af-94f4-37cd4c37f0ac-mesh-positions">
          <float_array id="mesh-ae9fd916-dbb6-44af-94f4-37cd4c37f0ac-mesh-positions-array" count="201">226 -4.57787e-6 12.93593 222.8524 7.565702 12.93593 222 -4.57787e-6 12.93593 226.8717 -7.179477 12.93593 222.8209 -7.42636 12.93593 229.4363 -13.9417 12.93593 225.2442 -14.49408 12.93593 226.8717 7.179464 12.93593 225.367 14.75204 12.93593 233.5447 -19.89369 12.93593 225.2442 -14.49408 12.93593 229.1526 -20.86186 12.93593 229.4363 13.94168 12.93593 229.4177 21.19865 12.93593 238.958 -24.68952 12.93593 229.1526 -20.86186 12.93593 234.3575 -26.22221 12.93593 233.5447 19.89367 12.93593 234.8013 26.58226 12.93593 238.958 24.68951 12.93593 245.3618 -28.05049 12.93593 234.3575 -26.22221 12.93593 240.6076 -30.31625 12.93593 241.248 30.63293 12.93593 245.3618 28.05048 12.93593 247.601 -32.94628 12.93593 248.4343 33.14754 12.93593 252.3839 29.78126 12.93593 255 -33.70001 12.93593 252.3839 -29.78128 12.93593 255 -33.9853 12.93593 256 33.99999 12.93593 259.6161 29.78126 12.93593 263.5657 33.14754 12.93593 255 -33.70001 12.93593 259.6161 -29.78128 12.93593 257 -33.70001 12.93593 266.6382 -28.05049 12.93593 264.399 -32.94628 12.93593 257 -33.9853 12.93593 270.7521 30.63293 12.93593 259.6161 29.78126 12.93593 266.6382 28.05048 12.93593 271.3924 -30.31625 12.93593 277.1986 26.58226 12.93593 266.6382 28.05048 12.93593 273.0419 24.68951 12.93593 273.0419 -24.68952 12.93593 277.6425 -26.22221 12.93593 282.5823 21.19865 12.93593 273.0419 24.68951 12.93593 278.4553 19.89367 12.93593 278.4553 -19.89369 12.93593 282.8474 -20.86186 12.93593 286.633 14.75204 12.93593 278.4553 19.89367 12.93593 282.5637 13.94168 12.93593 282.5637 -13.9417 12.93593 289.1476 7.565702 12.93593 282.5637 13.94168 12.93593 285.1282 7.179464 12.93593 286.7558 -14.49408 12.93593 285.1282 -7.179477 12.93593 290 -4.57786e-6 12.93593 285.1282 7.179464 12.93593 286 -4.57787e-6 12.93593 289.1791 -7.42636 12.93593</float_array>
          <technique_common>
            <accessor source="#mesh-ae9fd916-dbb6-44af-94f4-37cd4c37f0ac-mesh-positions-array" count="67" stride="3">
              <param name="X" type="float"/>
              <param name="Y" type="float"/>
              <param name="Z" type="float"/>
            </accessor>
          </technique_common>
        </source>
        <source id="mesh-ae9fd916-dbb6-44af-94f4-37cd4c37f0ac-mesh-normals">
          <float_array id="mesh-ae9fd916-dbb6-44af-94f4-37cd4c37f0ac-mesh-normals-array" count="69">0 0 1 0 0 1 -2.38201e-7 0 1 -2.9401e-7 0 1 -1.28894e-7 0 1 -1.45019e-7 0 1 2.33759e-7 0 1 2.54952e-7 0 1 -1.50915e-7 0 1 -1.34562e-7 0 1 2.63964e-7 0 1 1.65932e-7 0 1 -1.9844e-7 0 1 2.17981e-7 0 1 -3.90691e-7 0 1 -2.23585e-7 0 1 0 0 1 0 0 1 -2.39234e-7 0 1 1.2195e-7 0 1 2.79231e-7 0 1 2.284e-7 0 1 0 0 1</float_array>
          <technique_common>
            <accessor source="#mesh-ae9fd916-dbb6-44af-94f4-37cd4c37f0ac-mesh-normals-array" count="23" stride="3">
              <param name="X" type="float"/>
              <param name="Y" type="float"/>
              <param name="Z" type="float"/>
            </accessor>
          </technique_common>
        </source>
        <vertices id="mesh-ae9fd916-dbb6-44af-94f4-37cd4c37f0ac-mesh-vertices">
          <input semantic="POSITION" source="#mesh-ae9fd916-dbb6-44af-94f4-37cd4c37f0ac-mesh-positions"/>
        </vertices>
        <triangles material="Material-外壳-material" count="57">
          <input semantic="VERTEX" source="#mesh-ae9fd916-dbb6-44af-94f4-37cd4c37f0ac-mesh-vertices" offset="0"/>
          <input semantic="NORMAL" source="#mesh-ae9fd916-dbb6-44af-94f4-37cd4c37f0ac-mesh-normals" offset="1"/>
          <p>0 0 1 0 2 0 3 1 0 1 2 1 4 0 3 0 2 0 5 2 3 2 4 2 6 0 5 0 4 0 7 0 8 0 1 0 0 3 7 3 1 3 9 0 5 0 10 0 11 0 9 0 10 0 12 0 13 0 8 0 7 4 12 4 8 4 14 5 9 5 15 5 16 6 14 6 15 6 17 0 18 0 13 0 12 7 17 7 13 7 19 0 18 0 17 0 20 8 14 8 21 8 22 0 20 0 21 0 19 0 23 0 18 0 24 0 23 0 19 0 25 9 20 9 22 9 24 10 26 10 23 10 27 0 26 0 24 0 28 11 29 11 20 11 25 0 28 0 20 0 30 0 28 0 25 0 27 12 31 12 26 12 32 0 33 0 27 0 33 13 31 13 27 13 34 0 35 0 29 0 36 0 37 0 34 0 37 14 35 14 34 14 38 0 37 0 36 0 39 0 38 0 36 0 40 15 33 15 41 15 42 16 40 16 41 16 43 0 37 0 38 0 44 0 40 0 45 0 46 0 44 0 45 0 43 0 47 0 37 0 48 0 47 0 43 0 49 17 44 17 50 17 51 0 49 0 50 0 48 0 52 0 47 0 53 0 52 0 48 0 54 18 49 18 55 18 56 0 54 0 55 0 53 0 57 0 52 0 58 19 54 19 59 19 60 0 58 0 59 0 61 0 62 0 57 0 53 0 61 0 57 0 63 20 58 20 64 20 65 0 63 0 64 0 66 0 65 0 62 0 61 21 66 21 62 21 66 22 63 22 65 22</p>
        </triangles>
      </mesh>
    </geometry>
    <geometry id="mesh-a28f2dee-3ec3-4df2-ab26-e610133d56d4-mesh" name="mesh-a28f2dee-3ec3-4df2-ab26-e610133d56d4">
      <mesh>
        <source id="mesh-a28f2dee-3ec3-4df2-ab26-e610133d56d4-mesh-positions">
          <float_array id="mesh-a28f2dee-3ec3-4df2-ab26-e610133d56d4-mesh-positions-array" count="156">226 -4.57787e-6 2.935931 226.8717 7.179464 12.93593 226 -4.57787e-6 12.93593 226.8717 -7.179477 2.935931 226.8717 -7.179477 12.93593 226.8717 7.179464 2.935931 229.4363 13.94168 12.93593 229.4363 -13.9417 2.935931 229.4363 -13.9417 12.93593 229.4363 13.94168 2.935931 233.5447 19.89367 12.93593 233.5447 -19.89369 2.935931 233.5447 -19.89369 12.93593 233.5447 19.89367 2.935931 238.958 24.68951 12.93593 238.958 -24.68952 2.935931 238.958 -24.68952 12.93593 238.958 24.68951 2.935931 245.3618 28.05048 12.93593 245.3618 -28.05049 2.935931 245.3618 -28.05049 12.93593 245.3618 28.05048 2.935931 252.3839 29.78126 12.93593 252.3839 -29.78128 2.935931 252.3839 -29.78128 12.93593 252.3839 29.78126 2.935931 259.6161 29.78126 12.93593 259.6161 -29.78128 2.935931 259.6161 -29.78128 12.93593 259.6161 29.78126 2.935931 266.6382 28.05048 12.93593 266.6382 -28.05049 2.935931 266.6382 -28.05049 12.93593 266.6382 28.05048 2.935931 273.0419 24.68951 12.93593 273.0419 -24.68952 2.935931 273.0419 -24.68952 12.93593 273.0419 24.68951 2.935931 278.4553 19.89367 12.93593 278.4553 -19.89369 2.935931 278.4553 -19.89369 12.93593 278.4553 19.89367 2.935931 282.5637 13.94168 12.93593 282.5637 -13.9417 2.935931 282.5637 -13.9417 12.93593 282.5637 13.94168 2.935931 285.1282 7.179464 12.93593 285.1282 -7.179477 2.935931 285.1282 -7.179477 12.93593 285.1282 7.179464 2.935931 286 -4.57787e-6 12.93593 286 -4.57787e-6 2.935931</float_array>
          <technique_common>
            <accessor source="#mesh-a28f2dee-3ec3-4df2-ab26-e610133d56d4-mesh-positions-array" count="52" stride="3">
              <param name="X" type="float"/>
              <param name="Y" type="float"/>
              <param name="Z" type="float"/>
            </accessor>
          </technique_common>
        </source>
        <source id="mesh-a28f2dee-3ec3-4df2-ab26-e610133d56d4-mesh-normals">
          <float_array id="mesh-a28f2dee-3ec3-4df2-ab26-e610133d56d4-mesh-normals-array" count="156">1 1.98527e-6 0 0.9709413 -0.2393183 0 1 -2.03544e-6 0 0.9709413 0.2393181 0 0.9709421 0.2393143 0 0.9709422 -0.2393145 0 0.8854548 -0.4647257 0 0.8854548 0.4647257 0 0.8854572 0.464721 0 0.8854572 -0.464721 0 0.7485107 -0.6631228 0 0.7485106 0.6631229 0 0.7485129 0.6631204 0 0.7485129 -0.6631203 0 0.5680656 -0.8229833 0 0.5680656 0.8229833 0 0.5680649 0.8229839 0 0.5680648 -0.8229839 0 0.354605 -0.9350163 0 0.3546053 0.9350162 0 0.3546048 0.9350163 0 0.3546044 -0.9350165 0 0.1205365 -0.9927089 0 0.1205369 0.9927089 0 0.1205374 0.9927088 0 0.120537 -0.9927089 0 -0.120537 -0.9927089 0 -0.1205374 0.9927088 0 -0.1205369 0.9927089 0 -0.1205365 -0.9927089 0 -0.3546074 -0.9350153 0 -0.3546077 0.9350152 0 -0.3546056 0.9350161 0 -0.3546051 -0.9350162 0 -0.568064 -0.8229845 0 -0.5680641 0.8229844 0 -0.5680637 0.8229847 0 -0.5680635 -0.8229848 0 -0.7485083 -0.6631255 0 -0.7485083 0.6631254 0 -0.7485114 0.663122 0 -0.7485114 -0.6631219 0 -0.8854568 -0.464722 0 -0.8854568 0.464722 0 -0.8854583 0.4647191 0 -0.8854582 -0.464719 0 -0.9709416 -0.2393165 0 -0.9709417 0.2393164 0 -0.9709417 0.2393164 0 -0.9709416 -0.2393165 0 -1 0 0 -1 0 0</float_array>
          <technique_common>
            <accessor source="#mesh-a28f2dee-3ec3-4df2-ab26-e610133d56d4-mesh-normals-array" count="52" stride="3">
              <param name="X" type="float"/>
              <param name="Y" type="float"/>
              <param name="Z" type="float"/>
            </accessor>
          </technique_common>
        </source>
        <vertices id="mesh-a28f2dee-3ec3-4df2-ab26-e610133d56d4-mesh-vertices">
          <input semantic="POSITION" source="#mesh-a28f2dee-3ec3-4df2-ab26-e610133d56d4-mesh-positions"/>
        </vertices>
        <triangles material="Material-外壳-material" count="52">
          <input semantic="VERTEX" source="#mesh-a28f2dee-3ec3-4df2-ab26-e610133d56d4-mesh-vertices" offset="0"/>
          <input semantic="NORMAL" source="#mesh-a28f2dee-3ec3-4df2-ab26-e610133d56d4-mesh-normals" offset="1"/>
          <p>0 0 1 1 2 2 3 3 0 0 2 2 4 4 3 3 2 2 5 5 6 6 1 1 0 0 5 5 1 1 7 7 3 3 4 4 8 8 7 7 4 4 9 9 10 10 6 6 5 5 9 9 6 6 11 11 7 7 8 8 12 12 11 11 8 8 13 13 14 14 10 10 9 9 13 13 10 10 15 15 11 11 12 12 16 16 15 15 12 12 17 17 18 18 14 14 13 13 17 17 14 14 19 19 15 15 16 16 20 20 19 19 16 16 21 21 22 22 18 18 17 17 21 21 18 18 23 23 19 19 20 20 24 24 23 23 20 20 25 25 26 26 22 22 21 21 25 25 22 22 27 27 23 23 24 24 28 28 27 27 24 24 29 29 30 30 26 26 25 25 29 29 26 26 31 31 27 27 28 28 32 32 31 31 28 28 33 33 34 34 30 30 29 29 33 33 30 30 35 35 31 31 32 32 36 36 35 35 32 32 37 37 38 38 34 34 33 33 37 37 34 34 39 39 35 35 36 36 40 40 39 39 36 36 41 41 42 42 38 38 37 37 41 41 38 38 43 43 39 39 40 40 44 44 43 43 40 40 45 45 46 46 42 42 41 41 45 45 42 42 47 47 43 43 44 44 48 48 47 47 44 44 49 49 50 50 46 46 45 45 49 49 46 46 51 51 47 47 48 48 50 50 51 51 48 48 49 49 51 51 50 50</p>
        </triangles>
      </mesh>
    </geometry>
    <geometry id="mesh-d1a35220-db05-45fb-b483-6d83bc9d6940-mesh" name="mesh-d1a35220-db05-45fb-b483-6d83bc9d6940">
      <mesh>
        <source id="mesh-d1a35220-db05-45fb-b483-6d83bc9d6940-mesh-positions">
          <float_array id="mesh-d1a35220-db05-45fb-b483-6d83bc9d6940-mesh-positions-array" count="12">255 -33.9853 11.43593 255 -33.70001 11.43593 255 -33.70001 12.93593 255 -33.9853 12.93593</float_array>
          <technique_common>
            <accessor source="#mesh-d1a35220-db05-45fb-b483-6d83bc9d6940-mesh-positions-array" count="4" stride="3">
              <param name="X" type="float"/>
              <param name="Y" type="float"/>
              <param name="Z" type="float"/>
            </accessor>
          </technique_common>
        </source>
        <source id="mesh-d1a35220-db05-45fb-b483-6d83bc9d6940-mesh-normals">
          <float_array id="mesh-d1a35220-db05-45fb-b483-6d83bc9d6940-mesh-normals-array" count="3">1 0 0</float_array>
          <technique_common>
            <accessor source="#mesh-d1a35220-db05-45fb-b483-6d83bc9d6940-mesh-normals-array" count="1" stride="3">
              <param name="X" type="float"/>
              <param name="Y" type="float"/>
              <param name="Z" type="float"/>
            </accessor>
          </technique_common>
        </source>
        <vertices id="mesh-d1a35220-db05-45fb-b483-6d83bc9d6940-mesh-vertices">
          <input semantic="POSITION" source="#mesh-d1a35220-db05-45fb-b483-6d83bc9d6940-mesh-positions"/>
        </vertices>
        <triangles material="Material-外壳-material" count="2">
          <input semantic="VERTEX" source="#mesh-d1a35220-db05-45fb-b483-6d83bc9d6940-mesh-vertices" offset="0"/>
          <input semantic="NORMAL" source="#mesh-d1a35220-db05-45fb-b483-6d83bc9d6940-mesh-normals" offset="1"/>
          <p>0 0 1 0 2 0 3 0 0 0 2 0</p>
        </triangles>
      </mesh>
    </geometry>
    <geometry id="mesh-a00b7da8-564d-4dc1-b33f-26ab31cc8496-mesh" name="mesh-a00b7da8-564d-4dc1-b33f-26ab31cc8496">
      <mesh>
        <source id="mesh-a00b7da8-564d-4dc1-b33f-26ab31cc8496-mesh-positions">
          <float_array id="mesh-a00b7da8-564d-4dc1-b33f-26ab31cc8496-mesh-positions-array" count="15">255 -33.70001 11.43593 257 -33.70001 12.93593 255 -33.70001 12.93593 256 -33.70001 11.43593 257 -33.70001 11.43593</float_array>
          <technique_common>
            <accessor source="#mesh-a00b7da8-564d-4dc1-b33f-26ab31cc8496-mesh-positions-array" count="5" stride="3">
              <param name="X" type="float"/>
              <param name="Y" type="float"/>
              <param name="Z" type="float"/>
            </accessor>
          </technique_common>
        </source>
        <source id="mesh-a00b7da8-564d-4dc1-b33f-26ab31cc8496-mesh-normals">
          <float_array id="mesh-a00b7da8-564d-4dc1-b33f-26ab31cc8496-mesh-normals-array" count="3">0 -1 0</float_array>
          <technique_common>
            <accessor source="#mesh-a00b7da8-564d-4dc1-b33f-26ab31cc8496-mesh-normals-array" count="1" stride="3">
              <param name="X" type="float"/>
              <param name="Y" type="float"/>
              <param name="Z" type="float"/>
            </accessor>
          </technique_common>
        </source>
        <vertices id="mesh-a00b7da8-564d-4dc1-b33f-26ab31cc8496-mesh-vertices">
          <input semantic="POSITION" source="#mesh-a00b7da8-564d-4dc1-b33f-26ab31cc8496-mesh-positions"/>
        </vertices>
        <triangles material="Material-外壳-material" count="3">
          <input semantic="VERTEX" source="#mesh-a00b7da8-564d-4dc1-b33f-26ab31cc8496-mesh-vertices" offset="0"/>
          <input semantic="NORMAL" source="#mesh-a00b7da8-564d-4dc1-b33f-26ab31cc8496-mesh-normals" offset="1"/>
          <p>0 0 1 0 2 0 0 0 3 0 1 0 3 0 4 0 1 0</p>
        </triangles>
      </mesh>
    </geometry>
    <geometry id="mesh-a32567cb-e935-46fb-8158-003876acf578-mesh" name="mesh-a32567cb-e935-46fb-8158-003876acf578">
      <mesh>
        <source id="mesh-a32567cb-e935-46fb-8158-003876acf578-mesh-positions">
          <float_array id="mesh-a32567cb-e935-46fb-8158-003876acf578-mesh-positions-array" count="12">257 -33.70001 11.43593 257 -33.9853 12.93593 257 -33.70001 12.93593 257 -33.9853 11.43593</float_array>
          <technique_common>
            <accessor source="#mesh-a32567cb-e935-46fb-8158-003876acf578-mesh-positions-array" count="4" stride="3">
              <param name="X" type="float"/>
              <param name="Y" type="float"/>
              <param name="Z" type="float"/>
            </accessor>
          </technique_common>
        </source>
        <source id="mesh-a32567cb-e935-46fb-8158-003876acf578-mesh-normals">
          <float_array id="mesh-a32567cb-e935-46fb-8158-003876acf578-mesh-normals-array" count="3">-1 0 0</float_array>
          <technique_common>
            <accessor source="#mesh-a32567cb-e935-46fb-8158-003876acf578-mesh-normals-array" count="1" stride="3">
              <param name="X" type="float"/>
              <param name="Y" type="float"/>
              <param name="Z" type="float"/>
            </accessor>
          </technique_common>
        </source>
        <vertices id="mesh-a32567cb-e935-46fb-8158-003876acf578-mesh-vertices">
          <input semantic="POSITION" source="#mesh-a32567cb-e935-46fb-8158-003876acf578-mesh-positions"/>
        </vertices>
        <triangles material="Material-外壳-material" count="2">
          <input semantic="VERTEX" source="#mesh-a32567cb-e935-46fb-8158-003876acf578-mesh-vertices" offset="0"/>
          <input semantic="NORMAL" source="#mesh-a32567cb-e935-46fb-8158-003876acf578-mesh-normals" offset="1"/>
          <p>0 0 1 0 2 0 0 0 3 0 1 0</p>
        </triangles>
      </mesh>
    </geometry>
    <geometry id="mesh-cc320633-2e4f-475f-94f2-62a127eb208b-mesh" name="mesh-cc320633-2e4f-475f-94f2-62a127eb208b">
      <mesh>
        <source id="mesh-cc320633-2e4f-475f-94f2-62a127eb208b-mesh-positions">
          <float_array id="mesh-cc320633-2e4f-475f-94f2-62a127eb208b-mesh-positions-array" count="186">222.3 -4.57787e-6 11.43593 222.8209 -7.42636 11.43593 222 -4.57787e-6 11.43593 223.1449 7.498945 11.43593 222 -4.57787e-6 11.43593 222.8524 7.565702 11.43593 223.1449 -7.498962 11.43593 225.2442 -14.49408 11.43593 225.6373 14.62187 11.43593 222.8524 7.565702 11.43593 225.367 14.75204 11.43593 225.6373 -14.62189 11.43593 229.1526 -20.86186 11.43593 229.6523 21.0116 11.43593 229.4177 21.19865 11.43593 229.6523 -21.01161 11.43593 234.3575 -26.22221 11.43593 234.9884 26.34772 11.43593 234.8013 26.58226 11.43593 234.9884 -26.34773 11.43593 240.6076 -30.31625 11.43593 241.3781 30.36265 11.43593 241.248 30.63293 11.43593 241.3781 -30.36266 11.43593 247.601 -32.94628 11.43593 248.501 32.85506 11.43593 248.4343 33.14754 11.43593 248.501 -32.85508 11.43593 255 -33.9853 11.43593 256 33.69999 11.43593 256 33.99999 11.43593 256 -33.70001 11.43593 255 -33.70001 11.43593 263.499 32.85506 11.43593 263.5657 33.14754 11.43593 263.499 -32.85508 11.43593 257 -33.70001 11.43593 256 -33.70001 11.43593 257 -33.9853 11.43593 264.399 -32.94628 11.43593 270.6219 30.36265 11.43593 270.6219 -30.36266 11.43593 270.7521 30.63293 11.43593 271.3924 -30.31625 11.43593 277.0116 26.34772 11.43593 277.0116 -26.34773 11.43593 277.6425 -26.22221 11.43593 277.1986 26.58226 11.43593 282.3477 21.0116 11.43593 282.3477 -21.01161 11.43593 282.8474 -20.86186 11.43593 282.5823 21.19865 11.43593 286.3627 14.62187 11.43593 286.3627 -14.62189 11.43593 286.7558 -14.49408 11.43593 286.633 14.75204 11.43593 288.8551 7.498945 11.43593 288.8551 -7.498962 11.43593 289.1791 -7.42636 11.43593 289.1476 7.565702 11.43593 289.7 -4.57786e-6 11.43593 290 -4.57786e-6 11.43593</float_array>
          <technique_common>
            <accessor source="#mesh-cc320633-2e4f-475f-94f2-62a127eb208b-mesh-positions-array" count="62" stride="3">
              <param name="X" type="float"/>
              <param name="Y" type="float"/>
              <param name="Z" type="float"/>
            </accessor>
          </technique_common>
        </source>
        <source id="mesh-cc320633-2e4f-475f-94f2-62a127eb208b-mesh-normals">
          <float_array id="mesh-cc320633-2e4f-475f-94f2-62a127eb208b-mesh-normals-array" count="81">0 0 -1 -6.72274e-6 0 -1 3.97417e-6 0 -1 2.64943e-6 0 -1 5.88807e-6 0 -1 -4.23924e-7 0 -1 -2.82933e-6 0 -1 4.24268e-6 0 -1 -2.11959e-6 0 -1 3.36153e-6 0 -1 -2.72777e-6 0 -1 4.23925e-7 0 -1 1.68067e-6 0 -1 -4.23911e-7 0 -1 1.02871e-6 0 -1 6.3586e-7 0 -1 -8.40359e-7 0 -1 -5.14361e-7 0 -1 -1.69567e-6 0 -1 5.7691e-7 0 -1 -1.16527e-6 0 -1 1.83515e-6 0 -1 -2.93814e-6 0 -1 -6.78187e-6 0 -1 2.89668e-7 0 -1 6.78258e-6 0 -1 -1.52419e-6 0 -1</float_array>
          <technique_common>
            <accessor source="#mesh-cc320633-2e4f-475f-94f2-62a127eb208b-mesh-normals-array" count="27" stride="3">
              <param name="X" type="float"/>
              <param name="Y" type="float"/>
              <param name="Z" type="float"/>
            </accessor>
          </technique_common>
        </source>
        <vertices id="mesh-cc320633-2e4f-475f-94f2-62a127eb208b-mesh-vertices">
          <input semantic="POSITION" source="#mesh-cc320633-2e4f-475f-94f2-62a127eb208b-mesh-positions"/>
        </vertices>
        <triangles material="Material-外壳-material" count="58">
          <input semantic="VERTEX" source="#mesh-cc320633-2e4f-475f-94f2-62a127eb208b-mesh-vertices" offset="0"/>
          <input semantic="NORMAL" source="#mesh-cc320633-2e4f-475f-94f2-62a127eb208b-mesh-normals" offset="1"/>
          <p>0 0 1 0 2 0 3 0 0 0 4 0 5 1 3 1 4 1 6 0 1 0 0 0 6 0 7 0 1 0 8 2 3 2 9 2 10 0 8 0 9 0 11 0 7 0 6 0 11 0 12 0 7 0 13 3 8 3 10 3 14 0 13 0 10 0 15 4 12 4 11 4 15 0 16 0 12 0 17 5 13 5 14 5 18 0 17 0 14 0 19 6 16 6 15 6 19 7 20 7 16 7 21 8 17 8 18 8 22 9 21 9 18 9 23 10 20 10 19 10 23 0 24 0 20 0 25 11 21 11 22 11 26 12 25 12 22 12 27 0 24 0 23 0 27 0 28 0 24 0 29 13 25 13 26 13 30 0 29 0 26 0 31 0 32 0 27 0 32 14 28 14 27 14 33 15 29 15 30 15 34 16 33 16 30 16 35 0 36 0 37 0 35 17 38 17 36 17 35 0 39 0 38 0 34 18 40 18 33 18 41 19 39 19 35 19 42 0 40 0 34 0 41 0 43 0 39 0 42 0 44 0 40 0 45 0 46 0 41 0 46 20 43 20 41 20 47 0 44 0 42 0 47 0 48 0 44 0 49 0 50 0 45 0 50 21 46 21 45 21 51 0 48 0 47 0 51 0 52 0 48 0 53 0 54 0 49 0 54 22 50 22 49 22 55 0 52 0 51 0 55 23 56 23 52 23 57 0 58 0 53 0 58 24 54 24 53 24 59 0 56 0 55 0 59 25 60 25 56 25 60 0 61 0 57 0 61 26 58 26 57 26 61 0 60 0 59 0</p>
        </triangles>
      </mesh>
    </geometry>
    <geometry id="mesh-e6722aea-f779-4b8c-adde-7460cfcaded8-mesh" name="mesh-e6722aea-f779-4b8c-adde-7460cfcaded8">
      <mesh>
        <source id="mesh-e6722aea-f779-4b8c-adde-7460cfcaded8-mesh-positions">
          <float_array id="mesh-e6722aea-f779-4b8c-adde-7460cfcaded8-mesh-positions-array" count="168">222.3 -4.57787e-6 4.435934 223.1449 -7.498962 4.435934 222.3 -4.57787e-6 11.43593 223.1449 -7.498962 11.43593 223.1449 7.498945 11.43593 225.6373 14.62187 11.43593 223.1449 7.498945 4.435934 225.6373 -14.62189 4.435934 225.6373 -14.62189 11.43593 229.6523 21.0116 11.43593 225.6373 14.62187 4.435934 229.6523 -21.01161 4.435934 229.6523 -21.01161 11.43593 234.9884 26.34772 11.43593 229.6523 21.0116 4.435934 234.9884 -26.34773 4.435934 234.9884 -26.34773 11.43593 241.3781 30.36265 11.43593 234.9884 26.34772 4.435934 241.3781 -30.36266 4.435934 241.3781 -30.36266 11.43593 248.501 32.85506 11.43593 241.3781 30.36265 4.435934 248.501 -32.85508 4.435934 248.501 -32.85508 11.43593 256 33.69999 11.43593 248.501 32.85506 4.435934 256 -33.70001 4.435934 256 -33.70001 11.43593 263.499 32.85506 11.43593 256 33.69999 4.435934 263.499 -32.85508 4.435934 263.499 -32.85508 11.43593 270.6219 30.36265 11.43593 263.499 32.85506 4.435934 270.6219 -30.36266 4.435934 270.6219 -30.36266 11.43593 277.0116 26.34772 11.43593 270.6219 30.36265 4.435934 277.0116 -26.34773 4.435934 277.0116 -26.34773 11.43593 282.3477 21.0116 11.43593 277.0116 26.34772 4.435934 282.3477 -21.01161 4.435934 282.3477 -21.01161 11.43593 286.3627 14.62187 11.43593 282.3477 21.0116 4.435934 286.3627 -14.62189 4.435934 286.3627 -14.62189 11.43593 288.8551 7.498945 11.43593 286.3627 14.62187 4.435934 288.8551 -7.498962 4.435934 288.8551 -7.498962 11.43593 289.7 -4.57786e-6 11.43593 288.8551 7.498945 4.435934 289.7 -4.57786e-6 4.435934</float_array>
          <technique_common>
            <accessor source="#mesh-e6722aea-f779-4b8c-adde-7460cfcaded8-mesh-positions-array" count="56" stride="3">
              <param name="X" type="float"/>
              <param name="Y" type="float"/>
              <param name="Z" type="float"/>
            </accessor>
          </technique_common>
        </source>
        <source id="mesh-e6722aea-f779-4b8c-adde-7460cfcaded8-mesh-normals">
          <float_array id="mesh-e6722aea-f779-4b8c-adde-7460cfcaded8-mesh-normals-array" count="168">-1 0 0 -0.9749277 -0.222522 0 -1 0 0 -0.9749279 -0.222521 0 -0.9749277 0.2225221 0 -0.9009693 0.4338831 0 -0.974928 0.2225211 0 -0.9009691 -0.4338833 0 -0.9009696 -0.4338824 0 -0.7818318 0.6234896 0 -0.9009698 0.4338822 0 -0.7818316 -0.6234897 0 -0.7818316 -0.6234898 0 -0.623489 0.7818322 0 -0.7818317 0.6234896 0 -0.623489 -0.7818321 0 -0.6234895 -0.7818318 0 -0.4338835 0.900969 0 -0.6234896 0.7818318 0 -0.4338839 -0.9009688 0 -0.4338842 -0.9009687 0 -0.2225208 0.974928 0 -0.4338837 0.900969 0 -0.222521 -0.974928 0 -0.2225207 -0.974928 0 0 1 0 -0.2225204 0.974928 0 0 -1 0 0 -1 0 0.2225205 0.974928 0 0 1 0 0.2225207 -0.974928 0 0.2225214 -0.9749279 0 0.4338852 0.9009682 0 0.2225212 0.974928 0 0.4338856 -0.900968 0 0.4338847 -0.9009684 0 0.6234894 0.7818319 0 0.4338843 0.9009686 0 0.6234895 -0.7818318 0 0.6234881 -0.7818329 0 0.781833 0.623488 0 0.6234881 0.7818329 0 0.7818328 -0.6234883 0 0.7818316 -0.6234897 0 0.9009687 0.4338842 0 0.7818319 0.6234894 0 0.9009686 -0.4338845 0 0.9009678 -0.4338861 0 0.9749283 0.2225199 0 0.900968 0.4338859 0 0.9749283 -0.2225198 0 0.9749277 -0.2225219 0 1 -2.12885e-6 0 0.9749277 0.222522 0 1 2.24818e-6 0</float_array>
          <technique_common>
            <accessor source="#mesh-e6722aea-f779-4b8c-adde-7460cfcaded8-mesh-normals-array" count="56" stride="3">
              <param name="X" type="float"/>
              <param name="Y" type="float"/>
              <param name="Z" type="float"/>
            </accessor>
          </technique_common>
        </source>
        <vertices id="mesh-e6722aea-f779-4b8c-adde-7460cfcaded8-mesh-vertices">
          <input semantic="POSITION" source="#mesh-e6722aea-f779-4b8c-adde-7460cfcaded8-mesh-positions"/>
        </vertices>
        <triangles material="Material-橡胶环-material" count="56">
          <input semantic="VERTEX" source="#mesh-e6722aea-f779-4b8c-adde-7460cfcaded8-mesh-vertices" offset="0"/>
          <input semantic="NORMAL" source="#mesh-e6722aea-f779-4b8c-adde-7460cfcaded8-mesh-normals" offset="1"/>
          <p>0 0 1 1 2 2 1 1 3 3 2 2 4 4 0 0 2 2 5 5 6 6 4 4 6 6 0 0 4 4 1 1 7 7 3 3 7 7 8 8 3 3 9 9 10 10 5 5 10 10 6 6 5 5 7 7 11 11 8 8 11 11 12 12 8 8 13 13 14 14 9 9 14 14 10 10 9 9 11 11 15 15 12 12 15 15 16 16 12 12 17 17 18 18 13 13 18 18 14 14 13 13 15 15 19 19 16 16 19 19 20 20 16 16 21 21 22 22 17 17 22 22 18 18 17 17 19 19 23 23 20 20 23 23 24 24 20 20 25 25 26 26 21 21 26 26 22 22 21 21 23 23 27 27 24 24 27 27 28 28 24 24 29 29 30 30 25 25 30 30 26 26 25 25 27 27 31 31 28 28 31 31 32 32 28 28 33 33 34 34 29 29 34 34 30 30 29 29 31 31 35 35 32 32 35 35 36 36 32 32 37 37 38 38 33 33 38 38 34 34 33 33 35 35 39 39 36 36 39 39 40 40 36 36 41 41 42 42 37 37 42 42 38 38 37 37 39 39 43 43 40 40 43 43 44 44 40 40 45 45 46 46 41 41 46 46 42 42 41 41 43 43 47 47 44 44 47 47 48 48 44 44 49 49 50 50 45 45 50 50 46 46 45 45 47 47 51 51 48 48 51 51 52 52 48 48 53 53 54 54 49 49 54 54 50 50 49 49 51 51 55 55 52 52 55 55 53 53 52 52 55 55 54 54 53 53</p>
        </triangles>
      </mesh>
    </geometry>
    <geometry id="mesh-aaa900e8-dcde-4447-821c-bb7515d819e6-mesh" name="mesh-aaa900e8-dcde-4447-821c-bb7515d819e6">
      <mesh>
        <source id="mesh-aaa900e8-dcde-4447-821c-bb7515d819e6-mesh-positions">
          <float_array id="mesh-aaa900e8-dcde-4447-821c-bb7515d819e6-mesh-positions-array" count="348">252.839 33.81789 4.436411 256 33.69999 4.435934 253.8586 33.93438 4.43656 256 34 4.435934 248.501 -32.85508 4.435934 250.0038 -33.43944 4.436203 252.1681 -33.79267 4.436515 252.8335 -33.82868 4.436411 256 -33.70001 4.435934 256 -33.99999 4.435934 250.0692 33.50145 4.436001 248.501 32.85506 4.435934 248.4269 -33.18208 4.435971 223.1449 -7.498962 4.435934 222.6783 -6.951504 4.435867 223.1678 -9.36848 4.436098 223.4457 -10.25362 4.436053 225.6373 14.62187 4.435934 224.5102 13.33166 4.436061 223.6404 11.03531 4.43609 223.4413 10.25686 4.436061 223.1449 7.498945 4.435934 222.7727 7.643069 4.435964 224.9429 14.47426 4.436053 226.0613 16.62326 4.436061 225.8375 16.19325 4.436061 226.5763 17.61291 4.436061 227.3992 18.833 4.435971 247.2516 32.86936 4.436046 246.4484 32.68918 4.436061 244.6113 32.07054 4.435994 225.6373 -14.62189 4.435934 224.2194 -12.71879 4.435949 244.5943 -32.10362 4.435986 244.7869 -32.18007 4.436001 247.2577 -32.86022 4.435979 241.3781 30.36265 4.435934 243.0028 31.52891 4.435934 241.3781 -30.36266 4.435934 242.5864 -31.30659 4.435837 229.6523 21.0116 4.435934 228.549 20.53781 4.435852 222.6698 6.955433 4.435837 224.4938 -13.33679 4.435949 225.6556 -15.95377 4.435964 225.8064 -16.20894 4.435964 225.9742 -16.49291 4.435956 227.369 -18.85355 4.435926 222.037 -1.31045 4.435815 222.3 -4.57787e-6 4.435934 221.9998 1.77739e-5 4.435934 222.0707 1.382272 4.435696 222.057 -2.014262 4.435748 222.2012 -3.413321 4.435755 222.1752 3.420274 4.435338 222.6409 6.762671 4.435807 222.1932 3.771867 4.435278 222.6383 -6.754291 4.435845 222.4497 -5.822894 4.435755 229.6523 -21.01161 4.435934 229.5147 21.67598 4.435852 229.1497 21.24575 4.435852 230.8631 23.26531 4.435852 234.9884 26.34772 4.435934 233.0711 25.35684 4.435405 231.0396 23.43246 4.435815 227.4761 -19.03475 4.435926 229.1456 -21.25115 4.43577 229.5808 -21.82885 4.435726 229.7144 -21.97039 4.435733 231.0703 -23.407 4.4358 232.1679 -24.56992 4.43586 233.0817 -25.3439 4.435748 234.9884 -26.34773 4.435934 237.3699 28.58255 4.435792 236.3917 27.98604 4.435874 235.1836 27.05934 4.435636 233.5266 25.78833 4.435316 237.3643 -28.59293 4.43574 235.0686 -27.02693 4.435517 242.6213 31.35223 4.435897 242.0733 31.09847 4.435837 239.6728 29.98688 4.435599 239.6375 29.96537 4.435599 241.2854 -30.79016 4.43574 242.0692 -31.10128 4.4358 238.0658 -29.07147 4.435807 239.6651 -29.92519 4.435778 260.6584 33.67935 4.435934 263.499 32.85506 4.435934 260.6584 -33.67935 4.435934 263.499 -32.85508 4.435934 267.768 31.8985 4.435934 267.768 -31.8985 4.435934 270.6219 30.36265 4.435934 270.6219 -30.36266 4.435934 274.3307 28.63538 4.435934 274.3307 -28.63538 4.435934 277.0116 26.34772 4.435934 277.0116 -26.34773 4.435934 280.0416 24.04163 4.435934 280.0416 -24.04162 4.435934 282.3477 21.0116 4.435934 282.3477 -21.01161 4.435934 284.6354 18.3307 4.435934 284.6354 -18.3307 4.435934 286.3627 14.62187 4.435934 286.3627 -14.62189 4.435934 287.8985 11.76798 4.435934 287.8985 -11.76797 4.435934 288.8551 7.498945 4.435934 288.8551 -7.498962 4.435934 289.6793 4.658426 4.435934 289.6793 -4.658413 4.435934 289.7 -4.57786e-6 4.435934 290 2.87272e-6 4.435934</float_array>
          <technique_common>
            <accessor source="#mesh-aaa900e8-dcde-4447-821c-bb7515d819e6-mesh-positions-array" count="116" stride="3">
              <param name="X" type="float"/>
              <param name="Y" type="float"/>
              <param name="Z" type="float"/>
            </accessor>
          </technique_common>
        </source>
        <source id="mesh-aaa900e8-dcde-4447-821c-bb7515d819e6-mesh-normals">
          <float_array id="mesh-aaa900e8-dcde-4447-821c-bb7515d819e6-mesh-normals-array" count="303">7.81004e-5 -0.00196129 0.9999982 2.92159e-4 0 1 -1.19875e-4 1.51184e-4 1 2.42353e-4 0.00156486 0.9999988 1.10552e-4 9.82252e-4 0.9999996 1.50595e-4 0 1 -1.8792e-4 3.52454e-4 1 1.13277e-4 -0.001005828 0.9999996 -1.23512e-4 1.41752e-4 1 -3.99281e-5 8.72387e-5 1 4.58565e-4 9.33551e-5 0.9999999 1.71717e-4 -5.25132e-5 1 2.72369e-4 -1.07316e-4 1 1.89015e-4 -6.6374e-5 1 5.88625e-5 -5.24767e-5 1 1.85623e-4 -6.34453e-5 1 2.04678e-4 -1.06855e-4 1 1.93135e-4 -1.05445e-4 1 2.05965e-4 -1.06877e-4 1 3.23267e-4 -1.43303e-4 1 8.56579e-5 -2.982e-4 1 9.32544e-5 -3.84428e-4 1 1.80094e-4 6.29017e-5 1 -8.10918e-5 -6.75428e-5 1 8.61673e-5 -3.11997e-4 1 9.64046e-5 4.40741e-4 1 3.61085e-5 9.656e-5 1 3.56453e-5 -1.0338e-4 1 -6.7992e-5 9.72429e-5 1 -2.34278e-4 -4.01954e-4 1 2.97973e-5 8.52081e-5 1 3.5438e-5 1.05663e-4 1 -1.46331e-4 1.69023e-4 1 4.1526e-5 -2.64315e-5 1 1.0125e-5 -1.85778e-4 1 3.81581e-5 2.3088e-5 1 3.40298e-5 2.30916e-5 1 1.00487e-4 2.93671e-5 1 5.88608e-5 2.23479e-5 1 2.69347e-5 1.14538e-5 1 -2.26537e-6 -9.09627e-5 1 2.29849e-6 1.72476e-4 1 2.70845e-5 -9.4972e-5 1 -4.3558e-4 -3.97013e-5 1 -3.7046e-4 -4.16846e-5 1 -0.001169681 1.31652e-4 0.9999994 1.24714e-5 1.74746e-4 1 -3.76937e-5 -1.51265e-4 1 9.716e-6 -1.78076e-4 1 -0.001697361 2.56303e-4 0.9999986 -6.79653e-6 1.11028e-4 1 -3.42424e-4 -3.52924e-5 1 -4.89286e-5 8.62996e-5 1 -8.36986e-6 -5.1699e-6 1 -1.1617e-4 9.92288e-5 1 -1.17232e-4 9.92317e-5 1 -5.70285e-4 5.70839e-4 0.9999997 3.37642e-4 -1.45027e-4 1 3.61399e-4 -1.56509e-4 1 -1.17182e-4 9.92328e-5 1 -1.04397e-5 -4.47053e-6 1 -2.13706e-4 -2.31872e-4 1 -2.11435e-4 -2.36419e-4 1 -2.95798e-4 -2.29031e-4 1 -2.94574e-4 -2.28798e-4 1 -3.01643e-4 -2.36297e-4 1 2.63226e-4 1.64025e-4 1 -2.06659e-4 -2.06502e-4 1 -1.19657e-4 1.9179e-4 1 1.27081e-4 -7.41936e-5 1 -6.58217e-4 5.9899e-4 0.9999996 -6.51996e-4 5.9761e-4 0.9999997 -8.44799e-4 0.001097977 0.9999991 -1.61092e-4 -2.57333e-4 1 -4.47586e-4 -6.67343e-4 0.9999997 -5.61457e-4 -6.80653e-4 0.9999997 -3.00627e-4 4.16549e-4 1 -2.8435e-4 4.00685e-4 1 -3.05176e-4 5.04176e-4 0.9999999 -3.59672e-4 7.28466e-4 0.9999997 -2.77764e-4 3.82622e-4 0.9999999 -2.37177e-4 -4.01812e-4 1 -2.22392e-4 -3.95623e-4 1 3.79077e-5 1.94535e-4 1 -1.91597e-4 -3.94299e-4 1 -1.96197e-4 -4.10344e-4 1 0 0 1 0 0 1 0 0 1 1.26111e-7 0 1 -5.94842e-7 0 1 2.49214e-7 0 1 1.24373e-6 0 1 -2.47448e-7 0 1 -4.93745e-7 0 1 4.98435e-7 0 1 4.75924e-6 0 1 5.04465e-7 0 1 2.01787e-6 0 1 2.72971e-6 0 1 -2.72973e-6 0 1</float_array>
          <technique_common>
            <accessor source="#mesh-aaa900e8-dcde-4447-821c-bb7515d819e6-mesh-normals-array" count="101" stride="3">
              <param name="X" type="float"/>
              <param name="Y" type="float"/>
              <param name="Z" type="float"/>
            </accessor>
          </technique_common>
        </source>
        <vertices id="mesh-aaa900e8-dcde-4447-821c-bb7515d819e6-mesh-vertices">
          <input semantic="POSITION" source="#mesh-aaa900e8-dcde-4447-821c-bb7515d819e6-mesh-positions"/>
        </vertices>
        <triangles material="Material-外壳-material" count="116">
          <input semantic="VERTEX" source="#mesh-aaa900e8-dcde-4447-821c-bb7515d819e6-mesh-vertices" offset="0"/>
          <input semantic="NORMAL" source="#mesh-aaa900e8-dcde-4447-821c-bb7515d819e6-mesh-normals" offset="1"/>
          <p>0 0 1 0 2 0 1 1 3 1 2 1 4 2 5 2 6 2 7 3 4 3 6 3 8 4 4 4 7 4 9 5 8 5 7 5 10 6 11 6 0 6 11 7 1 7 0 7 4 8 12 8 5 8 13 9 14 9 15 9 16 10 13 10 15 10 17 11 18 11 19 11 20 12 17 12 19 12 21 13 17 13 20 13 22 14 21 14 20 14 17 15 23 15 18 15 17 16 24 16 25 16 23 17 17 17 25 17 17 18 26 18 24 18 17 19 27 19 26 19 11 20 28 20 29 20 30 21 11 21 29 21 31 22 13 22 16 22 32 23 31 23 16 23 11 24 10 24 28 24 4 25 33 25 34 25 35 26 4 26 34 26 36 27 11 27 30 27 37 28 36 28 30 28 38 29 39 29 33 29 4 30 38 30 33 30 12 31 4 31 35 31 40 32 41 32 27 32 17 33 40 33 27 33 42 34 21 34 22 34 31 35 43 35 44 35 45 36 31 36 44 36 46 37 31 37 45 37 47 38 31 38 46 38 43 39 31 39 32 39 48 40 49 40 50 40 49 41 51 41 50 41 48 42 52 42 49 42 52 43 53 43 49 43 53 44 13 44 49 44 21 45 54 45 49 45 54 46 51 46 49 46 42 47 55 47 21 47 55 48 56 48 21 48 56 49 54 49 21 49 57 50 14 50 13 50 53 51 58 51 13 51 58 52 57 52 13 52 47 53 59 53 31 53 60 54 61 54 40 54 62 55 60 55 40 55 63 56 64 56 40 56 64 57 65 57 40 57 65 58 62 58 40 58 61 59 41 59 40 59 47 60 66 60 59 60 66 61 67 61 59 61 67 62 68 62 59 62 68 63 69 63 59 63 69 64 70 64 59 64 70 65 71 65 59 65 71 66 72 66 59 66 72 67 73 67 59 67 36 68 74 68 63 68 74 69 75 69 63 69 75 70 76 70 63 70 76 71 77 71 63 71 77 72 64 72 63 72 78 73 38 73 73 73 72 74 79 74 73 74 79 75 78 75 73 75 80 76 81 76 36 76 81 77 82 77 36 77 82 78 83 78 36 78 83 79 74 79 36 79 37 80 80 80 36 80 84 81 85 81 38 81 85 82 39 82 38 82 78 83 86 83 38 83 86 84 87 84 38 84 87 85 84 85 38 85 1 86 88 86 3 86 89 87 88 87 1 87 9 88 90 88 8 88 90 89 91 89 8 89 89 86 92 86 88 86 93 90 91 90 90 90 94 91 92 91 89 91 93 86 95 86 91 86 94 86 96 86 92 86 97 92 95 92 93 92 98 93 96 93 94 93 97 86 99 86 95 86 98 86 100 86 96 86 101 86 99 86 97 86 102 94 100 94 98 94 101 86 103 86 99 86 102 86 104 86 100 86 105 86 103 86 101 86 106 86 104 86 102 86 105 86 107 86 103 86 106 86 108 86 104 86 109 86 107 86 105 86 110 95 108 95 106 95 109 86 111 86 107 86 110 86 112 86 108 86 113 96 111 96 109 96 114 97 112 97 110 97 113 98 114 98 111 98 114 99 115 99 112 99 115 100 114 100 113 100</p>
        </triangles>
      </mesh>
    </geometry>
    <geometry id="mesh-aa28897b-c44a-40fc-9490-8c42e4a09fc4-mesh" name="mesh-aa28897b-c44a-40fc-9490-8c42e4a09fc4">
      <mesh>
        <source id="mesh-aa28897b-c44a-40fc-9490-8c42e4a09fc4-mesh-positions">
          <float_array id="mesh-aa28897b-c44a-40fc-9490-8c42e4a09fc4-mesh-positions-array" count="9">224.435 -13.38029 4.008725 225.8057 -16.20969 4.418269 225.6556 -15.95377 4.435964</float_array>
          <technique_common>
            <accessor source="#mesh-aa28897b-c44a-40fc-9490-8c42e4a09fc4-mesh-positions-array" count="3" stride="3">
              <param name="X" type="float"/>
              <param name="Y" type="float"/>
              <param name="Z" type="float"/>
            </accessor>
          </technique_common>
        </source>
        <source id="mesh-aa28897b-c44a-40fc-9490-8c42e4a09fc4-mesh-normals">
          <float_array id="mesh-aa28897b-c44a-40fc-9490-8c42e4a09fc4-mesh-normals-array" count="3">-0.8071587 -0.4468434 -0.3857799</float_array>
          <technique_common>
            <accessor source="#mesh-aa28897b-c44a-40fc-9490-8c42e4a09fc4-mesh-normals-array" count="1" stride="3">
              <param name="X" type="float"/>
              <param name="Y" type="float"/>
              <param name="Z" type="float"/>
            </accessor>
          </technique_common>
        </source>
        <vertices id="mesh-aa28897b-c44a-40fc-9490-8c42e4a09fc4-mesh-vertices">
          <input semantic="POSITION" source="#mesh-aa28897b-c44a-40fc-9490-8c42e4a09fc4-mesh-positions"/>
        </vertices>
        <triangles material="Material-外壳-material" count="1">
          <input semantic="VERTEX" source="#mesh-aa28897b-c44a-40fc-9490-8c42e4a09fc4-mesh-vertices" offset="0"/>
          <input semantic="NORMAL" source="#mesh-aa28897b-c44a-40fc-9490-8c42e4a09fc4-mesh-normals" offset="1"/>
          <p>0 0 1 0 2 0</p>
        </triangles>
      </mesh>
    </geometry>
    <geometry id="mesh-f79fb52f-6e33-4cb1-b794-ba9dbfbc9ab1-mesh" name="mesh-f79fb52f-6e33-4cb1-b794-ba9dbfbc9ab1">
      <mesh>
        <source id="mesh-f79fb52f-6e33-4cb1-b794-ba9dbfbc9ab1-mesh-positions">
          <float_array id="mesh-f79fb52f-6e33-4cb1-b794-ba9dbfbc9ab1-mesh-positions-array" count="78">285.1282 -7.179477 2.935931 286 -4.57787e-6 2.935931 226 -4.57787e-6 2.935931 285.1282 7.179464 2.935931 282.5637 13.94168 2.935931 278.4553 19.89367 2.935931 273.0419 24.68951 2.935931 266.6382 28.05048 2.935931 259.6161 29.78126 2.935931 252.3839 29.78126 2.935931 226.8717 7.179464 2.935931 226.8717 -7.179477 2.935931 229.4363 13.94168 2.935931 229.4363 -13.9417 2.935931 233.5447 19.89367 2.935931 233.5447 -19.89369 2.935931 238.958 24.68951 2.935931 238.958 -24.68952 2.935931 245.3618 28.05048 2.935931 245.3618 -28.05049 2.935931 252.3839 -29.78128 2.935931 259.6161 -29.78128 2.935931 266.6382 -28.05049 2.935931 273.0419 -24.68952 2.935931 278.4553 -19.89369 2.935931 282.5637 -13.9417 2.935931</float_array>
          <technique_common>
            <accessor source="#mesh-f79fb52f-6e33-4cb1-b794-ba9dbfbc9ab1-mesh-positions-array" count="26" stride="3">
              <param name="X" type="float"/>
              <param name="Y" type="float"/>
              <param name="Z" type="float"/>
            </accessor>
          </technique_common>
        </source>
        <source id="mesh-f79fb52f-6e33-4cb1-b794-ba9dbfbc9ab1-mesh-normals">
          <float_array id="mesh-f79fb52f-6e33-4cb1-b794-ba9dbfbc9ab1-mesh-normals-array" count="27">0 0 1 0 0 1 0 0 1 0 0 1 0 0 1 0 0 1 1.52377e-7 0 1 0 0 1 0 0 1</float_array>
          <technique_common>
            <accessor source="#mesh-f79fb52f-6e33-4cb1-b794-ba9dbfbc9ab1-mesh-normals-array" count="9" stride="3">
              <param name="X" type="float"/>
              <param name="Y" type="float"/>
              <param name="Z" type="float"/>
            </accessor>
          </technique_common>
        </source>
        <vertices id="mesh-f79fb52f-6e33-4cb1-b794-ba9dbfbc9ab1-mesh-vertices">
          <input semantic="POSITION" source="#mesh-f79fb52f-6e33-4cb1-b794-ba9dbfbc9ab1-mesh-positions"/>
        </vertices>
        <triangles material="Material-外壳-material" count="24">
          <input semantic="VERTEX" source="#mesh-f79fb52f-6e33-4cb1-b794-ba9dbfbc9ab1-mesh-vertices" offset="0"/>
          <input semantic="NORMAL" source="#mesh-f79fb52f-6e33-4cb1-b794-ba9dbfbc9ab1-mesh-normals" offset="1"/>
          <p>0 0 1 0 2 0 1 1 3 1 2 1 3 1 4 1 2 1 4 2 5 2 2 2 5 1 6 1 2 1 6 1 7 1 2 1 7 1 8 1 2 1 8 1 9 1 2 1 9 3 10 3 2 3 11 1 0 1 2 1 9 4 12 4 10 4 13 1 0 1 11 1 9 1 14 1 12 1 15 5 0 5 13 5 9 1 16 1 14 1 17 1 0 1 15 1 9 6 18 6 16 6 19 7 0 7 17 7 20 1 21 1 19 1 21 1 22 1 19 1 22 1 23 1 19 1 23 1 24 1 19 1 24 1 25 1 19 1 25 8 0 8 19 8</p>
        </triangles>
      </mesh>
    </geometry>
    <geometry id="mesh-a8c4051e-50b4-4f04-b410-63933dd8f552-mesh" name="mesh-a8c4051e-50b4-4f04-b410-63933dd8f552">
      <mesh>
        <source id="mesh-a8c4051e-50b4-4f04-b410-63933dd8f552-mesh-positions">
          <float_array id="mesh-a8c4051e-50b4-4f04-b410-63933dd8f552-mesh-positions-array" count="12">221.8951 1.96588e-4 2.055816 221.817 -0.09499943 1.529466 221.8952 1.96588e-4 2.058364 221.8936 1.96588e-4 2.022609</float_array>
          <technique_common>
            <accessor source="#mesh-a8c4051e-50b4-4f04-b410-63933dd8f552-mesh-positions-array" count="4" stride="3">
              <param name="X" type="float"/>
              <param name="Y" type="float"/>
              <param name="Z" type="float"/>
            </accessor>
          </technique_common>
        </source>
        <source id="mesh-a8c4051e-50b4-4f04-b410-63933dd8f552-mesh-normals">
          <float_array id="mesh-a8c4051e-50b4-4f04-b410-63933dd8f552-mesh-normals-array" count="12">-0.8907098 0.4525873 0.04243713 -0.8666942 0.4973832 0.03809356 -0.8924217 0.4491717 0.04275923 -0.8647038 0.5008617 0.03774672</float_array>
          <technique_common>
            <accessor source="#mesh-a8c4051e-50b4-4f04-b410-63933dd8f552-mesh-normals-array" count="4" stride="3">
              <param name="X" type="float"/>
              <param name="Y" type="float"/>
              <param name="Z" type="float"/>
            </accessor>
          </technique_common>
        </source>
        <vertices id="mesh-a8c4051e-50b4-4f04-b410-63933dd8f552-mesh-vertices">
          <input semantic="POSITION" source="#mesh-a8c4051e-50b4-4f04-b410-63933dd8f552-mesh-positions"/>
        </vertices>
        <triangles material="Material-外壳-material" count="2">
          <input semantic="VERTEX" source="#mesh-a8c4051e-50b4-4f04-b410-63933dd8f552-mesh-vertices" offset="0"/>
          <input semantic="NORMAL" source="#mesh-a8c4051e-50b4-4f04-b410-63933dd8f552-mesh-normals" offset="1"/>
          <p>0 0 1 1 2 2 3 3 1 1 0 0</p>
        </triangles>
      </mesh>
    </geometry>
    <geometry id="mesh-ac70541f-8e53-4bf3-a995-ed1dcbad7ee0-mesh" name="mesh-ac70541f-8e53-4bf3-a995-ed1dcbad7ee0">
      <mesh>
        <source id="mesh-ac70541f-8e53-4bf3-a995-ed1dcbad7ee0-mesh-positions">
          <float_array id="mesh-ac70541f-8e53-4bf3-a995-ed1dcbad7ee0-mesh-positions-array" count="9">221.817 0.09500521 1.529466 221.8936 1.96588e-4 2.022609 221.8951 1.96588e-4 2.055816</float_array>
          <technique_common>
            <accessor source="#mesh-ac70541f-8e53-4bf3-a995-ed1dcbad7ee0-mesh-positions-array" count="3" stride="3">
              <param name="X" type="float"/>
              <param name="Y" type="float"/>
              <param name="Z" type="float"/>
            </accessor>
          </technique_common>
        </source>
        <source id="mesh-ac70541f-8e53-4bf3-a995-ed1dcbad7ee0-mesh-normals">
          <float_array id="mesh-ac70541f-8e53-4bf3-a995-ed1dcbad7ee0-mesh-normals-array" count="3">-0.8637028 -0.5025894 0.03770315</float_array>
          <technique_common>
            <accessor source="#mesh-ac70541f-8e53-4bf3-a995-ed1dcbad7ee0-mesh-normals-array" count="1" stride="3">
              <param name="X" type="float"/>
              <param name="Y" type="float"/>
              <param name="Z" type="float"/>
            </accessor>
          </technique_common>
        </source>
        <vertices id="mesh-ac70541f-8e53-4bf3-a995-ed1dcbad7ee0-mesh-vertices">
          <input semantic="POSITION" source="#mesh-ac70541f-8e53-4bf3-a995-ed1dcbad7ee0-mesh-positions"/>
        </vertices>
        <triangles material="Material-外壳-material" count="1">
          <input semantic="VERTEX" source="#mesh-ac70541f-8e53-4bf3-a995-ed1dcbad7ee0-mesh-vertices" offset="0"/>
          <input semantic="NORMAL" source="#mesh-ac70541f-8e53-4bf3-a995-ed1dcbad7ee0-mesh-normals" offset="1"/>
          <p>0 0 1 0 2 0</p>
        </triangles>
      </mesh>
    </geometry>
    <geometry id="mesh-b3cd76aa-4213-47e7-95a0-b4c6262c60e5-mesh" name="mesh-b3cd76aa-4213-47e7-95a0-b4c6262c60e5">
      <mesh>
        <source id="mesh-b3cd76aa-4213-47e7-95a0-b4c6262c60e5-mesh-positions">
          <float_array id="mesh-b3cd76aa-4213-47e7-95a0-b4c6262c60e5-mesh-positions-array" count="12">155.0395 -34.7 0.9999983 152.5 -34.98571 0.9999983 152.5 -34.7 0.9999983 155.0395 -34.98571 0.9999983</float_array>
          <technique_common>
            <accessor source="#mesh-b3cd76aa-4213-47e7-95a0-b4c6262c60e5-mesh-positions-array" count="4" stride="3">
              <param name="X" type="float"/>
              <param name="Y" type="float"/>
              <param name="Z" type="float"/>
            </accessor>
          </technique_common>
        </source>
        <source id="mesh-b3cd76aa-4213-47e7-95a0-b4c6262c60e5-mesh-normals">
          <float_array id="mesh-b3cd76aa-4213-47e7-95a0-b4c6262c60e5-mesh-normals-array" count="3">0 0 -1</float_array>
          <technique_common>
            <accessor source="#mesh-b3cd76aa-4213-47e7-95a0-b4c6262c60e5-mesh-normals-array" count="1" stride="3">
              <param name="X" type="float"/>
              <param name="Y" type="float"/>
              <param name="Z" type="float"/>
            </accessor>
          </technique_common>
        </source>
        <vertices id="mesh-b3cd76aa-4213-47e7-95a0-b4c6262c60e5-mesh-vertices">
          <input semantic="POSITION" source="#mesh-b3cd76aa-4213-47e7-95a0-b4c6262c60e5-mesh-positions"/>
        </vertices>
        <triangles material="Material-外壳-material" count="2">
          <input semantic="VERTEX" source="#mesh-b3cd76aa-4213-47e7-95a0-b4c6262c60e5-mesh-vertices" offset="0"/>
          <input semantic="NORMAL" source="#mesh-b3cd76aa-4213-47e7-95a0-b4c6262c60e5-mesh-normals" offset="1"/>
          <p>0 0 1 0 2 0 0 0 3 0 1 0</p>
        </triangles>
      </mesh>
    </geometry>
    <geometry id="mesh-aa69c085-81f2-4b46-83e9-98a9636ada3d-mesh" name="mesh-aa69c085-81f2-4b46-83e9-98a9636ada3d">
      <mesh>
        <source id="mesh-aa69c085-81f2-4b46-83e9-98a9636ada3d-mesh-positions">
          <float_array id="mesh-aa69c085-81f2-4b46-83e9-98a9636ada3d-mesh-positions-array" count="15">155.0395 -34.7 0 155.0395 -34.7 0.9999983 152.5 -34.7 0.9999983 152.5 -34.7 -0.9999983 155.0395 -34.7 -0.9999983</float_array>
          <technique_common>
            <accessor source="#mesh-aa69c085-81f2-4b46-83e9-98a9636ada3d-mesh-positions-array" count="5" stride="3">
              <param name="X" type="float"/>
              <param name="Y" type="float"/>
              <param name="Z" type="float"/>
            </accessor>
          </technique_common>
        </source>
        <source id="mesh-aa69c085-81f2-4b46-83e9-98a9636ada3d-mesh-normals">
          <float_array id="mesh-aa69c085-81f2-4b46-83e9-98a9636ada3d-mesh-normals-array" count="3">0 -1 0</float_array>
          <technique_common>
            <accessor source="#mesh-aa69c085-81f2-4b46-83e9-98a9636ada3d-mesh-normals-array" count="1" stride="3">
              <param name="X" type="float"/>
              <param name="Y" type="float"/>
              <param name="Z" type="float"/>
            </accessor>
          </technique_common>
        </source>
        <vertices id="mesh-aa69c085-81f2-4b46-83e9-98a9636ada3d-mesh-vertices">
          <input semantic="POSITION" source="#mesh-aa69c085-81f2-4b46-83e9-98a9636ada3d-mesh-positions"/>
        </vertices>
        <triangles material="Material-外壳-material" count="3">
          <input semantic="VERTEX" source="#mesh-aa69c085-81f2-4b46-83e9-98a9636ada3d-mesh-vertices" offset="0"/>
          <input semantic="NORMAL" source="#mesh-aa69c085-81f2-4b46-83e9-98a9636ada3d-mesh-normals" offset="1"/>
          <p>0 0 1 0 2 0 3 0 0 0 2 0 3 0 4 0 0 0</p>
        </triangles>
      </mesh>
    </geometry>
    <geometry id="mesh-ace1311d-f72d-4068-8a9a-f28e930e8de3-mesh" name="mesh-ace1311d-f72d-4068-8a9a-f28e930e8de3">
      <mesh>
        <source id="mesh-ace1311d-f72d-4068-8a9a-f28e930e8de3-mesh-positions">
          <float_array id="mesh-ace1311d-f72d-4068-8a9a-f28e930e8de3-mesh-positions-array" count="12">155.0395 -34.98571 -0.9999983 155.0395 -34.7 -0.9999983 152.5 -34.7 -0.9999983 152.5 -34.98571 -0.9999983</float_array>
          <technique_common>
            <accessor source="#mesh-ace1311d-f72d-4068-8a9a-f28e930e8de3-mesh-positions-array" count="4" stride="3">
              <param name="X" type="float"/>
              <param name="Y" type="float"/>
              <param name="Z" type="float"/>
            </accessor>
          </technique_common>
        </source>
        <source id="mesh-ace1311d-f72d-4068-8a9a-f28e930e8de3-mesh-normals">
          <float_array id="mesh-ace1311d-f72d-4068-8a9a-f28e930e8de3-mesh-normals-array" count="3">0 0 1</float_array>
          <technique_common>
            <accessor source="#mesh-ace1311d-f72d-4068-8a9a-f28e930e8de3-mesh-normals-array" count="1" stride="3">
              <param name="X" type="float"/>
              <param name="Y" type="float"/>
              <param name="Z" type="float"/>
            </accessor>
          </technique_common>
        </source>
        <vertices id="mesh-ace1311d-f72d-4068-8a9a-f28e930e8de3-mesh-vertices">
          <input semantic="POSITION" source="#mesh-ace1311d-f72d-4068-8a9a-f28e930e8de3-mesh-positions"/>
        </vertices>
        <triangles material="Material-外壳-material" count="2">
          <input semantic="VERTEX" source="#mesh-ace1311d-f72d-4068-8a9a-f28e930e8de3-mesh-vertices" offset="0"/>
          <input semantic="NORMAL" source="#mesh-ace1311d-f72d-4068-8a9a-f28e930e8de3-mesh-normals" offset="1"/>
          <p>0 0 1 0 2 0 3 0 0 0 2 0</p>
        </triangles>
      </mesh>
    </geometry>
    <geometry id="mesh-a9883163-bff4-4c45-860e-59e65c85ed70-mesh" name="mesh-a9883163-bff4-4c45-860e-59e65c85ed70">
      <mesh>
        <source id="mesh-a9883163-bff4-4c45-860e-59e65c85ed70-mesh-positions">
          <float_array id="mesh-a9883163-bff4-4c45-860e-59e65c85ed70-mesh-positions-array" count="9">201.527 6.24773e-5 -6.120316 200.5558 3.2675e-5 -5.58617 198.2385 -0.09822553 -3.843512</float_array>
          <technique_common>
            <accessor source="#mesh-a9883163-bff4-4c45-860e-59e65c85ed70-mesh-positions-array" count="3" stride="3">
              <param name="X" type="float"/>
              <param name="Y" type="float"/>
              <param name="Z" type="float"/>
            </accessor>
          </technique_common>
        </source>
        <source id="mesh-a9883163-bff4-4c45-860e-59e65c85ed70-mesh-normals">
          <float_array id="mesh-a9883163-bff4-4c45-860e-59e65c85ed70-mesh-normals-array" count="3">0.1121279 0.9725418 0.2039359</float_array>
          <technique_common>
            <accessor source="#mesh-a9883163-bff4-4c45-860e-59e65c85ed70-mesh-normals-array" count="1" stride="3">
              <param name="X" type="float"/>
              <param name="Y" type="float"/>
              <param name="Z" type="float"/>
            </accessor>
          </technique_common>
        </source>
        <vertices id="mesh-a9883163-bff4-4c45-860e-59e65c85ed70-mesh-vertices">
          <input semantic="POSITION" source="#mesh-a9883163-bff4-4c45-860e-59e65c85ed70-mesh-positions"/>
        </vertices>
        <triangles material="Material-外壳-material" count="1">
          <input semantic="VERTEX" source="#mesh-a9883163-bff4-4c45-860e-59e65c85ed70-mesh-vertices" offset="0"/>
          <input semantic="NORMAL" source="#mesh-a9883163-bff4-4c45-860e-59e65c85ed70-mesh-normals" offset="1"/>
          <p>0 0 1 0 2 0</p>
        </triangles>
      </mesh>
    </geometry>
    <geometry id="mesh-a13dede1-f294-4a44-91ae-74f44e1fcc9e-mesh" name="mesh-a13dede1-f294-4a44-91ae-74f44e1fcc9e">
      <mesh>
        <source id="mesh-a13dede1-f294-4a44-91ae-74f44e1fcc9e-mesh-positions">
          <float_array id="mesh-a13dede1-f294-4a44-91ae-74f44e1fcc9e-mesh-positions-array" count="9">200.5558 3.2675e-5 -5.58617 198.4736 -1.53589e-4 -4.043151 198.3217 -1.6104e-4 -3.899477</float_array>
          <technique_common>
            <accessor source="#mesh-a13dede1-f294-4a44-91ae-74f44e1fcc9e-mesh-positions-array" count="3" stride="3">
              <param name="X" type="float"/>
              <param name="Y" type="float"/>
              <param name="Z" type="float"/>
            </accessor>
          </technique_common>
        </source>
        <source id="mesh-a13dede1-f294-4a44-91ae-74f44e1fcc9e-mesh-normals">
          <float_array id="mesh-a13dede1-f294-4a44-91ae-74f44e1fcc9e-mesh-normals-array" count="3">-2.35816e-4 1 -1.97478e-4</float_array>
          <technique_common>
            <accessor source="#mesh-a13dede1-f294-4a44-91ae-74f44e1fcc9e-mesh-normals-array" count="1" stride="3">
              <param name="X" type="float"/>
              <param name="Y" type="float"/>
              <param name="Z" type="float"/>
            </accessor>
          </technique_common>
        </source>
        <vertices id="mesh-a13dede1-f294-4a44-91ae-74f44e1fcc9e-mesh-vertices">
          <input semantic="POSITION" source="#mesh-a13dede1-f294-4a44-91ae-74f44e1fcc9e-mesh-positions"/>
        </vertices>
        <triangles material="Material-外壳-material" count="1">
          <input semantic="VERTEX" source="#mesh-a13dede1-f294-4a44-91ae-74f44e1fcc9e-mesh-vertices" offset="0"/>
          <input semantic="NORMAL" source="#mesh-a13dede1-f294-4a44-91ae-74f44e1fcc9e-mesh-normals" offset="1"/>
          <p>0 0 1 0 2 0</p>
        </triangles>
      </mesh>
    </geometry>
    <geometry id="mesh-aed0871d-a72d-41c1-bb63-887b2f404aa7-mesh" name="mesh-aed0871d-a72d-41c1-bb63-887b2f404aa7">
      <mesh>
        <source id="mesh-aed0871d-a72d-41c1-bb63-887b2f404aa7-mesh-positions">
          <float_array id="mesh-aed0871d-a72d-41c1-bb63-887b2f404aa7-mesh-positions-array" count="12">257.7001 33.88303 -55.38341 257.704 33.95654 -55.53365 257.5239 33.89516 -55.38341 259.6997 33.74536 -55.38341</float_array>
          <technique_common>
            <accessor source="#mesh-aed0871d-a72d-41c1-bb63-887b2f404aa7-mesh-positions-array" count="4" stride="3">
              <param name="X" type="float"/>
              <param name="Y" type="float"/>
              <param name="Z" type="float"/>
            </accessor>
          </technique_common>
        </source>
        <source id="mesh-aed0871d-a72d-41c1-bb63-887b2f404aa7-mesh-normals">
          <float_array id="mesh-aed0871d-a72d-41c1-bb63-887b2f404aa7-mesh-normals-array" count="6">0.06169092 0.8959149 0.4399213 0.06168115 0.8958855 0.4399824</float_array>
          <technique_common>
            <accessor source="#mesh-aed0871d-a72d-41c1-bb63-887b2f404aa7-mesh-normals-array" count="2" stride="3">
              <param name="X" type="float"/>
              <param name="Y" type="float"/>
              <param name="Z" type="float"/>
            </accessor>
          </technique_common>
        </source>
        <vertices id="mesh-aed0871d-a72d-41c1-bb63-887b2f404aa7-mesh-vertices">
          <input semantic="POSITION" source="#mesh-aed0871d-a72d-41c1-bb63-887b2f404aa7-mesh-positions"/>
        </vertices>
        <triangles material="Material-外壳-material" count="2">
          <input semantic="VERTEX" source="#mesh-aed0871d-a72d-41c1-bb63-887b2f404aa7-mesh-vertices" offset="0"/>
          <input semantic="NORMAL" source="#mesh-aed0871d-a72d-41c1-bb63-887b2f404aa7-mesh-normals" offset="1"/>
          <p>0 0 1 0 2 0 3 1 1 1 0 1</p>
        </triangles>
      </mesh>
    </geometry>
    <geometry id="mesh-a2250427-6a0d-42b9-ab0d-3890db4840f8-mesh" name="mesh-a2250427-6a0d-42b9-ab0d-3890db4840f8">
      <mesh>
        <source id="mesh-a2250427-6a0d-42b9-ab0d-3890db4840f8-mesh-positions">
          <float_array id="mesh-a2250427-6a0d-42b9-ab0d-3890db4840f8-mesh-positions-array" count="9">257.704 33.95654 -55.53365 257.4367 33.706 -57.53085 257.5239 33.89516 -55.38341</float_array>
          <technique_common>
            <accessor source="#mesh-a2250427-6a0d-42b9-ab0d-3890db4840f8-mesh-positions-array" count="3" stride="3">
              <param name="X" type="float"/>
              <param name="Y" type="float"/>
              <param name="Z" type="float"/>
            </accessor>
          </technique_common>
        </source>
        <source id="mesh-a2250427-6a0d-42b9-ab0d-3890db4840f8-mesh-normals">
          <float_array id="mesh-a2250427-6a0d-42b9-ab0d-3890db4840f8-mesh-normals-array" count="3">-0.3711931 0.9261711 -0.06650334</float_array>
          <technique_common>
            <accessor source="#mesh-a2250427-6a0d-42b9-ab0d-3890db4840f8-mesh-normals-array" count="1" stride="3">
              <param name="X" type="float"/>
              <param name="Y" type="float"/>
              <param name="Z" type="float"/>
            </accessor>
          </technique_common>
        </source>
        <vertices id="mesh-a2250427-6a0d-42b9-ab0d-3890db4840f8-mesh-vertices">
          <input semantic="POSITION" source="#mesh-a2250427-6a0d-42b9-ab0d-3890db4840f8-mesh-positions"/>
        </vertices>
        <triangles material="Material-外壳-material" count="1">
          <input semantic="VERTEX" source="#mesh-a2250427-6a0d-42b9-ab0d-3890db4840f8-mesh-vertices" offset="0"/>
          <input semantic="NORMAL" source="#mesh-a2250427-6a0d-42b9-ab0d-3890db4840f8-mesh-normals" offset="1"/>
          <p>0 0 1 0 2 0</p>
        </triangles>
      </mesh>
    </geometry>
    <geometry id="mesh-a16143ae-3eab-4643-aaf5-a3c42232ae2a-mesh" name="mesh-a16143ae-3eab-4643-aaf5-a3c42232ae2a">
      <mesh>
        <source id="mesh-a16143ae-3eab-4643-aaf5-a3c42232ae2a-mesh-positions">
          <float_array id="mesh-a16143ae-3eab-4643-aaf5-a3c42232ae2a-mesh-positions-array" count="12">257.7042 -33.95653 -55.53373 257.7003 -33.88301 -55.38341 257.5239 -33.89516 -55.38341 259.6522 -33.75388 -56.41843</float_array>
          <technique_common>
            <accessor source="#mesh-a16143ae-3eab-4643-aaf5-a3c42232ae2a-mesh-positions-array" count="4" stride="3">
              <param name="X" type="float"/>
              <param name="Y" type="float"/>
              <param name="Z" type="float"/>
            </accessor>
          </technique_common>
        </source>
        <source id="mesh-a16143ae-3eab-4643-aaf5-a3c42232ae2a-mesh-normals">
          <float_array id="mesh-a16143ae-3eab-4643-aaf5-a3c42232ae2a-mesh-normals-array" count="12">0.2185158 -0.8744109 0.4331935 0.1562509 -0.8857241 0.4371254 0.06166368 -0.8960129 0.4397255 0.2833191 -0.858646 0.4271501</float_array>
          <technique_common>
            <accessor source="#mesh-a16143ae-3eab-4643-aaf5-a3c42232ae2a-mesh-normals-array" count="4" stride="3">
              <param name="X" type="float"/>
              <param name="Y" type="float"/>
              <param name="Z" type="float"/>
            </accessor>
          </technique_common>
        </source>
        <vertices id="mesh-a16143ae-3eab-4643-aaf5-a3c42232ae2a-mesh-vertices">
          <input semantic="POSITION" source="#mesh-a16143ae-3eab-4643-aaf5-a3c42232ae2a-mesh-positions"/>
        </vertices>
        <triangles material="Material-外壳-material" count="2">
          <input semantic="VERTEX" source="#mesh-a16143ae-3eab-4643-aaf5-a3c42232ae2a-mesh-vertices" offset="0"/>
          <input semantic="NORMAL" source="#mesh-a16143ae-3eab-4643-aaf5-a3c42232ae2a-mesh-normals" offset="1"/>
          <p>0 0 1 1 2 2 0 0 3 3 1 1</p>
        </triangles>
      </mesh>
    </geometry>
    <geometry id="mesh-ab226288-4bd7-4f1e-a830-1a47f1bf9963-mesh" name="mesh-ab226288-4bd7-4f1e-a830-1a47f1bf9963">
      <mesh>
        <source id="mesh-ab226288-4bd7-4f1e-a830-1a47f1bf9963-mesh-positions">
          <float_array id="mesh-ab226288-4bd7-4f1e-a830-1a47f1bf9963-mesh-positions-array" count="9">257.4368 -33.70597 -57.53091 257.7042 -33.95653 -55.53373 257.5239 -33.89516 -55.38341</float_array>
          <technique_common>
            <accessor source="#mesh-ab226288-4bd7-4f1e-a830-1a47f1bf9963-mesh-positions-array" count="3" stride="3">
              <param name="X" type="float"/>
              <param name="Y" type="float"/>
              <param name="Z" type="float"/>
            </accessor>
          </technique_common>
        </source>
        <source id="mesh-ab226288-4bd7-4f1e-a830-1a47f1bf9963-mesh-normals">
          <float_array id="mesh-ab226288-4bd7-4f1e-a830-1a47f1bf9963-mesh-normals-array" count="3">-0.3709082 -0.9262816 -0.066554</float_array>
          <technique_common>
            <accessor source="#mesh-ab226288-4bd7-4f1e-a830-1a47f1bf9963-mesh-normals-array" count="1" stride="3">
              <param name="X" type="float"/>
              <param name="Y" type="float"/>
              <param name="Z" type="float"/>
            </accessor>
          </technique_common>
        </source>
        <vertices id="mesh-ab226288-4bd7-4f1e-a830-1a47f1bf9963-mesh-vertices">
          <input semantic="POSITION" source="#mesh-ab226288-4bd7-4f1e-a830-1a47f1bf9963-mesh-positions"/>
        </vertices>
        <triangles material="Material-外壳-material" count="1">
          <input semantic="VERTEX" source="#mesh-ab226288-4bd7-4f1e-a830-1a47f1bf9963-mesh-vertices" offset="0"/>
          <input semantic="NORMAL" source="#mesh-ab226288-4bd7-4f1e-a830-1a47f1bf9963-mesh-normals" offset="1"/>
          <p>0 0 1 0 2 0</p>
        </triangles>
      </mesh>
    </geometry>
    <geometry id="mesh-a9494743-8c28-4765-acb8-8cc346dbc0e4-mesh" name="mesh-a9494743-8c28-4765-acb8-8cc346dbc0e4">
      <mesh>
        <source id="mesh-a9494743-8c28-4765-acb8-8cc346dbc0e4-mesh-positions">
          <float_array id="mesh-a9494743-8c28-4765-acb8-8cc346dbc0e4-mesh-positions-array" count="12">263.356 33.00365 -55.38341 263.3951 33.17949 -55.77053 262.7157 33.16403 -55.38341 266.7516 32.1531 -55.38341</float_array>
          <technique_common>
            <accessor source="#mesh-a9494743-8c28-4765-acb8-8cc346dbc0e4-mesh-positions-array" count="4" stride="3">
              <param name="X" type="float"/>
              <param name="Y" type="float"/>
              <param name="Z" type="float"/>
            </accessor>
          </technique_common>
        </source>
        <source id="mesh-a9494743-8c28-4765-acb8-8cc346dbc0e4-mesh-normals">
          <float_array id="mesh-a9494743-8c28-4765-acb8-8cc346dbc0e4-mesh-normals-array" count="6">0.220321 0.8795312 0.4217624 0.2203103 0.8795313 0.4217677</float_array>
          <technique_common>
            <accessor source="#mesh-a9494743-8c28-4765-acb8-8cc346dbc0e4-mesh-normals-array" count="2" stride="3">
              <param name="X" type="float"/>
              <param name="Y" type="float"/>
              <param name="Z" type="float"/>
            </accessor>
          </technique_common>
        </source>
        <vertices id="mesh-a9494743-8c28-4765-acb8-8cc346dbc0e4-mesh-vertices">
          <input semantic="POSITION" source="#mesh-a9494743-8c28-4765-acb8-8cc346dbc0e4-mesh-positions"/>
        </vertices>
        <triangles material="Material-外壳-material" count="2">
          <input semantic="VERTEX" source="#mesh-a9494743-8c28-4765-acb8-8cc346dbc0e4-mesh-vertices" offset="0"/>
          <input semantic="NORMAL" source="#mesh-a9494743-8c28-4765-acb8-8cc346dbc0e4-mesh-normals" offset="1"/>
          <p>0 0 1 0 2 0 3 1 1 1 0 1</p>
        </triangles>
      </mesh>
    </geometry>
    <geometry id="mesh-a2fe9fda-d884-4b96-922c-084b58cf7dc9-mesh" name="mesh-a2fe9fda-d884-4b96-922c-084b58cf7dc9">
      <mesh>
        <source id="mesh-a2fe9fda-d884-4b96-922c-084b58cf7dc9-mesh-positions">
          <float_array id="mesh-a2fe9fda-d884-4b96-922c-084b58cf7dc9-mesh-positions-array" count="12">263.3958 -33.17931 -55.77081 263.3567 -33.00345 -55.38341 262.7157 -33.16403 -55.38341 266.6782 -32.1603 -56.92649</float_array>
          <technique_common>
            <accessor source="#mesh-a2fe9fda-d884-4b96-922c-084b58cf7dc9-mesh-positions-array" count="4" stride="3">
              <param name="X" type="float"/>
              <param name="Y" type="float"/>
              <param name="Z" type="float"/>
            </accessor>
          </technique_common>
        </source>
        <source id="mesh-a2fe9fda-d884-4b96-922c-084b58cf7dc9-mesh-normals">
          <float_array id="mesh-a2fe9fda-d884-4b96-922c-084b58cf7dc9-mesh-normals-array" count="12">0.3372616 -0.8439585 0.4171196 0.299561 -0.8570277 0.4192454 0.2203436 -0.879645 0.4215134 0.3993272 -0.8189929 0.412054</float_array>
          <technique_common>
            <accessor source="#mesh-a2fe9fda-d884-4b96-922c-084b58cf7dc9-mesh-normals-array" count="4" stride="3">
              <param name="X" type="float"/>
              <param name="Y" type="float"/>
              <param name="Z" type="float"/>
            </accessor>
          </technique_common>
        </source>
        <vertices id="mesh-a2fe9fda-d884-4b96-922c-084b58cf7dc9-mesh-vertices">
          <input semantic="POSITION" source="#mesh-a2fe9fda-d884-4b96-922c-084b58cf7dc9-mesh-positions"/>
        </vertices>
        <triangles material="Material-外壳-material" count="2">
          <input semantic="VERTEX" source="#mesh-a2fe9fda-d884-4b96-922c-084b58cf7dc9-mesh-vertices" offset="0"/>
          <input semantic="NORMAL" source="#mesh-a2fe9fda-d884-4b96-922c-084b58cf7dc9-mesh-normals" offset="1"/>
          <p>0 0 1 1 2 2 0 0 3 3 1 1</p>
        </triangles>
      </mesh>
    </geometry>
    <geometry id="mesh-afe1eac5-c3db-4214-ad1f-502337f75694-mesh" name="mesh-afe1eac5-c3db-4214-ad1f-502337f75694">
      <mesh>
        <source id="mesh-afe1eac5-c3db-4214-ad1f-502337f75694-mesh-positions">
          <float_array id="mesh-afe1eac5-c3db-4214-ad1f-502337f75694-mesh-positions-array" count="9">289.1054 -4.92813e-5 -59.34355 287.5836 1.523431 -61.37313 289.1683 -1.16337e-4 -59.17467</float_array>
          <technique_common>
            <accessor source="#mesh-afe1eac5-c3db-4214-ad1f-502337f75694-mesh-positions-array" count="3" stride="3">
              <param name="X" type="float"/>
              <param name="Y" type="float"/>
              <param name="Z" type="float"/>
            </accessor>
          </technique_common>
        </source>
        <source id="mesh-afe1eac5-c3db-4214-ad1f-502337f75694-mesh-normals">
          <float_array id="mesh-afe1eac5-c3db-4214-ad1f-502337f75694-mesh-normals-array" count="3">0.8477503 0.4261892 -0.3157252</float_array>
          <technique_common>
            <accessor source="#mesh-afe1eac5-c3db-4214-ad1f-502337f75694-mesh-normals-array" count="1" stride="3">
              <param name="X" type="float"/>
              <param name="Y" type="float"/>
              <param name="Z" type="float"/>
            </accessor>
          </technique_common>
        </source>
        <vertices id="mesh-afe1eac5-c3db-4214-ad1f-502337f75694-mesh-vertices">
          <input semantic="POSITION" source="#mesh-afe1eac5-c3db-4214-ad1f-502337f75694-mesh-positions"/>
        </vertices>
        <triangles material="Material-外壳-material" count="1">
          <input semantic="VERTEX" source="#mesh-afe1eac5-c3db-4214-ad1f-502337f75694-mesh-vertices" offset="0"/>
          <input semantic="NORMAL" source="#mesh-afe1eac5-c3db-4214-ad1f-502337f75694-mesh-normals" offset="1"/>
          <p>0 0 1 0 2 0</p>
        </triangles>
      </mesh>
    </geometry>
    <geometry id="mesh-a9921446-3fb5-4731-8798-2dc199f35af7-mesh" name="mesh-a9921446-3fb5-4731-8798-2dc199f35af7">
      <mesh>
        <source id="mesh-a9921446-3fb5-4731-8798-2dc199f35af7-mesh-positions">
          <float_array id="mesh-a9921446-3fb5-4731-8798-2dc199f35af7-mesh-positions-array" count="162">142.5 4.182625 34.447 142.5 8.551914 33.93913 142.5 3.08158e-6 35 142.5 -4.182622 34.447 142.5 -8.551916 33.93913 142.5 12.30479 32.44506 142.5 -12.30479 32.44506 142.5 16.58541 30.82084 142.5 -16.5854 30.82084 142.5 19.71185 28.55754 142.5 -19.71184 28.55754 142.5 23.61347 25.83417 142.5 -23.61347 25.83417 142.5 25.97332 23.01036 142.5 -25.97332 23.01036 142.5 29.21006 19.2814 142.5 -29.21006 19.2814 142.5 30.72533 16.1259 142.5 -30.72532 16.1259 142.5 33.03591 11.55977 142.5 -33.03591 11.55977 142.5 33.69168 8.304255 142.5 -33.69168 8.304255 142.5 34.8591 3.137373 142.5 -34.8591 3.137373 142.5 34.7 1.07968e-6 142.5 -34.7 1.07968e-6 142.5 35 1.07968e-6 142.5 -35 1.07968e-6 142.5 34.8591 -3.137375 142.5 33.69168 -8.304253 142.5 -34.8591 -3.137375 142.5 -33.69168 -8.304253 142.5 33.03591 -11.55977 142.5 -33.03591 -11.55977 142.5 30.72533 -16.12589 142.5 -30.72532 -16.12589 142.5 29.21006 -19.28139 142.5 -29.21006 -19.28139 142.5 25.97332 -23.01036 142.5 -25.97332 -23.01036 142.5 23.61347 -25.83416 142.5 -23.61347 -25.83416 142.5 19.71185 -28.55754 142.5 -19.71184 -28.55754 142.5 16.58541 -30.82084 142.5 -16.5854 -30.82084 142.5 12.30479 -32.44506 142.5 -12.30479 -32.44506 142.5 8.551914 -33.93913 142.5 -8.551916 -33.93913 142.5 4.182625 -34.447 142.5 -4.182622 -34.447 142.5 3.08158e-6 -35</float_array>
          <technique_common>
            <accessor source="#mesh-a9921446-3fb5-4731-8798-2dc199f35af7-mesh-positions-array" count="54" stride="3">
              <param name="X" type="float"/>
              <param name="Y" type="float"/>
              <param name="Z" type="float"/>
            </accessor>
          </technique_common>
        </source>
        <source id="mesh-a9921446-3fb5-4731-8798-2dc199f35af7-mesh-normals">
          <float_array id="mesh-a9921446-3fb5-4731-8798-2dc199f35af7-mesh-normals-array" count="57">1 1.04515e-4 0 1 0 0 1 -5.22466e-5 0 1 -1.01735e-4 0 1 6.61945e-6 0 1 1.32955e-5 0 1 -2.65908e-5 0 1 3.58889e-4 0 1 -1.79453e-4 0 1 3.27966e-4 0 1 -1.48044e-4 0 1 -5.44392e-5 0 1 5.44389e-5 0 1 1.34799e-5 0 1 -3.27973e-4 0 1 -3.58873e-4 0 1 -3.86175e-4 0 1 1.93078e-4 0 1 6.60256e-6 0</float_array>
          <technique_common>
            <accessor source="#mesh-a9921446-3fb5-4731-8798-2dc199f35af7-mesh-normals-array" count="19" stride="3">
              <param name="X" type="float"/>
              <param name="Y" type="float"/>
              <param name="Z" type="float"/>
            </accessor>
          </technique_common>
        </source>
        <vertices id="mesh-a9921446-3fb5-4731-8798-2dc199f35af7-mesh-vertices">
          <input semantic="POSITION" source="#mesh-a9921446-3fb5-4731-8798-2dc199f35af7-mesh-positions"/>
        </vertices>
        <triangles material="Material-外壳-material" count="54">
          <input semantic="VERTEX" source="#mesh-a9921446-3fb5-4731-8798-2dc199f35af7-mesh-vertices" offset="0"/>
          <input semantic="NORMAL" source="#mesh-a9921446-3fb5-4731-8798-2dc199f35af7-mesh-normals" offset="1"/>
          <p>0 0 1 0 2 0 3 1 0 1 2 1 4 2 3 2 2 2 5 1 1 1 0 1 4 1 6 1 3 1 5 1 7 1 1 1 8 3 6 3 4 3 9 4 7 4 5 4 8 1 10 1 6 1 9 1 11 1 7 1 12 1 10 1 8 1 13 5 11 5 9 5 12 6 14 6 10 6 13 7 15 7 11 7 16 8 14 8 12 8 17 1 15 1 13 1 16 1 18 1 14 1 17 1 19 1 15 1 20 9 18 9 16 9 21 1 19 1 17 1 20 1 22 1 18 1 21 1 23 1 19 1 24 10 22 10 20 10 25 1 23 1 21 1 24 1 26 1 22 1 25 1 27 1 23 1 28 1 26 1 24 1 25 1 29 1 27 1 30 11 29 11 25 11 28 1 31 1 26 1 31 12 32 12 26 12 30 1 33 1 29 1 34 1 32 1 31 1 35 13 33 13 30 13 34 1 36 1 32 1 35 1 37 1 33 1 38 14 36 14 34 14 39 1 37 1 35 1 38 1 40 1 36 1 39 15 41 15 37 15 42 7 40 7 38 7 43 1 41 1 39 1 42 1 44 1 40 1 43 16 45 16 41 16 46 17 44 17 42 17 47 1 45 1 43 1 46 1 48 1 44 1 47 1 49 1 45 1 50 1 48 1 46 1 51 18 49 18 47 18 50 1 52 1 48 1 51 1 53 1 49 1 53 1 52 1 50 1 52 1 53 1 51 1</p>
        </triangles>
      </mesh>
    </geometry>
    <geometry id="mesh-adc7e117-0f8a-49a6-8a1e-aa66f5e2518f-mesh" name="mesh-adc7e117-0f8a-49a6-8a1e-aa66f5e2518f">
      <mesh>
        <source id="mesh-adc7e117-0f8a-49a6-8a1e-aa66f5e2518f-mesh-positions">
          <float_array id="mesh-adc7e117-0f8a-49a6-8a1e-aa66f5e2518f-mesh-positions-array" count="168">149.5 -7.648875 34.15398 152.5 3.08158e-6 35 149.5 3.08158e-6 35 152.5 8.37605 33.98296 149.5 8.37605 33.98296 152.5 -7.648875 34.15398 149.5 -14.92797 31.65684 152.5 -14.92797 31.65684 152.5 16.26531 30.99096 149.5 16.26531 30.99096 149.5 -21.4854 27.62929 152.5 -21.4854 27.62929 152.5 23.20929 26.19787 149.5 23.20929 26.19787 149.5 -27.00414 22.26604 152.5 -27.00414 22.26604 152.5 28.80443 19.88226 149.5 28.80443 19.88226 149.5 -31.2174 15.82636 152.5 -31.2174 15.82636 152.5 32.72557 12.41117 149.5 32.72557 12.41117 149.5 -33.9215 8.621582 152.5 -33.9215 8.621582 152.5 34.74481 4.21878 149.5 34.74481 4.21878 149.5 -34.98571 0.9999994 152.5 -34.98571 0.9999994 152.5 34.74481 -4.218782 149.5 34.74481 -4.218782 149.5 -33.9215 -8.621581 152.5 -34.98571 -1.000001 149.5 -34.98571 -1.000001 152.5 -33.9215 -8.621581 152.5 32.72557 -12.41117 149.5 32.72557 -12.41117 149.5 -31.2174 -15.82636 152.5 -31.2174 -15.82636 152.5 28.80443 -19.88226 149.5 28.80443 -19.88226 149.5 -27.00414 -22.26604 152.5 -27.00414 -22.26604 152.5 23.20929 -26.19787 149.5 23.20929 -26.19787 149.5 -21.4854 -27.62929 152.5 -21.4854 -27.62929 152.5 16.26531 -30.99096 149.5 16.26531 -30.99096 149.5 -14.92797 -31.65684 152.5 -14.92797 -31.65684 152.5 8.37605 -33.98296 149.5 8.37605 -33.98296 149.5 -7.648875 -34.15399 152.5 -7.648875 -34.15399 152.5 3.08158e-6 -35 149.5 3.08158e-6 -35</float_array>
          <technique_common>
            <accessor source="#mesh-adc7e117-0f8a-49a6-8a1e-aa66f5e2518f-mesh-positions-array" count="56" stride="3">
              <param name="X" type="float"/>
              <param name="Y" type="float"/>
              <param name="Z" type="float"/>
            </accessor>
          </technique_common>
        </source>
        <source id="mesh-adc7e117-0f8a-49a6-8a1e-aa66f5e2518f-mesh-normals">
          <float_array id="mesh-adc7e117-0f8a-49a6-8a1e-aa66f5e2518f-mesh-normals-array" count="168">0 -0.2185382 0.9758284 0 0.00533539 0.9999858 0 0.005335569 0.9999858 0 0.2393152 0.970942 0 0.2393155 0.9709419 0 -0.2185385 0.9758284 0 -0.4265131 0.9044814 0 -0.4265134 0.9044814 0 0.4647235 0.885456 0 0.4647237 0.8854557 0 -0.6138674 0.7894092 0 -0.6138678 0.7894089 0 0.6631227 0.7485107 0 0.6631228 0.7485107 0 -0.7715472 0.6361722 0 -0.7715473 0.6361719 0 0.8229842 0.5680644 0 0.8229839 0.5680648 0 -0.8919257 0.452182 0 -0.8919256 0.4521822 0 0.9350161 0.3546052 0 0.935016 0.3546059 0 -0.9691858 0.2463314 0 -0.9691857 0.2463315 0 0.9927089 0.1205365 0 0.9927089 0.1205367 0 -0.9903919 0.1382892 0 -0.9903919 0.1382892 0 0.9927091 -0.1205356 0 0.9927091 -0.1205358 0 -0.9691855 -0.2463321 0 -0.9903919 -0.1382896 0 -0.9903919 -0.1382892 0 -0.9691856 -0.2463316 0 0.9350165 -0.3546044 0 0.9350163 -0.3546047 0 -0.8919262 -0.4521809 0 -0.8919265 -0.4521804 0 0.8229842 -0.5680643 0 0.8229842 -0.5680644 0 -0.7715473 -0.636172 0 -0.7715474 -0.6361719 0 0.6631228 -0.7485107 0 0.6631227 -0.7485107 0 -0.613869 -0.789408 0 -0.613869 -0.789408 0 0.4647228 -0.8854563 0 0.4647229 -0.8854562 0 -0.4265134 -0.9044812 0 -0.4265134 -0.9044814 0 0.2393161 -0.9709418 0 0.2393163 -0.9709418 0 -0.2185394 -0.9758281 0 -0.2185394 -0.9758281 0 0.005335867 -0.9999858 0 0.005335688 -0.9999858</float_array>
          <technique_common>
            <accessor source="#mesh-adc7e117-0f8a-49a6-8a1e-aa66f5e2518f-mesh-normals-array" count="56" stride="3">
              <param name="X" type="float"/>
              <param name="Y" type="float"/>
              <param name="Z" type="float"/>
            </accessor>
          </technique_common>
        </source>
        <vertices id="mesh-adc7e117-0f8a-49a6-8a1e-aa66f5e2518f-mesh-vertices">
          <input semantic="POSITION" source="#mesh-adc7e117-0f8a-49a6-8a1e-aa66f5e2518f-mesh-positions"/>
        </vertices>
        <triangles material="Material-外壳-material" count="54">
          <input semantic="VERTEX" source="#mesh-adc7e117-0f8a-49a6-8a1e-aa66f5e2518f-mesh-vertices" offset="0"/>
          <input semantic="NORMAL" source="#mesh-adc7e117-0f8a-49a6-8a1e-aa66f5e2518f-mesh-normals" offset="1"/>
          <p>0 0 1 1 2 2 3 3 4 4 2 2 1 1 3 3 2 2 0 0 5 5 1 1 6 6 5 5 0 0 6 6 7 7 5 5 8 8 9 9 4 4 3 3 8 8 4 4 10 10 7 7 6 6 10 10 11 11 7 7 12 12 13 13 9 9 8 8 12 12 9 9 14 14 11 11 10 10 14 14 15 15 11 11 16 16 17 17 13 13 12 12 16 16 13 13 18 18 15 15 14 14 18 18 19 19 15 15 20 20 21 21 17 17 16 16 20 20 17 17 22 22 19 19 18 18 22 22 23 23 19 19 24 24 25 25 21 21 20 20 24 24 21 21 26 26 23 23 22 22 26 26 27 27 23 23 28 28 29 29 25 25 24 24 28 28 25 25 30 30 31 31 32 32 30 30 33 33 31 31 34 34 35 35 29 29 28 28 34 34 29 29 36 36 33 33 30 30 36 36 37 37 33 33 38 38 39 39 35 35 34 34 38 38 35 35 40 40 37 37 36 36 40 40 41 41 37 37 42 42 43 43 39 39 38 38 42 42 39 39 44 44 41 41 40 40 44 44 45 45 41 41 46 46 47 47 43 43 42 42 46 46 43 43 48 48 45 45 44 44 48 48 49 49 45 45 50 50 51 51 47 47 46 46 50 50 47 47 52 52 49 49 48 48 52 52 53 53 49 49 54 54 55 55 51 51 50 50 54 54 51 51 55 55 53 53 52 52 55 55 54 54 53 53</p>
        </triangles>
      </mesh>
    </geometry>
    <geometry id="mesh-a98a005a-6160-4ef7-a8ac-404cee03b6e5-mesh" name="mesh-a98a005a-6160-4ef7-a8ac-404cee03b6e5">
      <mesh>
        <source id="mesh-a98a005a-6160-4ef7-a8ac-404cee03b6e5-mesh-positions">
          <float_array id="mesh-a98a005a-6160-4ef7-a8ac-404cee03b6e5-mesh-positions-array" count="180">149.5 8.37605 33.98296 149.5 4.182625 34.447 149.5 3.08158e-6 35 149.5 -4.182622 34.447 149.5 -7.648875 34.15398 149.5 12.30479 32.44506 149.5 -12.30479 32.44506 149.5 -14.92797 31.65684 149.5 16.26531 30.99096 149.5 19.71185 28.55754 149.5 -19.71184 28.55754 149.5 -21.4854 27.62929 149.5 23.20929 26.19787 149.5 25.97332 23.01036 149.5 -25.97332 23.01036 149.5 -27.00414 22.26604 149.5 28.80443 19.88226 149.5 30.72533 16.1259 149.5 -30.72532 16.1259 149.5 -31.2174 15.82636 149.5 32.72557 12.41117 149.5 33.69168 8.304255 149.5 -33.69168 8.304255 149.5 -33.9215 8.621582 149.5 34.74481 4.21878 149.5 -33.69168 8.304255 149.5 -34.98571 0.9999994 149.5 34.7 1.07968e-6 149.5 -34.7 1.07968e-6 149.5 -34.7 0.9999994 149.5 34.74481 -4.218782 149.5 33.69168 -8.304253 149.5 -33.69168 -8.304253 149.5 -34.7 -1.000001 149.5 -34.7 1.07968e-6 149.5 -33.9215 -8.621581 149.5 -34.98571 -1.000001 149.5 -33.69168 -8.304253 149.5 32.72557 -12.41117 149.5 30.72533 -16.12589 149.5 -31.2174 -15.82636 149.5 -30.72532 -16.12589 149.5 28.80443 -19.88226 149.5 -30.72532 -16.12589 149.5 -27.00414 -22.26604 149.5 25.97332 -23.01036 149.5 -25.97332 -23.01036 149.5 23.20929 -26.19787 149.5 -21.4854 -27.62929 149.5 19.71185 -28.55754 149.5 -19.71184 -28.55754 149.5 16.26531 -30.99096 149.5 -14.92797 -31.65684 149.5 12.30479 -32.44506 149.5 -12.30479 -32.44506 149.5 8.37605 -33.98296 149.5 -7.648875 -34.15399 149.5 4.182625 -34.447 149.5 -4.182622 -34.447 149.5 3.08158e-6 -35</float_array>
          <technique_common>
            <accessor source="#mesh-a98a005a-6160-4ef7-a8ac-404cee03b6e5-mesh-positions-array" count="60" stride="3">
              <param name="X" type="float"/>
              <param name="Y" type="float"/>
              <param name="Z" type="float"/>
            </accessor>
          </technique_common>
        </source>
        <source id="mesh-a98a005a-6160-4ef7-a8ac-404cee03b6e5-mesh-normals">
          <float_array id="mesh-a98a005a-6160-4ef7-a8ac-404cee03b6e5-mesh-normals-array" count="60">-1 -4.03616e-5 0 -1 0 0 -1 5.0201e-6 0 -1 -1.0501e-5 0 -1 -1.15584e-4 0 -1 1.61434e-4 0 -1 1.51602e-5 0 -1 -8.59162e-5 0 -1 1.61447e-4 0 -1 -1.24287e-4 0 -1 3.04992e-5 0 -1 3.22887e-4 0 -1 -3.34702e-5 0 -1 -3.22849e-4 0 -1 -2.42128e-4 0 -1 -6.05317e-5 0 -1 -1.22154e-4 0 -1 -1.82094e-5 0 -1 1.61427e-4 0 -1 4.03584e-5 0</float_array>
          <technique_common>
            <accessor source="#mesh-a98a005a-6160-4ef7-a8ac-404cee03b6e5-mesh-normals-array" count="20" stride="3">
              <param name="X" type="float"/>
              <param name="Y" type="float"/>
              <param name="Z" type="float"/>
            </accessor>
          </technique_common>
        </source>
        <vertices id="mesh-a98a005a-6160-4ef7-a8ac-404cee03b6e5-mesh-vertices">
          <input semantic="POSITION" source="#mesh-a98a005a-6160-4ef7-a8ac-404cee03b6e5-mesh-positions"/>
        </vertices>
        <triangles material="Material-外壳-material" count="55">
          <input semantic="VERTEX" source="#mesh-a98a005a-6160-4ef7-a8ac-404cee03b6e5-mesh-vertices" offset="0"/>
          <input semantic="NORMAL" source="#mesh-a98a005a-6160-4ef7-a8ac-404cee03b6e5-mesh-normals" offset="1"/>
          <p>0 0 1 0 2 0 1 1 3 1 2 1 3 1 4 1 2 1 0 1 5 1 1 1 6 2 4 2 3 2 6 1 7 1 4 1 8 1 5 1 0 1 8 1 9 1 5 1 10 3 7 3 6 3 10 4 11 4 7 4 12 5 9 5 8 5 12 1 13 1 9 1 14 6 11 6 10 6 14 7 15 7 11 7 16 8 13 8 12 8 16 1 17 1 13 1 18 9 19 9 14 9 19 10 15 10 14 10 20 11 17 11 16 11 20 1 21 1 17 1 22 1 23 1 18 1 23 12 19 12 18 12 24 13 21 13 20 13 25 1 26 1 23 1 24 1 27 1 21 1 28 14 29 14 25 14 29 1 26 1 25 1 30 1 27 1 24 1 30 1 31 1 27 1 32 15 33 15 34 15 35 1 36 1 33 1 37 16 35 16 33 16 38 1 31 1 30 1 38 1 39 1 31 1 40 17 35 17 37 17 41 1 40 1 37 1 42 1 39 1 38 1 43 1 44 1 40 1 42 1 45 1 39 1 46 1 44 1 43 1 47 18 45 18 42 18 46 1 48 1 44 1 47 1 49 1 45 1 50 1 48 1 46 1 51 5 49 5 47 5 50 1 52 1 48 1 51 1 53 1 49 1 54 1 52 1 50 1 55 1 53 1 51 1 54 1 56 1 52 1 55 1 57 1 53 1 58 1 56 1 54 1 59 19 57 19 55 19 58 1 59 1 56 1 59 1 58 1 57 1</p>
        </triangles>
      </mesh>
    </geometry>
    <geometry id="mesh-a75c551a-134b-4e87-aafc-6180ae92ad7c-mesh" name="mesh-a75c551a-134b-4e87-aafc-6180ae92ad7c">
      <mesh>
        <source id="mesh-a75c551a-134b-4e87-aafc-6180ae92ad7c-mesh-positions">
          <float_array id="mesh-a75c551a-134b-4e87-aafc-6180ae92ad7c-mesh-positions-array" count="174">152.5 3.08158e-6 31 152.5 8.37605 33.98296 152.5 3.08158e-6 35 152.5 -8.02339 29.9437 152.5 -7.648875 34.15398 152.5 -15.5 26.84679 152.5 -14.92797 31.65684 152.5 8.023392 29.9437 152.5 16.26531 30.99096 152.5 -21.92031 21.92031 152.5 -14.92797 31.65684 152.5 -21.4854 27.62929 152.5 15.5 26.84679 152.5 23.20929 26.19787 152.5 -27.00414 22.26604 152.5 21.92031 21.92031 152.5 28.80443 19.88226 152.5 -26.84679 15.5 152.5 -31.2174 15.82636 152.5 26.84679 15.5 152.5 32.72557 12.41117 152.5 -29.9437 8.02339 152.5 -33.9215 8.621582 152.5 29.9437 8.02339 152.5 34.74481 4.21878 152.5 -34.7 0.9999994 152.5 -33.9215 8.621582 152.5 -34.98571 0.9999994 152.5 31 1.07968e-6 152.5 -34.7 0.9999994 152.5 -31 1.07968e-6 152.5 34.74481 -4.218782 152.5 -34.7 -1.000001 152.5 29.9437 -8.023392 152.5 32.72557 -12.41117 152.5 -33.9215 -8.621581 152.5 -29.9437 -8.023392 152.5 -34.98571 -1.000001 152.5 26.84679 -15.5 152.5 28.80443 -19.88226 152.5 -33.9215 -8.621581 152.5 -26.84679 -15.5 152.5 -31.2174 -15.82636 152.5 21.92031 -21.92031 152.5 23.20929 -26.19787 152.5 -21.92031 -21.92031 152.5 -27.00414 -22.26604 152.5 15.5 -26.84679 152.5 16.26531 -30.99096 152.5 -21.4854 -27.62929 152.5 -15.5 -26.84679 152.5 8.023392 -29.9437 152.5 8.37605 -33.98296 152.5 -14.92797 -31.65684 152.5 -8.02339 -29.9437 152.5 3.08158e-6 -31 152.5 3.08158e-6 -35 152.5 -7.648875 -34.15399</float_array>
          <technique_common>
            <accessor source="#mesh-a75c551a-134b-4e87-aafc-6180ae92ad7c-mesh-positions-array" count="58" stride="3">
              <param name="X" type="float"/>
              <param name="Y" type="float"/>
              <param name="Z" type="float"/>
            </accessor>
          </technique_common>
        </source>
        <source id="mesh-a75c551a-134b-4e87-aafc-6180ae92ad7c-mesh-normals">
          <float_array id="mesh-a75c551a-134b-4e87-aafc-6180ae92ad7c-mesh-normals-array" count="54">1 0 0 1 -4.02623e-6 0 1 -1.85393e-6 0 1 -4.51264e-7 0 1 2.22153e-7 0 1 3.62354e-6 0 1 3.46984e-6 0 1 -3.53803e-6 0 1 -7.72668e-6 0 1 -4.124e-6 0 1 -3.11422e-6 0 1 -8.42494e-6 0 1 8.655e-6 0 1 -4.11447e-6 0 1 3.53716e-6 0 1 -1.7851e-6 0 1 3.57017e-6 0 1 9.14103e-7 0</float_array>
          <technique_common>
            <accessor source="#mesh-a75c551a-134b-4e87-aafc-6180ae92ad7c-mesh-normals-array" count="18" stride="3">
              <param name="X" type="float"/>
              <param name="Y" type="float"/>
              <param name="Z" type="float"/>
            </accessor>
          </technique_common>
        </source>
        <vertices id="mesh-a75c551a-134b-4e87-aafc-6180ae92ad7c-mesh-vertices">
          <input semantic="POSITION" source="#mesh-a75c551a-134b-4e87-aafc-6180ae92ad7c-mesh-positions"/>
        </vertices>
        <triangles material="Material-外壳-material" count="54">
          <input semantic="VERTEX" source="#mesh-a75c551a-134b-4e87-aafc-6180ae92ad7c-mesh-vertices" offset="0"/>
          <input semantic="NORMAL" source="#mesh-a75c551a-134b-4e87-aafc-6180ae92ad7c-mesh-normals" offset="1"/>
          <p>0 0 1 0 2 0 3 0 0 0 2 0 4 0 3 0 2 0 5 1 3 1 4 1 6 0 5 0 4 0 7 2 8 2 1 2 0 0 7 0 1 0 9 0 5 0 10 0 11 0 9 0 10 0 12 0 13 0 8 0 7 0 12 0 8 0 14 0 9 0 11 0 15 3 13 3 12 3 15 0 16 0 13 0 17 4 9 4 14 4 18 0 17 0 14 0 19 0 16 0 15 0 19 0 20 0 16 0 21 5 17 5 18 5 22 0 21 0 18 0 23 0 20 0 19 0 23 0 24 0 20 0 25 6 21 6 26 6 27 0 25 0 26 0 28 7 24 7 23 7 29 0 30 0 21 0 28 8 31 8 24 8 32 9 30 9 29 9 33 0 34 0 28 0 34 10 31 10 28 10 32 11 35 11 30 11 35 0 36 0 30 0 37 0 35 0 32 0 38 12 39 12 33 12 39 0 34 0 33 0 40 0 41 0 36 0 42 0 41 0 40 0 43 0 44 0 38 0 44 0 39 0 38 0 42 13 45 13 41 13 46 0 45 0 42 0 47 0 48 0 43 0 48 0 44 0 43 0 46 0 49 0 45 0 49 14 50 14 45 14 51 0 52 0 47 0 52 0 48 0 47 0 49 0 53 0 50 0 53 15 54 15 50 15 55 0 56 0 51 0 56 16 52 16 51 16 53 0 57 0 54 0 57 17 55 17 54 17 57 0 56 0 55 0</p>
        </triangles>
      </mesh>
    </geometry>
    <geometry id="mesh-ab28f25c-250b-46fa-a15f-fad748ad72bb-mesh" name="mesh-ab28f25c-250b-46fa-a15f-fad748ad72bb">
      <mesh>
        <source id="mesh-ab28f25c-250b-46fa-a15f-fad748ad72bb-mesh-positions">
          <float_array id="mesh-ab28f25c-250b-46fa-a15f-fad748ad72bb-mesh-positions-array" count="156">142.5 -4.182622 34.447 149.5 4.182625 34.447 142.5 4.182625 34.447 149.5 12.30479 32.44506 142.5 12.30479 32.44506 142.5 -12.30479 32.44506 149.5 -4.182622 34.447 149.5 -12.30479 32.44506 149.5 19.71185 28.55754 142.5 19.71185 28.55754 142.5 -19.71184 28.55754 149.5 -19.71184 28.55754 149.5 25.97332 23.01036 142.5 25.97332 23.01036 142.5 -25.97332 23.01036 149.5 -25.97332 23.01036 149.5 30.72533 16.1259 142.5 30.72533 16.1259 142.5 -30.72532 16.1259 149.5 -30.72532 16.1259 149.5 33.69168 8.304255 142.5 33.69168 8.304255 142.5 -33.69168 8.304255 149.5 -33.69168 8.304255 149.5 34.7 1.07968e-6 142.5 34.7 1.07968e-6 142.5 -34.7 1.07968e-6 149.5 -34.7 1.07968e-6 149.5 33.69168 -8.304253 142.5 33.69168 -8.304253 142.5 -33.69168 -8.304253 149.5 -33.69168 -8.304253 149.5 30.72533 -16.12589 142.5 30.72533 -16.12589 142.5 -30.72532 -16.12589 149.5 -30.72532 -16.12589 149.5 25.97332 -23.01036 142.5 25.97332 -23.01036 142.5 -25.97332 -23.01036 149.5 -25.97332 -23.01036 149.5 19.71185 -28.55754 142.5 19.71185 -28.55754 142.5 -19.71184 -28.55754 149.5 -19.71184 -28.55754 149.5 12.30479 -32.44506 142.5 12.30479 -32.44506 142.5 -12.30479 -32.44506 149.5 -12.30479 -32.44506 149.5 4.182625 -34.447 142.5 4.182625 -34.447 142.5 -4.182622 -34.447 149.5 -4.182622 -34.447</float_array>
          <technique_common>
            <accessor source="#mesh-ab28f25c-250b-46fa-a15f-fad748ad72bb-mesh-positions-array" count="52" stride="3">
              <param name="X" type="float"/>
              <param name="Y" type="float"/>
              <param name="Z" type="float"/>
            </accessor>
          </technique_common>
        </source>
        <source id="mesh-ab28f25c-250b-46fa-a15f-fad748ad72bb-mesh-normals">
          <float_array id="mesh-ab28f25c-250b-46fa-a15f-fad748ad72bb-mesh-normals-array" count="153">0 -0.1205365 0.9927089 0 0.120537 0.9927089 0 0.1205367 0.9927089 0 0.3546053 0.9350162 0 0.3546047 0.9350164 0 -0.3546046 0.9350164 0 -0.1205367 0.9927089 0 -0.3546051 0.9350162 0 0.5680648 0.8229839 0 0.5680642 0.8229843 0 -0.568064 0.8229844 0 -0.5680646 0.8229839 0 0.7485107 0.6631228 0 0.7485102 0.6631234 0 -0.7485101 0.6631234 0 -0.7485106 0.6631228 0 0.8854561 0.4647231 0 0.8854557 0.4647237 0 -0.8854557 0.4647238 0 -0.885456 0.4647232 0 0.9709419 0.2393155 0 0.9709418 0.2393159 0 -0.9709419 0.2393155 0 -0.970942 0.239315 0 1 -2.24567e-7 0 1 2.26956e-7 0 -1 0 0 0.970942 -0.2393153 0 0.9709419 -0.2393154 0 -0.9709419 -0.2393158 0 -0.9709419 -0.2393155 0 0.8854563 -0.4647227 0 0.885456 -0.4647234 0 -0.8854558 -0.4647236 0 -0.8854562 -0.4647231 0 0.7485113 -0.663122 0 0.7485106 -0.6631228 0 -0.7485104 -0.6631231 0 -0.7485111 -0.6631223 0 0.5680651 -0.8229836 0 0.5680642 -0.8229842 0 -0.5680643 -0.8229842 0 -0.5680652 -0.8229836 0 0.354605 -0.9350162 0 0.3546044 -0.9350165 0 -0.3546047 -0.9350164 0 -0.3546054 -0.9350161 0 0.1205367 -0.9927089 0 0.1205365 -0.9927089 0 -0.1205368 -0.9927089 0 -0.120537 -0.9927089</float_array>
          <technique_common>
            <accessor source="#mesh-ab28f25c-250b-46fa-a15f-fad748ad72bb-mesh-normals-array" count="51" stride="3">
              <param name="X" type="float"/>
              <param name="Y" type="float"/>
              <param name="Z" type="float"/>
            </accessor>
          </technique_common>
        </source>
        <vertices id="mesh-ab28f25c-250b-46fa-a15f-fad748ad72bb-mesh-vertices">
          <input semantic="POSITION" source="#mesh-ab28f25c-250b-46fa-a15f-fad748ad72bb-mesh-positions"/>
        </vertices>
        <triangles material="Material-橡胶-material" count="52">
          <input semantic="VERTEX" source="#mesh-ab28f25c-250b-46fa-a15f-fad748ad72bb-mesh-vertices" offset="0"/>
          <input semantic="NORMAL" source="#mesh-ab28f25c-250b-46fa-a15f-fad748ad72bb-mesh-normals" offset="1"/>
          <p>0 0 1 1 2 2 1 1 3 3 2 2 3 3 4 4 2 2 5 5 6 6 0 0 6 6 1 1 0 0 5 5 7 7 6 6 3 3 8 8 4 4 8 8 9 9 4 4 10 10 7 7 5 5 10 10 11 11 7 7 8 8 12 12 9 9 12 12 13 13 9 9 14 14 11 11 10 10 14 14 15 15 11 11 12 12 16 16 13 13 16 16 17 17 13 13 18 18 15 15 14 14 18 18 19 19 15 15 16 16 20 20 17 17 20 20 21 21 17 17 22 22 19 19 18 18 22 22 23 23 19 19 20 20 24 24 21 21 24 24 25 25 21 21 26 26 23 23 22 22 26 26 27 26 23 23 24 24 28 27 25 25 28 27 29 28 25 25 30 29 27 26 26 26 30 29 31 30 27 26 28 27 32 31 29 28 32 31 33 32 29 28 34 33 31 30 30 29 34 33 35 34 31 30 32 31 36 35 33 32 36 35 37 36 33 32 38 37 35 34 34 33 38 37 39 38 35 34 36 35 40 39 37 36 40 39 41 40 37 36 42 41 39 38 38 37 42 41 43 42 39 38 40 39 44 43 41 40 44 43 45 44 41 40 46 45 43 42 42 41 46 45 47 46 43 42 44 43 48 47 45 44 48 47 49 48 45 44 50 49 47 46 46 45 50 49 51 50 47 46 48 47 51 50 49 48 51 50 50 49 49 48</p>
        </triangles>
      </mesh>
    </geometry>
    <geometry id="mesh-bb952d41-f989-4c18-82c1-68bc15806a69-mesh" name="mesh-bb952d41-f989-4c18-82c1-68bc15806a69">
      <mesh>
        <source id="mesh-bb952d41-f989-4c18-82c1-68bc15806a69-mesh-positions">
          <float_array id="mesh-bb952d41-f989-4c18-82c1-68bc15806a69-mesh-positions-array" count="144">142.5 8.023392 29.9437 152.5 8.023392 29.9437 142.5 3.08158e-6 31 152.5 3.08158e-6 31 142.5 -8.02339 29.9437 152.5 -8.02339 29.9437 142.5 15.5 26.84679 152.5 15.5 26.84679 142.5 -15.5 26.84679 152.5 -15.5 26.84679 142.5 21.92031 21.92031 152.5 21.92031 21.92031 142.5 -21.92031 21.92031 152.5 -21.92031 21.92031 142.5 26.84679 15.5 152.5 26.84679 15.5 142.5 -26.84679 15.5 152.5 -26.84679 15.5 142.5 29.9437 8.02339 152.5 29.9437 8.02339 142.5 -29.9437 8.02339 152.5 -29.9437 8.02339 142.5 31 1.07968e-6 152.5 31 1.07968e-6 142.5 -31 1.07968e-6 152.5 -31 1.07968e-6 142.5 29.9437 -8.023392 152.5 29.9437 -8.023392 142.5 -29.9437 -8.023392 152.5 -29.9437 -8.023392 142.5 26.84679 -15.5 152.5 26.84679 -15.5 142.5 -26.84679 -15.5 152.5 -26.84679 -15.5 142.5 21.92031 -21.92031 152.5 21.92031 -21.92031 142.5 -21.92031 -21.92031 152.5 -21.92031 -21.92031 142.5 15.5 -26.84679 152.5 15.5 -26.84679 142.5 -15.5 -26.84679 152.5 -15.5 -26.84679 142.5 8.023392 -29.9437 152.5 8.023392 -29.9437 142.5 -8.02339 -29.9437 152.5 -8.02339 -29.9437 142.5 3.08158e-6 -31 152.5 3.08158e-6 -31</float_array>
          <technique_common>
            <accessor source="#mesh-bb952d41-f989-4c18-82c1-68bc15806a69-mesh-positions-array" count="48" stride="3">
              <param name="X" type="float"/>
              <param name="Y" type="float"/>
              <param name="Z" type="float"/>
            </accessor>
          </technique_common>
        </source>
        <source id="mesh-bb952d41-f989-4c18-82c1-68bc15806a69-mesh-normals">
          <float_array id="mesh-bb952d41-f989-4c18-82c1-68bc15806a69-mesh-normals-array" count="144">0 -0.2588189 -0.9659259 0 -0.2588187 -0.965926 0 0 -1 0 0 -1 0 0.2588189 -0.9659259 0 0.2588188 -0.965926 0 -0.5000001 -0.8660253 0 -0.4999994 -0.8660259 0 0.5000007 -0.866025 0 0.5 -0.8660255 0 -0.7071073 -0.7071064 0 -0.7071064 -0.7071073 0 0.7071072 -0.7071064 0 0.7071063 -0.7071074 0 -0.8660258 -0.4999995 0 -0.8660252 -0.5000004 0 0.8660255 -0.5 0 0.866025 -0.5000008 0 -0.9659259 -0.258819 0 -0.9659258 -0.2588194 0 0.9659259 -0.2588191 0 0.9659257 -0.2588195 0 -1 0 0 -1 0 0 1 0 0 1 0 0 -0.9659259 0.2588191 0 -0.9659257 0.2588195 0 0.9659259 0.2588189 0 0.9659258 0.2588194 0 -0.8660257 0.4999996 0 -0.8660254 0.5 0 0.8660254 0.5 0 0.8660252 0.5000004 0 -0.707107 0.7071067 0 -0.7071065 0.7071071 0 0.7071069 0.7071067 0 0.7071066 0.707107 0 -0.5000001 0.8660254 0 -0.4999995 0.8660257 0 0.5000004 0.8660252 0 0.4999997 0.8660256 0 -0.2588196 0.9659257 0 -0.2588192 0.9659258 0 0.2588194 0.9659258 0 0.2588189 0.9659259 0 0 1 0 0 1</float_array>
          <technique_common>
            <accessor source="#mesh-bb952d41-f989-4c18-82c1-68bc15806a69-mesh-normals-array" count="48" stride="3">
              <param name="X" type="float"/>
              <param name="Y" type="float"/>
              <param name="Z" type="float"/>
            </accessor>
          </technique_common>
        </source>
        <vertices id="mesh-bb952d41-f989-4c18-82c1-68bc15806a69-mesh-vertices">
          <input semantic="POSITION" source="#mesh-bb952d41-f989-4c18-82c1-68bc15806a69-mesh-positions"/>
        </vertices>
        <triangles material="Material-外壳-material" count="48">
          <input semantic="VERTEX" source="#mesh-bb952d41-f989-4c18-82c1-68bc15806a69-mesh-vertices" offset="0"/>
          <input semantic="NORMAL" source="#mesh-bb952d41-f989-4c18-82c1-68bc15806a69-mesh-normals" offset="1"/>
          <p>0 0 1 1 2 2 1 1 3 3 2 2 3 3 4 4 2 2 5 5 4 4 3 3 6 6 7 7 0 0 7 7 1 1 0 0 5 5 8 8 4 4 9 9 8 8 5 5 10 10 11 11 6 6 11 11 7 7 6 6 9 9 12 12 8 8 13 13 12 12 9 9 14 14 15 15 10 10 15 15 11 11 10 10 13 13 16 16 12 12 17 17 16 16 13 13 18 18 19 19 14 14 19 19 15 15 14 14 17 17 20 20 16 16 21 21 20 20 17 17 22 22 23 23 18 18 23 23 19 19 18 18 21 21 24 24 20 20 25 25 24 24 21 21 26 26 27 27 22 22 27 27 23 23 22 22 25 25 28 28 24 24 29 29 28 28 25 25 30 30 31 31 26 26 31 31 27 27 26 26 29 29 32 32 28 28 33 33 32 32 29 29 34 34 35 35 30 30 35 35 31 31 30 30 33 33 36 36 32 32 37 37 36 36 33 33 38 38 39 39 34 34 39 39 35 35 34 34 37 37 40 40 36 36 41 41 40 40 37 37 42 42 43 43 38 38 43 43 39 39 38 38 41 41 44 44 40 40 45 45 44 44 41 41 46 46 47 47 42 42 47 47 43 43 42 42 45 45 46 46 44 44 47 47 46 46 45 45</p>
        </triangles>
      </mesh>
    </geometry>
    <geometry id="mesh-a7330da2-48d0-43cc-b120-7d38e34fd041-mesh" name="mesh-a7330da2-48d0-43cc-b120-7d38e34fd041">
      <mesh>
        <source id="mesh-a7330da2-48d0-43cc-b120-7d38e34fd041-mesh-positions">
          <float_array id="mesh-a7330da2-48d0-43cc-b120-7d38e34fd041-mesh-positions-array" count="75">142.5 -26.84679 15.5 142.5 8.023392 29.9437 142.5 3.08158e-6 31 142.5 -21.92031 21.92031 142.5 -8.02339 29.9437 142.5 -29.9437 -8.023392 142.5 15.5 26.84679 142.5 -31 1.07968e-6 142.5 -29.9437 8.02339 142.5 -15.5 26.84679 142.5 -29.9437 -8.023392 142.5 21.92031 21.92031 142.5 26.84679 15.5 142.5 29.9437 8.02339 142.5 31 1.07968e-6 142.5 29.9437 -8.023392 142.5 26.84679 -15.5 142.5 -26.84679 -15.5 142.5 -21.92031 -21.92031 142.5 -15.5 -26.84679 142.5 -8.02339 -29.9437 142.5 3.08158e-6 -31 142.5 8.023392 -29.9437 142.5 15.5 -26.84679 142.5 21.92031 -21.92031</float_array>
          <technique_common>
            <accessor source="#mesh-a7330da2-48d0-43cc-b120-7d38e34fd041-mesh-positions-array" count="25" stride="3">
              <param name="X" type="float"/>
              <param name="Y" type="float"/>
              <param name="Z" type="float"/>
            </accessor>
          </technique_common>
        </source>
        <source id="mesh-a7330da2-48d0-43cc-b120-7d38e34fd041-mesh-normals">
          <float_array id="mesh-a7330da2-48d0-43cc-b120-7d38e34fd041-mesh-normals-array" count="18">1 -1.79844e-6 0 1 0 0 1 7.60192e-7 0 1 -2.72627e-7 0 1 9.81568e-7 0 1 -4.90784e-7 0</float_array>
          <technique_common>
            <accessor source="#mesh-a7330da2-48d0-43cc-b120-7d38e34fd041-mesh-normals-array" count="6" stride="3">
              <param name="X" type="float"/>
              <param name="Y" type="float"/>
              <param name="Z" type="float"/>
            </accessor>
          </technique_common>
        </source>
        <vertices id="mesh-a7330da2-48d0-43cc-b120-7d38e34fd041-mesh-vertices">
          <input semantic="POSITION" source="#mesh-a7330da2-48d0-43cc-b120-7d38e34fd041-mesh-positions"/>
        </vertices>
        <triangles material="Material-外壳-material" count="22">
          <input semantic="VERTEX" source="#mesh-a7330da2-48d0-43cc-b120-7d38e34fd041-mesh-vertices" offset="0"/>
          <input semantic="NORMAL" source="#mesh-a7330da2-48d0-43cc-b120-7d38e34fd041-mesh-normals" offset="1"/>
          <p>0 0 1 0 2 0 3 1 0 1 2 1 4 1 3 1 2 1 5 2 6 2 1 2 7 1 5 1 1 1 8 1 7 1 1 1 0 1 8 1 1 1 9 1 3 1 4 1 10 3 11 3 6 3 10 1 12 1 11 1 10 4 13 4 12 4 10 5 14 5 13 5 10 1 15 1 14 1 10 1 16 1 15 1 17 1 16 1 10 1 17 1 18 1 16 1 18 1 19 1 16 1 19 1 20 1 16 1 20 1 21 1 16 1 21 1 22 1 16 1 22 1 23 1 16 1 23 1 24 1 16 1</p>
        </triangles>
      </mesh>
    </geometry>
    <geometry id="mesh-e719cbd6-fe46-4393-b083-719d14c7f1bf-mesh" name="mesh-e719cbd6-fe46-4393-b083-719d14c7f1bf">
      <mesh>
        <source id="mesh-e719cbd6-fe46-4393-b083-719d14c7f1bf-mesh-positions">
          <float_array id="mesh-e719cbd6-fe46-4393-b083-719d14c7f1bf-mesh-positions-array" count="15">149.5 -34.7 1.07968e-6 152.5 -34.7 0.9999994 149.5 -34.7 0.9999994 152.5 -34.7 -1.000001 149.5 -34.7 -1.000001</float_array>
          <technique_common>
            <accessor source="#mesh-e719cbd6-fe46-4393-b083-719d14c7f1bf-mesh-positions-array" count="5" stride="3">
              <param name="X" type="float"/>
              <param name="Y" type="float"/>
              <param name="Z" type="float"/>
            </accessor>
          </technique_common>
        </source>
        <source id="mesh-e719cbd6-fe46-4393-b083-719d14c7f1bf-mesh-normals">
          <float_array id="mesh-e719cbd6-fe46-4393-b083-719d14c7f1bf-mesh-normals-array" count="3">0 -1 0</float_array>
          <technique_common>
            <accessor source="#mesh-e719cbd6-fe46-4393-b083-719d14c7f1bf-mesh-normals-array" count="1" stride="3">
              <param name="X" type="float"/>
              <param name="Y" type="float"/>
              <param name="Z" type="float"/>
            </accessor>
          </technique_common>
        </source>
        <vertices id="mesh-e719cbd6-fe46-4393-b083-719d14c7f1bf-mesh-vertices">
          <input semantic="POSITION" source="#mesh-e719cbd6-fe46-4393-b083-719d14c7f1bf-mesh-positions"/>
        </vertices>
        <triangles material="Material-外壳-material" count="3">
          <input semantic="VERTEX" source="#mesh-e719cbd6-fe46-4393-b083-719d14c7f1bf-mesh-vertices" offset="0"/>
          <input semantic="NORMAL" source="#mesh-e719cbd6-fe46-4393-b083-719d14c7f1bf-mesh-normals" offset="1"/>
          <p>0 0 1 0 2 0 0 0 3 0 1 0 4 0 3 0 0 0</p>
        </triangles>
      </mesh>
    </geometry>
    <geometry id="mesh-a515a663-2f9a-4d77-b10d-f7f405bbc32e-mesh" name="mesh-a515a663-2f9a-4d77-b10d-f7f405bbc32e">
      <mesh>
        <source id="mesh-a515a663-2f9a-4d77-b10d-f7f405bbc32e-mesh-positions">
          <float_array id="mesh-a515a663-2f9a-4d77-b10d-f7f405bbc32e-mesh-positions-array" count="12">152.5 -34.7 0.9999994 149.5 -34.98571 0.9999994 149.5 -34.7 0.9999994 152.5 -34.98571 0.9999994</float_array>
          <technique_common>
            <accessor source="#mesh-a515a663-2f9a-4d77-b10d-f7f405bbc32e-mesh-positions-array" count="4" stride="3">
              <param name="X" type="float"/>
              <param name="Y" type="float"/>
              <param name="Z" type="float"/>
            </accessor>
          </technique_common>
        </source>
        <source id="mesh-a515a663-2f9a-4d77-b10d-f7f405bbc32e-mesh-normals">
          <float_array id="mesh-a515a663-2f9a-4d77-b10d-f7f405bbc32e-mesh-normals-array" count="3">0 0 -1</float_array>
          <technique_common>
            <accessor source="#mesh-a515a663-2f9a-4d77-b10d-f7f405bbc32e-mesh-normals-array" count="1" stride="3">
              <param name="X" type="float"/>
              <param name="Y" type="float"/>
              <param name="Z" type="float"/>
            </accessor>
          </technique_common>
        </source>
        <vertices id="mesh-a515a663-2f9a-4d77-b10d-f7f405bbc32e-mesh-vertices">
          <input semantic="POSITION" source="#mesh-a515a663-2f9a-4d77-b10d-f7f405bbc32e-mesh-positions"/>
        </vertices>
        <triangles material="Material-外壳-material" count="2">
          <input semantic="VERTEX" source="#mesh-a515a663-2f9a-4d77-b10d-f7f405bbc32e-mesh-vertices" offset="0"/>
          <input semantic="NORMAL" source="#mesh-a515a663-2f9a-4d77-b10d-f7f405bbc32e-mesh-normals" offset="1"/>
          <p>0 0 1 0 2 0 0 0 3 0 1 0</p>
        </triangles>
      </mesh>
    </geometry>
    <geometry id="mesh-a704c931-62cf-44b9-8d4e-387fe0c5bd1a-mesh" name="mesh-a704c931-62cf-44b9-8d4e-387fe0c5bd1a">
      <mesh>
        <source id="mesh-a704c931-62cf-44b9-8d4e-387fe0c5bd1a-mesh-positions">
          <float_array id="mesh-a704c931-62cf-44b9-8d4e-387fe0c5bd1a-mesh-positions-array" count="12">152.5 -34.98571 -1.000001 152.5 -34.7 -1.000001 149.5 -34.7 -1.000001 149.5 -34.98571 -1.000001</float_array>
          <technique_common>
            <accessor source="#mesh-a704c931-62cf-44b9-8d4e-387fe0c5bd1a-mesh-positions-array" count="4" stride="3">
              <param name="X" type="float"/>
              <param name="Y" type="float"/>
              <param name="Z" type="float"/>
            </accessor>
          </technique_common>
        </source>
        <source id="mesh-a704c931-62cf-44b9-8d4e-387fe0c5bd1a-mesh-normals">
          <float_array id="mesh-a704c931-62cf-44b9-8d4e-387fe0c5bd1a-mesh-normals-array" count="3">0 0 1</float_array>
          <technique_common>
            <accessor source="#mesh-a704c931-62cf-44b9-8d4e-387fe0c5bd1a-mesh-normals-array" count="1" stride="3">
              <param name="X" type="float"/>
              <param name="Y" type="float"/>
              <param name="Z" type="float"/>
            </accessor>
          </technique_common>
        </source>
        <vertices id="mesh-a704c931-62cf-44b9-8d4e-387fe0c5bd1a-mesh-vertices">
          <input semantic="POSITION" source="#mesh-a704c931-62cf-44b9-8d4e-387fe0c5bd1a-mesh-positions"/>
        </vertices>
        <triangles material="Material-外壳-material" count="2">
          <input semantic="VERTEX" source="#mesh-a704c931-62cf-44b9-8d4e-387fe0c5bd1a-mesh-vertices" offset="0"/>
          <input semantic="NORMAL" source="#mesh-a704c931-62cf-44b9-8d4e-387fe0c5bd1a-mesh-normals" offset="1"/>
          <p>0 0 1 0 2 0 3 0 0 0 2 0</p>
        </triangles>
      </mesh>
    </geometry>
    <geometry id="mesh-a8453fdd-184e-43e2-8f3b-85ed5161330d-mesh" name="mesh-a8453fdd-184e-43e2-8f3b-85ed5161330d">
      <mesh>
        <source id="mesh-a8453fdd-184e-43e2-8f3b-85ed5161330d-mesh-positions">
          <float_array id="mesh-a8453fdd-184e-43e2-8f3b-85ed5161330d-mesh-positions-array" count="5052">34.57062 -5.169102 43.57431 34.08787 -7.861563 43.51066 34.58914 4.954505 43.57648 34.32341 6.848628 43.54951 34.03069 -8.180467 43.50312 33.37879 -10.33019 43.3639 32.90141 -11.90446 43.26194 34.02692 8.004899 43.49466 33.47837 10.14418 43.39317 33.38243 10.51831 43.37542 32.84236 -12.09917 43.24933 31.35014 -15.53169 42.836 31.13294 -15.96573 42.77153 31.24822 -15.76616 42.80776 32.81082 12.02392 43.23059 31.95332 14.28259 43.0133 31.38644 15.37469 42.84146 35 -3.41713e-5 43.60591 34.88249 2.863514 43.60625 34.75468 -4.14262 43.59857 37.77058 -7.88748e-5 43.11737 37.77727 4.891786 43.05261 37.77762 -5.103179 43.04414 25.23274 -24.1702 40.9695 25.24139 -24.16098 40.97192 25.94969 -23.4062 41.17018 37.78564 9.965758 42.66979 26.05397 23.29338 41.19611 26.4003 22.89313 41.29883 37.78588 -10.14586 42.648 28.63341 -20.04928 41.98463 29.27308 -19.18558 42.18684 31.03014 16.06108 42.73345 30.06977 17.91123 42.44234 37.78729 -15.10868 41.73773 37.78746 14.96276 41.77449 42.49256 -1.4593e-4 42.28475 50 3.411579 40.81912 49.99995 4.597078 40.73313 49.99993 5.133885 40.69418 50 -2.05535e-4 40.87977 49.99995 -9.493245 40.26865 49.99988 -5.795777 40.69028 49.99988 -5.633079 40.69559 49.99989 -4.796267 40.72296 37.76942 -19.85433 40.08963 37.77017 19.74531 40.13903 49.99983 10.53525 40.09208 49.99982 9.323421 40.28386 49.99979 8.082051 40.48031 49.99998 -10.96502 40.03052 49.99998 -10.27481 40.17953 28.56756 20.1218 41.96147 26.39613 -22.93046 41.29515 26.8866 -22.40781 41.43245 28.10167 -20.76722 41.81655 28.21437 20.64153 41.84842 27.72332 21.36413 41.69123 20.89306 -28.07976 39.99193 23.24336 -26.10433 40.47427 20.23106 -28.51696 39.91611 24.06866 -25.41066 40.64364 25.23818 24.2362 40.95416 23.34486 26.00526 40.49719 25.25846 24.21276 40.96017 22.20923 27.0508 40.22698 37.74903 -22.05929 38.93831 49.99985 11.97917 39.86358 49.99989 13.93565 39.34157 49.99993 15.40809 38.9487 50.00001 -14.00219 39.37482 50.00003 -15.78634 38.7624 50.00001 -14.08117 39.34771 -33.35964 10.58936 39.76417 -34.40405 6.096523 39.76417 -31.27907 15.70413 39.76417 -32.7859 11.99981 39.76417 -28.41998 20.42804 39.76417 -30.17275 17.53204 39.76417 -24.85352 24.64351 39.76417 -26.64329 22.52806 39.76417 -20.66848 28.2456 39.76417 -22.30319 26.8386 39.76417 -15.969 31.14467 39.76417 -17.28212 30.33463 39.76417 -10.87207 33.26857 39.76417 -11.72986 32.91113 39.76417 -5.504543 34.56443 39.76417 -5.811969 34.49021 39.76417 37.75008 21.97018 38.99123 2.389049 -34.91844 39.74639 4.291852 -34.67709 39.70066 6.403764 -34.4092 39.64989 6.415223 -34.40634 39.64955 4.106601 34.75828 39.71345 3.221249 34.8104 39.72438 8.182606 34.0302 39.59312 6.411185 34.34663 39.64541 4.307752 34.72235 39.70751 8.759654 -33.82091 39.57792 10.52771 -33.37941 39.52391 8.773497 33.85086 39.57792 12.11191 32.83759 39.49206 5.18964e-6 35 39.76416 37.71822 -24.09057 37.54566 14.15062 -32.01184 39.4848 12.72044 -32.5517 39.50024 12.75956 -32.53694 39.49982 13.18339 -32.37695 39.49524 13.19387 32.36584 39.50041 13.04915 32.42894 39.4993 12.72172 32.5717 39.49677 15.81681 31.22221 39.52066 -35.00001 -3.41713e-5 39.76417 -34.73758 -2.844651 39.76417 -34.5307 -5.087234 39.76417 -34.43789 -6.09332 39.76417 -34.40931 -6.403074 39.76417 -33.19291 -10.60351 39.76417 -32.60274 -12.64151 39.76417 -32.50621 -12.97483 39.76417 -33.56179 -9.329737 39.76417 -31.04163 -15.78693 39.76417 -31.11806 -15.64017 39.76417 -27.15325 -21.79329 39.76417 -29.38905 -18.96001 39.76417 -29.2657 -19.19684 39.76417 -28.25096 -20.44408 39.76417 -24.74872 -24.74875 39.76417 -24.85798 -24.61446 39.76417 -20.4918 -28.3122 39.76417 -20.00769 -28.71745 39.76417 -19.22 -29.15077 39.76417 -22.09158 -26.97304 39.76417 -15.63867 -31.12096 39.76417 -13.54467 -32.27292 39.76417 -12.9446 -32.45953 39.76417 -16.07999 -30.87818 39.76417 -9.643877 -33.48597 39.76417 -10.59822 -33.18919 39.76417 -3.145362 -34.67549 39.76419 -5.081648 -34.47571 39.76418 -6.40061 -34.33962 39.76417 -7.14616 -34.26269 39.76417 25.22454 -25.82986 40.11119 37.71949 24.02144 37.59967 25.22527 25.74833 40.1579 25.1276 24.36399 40.92136 5.18965e-6 -35.00001 39.7642 63.92813 -4.067e-4 38.30758 -34.60989 5.211029 39.76417 63.84671 5.300637 38.01159 63.84412 -5.811446 37.95416 63.92214 -11.29748 36.94493 63.90688 10.85677 37.05587 25.20399 -28.01369 38.70214 17.57681 -30.26315 39.61553 19.51427 -28.99035 39.83401 17.6216 -30.24029 39.61724 18.97328 -29.34762 39.77205 17.58874 30.19251 39.64938 20.18314 28.54582 39.91152 19.72864 28.88117 39.84076 19.29598 29.20043 39.77339 18.96966 29.39006 39.74969 25.20459 27.95119 38.74718 50.00004 17.65746 38.04674 50.00008 18.33979 37.77313 50 19.68655 37.01373 49.99993 15.45169 38.93122 37.67854 -25.88763 35.92762 50.00001 -17.96679 37.90314 50.00003 -17.26493 38.25485 44.02791 -19.17867 38.8741 44.01335 -21.27703 37.70776 18.97018 31.26299 38.49247 25.18572 29.95004 37.12723 18.97031 -31.31447 38.45404 25.18534 -29.99473 37.08603 5.18965e-6 -35.49405 39.36337 -3.212641 -35.39192 39.41686 -6.50611 -34.9368 39.41686 -35.5073 -3.41713e-5 39.37734 -35.41875 -2.901961 39.41686 -36.67089 5.521337 38.24903 -34.99428 -6.189433 39.41686 -35.34617 11.21995 38.24903 -34.23862 -9.519764 39.41686 -33.14171 16.63931 38.24903 -33.1349 -12.84476 39.41686 -31.6755 -16.11123 39.41686 -30.11236 21.64451 38.24903 -29.86362 -19.26327 39.41686 -27.71407 -22.24499 39.41686 -26.33353 26.111 38.24903 -25.25335 -25.00355 39.41686 -21.89928 29.9276 38.24903 -22.51866 -27.49217 39.41686 -16.91995 32.99932 38.24903 -19.55603 -29.67273 39.41686 -16.41786 -31.51766 39.41686 -13.15987 -33.01102 39.41686 -11.5195 35.24969 38.24903 -9.838099 -34.14851 39.41686 -5.832324 36.62271 38.24903 5.18964e-6 36.69251 38.45803 3.233318 -36.46804 38.59842 3.233036 36.42708 38.63072 6.431674 35.98308 38.54114 6.432121 -36.02419 38.50861 12.74513 34.794 37.88076 12.74561 -34.83283 37.84748 18.97927 -33.35308 36.6966 18.97905 33.31895 36.73087 -38.23255 -3.132504 36.98878 -37.77436 -6.681141 36.98878 -36.95866 -10.27605 36.98878 -35.76725 -13.86519 36.98878 -34.19191 -17.39117 36.98878 -32.23609 -20.79361 36.98878 -29.91577 -24.01221 36.98878 -27.25957 -26.98991 36.98878 -24.30762 -29.67625 36.98878 -21.10964 -32.03004 36.98878 -17.72216 -34.02154 36.98878 -14.20533 -35.63352 36.98878 -10.61968 -36.86139 36.98878 -7.022971 -37.7123 36.98878 5.18965e-6 -38.20634 37.16284 5.18965e-6 -36.69774 38.3868 -3.467853 -38.20358 36.98878 -37.0485 -4.36902e-6 38.20217 64.25289 -16.27814 35.20991 49.99993 20.88166 36.33985 49.99995 20.36264 36.63251 64.21698 15.91202 35.37247 43.99102 -23.19846 36.30204 64.48154 18.22132 34.23211 49.99995 -19.98604 36.89126 50 -18.41602 37.67802 37.67982 25.83786 35.97891 37.63463 27.36677 34.16083 31.39724 28.62595 35.62844 31.39636 -28.66387 35.58473 5.18964e-6 37.0391 38.19056 5.18964e-6 37.7322 37.65568 3.247385 38.51383 36.58631 3.247519 -38.53535 36.55902 6.454413 38.08328 36.48178 6.454637 -38.10501 36.45426 12.77048 -36.78968 35.77048 25.17194 -31.72473 35.23867 66.02291 -4.36503e-4 37.92073 64.52716 -18.55075 34.04544 -37.60766 3.08156e-6 37.7758 -38.51975 5.799714 36.23796 -37.12823 11.78564 36.23796 -34.81264 17.47822 36.23796 -31.63055 22.73578 36.23796 -27.6612 27.42745 36.23796 -23.00338 31.43648 36.23796 -17.77301 34.66305 36.23796 -12.10029 37.02689 36.23796 -6.126383 38.46915 36.23796 56.49384 19.91416 35.261 71.90976 5.455274 36.57944 71.97148 -11.6331 35.26001 71.90776 -5.98105 36.50531 71.97846 -2.50238e-4 36.99255 56.55895 -20.19608 35.07057 12.77021 36.76936 35.79802 18.99326 -35.04541 34.60521 -38.246 -4.36902e-6 36.90475 49.99995 -20.06527 36.85156 49.99998 -20.44596 36.58906 50.00006 -21.77759 35.6709 5.18964e-6 38.62961 36.40985 49.99994 21.53001 35.83523 43.99196 23.13333 36.35652 43.96146 -24.8824 34.67013 5.18965e-6 -38.32435 36.96691 25.17212 31.69648 35.27397 31.36246 -30.08757 33.65639 71.95915 11.17845 35.39323 75.89595 -1.23578e-4 36.38201 79.62985 2.551037 35.81657 -39.16029 -3.208519 35.73057 -38.69099 -6.843265 35.73057 -37.8555 -10.52541 35.73057 -36.63518 -14.20165 35.73057 -35.02161 -17.81318 35.73057 -33.01833 -21.29819 35.73057 -30.64171 -24.59489 35.73057 -27.92105 -27.64485 35.73057 -24.89746 -30.39637 35.73057 -21.62188 -32.80728 35.73057 -18.1522 -34.84711 35.73057 -14.55004 -36.49821 35.73057 -10.87736 -37.75587 35.73057 -7.193396 -38.62743 35.73057 5.18965e-6 -38.6625 36.40552 -3.552014 -39.13063 35.73057 72.23753 -16.78662 33.2384 -38.81124 3.08156e-6 36.13341 18.99307 35.0282 34.6324 25.16869 -33.08492 33.13948 57.05971 -22.06011 33.62641 5.18964e-6 39.79005 34.79889 5.18964e-6 38.96251 35.94771 5.18964e-6 38.82192 36.14288 3.255432 39.92818 34.03767 79.61679 5.661565 35.46293 5.18965e-6 -39.12827 35.63225 3.255462 -39.93378 34.0212 79.62946 -9.205831 34.7439 79.61646 -6.20797 35.37429 79.62627 -3.127434 35.77054 79.6552 -1.53381e-4 35.95996 6.468271 39.51215 33.90701 6.468316 -39.51779 33.89031 12.7901 -38.0938 33.22376 49.99995 22.23502 35.28653 49.99997 23.09531 34.61696 43.96244 24.83606 34.72187 56.9863 21.81528 33.83679 50.00008 -22.22497 35.36242 50 -23.35165 34.30202 50.00008 -22.32424 35.26899 -38.6555 5.820151 36.04041 -37.25908 11.82717 36.04041 -34.93532 17.53982 36.04041 -31.74202 22.8159 36.04041 -27.75868 27.52412 36.04041 -23.08444 31.54727 36.04041 -17.83564 34.78521 36.04041 -12.14292 37.15738 36.04041 -6.147975 38.60471 36.04041 -38.9534 3.08156e-6 35.93943 -39.69438 5.976568 33.87844 -39.79115 3.08156e-6 34.79628 -39.17113 -4.36902e-6 35.64235 -38.26044 12.14503 33.87844 -35.87421 18.0112 33.87844 -32.59509 23.42909 33.87844 -28.50471 28.26383 33.87844 -23.70485 32.39511 33.87844 -18.31498 35.72008 33.87844 -12.46927 38.156 33.87844 -6.313199 39.64223 33.87844 84.26235 -1.98084e-4 35.44272 87.111 2.668354 35.12651 37.63354 -27.39926 34.11542 43.92699 -26.27825 32.84337 12.78998 38.08876 33.24026 87.10573 -6.501601 34.62537 87.1094 -3.271718 35.07525 19.01296 -36.11529 32.14134 -39.83234 -3.263578 34.38176 -39.35498 -6.960705 34.38176 -38.50515 -10.70603 34.38176 -37.26388 -14.44536 34.38176 -35.62264 -18.11888 34.38176 -33.58496 -21.6637 34.38176 -31.16756 -25.01697 34.38176 -28.40021 -28.11927 34.38176 -25.32474 -30.91801 34.38176 -21.99293 -33.37029 34.38176 -18.46371 -35.44513 34.38176 -14.79974 -37.12456 34.38176 -11.06403 -38.40381 34.38176 -7.316838 -39.29032 34.38176 -3.61296 -39.80216 34.38176 5.18965e-6 -39.90394 34.3445 31.363 30.06514 33.6926 37.58966 -28.5814 32.13247 79.62523 8.694056 34.86918 87.10564 5.927968 34.72702 87.12292 -1.60831e-4 35.28073 79.66313 11.62117 34.04816 72.20868 16.40649 33.4242 87.11363 -9.655049 33.89293 57.55645 23.52337 32.20592 91.53488 -1.01227e-4 35.03089 94.00032 1.051064 34.98421 25.16865 33.0716 33.16608 57.63615 -23.73118 31.97809 64.82063 20.37458 32.88661 79.75186 -14.8608 32.81632 79.67273 -12.09583 33.89014 31.34249 -31.12089 31.5543 94.00032 2.808745 34.82683 94.00032 -3.449105 34.79543 94.00032 -4.13692 34.75465 94.00029 -6.858938 34.26569 65.2927 -22.62132 31.11067 64.87483 -20.66805 32.67862 94.00032 -4.36901e-6 34.99993 142.5 8.551914 33.93913 94.00032 5.180459 34.61449 142.5 3.08158e-6 35 142.5 3.08158e-6 35 142.5 -8.551916 33.93913 142.5 -8.551916 33.93913 87.11125 9.115975 34.03946 5.18964e-6 39.96486 33.97951 -39.88327 3.08156e-6 34.36416 87.1369 -12.70412 32.88836 94.00029 8.544732 33.90508 94.00029 6.250764 34.38879 49.99997 23.90997 33.73431 49.99997 24.56999 33.0192 43.92785 26.24855 32.88911 49.99994 -24.19331 33.50988 49.99995 -23.98318 33.70765 49.99994 -24.62634 32.93015 19.01281 36.11146 32.15703 94.00029 -8.217518 34.02164 25.18458 -33.86411 30.79168 -39.99355 3.08156e-6 33.84684 -40.23101 -3.296245 32.97064 -39.74887 -7.030376 32.97064 -38.89054 -10.81319 32.97064 -37.63685 -14.58994 32.97064 -35.97918 -18.30023 32.97064 -33.92111 -21.88053 32.97064 -31.47952 -25.26736 32.97064 -28.68446 -28.40072 32.97064 -25.57821 -31.22746 32.97064 -22.21307 -33.70429 32.97064 -18.64851 -35.79989 32.97064 -14.94787 -37.49614 32.97064 -11.17478 -38.78819 32.97064 -7.390076 -39.68358 32.97064 5.18965e-6 -40.26393 32.95443 5.18965e-6 -40.09889 33.99133 5.18965e-6 -40.09251 34.03144 -3.649125 -40.20053 32.97064 72.69264 21.06271 30.6292 37.59037 28.56347 32.16927 43.89237 -27.34598 30.84959 79.73651 14.42419 33.00423 87.13181 12.20282 33.07478 72.736 -21.37109 30.39868 94.00029 9.237158 33.75907 94.00029 9.638194 33.62334 94.00026 12.93068 32.50901 5.18964e-6 39.99319 33.84674 2.646779 40.3997 31.43242 3.257369 40.26869 32.60922 94.00029 -8.546454 33.92124 2.933492 -40.37716 31.42366 6.472637 -39.85246 32.44992 3.255462 -39.93378 34.0212 3.257369 -40.26991 32.60054 142.5 8.551914 33.93913 142.5 16.58541 30.82084 94.00026 -12.18281 32.81126 142.5 -16.5854 30.82084 94.00029 -10.20121 33.41614 6.472622 39.85128 32.45873 12.80003 -38.3781 31.80528 87.17857 -15.62648 31.62117 -40.04859 6.0299 31.47108 -38.63554 12.10855 31.47108 -36.19435 18.17193 31.47108 -38.60187 12.25341 31.47108 -32.88598 23.63816 31.47108 -34.75388 20.55192 31.47108 -29.19486 28.00098 31.47108 -23.91639 32.6842 31.47108 -28.75907 28.51606 31.47108 -18.47842 36.03884 31.47108 -21.99734 33.86803 31.47108 -13.68923 38.0345 31.47108 -6.369541 39.99599 31.47108 -12.58054 38.49649 31.47108 5.18964e-6 40.50003 31.47108 -4.647101 40.13228 31.47108 -40.27858 2.957712 31.47108 -40.18839 3.08156e-6 32.93283 2.646779 40.3997 31.43242 65.23136 22.36331 31.33828 58.19476 25.02085 30.37886 31.34259 31.11136 31.58029 37.56036 -29.36601 30.0307 65.77451 -24.39737 29.33262 79.84941 17.09058 31.73774 12.79997 38.37722 31.81393 79.8705 -17.48914 31.52254 80.03028 -19.97248 30.00911 19.02854 -36.30833 30.80198 25.1844 33.86172 30.80627 31.35258 -31.62206 29.32339 94.00026 13.16425 32.42996 87.17052 15.16488 31.84275 49.99997 24.65633 32.92564 -40.49999 3.08156e-6 31.47108 -40.2728 -3.300872 31.47108 -39.74939 -7.02078 31.47108 -40.11806 -5.548999 31.47108 -38.80399 -10.79507 31.47108 -37.99675 -14.01774 31.47108 -37.70277 -14.60901 31.47108 -35.88902 -18.25677 31.47108 -34.1098 -21.8351 31.47108 -34.02227 -21.94392 31.47108 -31.40033 -25.20349 31.47108 -28.63782 -28.63782 31.47108 -28.76331 -28.48184 31.47108 -25.51636 -31.14867 31.47108 -22.25273 -33.77386 31.47108 -21.8351 -34.1098 31.47108 -18.60865 -35.71406 31.47108 -14.95322 -37.53161 31.47108 -14.01774 -37.99675 31.47108 -11.16065 -38.71241 31.47108 -7.375802 -39.66047 31.47108 -5.548994 -40.11806 31.47108 -3.655354 -40.24841 31.47108 5.18965e-6 -40.50003 31.47108 58.27848 -25.19177 30.13875 50.05877 -24.71227 32.79993 49.99994 -24.70921 32.81922 50.73781 25.77964 31.20522 49.99997 24.92784 32.63147 49.99993 25.34458 31.98525 49.99989 25.70559 31.42544 43.89294 27.33003 30.88651 94.00026 -15.97716 31.14049 94.00026 -13.44809 32.25412 49.99995 -25.87582 31.25741 49.99995 -25.37077 31.93355 50.83609 -25.90361 30.97646 87.24073 -18.40407 30.10066 58.97404 -26.42487 28.13858 73.06974 -23.43313 28.67214 4.541372 40.15951 31.33801 3.255059 40.32259 31.40211 6.475468 39.91433 31.24162 4.542132 -40.1615 31.33872 3.256579 -40.33384 31.4066 6.651212 39.89205 31.23286 11.02551 38.91303 30.83637 9.159452 39.33067 31.00551 7.176583 39.77447 31.18524 6.473561 -39.90257 31.23673 6.943559 -39.83956 31.21191 7.147153 -39.79265 31.19285 9.158543 -39.32919 31.00456 94.00026 16.07892 31.04042 65.70793 24.17489 29.57799 37.56055 29.3593 30.05623 19.02843 36.30794 30.81009 43.86804 -28.03299 28.74971 66.31021 -25.97781 27.35303 94.00026 16.57691 30.80301 87.22971 17.98316 30.35285 13.48539 38.15407 30.5161 12.79603 38.36676 30.60585 15.95985 37.39061 30.19395 12.79749 -38.37142 30.60782 13.4859 -38.15526 30.51633 11.37013 -38.81961 30.79752 80.00381 19.61142 30.24878 94.00026 -16.57237 30.7891 94.00026 -16.56814 30.7916 31.3524 31.621 29.3369 37.56461 -29.67097 27.8851 87.32431 -21.02157 28.33615 -40.49999 3.08156e-6 16.46109 -40.39123 2.966146 16.46109 -40.11806 -5.548999 16.46109 -38.64674 12.11115 16.46109 -40.11806 -5.548999 16.46109 -37.99675 -14.01774 16.46109 -34.86005 20.61618 16.46109 -34.86005 20.61618 16.46109 -34.1098 -21.8351 16.46109 -29.23129 28.0318 16.46109 -28.63782 -28.63782 16.46109 -28.63782 -28.63782 16.46109 -21.8351 -34.1098 16.46109 -22.05789 33.96615 16.46109 -14.01774 -37.99675 16.46109 -13.71888 38.10567 16.46109 -5.548994 -40.11806 16.46109 -4.654954 40.2316 16.46109 -0.9999968 -40.48765 16.46109 -0.9999968 -40.48765 19.47108 5.18964e-6 40.50001 25.86294 5.18965e-6 -40.50001 25.86203 5.18965e-6 -40.49999 19.47108 2.813791 40.38905 23.09407 49.99983 26.32654 30.46255 2.813627 -40.38906 23.09332 73.02079 23.15969 28.92166 6.902536 39.85969 19.47113 51.68501 -26.80274 29.00265 49.99998 -26.48874 29.98996 6.887217 -39.87219 19.47076 6.887217 -39.87219 19.47076 51.58668 26.71335 29.231 58.88869 26.2901 28.38454 6.912534 -39.86756 19.47078 8.923134 -39.40784 29.7841 6.908288 39.85867 19.47113 8.923237 39.40783 29.78461 73.45317 -25.32653 26.73276 12.78669 38.30731 27.00848 49.99988 26.60847 29.77669 43.86822 28.02723 28.7751 49.99986 26.49929 30.0423 49.99998 -26.68654 29.58078 94.00026 16.90663 30.64581 142.5 23.61347 25.83417 94.00023 20.41179 28.43166 94.00023 19.06942 29.27961 94.00023 -19.54733 29.03277 142.5 -23.61347 25.83417 17.06167 36.97922 30.00883 19.03056 36.24407 29.67803 17.62847 36.76758 29.9136 25.23232 33.88013 28.53855 22.19913 35.061 29.14567 25.64721 33.7186 28.4555 22.63487 -34.88921 29.06464 16.33712 -37.25998 30.13738 17.02843 -36.99974 30.01963 17.63154 -36.7727 29.9169 19.03113 -36.24583 29.6785 12.78659 -38.30734 27.00796 25.23286 -33.87966 28.54241 25.6479 -33.71838 28.45898 80.19955 21.97896 28.54082 16.54924 36.95363 24.60981 80.46932 -24.47149 26.34185 80.23066 -22.30311 28.2803 66.24053 25.79112 27.61143 87.31047 20.64172 28.61454 17.58496 36.79431 29.66958 66.88664 -27.34308 25.19823 16.54913 -36.95367 24.60928 37.56444 29.67076 27.89784 43.86832 -28.29266 26.62543 17.58487 -36.79431 29.66923 87.42876 -23.46465 26.33849 21.26775 35.24053 27.56923 10.13601 39.15421 19.47112 7.803117 39.69964 19.47112 9.702271 -39.26604 19.47192 7.516866 -39.75704 19.47113 52.47319 27.39411 27.17588 50 27.29743 28.10063 21.26766 -35.24054 27.56887 18.39492 36.18753 23.54356 18.39482 -36.18756 23.54303 50 -27.06463 28.79862 73.40027 25.08815 26.99957 31.40294 31.47778 27.30345 31.10807 31.59258 27.36247 37.38256 29.51961 26.05254 33.67864 30.73044 26.82769 31.45756 31.45652 27.29252 73.87693 -27.03258 24.58568 31.09828 -31.60043 27.36338 31.40407 -31.4816 27.30191 31.6286 -31.39435 27.25677 33.67804 -30.729 26.82803 24.89815 33.5553 25.66486 94.0002 -22.29448 26.93643 52.56944 -27.45198 26.95321 60.46465 -28.16872 23.81773 80.43442 24.18387 26.62057 49.99983 -27.29372 27.90644 47.06983 -27.59115 28.25676 49.99995 27.33025 27.94404 43.86822 28.29246 26.63801 47.06943 -27.90636 26.10902 80.74186 -26.4641 24.18994 94.00023 21.87698 27.24216 87.41255 23.12594 26.63844 94.0002 23.61262 25.83311 24.89804 -33.55529 25.66452 28.47706 31.74092 23.95302 66.81616 27.19199 25.46352 60.38282 28.09957 24.05662 94.0002 -22.84322 26.51768 87.55283 -25.71826 24.11979 49.99983 -27.29469 27.90264 67.48851 -28.47722 22.90491 49.99954 27.65757 26.3824 49.99954 27.65757 26.3824 49.99954 -27.69249 26.3534 41.73705 28.48012 25.17415 37.61292 29.46463 26.00608 37.5332 29.48366 26.02216 37.5344 -29.47702 26.02128 37.54746 -29.47396 26.01866 37.61146 -29.45893 26.00579 73.822 26.82974 24.8656 22.00631 34.45457 21.71032 20.21477 35.35658 22.57397 22.00619 -34.45459 21.70982 20.21467 -35.3566 22.57345 32.72289 -30.22105 24.21296 33.41291 -30.57327 26.09903 32.00426 29.79676 22.43468 33.41298 30.5733 26.09922 74.32846 -28.53013 22.25139 53.38159 27.82693 25.07694 14.7367 37.67732 19.47131 12.42929 38.48407 19.47137 11.41891 38.77932 19.47126 11.39637 -38.74365 19.47186 14.15723 -37.89231 19.47178 80.7044 26.21311 24.48461 49.99967 -27.72674 25.72553 49.99967 -27.72902 25.68372 54.38224 -28.0365 22.7638 61.98028 -28.99815 19.31929 37.07707 28.97261 24.06879 81.04066 -28.26223 21.83023 94.0002 23.63053 25.81857 94.0002 24.4776 24.94561 87.53471 25.42069 24.43721 42.59275 28.35807 25.0133 42.19765 28.41443 25.08757 47.06939 27.90574 26.12184 45.73849 27.9094 24.42197 43.90645 28.1707 24.76635 41.95498 -28.4389 25.13226 42.19508 -28.40612 25.08734 42.60458 -28.35021 25.01072 43.90644 -28.17247 24.76714 45.99959 -27.88669 24.3755 94.0002 -23.58153 25.80125 54.29574 28.0284 22.96431 50.56328 27.83497 24.4654 50.56328 27.83497 24.4654 49.99943 27.7439 25.97051 87.69417 -27.76579 21.68769 94.0002 -25.81858 23.6305 94.0002 -24.8271 24.5926 46.89445 27.87581 24.22732 46.72064 27.88086 24.25658 49.99949 27.74813 25.74081 49.99978 27.76758 24.6827 47.08889 27.87016 24.19457 46.74435 -27.86786 24.25055 47.08807 -27.85917 24.19289 46.89146 -27.86414 24.22587 36.30683 28.41904 22.48298 36.30671 -28.41897 22.48279 40.74279 -27.37615 22.03185 41.54362 28.00628 23.50376 40.74288 27.37622 22.03197 41.54355 -28.00624 23.50365 5.18964e-6 40.49999 19.47108 2.013435 40.40252 19.47105 0.9999924 -40.48708 19.47108 142.5 29.21006 19.2814 94.00017 26.84877 22.40934 94.00017 26.5177 22.84319 142.5 -29.21006 19.2814 50.65543 -27.837 24.26843 49.99991 -27.79255 24.5191 47.08807 -27.85917 24.19289 23.76728 33.47592 20.96094 25.49653 32.41769 20.33022 23.76716 -33.47593 20.96046 25.49641 -32.41768 20.32976 28.47696 -31.74089 23.95272 74.27357 28.36301 22.53895 67.41948 28.36057 23.17068 74.79338 -29.79977 19.75975 45.31321 26.67028 21.07871 46.14358 27.37468 22.43965 46.14352 -27.37466 22.43959 45.31312 -26.67022 21.07863 81.00212 28.04824 22.13691 50.00004 27.78557 23.70435 17.05073 36.73584 19.47108 15.64061 37.30957 19.47122 15.63494 -37.3017 19.47142 81.35549 -29.84449 19.27942 49.99998 -27.81341 24.13664 87.67477 27.50934 22.01885 51.5296 27.74784 22.39213 94.00017 29.03279 19.5473 46.8705 27.81952 24.18758 50.00004 -27.78557 23.70435 51.61485 -27.72832 22.2079 46.87046 -27.81952 24.18755 46.89146 -27.86414 24.22587 46.74435 -27.86786 24.25055 49.99986 27.29622 21.49078 32.00412 -29.7967 22.43443 50 27.72009 23.12854 50 27.68366 22.98776 49.99997 -27.61923 22.84558 87.84813 -29.58831 19.05475 49.99986 -27.38033 21.61219 49.99991 -27.19792 21.19633 49.99988 -27.32836 21.49371 94.00017 -28.43168 20.41176 94.00017 -27.12499 22.0213 61.90923 28.97609 19.53524 68.03395 29.28782 20.77326 27.19483 31.28178 19.8153 27.1947 -31.28174 19.81488 31.26517 -29.32167 20.73145 69.28511 -30.48619 15.55956 68.09954 -29.3726 20.51264 17.1416 36.67277 16.48205 16.96328 36.77769 16.95881 17.05073 -36.73584 19.47108 17.15117 -36.68424 16.47941 17.9267 -36.31643 16.47282 74.74048 29.66775 20.04917 5.742107 40.06592 19.47113 4.420241 40.24275 19.47108 6.902536 39.85969 19.47113 3.67627 40.32202 19.47101 6.427204 -39.95631 19.47049 5.883132 -40.04436 19.47016 2.023747 -40.43077 19.47057 3.165891 -40.36793 19.46999 4.251783 -40.26199 19.46965 5.339523 -40.12464 19.46987 56.07527 27.78738 18.71246 52.47571 27.41527 20.32973 75.25653 -30.82796 17.1442 63.39047 -29.05686 14.68214 56.14626 -27.75741 18.5342 20.92405 34.62004 16.4723 19.91898 35.26308 16.47251 19.07044 35.69377 16.47543 19.05817 -35.68343 16.4726 20.93839 -34.63154 16.47222 81.31746 29.66767 19.59321 39.87405 26.57533 20.81488 35.4904 27.74962 21.06986 35.49026 -27.74952 21.06967 39.87393 -26.57523 20.81474 49.99985 27.25307 21.32406 49.99982 27.17422 21.01936 50 26.52008 19.76198 50 26.51556 19.75329 50.00003 26.39267 19.51707 50.00009 -26.48073 19.62058 50.00009 -26.54693 19.7122 50.00009 -26.56033 19.74275 50.00008 -26.332 19.41471 50.00008 -26.40574 19.51677 31.26531 29.32175 20.73174 34.63997 -26.99518 19.78312 81.67464 -31.18975 16.56152 52.5529 -27.37633 20.15952 87.82834 29.37288 19.39519 44.4038 25.76759 20.01338 43.43169 -24.70776 19.18205 44.4037 -25.7675 20.0133 94.00017 29.19502 19.27252 88.00865 -31.16583 16.23963 22.02541 33.9154 16.47206 21.56923 -34.27862 16.47209 22.45899 -33.65234 16.4719 94.00017 -29.16929 19.24406 94.00017 -29.16406 19.25234 94.00014 -30.64583 16.9066 50.00004 26.3348 19.40585 49.11146 25.40618 18.54646 49.11137 -25.40611 18.54642 34.64014 26.99531 19.78333 38.9524 25.64192 19.79536 37.99218 -24.61203 18.91926 38.95225 -25.64177 19.79523 53.38581 26.82896 18.30051 50.03277 26.50978 19.7276 24.4615 32.22455 16.47158 23.66987 32.86328 16.4717 22.72747 33.46623 16.47191 22.72419 -33.46568 16.47183 24.47458 -32.23363 16.47146 43.43182 24.7079 19.18213 42.41128 -23.52663 18.53179 43.43169 -24.70776 19.18205 75.20733 30.72928 17.43016 69.23089 30.45111 15.7995 33.76762 26.18514 18.58007 32.14538 27.51191 18.81044 30.51353 28.81454 19.07681 28.86545 30.0764 19.40394 28.8653 -30.07634 19.40357 30.51337 -28.81444 19.07648 32.14521 -27.51178 18.81016 75.70304 -31.61117 14.43578 24.98992 -31.87089 16.47134 53.45409 -26.77301 18.14623 56.96909 -27.26334 16.39967 81.63861 31.04972 16.87727 48.09825 24.24307 17.86942 45.9258 -21.55065 17.06089 48.09814 -24.24295 17.86937 27.11607 30.08268 16.47115 26.12447 30.88276 16.47131 27.73175 29.46354 16.47111 26.12269 -30.88312 16.47132 27.74256 -29.47059 16.4713 37.99238 24.61221 18.91939 42.41146 23.52681 18.53188 40.2744 -20.92328 17.5907 37.00702 23.51895 18.13819 35.38643 24.84983 18.36244 33.76742 -26.18499 18.57983 35.38622 -24.84964 18.36224 81.98581 -32.28015 13.70426 50.07846 -26.49313 19.58441 50.92113 25.59554 17.91014 87.98937 30.99105 16.58452 50.98425 -25.51752 17.78563 54.30404 -25.91336 16.19923 63.33549 29.07195 14.882 4.654949 40.2316 16.46109 2.331336 40.43284 19.47108 1.000007 -40.48765 16.46109 2.376725 -40.4302 19.47108 0.9999924 -40.48708 19.47108 3.494595 40.34895 19.47108 3.750687 -40.32595 19.47108 4.654949 40.2316 19.47108 6.484007 -39.97759 16.46109 5.120312 -40.17502 19.47108 6.963124 39.89693 19.47108 6.484007 -39.97759 19.47108 8.611179 -39.57395 19.47108 9.248218 39.42994 19.47108 10.71376 -39.0572 19.47108 13.71888 38.10567 19.47108 13.71888 38.10567 16.46109 14.82112 -37.69064 16.46109 14.82112 -37.69064 19.47108 16.7752 36.86248 17.46667 13.71888 38.10567 19.47108 16.61403 36.93541 16.61761 16.60628 36.93889 16.53644 16.6134 36.93569 16.51226 16.62817 36.92905 16.49672 16.61161 -36.93649 16.51526 16.60701 -36.93856 16.53538 16.61716 -36.93399 16.63965 17.05073 -36.73584 19.47108 16.91485 -36.79938 17.97549 49.99997 -25.49997 18.2631 50.00008 26.23576 19.21547 50.00008 26.23576 19.21547 29.19318 27.99391 16.47099 28.17429 -29.09412 16.47129 29.08506 -28.11436 16.47127 94.00014 30.73658 16.66132 69.82923 -30.74931 13.00989 142.5 33.03591 11.55977 94.00014 31.14051 15.97713 94.00014 -30.94273 16.28382 142.5 -33.03591 11.55977 88.16872 -32.4787 13.26554 50.00003 25.48354 18.32826 45.92598 21.55085 17.06093 29.25373 27.93304 16.47099 30.2334 26.94785 16.47091 29.25301 -27.9337 16.47127 30.73802 -26.33622 16.47124 40.27464 20.92354 17.59078 38.63442 22.20519 17.88843 37.0068 -23.51873 18.13804 38.6342 -22.20495 17.88832 30.72736 26.32846 16.47096 31.07042 -25.97864 16.47124 56.90719 27.31085 16.56497 32.10425 24.60186 16.47107 33.00156 23.47668 16.47114 32.1022 -24.60084 16.47114 33.10071 -23.26749 16.47106 50.00001 25.13333 17.91522 50.00031 -24.0885 17.00357 50.00006 -25.12469 17.92822 64.01293 -28.7364 12.25321 43.62309 18.53095 16.741 33.18276 23.18974 16.47114 33.49418 22.86018 16.50651 35.00438 21.25237 16.69514 33.49392 -22.85994 16.50628 54.24515 25.9835 16.33574 57.73287 -26.50694 14.28894 36.53141 19.68675 16.82087 35.00411 -21.25209 16.69496 16.77825 -36.8611 16.48258 16.69777 -36.8977 16.56089 51.83263 -24.30189 16.12348 50 24.90936 17.65106 50.00015 24.17543 17.09244 51.77893 24.38878 16.22808 38.08032 18.17604 16.86474 36.53112 -19.68644 16.82074 50.00028 23.57485 16.63532 50.00013 -22.53034 15.99213 50.00035 -23.59912 16.61452 50.0004 -23.7528 16.70401 55.08985 -24.79655 14.35337 39.65575 16.73185 16.80942 43.62284 -18.53065 16.74099 39.65544 -16.73148 16.80937 38.08002 -18.1757 16.86465 75.6589 31.54269 14.71408 81.95315 32.17564 14.01705 82.27725 -33.10406 10.73541 50.00033 22.63399 16.0453 50.00019 21.29212 15.3846 50.00039 23.10321 16.27634 50.00015 20.87761 15.18051 49.58338 19.93335 15.05557 47.10724 16.4788 15.38365 50.00004 -21.27872 15.39006 50 -21.89599 15.62272 49.58317 -19.93311 15.05559 50.00009 -20.50032 15.09668 16.70555 36.8941 16.48355 16.6771 36.90697 16.48438 88.15081 32.3437 13.60999 36.87519 16.67067 16.47109 36.62114 17.29591 16.47109 35.94768 -18.65529 16.47111 36.85346 -16.64597 16.47111 35.38151 19.70783 16.4711 35.82573 18.84353 16.4711 35.83232 -18.85042 16.4711 35.83232 -18.85042 16.4711 41.2621 15.3653 16.63835 38.30622 13.14871 16.47108 37.8173 14.35203 16.47108 37.78527 -14.57889 16.47113 37.84703 -14.38803 16.47113 41.26179 -15.36491 16.63834 44.57806 -12.89157 15.90895 47.10697 -16.47845 15.3837 33.43073 22.79705 16.47113 34.65382 20.8602 16.47111 34.82278 20.59264 16.47111 34.385 -21.29828 16.47104 34.64748 -20.85433 16.47105 33.67069 -22.50635 16.47101 38.91236 12.22782 16.49371 38.43115 12.70639 16.47108 44.57841 12.892 15.90888 38.912 -12.22737 16.49367 42.07507 -9.369672 16.3373 38.12865 -13.51775 16.47111 52.56719 22.95219 14.70035 52.61153 -22.86001 14.6149 94.00014 32.22084 13.52368 63.96711 28.77096 12.44368 57.6804 26.57015 14.43837 88.32119 -33.50914 10.15867 16.65819 -36.91551 16.48663 16.62499 -36.93047 16.49965 33.10071 -23.26749 16.47106 33.44417 -22.80885 16.47103 39.52478 8.834305 16.47106 38.65999 11.89617 16.47108 38.60279 12.09874 16.47108 42.07546 9.370182 16.33726 38.65531 -11.89023 16.47109 38.37326 -12.76181 16.47111 17.1416 36.67277 16.48205 13.71888 38.10567 16.46109 16.70555 36.8941 16.48355 14.82112 -37.69064 16.46109 17.15117 -36.68424 16.47941 16.77825 -36.8611 16.48258 19.07044 35.69377 16.47543 17.9267 -36.31643 16.47282 19.91898 35.26308 16.47251 19.05817 -35.68343 16.4726 22.48292 -33.68632 16.46109 20.93839 -34.63154 16.47222 14.82112 -37.69064 16.46109 20.92405 34.62004 16.4723 22.05788 33.96615 16.46109 13.71888 38.10567 16.46109 22.48292 -33.68632 16.46109 21.56923 -34.27862 16.47209 24.4615 32.22455 16.47158 22.05788 33.96615 16.46109 23.66987 32.86328 16.4717 26.12447 30.88276 16.47131 27.11607 30.08268 16.47115 34.43079 -21.32535 16.46109 30.73802 -26.33622 16.47124 29.25301 -27.9337 16.47127 31.07042 -25.97864 16.47124 32.1022 -24.60084 16.47114 27.73175 29.46354 16.47111 29.23129 28.0318 16.46109 32.10425 24.60186 16.47107 33.00156 23.47668 16.47114 34.65382 20.8602 16.47111 38.17246 -13.53192 16.46109 29.23129 28.0318 16.46109 34.86005 20.61618 16.46109 34.64748 -20.85433 16.47105 38.64673 12.11115 16.46109 34.86005 20.61618 16.46109 39.16249 -10.32292 16.47107 38.65531 -11.89023 16.47109 40.17481 -5.121913 16.46109 38.17246 -13.53192 16.46109 40.17481 -5.121913 16.46109 40.39124 2.966146 16.46109 39.92699 6.419274 16.47107 40.05264 5.664791 16.47108 40.25456 4.452396 16.47108 42.82296 3.209832 16.28249 44.08425 4.995401 16.03154 43.70923 8.072395 16.06367 40.33667 2.963136 16.4708 30.72736 26.32846 16.47096 39.95575 -6.458264 16.47106 43.70883 -8.071864 16.06376 40.06184 -5.941432 16.47105 40.13796 -5.118501 16.47106 42.8225 -3.209227 16.28257 40.09086 -5.627647 16.47106 40.47266 -1.501095 16.47106 40.49988 -0.005890309 16.47026 40.5 3.08157e-6 16.46109 40.47266 -1.501095 16.47106 44.08382 -4.994818 16.03166 45.37767 -6.86203 15.65904 30.2334 26.94785 16.47091 40.49972 0.005628228 16.47026 41.46378 6.43831e-4 16.43495 40.5 5.54424e-4 16.47026 -31 3.08156e-6 16.46109 -40.11806 -5.548999 16.46109 -40.49999 3.08156e-6 16.46109 -40.39123 2.966146 16.46109 -29.9437 8.023392 16.46109 -38.64674 12.11115 16.46109 -31 3.08156e-6 16.46109 -29.9437 -8.02339 16.46109 -37.99675 -14.01774 16.46109 -26.84679 15.5 16.46109 -34.86005 20.61618 16.46109 -34.1098 -21.8351 16.46109 -21.9203 21.92031 16.46109 -29.23129 28.0318 16.46109 -26.84679 -15.5 16.46109 -28.63782 -28.63782 16.46109 -15.5 26.84679 16.46109 -22.05789 33.96615 16.46109 -21.9203 -21.92031 16.46109 -21.8351 -34.1098 16.46109 -8.023391 29.9437 16.46109 -13.71888 38.10567 16.46109 -5.548994 -40.11806 16.46109 -14.01774 -37.99675 16.46109 -21.9203 -21.92031 16.46109 -0.9999968 -40 16.46109 1.000007 -40 16.46109 -15.5 -26.84679 16.46109 -8.023391 -29.9437 16.46109 -4.654954 40.2316 16.46109 5.18964e-6 31 16.46109 5.18965e-6 -31 16.46109 -0.9999968 -40.48765 16.46109 4.654949 40.2316 16.46109 8.023387 29.9437 16.46109 8.023387 -29.9437 16.46109 6.484007 -39.97759 16.46109 1.000007 -40.48765 16.46109 29.12029 -28.1471 16.46109 29.12029 -28.1471 16.46109 15.5 26.84679 16.46109 15.5 -26.84679 16.46109 21.92032 21.92031 16.46109 21.92032 -21.92031 16.46109 26.84679 15.5 16.46109 26.84679 -15.5 16.46109 34.43079 -21.32535 16.46109 29.9437 8.023392 16.46109 29.9437 -8.02339 16.46109 30.99999 3.08157e-6 16.46109 44.40657 -2.7259e-4 16.03307 64.56117 -28.13311 9.787301 46.29143 -11.79345 15.33769 55.04045 24.87772 14.47075 94.00014 -32.42997 13.16422 46.13655 -0.7303252 15.56146 47.47215 2.70177 15.03422 46.13704 0.730987 15.5613 45.58447 -2.80041e-4 15.67251 94.0001 -32.97946 11.54066 58.42546 -25.47509 12.24874 55.80067 -23.42605 12.64393 48.04699 -10.80122 14.60856 45.37809 6.862598 15.65891 46.29177 11.79391 15.33757 47.47169 -2.701116 15.03443 47.08836 -5.757209 15.09777 50.00011 -14.46774 13.83571 50 15.13323 13.88944 49.99998 14.55361 13.80422 49.99998 14.48509 13.79415 76.08138 32.1172 11.92526 69.78253 30.73415 13.24182 47.24859 -3.02392e-4 15.16312 49.85387 -9.937731 13.68749 47.08879 5.757812 15.09759 48.04735 10.80171 14.6084 47.33023 -2.87491e-4 15.12255 47.33319 -2.87491e-4 15.12107 76.49274 -32.48509 8.804389 76.11952 -32.16015 11.65724 50.21051 -20.80271 15.04026 53.31066 -21.20405 13.2756 53.27529 21.29826 13.34299 50.17316 20.89901 15.09792 50.00011 -15.13183 13.90009 50.00013 -16.39056 14.0221 50.00016 -18.83243 14.54657 50.00016 -19.31683 14.65061 50.00006 18.91802 14.59827 50 17.90277 14.29662 50.00009 19.75649 14.8474 50.00009 -13.72691 13.76391 50.00013 20.50383 15.06945 48.02768 -2.20436e-4 14.77585 48.85449 -4.79148 14.32914 50.83016 19.01054 14.10373 50.00037 -6.552707 13.64869 50.0004 -7.033576 13.63792 50.00025 -9.661531 13.65642 48.85493 4.79212 14.32888 50.00001 9.717892 13.60536 50.00001 9.759422 13.60454 49.85425 9.938259 13.68728 50.85904 -18.91638 14.06121 50.00013 -19.76589 14.81986 53.92176 -19.34496 12.12002 50.00001 2.919409 13.73833 50.00001 4.274044 13.71183 70.27916 30.7961 10.58483 50.00001 -2.67208e-5 13.79543 50.00018 -2.915338 13.73015 82.24887 33.03276 11.041 55.76052 23.51485 12.74152 70.73326 -30.56226 7.603833 70.31737 -30.78983 10.35903 56.42793 -21.81034 11.10262 50.00009 -12.84959 13.67887 50 13.72919 13.76382 51.41349 -16.85584 13.26963 58.38236 25.55144 12.37951 64.5246 28.1864 9.963901 82.53858 -33.65913 7.67909 59.03734 -24.16273 10.32966 50.00027 -4.615572 13.69207 50.00025 -4.274354 13.69971 50.00001 4.64921 13.70449 50.00001 6.561647 13.66709 51.39228 16.94515 13.29895 65.02498 -27.21839 7.346861 53.89467 19.43817 12.17086 54.43888 -17.29722 11.15618 88.30538 33.41245 10.498 51.86935 -14.64265 12.66313 51.85475 14.72428 12.68174 50.4558 3.60709e-4 13.51298 50.00001 9.875397 13.6092 52.7574 4.772406 11.76871 52.75819 -4.741319 11.76856 88.45918 -34.24284 6.946728 50.00025 -9.867904 13.65788 52.48684 -9.853298 11.95861 50.00025 -9.867904 13.65788 52.48167 9.912755 11.9635 94.0001 32.81128 12.18278 94.0001 33.00438 11.55014 94.0001 33.39804 10.2605 52.80041 0.001113176 11.77064 56.39647 21.90315 11.18071 54.41921 17.38631 11.19258 56.96571 -19.96522 9.751038 54.85934 -15.07981 10.38613 94.0001 -33.5374 9.892114 94.0001 -33.75908 9.237127 76.46154 32.46587 9.063863 76.80554 -32.55235 5.845584 59.00322 24.2489 10.43993 54.84596 15.16193 10.41036 59.56203 -22.57534 8.576477 70.70388 30.5905 7.820622 64.99726 27.2884 7.504904 71.06454 -30.02551 4.784928 65.39799 -25.97614 5.002574 56.94212 20.05819 9.811135 57.41077 -17.91329 8.596228 55.41299 10.27797 9.413519 55.41757 -10.2171 9.405853 82.51516 33.61758 7.974216 52.99615 0.00117278 11.62519 55.54709 -9.35692e-4 9.153829 55.65065 4.9786 9.036885 55.65131 -4.946329 9.036005 82.7599 -33.94362 4.544549 142.5 34.8591 3.137373 94.0001 34.25835 6.899782 94.0001 34.02165 8.217485 142.5 -34.8591 3.137373 57.39403 18.00293 8.640455 59.53613 22.66736 8.665868 57.76295 -15.67107 7.645236 59.99631 -20.73247 7.01698 88.44602 34.18224 7.276618 76.78211 32.55762 6.097012 65.37832 26.05956 5.138577 58.01882 13.32983 6.920353 57.75193 15.75448 7.675708 58.02541 -13.25542 6.901093 77.04325 -32.32121 2.78685 65.67816 -24.40742 2.816924 94.00008 -34.32917 6.533556 94.00008 -34.61449 5.180427 94.00008 -34.79922 3.117264 94.00008 -34.7979 3.131897 71.04383 30.07499 4.987598 59.97765 20.82581 7.086919 71.3032 -29.14725 1.969637 60.34023 -18.66204 5.659626 58.20109 10.75094 6.367081 58.20446 -10.68807 6.356277 55.68023 -9.43142e-4 8.991712 82.74208 33.92982 4.828662 58.15985 -0.001181542 5.972319 58.35736 5.237076 5.788475 58.35766 -5.203289 5.786822 82.92736 -33.93066 1.326011 65.66543 24.49972 2.929525 60.32765 18.7529 5.71213 60.59664 -16.37844 4.516849 65.86824 -22.5349 0.8280736 88.56652 34.64304 3.974036 77.02775 32.35068 3.026971 85.76394 -34.45863 2.420069 85.61073 -34.24156 5.670869 60.5889 16.46375 4.553944 60.7714 -13.89691 3.597037 77.19548 -31.75641 -0.3300522 71.29047 29.21585 2.152839 71.4461 -27.90854 -0.7651736 94.00008 34.75466 4.136884 94.00008 34.79421 3.469982 91.39256 34.91082 1.974658 65.86112 22.63063 0.9183858 65.97556 -20.39127 -0.9498249 88.57674 -34.67054 3.657275 60.76729 13.97365 3.621244 60.87333 -11.23838 2.898925 60.91443 8.480336 2.418866 60.87166 11.30372 2.913074 60.91473 -8.42887 2.411903 82.91574 33.94387 1.597897 58.35038 -0.001069784 5.690538 83.02943 -33.59179 -1.958186 60.91231 5.533907 2.11977 60.86275 3.30907e-4 1.975035 60.91207 -5.498339 2.117289 65.97261 20.4861 -0.880069 88.66841 -34.78503 0.3134358 66.0093 -17.9877 -2.493235 71.44025 27.99271 -0.6055448 71.49546 -26.30819 -3.350175 77.18758 31.80858 -0.1061547 88.66146 34.78792 0.614607 85.8645 34.38185 -0.6149736 77.25659 -30.83122 -3.441441 66.00923 18.07814 -2.442262 85.87149 -34.36111 -0.8938339 65.98131 -15.33726 -3.781973 91.43624 -34.90058 -1.760336 91.39712 -34.92576 1.650107 65.98292 15.41976 -3.747339 65.9066 -12.46008 -4.803455 94.00008 34.81408 3.134706 94.00004 34.99998 1.05388e-4 142.5 35 1.07968e-6 142.5 -35 1.07968e-6 94.00008 -34.98421 1.051032 83.02404 33.63031 -1.701842 71.49507 26.40312 -3.216012 65.9088 12.53122 -4.782232 65.80312 -9.383385 -5.553293 71.45936 -24.3672 -5.740508 88.72611 -34.57167 -3.066226 65.80512 9.440038 -5.542244 65.69166 -6.141901 -6.03612 77.25541 30.90339 -3.238751 65.69297 6.181407 -6.031885 64.0739 8.37547e-4 -3.543756 60.94807 3.83061e-4 1.848866 91.43341 34.91645 -1.454468 77.22611 -29.53045 -6.475448 94.00004 -34.99998 1.07968e-6 94.00004 -34.81409 -3.134708 94.00004 -34.98048 -0.3289532 85.92401 -33.92837 -4.246767 71.46285 24.46705 -5.631066 71.35109 -22.11682 -7.915343 88.72277 34.60239 -2.783077 91.45672 -34.5392 -5.173164 94.00004 34.98421 -1.051064 142.5 34.8591 -3.137375 94.00004 34.79791 -3.131895 142.5 -34.8591 -3.137375 83.05889 32.96559 -5.030415 80.15082 -31.44886 -6.049702 80.15338 -32.42763 -2.835772 77.23043 29.61872 -6.2978 85.92208 33.97433 -3.986045 77.10932 -27.85346 -9.365771 71.35688 22.2169 -7.82921 88.7431 -34.01822 -6.452962 71.18524 -19.56682 -9.841593 94.00004 34.76797 -3.466243 91.45579 34.58238 -4.888645 94.00004 -34.75466 -4.136886 94.00004 -34.77593 -3.778218 83.05845 -32.9044 -5.267113 85.91554 -33.1454 -7.599006 71.192 19.6632 -9.777288 70.97863 -16.72941 -11.48683 88.74337 34.07353 -6.19075 83.01113 -31.8531 -8.546051 91.45481 -33.83805 -8.556514 94.00004 34.61449 -5.180459 142.5 33.03591 -11.55977 94.00004 33.75907 -9.237162 94.00004 34.25266 -6.896394 94.00004 -34.2074 -7.183443 142.5 -33.03591 -11.55977 77.11763 27.95291 -9.215053 80.07074 30.18577 -8.998624 83.01658 31.93347 -8.332874 76.91751 -25.81732 -12.06569 80.0632 -30.09433 -9.182125 65.59614 2.798359 -6.265452 65.53028 4.42666e-4 -6.292026 65.59567 -2.77802 -6.266119 70.98518 16.81807 -11.44207 70.75064 -13.62513 -12.82452 85.91823 33.21335 -7.359947 88.71524 -33.11754 -9.808812 70.75617 13.70214 -12.79633 70.52317 -10.28338 -13.83527 91.45583 33.90463 -8.295845 94.00004 -34.02165 -8.217483 85.84375 -32.00352 -10.90138 70.52712 10.34509 -13.82013 70.31993 -6.743119 -14.50826 76.92812 25.92225 -11.94147 76.66696 -23.44801 -14.54815 70.32214 6.786364 -14.50223 70.16606 -3.053524 -14.84237 82.88861 -30.43097 -11.73522 88.71878 33.19367 -9.570389 68.8767 -4.66305e-4 -12.60686 70.16677 3.075871 -14.84136 91.42838 -32.7979 -11.87479 79.89651 -28.36475 -12.17116 85.8504 32.08957 -10.68713 88.64112 -31.86785 -13.09045 76.67838 23.55352 -14.44927 76.37475 -20.75592 -16.7744 94.00004 -33.31986 -10.5166 94.00004 33.41196 -10.26276 91.43109 32.88359 -11.64008 82.89794 30.52626 -11.54845 85.71015 -30.50094 -14.10148 94.00004 -33.00438 -11.55014 79.90731 28.46701 -12.0151 82.69702 -28.64084 -14.77851 79.66254 -26.27539 -14.97107 88.64736 31.96057 -12.87816 76.38571 20.85777 -16.69956 91.37673 -31.42377 -15.09056 76.05938 -17.75447 -18.70391 94.00004 32.97946 -11.54066 85.71977 30.60068 -13.91428 88.52214 -30.27283 -16.25306 73.21317 14.18173 -16.65104 76.06892 17.84833 -18.65099 94.00004 32.42996 -13.16425 82.70887 28.74618 -14.61953 94.00004 -32.81127 -12.18278 142.5 29.21006 -19.28139 94.00004 30.75659 -16.67428 94.00004 32.25246 -13.53658 94.00004 -32.12118 -13.74999 142.5 -29.21006 -19.28139 91.38087 31.52407 -14.88332 85.52027 -28.64333 -17.14979 94.00004 -31.14051 -15.97713 79.67499 26.38294 -14.84208 79.37771 -23.84915 -17.55227 82.44763 -26.49672 -17.63228 70.13447 -4.66305e-4 -14.84867 72.93485 -10.64751 -17.81103 73.20643 -14.10217 -16.68235 88.53042 30.37758 -16.06843 91.30088 -29.7249 -18.16641 72.93946 10.71134 -17.79401 72.69812 -6.983925 -18.57208 85.53175 28.75196 -16.99063 88.36267 -28.34165 -19.25411 79.39041 23.95711 -17.4493 72.70066 7.028695 -18.5652 72.52125 -3.163066 -18.95617 79.05875 -21.09757 -19.87521 82.46061 26.60682 -17.50076 85.28407 -26.44438 -20.00578 72.52208 3.186214 -18.955 72.45426 -4.73756e-4 -18.98328 91.30604 29.83519 -17.98741 82.15603 -24.01887 -20.26526 94.00004 -29.19502 -19.27251 94.00004 -30.62141 -16.8564 88.37215 28.45372 -19.09764 91.20334 -27.71458 -21.06685 75.74839 14.54728 -20.26574 94.00004 30.64581 -16.90663 75.44081 -10.92098 -21.52974 75.74092 -14.46564 -20.29969 79.07057 21.20158 -19.79696 78.72335 -18.03545 -21.8981 94.00004 29.16406 -19.25234 85.29619 26.55685 -19.87424 88.17024 -26.08888 -22.05701 82.16886 24.1289 -20.16017 81.83746 -21.22042 -22.63851 85.01495 -23.92251 -22.63763 75.4459 10.98646 -21.51109 75.18152 -7.162448 -22.36859 94.00004 28.92719 -19.62733 91.20906 27.83022 -20.91605 94.00004 -28.83264 -19.80958 94.00004 -29.03279 -19.5473 75.1843 7.20838 -22.36096 74.98637 -3.243454 -22.79899 78.73342 18.13113 -21.84246 78.3904 -14.68579 -23.58139 74.9873 3.267194 -22.79765 72.73472 -4.73756e-4 -19.48321 88.18002 26.20349 -21.92813 91.08818 -25.40958 -23.75999 142.5 23.61347 -25.83416 94.00003 25.81856 -23.63053 94.00003 26.82625 -22.38929 94.00004 28.43166 -20.41178 94.00003 -26.73659 -22.55636 142.5 -23.61347 -25.83416 74.91524 -1.01227e-4 -22.82771 81.84917 21.326 -22.55846 85.02669 24.03415 -22.53263 81.50763 -18.11809 -24.71106 87.95492 -23.53243 -24.63086 84.72565 -21.09303 -25.00839 78.39815 14.76889 -23.54545 78.07956 -11.08092 -24.88912 91.094 25.52607 -23.63653 94.00003 -26.5177 -22.84319 78.0848 11.14748 -24.8692 77.81083 -7.2635 -25.79042 81.5175 18.21487 -24.65394 81.18341 -14.73604 -26.44319 87.96424 23.64509 -24.52835 90.96099 -22.82916 -26.21736 77.81372 7.310118 -25.78216 77.60413 -3.28764 -26.26115 84.73624 21.19948 -24.92843 87.72604 -20.69031 -26.942 84.4291 -17.97497 -27.07987 77.60514 3.311712 -26.25965 75.4149 -1.92702e-5 -23.59411 94.00003 -24.36297 -25.06375 81.19095 14.81981 -26.40609 80.88182 -11.10707 -27.79747 77.51886 1.89346e-4 -26.29799 94.00003 24.47205 -24.93712 90.96647 22.94222 -26.11979 94.00003 -23.63053 -25.81856 87.73435 20.7968 -26.86416 90.82685 -19.9946 -28.40999 84.43791 18.07198 -27.02274 84.1389 -14.59374 -28.8148 80.88691 11.17399 -27.77675 80.61929 -7.27373 -28.74008 94.00003 23.58153 -25.80125 87.4928 -17.58421 -28.95678 80.62211 7.320497 -28.73137 80.41097 -3.28954 -29.24216 94.00003 22.84319 -26.5177 94.00003 -23.61261 -25.83311 94.00003 -21.76514 -27.33295 142.5 16.58541 -30.82084 94.00003 19.5473 -29.03279 94.00003 21.88493 -27.24895 94.00003 -20.41178 -28.43166 142.5 -16.5854 -30.82084 90.83174 20.10023 -28.33636 77.9653 2.3405e-4 -26.87171 80.41201 3.313641 -29.24052 84.14568 14.6773 -28.77758 83.86887 -10.98224 -30.17734 87.49975 17.68049 -28.90126 80.30177 1.66994e-4 -29.3009 90.69075 -16.93044 -30.31036 87.2649 -14.24087 -30.64287 83.87343 11.04871 -30.15641 83.63126 -7.181994 -31.13394 94.00003 16.56814 -30.7916 90.69479 17.02495 -30.25813 94.00003 19.0868 -29.30466 94.00003 -18.96519 -29.34545 94.00003 -16.90663 -30.64581 83.63385 7.228281 -31.12504 83.43611 -3.24427 -31.65457 87.27021 14.32321 -30.60669 87.05187 -10.69286 -31.96927 90.5575 -13.66473 -31.89321 80.47477 1.59544e-4 -29.48075 83.00627 -1.31029e-4 -31.52774 83.43713 3.268058 -31.65281 87.05551 10.75797 -31.94885 86.86198 -6.979578 -32.90654 94.00003 12.91993 -32.48668 90.5606 13.7448 -31.85931 94.00003 15.97713 -31.14051 94.00003 -16.5769 -30.80301 94.00003 -13.16425 -32.42996 94.00003 -15.98627 -31.08458 90.43188 -10.22929 -33.13523 142.5 8.551914 -33.93913 94.00003 12.18278 -32.81127 94.00003 -12.85297 -32.53532 94.00003 -9.580006 -33.64303 142.5 -8.551916 -33.93913 86.86406 7.024701 -32.89776 86.70092 -3.148191 -33.42803 83.3271 -1.60831e-4 -31.71868 85.61717 -3.76898e-4 -33.08171 86.70179 3.171305 -33.4262 90.43402 10.29209 -33.11612 90.31827 -6.660294 -34.0149 94.00003 9.629349 -33.59069 90.31955 6.703529 -34.00661 90.2196 -2.998755 -34.51364 86.61408 -3.69447e-4 -33.47954 94.00003 -9.23716 -33.75907 88.36756 -3.61997e-4 -34.17927 90.22013 3.020796 -34.51182 94.00003 8.546452 -33.92124 94.00003 -8.544734 -33.90508 94.00003 -6.210882 -34.3972 94.00003 8.217487 -34.02165 142.5 3.08158e-6 -35 94.00003 4.136886 -34.75466 94.00003 6.250243 -34.37503 94.00003 -5.180456 -34.61449 90.15907 -1.75732e-4 -34.59384 90.87492 -1.01227e-4 -34.7595 94.00003 2.811435 -34.83325 94.00003 -2.788697 -34.82863 93.99999 -1.051065 -34.98421 93.99999 3.08157e-6 -34.99997</float_array>
          <technique_common>
            <accessor source="#mesh-a8453fdd-184e-43e2-8f3b-85ed5161330d-mesh-positions-array" count="1684" stride="3">
              <param name="X" type="float"/>
              <param name="Y" type="float"/>
              <param name="Z" type="float"/>
            </accessor>
          </technique_common>
        </source>
        <source id="mesh-a8453fdd-184e-43e2-8f3b-85ed5161330d-mesh-normals">
          <float_array id="mesh-a8453fdd-184e-43e2-8f3b-85ed5161330d-mesh-normals-array" count="5013">0.1743564 -0.001262843 0.9846819 0.1788226 0.04454982 0.9828723 0.1723051 0.01964038 0.9848479 0.1741715 -0.00320363 0.9847102 0.1627388 0.03686714 0.9859802 0.179883 -0.04746818 0.982542 0.1710569 -0.03010153 0.9848012 0.1639295 -0.05267852 0.9850646 0.1723528 0.06861585 0.9826425 0.1815198 -0.06367176 0.9813239 0.184979 0.1248032 0.9747857 0.1685702 0.08979225 0.9815913 0.1806852 -0.08123254 0.9801807 0.1868463 -0.1264055 0.9742229 0.1639215 -0.1131735 0.97996 0.1685712 0.08978813 0.9815916 0.1731818 0.1340209 0.9757287 0.182017 0.1657389 0.9692268 0.1920832 -0.1382662 0.9715898 0.1921014 -0.2532083 0.948147 0.2001639 -0.1569024 0.9671174 0.2108056 -0.2338858 0.9491356 0.1916479 0.2470425 0.9498638 0.1797409 0.2090308 0.9612488 0.180785 -0.001240611 0.9835219 0.1857371 0.04482901 0.9815763 0.1882585 0.07106512 0.9795451 0.188058 0.07123017 0.9795717 0.1834208 -0.006803035 0.983011 0.2037513 -0.1087642 0.9729624 0.1935116 -0.07608407 0.9781434 0.1905082 -0.03206759 0.9811618 0.187925 -0.03402656 0.9815938 0.1746402 0.240882 0.9547129 0.1979131 0.2674916 0.9430157 0.20591 -0.3897718 0.8975962 0.2321815 -0.2539246 0.9389432 0.2078256 -0.2896839 0.9342868 0.2010093 -0.3340588 0.9208691 0.2071628 0.384609 0.899533 0.2060284 0.3033478 0.9303399 0.2006371 0.1543667 0.9674274 0.2023146 0.1530733 0.9672835 0.1953361 0.1134268 0.9741551 0.2020536 -0.2047856 0.9577251 0.2032537 -0.1580191 0.9662908 0.1962407 0.3339067 0.9219522 0.1968764 -0.3593738 0.9121899 0.2110153 -0.3758337 0.9023422 0.1962398 0.3339066 0.9219526 0.2085882 0.3942162 0.8950334 0.2196905 -0.5035207 0.8355855 0.2162887 -0.4142383 0.8840961 0.2038925 0.2003176 0.9582801 0.2102144 0.2520293 0.9446116 0.2133359 0.3077372 0.9272462 0.2109135 -0.2640159 0.9411755 0.2130557 -0.3174622 0.9240265 0.214334 -0.3166118 0.9240227 0.2201196 0.4975651 0.839033 0.2135985 0.4121422 0.8857283 0.2149849 -0.431851 0.8759487 0.2135978 0.4121297 0.8857342 0.2314387 -0.4524513 0.861234 0.2336485 0.4345105 0.8698328 0.235346 -0.6022369 0.7628389 0.2385042 -0.4479541 0.8616571 0.2363494 -0.4472272 0.8626278 0.2402246 -0.493623 0.83584 0.2270971 -0.4624389 0.8570749 0.2383098 0.5958424 0.7669292 0.2461594 0.4466127 0.8601992 0.2346712 0.4878087 0.8408164 0.254408 0.4532153 0.8543259 0.2181341 0.4594517 0.8610005 0.1856184 -0.002293884 0.9826192 0.1851684 0.1077346 0.9767835 0.1840723 -0.1225568 0.9752422 0.2031101 -0.2394441 0.9494277 0.2387171 -0.5054081 0.8292025 0.2457981 0.509864 0.8243919 0.1972516 0.2305166 0.9528661 0.2661494 -0.5703459 0.7770907 0.2524605 -0.518004 0.8172733 0.261682 0.5740453 0.7758832 0.2510698 0.5134071 0.8205956 0.2263434 0.3674353 0.9020864 0.2303372 0.4141691 0.8805729 0.2178988 0.4784247 0.8506644 0.2177591 0.3645462 0.9053658 0.2588228 -0.693731 0.672122 0.2223593 -0.4375869 0.8712486 0.2158522 -0.3747701 0.9016404 0.2171848 -0.3939222 0.8931161 0.2216089 -0.5260488 0.8210738 0.2517409 -0.5224631 0.8146527 0.2715886 -0.5454498 0.7929214 0.2734442 0.5446397 0.7928405 0.2695776 0.5846166 0.7652133 0.2676823 0.538482 0.7989891 0.2997735 0.6408344 0.7067299 0.2630844 -0.5373399 0.8012819 0.2782961 -0.5894677 0.7583398 0.3002874 -0.6522565 0.6959806 0.2548133 0.5388887 0.802913 0.2555111 -0.5443866 0.7989727 0.002224922 -0.6260635 0.779769 0.04444408 -0.582606 0.8115386 0.006903231 -0.6161811 0.7875744 -0.05157792 -0.4359965 0.8984692 -0.05337864 -0.550872 0.8328811 -0.05111116 -0.495329 0.8672006 -0.09545576 -0.575806 0.811995 -0.05110937 -0.4953237 0.8672037 -0.58213 0.08762383 0.8083605 -0.6058609 -0.001588761 0.7955691 -0.6063458 -0.005470931 0.7951824 -0.463555 -0.02548158 0.8857018 -0.5598629 -0.03577727 0.8278126 -0.4964493 -0.0589295 0.8660632 -0.6564099 0.1017007 0.747518 -0.573903 0.1334114 0.8079832 -0.5835135 -0.10052 0.8058584 -0.5229024 -0.04824173 0.8510264 -0.5386276 -0.1187941 0.8341273 -0.4356105 -0.1141689 0.8928657 -0.5604491 0.1779024 0.8088557 -0.634771 0.2014958 0.745966 -0.5372722 -0.1460542 0.8306664 -0.4254594 -0.1232101 0.896551 -0.5457794 0.2220103 0.8079829 -0.4929414 -0.1522107 0.8566451 -0.5254931 0.2638314 0.8088572 -0.5951805 0.2988194 0.7459673 -0.5536029 -0.2137418 0.8048841 -0.5063408 -0.2234296 0.8328855 -0.4041395 -0.1952221 0.8936217 -0.5040708 0.3050827 0.8079835 -0.4967871 -0.2495914 0.8312081 -0.3888521 -0.2025068 0.8987687 -0.456434 -0.2489155 0.8542301 -0.4774608 0.3431938 0.8088567 -0.5407784 0.3887065 0.7459664 -0.4999542 -0.3220287 0.8039549 -0.450382 -0.3146396 0.8355586 -0.3936216 -0.2920394 0.8716507 -0.4498167 0.3805632 0.8079831 -0.4337741 -0.3487358 0.8307968 -0.336982 -0.2741671 0.9007084 -0.4003411 -0.3399214 0.850988 -0.4175413 0.4140149 0.8088579 -0.4729152 0.4689195 0.7459664 -0.4233005 -0.4200016 0.8027549 -0.3809722 -0.3888862 0.8388253 -0.3843671 0.4465707 0.8079831 -0.393282 0.5374604 0.7459663 -0.3046345 -0.350614 0.8855889 -0.3472344 0.4745301 0.8088569 -0.3629739 -0.4338306 0.824646 -0.2946383 -0.3519747 0.8884268 -0.3093506 0.5014627 0.8079836 -0.3038598 0.5926235 0.745967 -0.3131338 -0.4441587 0.8394464 -0.3093774 -0.4912908 0.8141985 -0.2357755 -0.4285808 0.8721975 -0.2152079 -0.3798186 0.8996797 -0.2682811 0.5232337 0.8088582 -0.2619959 -0.4883949 0.8323633 -0.2086772 -0.3793274 0.9014237 -0.2266343 0.5438738 0.8079841 -0.2107543 -0.4941524 0.843443 -0.2082326 -0.5497997 0.8089249 -0.1505413 -0.4840916 0.8619703 -0.1470787 -0.4414836 0.8851329 -0.1826543 0.5589159 0.8088576 -0.2068749 0.6330371 0.7459671 -0.1382699 0.5727512 0.8079836 -0.1604849 -0.5394867 0.8265584 -0.133457 -0.4291597 0.8933147 -0.1117845 -0.5265721 0.8427492 -0.08859586 0.5838869 0.8069865 -0.1044595 0.6550495 0.7483304 -0.001639187 0.6109434 0.7916727 -0.01095765 0.6053347 0.7958957 0.03094267 0.5693252 0.8215299 0.2548299 0.538886 0.8029095 0.06933861 -0.6362206 0.7683849 0.0908702 -0.5603699 0.8232426 0.09903204 0.5775663 0.8103148 0.06415814 0.6287367 0.7749671 0.1157557 0.5739047 0.8106997 0.1491479 0.6320112 0.7604714 0.1232692 0.5540297 0.8233201 0.134562 -0.5681067 0.8118793 0.15288 -0.6372621 0.7553309 0.1659985 -0.5671648 0.8067023 0.1662648 -0.5671427 0.8066631 0.2479165 0.5705269 0.7829665 0.1777529 0.5833786 0.7925109 0.250014 -0.5494269 0.7972598 0.2486392 -0.6262954 0.7388725 0.2451304 0.6388629 0.7292224 0.1975922 0.5843133 0.7871057 0.2004226 -0.5860905 0.7850662 0.2202108 0.5766757 0.7867353 0.2506963 -0.6436663 0.7230803 0.2236351 -0.5702496 0.7904446 0.2461466 0.5782651 0.7778313 0.2581977 0.5772223 0.7746925 0.2497795 -0.5803428 0.7751211 0.3093768 -0.6814065 0.6633033 0.2482564 -0.6367812 0.7299853 0.2420082 0.5689705 0.7859419 0.3005311 0.678349 0.6704654 -0.73707 -0.05126535 0.6738693 -0.7227925 -0.1283673 0.6790382 -0.7071912 -0.1971033 0.6789926 -0.6844085 -0.265724 0.678952 -0.6542883 -0.3331312 0.6789186 -0.6168977 -0.3981713 0.6788939 -0.5725408 -0.4596951 0.6788796 -0.5217676 -0.5166127 0.6788741 -0.4653421 -0.567963 0.6788775 -0.4042121 -0.6129583 0.6788923 -0.3394578 -0.6510317 0.6789155 -0.2722262 -0.6818522 0.6789481 -0.2036747 -0.7053341 0.6789849 -0.1349032 -0.7216057 0.6790334 -0.003817915 -0.7566511 0.6538079 -0.00658524 -0.6300272 0.7765452 -0.06203639 -0.735597 0.6745729 -0.6061999 -0.02197968 0.7950086 0.2108076 -0.3660911 0.906387 0.2181791 0.5380517 0.8141857 0.2195339 0.4791975 0.8498086 0.2031332 0.360742 0.9102759 0.2251652 -0.6286076 0.7444147 0.2040758 0.4561058 0.8662106 0.2243652 -0.4389212 0.8700624 0.2288094 -0.4361321 0.8703076 0.2536023 0.6985042 0.669162 0.2691391 0.7820449 0.562112 0.3064004 0.6926677 0.6529397 0.2919678 -0.7313727 0.6163188 -0.01389682 0.6108901 0.7915936 -0.01089173 0.717601 0.6963694 0.08682292 0.7933212 0.6025807 0.08134359 -0.7997205 0.5948364 0.1720508 0.7838327 0.5966614 0.1773179 -0.7847615 0.5938922 0.2734482 -0.7846432 0.5563822 0.3370479 -0.7414572 0.5802069 0.1684176 0.002416372 0.9857128 0.2047758 -0.4690984 0.8590773 -0.7034812 -0.002361297 0.71071 -0.7761022 0.110711 0.6208128 -0.7435701 0.2360318 0.6256137 -0.6971984 0.3500398 0.6256089 -0.633473 0.4553344 0.6256058 -0.5539703 0.5492885 0.6256189 -0.4606919 0.6295801 0.6256133 -0.3559416 0.6942012 0.6256119 -0.2423339 0.7415416 0.625612 -0.1174458 0.7748366 0.621156 0.210753 0.5052434 0.8368468 0.1532447 0.1343526 0.9790125 0.1597708 -0.2835243 0.9455619 0.1534184 -0.1465518 0.9772336 0.1518073 -0.004002153 0.9884021 0.2081815 -0.5199769 0.828423 0.2687874 0.7847229 0.5585369 0.3421201 -0.8016391 0.4902331 -0.8063169 0.02134305 0.5910987 0.2196428 -0.491987 0.8424404 0.217667 -0.5544433 0.8032521 0.2157442 -0.5557388 0.8028753 -0.02023166 0.8112325 0.5843739 0.213048 0.6007528 0.7705237 0.2312004 0.6567827 0.7177625 0.2252612 -0.7282665 0.6472135 -0.008711159 -0.8565729 0.5159525 0.3370537 0.7399458 0.5821297 0.3252052 -0.8087891 0.490002 0.167468 0.2696507 0.9482843 0.1354032 -0.02858662 0.9903781 0.1098719 0.08085596 0.9906516 -0.8465108 -0.06016707 0.5289609 -0.8399509 -0.1491732 0.5217565 -0.8217919 -0.2290427 0.5217255 -0.7952935 -0.3087748 0.5216958 -0.7602728 -0.3870909 0.5216764 -0.7168127 -0.4626605 0.5216559 -0.6652642 -0.5341417 0.5216477 -0.606265 -0.6002756 0.5216436 -0.5407026 -0.6599432 0.5216473 -0.4696788 -0.7122331 0.5216568 -0.3944434 -0.7564879 0.5216711 -0.316329 -0.792319 0.5216959 -0.236678 -0.8196277 0.521722 -0.1567683 -0.8385676 0.521755 0.001527369 -0.8532398 0.5215167 -0.05608206 -0.8532019 0.518557 0.1717346 -0.4274135 0.8875951 -0.8065109 0.02199828 0.5908098 0.3399746 0.8018796 0.4913313 0.364362 -0.8380902 0.4060112 0.1988456 -0.6094491 0.7674845 -0.01463222 0.9151385 0.4028739 -0.02043688 0.8113099 0.5842591 -0.02023231 0.8112384 0.5843654 0.0770694 0.9375441 0.339222 0.1127321 0.1533981 0.9817131 0.01300078 -0.8617535 0.5071606 0.07055997 -0.9184295 0.3892412 0.1210389 -0.2402252 0.9631415 0.1167218 -0.1668876 0.9790427 0.112316 -0.08809328 0.98976 0.108341 -0.004545092 0.9941035 0.1848905 0.9167843 0.3540088 0.1882561 -0.9167885 0.3522194 0.2873815 -0.9032269 0.3187369 0.2143335 0.6017797 0.769365 0.2087594 0.658322 0.7232093 0.2289639 0.7251767 0.6493799 0.1974521 0.59991 0.7753198 0.2103685 -0.6113542 0.7628834 0.2002301 -0.6722288 0.7127528 0.2042694 -0.6701368 0.7135761 -0.8511905 0.1248492 0.5097916 -0.8233978 0.2613701 0.5036883 -0.7720472 0.3876206 0.5036801 -0.7014787 0.5042177 0.5036787 -0.6134441 0.6082601 0.5036924 -0.5101495 0.697171 0.5036865 -0.3941535 0.7687293 0.5036847 -0.2683482 0.821152 0.5036853 -0.1314985 0.8506554 0.5090124 -0.806388 0.02227431 0.5909672 -0.9473824 0.1406229 0.287562 -0.9150875 0.01900619 0.4028071 -0.8063935 0.02227324 0.5909599 -0.9111796 0.2892361 0.293418 -0.8543514 0.4289416 0.2934162 -0.7762583 0.5579686 0.2934181 -0.6788458 0.6731086 0.2934165 -0.5645354 0.7714962 0.2934167 -0.4361748 0.850681 0.2934168 -0.2969585 0.9086928 0.2934162 -0.1514214 0.9445764 0.2912851 0.092242 -0.01650309 0.9955999 0.06167405 0.08654689 0.994337 0.2737173 -0.7892778 0.5496541 0.2195826 -0.8196722 0.5290756 0.2844454 0.9043064 0.3183095 0.06367099 -0.1796831 0.9816619 0.06351077 -0.09483414 0.9934651 0.3521384 -0.898272 0.2628805 -0.9325134 -0.07150357 0.3539858 -0.9183593 -0.1630973 0.3605769 -0.8984953 -0.2504212 0.360549 -0.8695131 -0.3375896 0.3605277 -0.8312175 -0.4232125 0.3605117 -0.7836956 -0.5058299 0.3604959 -0.7273353 -0.583979 0.3604887 -0.6628302 -0.6562822 0.3604857 -0.591151 -0.7215184 0.3604881 -0.5135023 -0.7786897 0.3604968 -0.4312495 -0.8270793 0.3605048 -0.3458493 -0.8662603 0.3605294 -0.2587664 -0.8961272 0.3605498 -0.171401 -0.9168453 0.3605782 -0.06902474 -0.9287176 0.3643066 0.01227736 -0.8565468 0.5159233 0.3287925 0.8062795 0.4917408 0.2785949 -0.8665555 0.4140852 0.1145926 0.2256446 0.9674467 0.06559902 0.1650719 0.9840975 0.05149602 -0.006015419 0.9986552 0.1204975 0.3073354 0.9439414 0.1749979 0.418289 0.8912969 0.06189632 -0.2699136 0.9608931 0.1760295 0.6902854 0.7017975 0.04276496 -0.06258487 0.9971231 0.01595747 0.04812741 0.9987138 0.3647379 0.8377907 0.406292 0.1753512 -0.7010266 0.6912407 0.1986927 0.5358635 0.8205922 0.1315825 -0.3925701 0.9102608 0.1268037 -0.3200492 0.9388766 0.3415162 -0.8857312 0.3143993 0.01864832 0.09148782 0.9956316 0.02266347 -0.05634868 0.9981539 0.01849263 -0.1188873 0.9927356 0.01827204 -0.174129 0.9845533 0.1788318 -0.6324775 0.753652 0.1959263 -0.5499527 0.8118899 0.00880891 -0.02392596 0.9996749 0.004992723 0.1268737 0.9919064 0.01624333 0.1456775 0.9891989 0.005143702 0.1220139 0.9925152 3.46118e-5 -0.1166066 0.9931783 -1.31433e-6 -0.1231065 0.9923935 0.005188763 -0.3358748 0.9418924 0.06853467 0.2546491 0.9646019 -0.02298665 0.9777272 0.208617 -0.9778853 0.01683914 0.2084635 0.06545317 -0.3557142 0.9323001 0.01816225 0.2066145 0.9782539 0.01880097 0.2062916 0.97831 0.1958205 0.7209435 0.6647517 0.1887373 0.7252222 0.6621413 0.2270612 0.8172121 0.5297242 0.192548 -0.7314508 0.6541445 0.1987501 -0.6716926 0.7136719 0.18111 -0.7859911 0.5911152 0.352559 0.8993785 0.2584964 0.02036982 -0.2344526 0.9719141 0.3707056 -0.9141867 0.16383 -0.9774762 0.0285564 0.2091047 -0.9842035 -0.07497173 0.1603834 -0.9715111 -0.183802 0.1496097 -0.9585725 -0.257223 0.1223738 -0.9150634 -0.3653668 0.1707808 -0.8864427 -0.4471924 0.1193245 -0.8252554 -0.535419 0.1796664 -0.7683202 -0.6302867 0.111458 -0.7094889 -0.6835941 0.1712446 -0.6204158 -0.7760661 0.1131625 -0.5565618 -0.81387 0.1668972 -0.4473477 -0.8867693 0.1162779 -0.3838635 -0.9098469 0.1575679 -0.2608193 -0.9573917 0.1239934 -0.1848954 -0.9745501 0.1267518 -0.003684341 -0.9875479 0.1572757 -0.007710695 -0.9875223 0.1572911 0.001478791 -0.9420314 0.3355217 -0.07109707 -0.9844958 0.160354 0.167104 0.5549811 0.8149064 0.2864255 0.8632555 0.4156327 0.2102019 -0.8994704 0.3831034 0.124248 0.3805941 0.9163573 0.07158255 0.3372494 0.93869 0.1646018 -0.5689775 0.8057115 0.01737427 0.2646485 0.9641885 0.01695638 0.3205354 0.9470847 0.02284914 0.3201995 0.9470745 -0.018417 0.9787037 0.2044502 -0.03829503 0.9816855 0.18662 -0.02298218 0.9848726 0.1717493 0.02132409 -0.291875 0.9562188 0.08640509 -0.9946912 0.05588996 0.1804825 -0.9733666 0.1413632 0.1353877 -0.9643693 0.2272929 0.1351837 -0.9816399 0.1345677 0.004914581 0.3583619 0.9335699 0.005084693 0.4737808 0.8806282 0.02072429 -0.3484721 0.93709 0.005095183 -0.4739026 0.8805626 0.02132415 -0.2918806 0.9562171 0.180598 0.9731261 0.1428638 0.2904503 -0.950899 0.1069108 0.06810051 -0.4370318 0.8968644 -0.9860851 0.1470253 0.07758682 -0.9713618 0.2258054 0.07394725 -0.893595 0.4434629 0.06949007 -0.9498208 0.3048161 0.07019788 -0.8092411 0.5827636 0.07426631 -0.852924 0.5162224 0.07768666 -0.7612688 0.6440669 0.07515037 -0.5904947 0.803704 0.0733202 -0.7073889 0.7030156 0.0732814 -0.4545956 0.8875827 0.07443058 -0.5234531 0.8485323 0.07739442 -0.3835254 0.9203876 0.07612532 -0.1591212 0.984576 0.07273769 -0.3078843 0.9486373 0.07276374 -0.01497805 0.9947452 0.1012806 -0.07777768 0.9940735 0.07595038 -0.9916113 0.07303935 0.1066416 -0.9770758 0.04404819 0.2082852 0.0855053 0.9954804 0.0413239 0.1802679 0.6219315 0.7620399 0.1479845 0.7750928 0.6142735 0.3450918 0.8843639 0.3143441 0.2782191 -0.9304091 0.2386068 0.1537119 -0.7154398 0.681556 0.1260682 0.4631708 0.877257 0.2874762 0.9520232 0.1049262 0.1339223 -0.4738244 0.8703765 0.1335917 -0.5448908 0.8277966 0.3460597 -0.9368562 0.05043095 0.3679579 0.9166815 0.1558913 0.3393556 -0.9370824 0.08194166 0.02436822 0.3740537 0.9270869 0.07224434 0.4242552 0.9026563 0.1912272 0.7327767 0.6530471 -0.9955887 0.01783287 0.09211522 -0.9965345 -0.07992488 0.02304643 -0.971046 -0.2388595 -0.003964304 -0.9887129 -0.1345282 0.06594771 -0.9696114 -0.2428748 -0.02942252 -0.9362232 -0.3500389 0.03096723 -0.898813 -0.4380299 0.01628559 -0.8949229 -0.4449756 -0.03331261 -0.8367199 -0.5465598 0.03423935 -0.7851897 -0.6184535 0.03150576 -0.7726552 -0.63429 -0.02607744 -0.7125983 -0.7007563 0.0338276 -0.7786433 -0.6263538 0.03735953 -0.620009 -0.784137 -0.02680218 -0.6265591 -0.7789289 0.02633547 -0.5431603 -0.8390281 0.03176039 -0.439576 -0.8978087 -0.02669399 -0.4451914 -0.8953631 0.01138079 -0.347872 -0.9370369 0.0307731 -0.2404816 -0.9703656 -0.02364712 -0.2229362 -0.9748009 0.007917642 -0.1802817 -0.9783235 0.1018915 -0.05829578 -0.9979771 0.02536153 -0.01271647 -0.9967923 0.07901638 0.1407197 -0.7866179 0.6011909 0.1483129 -0.7961993 0.5865748 0.1796225 -0.7888849 0.5877044 0.1240739 0.8350891 0.5359402 0.2852923 0.7385399 0.6108742 0.139644 0.8321737 0.536644 0.1327361 0.8354404 0.5333109 0.2182187 0.8962038 0.3862636 0.01911383 -0.4571072 0.8892063 0.02092117 -0.4029031 0.9150036 0.1699671 -0.8380732 0.5184058 0.1884206 -0.7868147 0.5877249 0.1383106 -0.8415985 0.5220941 0.06737416 -0.5175693 0.8529847 0.09582555 -0.8718053 0.4803882 0.152336 -0.6568227 0.738497 0.1270306 0.9916478 0.02231788 0.1268464 0.9916642 0.02262854 0.1274911 0.9915154 0.02536314 0.1327732 -0.9908626 0.02372294 0.1341891 -0.9906093 0.02620494 0.1760855 0.9839055 0.03039777 0.2430017 0.969861 0.0178886 0.2301243 0.972654 0.03141802 0.2196103 0.9749569 0.03507858 0.1335378 -0.9908202 0.02104806 0.1867712 -0.981832 0.03350287 0.2263019 -0.9731808 0.04131138 0.2300379 -0.97179 0.05202794 0.02399969 0.4302135 0.9024082 0.1561453 0.7057538 0.6910356 0.2860202 0.9280549 0.2385509 0.3526218 0.9346908 0.04484343 0.1968168 -0.9570225 0.2130053 0.1191021 -0.7927708 0.5977703 0.01913255 0.4329537 0.9012132 0.07555764 0.5057905 0.8593411 0.2964132 0.9548934 -0.01782834 0.2932639 0.9559445 -0.01289784 0.3155531 0.9489074 -9.96948e-4 0.2981113 -0.9544567 -0.0119248 0.3040227 -0.9526475 -0.005752742 0.2549239 -0.9666261 0.02545732 0.1255908 0.5350586 0.8354277 0.02052402 -0.5061554 0.8621981 0.01689553 -0.5082728 0.8610305 0.3385029 0.9380382 0.07416319 0.2594899 -0.9655259 0.02061516 0.06608831 -0.5949281 0.8010575 -0.9999011 -0.01367157 0.00329858 -0.9944638 0.1050471 -0.002656638 -0.9968554 -0.07924228 1.48302e-7 -0.9528943 0.3032347 -0.00642693 -0.9700313 -0.2429803 1.35369e-7 -0.9381914 -0.3461171 -2.04386e-7 -0.8345397 0.5508009 -0.01273095 -0.9135451 0.4067361 -0.001123964 -0.8422173 -0.5391383 -1.78224e-7 -0.7209282 0.6929162 -0.01138657 -0.779201 -0.6267741 -1.25644e-7 -0.6267744 -0.7792009 0 -0.5391389 -0.8422169 0 -0.5456869 0.837899 -0.01230126 -0.346117 -0.9381914 -1.63946e-7 -0.336836 0.9414983 -0.0110659 -0.1625288 -0.9867038 -1.78947e-7 -0.1295283 0.9913709 -0.02015858 -0.08098059 -0.9967157 0 -0.05457317 -0.9984875 0.006680011 -0.01556217 0.9998773 0.001781344 -0.01438635 -0.9998963 7.4817e-4 -0.005032062 -0.999963 0.006981968 0.08099842 0.9967141 7.4515e-4 0.1460582 0.8754422 0.4607255 0.08502638 -0.9963692 0.004371285 0.1519127 0.647704 0.7465936 0.159455 0.9872028 0.002171993 0.09310859 -0.9122274 0.3989639 0.1358552 -0.8919385 0.4312647 0.15169 -0.9879891 0.02946144 0.1804537 -0.9835799 0.002668738 0.08688431 0.915185 0.3935576 0.09906303 0.8679274 0.486712 0.1817936 -0.9833225 0.005305767 0.2324423 -0.9726074 0.002360999 0.1764431 0.9842952 0.005567312 0.2421526 0.9702075 0.007726132 0.1296531 -0.7311637 0.6697685 0.3024417 0.9531452 -0.006585061 0.1196973 0.9212272 0.3701525 0.1973022 0.9561613 0.2163968 0.1227034 0.9179177 0.3773208 0.1245797 -0.896548 0.4250667 0.01900368 0.4804648 0.8768081 0.004945397 0.6748054 0.7379792 0.02138864 0.5828098 0.8123271 0.02270978 0.5348239 0.8446584 0.02463567 -0.5585054 0.8291351 0.004939258 -0.6747093 0.7380671 0.3487941 0.9371756 -0.006691157 0.3452785 0.9361088 -0.06695729 0.3569648 0.93397 -0.01661741 0.3507714 0.9342281 -0.06463325 0.3537621 0.9345209 -0.03902626 0.349989 0.9334214 -0.07894462 0.354525 -0.934 -0.04422599 0.3198473 -0.9471668 0.0239374 0.3420845 -0.9387523 -0.04150116 0.3495225 -0.9367495 -0.01828855 0.3477674 -0.9356769 -0.05972135 0.2974795 -0.9546611 -0.01132684 0.354709 -0.9329172 -0.06202453 0.3438017 -0.9364423 -0.06983137 0.1245784 0.6102798 0.7823292 0.352321 0.9357182 -0.01735764 0.1169389 -0.6892688 0.7150062 0.1282246 -0.6210106 0.7732428 0.1224275 0.784472 0.60796 0.07708954 0.5827558 0.8089827 0.365781 0.9306997 -0.001605153 0.07520025 -0.8603321 0.5041565 0.3532596 -0.935326 -0.01931202 0.2605005 0.965387 0.01294487 0.1604643 -0.9869005 0.01669514 0.3481408 -0.9372413 -0.01940912 0.0639792 -0.6667637 0.7425179 0.3678662 0.9265538 -0.07856637 0.25612 0.9666246 0.006281912 0.1995173 0.9798756 0.006055712 0.2565726 -0.9665201 0.003065109 0.1978341 -0.9802159 0.006213009 0.05709159 0.9558449 0.2882727 0.1123042 0.9473869 0.2997431 0.3634693 -0.928236 -0.07917213 0.3849586 0.9225061 -0.02809917 0.3840837 -0.922852 -0.02870607 0.1051806 -0.9320014 0.3468579 0.1296253 0.7230294 0.6785469 0.343652 0.9338155 -0.09945744 0.3376833 0.9295895 -0.1477615 0.2263276 0.9541797 -0.1957472 0.2726872 0.9457949 -0.176391 0.3235471 0.9399694 -0.1085123 0.09828817 -0.8003413 0.5914333 0.3419313 -0.9300852 -0.1342558 0.3423157 -0.9339754 -0.1025183 0.320374 -0.9404966 -0.1132554 0.2647925 -0.9465571 -0.1841598 0.3883309 0.9124215 -0.1291753 0.02626407 -0.6064385 0.7946966 0.03237885 -0.9705481 0.2387216 -0.006088733 -0.9605956 0.2778837 0.1146763 0.6809514 0.7232943 0.07986783 -0.9656183 0.2473911 0.1448226 -0.9797071 0.1385659 0.08160787 0.976388 0.200017 0.1568589 0.987512 0.01467764 0.09432327 -0.9941546 0.05253416 0.1009941 -0.7557394 0.6470381 0.02141535 0.6301373 0.7761884 0.07531034 0.6541178 0.7526343 0.02334815 0.629558 0.7766026 0.3763782 -0.9162468 -0.1372271 0.3823481 0.9004332 -0.2074366 0.06642401 0.8593215 0.5071039 -2.16559e-4 0.9573097 0.2890642 0.02369576 -0.6526843 0.7572593 0.06027603 -0.7331948 0.6773421 0.06655156 -0.9693144 0.2366443 0.01799201 -0.9157433 0.4013609 0.01999193 0.9851692 0.1704179 0.1128867 0.9750704 0.191035 0.05963331 -0.9872449 0.1476193 0.1516472 0.9674484 -0.2026001 0.1904543 0.9622191 -0.1945807 0.1953613 0.9594153 -0.2033627 0.2321453 -0.9499621 -0.2089988 0.1732702 -0.9557102 -0.2378982 0.1816566 -0.9624927 -0.2015163 0.09858667 0.7934643 0.600579 0.4336588 0.8973361 -0.0820257 0.418963 0.9067431 -0.04782211 0.4350115 -0.8967059 -0.08175384 0.4187396 -0.9068508 -0.04773813 0.3132067 -0.9024717 -0.2957134 0.2569501 -0.9227929 -0.287106 0.3526242 0.8730232 -0.3368781 0.2497883 0.9214421 -0.2975742 0.05854618 -0.8611783 0.5049201 -0.008986115 0.9899633 0.1410389 0.351031 0.9363558 0.003879964 0.304535 0.9524685 0.007895648 0.2804778 0.9598164 0.009209513 0.2946673 -0.9555994 9.66645e-4 0.3322182 -0.9432012 0.001601576 0.0984134 0.748601 0.6556763 0.07432895 -0.9957553 0.05428326 0.03792083 -0.9972386 0.06385463 -0.08816289 -0.9960969 0.00428003 -0.1367011 -0.9889972 0.05654519 0.2051746 0.9150412 -0.3472794 0.07831466 -0.8169462 0.5713719 0.01967734 0.6770116 0.7357094 0.02087473 0.7155383 0.6982616 0.07178169 0.724506 0.6855207 0.1093934 0.9767616 -0.1843093 0.1072459 0.9791683 -0.1724172 0.0771479 0.9939029 -0.07877397 0.07582616 0.9854226 -0.1522917 0.111425 0.9820232 -0.1523646 0.1490356 -0.9666134 -0.2084394 0.1022014 -0.9802836 -0.1691125 0.1053912 -0.9774303 -0.183092 0.1049281 -0.9821822 -0.1559114 0.05996638 -0.9860562 -0.1552334 0.02265131 -0.6962116 0.7174792 -0.07630079 0.9969938 -0.01346999 -0.05816256 0.9981222 0.01921594 0.3627408 0.9120891 0.1910827 0.1866219 0.9720651 0.142344 0.05454486 -0.7938513 0.6056609 0.02066147 -0.7389612 0.6734311 0.02265083 -0.6962135 0.7174773 0.02086871 0.9986096 -0.0484088 0.02598381 0.9994969 -0.01819145 -0.02793598 0.9994408 0.01838201 -0.03507483 0.9992761 0.01474177 0.01047718 0.9933193 -0.1149212 0.05244588 -0.9873663 -0.1495239 0.03700387 -0.999021 -0.02424448 0.02116888 -0.9994779 -0.0244137 0.2099192 0.8663131 -0.4532502 0.2109331 -0.8654357 -0.4544539 0.08987551 -0.8501238 -0.5188565 0.0993117 0.9274629 -0.3604856 0.0824548 0.8616944 -0.5006836 0.09993153 -0.9274145 -0.3604387 -0.004937827 0.9994667 -0.03227925 0.04619252 0.9989259 -0.003684699 0.03388643 -0.9994254 7.9577e-4 0.004916489 0.8344664 0.5510371 0.009967446 0.7939933 0.6078448 0.01725459 0.7621348 0.6471885 0.004620552 -0.8346501 0.5507613 -0.0383557 -0.9992472 0.00582987 -0.01505506 -0.9984027 0.05445522 -0.1095531 -0.9106549 -0.398379 0.4731843 0.8722018 -0.1239389 0.4738897 0.8627386 -0.1763828 0.4712227 -0.8730164 -0.125665 0.4752022 -0.861828 -0.1773005 0.3807259 -0.892135 -0.2431934 0.05903506 0.8556526 0.5141726 0.0212922 0.908517 0.4173052 0.01109814 -0.9111675 0.411887 -0.05901038 0.8568894 -0.5121117 -0.03892725 0.9378605 -0.3448225 -0.03724324 -0.9373773 -0.3463192 -0.05840981 -0.857097 -0.5118331 0.07538455 0.8110419 0.5801106 -0.01640993 0.9983976 -0.05415749 0.3760551 0.9265956 0.001853287 0.3768561 0.9262685 -0.002476155 0.372502 -0.9280298 -0.001721501 0.04904156 -0.8709294 0.488955 -0.008945703 -0.9999192 -0.00903213 0.07084155 0.7808094 0.6207401 -0.09831929 0.9817109 -0.1630247 0.003017008 0.8321024 0.5546138 -0.004794538 0.969573 -0.2447554 -0.02596926 -0.9929493 -0.1156603 -0.116701 -0.980164 -0.1601861 -0.008548378 -0.8705484 -0.4920087 -0.1052798 -0.6759559 -0.7293832 -0.1052681 -0.6759672 -0.7293744 -0.09607768 0.9649433 -0.2442409 0.3291584 -0.8588869 -0.3923879 -0.05901229 0.9818967 -0.17999 -0.08945214 0.9642223 -0.2495471 -0.07808399 -0.9784632 -0.1910828 0.04415446 -0.8460346 0.5312965 -0.1162298 -0.936299 -0.3314135 -0.1651338 -0.9082905 -0.3843688 -0.1680639 -0.9128212 -0.3721722 0.01426041 -0.8136421 0.5811911 0.01898187 -0.7762267 0.630168 -0.1368739 0.9887144 0.06090474 -0.04926848 0.9584023 0.2811363 0.5024273 0.8201972 -0.2735751 0.5098464 -0.8177857 -0.2669895 0.4334787 -0.8035373 -0.4079511 -0.1516556 -0.9804534 0.1253466 -0.05008411 -0.9594888 0.2772598 0.4503913 0.892417 -0.02720075 0.4375061 0.8991299 -0.01240819 0.3814399 -0.9243934 -6.9117e-4 0.4255936 -0.9048923 -0.006344974 0.4493909 -0.8929966 -0.02459585 0.01158684 0.9069942 0.420984 0.1628493 0.9856821 0.043715 0.1228206 0.9923247 0.0143882 0.1747229 0.983161 0.05353921 0.08147799 0.9966748 9.59445e-4 0.1745499 -0.983015 0.056692 0.1558539 -0.9870442 0.03812378 0.05493032 -0.9984901 -4.82124e-4 0.07734221 -0.9970032 0.00170207 0.1145887 -0.993356 0.01064085 0.1396823 -0.9898775 0.02512913 -0.2331475 0.9475439 -0.2186385 -0.1653048 0.9511634 -0.2606965 -0.04249233 -0.9480823 0.3151739 -0.2736309 -0.9529445 -0.1304723 -0.2500612 -0.9386243 -0.2376005 0.5257692 0.8484127 -0.06134158 0.4950773 0.868048 -0.03730213 0.4522163 0.8911985 -0.03558045 0.4877185 -0.8718014 -0.04574954 0.4807603 -0.8749599 -0.05757421 0.04570329 0.8662061 0.4975926 0.08908575 0.7510504 -0.6542072 0.2536891 0.7825725 -0.5685263 0.2347845 -0.7688303 -0.5947908 0.1229045 -0.7340546 -0.667876 -0.1020766 0.9630527 -0.2492187 -0.1458864 0.9249158 -0.3510671 -0.1622017 0.8753765 -0.4554193 -0.1621755 0.8754374 -0.4553112 -0.08913791 0.8814864 -0.4637202 -0.3026285 -0.7725834 -0.5581495 -0.1391209 -0.8674218 -0.4777287 -0.149342 -0.9005419 -0.4083154 -0.2424546 -0.7844806 -0.5707942 -0.2852107 -0.7716213 -0.5685558 0.4387292 0.7756528 -0.4537393 0.3331502 -0.6928324 -0.6395266 0.01358622 -0.9160526 0.4008278 -0.2218056 -0.9222427 -0.3166557 0.04772007 0.8410371 0.5388687 -0.0744363 0.7287727 -0.6806979 -0.05365604 -0.7031483 -0.709016 -0.09006696 -0.6950329 -0.7133142 0.009646952 0.8578047 0.5138854 0.02230876 -0.8963743 0.4427363 0.5254195 0.8448195 -0.1010668 0.5297464 -0.8450444 -0.07258486 0.5571864 -0.8239714 -0.1030264 0.008783817 -0.8454938 0.5339131 0.008750498 -0.8455184 0.5338746 0.005523979 -0.8782419 0.4781848 -0.1213525 0.8597539 -0.4960814 -0.2207075 0.7078332 -0.6710145 -0.2267597 -0.7038887 -0.6731424 0.2920933 0.6757313 -0.6768078 0.1104056 0.6352858 -0.7643446 0.2135118 -0.5121046 -0.8319626 0.1165038 -0.598966 -0.7922542 -0.2922976 0.8515662 -0.4351978 -0.2261 0.855383 -0.4660459 0.5795339 0.7939967 -0.1836023 0.581655 0.804179 -0.1223663 0.5346399 0.8356872 -0.1256474 0.5703426 -0.8103414 -0.1343733 0.5539249 -0.8164782 -0.1628827 -0.06912678 0.5797433 -0.8118617 -0.08194452 -0.4844858 -0.8709528 -0.02610909 -0.5567561 -0.8302657 -0.05579555 0.9473245 0.315378 -0.1640596 0.9783344 0.1262792 0.4079098 0.5958117 -0.6918223 0.5000433 0.6955186 -0.5159561 0.4951732 0.7240503 -0.4801611 0.4957284 0.7673979 -0.4066372 0.4960507 -0.768985 -0.4032317 0.5011945 -0.7161412 -0.4857426 0.4283164 -0.6879249 -0.585922 -0.1038885 -0.9703327 0.2183155 0.5782229 -0.7853549 -0.2210788 -0.3012926 -0.8458395 -0.4402027 -0.3574051 -0.852347 -0.3817935 0.009788811 0.912396 0.4091915 -0.256423 0.5633293 -0.7854346 -0.2444415 -0.4045578 -0.8812385 -0.2745867 -0.5601038 -0.7815919 0.6499301 0.7104021 -0.2700366 0.6024478 0.7467057 -0.2819351 0.6377888 0.6917577 -0.3386691 0.6294046 -0.7217974 -0.2878515 0.5958556 -0.7270044 -0.3412048 0.1295524 0.498418 -0.8572022 -0.04302 0.4342628 -0.8997584 -0.00115478 -0.3004076 -0.9538102 0.2023521 0.4141969 -0.8874089 0.3624445 0.5208083 -0.772912 0.4150298 -0.5652118 -0.7129418 0.2853046 -0.5268519 -0.8006426 -0.02705115 -0.950777 0.308693 -0.3205536 -0.7861405 -0.5284208 -0.3385634 0.7204824 -0.6052107 0.03198945 0.8896732 0.4554759 -0.3614495 -0.6955771 -0.6209082 -0.3937072 -0.7358205 -0.5509653 -0.2706471 0.9553871 -0.1182613 0.1151938 0.9923993 -0.0432921 0.04130482 0.9985377 -0.03487783 0.07521957 -0.9969766 -0.01948779 0.0631715 -0.9979542 -0.009847044 0.04128056 -0.9991477 1.8947e-4 0.08290994 0.9965333 -0.006891846 0.09258443 -0.9954413 -0.02291059 0.1220847 0.9925197 0 0.1691955 -0.9851604 -0.02884525 0.1218075 -0.9925042 -0.009914636 0.1837148 0.9824703 -0.03163981 0.1648964 -0.986311 0 0.2228877 -0.9744747 -0.02683544 0.2329943 0.970333 -0.06455552 0.269133 -0.9615639 -0.05442816 0.3153323 0.9489814 0 0.3197509 0.9473569 -0.01655715 0.3422788 -0.9394764 -0.01514977 0.3539257 -0.9352728 0.001256585 0.3968871 0.9178602 0.003672957 0.3802545 0.9248607 0.00627166 0.3947587 0.9187819 0.0023669 0.3846723 0.9230301 -0.006526291 0.4031329 0.9151394 -0.001973986 0.3899626 0.9178079 -0.07455015 0.3967897 -0.9178672 -0.008818089 0.3923799 -0.9197948 -0.00396347 0.401001 -0.9160765 0.001464664 0.3936534 -0.91925 0.004050433 0.4184113 -0.9082576 4.81769e-4 -0.2980825 -0.7127847 -0.6348896 -0.03736335 0.8865159 -0.4611873 -0.3829444 0.7810221 -0.4933134 0.6022527 0.6524449 -0.4600081 0.6463534 -0.6645722 -0.3749282 0.6220637 -0.6388767 -0.4526295 0.01569622 0.8613989 0.5076867 -0.2391345 -0.9709541 0.007936 0.004665434 0.9439889 0.3299442 0.0120998 0.890626 0.4545756 0.01104283 -0.9001641 0.435411 0.00434637 -0.943888 0.3302374 0.007319569 -0.9331755 0.3593465 -0.2908151 0.7297822 -0.6187444 -0.2642043 0.3518955 -0.8979787 0.612972 0.6096606 -0.5025727 0.5858624 0.5820012 -0.5639503 0.6323125 -0.5878196 -0.5046276 0.5694116 -0.5817447 -0.5808129 0.006424367 0.2833016 -0.9590094 0.1402645 0.3518127 -0.925502 0.2386195 -0.4158558 -0.8775675 0.1670215 -0.3777214 -0.9107307 0.5599119 0.5037227 -0.6578466 0.5406703 -0.5163747 -0.6641031 -0.3486539 0.858835 -0.3752906 0.5299658 0.4225844 -0.735227 0.4698265 0.3876471 -0.7930908 0.5431417 -0.4067927 -0.7345182 0.4514146 -0.4044653 -0.7953821 -0.3221461 0.712045 -0.6238701 -0.3387156 -0.6274939 -0.7010872 -0.3304468 -0.6336817 -0.6994658 -0.3776035 -0.8897331 -0.2564969 -0.1701291 0.2345299 -0.9571061 0.2441504 0.1668872 -0.9552692 0.3899624 0.2684314 -0.8808372 0.3454312 0.2631231 -0.9008017 0.3793026 -0.3080145 -0.8725003 -0.3868406 0.7444528 -0.5441914 -0.448464 -0.7542966 -0.4794965 0.2540342 0.2046914 -0.9452873 0.3200087 -0.2278347 -0.9196118 0.4284914 -0.903544 -0.001849651 0.4121612 -0.911111 -3.76245e-4 0.4205399 -0.9072732 -0.001298844 -0.4339182 -0.5729077 -0.6953358 -0.2881251 0.6472244 -0.7057511 -0.3348463 0.5873684 -0.7368015 -0.4159885 0.59569 -0.6871005 0.1428506 0.1708534 -0.9748861 0.2208911 -0.1886626 -0.956877 -0.3735945 0.5527479 -0.7449141 -0.4006773 -0.4658405 -0.7889554 -0.3949369 -0.4722664 -0.7880287 -0.369284 -0.5332184 -0.7611225 -0.4788632 -0.6130609 -0.6283681 0.02550202 0.1192231 -0.99254 -0.1850836 -0.1710475 -0.9677225 0.02566885 -0.1302878 -0.9911439 0.1498042 -0.1468724 -0.977746 -0.1045261 0.9671022 0.2319217 -0.03132188 0.9480288 0.3166396 -0.07201427 -0.973419 0.2174155 -0.3949429 0.4058614 -0.8241946 -0.3993383 0.4050826 -0.822458 -0.3914108 0.4969679 -0.7744808 -0.3935804 0.3326035 -0.8570119 -0.3688808 0.2323059 -0.8999783 -0.3425872 0.1669655 -0.9245305 -0.4155054 -0.3398731 -0.843707 -0.3950949 -0.3896385 -0.8319146 -0.3677961 -0.2878677 -0.8842276 -0.448233 -0.2929077 -0.8445665 0.4255972 0.9048666 -0.009146988 0.4089195 0.9124941 -0.01180809 0.0130406 0.9298455 0.3677191 0.09452229 0.05524164 -0.9939889 0.1208049 0.06463849 -0.9905696 0.12856 -0.08529406 -0.988027 0.1317993 -0.0744093 -0.9884797 0.2392111 0.1414848 -0.960604 0.2354804 0.1210309 -0.9643136 0.2763431 -0.1832329 -0.9434301 0.1135492 -0.06710553 -0.9912636 -0.1003319 0.09895348 -0.9900211 0.08609771 0.04302954 -0.995357 0.1208986 0.0491144 -0.9914491 0.06545698 -0.02391999 -0.9975687 0.125687 -0.0649051 -0.9899446 -0.06226617 -0.0792303 -0.9949098 -0.2652882 -0.06087386 -0.9622457 -0.3568046 -0.1289972 -0.9252299 0.1696466 0.104838 -0.9799128 0.3424081 0.2162398 -0.9143287 0.342413 0.2162368 -0.9143277 0.3463792 -0.2047837 -0.91547 0.3463786 -0.2047797 -0.915471 0.2556194 -0.1799526 -0.949882 0.004581451 0.01892709 -0.9998104 0.05287289 0.0106374 -0.9985446 -0.2390972 0.0237357 -0.9707056 0.02826488 -0.03601276 -0.9989516 -0.1257099 -0.01402503 -0.991968 0.04704326 -0.01315522 -0.9988063 -0.4790294 0.4682272 -0.7424919 -0.5003189 -0.4434775 -0.7436457 0.01183098 0.9147167 0.4039226 -0.3749856 0.8926683 -0.2500581 -0.4395593 0.7625724 -0.4746274 -0.02068871 -0.9654329 0.2598295 0.4091017 -0.9124538 -0.007992267 0.3981934 -0.916756 -0.03163325 0.09093958 -0.06819379 -0.9935188 0.2221811 -0.1664199 -0.9606977 -0.01016825 -1.22274e-4 -0.9999483 0.06525021 0.01843374 -0.9976987 0.06525892 0.01843142 -0.9976981 -0.1103057 -0.005607545 -0.993882 0.02762585 -0.04585629 -0.998566 0.06157433 -0.0199359 -0.9979035 0.05078214 0.106755 -0.9929878 0.03699862 0.07669138 -0.9963682 0.05076819 0.1067298 -0.9929912 0.07651925 -0.1644885 -0.9834066 0.1609191 -0.3557466 -0.9206245 0.1608608 -0.3556188 -0.9206841 0.05072426 0.1067283 -0.9929935 0.02015042 -0.0369749 -0.9991131 0.007624685 0.01260524 -0.9998915 0.02900654 -0.05541914 -0.9980418 9.77167e-4 -0.001805484 -0.999998 0.07354402 -0.1318302 -0.9885405 3.83784e-4 -7.33602e-4 -0.9999997 0.05857855 0.11792 -0.9912939 0.001567482 0.002920806 -0.9999945 2.13193e-4 4.29446e-4 -1 0.0734896 -0.1317484 -0.9885554 0.04413223 0.05486416 -0.9975181 0.03608137 0.04441899 -0.9983613 0.0440669 0.05484157 -0.9975222 0.04395788 0.05477577 -0.9975307 0.008923232 0.009033322 -0.9999195 0.05004256 -0.03832519 -0.9980115 0.01043373 -0.009712219 -0.9998984 0.01043111 -0.009709775 -0.9998985 0.01089566 -0.0100609 -0.99989 0.07872807 -0.05897867 -0.99515 0.04198038 0.05067169 -0.9978327 0.04424959 0.03442114 -0.9984275 0.07050728 0.05621469 -0.995926 0.01160252 0.007402181 -0.9999053 0.01130771 0.007155239 -0.9999105 0.1033733 -0.04646962 -0.9935566 0.00103408 0.00124979 -0.9999988 0.1316454 0.06684112 -0.9890409 0.01261532 -0.007436096 -0.9998928 0.003679275 0.001306354 -0.9999924 6.96275e-4 3.10008e-4 -0.9999998 -0.0188055 0.005132794 -0.99981 0.0797711 -0.01830732 -0.9966451 0.122939 -0.0258314 -0.9920781 0.001909315 -4.54679e-4 -0.9999981 0.001379966 -1.69248e-4 -0.9999991 0.00213766 3.78079e-4 -0.9999977 3.33166e-4 6.55224e-4 -0.9999998 -0.003006398 0.002777099 -0.9999917 0.003397464 0.002012312 -0.9999922 -0.1524167 -0.01610523 -0.9881851 -0.2068762 -9.49329e-4 -0.9783667 -0.1913383 0.001471996 -0.981523 -0.07513177 -0.003959834 -0.9971658 0.07055544 0.05621629 -0.9959225 0.04369938 -0.01536542 -0.9989266 -0.2015926 -0.01885849 -0.9792879 0.03032439 -0.007201552 -0.9995142 -0.0749464 0.006933808 -0.9971635 -0.1387297 0.01481485 -0.9902195 -0.07496184 0.006951987 -0.9971622 -0.07789808 0.002851486 -0.9969573 -0.0800718 6.30358e-4 -0.996789 0.002149224 -1.36432e-4 -0.9999977 0.1452444 -0.009219884 -0.989353 -0.1988635 0.04547303 -0.9789717 -0.2773552 0.02333664 -0.960484 0.07056623 0.05617249 -0.9959242 -0.04504919 -0.01092803 -0.9989251 -0.07346916 3.66415e-5 -0.9972975 -0.04539299 0.009013891 -0.9989286 0 0 -1 0 0 -1 2.91634e-7 0 -1 1.75954e-7 0 -1 0 0 -1 3.77156e-7 0 -1 -1.96309e-7 0 -1 0 0 -1 -1.99064e-7 0 -1 0 0 -1 1.81493e-7 0 -1 2.02761e-7 0 -1 0 0 -1 -1.85055e-7 0 -1 -1.66509e-7 0 -1 7.20483e-7 0 -1 3.21378e-7 0 -1 6.45978e-7 0 -1 3.54494e-7 0 -1 0 0 -1 0 0 -1 -4.25936e-7 0 -1 0 0 -1 0 0 -1 0 0 -1 -3.53428e-7 0 -1 0 0 -1 0 0 -1 0 0 -1 0 0 -1 0 0 -1 0 0 -1 -1.20968e-7 0 -1 0 0 -1 0 0 -1 0 0 -1 -1.93299e-7 0 -1 -0.2251266 -0.01539844 -0.9742078 -0.4626021 -0.8161162 -0.3463432 -0.333563 -0.01152467 -0.9426575 -0.4722177 0.6231037 -0.6235001 -0.006057918 -0.9298563 0.3678731 -0.2961657 -0.008307635 -0.9551005 -0.3748251 -0.01813101 -0.9269182 -0.2802711 -9.1245e-4 -0.9599205 -0.2739146 -0.03462278 -0.9611306 0.001152276 -0.9453329 0.3261052 -0.5314872 -0.6421008 -0.5524744 -0.5505023 -0.4907627 -0.6753513 -0.4028341 -0.02526837 -0.9149242 -0.2890281 -0.01573824 -0.9571913 -0.3432549 -0.01167118 -0.9391699 -0.3809838 0.02054953 -0.9243533 -0.3620604 0.0359072 -0.9314629 -0.4726929 -0.08470839 -0.8771466 -0.4613944 0.1312038 -0.8774399 -0.4592325 0.1292184 -0.8788675 -0.4606932 0.07756543 -0.8841636 -0.155682 0.9782426 0.1371299 -0.2332828 0.9721137 0.0239616 -0.4185246 2.29199e-4 -0.9082055 -0.320574 0.004422247 -0.9472132 -0.3692371 -0.02619606 -0.928966 -0.4079887 0.008234858 -0.9129499 -0.4292163 -0.07601922 -0.8999969 -0.4299608 -0.01658678 -0.9026952 -0.2109901 -0.9766052 0.04153734 -0.1551291 -0.9791825 0.1309073 -0.5452759 -0.2970311 -0.7838667 -0.5452839 -0.3453284 -0.7638152 -0.5356061 0.3528224 -0.7672304 -0.4751475 0.3183503 -0.8202975 -0.4721418 -0.0919364 -0.8767154 -0.4594975 -0.1314623 -0.8783961 -0.4568072 -0.1881358 -0.8694435 -0.4425233 -0.2602981 -0.858148 -0.4822663 0.249522 -0.8397368 -0.4662789 0.1989412 -0.8619782 -0.450439 0.2386471 -0.860321 -0.4867541 -0.07670032 -0.8701652 -0.4107354 0.26713 -0.8717442 -0.4481198 -6.40188e-5 -0.8939736 -0.4498954 0.03304994 -0.8924695 -0.5133136 0.2349044 -0.8254266 -0.5111397 0.02450394 -0.8591483 -0.5058514 0.002710878 -0.8626164 -0.4602224 0.02235436 -0.8875222 -0.4487267 -0.01624071 -0.8935215 -0.4953189 -0.01827508 -0.868519 -0.5090574 0.01125621 -0.860659 -0.4587384 0.02413403 -0.8882436 -0.5224454 -0.2141796 -0.8253352 -0.3965093 -0.3237635 -0.8590445 -0.5873025 -0.2495435 -0.7699376 -0.5120558 -0.01847279 -0.8587536 -0.5224576 -0.01242345 -0.8525749 -0.3004274 0.9508154 -0.07545471 -0.4862085 0.001226723 -0.8738421 -0.5171408 0.01651811 -0.855741 -0.07537513 0.9719135 0.2229415 -0.5445653 0.5009635 -0.6726696 -0.3751224 -0.9105663 -0.1736437 -0.3016737 -0.950059 -0.0798819 -0.6081781 -0.3797948 -0.6970475 -0.5089581 -0.05934619 -0.8587431 -0.4799411 0.0350753 -0.8765993 -0.5514038 -0.1408686 -0.8222591 -0.5227419 0.6517436 -0.5495191 -0.4603346 0.8198094 -0.3405948 -0.1283189 -0.9840534 0.1231802 -0.6025459 -0.5267805 -0.5995339 -0.530408 0.01894211 -0.847531 -0.5304091 0.01894384 -0.8475303 -0.5279743 -0.0166071 -0.849098 -0.5236411 -0.01307153 -0.8518387 -0.539335 0.1486238 -0.828872 -0.5433877 -0.7263153 -0.4209465 -0.5830111 0.2565932 -0.7708814 -0.6246714 -0.1733276 -0.7614088 -0.009727358 0.9611234 0.2759477 -0.5709501 -0.07649952 -0.817413 -0.5648322 0.08206468 -0.8211153 -0.5594452 7.34942e-4 -0.8288671 -0.5045839 0.03809648 -0.8625218 -0.630531 -0.004346072 -0.776152 -0.6282941 0.006375491 -0.7779498 -0.01189702 -0.9826605 0.185032 -0.1951202 -0.006901144 -0.980755 -0.6046307 -0.02076542 -0.7962353 -0.5641781 -0.005800187 -0.8256329 -0.6046966 0.02442502 -0.7960814 0.003849089 0.9390099 0.3438686 -0.00295037 0.9564321 0.2919404 0.003819286 0.955601 0.2946392 -0.5964603 -1.89096e-5 -0.8026426 -0.6032783 0.3886714 -0.6964122 -0.6211949 0.178819 -0.7629815 -0.6543551 -0.2865908 -0.6997751 -0.6623734 -0.09699034 -0.742869 0.006128013 -0.9472021 0.3205786 7.5686e-4 -0.9656831 0.2597227 -0.2135 0.975771 0.04784113 -0.2716009 -0.9611086 -0.05003404 -0.5944445 0.5367764 -0.5987544 -0.6597366 0.1116415 -0.7431579 -0.6604385 -0.4196397 -0.6226747 -0.3760755 0.9112376 -0.1679678 -0.5411465 0.7308274 -0.4159951 -0.4503414 -0.8545533 -0.258711 -0.6158286 -0.6273651 -0.4766217 -0.6505026 0.2934209 -0.700536 -0.6922921 -0.2110204 -0.690074 -0.7022801 0.04077672 -0.7107321 -0.7027018 -0.04012358 -0.7103523 -0.1195968 0.9841425 0.1309969 -0.6482042 -0.00169003 -0.7614648 -0.7337234 -0.001574277 -0.6794465 -0.727948 0.01387417 -0.685492 -0.7283583 -0.01157611 -0.6850987 -0.174618 -0.9841179 0.03194957 0.002055466 0.9918603 0.1273141 -0.003340721 0.9832379 0.1822971 -0.006160438 0.9740461 0.2262665 0.001497745 -0.9919179 0.1268732 -0.6892386 0.2164716 -0.6914407 -0.6534181 0.4286255 -0.6239591 -0.7235551 -0.1504811 -0.6736643 -0.7067892 -0.3286377 -0.6264554 -0.03477448 0.9829562 0.1805214 -0.275079 0.9604067 -0.04416584 -0.6136115 0.6324309 -0.4727708 -0.7445272 0.1032315 -0.6595624 -0.7164363 0.1624224 -0.6784821 -0.7533609 -0.09746062 -0.6503452 -0.3345667 -0.9319682 -0.1396439 -0.6768851 -0.5294232 -0.5114075 -0.002912521 -0.9784788 0.206327 -0.04278934 -0.9898988 0.1351647 -0.01129424 -0.9948579 0.1006491 -0.05741637 -0.9944068 0.08864808 -0.4516979 0.8554132 -0.2534508 -0.7009555 0.3359588 -0.629121 -0.5235191 -0.7839949 -0.3335864 -0.744506 -0.2536545 -0.617552 -0.7721836 0.06828778 -0.6317193 -0.7760672 -0.06142604 -0.6276516 -0.7723181 -8.0246e-4 -0.6352356 -0.1648911 0.9855434 0.03892749 -0.8000962 -8.15259e-4 -0.5998713 -0.7958729 0.02727979 -0.6048488 -0.7972618 -0.02788555 -0.6029893 -0.2236902 -0.9727532 -0.06094223 -0.6749956 0.5343093 -0.5088167 -0.7396882 0.2597298 -0.6208075 -0.7751947 -0.1916295 -0.6019563 -0.7262384 -0.4413518 -0.5270544 -0.05978846 0.9938813 0.09287357 -0.3385195 0.9312719 -0.1346743 -0.1295329 -0.9914863 0.01328372 -0.1012231 -0.9892259 0.1057645 -0.7713592 0.1965819 -0.6052773 -0.7997779 -0.1412924 -0.5834312 -0.402827 -0.888019 -0.2217042 -0.5248681 0.7851679 -0.3286716 -0.5917754 -0.7026894 -0.3950058 -0.02317517 0.9937877 0.1088539 -0.01394605 0.9974148 0.0704931 -0.02825307 0.9978811 0.05861192 -0.7248666 0.4455936 -0.5253711 -0.7663199 -0.3636018 -0.5296677 -0.06384396 -0.9951027 0.07546228 -0.7968724 0.1453102 -0.5864123 -0.8189609 -0.1011388 -0.5648664 -0.830214 0.06861716 -0.5532057 -0.8143699 0.1088539 -0.5700461 -0.8354066 -0.06582605 -0.5456765 -0.2176206 0.9746816 -0.05135351 -0.8275985 0.001548528 -0.5613183 -0.2653759 -0.9527965 -0.1474942 -0.842313 0.04001897 -0.537501 -0.8276189 0.001460254 -0.5612885 -0.8434014 -0.03753691 -0.5359712 -0.7653343 0.3674191 -0.5284569 -0.08718991 -0.9960557 -0.01646488 -0.7989175 -0.2935121 -0.5249586 -0.5928576 0.7042791 -0.3905265 -0.6519403 -0.6174679 -0.4401219 -0.4020252 0.8887673 -0.2201559 -0.09550005 0.9954158 -0.005212664 -0.1684882 0.9834429 -0.06672358 -0.4742659 -0.827404 -0.30079 -0.7982694 0.296976 -0.5239955 -0.1679722 -0.9824162 -0.08150905 -0.8248158 -0.2309858 -0.5160664 -0.04629021 -0.9974677 -0.05399572 -0.04209196 -0.9983996 0.03776824 -0.8244667 0.2341297 -0.5152067 -0.8447675 -0.1754155 -0.5055664 0.0048877 0.9982352 0.05918216 -0.008847594 0.9998109 0.01731914 -5.8546e-4 0.9999998 -4.01424e-4 -6.34038e-4 -0.9999998 3.71745e-4 -0.005425095 -0.9987494 0.04970204 -0.2755869 0.9499565 -0.1470876 -0.652791 0.6193284 -0.4362297 -0.8446422 0.1783139 -0.5047612 -0.8594513 -0.1254299 -0.4955915 -0.7023254 -0.5356073 -0.4688963 -0.1151226 -0.9869274 -0.1127881 -0.8594727 0.1281251 -0.4948644 -0.872301 -0.07277941 -0.4835228 -0.4655659 0.8340606 -0.2959583 -0.8713049 0.07700705 -0.4846626 -0.8732294 -8.48651e-4 -0.4873088 -0.8474841 -4.72171e-4 -0.5308207 -0.04530102 0.9975605 -0.05311429 -0.535296 -0.7604154 -0.3677316 -0.02543276 -0.9992633 -0.02874249 -0.00229305 -0.9985173 -0.05438828 -0.03316712 -0.9977058 -0.05901747 -0.2069606 -0.9625548 -0.1750882 -0.7031009 0.5375483 -0.465501 -0.7443599 -0.458084 -0.4858883 -0.117663 0.9873526 -0.1062563 -0.0772311 -0.9838087 -0.1617279 -0.008968055 0.9986826 -0.05052393 0.001497745 0.9919179 -0.1268729 -0.006081938 0.9960393 -0.08870702 0.002105176 -0.9918726 -0.1272177 -0.3259521 0.9157056 -0.2350286 -0.4208843 -0.8537947 -0.3064168 -0.3673432 -0.9051255 -0.2140254 -0.5392395 0.7597516 -0.3633159 -0.2086119 0.9632395 -0.1692655 -0.5915415 -0.6866804 -0.4225502 -0.745076 0.4601119 -0.4828653 -0.1433216 -0.9675692 -0.2080115 -0.7797428 -0.3827226 -0.4955042 -0.009691417 0.995838 -0.09062469 -0.05778712 0.9873987 -0.1473244 -0.009206295 -0.9927779 -0.1196131 5.0617e-4 -0.9982461 -0.0591982 -0.3104822 -0.919434 -0.2413339 -0.245693 -0.9321842 -0.2658339 -0.7803248 0.3849328 -0.4928691 -0.8075394 -0.3087189 -0.5025664 -0.1461391 0.9683908 -0.2021452 -0.3586231 -0.8754032 -0.3241278 -0.09248018 -0.961795 -0.2576774 -0.01429009 0.988453 -0.1508527 0.004404902 0.9439017 -0.3301971 -0.02298521 0.9627195 -0.2695235 -0.01175987 0.9788603 -0.2041915 -0.003345608 -0.9840636 -0.1777855 0.003723263 -0.9437332 -0.3306872 -0.594062 0.6873015 -0.4179798 -0.4742622 0.7994933 -0.3686268 -0.3662907 0.8757103 -0.3145833 -0.6409009 -0.6112228 -0.4643844 -0.4752766 -0.7940996 -0.3788377 -0.8864153 0.04615259 -0.4605842 -0.883447 -2.04091e-4 -0.4685313 -0.8870159 -0.04425328 -0.4596133 -0.8112993 0.3157846 -0.4920099 -0.8322388 -0.2469831 -0.4963647 -0.2477514 0.9330915 -0.2606903 -0.1710894 -0.9381969 -0.3008571 -0.8412597 0.2362359 -0.4862867 -0.8554008 -0.1727473 -0.4883114 -0.0729348 0.9672386 -0.2431671 -0.01331907 -0.9719033 -0.235004 -0.2839877 -0.8915737 -0.3527707 -0.8560149 0.1749599 -0.4864439 -0.8672778 -0.1101182 -0.4854928 -0.6432061 0.6120902 -0.4600343 -0.6837013 -0.5352348 -0.4960608 -0.8676635 0.1122305 -0.4843187 -0.8735489 -0.04766708 -0.4843968 -0.4056895 -0.8210834 -0.4015446 -0.1741633 0.9392862 -0.2956498 -0.8802452 -6.26899e-4 -0.4745186 -0.8729869 0.04904693 -0.4852715 -0.1047356 -0.9310651 -0.3494972 -0.526636 -0.7264881 -0.4414403 -0.2863808 0.8925845 -0.3482513 -0.1982194 -0.8990262 -0.3904625 -0.6858384 0.5362453 -0.4920029 -0.7212412 -0.4571703 -0.5203908 -0.01538699 -0.9563219 -0.2919104 -0.02130556 0.9488313 -0.3150638 -0.08643817 0.9360801 -0.3410024 -0.4073877 0.8221375 -0.39765 -0.3217571 -0.841075 -0.4348166 -0.01905429 -0.9559168 -0.2930188 -0.5274135 0.7279516 -0.4380886 -0.4508918 -0.7581835 -0.4710143 -0.5729079 -0.6547308 -0.493056 -0.2015061 0.9002682 -0.3858917 -0.723084 0.4584319 -0.5167105 -0.1143437 -0.891622 -0.4381048 -0.7537109 -0.378461 -0.5372963 -0.01208209 0.947151 -0.3205606 -0.3243293 0.8421377 -0.4308301 -0.2247282 -0.8503115 -0.4758861 -0.8115469 0.2783231 -0.5137392 -0.7505957 0.3844488 -0.537406 -0.03557181 0.9217924 -0.3860486 -0.4525392 0.7593657 -0.4675169 -0.0234009 -0.936398 -0.3501592 0.004683077 0.8346257 -0.5507978 -0.03312909 0.8994236 -0.4358207 -0.04632019 0.9016994 -0.4298753 -0.0241084 -0.9144238 -0.4040395 0.004018485 -0.8348997 -0.5503875 -0.08619099 0.9020429 -0.4229537 -0.3583567 -0.7816707 -0.5104621 -0.0298202 -0.8877144 -0.4594278 -0.5735812 0.6563884 -0.49006 -0.6138949 -0.5799462 -0.535533 -0.4924627 -0.6893715 -0.5312697 -0.8714671 0.001318931 -0.4904525 -0.8324038 -0.1972811 -0.5178651 -0.8132171 -0.2990835 -0.4992264 -0.228111 0.8516334 -0.471896 -0.1235388 -0.845459 -0.5195549 -0.8322573 0.1993499 -0.5173078 -0.845762 -0.1262074 -0.5184193 -0.3608715 0.7828373 -0.50689 -0.2503458 -0.7926528 -0.5559034 -0.6146249 0.5815667 -0.5329319 -0.8456357 0.1280287 -0.5181786 -0.8542829 -0.05849617 -0.5165066 -0.6507134 -0.5008692 -0.5707032 -0.4939433 0.6907557 -0.5280876 -0.3924368 -0.7151005 -0.5784677 -0.8548744 0.0596283 -0.5153974 -0.8714838 0.0012753 -0.4904227 -0.1169925 0.8466051 -0.5192039 -0.5298535 -0.6156285 -0.5833154 -0.02164667 -0.8624348 -0.5057051 -0.03950345 -0.8604587 -0.5079865 -0.2536175 0.7940673 -0.5523906 -0.1428946 -0.7839341 -0.6041761 -0.7728384 0.3035255 -0.5573089 -0.03778314 0.8796018 -0.4742078 -0.7936923 -0.2218016 -0.5664423 -0.7735614 -0.3026798 -0.5567656 -0.6514063 0.502475 -0.5684971 -0.6831993 -0.4181563 -0.5986519 -0.02061885 0.8452684 -0.5339441 -0.3947425 0.7164487 -0.5752215 -0.2742127 -0.7271059 -0.6293842 -0.5313483 0.6169673 -0.5805347 -0.5639495 -0.5360715 -0.6281628 -0.4232798 -0.642162 -0.6391105 -0.7936932 0.2235587 -0.5657498 -0.8089242 -0.1425342 -0.5703734 -0.0325061 0.8415623 -0.5391813 -0.1292046 0.7889389 -0.6007343 -0.0369389 -0.7996428 -0.5993388 -0.04180824 -0.8232921 -0.5660762 -0.8088721 0.1440399 -0.570069 -0.8190801 -0.06746208 -0.569699 -0.6837757 0.4197524 -0.5968741 -0.7108777 -0.3330151 -0.6194788 -0.8189678 0.06962805 -0.5695998 -0.854857 1.04932e-4 -0.5188637 -0.2772067 0.7286639 -0.626263 -0.1539322 -0.7170333 -0.6798295 0.004939198 0.67471 -0.7380664 -0.0359593 0.7384107 -0.6733918 -0.03146135 0.773886 -0.6325431 -0.03578579 0.8143885 -0.5792157 -0.01989281 -0.7938731 -0.6077582 0.005038261 -0.6747562 -0.7380235 -0.8376913 1.44408e-4 -0.5461442 -0.5653832 0.5373378 -0.6257875 -0.4255542 0.643447 -0.6363015 -0.5946905 -0.451177 -0.6654191 -0.2956389 -0.6543095 -0.6960436 -0.4515429 -0.5623694 -0.6927118 -0.711313 0.334546 -0.6181529 -0.733339 -0.2464808 -0.6336096 -0.1406422 0.7234967 -0.6758494 -0.02849304 -0.75787 -0.6517832 -0.7336237 0.2478635 -0.6327401 -0.7502621 -0.1592356 -0.6416781 -0.5959545 0.4523819 -0.6634674 -0.6216211 -0.3619863 -0.6946604 -0.2985013 0.6557909 -0.6934229 -0.1627581 -0.6434853 -0.747955 -0.7503872 0.1603679 -0.6412497 -0.7616716 -0.07686305 -0.6433883 -0.4537375 0.5635173 -0.6903408 -0.3150475 -0.5742068 -0.7556664 -0.4773109 -0.4761233 -0.7385668 -0.761599 0.07884407 -0.6432345 -0.8128579 1.15723e-4 -0.5824621 -0.026883 -0.7174033 -0.6961393 -0.6226406 0.363106 -0.6931615 -0.6441713 -0.2696321 -0.7157806 -0.789216 1.60197e-4 -0.6141158 -0.035389 0.6956688 -0.7174905 -0.1503579 0.6497279 -0.7451485 -0.03451573 -0.6742008 -0.7377411 -0.3177715 0.5754896 -0.753547 -0.1696365 -0.5634491 -0.8085473 -0.4793252 0.4771003 -0.7366293 -0.5003552 -0.384238 -0.7758904 -0.644917 0.2705964 -0.7147446 -0.6617853 -0.1751046 -0.7289574 -0.03610599 0.6959372 -0.7171944 -0.3326246 -0.4872803 -0.807415 -0.6622379 0.1758058 -0.7283772 -0.6740204 -0.08541399 -0.7337582 -0.03895217 0.6503092 -0.7586703 -0.03210335 -0.6299228 -0.7759941 -0.03212535 -0.6299576 -0.7759649 0.005095481 0.4739 -0.880564 -0.04428511 0.5554174 -0.8303918 -0.04134118 0.606125 -0.7942942 -0.03774499 -0.5818656 -0.8124087 0.003714978 -0.4728974 -0.8811098 -0.1568485 0.5699656 -0.8065592 -0.7536943 1.30296e-4 -0.6572253 -0.6740661 0.08701694 -0.7335278 -0.5020799 0.3850238 -0.7743852 -0.5202296 -0.2877016 -0.8041076 -0.3351573 0.4882759 -0.8057645 -0.7207123 1.54172e-4 -0.6932344 -0.1745895 -0.4775409 -0.8610884 -0.3483988 -0.3942539 -0.8504012 -0.5215821 0.2882543 -0.8030328 -0.5363501 -0.1875652 -0.82289 -0.03721433 0.5108062 -0.8588901 -0.1629539 0.4831508 -0.8602392 -0.05044305 0.5077369 -0.8600342 -0.03766858 -0.5336772 -0.8448489 -0.04188197 -0.4812657 -0.8755737 -0.5372697 0.1877907 -0.8222384 -0.5488477 -0.09373384 -0.8306505 -0.350659 0.3948972 -0.8491728 -0.3622686 -0.2959184 -0.8838518 -0.1796227 -0.3886493 -0.9037076 -0.6742073 1.43173e-4 -0.7385422 -0.5745878 1.44231e-4 -0.8184431 -0.5490894 0.09468346 -0.830383 -0.3641443 0.2961621 -0.8829989 -0.3739563 -0.1931802 -0.9071043 -0.0378344 0.4067242 -0.9127674 -0.1699047 0.3949847 -0.9028396 -0.04895758 0.4493439 -0.8920165 -0.04427623 -0.4299183 -0.9017815 -0.04400467 -0.3720839 -0.9271554 -0.04427605 -0.4299181 -0.9017817 -0.186806 -0.2907132 -0.9383973 0.005189478 0.244358 -0.9696712 -0.04021728 0.3476262 -0.9367703 -0.04136729 -0.3235907 -0.9452925 -0.03586035 -0.3215473 -0.9462142 0.003496587 -0.2453492 -0.9694285 -0.3753274 0.1929384 -0.9065893 -0.3830232 -0.09910708 -0.9184068 -0.5114437 1.85189e-4 -0.8593168 -0.4458668 1.25341e-4 -0.8950994 -0.3834958 0.09914869 -0.9182052 -0.1813328 0.2882429 -0.940231 -0.1912879 -0.189227 -0.9631211 -0.04540163 0.284892 -0.9574839 -0.1878203 0.1909045 -0.9634724 -0.1908455 -0.0956729 -0.9769467 -0.3706367 2.23352e-4 -0.928778 -0.04175454 -0.2635982 -0.9637285 -0.2973223 1.02484e-4 -0.9547772 -0.1900116 0.0945602 -0.9772175 -0.061836 0.2913796 -0.9546069 -0.03848522 -0.2061762 -0.9777578 -0.03848421 -0.2061737 -0.9777584 -0.05274975 0.24116 -0.9690508 0.005124151 -7.00876e-5 -0.999987 -0.04295432 0.117888 -0.9920975 -0.03806257 0.1766747 -0.9835331 -0.04228162 -0.1471173 -0.988215 -0.2254569 1.99845e-4 -0.9742531 -0.1453174 0.002648413 -0.9893816 -0.04002839 0.05977493 -0.997409 -0.03812325 -0.08911377 -0.9952917 -0.04011261 -0.05260187 -0.9978097 -0.03834539 0.02208012 -0.9990206</float_array>
          <technique_common>
            <accessor source="#mesh-a8453fdd-184e-43e2-8f3b-85ed5161330d-mesh-normals-array" count="1671" stride="3">
              <param name="X" type="float"/>
              <param name="Y" type="float"/>
              <param name="Z" type="float"/>
            </accessor>
          </technique_common>
        </source>
        <vertices id="mesh-a8453fdd-184e-43e2-8f3b-85ed5161330d-mesh-vertices">
          <input semantic="POSITION" source="#mesh-a8453fdd-184e-43e2-8f3b-85ed5161330d-mesh-positions"/>
        </vertices>
        <triangles material="Material-外壳-material" count="2937">
          <input semantic="VERTEX" source="#mesh-a8453fdd-184e-43e2-8f3b-85ed5161330d-mesh-vertices" offset="0"/>
          <input semantic="NORMAL" source="#mesh-a8453fdd-184e-43e2-8f3b-85ed5161330d-mesh-normals" offset="1"/>
          <p>20 0 21 1 18 2 17 3 20 0 18 2 21 1 2 4 18 2 22 5 20 0 17 3 19 6 22 5 17 3 0 7 22 5 19 6 21 1 3 8 2 4 1 9 22 5 0 7 26 10 7 11 3 8 21 1 26 10 3 8 4 12 29 13 1 9 29 13 22 5 1 9 5 14 29 13 4 12 26 10 8 15 7 11 26 10 9 16 8 15 26 10 14 17 9 16 6 18 29 13 5 14 34 19 29 13 6 18 10 20 34 19 6 18 11 21 34 19 10 20 26 10 35 22 14 17 35 22 15 23 14 17 36 24 21 1 20 0 22 5 36 24 20 0 36 24 37 25 21 1 37 25 38 26 21 1 38 26 39 27 21 1 39 27 26 10 21 1 40 28 36 24 22 5 41 29 42 30 22 5 42 30 43 31 22 5 43 31 44 32 22 5 44 32 40 28 22 5 29 13 41 29 22 5 35 22 16 33 15 23 35 22 32 34 16 33 45 35 34 19 11 21 13 36 45 35 11 21 12 37 45 35 13 36 31 38 45 35 12 37 46 39 33 40 32 34 35 22 46 39 32 34 47 41 35 22 26 10 48 42 47 41 26 10 39 27 49 43 26 10 49 43 48 42 26 10 50 44 51 45 29 13 34 19 50 44 29 13 51 45 41 29 29 13 46 39 52 46 33 40 40 28 37 25 36 24 30 47 45 35 31 38 55 48 45 35 30 47 46 39 56 49 52 46 46 39 57 50 56 49 66 51 45 35 55 48 54 52 66 51 55 48 67 53 68 54 35 22 68 54 69 55 35 22 69 55 46 39 35 22 47 41 67 53 35 22 70 56 50 44 34 19 45 35 71 57 34 19 71 57 72 58 34 19 72 58 70 56 34 19 46 39 89 59 57 50 89 59 28 60 57 50 53 61 66 51 54 52 89 59 27 62 28 60 25 63 66 51 53 61 89 59 64 64 27 62 104 65 66 51 25 63 24 66 104 65 25 63 23 67 144 68 24 66 144 68 104 65 24 66 61 69 144 68 23 67 145 70 62 71 64 64 89 59 145 70 64 64 146 72 147 73 62 71 145 70 146 72 62 71 146 72 63 74 147 73 149 75 37 25 40 28 44 32 149 75 40 28 149 75 151 76 37 25 151 76 38 26 37 25 151 76 39 27 38 26 43 31 152 77 44 32 152 77 149 75 44 32 42 30 152 77 43 31 151 76 49 43 39 27 41 29 153 78 42 30 153 78 152 77 42 30 59 79 144 68 61 69 146 72 65 80 63 74 154 81 48 42 49 43 151 76 154 81 49 43 155 82 144 68 59 79 58 83 155 82 59 79 154 81 47 41 48 42 51 45 153 78 41 29 165 84 161 85 65 80 146 72 165 84 65 80 50 44 153 78 51 45 145 70 165 84 146 72 166 86 167 87 46 39 167 87 168 88 46 39 168 88 89 59 46 39 69 55 169 89 46 39 169 89 166 86 46 39 170 90 104 65 144 68 155 82 170 90 144 68 154 81 67 53 47 41 171 91 172 92 45 35 172 92 71 57 45 35 173 93 171 91 45 35 174 94 173 93 45 35 66 51 174 94 45 35 70 56 153 78 50 44 60 95 155 82 58 83 157 96 155 82 60 95 165 84 162 97 161 85 154 81 68 54 67 53 175 98 163 99 162 97 176 100 175 98 162 97 165 84 176 100 162 97 159 101 177 102 157 96 178 103 155 82 157 96 177 102 178 103 157 96 175 98 164 104 163 99 158 105 177 102 159 101 179 106 90 107 148 108 140 109 180 110 148 108 180 110 179 106 148 108 141 111 181 112 140 109 181 112 180 110 140 109 142 113 181 112 141 111 150 114 182 115 113 116 182 115 114 117 113 116 183 118 115 119 114 117 182 115 183 118 114 117 184 120 182 115 150 114 74 121 184 120 150 114 183 118 185 122 115 119 185 122 116 123 115 119 185 122 117 124 116 123 185 122 121 125 117 124 73 126 186 127 74 121 186 127 184 120 74 121 185 122 187 128 121 125 187 128 118 129 121 125 76 130 186 127 73 126 187 128 119 131 118 129 75 132 188 133 76 130 188 133 186 127 76 130 189 134 120 135 119 131 187 128 189 134 119 131 189 134 123 136 120 135 78 137 188 133 75 132 189 134 190 138 123 136 190 138 122 139 123 136 190 138 125 140 122 139 77 141 191 142 78 137 191 142 188 133 78 137 192 143 126 144 125 140 190 138 192 143 125 140 192 143 127 145 126 144 80 146 191 142 77 141 192 143 193 147 127 145 193 147 124 148 127 145 193 147 129 149 124 148 79 150 194 151 80 146 194 151 191 142 80 146 195 152 128 153 129 149 193 147 195 152 129 149 82 154 196 155 79 150 196 155 194 151 79 150 195 152 133 156 128 153 81 157 196 155 82 154 195 152 197 158 133 156 197 158 130 159 133 156 84 160 198 161 81 157 198 161 196 155 81 157 197 158 131 162 130 159 199 163 132 164 131 162 197 158 199 163 131 162 199 163 137 165 132 164 83 166 198 161 84 160 199 163 200 167 137 165 200 167 134 168 137 165 86 169 198 161 83 166 200 167 135 170 134 168 201 171 136 172 135 170 200 167 201 171 135 170 201 171 139 173 136 172 85 174 202 175 86 169 202 175 198 161 86 169 88 176 202 175 85 174 201 171 203 177 139 173 203 177 138 178 139 173 203 177 143 179 138 178 181 112 142 113 143 179 203 177 181 112 143 179 87 180 204 181 88 176 204 181 202 175 88 176 103 182 205 183 87 180 205 183 204 181 87 180 95 184 205 183 103 182 175 98 160 185 164 104 179 106 206 186 90 107 206 186 91 187 90 107 94 188 207 189 95 184 207 189 205 183 95 184 98 190 207 189 94 188 208 191 207 189 98 190 97 192 208 191 98 190 206 186 92 193 91 187 209 194 93 195 92 193 206 186 209 194 92 193 209 194 99 196 93 195 175 98 112 197 160 185 96 198 208 191 97 192 156 199 177 102 158 105 105 200 177 102 156 199 210 201 208 191 96 198 101 202 210 201 96 198 209 194 100 203 99 196 102 204 210 201 101 202 211 205 106 206 100 203 209 194 211 205 100 203 175 98 109 207 112 197 175 98 110 208 109 207 211 205 107 209 106 206 211 205 212 210 107 209 212 210 177 102 107 209 177 102 108 211 107 209 210 201 111 212 110 208 213 213 210 201 110 208 175 98 213 213 110 208 210 201 102 204 111 212 177 102 105 200 108 211 214 214 185 122 183 118 182 115 214 214 183 118 215 215 187 128 185 122 214 214 215 215 185 122 216 216 189 134 187 128 215 215 216 216 187 128 217 217 190 138 189 134 216 216 217 217 189 134 218 218 192 143 190 138 217 217 218 218 190 138 219 219 193 147 192 143 218 218 219 219 192 143 220 220 195 152 193 147 219 219 220 220 193 147 221 221 197 158 195 152 220 220 221 221 195 152 222 222 199 163 197 158 221 221 222 222 197 158 223 223 200 167 199 163 222 222 223 223 199 163 224 224 201 171 200 167 223 223 224 224 200 167 225 225 203 177 201 171 224 224 225 225 201 171 226 226 181 112 203 177 225 225 226 226 203 177 227 227 180 110 181 112 226 226 227 227 181 112 228 228 229 229 180 110 229 229 179 106 180 110 230 230 228 228 180 110 227 227 230 230 180 110 184 120 231 231 182 115 231 231 214 214 182 115 72 58 153 78 70 56 229 229 206 186 179 106 71 57 232 232 72 58 232 232 153 78 72 58 154 81 69 55 68 54 233 233 145 70 89 59 168 88 234 234 89 59 234 234 233 233 89 59 235 235 169 89 69 55 154 81 235 235 69 55 236 236 174 94 66 51 104 65 236 236 66 51 237 237 166 86 169 89 235 235 237 237 169 89 238 238 239 239 173 93 174 94 238 238 173 93 239 239 171 91 173 93 172 92 232 232 71 57 145 70 240 240 165 84 240 240 241 241 165 84 241 241 242 242 165 84 242 242 176 100 165 84 243 243 170 90 155 82 178 103 243 243 155 82 244 244 205 183 207 189 245 245 244 244 207 189 246 246 245 245 207 189 208 191 246 246 207 189 229 229 228 228 206 186 228 228 247 247 206 186 247 247 209 194 206 186 248 248 246 246 208 191 210 201 248 248 208 191 247 247 249 249 209 194 250 250 211 205 209 194 249 249 250 250 209 194 176 100 213 213 175 98 244 244 204 181 205 183 251 251 178 103 177 102 212 210 251 251 177 102 252 252 151 76 149 75 152 77 252 252 149 75 171 91 253 253 172 92 253 253 232 232 172 92 254 254 231 231 184 120 255 255 254 254 184 120 186 127 255 255 184 120 188 133 256 256 186 127 256 256 255 255 186 127 257 257 256 256 188 133 191 142 257 257 188 133 258 258 257 257 191 142 194 151 258 258 191 142 196 155 259 259 194 151 259 259 258 258 194 151 260 260 259 259 196 155 198 161 260 260 196 155 261 261 260 260 198 161 202 175 261 261 198 161 204 181 262 262 202 175 262 262 261 261 202 175 245 245 263 263 204 181 244 244 245 245 204 181 263 263 262 262 204 181 254 254 214 214 231 231 264 264 167 87 166 86 237 237 264 264 166 86 265 265 154 81 151 76 252 252 265 265 151 76 266 266 267 267 152 77 267 267 268 268 152 77 268 268 252 252 152 77 153 78 266 266 152 77 268 268 265 265 252 252 239 239 269 269 171 91 269 269 253 253 171 91 270 270 248 248 210 201 213 213 270 270 210 201 250 250 271 271 211 205 271 271 212 210 211 205 255 255 272 272 254 254 272 272 214 214 254 254 264 264 168 88 167 87 273 273 238 238 174 94 274 274 273 273 174 94 275 275 274 274 174 94 236 236 275 275 174 94 238 238 269 269 239 239 246 246 276 276 245 245 276 276 263 263 245 245 233 233 277 277 145 70 277 277 278 278 145 70 278 278 240 240 145 70 279 279 236 236 104 65 170 90 279 279 104 65 280 280 247 247 228 228 230 230 280 280 228 228 242 242 281 281 176 100 281 281 213 213 176 100 282 282 243 243 178 103 251 251 282 282 178 103 283 283 235 235 154 81 265 265 283 283 154 81 264 264 234 234 168 88 267 267 284 284 268 268 284 284 285 285 268 268 285 285 265 265 268 268 286 286 215 215 214 214 272 272 286 286 214 214 287 287 216 216 215 215 286 286 287 287 215 215 288 288 217 217 216 216 287 287 288 288 216 216 289 289 218 218 217 217 288 288 289 289 217 217 290 290 219 219 218 218 289 289 290 290 218 218 291 291 220 220 219 219 290 290 291 291 219 219 292 292 221 221 220 220 291 291 292 292 220 220 293 293 222 222 221 221 292 292 293 293 221 221 294 294 223 223 222 222 293 293 294 294 222 222 295 295 224 224 223 223 294 294 295 295 223 223 296 296 225 225 224 224 295 295 296 296 224 224 297 297 226 226 225 225 296 296 297 297 225 225 298 298 227 227 226 226 297 297 298 298 226 226 299 299 230 230 227 227 298 298 299 299 227 227 300 300 280 280 230 230 301 301 300 300 230 230 299 299 301 301 230 230 300 300 247 247 280 280 232 232 302 302 153 78 302 302 266 266 153 78 255 255 303 303 272 272 303 303 286 286 272 272 273 273 269 269 238 238 274 274 269 269 273 273 281 281 304 304 213 213 304 304 270 270 213 213 305 305 251 251 212 210 271 271 305 305 212 210 264 264 233 233 234 234 306 306 269 269 274 274 275 275 306 306 274 274 307 307 308 308 246 246 308 308 309 309 246 246 309 309 276 276 246 246 310 310 307 307 246 246 248 248 310 310 246 246 285 285 311 311 265 265 311 311 283 283 265 265 300 300 312 312 247 247 312 312 313 313 247 247 313 313 249 249 247 247 266 266 314 314 267 267 314 314 315 315 267 267 315 315 316 316 267 267 316 316 317 317 267 267 317 317 284 284 267 267 318 318 310 310 248 248 270 270 318 318 248 248 313 313 319 319 249 249 320 320 250 250 249 249 319 319 320 320 249 249 309 309 263 263 276 276 301 301 312 312 300 300 317 317 285 285 284 284 277 277 321 321 278 278 321 321 322 322 278 278 322 322 323 323 278 278 323 323 240 240 278 278 324 324 277 277 233 233 264 264 324 324 233 233 325 325 275 275 236 236 279 279 326 326 236 236 326 326 327 327 236 236 327 327 325 325 236 236 328 328 303 303 255 255 256 256 328 328 255 255 257 257 329 329 256 256 329 329 328 328 256 256 330 330 329 329 257 257 258 258 330 330 257 257 331 331 330 330 258 258 259 259 331 331 258 258 260 260 332 332 259 259 332 332 331 331 259 259 333 333 332 332 260 260 261 261 333 333 260 260 334 334 333 333 261 261 262 262 334 334 261 261 263 263 335 335 262 262 335 335 334 334 262 262 336 336 335 335 263 263 309 309 308 308 263 263 308 308 336 336 263 263 328 328 337 337 303 303 337 337 286 286 303 303 338 338 339 339 328 328 339 339 340 340 328 328 340 340 337 337 328 328 329 329 338 338 328 328 330 330 341 341 329 329 341 341 338 338 329 329 342 342 341 341 330 330 331 331 342 342 330 330 343 343 342 342 331 331 332 332 343 343 331 331 333 333 344 344 332 332 344 344 343 343 332 332 345 345 344 344 333 333 334 334 345 345 333 333 346 346 345 345 334 334 335 335 346 346 334 334 336 336 347 347 335 335 347 347 346 346 335 335 348 348 347 347 336 336 308 308 307 307 336 336 307 307 348 348 336 336 323 323 241 241 240 240 349 349 350 350 317 317 350 350 285 285 317 317 316 316 349 349 317 317 340 340 286 286 337 337 243 243 351 351 170 90 352 352 279 279 170 90 351 351 352 352 170 90 324 324 321 321 277 277 350 350 311 311 285 285 304 304 353 353 270 270 353 353 318 318 270 270 315 315 354 354 316 316 354 354 355 355 316 316 355 355 349 349 316 316 320 320 356 356 250 250 356 356 271 271 250 250 340 340 339 339 286 286 339 339 357 357 286 286 357 357 287 287 286 286 357 357 358 358 287 287 358 358 288 288 287 287 358 358 359 359 288 288 359 359 289 289 288 288 359 359 360 360 289 289 360 360 290 290 289 289 360 360 361 361 290 290 361 361 291 291 290 290 361 361 362 362 291 291 362 362 292 292 291 291 362 362 363 363 292 292 363 363 293 293 292 292 363 363 364 364 293 293 364 364 294 294 293 293 364 364 365 365 294 294 365 365 295 295 294 294 365 365 366 366 295 295 366 366 296 296 295 295 366 366 367 367 296 296 367 367 297 297 296 296 367 367 368 368 297 297 368 368 298 298 297 297 368 368 369 369 298 298 369 369 299 299 298 298 369 369 370 370 299 299 370 370 301 301 299 299 370 370 371 371 301 301 371 371 312 312 301 301 325 325 306 306 275 275 372 372 313 313 312 312 371 371 372 372 312 312 373 373 281 281 242 242 241 241 373 373 242 242 282 282 374 374 243 243 374 374 351 351 243 243 375 375 283 283 311 311 350 350 376 376 311 311 376 376 375 375 311 311 377 377 350 350 349 349 355 355 377 377 349 349 375 375 378 378 283 283 378 378 379 379 283 283 379 379 235 235 283 283 380 380 354 354 315 315 314 314 380 380 315 315 379 379 237 237 235 235 327 327 306 306 325 325 381 381 322 322 321 321 324 324 381 381 321 321 382 382 383 383 377 377 383 383 350 350 377 377 355 355 382 382 377 377 384 384 304 304 281 281 373 373 384 384 281 281 326 326 385 385 327 327 385 385 306 306 327 327 386 386 324 324 264 264 237 237 386 386 264 264 302 302 387 387 266 266 387 387 388 388 266 266 388 388 314 314 266 266 389 389 282 282 251 251 305 305 389 389 251 251 253 253 302 302 232 232 383 383 390 390 350 350 390 390 376 376 350 350 391 391 382 382 355 355 392 392 391 391 355 355 354 354 393 393 355 355 393 393 392 392 355 355 306 306 394 394 269 269 394 394 395 395 269 269 395 395 253 253 269 269 396 396 383 383 382 382 391 391 396 396 382 382 397 397 398 398 399 399 398 398 390 390 399 399 390 390 383 383 400 400 383 383 396 396 400 400 396 396 401 401 400 400 391 391 402 402 396 396 376 376 403 403 375 375 403 403 378 378 375 375 398 398 376 376 390 390 310 310 404 404 307 307 404 404 348 348 307 307 338 338 405 405 339 339 405 405 357 357 339 339 392 392 402 402 391 391 393 393 402 402 392 392 406 406 380 380 314 314 388 388 406 406 314 314 407 407 403 403 376 376 408 408 407 407 376 376 398 398 408 408 376 376 322 322 409 409 323 323 409 409 410 410 323 323 410 410 411 411 323 323 411 411 241 241 323 323 412 412 413 413 279 279 413 413 326 326 279 279 414 414 412 412 279 279 352 352 414 414 279 279 415 415 353 353 304 304 384 384 415 415 304 304 416 416 393 393 354 354 380 380 416 416 354 354 381 381 409 409 322 322 397 397 408 408 398 398 417 417 305 305 271 271 356 356 417 417 271 271 397 397 407 407 408 408 405 405 418 418 357 357 418 418 419 419 357 357 419 419 358 358 357 357 419 419 420 420 358 358 420 420 359 359 358 358 420 420 421 421 359 359 421 421 360 360 359 359 421 421 422 422 360 360 422 422 361 361 360 360 422 422 423 423 361 361 423 423 362 362 361 361 423 423 424 424 362 362 424 424 363 363 362 362 424 424 425 425 363 363 425 425 364 364 363 363 425 425 426 426 364 364 426 426 365 365 364 364 426 426 427 427 365 365 427 427 366 366 365 365 427 427 428 428 366 366 428 428 367 367 366 366 428 428 429 429 367 367 429 429 368 368 367 367 429 429 430 430 368 368 430 430 369 369 368 368 430 430 431 431 369 369 431 431 370 370 369 369 431 431 432 432 370 370 432 432 371 371 370 370 433 433 434 434 371 371 434 434 435 435 371 371 435 435 372 372 371 371 432 432 436 436 371 371 436 436 433 433 371 371 338 338 418 418 405 405 435 435 313 313 372 372 413 413 385 385 326 326 416 416 402 402 393 393 437 437 386 386 237 237 379 379 437 437 237 237 411 411 438 438 241 241 438 438 373 373 241 241 439 439 352 352 351 351 374 374 439 439 351 351 440 440 379 379 378 378 403 403 441 441 378 378 441 441 440 440 378 378 395 395 442 442 253 253 442 442 302 302 253 253 443 443 444 444 403 403 444 444 445 445 403 403 445 445 441 441 403 403 407 407 443 443 403 403 446 446 404 404 310 310 447 447 446 446 310 310 448 448 447 447 310 310 318 318 448 448 310 310 434 434 313 313 435 435 449 449 402 402 416 416 380 380 449 449 416 416 433 433 450 450 313 313 434 434 433 433 313 313 451 451 319 319 452 452 453 453 451 451 452 452 446 446 348 348 404 404 443 443 407 407 454 454 455 455 445 445 454 454 445 445 444 444 454 454 444 444 443 443 454 454 456 456 457 457 402 402 449 449 458 458 402 402 458 458 456 456 402 402 380 380 458 458 449 449 353 353 459 459 318 318 459 459 448 448 318 318 406 406 456 456 380 380 456 456 458 458 380 380 460 460 320 320 319 319 451 451 460 460 319 319 461 461 406 406 388 388 387 387 461 461 388 388 462 462 418 418 338 338 463 463 462 462 338 338 341 341 463 463 338 338 342 342 464 464 341 341 464 464 465 465 341 341 465 465 463 463 341 341 343 343 466 466 342 342 466 466 467 467 342 342 467 467 464 464 342 342 468 468 466 466 343 343 344 344 468 468 343 343 345 345 469 469 344 344 469 469 470 470 344 344 470 470 468 468 344 344 346 346 471 471 345 345 471 471 472 472 345 345 472 472 469 469 345 345 473 473 471 471 346 346 347 347 473 473 346 346 348 348 474 474 347 347 474 474 475 475 347 347 475 475 473 473 347 347 446 446 476 476 348 348 476 476 477 477 348 348 477 477 474 474 348 348 478 478 479 479 418 418 462 462 478 478 418 418 479 479 419 419 418 418 480 480 476 476 446 446 481 481 381 381 324 324 386 386 481 481 324 324 482 482 410 410 409 409 381 381 482 482 409 409 412 412 385 385 413 413 438 438 483 483 373 373 483 483 384 384 373 373 389 389 484 484 282 282 484 484 374 374 282 282 385 385 485 485 306 306 485 485 394 394 306 306 414 414 385 385 412 412 486 486 437 437 379 379 440 440 486 486 379 379 487 487 459 459 353 353 415 415 487 487 353 353 488 488 387 387 302 302 442 442 489 489 302 302 489 489 488 488 302 302 490 490 356 356 320 320 460 460 490 490 320 320 483 483 491 491 384 384 491 491 415 415 384 384 492 492 389 389 305 305 417 417 492 492 305 305 445 445 493 493 441 441 493 493 494 494 441 441 494 494 440 440 441 441 482 482 495 495 410 410 495 495 411 411 410 410 494 494 486 486 440 440 479 479 496 496 419 419 496 496 497 497 419 419 497 497 420 420 419 419 498 498 421 421 420 420 497 497 499 499 420 420 499 499 498 498 420 420 498 498 500 500 421 421 500 500 501 501 421 421 501 501 422 422 421 421 501 501 502 502 422 422 502 502 423 423 422 422 502 502 503 503 423 423 503 503 504 504 423 423 504 504 424 424 423 423 504 504 505 505 424 424 505 505 425 425 424 424 505 505 506 506 425 425 506 506 426 426 425 425 507 507 427 427 426 426 506 506 508 508 426 426 508 508 507 507 426 426 507 507 509 509 427 427 509 509 428 428 427 427 509 509 510 510 428 428 510 510 511 511 428 428 511 511 429 429 428 428 511 511 512 512 429 429 512 512 430 430 429 429 512 512 513 513 430 430 513 513 514 514 430 430 514 514 431 431 430 430 514 514 515 515 431 431 515 515 432 432 431 431 515 515 516 516 432 432 516 516 436 436 432 432 516 516 517 517 436 436 517 517 518 518 436 436 518 518 433 433 436 436 519 519 450 450 433 433 518 518 519 519 433 433 478 478 496 496 479 479 520 520 385 385 414 414 521 521 520 520 414 414 522 522 521 521 414 414 352 352 522 522 414 414 482 482 523 523 495 495 523 523 524 524 495 495 524 524 411 411 495 495 524 524 525 525 411 411 525 525 526 526 411 411 526 526 527 527 411 411 527 527 438 438 411 411 461 461 528 528 406 406 528 528 529 529 406 406 529 529 456 456 406 406 437 437 481 481 386 386 439 439 530 530 352 352 530 530 531 531 352 352 531 531 522 522 352 352 531 531 532 532 522 522 532 532 521 521 522 522 488 488 533 533 387 387 533 533 461 461 387 387 529 529 457 457 456 456 534 534 520 520 521 521 532 532 534 534 521 521 535 535 442 442 395 395 394 394 535 535 395 395 523 523 525 525 524 524 536 536 537 537 448 448 537 537 480 480 448 448 459 459 538 538 448 448 538 538 536 536 448 448 539 539 451 451 453 453 540 540 539 539 453 453 450 450 540 540 453 453 455 455 493 493 445 445 541 541 538 538 459 459 542 542 543 543 459 459 543 543 544 544 459 459 544 544 541 541 459 459 487 487 542 542 459 459 545 545 546 546 451 451 546 546 547 547 451 451 547 547 548 548 451 451 548 548 460 460 451 451 539 539 545 545 451 451 455 455 549 549 493 493 549 549 494 494 493 493 528 528 457 457 529 529 550 550 482 482 381 381 481 481 550 550 381 381 527 527 551 551 438 438 551 551 483 483 438 438 491 491 552 552 415 415 552 552 487 487 415 415 490 490 417 417 356 356 553 553 439 439 374 374 484 484 553 553 374 374 523 523 526 526 525 525 520 520 554 554 385 385 554 554 485 485 385 385 530 530 532 532 531 531 555 555 556 556 494 494 549 549 555 555 494 494 556 556 486 486 494 494 557 557 558 558 487 487 558 558 542 542 487 487 552 552 559 559 487 487 559 559 557 557 487 487 560 560 561 561 460 460 561 561 490 490 460 460 548 548 562 562 460 460 562 562 560 560 460 460 563 563 437 437 486 486 556 556 563 563 486 486 564 564 565 565 461 461 565 565 528 528 461 461 533 533 564 564 461 461 551 551 566 566 483 483 566 566 491 491 483 483 492 492 567 567 389 389 567 567 484 484 389 389 489 489 568 568 488 488 568 568 533 533 488 488 569 569 497 497 496 496 478 478 569 569 496 496 462 462 570 570 478 478 570 570 569 569 478 478 569 569 571 571 497 497 571 571 499 499 497 497 571 571 498 498 499 499 463 463 572 572 462 462 572 572 570 570 462 462 573 573 500 500 498 498 573 573 574 574 500 500 574 574 501 501 500 500 465 465 572 572 463 463 464 464 575 575 465 465 576 576 572 572 465 465 574 574 502 502 501 501 574 574 503 503 502 502 467 467 575 575 464 464 577 577 504 504 503 503 574 574 577 577 503 503 466 466 575 575 467 467 577 577 505 505 504 504 577 577 506 506 505 505 578 578 575 575 466 466 468 468 578 578 466 466 577 577 579 579 506 506 579 579 508 508 506 506 470 470 578 578 468 468 579 579 507 507 508 508 469 469 578 578 470 470 580 580 509 509 507 507 581 581 510 510 509 509 580 580 581 581 509 509 472 472 582 582 469 469 582 582 578 578 469 469 581 581 511 511 510 510 471 471 582 582 472 472 581 581 512 512 511 511 581 581 583 583 512 512 583 583 513 513 512 512 473 473 584 584 471 471 584 584 582 582 471 471 583 583 514 514 513 513 583 583 515 515 514 514 475 475 584 584 473 473 474 474 584 584 475 475 585 585 516 516 515 515 583 583 585 585 515 515 585 585 517 517 516 516 477 477 586 586 474 474 586 586 584 584 474 474 585 585 587 587 517 517 587 587 588 588 517 517 588 588 518 518 517 517 476 476 589 589 477 477 589 589 586 586 477 477 590 590 519 519 518 518 588 588 591 591 518 518 591 591 590 590 518 518 592 592 589 589 476 476 480 480 592 592 476 476 590 590 450 450 519 519 537 537 592 592 480 480 523 523 593 593 526 526 593 593 527 527 526 526 590 590 594 594 450 450 594 594 540 540 450 450 594 594 539 539 540 540 536 536 592 592 537 537 594 594 545 545 539 539 595 595 550 550 481 481 437 437 595 595 481 481 596 596 592 592 536 536 538 538 596 596 536 536 597 597 532 532 530 530 598 598 597 597 530 530 439 439 598 598 530 530 541 541 596 596 538 538 599 599 546 546 545 545 594 594 599 599 545 545 544 544 596 596 541 541 600 600 547 547 546 546 601 601 593 593 523 523 602 602 601 601 523 523 482 482 602 602 523 523 600 600 603 603 547 547 603 603 604 604 547 547 604 604 548 548 547 547 605 605 596 596 544 544 606 606 605 605 544 544 543 543 606 606 544 544 565 565 457 457 528 528 607 607 535 535 394 394 485 485 607 607 394 394 455 455 555 555 549 549 608 608 606 606 543 543 542 542 608 608 543 543 604 604 562 562 548 548 597 597 534 534 532 532 609 609 610 610 527 527 593 593 611 611 527 527 611 611 609 609 527 527 610 610 551 551 527 527 612 612 598 598 439 439 553 553 612 612 439 439 558 558 608 608 542 542 613 613 555 555 455 455 614 614 615 615 455 455 615 615 616 616 455 455 616 616 613 613 455 455 565 565 564 564 457 457 564 564 617 617 457 457 617 617 618 618 457 457 619 619 559 559 552 552 491 491 620 620 552 552 620 620 621 621 552 552 621 621 619 619 552 552 622 622 623 623 491 491 623 623 620 620 491 491 566 566 624 624 491 491 624 624 622 622 491 491 613 613 556 556 555 555 625 625 417 417 490 490 561 561 626 626 490 490 626 626 627 627 490 490 627 627 628 628 490 490 628 628 629 629 490 490 629 629 625 625 490 490 630 630 560 560 562 562 604 604 630 630 562 562 625 625 631 631 417 417 632 632 492 492 417 417 631 631 632 632 417 417 533 533 617 617 564 564 616 616 556 556 613 613 633 633 595 595 437 437 563 563 633 633 437 437 630 630 561 561 560 560 557 557 608 608 558 558 630 630 626 626 561 561 634 634 608 608 557 557 559 559 634 634 557 557 601 601 611 611 593 593 535 535 635 635 442 442 635 635 636 636 442 442 636 636 489 489 442 442 637 637 602 602 482 482 550 550 637 637 482 482 616 616 638 638 556 556 638 638 563 563 556 556 638 638 633 633 563 563 619 619 639 639 559 559 639 639 634 634 559 559 534 534 640 640 520 520 640 640 554 554 520 520 630 630 641 641 626 626 641 641 627 627 626 626 568 568 617 617 533 533 642 642 566 566 551 551 610 610 642 642 551 551 601 601 609 609 611 611 643 643 553 553 484 484 567 567 643 643 484 484 644 644 628 628 627 627 641 641 644 644 627 627 636 636 645 645 489 489 645 645 568 568 489 489 621 621 639 639 619 619 612 612 597 597 598 598 644 644 629 629 628 628 646 646 639 639 621 621 620 620 646 646 621 621 608 608 647 647 606 606 647 647 648 648 606 606 648 648 605 605 606 606 649 649 630 630 604 604 603 603 650 650 604 604 650 650 649 649 604 604 651 651 652 652 609 609 601 601 651 651 609 609 652 652 610 610 609 609 653 653 625 625 629 629 644 644 653 653 629 629 623 623 646 646 620 620 654 654 634 634 639 639 646 646 654 654 639 639 655 655 653 653 644 644 641 641 655 655 644 644 656 656 597 597 612 612 553 553 656 656 612 612 657 657 637 637 550 550 595 595 657 657 550 550 658 658 659 659 566 566 659 659 624 624 566 566 660 660 661 661 566 566 661 661 662 662 566 566 662 662 658 658 566 566 642 642 660 660 566 566 663 663 607 607 485 485 554 554 663 663 485 485 632 632 664 664 492 492 664 664 665 665 492 492 665 665 666 666 492 492 666 666 667 667 492 492 667 667 567 567 492 492 615 615 638 638 616 616 602 602 651 651 601 601 668 668 646 646 623 623 622 622 668 668 623 623 653 653 631 631 625 625 669 669 618 618 617 617 568 568 669 669 617 617 656 656 670 670 597 597 671 671 534 534 597 597 670 670 671 671 597 597 672 672 657 657 595 595 633 633 672 672 595 595 673 673 670 670 656 656 674 674 673 673 656 656 553 553 674 674 656 656 675 675 676 676 610 610 652 652 675 675 610 610 676 676 642 642 610 610 677 677 674 674 553 553 643 643 677 677 553 553 607 607 678 678 535 535 678 678 635 635 535 535 615 615 679 679 638 638 680 680 633 633 638 638 681 681 680 680 638 638 679 679 681 681 638 638 682 682 632 632 631 631 653 653 682 682 631 631 680 680 672 672 633 633 624 624 668 668 622 622 682 682 664 664 632 632 683 683 668 668 624 624 659 659 683 683 624 624 614 614 679 679 615 615 637 637 684 684 602 602 684 684 685 685 602 602 685 685 651 651 602 602 645 645 686 686 568 568 686 686 669 669 568 568 687 687 645 645 636 636 635 635 687 687 636 636 688 688 673 673 674 674 677 677 688 688 674 674 671 671 689 689 534 534 689 689 640 640 534 534 651 651 675 675 652 652 651 651 690 690 675 675 691 691 676 676 675 675 688 688 670 670 673 673 692 692 670 670 688 688 677 677 692 692 688 688 693 693 694 694 642 642 694 694 695 695 642 642 695 695 660 660 642 642 676 676 693 693 642 642 696 696 697 697 567 567 667 667 696 696 567 567 698 698 643 643 567 567 697 697 698 698 567 567 657 657 699 699 637 637 699 699 684 684 637 637 668 668 700 700 646 646 701 701 654 654 646 646 700 700 701 701 646 646 702 702 682 682 653 653 703 703 702 702 653 653 655 655 703 703 653 653 682 682 704 704 664 664 705 705 665 665 664 664 704 704 705 705 664 664 706 706 683 683 659 659 707 707 706 706 659 659 658 658 707 707 659 659 708 708 663 663 554 554 640 640 708 708 554 554 662 662 707 707 658 658 705 705 666 666 665 665 661 661 707 707 662 662 705 705 667 667 666 666 614 614 681 681 679 679 685 685 709 709 651 651 709 709 690 690 651 651 710 710 711 711 608 608 711 711 712 712 608 608 712 712 647 647 608 608 634 634 710 710 608 608 649 649 713 713 630 630 713 713 714 714 630 630 714 714 641 641 630 630 672 672 715 715 657 657 715 715 699 699 657 657 692 692 716 716 670 670 716 716 717 717 670 670 717 717 718 718 670 670 719 719 671 671 670 670 718 718 719 719 670 670 686 686 618 618 669 669 705 705 696 696 667 667 660 660 720 720 661 661 720 720 707 707 661 661 663 663 721 721 607 607 721 721 678 678 607 607 681 681 722 722 680 680 722 722 723 723 680 680 723 723 724 724 680 680 724 724 672 672 680 680 725 725 726 726 676 676 727 727 728 728 676 676 728 728 729 729 676 676 729 729 725 725 676 676 691 691 727 727 676 676 726 726 693 693 676 676 698 698 730 730 643 643 730 730 731 731 643 643 731 731 732 732 643 643 732 732 733 733 643 643 734 734 677 677 643 643 733 733 734 734 643 643 724 724 715 715 672 672 735 735 618 618 686 686 645 645 735 735 686 686 709 709 736 736 690 690 736 736 737 737 690 690 738 738 739 739 691 691 739 739 727 727 691 691 677 677 716 716 692 692 740 740 687 687 635 635 678 678 740 740 635 635 687 687 741 741 645 645 741 741 742 742 645 645 742 742 735 735 645 645 743 743 744 744 727 727 744 744 728 728 727 727 745 745 746 746 727 727 747 747 743 743 727 727 746 746 747 747 727 727 739 739 745 745 727 727 717 717 716 716 677 677 734 734 748 748 677 677 749 749 717 717 677 677 750 750 749 749 677 677 748 748 750 750 677 677 720 720 751 751 707 707 751 751 706 706 707 707 704 704 752 752 705 705 752 752 753 753 705 705 753 753 696 696 705 705 695 695 720 720 660 660 694 694 754 754 695 695 755 755 720 720 695 695 754 754 755 755 695 695 753 753 697 697 696 696 753 753 756 756 697 697 756 756 698 698 697 697 693 693 754 754 694 694 756 756 730 730 698 698 737 737 745 745 739 739 757 757 586 586 589 589 758 758 757 757 589 589 592 592 758 758 589 589 759 759 594 594 590 590 591 591 759 759 590 590 760 760 761 761 614 614 761 761 762 762 614 614 762 762 723 723 614 614 723 723 722 722 614 614 722 722 681 681 614 614 735 735 742 742 618 618 742 742 741 741 618 618 741 741 763 763 618 618 737 737 746 746 745 745 764 764 718 718 717 717 765 765 764 764 717 717 766 766 765 765 717 717 767 767 700 700 668 668 768 768 767 767 668 668 683 683 768 768 668 668 769 769 770 770 682 682 770 770 771 771 682 682 702 702 769 769 682 682 771 771 704 704 682 682 699 699 772 772 684 684 772 772 773 773 684 684 773 773 685 685 684 684 774 774 708 708 640 640 689 689 774 774 640 640 726 726 754 754 693 693 756 756 731 731 730 730 725 725 754 754 726 726 756 756 732 732 731 731 685 685 736 736 709 709 775 775 754 754 725 725 776 776 775 775 725 725 729 729 776 776 725 725 777 777 733 733 732 732 778 778 777 777 732 732 756 756 778 778 732 732 762 762 724 724 723 723 715 715 779 779 699 699 779 779 772 772 699 699 777 777 734 734 733 733 728 728 776 776 729 729 737 737 780 780 746 746 780 780 747 747 746 746 781 781 782 782 634 634 654 654 781 781 634 634 782 782 710 710 634 634 783 783 655 655 641 641 714 714 783 783 641 641 708 708 784 784 663 663 784 784 721 721 663 663 785 785 764 764 765 765 766 766 785 785 765 765 724 724 786 786 715 715 786 786 779 779 715 715 736 736 787 787 737 737 787 787 780 780 737 737 762 762 761 761 724 724 761 761 788 788 724 724 788 788 786 786 724 724 789 789 776 776 728 728 777 777 748 748 734 734 785 785 790 790 764 764 790 790 791 791 764 764 791 791 718 718 764 764 792 792 793 793 794 794 777 777 792 792 748 748 747 747 795 795 743 743 792 792 766 766 793 793 771 771 796 796 704 704 796 796 752 752 704 704 780 780 797 797 747 747 797 797 798 798 747 747 798 798 795 795 747 747 792 792 799 799 766 766 799 799 790 790 766 766 790 790 785 785 766 766 800 800 740 740 678 678 721 721 800 800 678 678 795 795 776 776 789 789 801 801 799 799 792 792 777 777 802 802 792 792 802 802 803 803 792 792 803 803 801 801 792 792 740 740 804 804 687 687 804 804 805 805 687 687 805 805 741 741 687 687 755 755 751 751 720 720 806 806 736 736 685 685 773 773 807 807 685 685 807 807 806 806 685 685 808 808 768 768 683 683 706 706 808 808 683 683 770 770 809 809 771 771 809 809 810 810 771 771 810 810 796 796 771 771 719 719 811 811 671 671 811 811 812 812 671 671 812 812 689 689 671 671 787 787 797 797 780 780 799 799 791 791 790 790 805 805 763 763 741 741 701 701 813 813 654 654 814 814 781 781 654 654 813 813 814 814 654 654 783 783 815 815 655 655 815 815 816 816 655 655 816 816 817 817 655 655 817 817 703 703 655 655 775 775 755 755 754 754 753 753 778 778 756 756 818 818 807 807 773 773 772 772 818 818 773 773 787 787 798 798 797 797 819 819 820 820 592 592 821 821 819 819 592 592 822 822 758 758 592 592 820 820 822 822 592 592 823 823 599 599 594 594 824 824 823 823 594 594 825 825 826 826 594 594 826 826 827 827 594 594 827 827 828 828 594 594 828 828 824 824 594 594 759 759 825 825 594 594 787 787 795 795 798 798 806 806 829 829 736 736 829 829 830 830 736 736 830 830 787 787 736 736 812 812 831 831 689 689 831 831 774 774 689 689 801 801 791 791 799 799 832 832 719 719 718 718 833 833 832 832 718 718 791 791 833 833 718 718 834 834 835 835 701 701 835 835 836 836 701 701 836 836 813 813 701 701 700 700 834 834 701 701 817 817 837 837 703 703 837 837 838 838 703 703 838 838 702 702 703 703 839 839 818 818 772 772 779 779 839 839 772 772 755 755 840 840 751 751 840 840 841 841 751 751 841 841 706 706 751 751 796 796 842 842 752 752 842 842 843 843 752 752 843 843 753 753 752 752 795 795 844 844 776 776 844 844 845 845 776 776 845 845 846 846 776 776 846 846 847 847 776 776 847 847 848 848 776 776 848 848 775 775 776 776 849 849 850 850 777 777 850 850 851 851 777 777 851 851 802 802 777 777 778 778 852 852 777 777 852 852 853 853 777 777 853 853 849 849 777 777 854 854 808 808 706 706 841 841 854 854 706 706 810 810 855 855 796 796 855 855 842 842 796 796 760 760 788 788 761 761 830 830 795 795 787 787 774 774 856 856 708 708 856 856 784 784 708 708 801 801 803 803 791 791 803 803 857 857 791 791 857 857 833 833 791 791 858 858 839 839 779 779 786 786 858 858 779 779 775 775 859 859 755 755 859 859 840 840 755 755 843 843 860 860 753 753 860 860 861 861 753 753 861 861 778 778 753 753 804 804 763 763 805 805 862 862 858 858 786 786 788 788 862 862 786 786 863 863 800 800 721 721 784 784 863 863 721 721 767 767 864 864 700 700 864 864 834 834 700 700 838 838 865 865 702 702 865 865 866 866 702 702 866 866 769 769 702 702 867 867 868 868 740 740 868 868 804 804 740 740 869 869 867 867 740 740 800 800 869 869 740 740 802 802 857 857 803 803 830 830 844 844 795 795 830 830 845 845 844 844 851 851 857 857 802 802 848 848 870 870 775 775 870 870 871 871 775 775 871 871 859 859 775 775 861 861 872 872 778 778 872 872 852 852 778 778 873 873 854 854 841 841 874 874 873 873 841 841 840 840 874 874 841 841 855 855 875 875 842 842 875 875 876 876 842 842 876 876 843 843 842 842 830 830 877 877 845 845 878 878 846 846 845 845 877 877 878 878 845 845 879 879 880 880 767 767 880 880 881 881 767 767 881 881 864 864 767 767 768 768 879 879 767 767 882 882 883 883 769 769 883 883 770 770 769 769 866 866 882 882 769 769 859 859 884 884 840 840 884 884 874 874 840 840 876 876 885 885 843 843 885 885 886 886 843 843 887 887 888 888 807 807 818 818 887 887 807 807 888 888 806 806 807 807 873 873 889 889 854 854 889 889 890 890 854 854 890 890 891 891 854 854 891 891 892 892 854 854 892 892 808 808 854 854 809 809 893 893 810 810 893 893 894 894 810 810 894 894 895 895 810 810 895 895 855 855 810 810 811 811 896 896 812 812 896 896 831 831 812 812 868 868 763 763 804 804 808 808 879 879 768 768 883 883 897 897 770 770 897 897 809 809 770 770 829 829 877 877 830 830 851 851 898 898 857 857 898 898 899 899 857 857 899 899 833 833 857 857 900 900 887 887 818 818 839 839 900 900 818 818 871 871 901 901 859 859 901 901 884 884 859 859 902 902 903 903 861 861 903 903 872 872 861 861 886 886 902 902 861 861 904 904 905 905 808 808 905 905 879 879 808 808 892 892 906 906 808 808 906 906 904 904 808 808 897 897 907 907 809 809 907 907 908 908 809 809 908 908 893 893 809 809 909 909 873 873 874 874 910 910 909 909 874 874 884 884 910 910 874 874 911 911 885 885 876 876 875 875 911 911 876 876 909 909 912 912 873 873 912 912 913 913 873 873 913 913 889 889 873 873 914 914 915 915 855 855 895 895 914 914 855 855 915 915 875 875 855 855 878 878 847 847 846 846 831 831 916 916 774 774 916 916 856 856 774 774 878 878 848 848 847 847 850 850 917 917 851 851 917 917 898 898 851 851 918 918 848 848 878 878 877 877 918 918 878 878 849 849 917 917 850 850 853 853 917 917 849 849 919 919 900 900 839 839 858 858 919 919 839 839 853 853 920 920 917 917 921 921 898 898 917 917 920 920 921 921 917 917 760 760 862 862 788 788 922 922 829 829 806 806 888 888 922 922 806 806 918 918 870 870 848 848 852 852 920 920 853 853 923 923 586 586 757 757 924 924 923 923 757 757 925 925 926 926 927 927 928 928 923 923 924 924 925 925 929 929 926 926 930 930 923 923 928 928 931 931 932 932 929 929 925 925 931 931 929 929 933 933 923 923 930 930 931 931 934 934 932 932 931 931 935 935 934 934 936 936 923 923 933 933 931 931 937 937 935 935 938 938 939 939 936 936 939 939 923 923 936 936 940 940 941 941 937 937 931 931 940 940 937 937 781 781 942 942 943 943 942 942 944 944 943 943 944 944 945 945 943 943 945 945 946 946 943 943 947 947 939 939 938 938 948 948 949 949 941 941 949 949 950 950 941 941 950 950 951 951 941 941 940 940 948 948 941 941 814 814 942 942 781 781 950 950 952 952 815 815 952 952 816 816 815 815 953 953 920 920 852 852 872 872 953 953 852 852 918 918 954 954 870 870 955 955 871 871 870 870 956 956 906 906 892 892 891 891 956 956 892 892 908 908 957 957 893 893 957 957 958 958 893 893 958 958 894 894 893 893 959 959 919 919 858 858 862 862 959 959 858 858 832 832 960 960 719 719 960 960 811 811 719 719 961 961 962 962 760 760 962 962 959 959 760 760 959 959 862 862 760 760 868 868 867 867 763 763 867 867 869 869 763 763 869 869 963 963 763 763 963 963 964 964 763 763 965 965 863 863 784 784 856 856 965 965 784 784 918 918 966 966 955 955 966 966 871 871 955 955 901 901 967 967 884 884 967 967 910 910 884 884 885 885 902 902 886 886 968 968 956 956 891 891 969 969 968 968 891 891 890 890 969 969 891 891 958 958 970 970 894 894 970 970 971 971 894 894 971 971 895 895 894 894 963 963 869 869 800 800 863 863 963 963 800 800 972 972 973 973 909 909 973 973 912 912 909 909 910 910 972 972 909 909 974 974 975 975 875 875 915 915 974 974 875 875 975 975 911 911 875 875 889 889 976 976 890 890 976 976 969 969 890 890 971 971 977 977 895 895 977 977 914 914 895 895 922 922 978 978 829 829 978 978 877 877 829 829 979 979 976 976 889 889 980 980 979 979 889 889 913 913 980 980 889 889 977 977 981 981 914 914 981 981 982 982 914 914 982 982 915 915 914 914 966 966 983 983 871 871 983 983 901 901 871 871 903 903 984 984 872 872 984 984 985 985 872 872 985 985 953 953 872 872 986 986 832 832 833 833 899 899 986 986 833 833 987 987 972 972 910 910 967 967 987 987 910 910 911 911 902 902 885 885 988 988 980 980 913 913 989 989 988 988 913 913 990 990 989 989 913 913 912 912 990 990 913 913 982 982 991 991 915 915 991 991 974 974 915 915 918 918 983 983 966 966 992 992 918 918 877 877 978 978 992 992 877 877 985 985 920 920 953 953 921 921 993 993 898 898 993 993 899 899 898 898 994 994 990 990 912 912 973 973 994 994 912 912 995 995 975 975 974 974 991 991 995 995 974 974 996 996 816 996 952 996 997 997 996 998 952 952 950 950 997 997 952 952 984 984 998 999 985 985 998 999 920 920 985 985 918 918 999 1000 983 983 999 1000 901 901 983 983 1000 1001 999 1000 918 918 1001 1002 1000 1001 918 918 992 992 1001 1002 918 918 1002 1003 994 994 973 973 972 972 1002 1003 973 973 995 995 1003 1004 975 975 1003 1004 911 911 975 975 1000 1001 1004 1005 901 901 999 1000 1000 1001 901 901 1004 1005 967 967 901 901 1005 1006 1006 1007 903 903 1006 1007 1007 1008 903 903 1007 1008 984 984 903 903 902 902 1005 1006 903 903 1008 1009 921 921 920 920 998 999 1008 1009 920 920 1009 1010 1002 1003 972 972 987 987 1009 1010 972 972 1010 1011 902 902 911 911 1011 1012 1010 1011 911 911 1012 1013 1011 1012 911 911 1003 1004 1012 1013 911 911 814 814 944 944 942 942 1013 1014 888 888 887 887 1014 1015 1013 1014 887 887 900 900 1014 1015 887 887 896 896 1015 1016 831 831 1015 1016 916 916 831 831 1001 1002 1004 1005 1000 1001 1016 1017 1017 1018 967 967 1018 1019 1016 1017 967 967 1017 1018 1019 1020 967 967 1019 1020 1020 1021 967 967 1020 1021 1021 1022 967 967 1004 1005 1018 1019 967 967 1021 1022 987 987 967 967 1022 1023 1023 1024 902 902 1010 1011 1024 1025 902 902 1024 1025 1025 1026 902 902 1025 1026 1022 1023 902 902 1023 1024 1005 1006 902 902 1007 1008 998 999 984 984 1026 1027 1027 1028 814 814 1027 1028 945 945 814 814 945 945 944 944 814 814 813 813 1026 1027 814 814 1028 1029 1014 1015 900 900 919 919 1028 1029 900 900 1009 1010 1029 1030 1002 1003 1029 1030 1030 1031 1002 1003 1030 1031 994 994 1002 1003 1031 1032 1032 1033 1012 1013 1032 1033 1011 1012 1012 1013 1003 1004 1031 1032 1012 1013 1033 1034 990 990 994 994 1030 1031 1034 1035 994 994 1034 1035 1033 1034 994 994 995 995 1035 1036 1003 1004 1036 1037 1031 1032 1003 1004 1037 1038 1038 1039 1009 1010 1038 1039 1039 1040 1009 1010 1039 1040 1029 1030 1009 1010 987 987 1037 1038 1009 1010 1032 1033 1040 1041 1011 1012 1040 1041 1041 1042 1011 1012 1041 1042 1042 1043 1011 1012 1042 1043 1010 1011 1011 1012 1021 1022 1037 1038 987 987 1043 1044 1044 1045 1010 1011 1044 1045 1024 1025 1010 1011 1042 1043 1043 1044 1010 1011 1006 1007 998 999 1007 1008 1045 1046 989 989 990 990 1046 1047 1045 1046 990 990 1033 1034 1047 1048 990 990 1047 1048 1046 1047 990 990 1048 1049 1049 1050 995 995 991 991 1050 1051 995 995 1050 1051 1048 1049 995 995 1049 1050 1035 1036 995 995 962 962 919 919 959 959 949 949 997 997 950 950 1051 1052 1052 1053 1037 1038 1052 1053 1038 1039 1037 1038 1053 1054 1051 1052 1037 1038 1021 1022 1053 1054 1037 1038 1054 1055 1055 1056 1042 1043 1041 1042 1056 1057 1042 1043 1056 1057 1054 1055 1042 1043 1055 1056 1043 1044 1042 1043 1001 1002 1057 1058 1004 1005 1057 1058 1018 1019 1004 1005 1005 1006 1058 1059 1006 1007 1058 1059 998 999 1006 1007 1059 1060 1028 1029 919 919 962 962 1059 1060 919 919 1060 1061 1061 1062 978 978 922 922 1060 1061 978 978 1061 1062 992 992 978 978 916 916 1062 1063 856 856 1062 1063 965 965 856 856 1063 1064 996 998 997 997 1064 1065 1063 1064 997 997 949 949 1064 1065 997 997 1027 1028 946 946 945 945 948 948 1064 1065 949 949 940 940 1064 1065 948 948 1027 1028 947 947 946 946 1045 1046 988 988 989 989 1065 1066 1066 1067 991 991 1066 1067 1050 1051 991 991 940 940 1063 1064 1064 1065 1027 1028 939 939 947 947 1067 1068 1068 1069 1051 1052 1068 1069 1069 1070 1051 1052 1069 1070 1052 1053 1051 1052 1070 1071 1067 1068 1051 1052 1053 1054 1070 1071 1051 1052 1071 1072 1055 1056 1054 1055 1056 1057 1072 1073 1054 1055 1072 1073 1071 1072 1054 1055 1073 1074 1074 1075 1075 1076 1076 1077 1077 1078 1078 1079 1079 1080 1074 1075 1073 1074 1076 1077 1080 1081 1077 1078 1081 1082 1074 1075 1079 1080 1076 1077 1082 1083 1080 1081 1083 1084 1084 1085 1082 1083 1085 1086 1083 1084 1082 1083 1086 1087 1074 1075 1081 1082 1087 1088 1088 1089 1086 1087 1089 1090 1090 1090 1084 1090 1091 1091 1092 1092 1093 1093 1094 1094 1092 1092 1091 1091 1095 1095 1092 1092 1094 1094 1096 1096 1097 1097 1098 1098 1096 1096 1099 1099 1097 1097 1096 1096 1100 1100 1099 1099 1101 1101 1092 1092 1095 1095 1096 1096 1065 1066 1100 1100 1102 1102 1103 1103 1104 1104 988 988 1102 1102 1104 1104 1045 1046 1102 1102 988 988 1105 1105 1102 1102 1045 1046 1032 1033 1041 1042 1040 1041 1032 1033 1106 1106 1041 1042 1031 1032 1106 1106 1032 1033 1107 1107 1087 1088 1101 1101 1036 1037 1106 1106 1031 1032 1034 1035 1108 1108 1033 1034 1030 1031 1108 1108 1034 1035 1109 1109 1106 1106 1036 1037 1029 1030 1108 1108 1030 1031 1110 1110 1111 1111 1029 1030 1039 1040 1110 1110 1029 1030 1112 1112 1055 1056 1113 1113 1114 1114 1112 1112 1113 1113 1115 1115 1116 1116 1113 1113 1038 1039 1110 1110 1039 1040 1117 1117 1118 1118 1119 1119 1120 1120 1117 1117 1119 1119 1121 1121 1120 1120 1119 1119 1122 1122 1121 1121 1119 1119 1123 1123 1122 1122 1119 1119 1070 1071 1123 1123 1119 1119 1118 1118 1070 1071 1119 1119 1121 1121 1124 1124 1120 1120 1102 1102 1125 1125 1103 1103 1126 1126 1055 1056 1112 1112 1114 1114 1126 1126 1112 1112 1110 1110 1067 1068 1118 1118 1117 1117 1110 1110 1118 1118 1067 1068 1070 1071 1118 1118 1096 1096 1066 1067 1065 1066 1127 1127 1055 1056 1126 1126 1128 1128 1127 1127 1126 1126 1114 1114 1128 1128 1126 1126 1129 1129 1130 1130 1131 1131 1130 1130 1128 1128 1131 1131 1132 1132 1130 1130 1129 1129 1133 1133 1130 1130 1132 1132 1116 1116 1134 1134 1135 1135 1130 1130 1136 1136 1128 1128 1137 1137 1127 1127 1128 1128 1136 1136 1137 1137 1128 1128 1096 1096 1050 1051 1066 1067 1102 1102 1138 1138 1125 1125 1121 1121 1139 1139 1124 1124 1140 1140 1141 1141 1139 1139 1121 1121 1140 1140 1139 1139 1141 1141 1130 1130 1133 1133 1140 1140 1130 1130 1141 1141 1142 1142 1143 1142 1144 1142 1145 1143 1142 1143 1144 1143 1146 1144 1142 1144 1145 1144 1147 1145 1146 1145 1145 1145 1148 1146 1149 1146 1143 1146 1149 1147 1150 1147 1143 1147 1151 1148 1146 1148 1147 1148 1152 1149 1151 1149 1147 1149 1149 1142 1153 1142 1150 1142 1154 1150 1151 1150 1152 1150 1155 1151 1154 1151 1152 1151 1156 1152 1157 1152 1153 1152 1149 1142 1156 1142 1153 1142 1158 1153 1154 1153 1155 1153 1159 1154 1158 1154 1155 1154 1160 1155 1161 1155 1157 1155 1156 1142 1160 1142 1157 1142 1162 1142 1158 1142 1159 1142 1163 1156 1162 1156 1159 1156 1164 1142 1165 1142 1166 1142 1167 1157 1164 1157 1166 1157 1168 1142 1167 1142 1166 1142 1169 1142 1168 1142 1166 1142 1165 1158 1161 1158 1166 1158 1170 1159 1168 1159 1169 1159 1171 1160 1162 1160 1163 1160 1171 1161 1172 1161 1162 1161 1173 1142 1168 1142 1170 1142 1167 1142 1174 1142 1164 1142 1175 1142 1172 1142 1171 1142 1175 1162 1176 1162 1172 1162 1177 1142 1168 1142 1173 1142 1178 1142 1179 1142 1168 1142 1177 1142 1180 1142 1168 1142 1181 1163 1178 1163 1168 1163 1088 1089 1176 1164 1175 1165 1181 1166 1083 1084 1178 1167 1083 1084 1085 1086 1178 1167 1088 1089 1182 1168 1176 1164 1183 1169 1180 1169 1177 1169 1087 1088 1182 1168 1088 1089 1087 1088 1184 1170 1182 1168 1185 1171 1180 1171 1183 1171 1087 1088 1107 1107 1184 1170 1107 1107 1186 1172 1184 1170 1187 1173 1188 1173 1185 1173 1188 1142 1180 1142 1185 1142 1107 1107 1111 1111 1186 1172 1111 1111 1189 1174 1186 1172 1190 1175 1115 1115 1187 1176 1115 1115 1188 1177 1187 1176 1117 1117 1191 1178 1189 1174 1111 1111 1110 1110 1189 1174 1110 1110 1117 1117 1189 1174 1191 1178 1116 1116 1190 1175 1116 1116 1115 1115 1190 1175 1117 1117 1134 1134 1191 1178 1134 1134 1116 1116 1191 1178 1121 1121 1192 1179 1140 1140 1192 1179 1130 1130 1140 1140 1193 1180 986 986 899 899 993 993 1193 1180 899 899 1127 1127 1194 1181 1055 1056 1194 1181 1043 1044 1055 1056 1053 1054 1123 1123 1070 1071 1195 1182 1001 1002 992 992 1061 1062 1195 1182 992 992 1196 1183 964 964 963 963 863 863 1196 1183 963 963 1192 1179 1197 1184 1130 1130 1197 1184 1136 1136 1130 1130 1198 1185 1199 1186 1121 1121 1199 1186 1200 1187 1121 1121 1200 1187 1192 1179 1121 1121 1122 1122 1198 1185 1121 1121 1057 1058 1016 1017 1018 1019 1201 1188 1196 1183 863 863 965 965 1201 1188 863 863 1195 1182 1057 1058 1001 1002 1008 1009 1202 1189 921 921 1202 1189 993 993 921 921 1203 1190 1008 1009 998 999 1058 1059 1203 1190 998 999 1137 1137 1204 1191 1127 1127 1204 1191 1194 1181 1127 1127 1205 1192 1122 1122 1123 1123 1206 1193 1205 1192 1123 1123 1053 1054 1206 1193 1123 1123 1057 1058 1017 1018 1016 1017 1200 1187 1197 1184 1192 1179 1197 1184 1207 1194 1136 1136 1208 1195 1137 1137 1136 1136 1207 1194 1208 1195 1136 1136 1205 1192 1198 1185 1122 1122 1023 1024 1058 1059 1005 1006 961 961 1059 1060 962 962 1194 1181 1209 1196 1043 1044 1209 1196 1044 1045 1043 1044 1021 1022 1210 1197 1053 1054 1210 1197 1211 1198 1053 1054 1211 1198 1212 1199 1053 1054 1212 1199 1206 1193 1053 1054 1213 1200 1214 1201 888 888 1013 1014 1213 1200 888 888 1214 1201 922 922 888 888 1199 1186 1215 1202 1200 1187 1215 1202 1197 1184 1200 1187 1208 1195 1216 1203 1137 1137 1216 1203 1204 1191 1137 1137 1217 1204 1198 1185 1205 1192 1218 1205 1217 1204 1205 1192 1206 1193 1218 1205 1205 1192 1022 1023 1058 1059 1023 1024 1215 1202 1219 1206 1197 1184 1219 1206 1207 1194 1197 1184 1220 1207 1219 1206 1199 1186 1219 1206 1215 1202 1199 1186 1198 1185 1220 1207 1199 1186 960 960 1221 1208 811 811 1221 1208 1222 1209 811 811 1222 1209 896 896 811 811 1025 1026 1223 1210 1022 1023 1224 1211 1058 1059 1022 1023 1223 1210 1224 1211 1022 1023 1057 1058 1225 1212 1017 1018 1225 1212 1226 1213 1017 1018 1226 1213 1019 1020 1017 1018 1209 1196 1227 1214 1044 1045 1227 1214 1228 1215 1044 1045 1228 1215 1229 1216 1044 1045 1229 1216 1230 1217 1044 1045 1230 1217 1024 1025 1044 1045 1231 1218 1232 1219 1021 1022 1232 1219 1210 1197 1021 1022 1020 1021 1233 1220 1021 1022 1233 1220 1231 1218 1021 1022 1204 1191 1234 1221 1194 1181 1234 1221 1209 1196 1194 1181 1212 1199 1218 1205 1206 1193 1226 1213 1235 1222 1019 1020 1235 1222 1020 1021 1019 1020 1220 1207 1207 1194 1219 1206 1198 1185 1236 1223 1220 1207 1237 1224 1207 1194 1220 1207 1236 1223 1237 1224 1220 1207 1238 1225 1235 1222 1226 1213 1225 1212 1238 1225 1226 1213 1239 1226 1240 1227 1208 1195 1237 1224 1239 1226 1208 1195 1207 1194 1237 1224 1208 1195 1240 1227 1241 1228 1208 1195 1241 1228 1216 1203 1208 1195 1242 1229 1198 1185 1217 1204 1243 1230 1242 1229 1217 1204 1244 1231 1243 1230 1217 1204 1245 1232 1244 1231 1217 1204 1218 1205 1245 1232 1217 1204 1246 1233 1223 1210 1025 1026 1247 1234 1246 1233 1025 1026 1024 1025 1247 1234 1025 1026 1238 1225 1233 1220 1235 1222 1233 1220 1020 1021 1235 1222 1230 1217 1247 1234 1024 1025 1248 1235 1224 1211 1223 1210 1246 1233 1248 1235 1223 1210 1249 1236 1236 1223 1198 1185 1250 1237 1249 1236 1198 1185 1242 1229 1250 1237 1198 1185 1251 1238 1060 1061 922 922 1214 1201 1251 1238 922 922 1238 1225 1231 1218 1233 1220 1230 1217 1246 1233 1247 1234 1249 1236 1252 1239 1236 1223 1253 1240 1237 1224 1236 1223 1252 1239 1253 1240 1236 1223 1254 1241 1213 1200 1013 1014 1014 1015 1254 1241 1013 1014 1195 1182 1255 1242 1057 1058 1255 1242 1225 1212 1057 1058 986 986 1256 1243 832 832 1256 1243 1257 1244 832 832 1257 1244 960 960 832 832 1229 1216 1246 1233 1230 1217 1258 1245 1203 1190 1058 1059 1224 1211 1258 1245 1058 1059 1216 1203 1259 1246 1204 1191 1259 1246 1234 1221 1204 1191 1260 1247 1245 1232 1218 1205 1212 1199 1260 1247 1218 1205 1238 1225 1232 1219 1231 1218 1261 1248 1246 1233 1229 1216 1228 1215 1261 1248 1229 1216 1262 1249 1255 1242 1195 1182 1061 1062 1262 1249 1195 1182 1263 1250 1262 1249 1061 1062 1060 1061 1263 1250 1061 1062 1264 1251 1015 1016 896 896 1222 1209 1264 1251 896 896 1203 1190 1265 1252 1008 1009 1265 1252 1202 1189 1008 1009 1266 1253 1239 1226 1237 1224 1267 1254 1266 1253 1237 1224 1253 1240 1267 1254 1237 1224 1268 1255 1250 1237 1242 1229 1269 1256 1268 1255 1242 1229 1243 1230 1269 1256 1242 1229 1270 1257 1210 1197 1232 1219 1238 1225 1270 1257 1232 1219 1271 1258 1193 1180 993 993 1202 1189 1271 1258 993 993 1272 1259 1270 1257 1238 1225 1225 1212 1272 1259 1238 1225 1273 1260 1248 1235 1246 1233 1261 1248 1273 1260 1246 1233 1227 1214 1261 1248 1228 1215 1274 1261 1254 1241 1014 1015 1028 1029 1274 1261 1014 1015 1275 1262 1261 1248 1227 1214 1209 1196 1275 1262 1227 1214 1276 1263 1211 1198 1210 1197 1270 1257 1276 1263 1210 1197 1234 1221 1275 1262 1209 1196 1276 1263 1212 1199 1211 1198 1249 1236 1277 1264 1252 1239 1277 1264 1253 1240 1252 1239 1276 1263 1260 1247 1212 1199 1259 1246 1275 1262 1234 1221 1276 1263 1278 1265 1260 1247 1278 1265 1245 1232 1260 1247 1250 1237 1279 1266 1249 1236 1279 1266 1277 1264 1249 1236 1280 1267 1267 1254 1253 1240 1277 1264 1280 1267 1253 1240 1268 1255 1279 1266 1250 1237 1269 1256 1279 1266 1268 1255 1281 1268 1062 1063 916 916 1015 1016 1281 1268 916 916 1280 1267 1266 1253 1267 1254 1280 1267 1239 1226 1266 1253 1241 1228 1282 1269 1216 1203 1282 1269 1259 1246 1216 1203 1278 1265 1244 1231 1245 1232 1283 1270 1275 1262 1259 1246 1284 1271 1283 1270 1259 1246 1243 1230 1285 1272 1269 1256 1285 1272 1279 1266 1269 1256 1241 1228 1283 1270 1284 1271 1280 1267 1283 1270 1241 1228 1240 1227 1280 1267 1241 1228 1280 1267 1240 1227 1239 1226 1059 1060 1286 1273 1028 1029 1286 1273 1287 1274 1028 1029 1287 1274 1288 1275 1028 1029 1288 1275 1274 1261 1028 1029 1285 1272 1244 1231 1278 1265 1276 1263 1285 1272 1278 1265 1244 1231 1285 1272 1243 1230 961 961 1286 1273 1059 1060 1279 1266 1289 1276 1277 1264 1289 1276 1280 1267 1277 1264 1255 1242 1290 1277 1225 1212 1290 1277 1272 1259 1225 1212 1291 1278 1276 1263 1270 1257 1272 1259 1291 1278 1270 1257 1292 1279 1258 1245 1224 1211 1248 1235 1292 1279 1224 1211 1293 1280 1273 1260 1261 1248 1275 1262 1293 1280 1261 1248 1294 1281 1201 1188 965 965 1062 1063 1295 1282 965 965 1295 1282 1294 1281 965 965 1213 1200 1296 1283 1214 1201 1296 1283 1251 1238 1214 1201 1201 1188 964 964 1196 1183 1257 1244 1297 1284 960 960 1297 1284 1221 1208 960 960 1298 1285 1290 1277 1255 1242 1262 1249 1298 1285 1255 1242 1299 1286 1285 1272 1276 1263 1291 1278 1299 1286 1276 1263 1283 1270 1293 1280 1275 1262 1258 1245 1300 1287 1203 1190 1300 1287 1265 1252 1203 1190 1251 1238 1301 1288 1060 1061 1301 1288 1263 1250 1060 1061 1302 1289 1298 1285 1262 1249 1263 1250 1302 1289 1262 1249 1193 1180 1303 1290 986 986 1303 1290 1256 1243 986 986 1304 1291 1271 1258 1202 1189 1265 1252 1304 1291 1202 1189 961 961 1287 1274 1286 1273 1290 1277 1305 1292 1272 1259 1305 1292 1291 1278 1272 1259 1306 1293 1292 1279 1248 1235 1273 1260 1306 1293 1248 1235 1299 1286 1307 1294 1285 1272 1307 1294 1279 1266 1285 1272 1308 1295 1293 1280 1283 1270 1280 1267 1308 1295 1283 1270 1309 1296 1296 1283 1213 1200 1254 1241 1309 1296 1213 1200 1279 1266 1310 1297 1289 1276 1310 1297 1280 1267 1289 1276 1311 1298 1310 1297 1279 1266 1312 1299 1311 1298 1279 1266 1307 1294 1312 1299 1279 1266 1313 1300 1308 1295 1280 1267 1310 1297 1313 1300 1280 1267 1314 1301 1264 1251 1222 1209 1221 1208 1314 1301 1222 1209 1311 1298 1313 1300 1310 1297 1288 1275 1287 1274 961 961 1315 1302 1316 1303 961 961 1316 1303 1317 1304 961 961 1317 1304 1288 1275 961 961 1201 1188 1294 1281 964 964 1294 1281 1295 1282 964 964 1295 1282 1318 1305 964 964 1305 1292 1319 1306 1291 1278 1319 1306 1299 1286 1291 1278 1320 1307 1305 1292 1290 1277 1298 1285 1320 1307 1290 1277 1321 1308 1306 1293 1273 1260 1293 1280 1321 1308 1273 1260 1292 1279 1322 1309 1258 1245 1322 1309 1300 1287 1258 1245 1323 1310 1309 1296 1254 1241 1274 1261 1323 1310 1254 1241 1264 1251 1281 1268 1015 1016 1324 1311 1301 1288 1251 1238 1296 1283 1324 1311 1251 1238 1316 1303 1323 1310 1274 1261 1288 1275 1317 1304 1274 1261 1317 1304 1316 1303 1274 1261 1325 1312 1320 1307 1298 1285 1302 1289 1325 1312 1298 1285 1326 1313 1307 1294 1299 1286 1319 1306 1327 1314 1299 1286 1327 1314 1326 1313 1299 1286 1328 1315 1321 1308 1293 1280 1308 1295 1328 1315 1293 1280 1329 1316 1297 1284 1257 1244 1256 1243 1329 1316 1257 1244 1330 1317 1304 1291 1265 1252 1300 1287 1330 1317 1265 1252 1331 1318 1295 1282 1062 1063 1332 1319 1331 1318 1062 1063 1281 1268 1333 1320 1062 1063 1333 1320 1334 1321 1062 1063 1334 1321 1332 1319 1062 1063 1301 1288 1335 1322 1263 1250 1335 1322 1302 1289 1263 1250 1336 1323 1319 1306 1305 1292 1320 1307 1336 1323 1305 1292 1271 1258 1337 1324 1193 1180 1337 1324 1303 1290 1193 1180 1306 1293 1338 1325 1292 1279 1338 1325 1322 1309 1292 1279 1326 1313 1339 1326 1307 1294 1339 1326 1312 1299 1307 1294 1340 1327 1328 1315 1308 1295 1313 1300 1340 1327 1308 1295 1331 1318 1318 1305 1295 1282 1312 1299 1341 1328 1311 1298 1341 1328 1313 1300 1311 1298 1309 1296 1342 1329 1296 1283 1342 1329 1324 1311 1296 1283 1343 1330 1341 1328 1312 1299 1344 1331 1343 1330 1312 1299 1339 1326 1344 1331 1312 1299 1345 1332 1340 1327 1313 1300 1341 1328 1345 1332 1313 1300 1343 1330 1345 1332 1341 1328 1297 1284 1346 1333 1221 1208 1346 1333 1314 1301 1221 1208 1347 1334 1336 1323 1320 1307 1325 1312 1347 1334 1320 1307 1348 1335 1327 1314 1319 1306 1336 1323 1348 1335 1319 1306 1321 1308 1349 1336 1306 1293 1349 1336 1338 1325 1306 1293 1350 1337 1330 1317 1300 1287 1322 1309 1350 1337 1300 1287 1351 1338 1342 1329 1309 1296 1323 1310 1351 1338 1309 1296 1324 1311 1352 1339 1301 1288 1352 1339 1335 1322 1301 1288 1314 1301 1353 1340 1264 1251 1353 1340 1354 1341 1264 1251 1354 1341 1281 1268 1264 1251 1355 1342 1326 1313 1327 1314 1348 1335 1355 1342 1327 1314 1328 1315 1356 1343 1321 1308 1356 1343 1349 1336 1321 1308 1303 1290 1357 1344 1256 1243 1357 1344 1329 1316 1256 1243 1335 1322 1358 1345 1302 1289 1358 1345 1325 1312 1302 1289 1304 1291 1359 1346 1271 1258 1359 1346 1337 1324 1271 1258 1316 1303 1360 1347 1323 1310 1360 1347 1361 1348 1323 1310 1361 1348 1362 1349 1323 1310 1362 1349 1351 1338 1323 1310 1363 1350 1348 1335 1336 1323 1347 1334 1363 1350 1336 1323 1364 1351 1350 1337 1322 1309 1338 1325 1364 1351 1322 1309 1365 1352 1333 1320 1281 1268 1354 1341 1365 1352 1281 1268 1366 1353 1339 1326 1326 1313 1355 1342 1366 1353 1326 1313 1340 1327 1367 1354 1328 1315 1367 1354 1356 1343 1328 1315 1315 1302 1360 1347 1316 1303 1332 1319 1318 1305 1331 1318 1368 1355 1344 1331 1339 1326 1369 1356 1368 1355 1339 1326 1366 1353 1369 1356 1339 1326 1345 1332 1370 1357 1340 1327 1370 1357 1367 1354 1340 1327 1371 1358 1352 1339 1324 1311 1342 1329 1371 1358 1324 1311 1344 1331 1372 1359 1343 1330 1372 1359 1345 1332 1343 1330 1329 1316 1373 1360 1297 1284 1373 1360 1346 1333 1297 1284 1374 1361 1372 1359 1344 1331 1368 1355 1374 1361 1344 1331 1372 1359 1375 1362 1345 1332 1375 1362 1376 1363 1345 1332 1376 1363 1370 1357 1345 1332 1377 1364 1355 1342 1348 1335 1363 1350 1377 1364 1348 1335 1374 1361 1375 1362 1372 1359 1378 1365 1365 1352 1354 1341 1353 1340 1378 1365 1354 1341 1379 1366 1364 1351 1338 1325 1349 1336 1379 1366 1338 1325 1334 1321 1318 1305 1332 1319 1358 1345 1380 1367 1325 1312 1380 1367 1347 1334 1325 1312 1330 1317 1381 1368 1304 1291 1381 1368 1359 1346 1304 1291 1352 1339 1382 1369 1335 1322 1382 1369 1358 1345 1335 1322 1383 1370 1384 1371 1342 1329 1351 1338 1383 1370 1342 1329 1384 1371 1371 1358 1342 1329 1385 1372 1357 1344 1303 1290 1337 1324 1385 1372 1303 1290 1386 1373 1366 1353 1355 1342 1377 1364 1386 1373 1355 1342 1387 1374 1353 1340 1314 1301 1346 1333 1387 1374 1314 1301 1388 1375 1379 1366 1349 1336 1356 1343 1388 1375 1349 1336 1315 1302 1361 1348 1360 1347 1362 1349 1383 1370 1351 1338 1389 1376 1390 1377 1365 1352 1390 1377 1333 1320 1365 1352 1378 1365 1389 1376 1365 1352 1391 1378 1369 1356 1366 1353 1386 1373 1391 1378 1366 1353 1392 1379 1388 1375 1356 1343 1367 1354 1392 1379 1356 1343 1315 1302 1393 1380 1361 1348 1393 1380 1362 1349 1361 1348 1394 1381 1393 1380 1315 1302 1395 1382 1394 1381 1315 1302 1334 1321 1396 1383 1318 1305 1394 1381 1362 1349 1393 1380 1333 1320 1396 1383 1334 1321 1397 1384 1396 1383 1333 1320 1390 1377 1397 1384 1333 1320 1371 1358 1398 1385 1352 1339 1398 1385 1382 1369 1352 1339 1380 1367 1399 1386 1347 1334 1399 1386 1363 1350 1347 1334 1391 1378 1400 1387 1369 1356 1400 1387 1368 1355 1369 1356 1401 1388 1392 1379 1367 1354 1370 1357 1401 1388 1367 1354 1350 1337 1402 1389 1330 1317 1402 1389 1381 1368 1330 1317 1357 1344 1373 1360 1329 1316 1387 1374 1403 1390 1353 1340 1403 1390 1378 1365 1353 1340 1404 1391 1374 1361 1368 1355 1400 1387 1404 1391 1368 1355 1405 1392 1401 1388 1370 1357 1376 1363 1405 1392 1370 1357 1382 1369 1406 1393 1358 1345 1406 1393 1380 1367 1358 1345 1404 1391 1407 1394 1374 1361 1407 1394 1408 1395 1374 1361 1408 1395 1409 1396 1374 1361 1409 1396 1375 1362 1374 1361 1409 1396 1405 1392 1376 1363 1375 1362 1409 1396 1376 1363 1394 1381 1410 1397 1362 1349 1410 1397 1383 1370 1362 1349 1411 1398 1385 1372 1337 1324 1359 1346 1411 1398 1337 1324 1408 1395 1405 1392 1409 1396 1412 1399 1397 1384 1390 1377 1389 1376 1413 1400 1390 1377 1413 1400 1414 1401 1390 1377 1414 1401 1412 1399 1390 1377 1384 1371 1398 1385 1371 1358 1373 1360 1415 1402 1346 1333 1415 1402 1387 1374 1346 1333 1412 1399 1396 1383 1397 1384 1399 1386 1416 1403 1363 1350 1416 1403 1377 1364 1363 1350 1364 1351 1417 1404 1350 1337 1417 1404 1402 1389 1350 1337 1410 1397 1418 1405 1383 1370 1418 1405 1384 1371 1383 1370 1419 1406 1389 1376 1378 1365 1403 1390 1419 1406 1378 1365 1395 1382 1420 1407 1394 1381 1420 1407 1410 1397 1394 1381 1414 1401 1396 1383 1412 1399 1421 1408 1422 1409 1395 1382 1422 1409 1420 1407 1395 1382 1414 1401 1423 1410 1396 1383 1398 1385 1424 1411 1382 1369 1424 1411 1406 1393 1382 1369 1413 1400 1423 1410 1414 1401 1425 1412 1426 1413 1357 1344 1385 1372 1425 1412 1357 1344 1426 1413 1373 1360 1357 1344 1406 1393 1427 1414 1380 1367 1427 1414 1399 1386 1380 1367 1418 1405 1428 1415 1384 1371 1428 1415 1398 1385 1384 1371 1429 1416 1411 1398 1359 1346 1381 1368 1429 1416 1359 1346 1416 1403 1430 1417 1377 1364 1430 1417 1386 1373 1377 1364 1431 1418 1403 1390 1387 1374 1415 1402 1431 1418 1387 1374 1379 1366 1432 1419 1364 1351 1432 1419 1417 1404 1364 1351 1422 1409 1410 1397 1420 1407 1433 1420 1434 1421 1410 1397 1422 1409 1433 1420 1410 1397 1434 1421 1418 1405 1410 1397 1428 1415 1424 1411 1398 1385 1435 1422 1436 1423 1389 1376 1436 1423 1413 1400 1389 1376 1419 1406 1435 1422 1389 1376 1437 1424 1438 1425 1373 1360 1438 1425 1415 1402 1373 1360 1426 1413 1437 1424 1373 1360 1430 1417 1439 1426 1386 1373 1439 1426 1391 1378 1386 1373 1388 1375 1440 1427 1379 1366 1440 1427 1432 1419 1379 1366 1434 1421 1441 1428 1418 1405 1441 1428 1428 1415 1418 1405 1425 1412 1442 1429 1426 1413 1442 1429 1437 1424 1426 1413 1431 1418 1443 1430 1403 1390 1443 1430 1419 1406 1403 1390 1421 1408 1433 1420 1422 1409 1436 1423 1423 1410 1413 1400 1444 1431 1433 1420 1421 1408 1445 1432 1446 1433 1421 1408 1446 1433 1447 1434 1421 1408 1447 1434 1444 1431 1421 1408 1436 1423 1435 1422 1423 1410 1435 1422 1448 1435 1423 1410 1448 1435 1449 1436 1423 1410 1427 1414 1450 1437 1399 1386 1450 1437 1416 1403 1399 1386 1451 1438 1427 1414 1406 1393 1424 1411 1452 1439 1406 1393 1452 1439 1451 1438 1406 1393 1453 1440 1429 1416 1381 1368 1402 1389 1453 1440 1381 1368 1454 1441 1425 1412 1385 1372 1411 1398 1454 1441 1385 1372 1444 1431 1434 1421 1433 1420 1455 1442 1456 1443 1408 1395 1407 1394 1455 1442 1408 1395 1457 1444 1405 1392 1408 1395 1456 1443 1457 1444 1408 1395 1439 1426 1458 1445 1391 1378 1458 1445 1400 1387 1391 1378 1392 1379 1459 1446 1388 1375 1459 1446 1440 1427 1388 1375 1441 1428 1460 1447 1428 1415 1460 1447 1424 1411 1428 1415 1419 1406 1448 1435 1435 1422 1438 1425 1461 1448 1415 1402 1461 1448 1431 1418 1415 1402 1458 1445 1462 1449 1400 1387 1462 1449 1404 1391 1400 1387 1401 1388 1463 1450 1392 1379 1463 1450 1459 1446 1392 1379 1444 1431 1447 1434 1434 1421 1447 1434 1464 1451 1434 1421 1464 1451 1441 1428 1434 1421 1460 1447 1452 1439 1424 1411 1465 1452 1448 1435 1419 1406 1443 1430 1465 1452 1419 1406 1466 1453 1438 1425 1437 1424 1442 1429 1466 1453 1437 1424 1467 1454 1407 1394 1404 1391 1462 1449 1467 1454 1404 1391 1405 1392 1468 1455 1401 1388 1468 1455 1463 1450 1401 1388 1450 1437 1469 1456 1416 1403 1469 1456 1430 1417 1416 1403 1470 1457 1453 1440 1402 1389 1417 1404 1470 1457 1402 1389 1467 1454 1471 1458 1407 1394 1471 1458 1455 1442 1407 1394 1457 1444 1472 1459 1405 1392 1472 1459 1468 1455 1405 1392 1454 1441 1473 1460 1425 1412 1473 1460 1442 1429 1425 1412 1464 1451 1474 1461 1441 1428 1474 1461 1460 1447 1441 1428 1475 1462 1456 1443 1455 1442 1476 1463 1475 1462 1455 1442 1471 1458 1476 1463 1455 1442 1456 1443 1472 1459 1457 1444 1475 1462 1472 1459 1456 1443 1451 1438 1450 1437 1427 1414 1477 1464 1443 1430 1431 1418 1461 1448 1477 1464 1431 1418 1478 1465 1454 1441 1411 1398 1429 1416 1478 1465 1411 1398 1446 1433 1464 1451 1447 1434 1465 1452 1449 1436 1448 1435 1474 1461 1479 1466 1460 1447 1479 1466 1452 1439 1460 1447 1466 1453 1480 1467 1438 1425 1480 1467 1461 1448 1438 1425 1469 1456 1481 1468 1430 1417 1481 1468 1439 1426 1430 1417 1482 1469 1470 1457 1417 1404 1432 1419 1482 1469 1417 1404 1483 1470 1449 1436 1465 1452 1443 1430 1483 1470 1465 1452 1484 1471 1485 1472 1464 1451 1446 1433 1484 1471 1464 1451 1485 1472 1474 1461 1464 1451 1486 1473 1451 1438 1452 1439 1479 1466 1486 1473 1452 1439 1473 1460 1487 1474 1442 1429 1487 1474 1466 1453 1442 1429 1488 1475 1483 1470 1443 1430 1477 1464 1488 1475 1443 1430 1489 1476 1450 1437 1451 1438 1486 1473 1489 1476 1451 1438 1478 1465 1490 1477 1454 1441 1490 1477 1473 1460 1454 1441 1489 1476 1469 1456 1450 1437 1445 1432 1484 1471 1446 1433 1491 1478 1478 1465 1429 1416 1453 1440 1491 1478 1429 1416 1485 1472 1492 1479 1474 1461 1492 1479 1479 1466 1474 1461 1481 1468 1493 1480 1439 1426 1493 1480 1458 1445 1439 1426 1480 1467 1494 1481 1461 1448 1494 1481 1477 1464 1461 1448 1495 1482 1482 1469 1432 1419 1440 1427 1495 1482 1432 1419 1445 1432 1496 1483 1484 1471 1496 1483 1485 1472 1484 1471 1488 1475 1449 1436 1483 1470 1492 1479 1497 1484 1479 1466 1497 1484 1486 1473 1479 1466 1498 1485 1480 1467 1466 1453 1487 1474 1498 1485 1466 1453 1499 1486 1462 1449 1458 1445 1493 1480 1500 1487 1458 1445 1500 1487 1499 1486 1458 1445 1459 1446 1495 1482 1440 1427 1445 1432 1501 1488 1496 1483 1501 1488 1485 1472 1496 1483 1502 1489 1489 1476 1486 1473 1497 1484 1502 1489 1486 1473 1503 1490 1449 1436 1488 1475 1477 1464 1503 1490 1488 1475 1504 1491 1505 1492 1445 1432 1505 1492 1506 1493 1445 1432 1506 1493 1501 1488 1445 1432 1503 1490 1507 1494 1449 1436 1507 1494 1508 1495 1449 1436 1505 1492 1509 1496 1485 1472 1501 1488 1506 1493 1485 1472 1506 1493 1505 1492 1485 1472 1509 1496 1492 1479 1485 1472 1490 1477 1510 1497 1473 1460 1510 1497 1487 1474 1473 1460 1511 1498 1507 1494 1477 1464 1507 1494 1503 1490 1477 1464 1494 1481 1511 1498 1477 1464 1512 1499 1481 1468 1469 1456 1489 1476 1512 1499 1469 1456 1502 1489 1512 1499 1489 1476 1513 1500 1491 1478 1453 1440 1470 1457 1513 1500 1453 1440 1491 1478 1514 1501 1478 1465 1514 1501 1490 1477 1478 1465 1476 1463 1515 1502 1475 1462 1515 1502 1472 1459 1475 1462 1499 1486 1467 1454 1462 1449 1463 1450 1516 1503 1459 1446 1516 1503 1517 1504 1459 1446 1517 1504 1495 1482 1459 1446 1509 1496 1518 1505 1492 1479 1518 1505 1497 1484 1492 1479 1498 1485 1519 1506 1480 1467 1519 1506 1494 1481 1480 1467 1511 1498 1508 1495 1507 1494 1520 1507 1471 1458 1467 1454 1499 1486 1520 1507 1467 1454 1468 1455 1521 1508 1463 1450 1521 1508 1516 1503 1463 1450 1518 1505 1522 1509 1497 1484 1522 1509 1502 1489 1497 1484 1510 1497 1523 1510 1487 1474 1523 1510 1498 1485 1487 1474 1524 1511 1493 1480 1481 1468 1512 1499 1524 1511 1481 1468 1520 1507 1525 1512 1471 1458 1525 1512 1476 1463 1471 1458 1472 1459 1526 1513 1468 1455 1526 1513 1521 1508 1468 1455 1527 1514 1513 1500 1470 1457 1482 1469 1527 1514 1470 1457 1528 1515 1512 1499 1502 1489 1522 1509 1528 1515 1502 1489 1514 1501 1529 1516 1490 1477 1529 1516 1510 1497 1490 1477 1530 1517 1515 1502 1476 1463 1525 1512 1530 1517 1476 1463 1528 1515 1524 1511 1512 1499 1515 1502 1531 1518 1472 1459 1531 1518 1526 1513 1472 1459 1530 1517 1531 1518 1515 1502 1505 1492 1532 1519 1509 1496 1532 1519 1518 1505 1509 1496 1513 1500 1533 1520 1491 1478 1533 1520 1514 1501 1491 1478 1534 1521 1535 1522 1494 1481 1519 1506 1534 1521 1494 1481 1535 1522 1511 1498 1494 1481 1535 1522 1508 1495 1511 1498 1532 1519 1536 1523 1518 1505 1536 1523 1522 1509 1518 1505 1537 1524 1519 1506 1498 1485 1523 1510 1537 1524 1498 1485 1500 1487 1538 1525 1499 1486 1538 1525 1520 1507 1499 1486 1504 1491 1539 1526 1505 1492 1539 1526 1532 1519 1505 1492 1516 1503 1540 1527 1517 1504 1540 1527 1541 1528 1517 1504 1541 1528 1495 1482 1517 1504 1542 1529 1500 1487 1493 1480 1524 1511 1542 1529 1493 1480 1543 1530 1527 1514 1482 1469 1495 1482 1543 1530 1482 1469 1534 1521 1508 1495 1535 1522 1504 1491 1544 1531 1539 1526 1544 1531 1532 1519 1539 1526 1536 1523 1545 1532 1522 1509 1545 1532 1528 1515 1522 1509 1529 1516 1546 1533 1510 1497 1546 1533 1523 1510 1510 1497 1528 1515 1547 1534 1524 1511 1547 1534 1542 1529 1524 1511 1545 1532 1547 1534 1528 1515 1527 1514 1548 1535 1513 1500 1548 1535 1533 1520 1513 1500 1533 1520 1549 1536 1514 1501 1549 1536 1529 1516 1514 1501 1550 1537 1525 1512 1520 1507 1538 1525 1550 1537 1520 1507 1521 1508 1551 1538 1516 1503 1551 1538 1540 1527 1516 1503 1544 1531 1552 1539 1532 1519 1552 1539 1553 1540 1532 1519 1553 1540 1536 1523 1532 1519 1554 1541 1555 1542 1519 1506 1537 1524 1554 1541 1519 1506 1555 1542 1534 1521 1519 1506 1550 1537 1556 1543 1525 1512 1556 1543 1530 1517 1525 1512 1526 1513 1557 1544 1521 1508 1557 1544 1551 1538 1521 1508 1558 1545 1538 1525 1500 1487 1542 1529 1558 1545 1500 1487 1559 1546 1543 1530 1495 1482 1541 1528 1559 1546 1495 1482 1560 1547 1561 1548 1530 1517 1561 1548 1531 1518 1530 1517 1556 1543 1560 1547 1530 1517 1531 1518 1561 1548 1526 1513 1561 1548 1557 1544 1526 1513 1553 1540 1562 1549 1536 1523 1562 1549 1545 1532 1536 1523 1504 1491 1552 1539 1544 1531 1546 1533 1563 1550 1523 1510 1563 1550 1537 1524 1523 1510 1555 1542 1508 1495 1534 1521 1564 1551 1565 1552 1504 1491 1565 1552 1566 1553 1504 1491 1566 1553 1567 1554 1504 1491 1567 1554 1552 1539 1504 1491 1555 1542 1554 1541 1508 1495 1554 1541 1568 1555 1508 1495 1568 1555 1569 1556 1508 1495 1560 1547 1570 1557 1561 1548 1570 1557 1557 1544 1561 1548 1567 1554 1553 1540 1552 1539 1547 1534 1571 1558 1542 1529 1571 1558 1558 1545 1542 1529 1537 1524 1568 1555 1554 1541 1562 1549 1572 1559 1545 1532 1572 1559 1547 1534 1545 1532 1543 1530 1573 1560 1527 1514 1573 1560 1548 1535 1527 1514 1549 1536 1574 1561 1529 1516 1574 1561 1546 1533 1529 1516 1572 1559 1571 1558 1547 1534 1548 1535 1575 1562 1533 1520 1575 1562 1549 1536 1533 1520 1558 1545 1576 1563 1538 1525 1576 1563 1550 1537 1538 1525 1577 1564 1559 1546 1541 1528 1540 1527 1577 1564 1541 1528 1566 1553 1553 1540 1567 1554 1566 1553 1578 1565 1553 1540 1578 1565 1562 1549 1553 1540 1579 1566 1568 1555 1537 1524 1563 1550 1579 1566 1537 1524 1580 1567 1556 1543 1550 1537 1576 1563 1580 1567 1550 1537 1581 1568 1577 1564 1540 1527 1551 1538 1581 1568 1540 1527 1571 1558 1582 1569 1558 1545 1582 1569 1576 1563 1558 1545 1559 1546 1583 1570 1543 1530 1583 1570 1573 1560 1543 1530 1578 1565 1584 1571 1562 1549 1584 1571 1572 1559 1562 1549 1574 1561 1585 1572 1546 1533 1585 1572 1563 1550 1546 1533 1580 1567 1586 1573 1556 1543 1586 1573 1560 1547 1556 1543 1587 1574 1581 1568 1551 1538 1557 1544 1587 1574 1551 1538 1565 1552 1578 1565 1566 1553 1584 1571 1588 1575 1572 1559 1588 1575 1571 1558 1572 1559 1579 1566 1569 1556 1568 1555 1588 1575 1582 1569 1571 1558 1575 1562 1589 1576 1549 1536 1589 1576 1574 1561 1549 1536 1573 1560 1590 1577 1548 1535 1590 1577 1575 1562 1548 1535 1591 1578 1592 1579 1560 1547 1592 1579 1570 1557 1560 1547 1586 1573 1591 1578 1560 1547 1592 1579 1587 1574 1557 1544 1570 1557 1592 1579 1557 1544 1593 1580 1569 1556 1579 1566 1563 1550 1593 1580 1579 1566 1582 1569 1594 1581 1576 1563 1594 1581 1580 1567 1576 1563 1577 1564 1595 1582 1559 1546 1595 1582 1583 1570 1559 1546 1591 1578 1596 1583 1592 1579 1596 1583 1587 1574 1592 1579 1564 1551 1597 1584 1565 1552 1597 1584 1578 1565 1565 1552 1597 1584 1598 1585 1578 1565 1598 1585 1584 1571 1578 1565 1599 1586 1593 1580 1563 1550 1585 1572 1599 1586 1563 1550 1598 1585 1600 1587 1584 1571 1600 1587 1588 1575 1584 1571 1589 1576 1601 1588 1574 1561 1601 1588 1585 1572 1574 1561 1588 1575 1602 1589 1582 1569 1602 1589 1594 1581 1582 1569 1583 1570 1603 1590 1573 1560 1603 1590 1590 1577 1573 1560 1594 1581 1604 1591 1580 1567 1604 1591 1586 1573 1580 1567 1581 1568 1605 1592 1577 1564 1605 1592 1595 1582 1577 1564 1600 1587 1602 1589 1588 1575 1564 1551 1606 1593 1597 1584 1606 1593 1598 1585 1597 1584 1590 1577 1607 1594 1575 1562 1607 1594 1589 1576 1575 1562 1599 1586 1569 1556 1593 1580 1604 1591 1608 1595 1586 1573 1608 1595 1591 1578 1586 1573 1587 1574 1609 1596 1581 1568 1609 1596 1605 1592 1581 1568 1564 1551 1610 1597 1606 1593 1610 1597 1598 1585 1606 1593 1611 1598 1569 1556 1599 1586 1585 1572 1611 1598 1599 1586 1612 1599 1569 1556 1611 1598 1585 1572 1612 1599 1611 1598 1613 1600 1614 1601 1564 1551 1614 1601 1615 1602 1564 1551 1615 1602 1610 1597 1564 1551 1616 1603 1617 1604 1569 1556 1612 1599 1616 1603 1569 1556 1614 1601 1618 1605 1598 1585 1610 1597 1615 1602 1598 1585 1615 1602 1614 1601 1598 1585 1618 1605 1600 1587 1598 1585 1616 1603 1612 1599 1585 1572 1601 1588 1616 1603 1585 1572 1619 1606 1596 1583 1591 1578 1620 1607 1619 1606 1591 1578 1608 1595 1620 1607 1591 1578 1596 1583 1619 1606 1587 1574 1619 1606 1609 1596 1587 1574 1602 1589 1621 1608 1594 1581 1621 1608 1604 1591 1594 1581 1595 1582 1622 1609 1583 1570 1622 1609 1603 1590 1583 1570 1618 1605 1623 1610 1600 1587 1623 1610 1602 1589 1600 1587 1620 1607 1624 1611 1619 1606 1624 1611 1609 1596 1619 1606 1607 1594 1625 1612 1589 1576 1625 1612 1601 1588 1589 1576 1623 1610 1621 1608 1602 1589 1603 1590 1626 1613 1590 1577 1626 1613 1607 1594 1590 1577 1621 1608 1627 1614 1604 1591 1627 1614 1608 1595 1604 1591 1605 1592 1628 1615 1595 1582 1628 1615 1622 1609 1595 1582 1629 1616 1630 1617 1618 1605 1614 1601 1631 1618 1618 1605 1631 1618 1629 1616 1618 1605 1630 1617 1623 1610 1618 1605 1632 1619 1616 1603 1601 1588 1633 1620 1632 1619 1601 1588 1625 1612 1633 1620 1601 1588 1632 1619 1617 1604 1616 1603 1627 1614 1634 1621 1608 1595 1634 1621 1620 1607 1608 1595 1609 1596 1635 1622 1605 1592 1635 1622 1628 1615 1605 1592 1636 1623 1627 1614 1621 1608 1623 1610 1636 1623 1621 1608 1622 1609 1637 1624 1603 1590 1637 1624 1626 1613 1603 1590 1630 1617 1636 1623 1623 1610 1626 1613 1638 1625 1607 1594 1638 1625 1625 1612 1607 1594 1613 1600 1631 1618 1614 1601 1639 1626 1624 1611 1620 1607 1640 1627 1639 1626 1620 1607 1634 1621 1641 1628 1620 1607 1641 1628 1640 1627 1620 1607 1624 1611 1639 1626 1609 1596 1639 1626 1640 1627 1609 1596 1640 1627 1635 1622 1609 1596 1613 1600 1629 1616 1631 1618 1633 1620 1617 1604 1632 1619 1642 1629 1634 1621 1627 1614 1636 1623 1642 1629 1627 1614 1628 1615 1643 1630 1622 1609 1643 1630 1637 1624 1622 1609 1644 1631 1645 1632 1630 1617 1629 1616 1646 1633 1630 1617 1646 1633 1644 1631 1630 1617 1645 1632 1636 1623 1630 1617 1647 1634 1633 1620 1625 1612 1638 1625 1648 1635 1625 1612 1648 1635 1649 1636 1625 1612 1649 1636 1647 1634 1625 1612 1645 1632 1642 1629 1636 1623 1637 1624 1650 1637 1626 1613 1650 1637 1638 1625 1626 1613 1647 1634 1617 1604 1633 1620 1613 1600 1646 1633 1629 1616 1649 1636 1617 1604 1647 1634 1651 1638 1652 1639 1613 1600 1652 1639 1644 1631 1613 1600 1644 1631 1646 1633 1613 1600 1649 1636 1648 1635 1617 1604 1648 1635 1653 1640 1617 1604 1653 1640 1654 1641 1617 1604 1654 1641 1655 1642 1617 1604 1656 1643 1641 1628 1634 1621 1642 1629 1656 1643 1634 1621 1635 1622 1657 1644 1628 1615 1657 1644 1643 1630 1628 1615 1641 1628 1658 1645 1640 1627 1658 1645 1635 1622 1640 1627 1659 1646 1658 1645 1641 1628 1660 1647 1659 1646 1641 1628 1656 1643 1660 1647 1641 1628 1658 1645 1659 1646 1635 1622 1659 1646 1657 1644 1635 1622 1644 1631 1652 1639 1645 1632 1652 1639 1661 1648 1645 1632 1661 1648 1642 1629 1645 1632 1650 1637 1653 1640 1638 1625 1653 1640 1648 1635 1638 1625 1661 1648 1656 1643 1642 1629 1643 1630 1662 1649 1637 1624 1662 1649 1650 1637 1637 1624 1650 1637 1654 1641 1653 1640 1651 1638 1663 1650 1652 1639 1663 1650 1661 1648 1652 1639 1664 1651 1660 1647 1656 1643 1661 1648 1664 1651 1656 1643 1657 1644 1665 1652 1643 1630 1665 1652 1662 1649 1643 1630 1660 1647 1666 1653 1659 1646 1666 1653 1657 1644 1659 1646 1663 1650 1664 1651 1661 1648 1662 1649 1667 1654 1650 1637 1667 1654 1654 1641 1650 1637 1668 1655 1666 1653 1660 1647 1669 1656 1668 1655 1660 1647 1664 1651 1669 1656 1660 1647 1666 1653 1668 1655 1657 1644 1668 1655 1665 1652 1657 1644 1651 1638 1670 1657 1663 1650 1670 1657 1664 1651 1663 1650 1667 1654 1655 1642 1654 1641 1671 1658 1655 1642 1667 1654 1662 1649 1671 1658 1667 1654 1672 1659 1655 1642 1671 1658 1662 1649 1672 1659 1671 1658 1651 1638 1673 1660 1670 1657 1673 1660 1664 1651 1670 1657 1674 1661 1675 1662 1651 1638 1675 1662 1676 1663 1651 1638 1676 1663 1673 1660 1651 1638 1672 1659 1677 1664 1655 1642 1677 1664 1674 1661 1655 1642 1675 1662 1669 1656 1664 1651 1676 1663 1675 1662 1664 1651 1673 1660 1676 1663 1664 1651 1677 1664 1672 1659 1662 1649 1665 1652 1677 1664 1662 1649 1669 1656 1678 1665 1668 1655 1678 1665 1665 1652 1668 1655 1679 1666 1678 1665 1669 1656 1680 1667 1679 1666 1669 1656 1675 1662 1680 1667 1669 1656 1681 1668 1677 1664 1665 1652 1678 1665 1679 1666 1665 1652 1682 1669 1681 1668 1665 1652 1679 1666 1682 1669 1665 1652 1681 1668 1674 1661 1677 1664 1674 1661 1680 1667 1675 1662 1680 1667 1683 1670 1679 1666 1683 1670 1682 1669 1679 1666 1682 1669 1674 1661 1681 1668 1674 1661 1683 1670 1680 1667 1683 1670 1674 1661 1682 1669</p>
        </triangles>
      </mesh>
    </geometry>
    <geometry id="mesh-f8c0a326-1cd2-43c6-99be-c5df9cac979b-mesh" name="mesh-f8c0a326-1cd2-43c6-99be-c5df9cac979b">
      <mesh>
        <source id="mesh-f8c0a326-1cd2-43c6-99be-c5df9cac979b-mesh-positions">
          <float_array id="mesh-f8c0a326-1cd2-43c6-99be-c5df9cac979b-mesh-positions-array" count="5484">2.933492 -40.37716 -18.57633 3.257369 -40.26991 -17.39946 3.255462 -39.93378 -15.9788 -12.42025 12.07169 45.1814 -12.43811 12.19235 45.4699 -12.47608 12.13526 45.47184 -12.65919 11.86101 45.17752 -12.01349 12.43036 45.18801 -12.88619 11.41268 45.20066 -12.86244 11.55438 45.49153 -12.91288 11.47855 45.4941 -12.82918 11.52529 45.19485 -12.47608 12.13526 45.47184 -12.65919 11.86101 45.17752 -11.88151 12.49865 45.49888 -11.86039 12.4775 45.2 -11.67142 12.61427 45.50982 -12.01349 12.43036 45.18801 -12.43811 12.19235 45.4699 -11.21258 -12.35124 45.28911 -11.64416 -12.379 45.23799 -11.90741 -12.34232 45.51588 -11.67142 12.61427 45.50982 -11.86039 12.4775 45.2 -11.22558 12.61967 45.55926 -11.86039 12.4775 45.2 -11.40078 12.61904 45.23603 -11.22558 12.61967 45.55926 -12.97438 10.63731 45.27459 -12.97794 10.87291 45.55227 -13.00619 10.60996 45.57752 -12.95113 10.8418 45.2551 -12.96764 10.96881 45.54306 -12.88619 11.41268 45.20066 -12.91288 11.47855 45.4941 -12.93577 -10.6573 45.27669 -12.88172 -10.05813 45.34633 -12.97709 -10.29257 45.61429 -12.975 -10.68458 45.5729 -12.95901 -10.915 45.24673 -12.97293 -11.07557 45.53162 -12.82563 -11.3276 45.21779 -12.83803 -11.34554 45.51798 -12.78094 -11.46581 45.20809 -12.58863 -11.84467 45.49277 -11.64416 -12.379 45.23799 -11.85674 -12.27552 45.22522 -11.90741 -12.34232 45.51588 -11.92094 -12.34025 45.51457 -12.28745 -12.06587 45.19935 -12.16237 -12.16104 45.50669 -12.47323 -11.93031 45.49654 -12.42697 -11.89622 45.20183 -12.7498 9.962048 45.37276 -12.85321 10.208 45.63816 -12.74909 9.934362 45.67945 -12.8204 10.17434 45.3419 -13.00619 10.60996 45.57752 -12.97438 10.63731 45.27459 -12.83964 -9.970067 45.36037 -12.71025 -9.699215 45.40355 -12.61961 -9.555871 45.73246 -12.84316 -10.01658 45.65856 -12.88172 -10.05813 45.34633 -12.97709 -10.29257 45.61429 -13.08339 3.160219 45.77565 -13.08035 3.267798 46.07448 -13.10677 3.005515 46.08007 -13.07743 3.261956 45.773 -13.05964 3.565284 45.76509 -13.08035 3.267798 46.07448 -13.01844 3.882821 46.06137 -12.89871 3.936845 45.77111 -12.71168 4.368666 45.77811 -12.57365 4.560123 46.08944 -12.9687 3.958564 46.06452 -12.89871 3.936845 45.77111 -12.57365 4.560123 46.08944 -13.01844 3.882821 46.06137 -12.90737 3.916855 45.77079 -13.05964 3.565284 45.76509 -11.95025 -4.660361 45.85784 -12.36307 -4.520424 45.81526 -12.5886 -4.366189 46.0964 -12.52674 -4.335612 45.80241 -12.61751 -4.350074 46.09358 -12.5886 -4.366189 46.0964 -12.36307 -4.520424 45.81526 -12.84885 -3.971898 45.77713 -12.77501 -4.077998 46.08419 -12.9088 -3.773969 45.77646 -12.95874 -3.760611 46.07324 -12.91444 -3.755309 45.7764 -13.04355 -3.614128 46.06819 -13.07891 -3.212304 45.77457 -12.86978 2.387072 45.82508 -12.82717 2.275083 46.13557 -12.80844 2.226147 46.13929 -12.94591 2.58531 46.112 -12.92015 2.569343 45.81343 -13.10677 3.005515 46.08007 -13.08339 3.160219 45.77565 -12.90801 -2.389487 45.81927 -12.62046 -1.844291 45.86866 -12.7221 -1.925242 46.15663 -12.93863 -2.397609 46.11756 -13.03082 -2.622363 45.79817 -13.09206 -2.732348 46.08985 -13.06685 -3.064488 45.78048 -13.07351 -3.06948 46.08157 -13.07891 -3.212304 45.77457 -13.04355 -3.614128 46.06819 -5.844469 8.149635 46.18434 -6.192679 7.77446 46.19408 -6.099919 7.817121 46.19694 -10.81988 12.53769 45.30971 -10.81988 12.53769 45.30971 -6.562839 7.6042 46.18264 -10.51901 12.49557 45.34788 -5.584131 8.488487 46.17152 -5.842144 9.1363 46.09763 -7.563571 11.27646 45.75954 -8.523072 11.67302 45.63666 -6.678963 7.550786 46.17905 -7.219384 7.420371 46.15117 -6.898666 7.449727 46.17227 -5.566071 8.589822 46.16324 -5.46963 9.131114 46.11908 -7.567683 7.454115 46.1221 -7.902095 7.555607 46.08776 -5.433107 9.336088 46.10236 -5.529712 9.679708 46.0629 -5.766581 10.16576 46.00004 -6.269256 10.67193 45.91654 -6.523216 10.84567 45.88124 -9.902591 8.38511 45.83995 -5.626763 10.02497 46.02326 -10.86139 8.781898 45.70579 -11.89891 9.210672 45.5492 -12.41916 9.670066 45.44132 -11.87924 11.40145 45.32631 -12.7498 9.962048 45.37276 -12.8204 10.17434 45.3419 -12.95113 10.8418 45.2551 -12.97438 10.63731 45.27459 -12.42025 12.07169 45.1814 -12.65919 11.86101 45.17752 -12.82918 11.52529 45.19485 -11.19761 12.59058 45.2618 -11.86039 12.4775 45.2 -11.40078 12.61904 45.23603 -12.88619 11.41268 45.20066 -12.01349 12.43036 45.18801 -12.3995 1.830707 45.89681 -12.57212 1.999269 46.17372 -12.32767 1.764591 46.20934 -12.53344 1.989151 45.87638 -12.80844 2.226147 46.13929 -12.86978 2.387072 45.82508 -6.51523 -7.411324 46.2012 -5.982095 -7.771701 46.20736 -6.118859 -7.604796 46.21272 -10.84041 -12.3273 45.33318 -5.625154 -8.207289 46.1934 -10.84041 -12.3273 45.33318 -6.553839 -7.392477 46.20007 -6.762187 -7.290785 46.19402 -7.200728 -7.319324 46.15875 -5.581657 -8.34061 46.18423 -5.474667 -9.012525 46.12976 -5.451793 -8.738691 46.15683 -8.520568 -11.4831 45.65888 -9.479101 -11.87894 45.52653 -10.5164 -12.30646 45.37156 -7.900247 -7.364843 46.1025 -5.572716 -9.700523 46.05884 -5.523676 -9.599594 46.07175 -5.72894 -9.614797 46.05846 -8.520568 -11.4831 45.65888 -8.940871 -7.797003 45.97968 -5.716795 -9.997041 46.02092 -6.520833 -10.65497 45.90211 -6.30332 -10.52606 45.93003 -5.981485 -10.23578 45.9799 -9.90055 -8.195033 45.85604 -11.21258 -12.35124 45.28911 -11.89671 -9.02135 45.5667 -12.69186 -10.03796 45.37255 -12.93577 -10.6573 45.27669 -12.95901 -10.915 45.24673 -12.42697 -11.89622 45.20183 -11.85674 -12.27552 45.22522 -12.82563 -11.3276 45.21779 -11.64416 -12.379 45.23799 -12.16408 -9.181925 45.52001 -12.43276 -9.436408 45.46272 -12.71025 -9.699215 45.40355 -12.83964 -9.970067 45.36037 -12.88172 -10.05813 45.34633 -12.28745 -12.06587 45.19935 -12.78094 -11.46581 45.20809 -12.54697 -1.778436 45.87906 -12.32541 -1.579908 45.91039 -12.16381 -1.467702 46.23442 -12.5709 -1.801331 46.17771 -12.62046 -1.844291 45.86866 -12.5709 -1.801331 46.17771 -12.64607 -1.86294 46.16723 -12.7221 -1.925242 46.15663 -9.71151e-6 11.54039 46.31992 5.18965e-6 11.5054 46.02198 0.006338179 11.53501 46.32038 0.006338179 11.50012 46.02252 0.009318411 11.53413 46.32046 0.009288609 11.49918 46.02259 0.01232844 11.53376 46.32051 0.01241785 11.49879 46.02259 0.01627725 11.53409 46.32046 0.006338179 11.53501 46.32038 0.006338179 11.50012 46.02252 5.901908 11.48652 45.91602 5.912682 11.52139 46.2138 0.01624745 11.49916 46.02252 6.449316 11.30983 45.91516 6.461789 11.34606 46.21273 6.827195 11.22939 46.21202 6.827642 11.1877 45.91457 -5.766581 10.16576 46.00004 -5.626763 10.02497 46.02326 -5.645642 10.05859 46.3208 -5.782555 10.1984 46.29788 -5.847032 10.26425 46.28709 -5.859161 10.27662 46.28506 -6.253699 10.67952 46.21903 -6.294752 10.70881 46.21327 -6.269256 10.67193 45.91654 -6.542811 10.87825 46.17882 -6.523216 10.84567 45.88124 -7.563571 11.27646 45.75954 -7.586175 11.31013 46.05681 -8.523072 11.67302 45.63666 -8.548434 11.7077 45.93359 -10.51901 12.49557 45.34788 -10.36266 12.45524 45.67109 -10.55008 12.53245 45.64398 -10.81988 12.53769 45.30971 -10.92655 12.6233 45.59242 -11.19761 12.59058 45.2618 -11.22558 12.61967 45.55926 -11.40078 12.61904 45.23603 -0.8278586 11.3544 46.03627 -0.1755453 11.53464 46.32064 -0.8476027 11.37942 46.33522 -0.1750089 11.49973 46.02268 5.18965e-6 11.5054 46.02198 -0.1755453 11.53464 46.32064 -9.71151e-6 11.54039 46.31992 -0.3117867 11.48709 46.02383 5.18965e-6 -11.31702 46.19572 5.18965e-6 -11.25221 46.05138 6.47943e-5 -11.28634 46.34959 5.18965e-6 -11.33413 46.34394 5.18965e-6 -11.29971 46.04573 5.18965e-6 -11.25221 46.05138 -0.05898845 -11.29107 46.04696 6.47943e-5 -11.28634 46.34959 -0.05907791 -11.3256 46.34507 -0.08055049 -11.33986 46.34343 -0.08139985 -11.30583 46.04527 -0.957156 -11.07327 46.36843 -0.9678103 -11.07885 46.06657 -1.13521 -11.01229 46.37419 -0.1727737 -11.34188 46.34307 -0.1722373 -11.30749 46.04506 -0.08139985 -11.30583 46.04527 -0.09624141 -11.34055 46.34333 -0.08055049 -11.33986 46.34343 -0.09589868 -11.30627 46.04522 -0.1593776 -11.34333 46.34292 -0.1644142 -11.30837 46.04497 -5.529712 9.679708 46.0629 -5.433107 9.336088 46.10236 -5.447427 9.322103 46.40473 -5.551378 9.708333 46.36071 -5.570899 9.780887 46.35245 -5.626763 10.02497 46.02326 -5.645642 10.05859 46.3208 -1.13521 -11.01229 46.37419 -0.9678103 -11.07885 46.06657 -1.533682 -10.55665 46.41897 -0.05898845 -11.29107 46.04696 5.18965e-6 -8.534988 46.32986 5.18965e-6 -7.35179 46.42007 -5.451793 -8.738691 46.15683 -5.460883 -9.041303 46.43013 -5.447472 -8.970989 46.43763 -5.474667 -9.012525 46.12976 -5.592609 -9.732348 46.35646 -5.572716 -9.700523 46.05884 -5.603681 -9.790418 46.35027 -5.523676 -9.599594 46.07175 -5.716795 -9.997041 46.02092 -5.987222 -10.28634 46.27687 -5.981485 -10.23578 45.9799 -6.0531 -10.37151 46.26426 -5.981485 -10.23578 45.9799 -6.540442 -10.68702 46.19975 -6.520833 -10.65497 45.90211 -7.873753 -11.23898 46.03761 -6.30332 -10.52606 45.93003 -8.520568 -11.4831 45.65888 -8.273463 -11.40445 45.989 -8.54593 -11.51724 45.95587 -9.507219 -11.91412 45.82313 -9.479101 -11.87894 45.52653 -10.54745 -12.3428 45.66772 -10.84041 -12.3273 45.33318 -11.23754 -12.44509 45.58037 -10.54745 -12.3428 45.66772 -10.5164 -12.30646 45.37156 -11.21258 -12.35124 45.28911 -11.24125 -12.44452 45.58001 -11.90741 -12.34232 45.51588 -5.566071 8.589822 46.16324 -5.584131 8.488487 46.17152 -5.623797 8.465852 46.47285 -5.592311 8.618679 46.46068 -5.481015 9.159054 46.4177 -5.46963 9.131114 46.11908 -5.433107 9.336088 46.10236 -5.447427 9.322103 46.40473 -7.200728 -7.319324 46.15875 -6.762187 -7.290785 46.19402 -6.84903 -7.300809 46.48875 -7.222945 -7.330906 46.45813 -7.200728 -7.319324 46.15875 -7.354493 -7.341494 46.44736 -7.924402 -7.387363 46.40068 -7.900247 -7.364843 46.1025 -8.940871 -7.797003 45.97968 -8.967931 -7.820592 46.27753 -9.90055 -8.195033 45.85604 -9.930277 -8.21962 46.15356 -10.74369 -8.556278 46.03565 -11.93195 -9.048076 45.86341 -11.89671 -9.02135 45.5667 -12.16408 -9.181925 45.52001 -12.43276 -9.436408 45.46272 -12.48291 -9.45493 45.75849 -12.71025 -9.699215 45.40355 -12.61961 -9.555871 45.73246 -5.844469 8.149635 46.18434 -6.099919 7.817121 46.19694 -6.165588 7.805045 46.49533 -5.861412 8.176032 46.48271 -5.584131 8.488487 46.17152 -5.623797 8.465852 46.47285 -6.099919 7.817121 46.19694 -6.206537 7.787626 46.49393 -6.165588 7.805045 46.49533 -6.192679 7.77446 46.19408 -6.405109 7.703158 46.48714 -6.562839 7.6042 46.18264 -6.699766 7.577825 46.47707 -6.678963 7.550786 46.17905 -6.965319 7.464874 46.468 -6.898666 7.449727 46.17227 -7.241572 7.443178 46.44949 -7.219384 7.420371 46.15117 -7.59087 7.476952 46.42033 -7.567683 7.454115 46.1221 -7.752488 7.519129 46.40441 -7.902095 7.555607 46.08776 -7.926235 7.578681 46.3859 -8.752788 7.921311 46.28352 -9.93229 8.410248 46.13742 -9.902591 8.38511 45.83995 -9.961883 8.42249 46.13328 -10.89376 8.80805 46.00289 -10.86139 8.781898 45.70579 -11.93414 9.237948 45.84586 -11.89891 9.210672 45.5492 -12.46394 9.690675 45.73767 -12.41916 9.670066 45.44132 -12.74909 9.934362 45.67945 -12.7498 9.962048 45.37276 -5.625154 -8.207289 46.1934 -5.6242 -8.373162 46.48012 -5.69343 -8.138956 46.49677 -5.581657 -8.34061 46.18423 -5.447472 -8.970989 46.43763 -5.451793 -8.738691 46.15683 -6.51523 -7.411324 46.2012 -6.118859 -7.604796 46.21272 -6.267081 -7.534504 46.51026 -6.570185 -7.412788 46.49906 -6.84903 -7.300809 46.48875 -6.762187 -7.290785 46.19402 -6.553839 -7.392477 46.20007 -6.118859 -7.604796 46.21272 -6.008679 -7.806775 46.50418 -6.267081 -7.534504 46.51026 -5.982095 -7.771701 46.20736 -5.805383 -8.020987 46.4994 -5.625154 -8.207289 46.1934 -5.69343 -8.138956 46.49677 11.33955 3.280508 46.54537 11.313 3.270607 46.24654 11.36154 3.191251 46.54688 11.33963 3.159883 46.24844 11.11433 4.194077 46.52988 11.09379 4.182066 46.23083 11.04636 4.310909 46.52977 11.03227 4.287567 46.23075 9.207836 7.45942 46.39151 9.799114 6.39684 46.13837 8.738479 8.263211 46.35621 9.191206 7.436628 46.09282 8.366248 8.900661 46.32821 8.245281 9.054604 46.02195 8.260151 9.082365 46.32024 7.661556 10.10747 46.27522 7.647728 10.07668 45.97718 7.301187 10.72461 46.24812 7.287984 10.69201 45.95023 6.885265 11.16756 46.21643 6.875416 11.13625 45.91828 6.827642 11.1877 45.91457 6.827195 11.22939 46.21202 11.33466 -2.88108 46.25602 11.31729 -3.163908 46.54998 11.32788 -2.715212 46.56124 11.29844 -3.151115 46.25077 11.31034 -3.457535 46.54259 11.2346 -3.627036 46.2415 11.11499 -3.997837 46.53749 10.10274 -5.684186 46.17354 10.12117 -5.701341 46.47268 11.0944 -3.986515 46.23842 9.80047 -6.201652 46.15377 9.209311 -7.264358 46.4132 9.192682 -7.242139 46.114 8.724651 -8.095117 46.3816 8.346564 -8.743184 46.35694 7.55467 -10.04633 46.00683 7.588227 -10.04306 46.30748 0.002419173 -11.33763 46.34333 5.18965e-6 -11.31702 46.19572 5.18965e-6 -11.33413 46.34394 0.006919324 -11.34052 46.343 0.003864586 -11.32187 46.1951 0.007992208 -11.32371 46.19486 0.01904886 -11.34126 46.34292 0.01903396 -11.32416 46.1948 5.915602 -11.32721 46.23626 7.304002 -10.52997 46.26912 6.862913 -10.88025 45.94692 6.887053 -10.92773 46.24298 7.290785 -10.49793 45.97117 6.693786 -11.1121 46.23087 5.904814 -11.29289 45.93842 6.094266 -11.30948 46.23174 6.498193 -11.16053 45.93096 6.344204 -11.26654 46.22717 6.566231 -11.14535 45.9301 6.506746 -11.19474 46.22889 5.18965e-6 -11.29971 46.04573 0.002285063 -11.30313 46.04534 0.006531894 -11.30593 46.04502 0.002285063 -11.30313 46.04534 0.01900416 -11.30685 46.04491 11.26572 2.830709 46.56216 11.23822 2.827178 46.26321 11.16913 2.467278 46.57756 11.09921 2.371106 46.28346 11.36154 3.191251 46.54688 11.33963 3.159883 46.24844 11.02393 -2.055813 46.29381 11.0287 -2.102804 46.59291 10.94147 -1.924258 46.60214 11.24609 -2.645832 46.26679 11.29318 -2.644171 46.56492 11.0347 -2.084431 46.2925 11.24609 -2.645832 46.26679 11.32788 -2.715212 46.56124 11.33466 -2.88108 46.25602 10.79037 2.02782 46.61023 10.77228 2.024743 46.31082 10.58454 1.788992 46.62798 10.5182 1.755553 46.3321 11.10337 2.390984 46.58323 11.09921 2.371106 46.28346 11.16913 2.467278 46.57756 10.37381 -1.478974 46.34429 10.56485 -1.649064 46.63014 10.23266 -1.406309 46.65484 10.54873 -1.63417 46.3307 10.94147 -1.924258 46.60214 11.02393 -2.055813 46.29381 -2.062644 2.369332 46.66193 -4.611741 5.304385 46.45 -2.088825 2.323146 46.66304 -4.735167 5.087155 46.45981 -2.741376 1.680481 46.66022 -1.347194 3.631244 46.63174 -4.202823 6.024051 46.4175 -5.886401 4.611272 46.41926 -3.039698 1.568767 46.65312 -5.39566 5.086641 46.41548 -6.638149 3.442179 46.41926 -3.258402 1.486863 46.64791 -3.590549 1.446094 46.63697 -7.155234 2.17175 46.41926 -7.333914 1.444663 46.41736 -1.040126 4.172872 46.61878 -2.733434 6.95997 46.41926 -3.872181 6.396825 46.41926 5.18965e-6 6.025354 46.52399 5.18965e-6 6.775666 46.46508 8.09852e-4 6.017062 46.52453 4.37323e-4 6.012309 46.52484 0.001137673 6.008874 46.52506 0.005280196 6.013195 46.52478 0.4280112 6.756525 46.47252 11.03227 4.287567 46.23075 7.219126 3.614056 46.43742 7.974317 2.349305 46.47287 8.519998 1.790877 46.45243 0.5316339 6.938729 46.45971 5.18965e-6 7.476779 46.41001 -1.351411 7.354367 46.41926 1.057988 7.863487 46.38427 8.566743 1.743036 46.45067 8.944994 1.634213 46.42992 9.799114 6.39684 46.13837 6.489386 4.83619 46.40317 10.42986 1.729648 46.33798 9.530312 1.465823 46.3978 8.944994 1.634213 46.42992 -12.89871 3.936845 45.77111 -12.90737 3.916855 45.77079 -13.05964 3.565284 45.76509 -13.07743 3.261956 45.773 -12.92015 2.569343 45.81343 -12.86978 2.387072 45.82508 -12.53344 1.989151 45.87638 -12.3995 1.830707 45.89681 -11.95266 1.67575 45.95307 -11.28181 1.443106 46.03754 -7.440935 1.444618 46.41108 -11.27709 5.078952 45.91768 -11.96007 4.916835 45.84538 -9.946579 5.081254 46.04895 -12.52335 4.52258 45.79441 -12.71168 4.368666 45.77811 -6.657386 5.085658 46.3308 -8.01004 5.0846 46.24002 -3.889034 6.576318 46.39257 -3.133992 7.905173 46.33256 5.18965e-6 8.770894 46.30839 -1.825193 10.20137 46.14241 6.354784 5.061615 46.39686 6.329988 5.103144 46.3957 5.46748 6.547633 46.35521 0.01241785 11.49879 46.02259 0.009288609 11.49918 46.02259 0.006338179 11.50012 46.02252 5.18965e-6 11.5054 46.02198 0.01624745 11.49916 46.02252 2.863934 7.860842 46.36179 5.901908 11.48652 45.91602 4.685005 7.858086 46.31848 9.191206 7.436628 46.09282 10.5182 1.755553 46.3321 10.87151 2.501051 46.29646 10.77228 2.024743 46.31082 8.245281 9.054604 46.02195 7.647728 10.07668 45.97718 7.287984 10.69201 45.95023 6.875416 11.13625 45.91828 6.449316 11.30983 45.91516 11.09921 2.371106 46.28346 11.23822 2.827178 46.26321 -0.3117867 11.48709 46.02383 -0.9196796 11.27117 46.04456 -0.1750089 11.49973 46.02268 -1.531596 10.71647 46.09976 11.313 3.270607 46.24654 11.09379 4.182066 46.23083 11.33963 3.159883 46.24844 11.23822 2.827178 46.26321 -0.8278586 11.3544 46.03627 6.827642 11.1877 45.91457 -12.07408 4.889774 45.83331 -13.08339 3.160219 45.77565 -2.710591 -1.505215 46.66375 -4.734019 -4.894961 46.47012 -2.226213 -1.93945 46.66802 -2.088348 -2.129924 46.66716 -1.99757 -2.290291 46.66376 -4.558931 -5.202983 46.45682 -1.267741 -3.579472 46.63645 -4.734019 -4.894961 46.47012 -5.805651 -4.51142 46.42913 -6.537283 -3.364861 46.42913 -2.862866 -1.4616 46.65958 -7.057005 -2.063219 46.42913 -3.590251 -1.253237 46.63964 -7.240856 -1.252983 46.42557 -4.171888 -5.883873 46.42742 -2.551729 -6.895472 46.42913 -1.083458 -3.90498 46.62955 5.18965e-6 -5.631249 46.54861 -0.002110719 -5.642016 46.54796 -0.00494194 -5.668502 46.54635 -0.01361447 -5.749547 46.5414 -0.01203495 -5.756207 46.54099 5.18965e-6 -5.807005 46.53785 5.18965e-6 -6.570056 46.47967 0.003164231 -5.813535 46.53745 0.006651103 -5.819899 46.53705 0.4230045 -6.551669 46.48707 0.5333029 -6.745521 46.47384 5.18965e-6 -7.35179 46.42007 -1.230339 -7.248808 46.42913 9.80047 -6.201652 46.15377 7.974645 -2.154072 46.47629 7.973095 -2.156664 46.47632 6.331061 -4.908536 46.40535 9.80047 -6.201652 46.15377 8.261075 -1.901817 46.46397 1.059925 -7.670392 46.40018 -5.40402 -4.894648 46.42509 8.79488 -1.431708 46.441 8.808589 -1.428556 46.44022 9.37613 -1.298074 46.408 -12.84885 -3.971898 45.77713 -12.52674 -4.335612 45.80241 -12.36307 -4.520424 45.81526 -11.95025 -4.660361 45.85784 -11.27573 -4.889012 45.92742 -7.440592 -1.252969 46.41386 -12.48174 -2.543543 45.87074 -12.9088 -3.773969 45.77646 -8.008788 -4.893426 46.25006 -9.654606 -4.891202 46.08752 -6.469737 -4.894149 46.35348 -4.171888 -5.883873 46.42742 -3.758008 -6.319509 46.42913 -3.797913 -6.541774 46.39901 -1.702169 -10.22073 46.14534 -2.943675 -8.043525 46.32166 -3.132174 -7.712975 46.34843 5.18965e-6 -8.534988 46.32986 -0.1644142 -11.30837 46.04497 -0.09589868 -11.30627 46.04522 -0.1722373 -11.30749 46.04506 -1.350576 -10.76724 46.09686 -1.529003 -10.52441 46.12075 -0.08139985 -11.30583 46.04527 -0.05898845 -11.29107 46.04696 -11.28144 -1.253013 46.0402 10.03509 -1.395461 46.36629 9.512714 -1.26667 46.40024 10.10274 -5.684186 46.17354 5.541851 -6.231178 46.37123 5.18965e-6 -11.25221 46.05138 2.873575 -7.66727 46.37751 5.18965e-6 -11.29971 46.04573 3.744011 -7.665743 46.3593 5.47195 -6.348339 46.36822 5.055507 -7.046246 46.35022 9.192682 -7.242139 46.114 10.54873 -1.63417 46.3307 10.37381 -1.478974 46.34429 10.66693 -2.27454 46.31451 10.10274 -5.684186 46.17354 4.686852 -7.664066 46.33428 7.55467 -10.04633 46.00683 6.862913 -10.88025 45.94692 7.290785 -10.49793 45.97117 5.904814 -11.29289 45.93842 6.498193 -11.16053 45.93096 6.566231 -11.14535 45.9301 0.004550039 -11.30368 46.04528 0.006531894 -11.30593 46.04502 0.01900416 -11.30685 46.04491 11.0347 -2.084431 46.2925 11.02393 -2.055813 46.29381 -0.05898845 -11.29107 46.04696 11.0944 -3.986515 46.23842 11.2346 -3.627036 46.2415 11.29844 -3.151115 46.25077 11.33466 -2.88108 46.25602 11.24609 -2.645832 46.26679 -0.9678103 -11.07885 46.06657 0.002285063 -11.30313 46.04534 -11.59932 -1.302291 46.00251 -11.95207 -1.437162 45.95776 -12.32541 -1.579908 45.91039 -12.54697 -1.778436 45.87906 -12.62046 -1.844291 45.86866 -12.90801 -2.389487 45.81927 -13.03082 -2.622363 45.79817 -13.06685 -3.064488 45.78048 -12.91444 -3.755309 45.7764 -13.07891 -3.212304 45.77457 2.17921 1.688699 46.67549 1.603579 2.005059 46.67916 1.754334 1.833419 46.68048 4.602184 2.851199 46.59998 1.218235 2.577874 46.67172 1.278063 2.37568 46.67631 2.849182 1.460503 46.66764 3.519614 1.644883 46.65077 4.103904 1.987356 46.63181 4.210299 2.077285 46.62771 4.46715 2.58452 46.60954 1.054933 3.129776 46.65917 1.064887 3.261174 46.65471 1.231959 3.926697 46.62879 1.09454 3.652724 46.6414 4.633074 3.250021 46.58732 4.643415 3.383677 46.58307 4.480367 3.932919 46.56724 4.095217 4.505272 46.55341 3.785079 1.717883 46.6441 3.520509 4.822503 46.55168 1.705249 4.400785 46.60436 1.596322 4.521984 46.59983 1.483148 4.427481 46.60572 3.941556 4.679563 46.54964 2.178287 4.870046 46.57495 1.935294 4.805002 46.58219 3.520509 4.822503 46.55168 2.850418 5.049977 46.55493 4.419749 4.137125 46.56135 1.395275 -2.391328 46.67429 1.69981 -1.720038 46.68216 1.579439 -1.79239 46.68301 1.235356 -2.322425 46.67731 2.364223 -1.339425 46.67713 2.322738 -1.345602 46.67781 1.090636 -3.066686 46.65987 1.167422 -2.427061 46.67618 2.852206 -1.266745 46.66915 3.328328 -1.382318 46.65778 4.614478 -3.060595 46.59311 4.437333 -2.32881 46.61569 4.543965 -3.665143 46.57633 3.985961 -1.738202 46.63784 3.674319 -1.466301 46.64951 1.064663 -3.283002 46.65435 1.262059 -3.795751 46.63364 4.327049 -2.035786 46.62507 1.375055 -4.089285 46.62178 1.715248 -4.389145 46.60424 4.637738 -2.861277 46.59864 2.377709 -4.737303 46.57866 2.004003 -4.643675 46.58936 1.715248 -4.389145 46.60424 2.851521 -4.856009 46.56509 4.271274 -4.034698 46.56956 4.457136 -3.801164 46.57325 4.117613 -4.333024 46.56127 3.331204 -4.783359 46.55895 3.998448 -4.404553 46.5608 3.379558 -4.776035 46.55834 2.863934 7.860842 46.36179 1.057988 7.863487 46.38427 1.060029 7.88838 46.68315 2.869388 7.885653 46.66063 4.685005 7.858086 46.31848 2.869388 7.885653 46.66063 4.693826 7.882754 46.61725 9.798861 1.50923 46.6815 9.530312 1.465823 46.3978 9.548491 1.468393 46.69724 10.4459 1.739632 46.63742 10.42986 1.729648 46.33798 10.58454 1.788992 46.62798 10.5182 1.755553 46.3321 1.059925 -7.670392 46.40018 2.87131 -7.691529 46.67654 1.061966 -7.694718 46.6991 3.744011 -7.665743 46.3593 4.695689 -7.688169 46.63309 2.873575 -7.66727 46.37751 4.686852 -7.664066 46.33428 9.512714 -1.26667 46.40024 10.06149 -1.377751 46.66573 9.422994 -1.271222 46.70632 10.03509 -1.395461 46.36629 10.23266 -1.406309 46.65484 10.37381 -1.478974 46.34429 8.79488 -1.431708 46.441 8.827677 -1.438175 46.73966 8.778653 -1.451929 46.7424 8.808589 -1.428556 46.44022 9.37613 -1.298074 46.408 9.389898 -1.280506 46.70818 9.422994 -1.271222 46.70632 9.512714 -1.26667 46.40024 8.727914 1.702624 46.7424 8.566743 1.743036 46.45067 8.5913 1.741621 46.74993 8.944994 1.634213 46.42992 8.961668 1.635897 46.72954 9.548491 1.468393 46.69724 9.530312 1.465823 46.3978 -6.439532 5.101051 46.61901 -6.657386 5.085658 46.3308 -4.750277 5.103405 46.75899 -5.39566 5.086641 46.41548 -4.735167 5.087155 46.45981 -9.371007 5.096953 46.37611 -8.01004 5.0846 46.24002 -10.57733 5.095269 46.27615 -9.946579 5.081254 46.04895 -11.31103 5.094248 46.21535 -11.27709 5.078952 45.91768 -11.88747 4.984687 46.15361 -11.98846 4.927981 46.14398 -11.96007 4.916835 45.84538 -12.53285 4.622254 46.09201 -12.07408 4.889774 45.83331 -12.55096 4.594687 46.09087 -12.52335 4.52258 45.79441 -12.57365 4.560123 46.08944 -12.71168 4.368666 45.77811 -4.735167 5.087155 46.45981 -4.528711 5.493353 46.74138 -4.750277 5.103405 46.75899 -4.202823 6.024051 46.4175 -3.785173 6.801921 46.68229 -4.611741 5.304385 46.45 -3.889034 6.576318 46.39257 -3.14411 7.93014 46.63135 -3.133992 7.905173 46.33256 -2.926583 8.311535 46.59977 -1.722703 10.42237 46.42499 -1.825193 10.20137 46.14241 -1.536275 10.74923 46.39793 -1.531596 10.71647 46.09976 -0.9196796 11.27117 46.04456 -0.9251185 11.30849 46.34228 -0.8476027 11.37942 46.33522 -0.8278586 11.3544 46.03627 -4.189292 -5.895522 46.7268 -4.171888 -5.883873 46.42742 -4.749159 -4.910611 46.76933 -4.558931 -5.202983 46.45682 -4.734019 -4.894961 46.47012 -3.501634 -7.105224 46.67456 -3.797913 -6.541774 46.39901 -3.142292 -7.737383 46.64727 -3.132174 -7.712975 46.34843 -2.66842 -8.567909 46.58002 -2.943675 -8.043525 46.32166 -1.54751 -10.53243 46.42093 -1.702169 -10.22073 46.14534 -1.533682 -10.55665 46.41897 -1.529003 -10.52441 46.12075 -1.350576 -10.76724 46.09686 -0.9678103 -11.07885 46.06657 -4.734019 -4.894961 46.47012 -4.972274 -4.910376 46.75082 -4.749159 -4.910611 46.76933 -6.469737 -4.894149 46.35348 -7.352406 -4.907884 46.55338 -5.40402 -4.894648 46.42509 -8.008788 -4.893426 46.25006 -10.21046 -4.904893 46.31631 -9.654606 -4.891202 46.08752 -11.30971 -4.903742 46.22512 -11.27573 -4.889012 45.92742 -11.84302 -4.781723 46.16888 -11.95025 -4.660361 45.85784 -11.98851 -4.700631 46.15474 -12.5886 -4.366189 46.0964 7.219126 3.614056 46.43742 7.23282 3.624413 46.73694 7.98971 2.354968 46.77262 7.974317 2.349305 46.47287 8.537909 1.796047 46.75194 8.519998 1.790877 46.45243 8.566743 1.743036 46.45067 8.5913 1.741621 46.74993 6.489386 4.83619 46.40317 6.501501 4.850965 46.70246 6.354784 5.061615 46.39686 6.366631 5.077179 46.6961 6.329988 5.103144 46.3957 6.341775 5.11885 46.69493 5.46748 6.547633 46.35521 4.693826 7.882754 46.61725 4.685005 7.858086 46.31848 7.973095 -2.156664 46.47632 7.974645 -2.154072 46.47629 7.990052 -2.159026 46.77607 6.331061 -4.908536 46.40535 6.342878 -4.923579 46.70458 8.261075 -1.901817 46.46397 8.275247 -1.903307 46.7639 8.716604 -1.507555 46.74506 8.79488 -1.431708 46.441 8.778653 -1.451929 46.7424 5.552163 -6.25069 46.67026 5.541851 -6.231178 46.37123 5.552163 -6.25069 46.67026 5.47195 -6.348339 46.36822 5.064954 -7.0684 46.64911 5.055507 -7.046246 46.35022 5.064954 -7.0684 46.64911 4.695689 -7.688169 46.63309 4.686852 -7.664066 46.33428 0.005280196 6.032493 46.82415 0.001137673 6.008874 46.52506 0.001554906 6.028178 46.82443 0.4280112 6.756525 46.47252 0.005280196 6.013195 46.52478 0.5092077 6.919611 46.76201 0.005280196 6.032493 46.82415 1.060029 7.88838 46.68315 1.057988 7.863487 46.38427 0.5092077 6.919611 46.76201 0.5316339 6.938729 46.45971 0.001137673 6.008874 46.52506 6.31038e-4 6.030108 46.82431 0.001554906 6.028178 46.82443 4.37323e-4 6.012309 46.52484 1.69102e-4 6.036561 46.8239 5.18965e-6 6.044689 46.82337 5.18965e-6 6.025354 46.52399 5.18965e-6 -5.631249 46.54861 -0.002110719 -5.642016 46.54796 5.18965e-6 -5.649302 46.84807 -0.002587556 -5.686768 46.84578 -0.00494194 -5.668502 46.54635 -0.008711934 -5.775259 46.84038 -0.01361447 -5.749547 46.5414 -0.01203495 -5.756207 46.54099 -0.009978532 -5.793378 46.83927 5.18965e-6 -5.807005 46.53785 0.003104627 -5.832222 46.83686 0.006651103 -5.819899 46.53705 0.4230045 -6.551669 46.48707 0.5333029 -6.745521 46.47384 1.061966 -7.694718 46.6991 0.003164231 -5.813535 46.53745 1.059925 -7.670392 46.40018 2.850418 5.049977 46.55493 3.533637 4.85311 46.85055 2.856036 5.066026 46.85445 3.520509 4.822503 46.55168 3.862267 4.749853 46.84866 3.941556 4.679563 46.54964 4.105812 4.517387 46.85304 4.095217 4.505272 46.55341 4.34271 4.291269 46.8573 4.419749 4.137125 46.56135 3.862267 4.749853 46.84866 3.941556 4.679563 46.54964 4.117613 -4.333024 46.56127 4.00505 -4.41593 46.86048 4.131382 -4.340865 46.86096 3.998448 -4.404553 46.5608 3.360023 -4.799184 46.85806 3.379558 -4.776035 46.55834 3.331204 -4.783359 46.55895 2.851521 -4.856009 46.56509 2.857153 -4.871391 46.86464 3.338357 -4.802295 46.85835 3.379558 -4.776035 46.55834 3.360023 -4.799184 46.85806 1.935294 4.805002 46.58219 2.178287 4.870046 46.57495 2.183562 4.904728 46.87382 2.286439 4.962053 46.8696 2.850418 5.049977 46.55493 2.856036 5.066026 46.85445 1.596322 4.521984 46.59983 1.935294 4.805002 46.58219 2.183562 4.904728 46.87382 4.543965 -3.665143 46.57633 4.456152 -3.807433 46.87317 4.57405 -3.613767 46.87761 4.457136 -3.801164 46.57325 4.131382 -4.340865 46.86096 4.117613 -4.333024 46.56127 4.478281 3.937903 46.86721 4.480367 3.932919 46.56724 4.639616 3.517407 46.87899 4.643415 3.383677 46.58307 4.34271 4.291269 46.8573 4.419749 4.137125 46.56135 2.377709 -4.737303 46.57866 2.004003 -4.643675 46.58936 2.012049 -4.660469 46.88881 2.382254 -4.752864 46.87822 2.851521 -4.856009 46.56509 2.382254 -4.752864 46.87822 2.857153 -4.871391 46.86464 1.596322 4.521984 46.59983 2.183562 4.904728 46.87382 1.640102 4.601899 46.89617 1.596322 4.521984 46.59983 1.640102 4.601899 46.89617 1.600569 4.542182 46.89916 1.483148 4.427481 46.60572 4.637738 -2.861277 46.59864 4.609813 -3.070061 46.89291 4.630526 -2.754991 46.90179 4.614478 -3.060595 46.59311 4.57405 -3.613767 46.87761 4.543965 -3.665143 46.57633 4.6133 3.262724 46.88714 4.633074 3.250021 46.58732 4.550105 2.651344 46.90671 4.602184 2.851199 46.59998 4.639616 3.517407 46.87899 4.643415 3.383677 46.58307 1.69102e-4 6.036561 46.8239 5.18965e-6 6.044689 46.82337 5.18965e-6 4.026245 46.91882 1.715248 -4.389145 46.60424 1.375055 -4.089285 46.62178 1.380017 -4.105859 46.92132 1.718571 -4.40294 46.90391 2.004003 -4.643675 46.58936 2.012049 -4.660469 46.88881 -4.035706 -1.257215 46.91998 -4.020909 -7.14242e-5 46.80876 -4.187609 -0.6163611 46.92209 4.327049 -2.035786 46.62507 4.455572 -2.332409 46.91547 4.333173 -2.036762 46.92504 4.437333 -2.32881 46.61569 4.630526 -2.754991 46.90179 4.637738 -2.861277 46.59864 4.502748 2.580191 46.9094 4.46715 2.58452 46.60954 4.108836 1.988295 46.93174 4.210299 2.077285 46.62771 4.550105 2.651344 46.90671 4.602184 2.851199 46.59998 1.09454 3.652724 46.6414 1.208117 3.949377 46.92891 1.157855 3.873441 46.93272 1.231959 3.926697 46.62879 1.600569 4.542182 46.89916 1.483148 4.427481 46.60572 4.108836 1.988295 46.93174 4.103904 1.987356 46.63181 4.0661 1.924086 46.93416 4.210299 2.077285 46.62771 3.674319 -1.466301 46.64951 3.994306 -1.741391 46.93771 3.681694 -1.468901 46.9494 3.985961 -1.738202 46.63784 4.333173 -2.036762 46.92504 4.327049 -2.035786 46.62507 1.262059 -3.795751 46.63364 1.064663 -3.283002 46.65435 1.08019 -3.383425 46.95113 1.256888 -3.809196 46.93356 1.375055 -4.089285 46.62178 1.380017 -4.105859 46.92132 4.103904 1.987356 46.63181 3.785079 1.717883 46.6441 3.526886 1.625392 46.95129 4.0661 1.924086 46.93416 4.103904 1.987356 46.63181 3.526886 1.625392 46.95129 -3.039698 1.568767 46.65312 -3.532583 1.457486 46.93913 -2.823065 1.640479 46.95881 -2.741376 1.680481 46.66022 -3.258402 1.486863 46.64791 -3.601576 1.450534 46.93672 -3.590549 1.446094 46.63697 -3.745506 1.450474 46.92625 -3.590549 1.446094 46.63697 -4.273439 1.450266 46.88778 -7.333914 1.444663 46.41736 -9.067917 1.448388 46.53857 -11.28181 1.443106 46.03754 -10.26622 1.447912 46.45129 -7.440935 1.444618 46.41108 -11.28181 1.443106 46.03754 -11.31608 1.447494 46.33553 -11.70815 1.570392 46.28663 -11.95266 1.67575 45.95307 -11.99699 1.660939 46.25059 -12.32767 1.764591 46.20934 -12.3995 1.830707 45.89681 1.054933 3.129776 46.65917 1.097014 3.267313 46.95375 1.070952 3.007668 46.96275 1.064887 3.261174 46.65471 1.157855 3.873441 46.93272 1.09454 3.652724 46.6414 -2.088825 2.323146 46.66304 -2.409692 2.031821 46.96113 -2.09486 2.329867 46.9629 -2.062644 2.369332 46.66193 -2.016196 2.469356 46.95766 -2.761791 1.69849 46.95915 -2.741376 1.680481 46.66022 -2.823065 1.640479 46.95881 -1.347194 3.631244 46.63174 -1.611406 3.187168 46.9307 -1.495624 3.392506 46.92298 -1.040126 4.172872 46.61878 -1.129652 4.041459 46.89861 -0.5790092 5.017932 46.86193 5.18965e-6 6.044689 46.82337 5.18965e-6 6.025354 46.52399 -2.723823 -1.527209 46.96277 -2.710591 -1.505215 46.66375 -2.642209 -1.55234 46.96494 -2.862866 -1.4616 46.65958 -3.601233 -1.257066 46.93941 -3.590251 -1.253237 46.63964 -3.992776 -1.2572 46.9219 -4.035706 -1.257215 46.91998 -4.951427 -1.257521 46.87903 -9.419123 -1.257029 46.49937 -7.440592 -1.252969 46.41386 -7.240856 -1.252983 46.42557 -11.31573 -1.256821 46.3382 -11.28144 -1.253013 46.0402 -11.59932 -1.302291 46.00251 -11.31573 -1.256821 46.3382 -11.95207 -1.437162 45.95776 -11.99734 -1.426306 46.25479 -12.32541 -1.579908 45.91039 -12.16381 -1.467702 46.23442 -2.226213 -1.93945 46.66802 -2.094294 -2.135982 46.96704 -2.117495 -2.103132 46.96724 -2.440999 -1.763549 46.96582 -1.99757 -2.290291 46.66376 -1.790906 -2.644923 46.94981 -2.088348 -2.129924 46.66716 -2.710591 -1.505215 46.66375 -2.642209 -1.55234 46.96494 -1.154805 -3.712033 46.91367 -1.267741 -3.579472 46.63645 -0.9747096 -4.014161 46.90345 -1.083458 -3.90498 46.62955 -0.4794993 -4.844904 46.87531 5.18965e-6 -5.631249 46.54861 5.18965e-6 -5.649302 46.84807 3.419687 1.566011 46.95468 2.849182 1.460503 46.66764 2.854948 1.463245 46.96757 3.526886 1.625392 46.95129 3.519614 1.644883 46.65077 3.785079 1.717883 46.6441 1.090636 -3.066686 46.65987 1.167422 -2.427061 46.67618 1.142269 -2.511603 46.97465 1.102214 -3.074181 46.95948 1.064663 -3.283002 46.65435 1.08019 -3.383425 46.95113 2.322738 -1.345602 46.67781 2.368843 -1.340677 46.9771 2.333795 -1.345818 46.97768 2.364223 -1.339425 46.67713 2.857973 -1.26889 46.96908 2.852206 -1.266745 46.66915 3.335034 -1.384725 46.95769 3.328328 -1.382318 46.65778 3.681694 -1.468901 46.9494 3.674319 -1.466301 46.64951 1.278063 2.37568 46.67631 1.231109 2.591538 46.97113 1.366442 2.239901 46.97819 1.218235 2.577874 46.67172 1.070952 3.007668 46.96275 1.054933 3.129776 46.65917 1.754334 1.833419 46.68048 1.604786 2.012189 46.97913 1.848241 1.779589 46.98008 1.603579 2.005059 46.67916 1.366442 2.239901 46.97819 1.278063 2.37568 46.67631 2.177154 1.676235 46.97599 2.17921 1.688699 46.67549 1.848241 1.779589 46.98008 1.754334 1.833419 46.68048 2.854948 1.463245 46.96757 2.849182 1.460503 46.66764 1.235356 -2.322425 46.67731 1.579439 -1.79239 46.68301 1.591345 -1.787644 46.98298 1.251226 -2.335963 46.97666 1.167422 -2.427061 46.67618 1.142269 -2.511603 46.97465 1.579439 -1.79239 46.68301 1.702031 -1.721781 46.98219 1.591345 -1.787644 46.98298 1.69981 -1.720038 46.68216 2.333795 -1.345818 46.97768 2.322738 -1.345602 46.67781 5.18965e-6 -7.14242e-5 47 -3.96506 0.7029281 46.93087 -0.1133479 -7.14242e-5 47 -4.020909 -7.14242e-5 46.80876 -3.992776 -1.2572 46.9219 -4.020909 -7.14242e-5 46.80876 8.708617 -7.88748e-5 46.58836 2.854948 1.463245 46.96757 2.177154 1.676235 46.97599 1.848241 1.779589 46.98008 1.604786 2.012189 46.97913 1.366442 2.239901 46.97819 5.18965e-6 3.025334 46.96616 5.18965e-6 -2.823312 46.97167 1.142269 -2.511603 46.97465 1.251226 -2.335963 46.97666 1.591345 -1.787644 46.98298 1.702031 -1.721781 46.98219 2.333795 -1.345818 46.97768 2.857973 -1.26889 46.96908 2.368843 -1.340677 46.9771 -3.781433 1.384336 46.93087 -1.495624 3.392506 46.92298 -1.611406 3.187168 46.9307 -2.016196 2.469356 46.95766 -2.823065 1.640479 46.95881 -2.409692 2.031821 46.96113 -2.761791 1.69849 46.95915 -2.09486 2.329867 46.9629 -1.129652 4.041459 46.89861 -0.6693252 3.970805 46.93087 -1.790906 -2.644923 46.94981 -1.154805 -3.712033 46.91367 -0.9747096 -4.014161 46.90345 -2.094294 -2.135982 46.96704 -2.440999 -1.763549 46.96582 -2.117495 -2.103132 46.96724 -2.642209 -1.55234 46.96494 -2.723823 -1.527209 46.96277 -3.601233 -1.257066 46.93941 1.231109 2.591538 46.97113 1.102214 -3.074181 46.95948 5.18965e-6 -4.232262 46.91005 1.08019 -3.383425 46.95113 1.070952 3.007668 46.96275 3.335034 -1.384725 46.95769 3.419687 1.566011 46.95468 5.18965e-6 4.026245 46.91882 1.097014 3.267313 46.95375 0.001554906 6.028178 46.82443 -3.532583 1.457486 46.93913 3.681694 -1.468901 46.9494 3.526886 1.625392 46.95129 1.157855 3.873441 46.93272 4.0661 1.924086 46.93416 1.256888 -3.809196 46.93356 3.994306 -1.741391 46.93771 -3.601576 1.450534 46.93672 4.333173 -2.036762 46.92504 -3.745506 1.450474 46.92625 4.108836 1.988295 46.93174 5.18965e-6 -5.649302 46.84807 1.380017 -4.105859 46.92132 5.18965e-6 -5.649302 46.84807 1.208117 3.949377 46.92891 4.502748 2.580191 46.9094 -4.273439 1.450266 46.88778 -9.067917 1.448388 46.53857 -4.226679 -7.14242e-5 46.79869 -0.5790092 5.017932 46.86193 1.600569 4.542182 46.89916 4.455572 -2.332409 46.91547 8.275247 -1.903307 46.7639 -9.419123 -1.257029 46.49937 -4.187609 -0.6163611 46.92209 -4.951427 -1.257521 46.87903 -4.035706 -1.257215 46.91998 -0.9747096 -4.014161 46.90345 -0.616441 -4.187659 46.92209 -0.4794993 -4.844904 46.87531 -4.035706 -1.257215 46.91998 1.718571 -4.40294 46.90391 6.31038e-4 6.030108 46.82431 1.69102e-4 6.036561 46.8239 5.18965e-6 6.044689 46.82337 7.990052 -2.159026 46.77607 4.630526 -2.754991 46.90179 4.550105 2.651344 46.90671 7.98971 2.354968 46.77262 4.6133 3.262724 46.88714 8.5913 1.741621 46.74993 8.537909 1.796047 46.75194 -0.002587556 -5.686768 46.84578 -0.008711934 -5.775259 46.84038 2.012049 -4.660469 46.88881 4.609813 -3.070061 46.89291 0.005280196 6.032493 46.82415 1.640102 4.601899 46.89617 0.5092077 6.919611 46.76201 2.183562 4.904728 46.87382 6.342878 -4.923579 46.70458 4.57405 -3.613767 46.87761 1.061966 -7.694718 46.6991 2.382254 -4.752864 46.87822 0.003104627 -5.832222 46.83686 -0.009978532 -5.793378 46.83927 7.23282 3.624413 46.73694 4.639616 3.517407 46.87899 6.501501 4.850965 46.70246 4.478281 3.937903 46.86721 2.87131 -7.691529 46.67654 2.857153 -4.871391 46.86464 4.456152 -3.807433 46.87317 1.060029 7.88838 46.68315 2.286439 4.962053 46.8696 5.552163 -6.25069 46.67026 4.131382 -4.340865 46.86096 2.869388 7.885653 46.66063 2.856036 5.066026 46.85445 6.366631 5.077179 46.6961 4.34271 4.291269 46.8573 3.338357 -4.802295 46.85835 4.00505 -4.41593 46.86048 5.064954 -7.0684 46.64911 3.360023 -4.799184 46.85806 4.695689 -7.688169 46.63309 6.341775 5.11885 46.69493 4.105812 4.517387 46.85304 3.533637 4.85311 46.85055 3.862267 4.749853 46.84866 4.693826 7.882754 46.61725 -9.067917 1.448388 46.53857 -9.49275 -7.14242e-5 46.54097 -4.972274 -4.910376 46.75082 -6.570185 -7.412788 46.49906 -4.749159 -4.910611 46.76933 -6.267081 -7.534504 46.51026 -6.008679 -7.806775 46.50418 -4.189292 -5.895522 46.7268 8.716604 -1.507555 46.74506 -4.528711 5.493353 46.74138 -6.405109 7.703158 46.48714 -4.750277 5.103405 46.75899 -6.699766 7.577825 46.47707 -6.439532 5.101051 46.61901 -7.222945 -7.330906 46.45813 -6.84903 -7.300809 46.48875 -7.352406 -4.907884 46.55338 -7.924402 -7.387363 46.40068 -4.972274 -4.910376 46.75082 -7.354493 -7.341494 46.44736 8.727914 1.702624 46.7424 8.778653 -1.451929 46.7424 8.720017 -7.88748e-5 46.58782 8.961668 1.635897 46.72954 8.827677 -1.438175 46.73966 -5.861412 8.176032 46.48271 -6.165588 7.805045 46.49533 -3.785173 6.801921 46.68229 -4.528711 5.493353 46.74138 -6.206537 7.787626 46.49393 9.389898 -1.280506 46.70818 9.548491 1.468393 46.69724 -5.805383 -8.020987 46.4994 -3.501634 -7.105224 46.67456 9.422994 -1.271222 46.70632 10.06149 -1.377751 46.66573 9.798861 1.50923 46.6815 -5.570899 9.780887 46.35245 -5.551378 9.708333 46.36071 -5.447427 9.322103 46.40473 -5.481015 9.159054 46.4177 -5.592311 8.618679 46.46068 -5.623797 8.465852 46.47285 -3.14411 7.93014 46.63135 10.4459 1.739632 46.63742 -5.6242 -8.373162 46.48012 -5.447472 -8.970989 46.43763 -5.460883 -9.041303 46.43013 -5.592609 -9.732348 46.35646 -5.69343 -8.138956 46.49677 -5.603681 -9.790418 46.35027 -6.171594 -12.27595 46.04022 -3.142292 -7.737383 46.64727 14.90018 -7.88748e-5 46.29571 10.23266 -1.406309 46.65484 10.56485 -1.649064 46.63014 -2.66842 -8.567909 46.58002 10.58454 1.788992 46.62798 -2.926583 8.311535 46.59977 10.94147 -1.924258 46.60214 10.79037 2.02782 46.61023 -7.241572 7.443178 46.44949 -7.59087 7.476952 46.42033 -7.752488 7.519129 46.40441 -7.926235 7.578681 46.3859 -9.021083 7.627684 46.28777 -6.965319 7.464874 46.468 -10.21419 5.935679 46.28777 -9.371007 5.096953 46.37611 11.10337 2.390984 46.58323 11.0287 -2.102804 46.59291 -3.967146 11.12757 46.28777 -1.722703 10.42237 46.42499 17.57679 -7.88748e-5 45.95025 11.29318 -2.644171 46.56492 11.16913 2.467278 46.57756 -2.001027 -13.59351 46.04022 -1.54751 -10.53243 46.42093 -4.17916 -13.08901 46.04022 11.26572 2.830709 46.56216 11.32788 -2.715212 46.56124 11.36154 3.191251 46.54688 11.31729 -3.163908 46.54998 -9.930277 -8.21962 46.15356 -8.967931 -7.820592 46.27753 -11.12943 -8.057465 46.04022 -10.21046 -4.904893 46.31631 11.31034 -3.457535 46.54259 17.59235 -8.373262 45.72447 17.58428 -7.88748e-5 45.94927 11.33955 3.280508 46.54537 17.59996 8.524347 45.71111 11.11433 4.194077 46.52988 11.11499 -3.997837 46.53749 -10.26622 1.447912 46.45129 -11.79936 -7.14242e-5 46.19295 -11.31573 -1.256821 46.3382 10.12117 -5.701341 46.47268 11.04636 4.310909 46.52977 9.207836 7.45942 46.39151 9.209311 -7.264358 46.4132 -11.31608 1.447494 46.33553 -1.963595 11.64926 46.28777 -1.536275 10.74923 46.39793 -1.533682 -10.55665 46.41897 -1.13521 -11.01229 46.37419 8.717379 -8.724143 46.37852 8.724651 -8.095117 46.3816 -0.9251185 11.30849 46.34228 8.738479 8.263211 46.35621 -8.752788 7.921311 46.28352 8.346564 -8.743184 46.35694 8.714786 -17.50876 45.19742 17.5912 -16.83627 44.56412 17.59346 -12.62122 45.26552 -10.57733 5.095269 46.27615 -0.957156 -11.07327 46.36843 5.18965e-6 -13.72352 45.94219 -0.1727737 -11.34188 46.34307 8.728778 8.880879 46.36374 7.661556 10.10747 46.27522 8.260151 9.082365 46.32024 8.366248 8.900661 46.32821 8.726156 17.61107 45.17792 17.60097 12.74631 45.24773 7.588227 -10.04306 46.30748 -5.645642 10.05859 46.3208 -5.987222 -10.28634 46.27687 -0.05907791 -11.3256 46.34507 5.18965e-6 -11.33413 46.34394 6.47943e-5 -11.28634 46.34959 -0.08055049 -11.33986 46.34343 5.18965e-6 -11.33413 46.34394 0.002419173 -11.33763 46.34333 -0.09624141 -11.34055 46.34333 0.006919324 -11.34052 46.343 -0.1593776 -11.34333 46.34292 0.01904886 -11.34126 46.34292 5.915602 -11.32721 46.23626 -0.8476027 11.37942 46.33522 -11.99734 -1.426306 46.25479 -11.70815 1.570392 46.28663 -9.71151e-6 11.81151 46.27515 -0.1755453 11.53464 46.32064 -5.782555 10.1984 46.29788 -9.71151e-6 11.54039 46.31992 0.009318411 11.53413 46.32046 0.01232844 11.53376 46.32051 0.01627725 11.53409 46.32046 0.006338179 11.53501 46.32038 5.912682 11.52139 46.2138 -12.27611 -6.171204 46.04022 -11.30971 -4.903742 46.22512 7.304002 -10.52997 46.26912 -5.847032 10.26425 46.28709 -9.961883 8.42249 46.13328 -10.89376 8.80805 46.00289 -11.93414 9.237948 45.84586 -17.16923 9.977448 45.01422 -11.31103 5.094248 46.21535 -9.93229 8.410248 46.13742 -6.668458 18.7046 45.01422 -5.859161 10.27662 46.28506 -9.71151e-6 18.44973 45.17893 -3.300647 19.58152 45.01422 -11.99699 1.660939 46.25059 -9.831453 17.25321 45.01422 -6.253699 10.67952 46.21903 -6.0531 -10.37151 46.26426 7.301187 10.72461 46.24812 6.887053 -10.92773 46.24298 -6.540442 -10.68702 46.19975 -12.16381 -1.467702 46.23442 -13.71927 -7.14242e-5 45.90327 -12.32767 1.764591 46.20934 6.885265 11.16756 46.21643 6.693786 -11.1121 46.23087 6.094266 -11.30948 46.23174 -12.5709 -1.801331 46.17771 6.344204 -11.26654 46.22717 6.506746 -11.19474 46.22889 -11.84302 -4.781723 46.16888 -6.294752 10.70881 46.21327 6.827195 11.22939 46.21202 -11.88747 4.984687 46.15361 6.461789 11.34606 46.21273 -6.542811 10.87825 46.17882 -12.57212 1.999269 46.17372 -7.873753 -11.23898 46.03761 -7.586175 11.31013 46.05681 -12.64607 -1.86294 46.16723 -19.85235 -7.14242e-5 44.97792 -12.80844 2.226147 46.13929 -11.98851 -4.700631 46.15474 -13.5935 -2.000627 46.04022 -12.7221 -1.925242 46.15663 -12.93863 -2.397609 46.11756 -12.5886 -4.366189 46.0964 -11.98846 4.927981 46.14398 -10.74369 -8.556278 46.03565 -12.53285 4.622254 46.09201 -19.55288 3.466639 45.01422 -12.82717 2.275083 46.13557 -12.94591 2.58531 46.112 -13.09206 -2.732348 46.08985 -13.10677 3.005515 46.08007 -12.61751 -4.350074 46.09358 -13.08883 -4.179549 46.04022 -12.77501 -4.077998 46.08419 -12.55096 4.594687 46.09087 -18.64741 6.82688 45.01422 -12.57365 4.560123 46.08944 -13.07351 -3.06948 46.08157 -12.9687 3.958564 46.06452 -12.95874 -3.760611 46.07324 -13.04355 -3.614128 46.06819 -13.08035 3.267798 46.07448 -13.01844 3.882821 46.06137 -8.548434 11.7077 45.93359 -22.78019 -3.352627 44.31591 -21.93446 -7.004094 44.31591 -20.57248 -10.34174 44.31591 -12.61961 -9.555871 45.73246 -12.48291 -9.45493 45.75849 -11.93195 -9.048076 45.86341 -18.65085 -13.50277 44.31591 -8.273463 -11.40445 45.989 -10.34244 -20.57216 44.31591 -7.003511 -21.9347 44.31591 5.18965e-6 -18.33676 45.16653 -3.353337 -22.78015 44.31591 -13.50225 -18.65124 44.31591 -8.273463 -11.40445 45.989 -8.54593 -11.51724 45.95587 -9.507219 -11.91412 45.82313 26.39324 -6.39737e-5 44.81232 26.4186 -8.092278 44.68302 -10.36266 12.45524 45.67109 -12.46394 9.690675 45.73767 -10.54745 -12.3428 45.66772 -12.74909 9.934362 45.67945 -12.84316 -10.01658 45.65856 26.42248 -12.2019 44.23899 26.42251 8.238616 44.67098 -12.85321 10.208 45.63816 -12.69251 15.27192 45.01422 -10.55008 12.53245 45.64398 -11.23754 -12.44509 45.58037 -12.97709 -10.29257 45.61429 -10.92655 12.6233 45.59242 -13.00619 10.60996 45.57752 -12.975 -10.68458 45.5729 -11.22558 12.61967 45.55926 -11.24125 -12.44452 45.58001 -11.90741 -12.34232 45.51588 -12.97794 10.87291 45.55227 -12.97293 -11.07557 45.53162 -11.67142 12.61427 45.50982 -15.16373 12.82158 45.01422 -12.96764 10.96881 45.54306 -12.91288 11.47855 45.4941 -12.83803 -11.34554 45.51798 -16.28184 -16.28132 44.31591 -12.58863 -11.84467 45.49277 -11.92094 -12.34025 45.51457 -12.16237 -12.16104 45.50669 -11.88151 12.49865 45.49888 -12.47323 -11.93031 45.49654 -12.43811 12.19235 45.4699 -12.86244 11.55438 45.49153 -12.47608 12.13526 45.47184 26.4206 -16.26576 43.49563 17.59864 16.93515 44.54335 26.42623 12.32299 44.22113 8.713967 -21.8547 44.27373 17.58534 -21.00711 43.56095 -9.71151e-6 19.84685 44.94821 8.725381 21.93042 44.2543 5.18965e-6 -22.09675 44.53434 -20.54843 -7.14242e-5 44.8729 -26.22264 4.649188 43.33954 -22.9927 -7.14242e-5 44.19704 -25.0083 9.15565 43.33954 -23.02588 13.38092 43.33954 -20.33628 17.19522 43.33954 -17.02208 20.4814 43.33954 -13.18509 23.13854 43.33954 -8.94315 25.08503 43.33954 -9.71151e-6 21.37743 44.69545 -4.426549 26.26108 43.33954 26.39695 -6.39737e-5 44.81184 34.57062 -5.169102 43.57431 34.08787 -7.861563 43.51066 32.32202 -4.90725e-5 44.0471 34.58914 4.954505 43.57648 34.32341 6.848628 43.54951 5.18965e-6 22.91342 44.25563 34.03069 -8.180467 43.50312 33.37879 -10.33019 43.3639 32.90141 -11.90446 43.26194 34.02692 8.004899 43.49466 33.47837 10.14418 43.39317 33.38243 10.51831 43.37542 26.40921 -20.24512 42.36678 26.42416 16.36099 43.47314 17.59275 21.07993 43.53912 5.18965e-6 -22.46548 44.44904 5.18965e-6 -22.85061 44.33338 5.18965e-6 -23.01598 44.28371 4.257863 -26.69567 43.21531 -26.59341 -6.39737e-5 43.20142 -26.39745 -3.884979 43.32431 -25.41743 -8.116258 43.32431 -23.83917 -11.98389 43.32431 -21.6124 -15.64685 43.32431 -18.86722 -18.86661 43.32431 -15.64627 -21.61285 43.32431 -11.98472 -23.83879 43.32431 -8.115585 -25.41769 43.32431 -3.885815 -26.39739 43.32431 5.18965e-6 -26.6429 43.19455 8.718317 -26.13545 43.06332 17.57816 -25.0709 42.19515 8.729806 26.18426 43.04621 4.271348 26.74502 43.19915 5.18964e-6 26.59222 43.20223 13.16642 25.64381 42.69446 17.58558 25.11724 42.17537 32.84236 -12.09917 43.24933 31.35014 -15.53169 42.836 31.13294 -15.96573 42.77153 31.24822 -15.76616 42.80776 32.81082 12.02392 43.23059 31.95332 14.28259 43.0133 31.38644 15.37469 42.84146 35 -3.41713e-5 43.60591 34.88249 2.863514 43.60625 34.75468 -4.14262 43.59857 25.23274 -24.1702 40.9695 25.24139 -24.16098 40.97192 25.94969 -23.4062 41.17018 26.05397 23.29338 41.19611 26.4126 20.31429 42.34212 26.4003 22.89313 41.29883 28.63341 -20.04928 41.98463 29.27308 -19.18558 42.18684 31.03014 16.06108 42.73345 30.06977 17.91123 42.44234 -26.64394 -6.39737e-5 43.18745 -30.68923 5.44111 41.71933 -29.29644 -5.65231e-5 42.45402 -29.26805 10.71518 41.71933 -26.94797 15.66016 41.71933 -23.80023 20.12416 41.71933 -19.92152 23.97009 41.71933 -15.43097 27.07983 41.71933 -10.46648 29.35787 41.71933 5.18964e-6 27.26884 43.00848 5.18964e-6 29.60677 42.33903 -5.180532 30.73424 41.71933 -28.74149 -9.177686 42.12405 -29.84969 -4.393042 42.12405 -26.95684 -13.55112 42.12405 -24.43887 -17.69313 42.12405 -21.33466 -21.33396 42.12405 -17.69247 -24.43935 42.12405 -13.55206 -26.9564 42.12405 -9.176935 -28.74178 42.12405 -4.394005 -29.84961 42.12405 5.18965e-6 -30.04169 42.1739 5.18965e-6 -27.21518 43.0227 4.271125 -30.93191 41.66782 4.28464 30.95459 41.65709 8.733963 -30.30265 41.47268 13.166 -29.63663 41.03037 8.745497 30.3251 41.46099 13.17552 29.65843 41.01777 -30.13935 -5.65231e-5 42.05649 28.56756 20.1218 41.96147 26.39613 -22.93046 41.29515 26.8866 -22.40781 41.43245 28.10167 -20.76722 41.81655 28.21437 20.64153 41.84842 27.72332 21.36413 41.69123 5.18964e-6 31.11897 41.61707 20.89306 -28.07976 39.99193 23.24336 -26.10433 40.47427 20.23106 -28.51696 39.91611 24.06866 -25.41066 40.64364 17.57457 -28.94217 40.38761 25.23818 24.2362 40.95416 23.34486 26.00526 40.49719 25.25846 24.21276 40.96017 22.20923 27.0508 40.22698 17.58208 28.96303 40.37416 5.18965e-6 -30.16612 42.11343 -31.1108 -4.90725e-5 41.59835 -32.36894 -4.763801 41.0172 -31.16722 -9.95226 41.0172 -29.23193 -14.6948 41.0172 -26.50146 -19.18638 41.0172 -23.13525 -23.13449 41.0172 -19.18569 -26.50197 41.0172 -14.69583 -29.23146 41.0172 -9.951453 -31.16753 41.0172 -4.76485 -32.36885 41.0172 5.18965e-6 -31.44406 41.49237 -32.64945 -4.90725e-5 40.87271 -33.35964 10.58936 39.76417 -34.40405 6.096523 39.76417 -31.27907 15.70413 39.76417 -32.7859 11.99981 39.76417 -28.41998 20.42804 39.76417 -30.17275 17.53204 39.76417 -24.85352 24.64351 39.76417 -26.64329 22.52806 39.76417 -20.66848 28.2456 39.76417 -22.30319 26.8386 39.76417 -15.969 31.14467 39.76417 -17.28212 30.33463 39.76417 -10.87207 33.26857 39.76417 -11.72986 32.91113 39.76417 -5.504543 34.56443 39.76417 -5.811969 34.49021 39.76417 5.18964e-6 31.45678 41.45579 2.389049 -34.91844 39.74639 4.291852 -34.67709 39.70066 6.403764 -34.4092 39.64989 6.415223 -34.40634 39.64955 5.18965e-6 -32.66114 40.90088 4.106601 34.75828 39.71345 3.221249 34.8104 39.72438 8.182606 34.0302 39.59312 6.411185 34.34663 39.64541 4.307752 34.72235 39.70751 8.759654 -33.82091 39.57792 10.52771 -33.37941 39.52391 8.773497 33.85086 39.57792 12.11191 32.83759 39.49206 5.18964e-6 35 39.76416 14.15062 -32.01184 39.4848 12.72044 -32.5517 39.50024 12.75956 -32.53694 39.49982 13.18339 -32.37695 39.49524 13.19387 32.36584 39.50041 13.04915 32.42894 39.4993 12.72172 32.5717 39.49677 15.81681 31.22221 39.52066 -35.00001 -3.41713e-5 39.76417 -34.73758 -2.844651 39.76417 -34.5307 -5.087234 39.76417 -34.43789 -6.09332 39.76417 -34.40931 -6.403074 39.76417 -33.19291 -10.60351 39.76417 -32.60274 -12.64151 39.76417 -32.50621 -12.97483 39.76417 -33.56179 -9.329737 39.76417 -31.04163 -15.78693 39.76417 -31.11806 -15.64017 39.76417 -27.15325 -21.79329 39.76417 -29.38905 -18.96001 39.76417 -29.2657 -19.19684 39.76417 -28.25096 -20.44408 39.76417 -24.74872 -24.74875 39.76417 -24.85798 -24.61446 39.76417 -20.4918 -28.3122 39.76417 -20.00769 -28.71745 39.76417 -19.22 -29.15077 39.76417 -22.09158 -26.97304 39.76417 -15.63867 -31.12096 39.76417 -13.54467 -32.27292 39.76417 -12.9446 -32.45953 39.76417 -16.07999 -30.87818 39.76417 -9.643877 -33.48597 39.76417 -10.59822 -33.18919 39.76417 -3.145362 -34.67549 39.76419 -5.081648 -34.47571 39.76418 -6.40061 -34.33962 39.76417 -7.14616 -34.26269 39.76417 25.1276 24.36399 40.92136 5.18965e-6 -35.00001 39.7642 -34.60989 5.211029 39.76417 17.57681 -30.26315 39.61553 19.51427 -28.99035 39.83401 17.6216 -30.24029 39.61724 18.97328 -29.34762 39.77205 17.58874 30.19251 39.64938 20.18314 28.54582 39.91152 19.72864 28.88117 39.84076 19.29598 29.20043 39.77339 18.96966 29.39006 39.74969</float_array>
          <technique_common>
            <accessor source="#mesh-f8c0a326-1cd2-43c6-99be-c5df9cac979b-mesh-positions-array" count="1828" stride="3">
              <param name="X" type="float"/>
              <param name="Y" type="float"/>
              <param name="Z" type="float"/>
            </accessor>
          </technique_common>
        </source>
        <source id="mesh-f8c0a326-1cd2-43c6-99be-c5df9cac979b-mesh-normals">
          <float_array id="mesh-f8c0a326-1cd2-43c6-99be-c5df9cac979b-mesh-normals-array" count="5460">-0.4557378 -0.8663362 0.204364 0.6409769 -0.7050119 0.3034912 0.7225345 -0.620743 0.3043386 0.7539493 -0.5963869 0.2754691 0.6323959 -0.722394 0.2796827 0.6200762 -0.7093907 0.3350678 0.874306 -0.4606283 0.1530057 0.8321424 -0.5296588 0.1643184 0.8196203 -0.5385436 0.1954315 0.8683456 -0.483982 0.108339 0.861611 -0.5072275 0.01862949 0.8823247 -0.4533092 -0.1265466 0.4510768 -0.8906264 0.05757278 0.3441039 -0.9345651 0.09044688 0.4761221 -0.8741781 0.09550088 0.4040418 -0.9142708 0.02931022 0.4825852 -0.87576 -0.01249259 -0.04309809 0.9843735 -0.1707385 -0.03579813 -0.9059902 0.4217824 0.302001 -0.9394654 -0.1618657 0.9906858 -0.09729993 0.09525918 0.9896398 -0.1029642 0.1000568 0.9896333 -0.1022903 0.1008102 0.9897634 -0.09911012 0.1026926 0.9903089 -0.09812647 0.09828305 0.9892758 -0.09797322 0.1083263 0.9891678 -0.09557205 0.1114152 0.985667 -0.07838511 0.1493868 0.9633782 -0.1150513 0.24221 0.9742335 -0.08354365 0.2094986 0.9939298 -0.02756714 0.1065072 0.9883292 0.08017712 0.1295265 0.9676728 0.2242375 0.1154426 0.9369933 0.3357774 0.09642219 0.9040279 0.4258754 0.03693121 0.8968711 0.4351209 0.07932323 0.7308325 0.6520811 0.2016788 0.407983 0.8717023 0.27145 0.4030736 0.8720927 0.277464 0.2088966 0.9445162 0.2534785 0.3140592 0.9240191 0.2180722 0.6206017 0.7757567 0.1142597 0.5958711 0.8030564 0.006170392 0.6262735 0.7681288 0.1332665 0.7309129 0.6421279 0.231167 0.938681 0.3412081 0.04954874 0.9336753 0.3540684 0.05372208 0.9326598 0.359485 0.03027379 0.9382742 0.3370956 0.07751286 0.934005 0.3413811 0.1053269 0.9353678 0.3297012 0.1280009 0.9034968 -0.4247395 -0.05735695 0.9044184 -0.4215882 -0.06550407 0.9029688 -0.4254449 -0.06036633 0.9020099 -0.4281506 -0.05536705 0.9032197 -0.4256505 -0.05491578 0.9017251 -0.4288857 -0.05430477 0.9970725 -0.0746122 0.01671624 0.9955877 -0.09106183 0.02265143 0.9946889 -0.09965306 0.02575248 0.9982444 -0.05823653 0.01079702 0.9960809 -0.08683532 -0.01681053 0.9967863 -0.07951438 -0.009723186 0.9944497 -0.1007544 -0.03030502 0.9064565 -0.3899645 -0.1620628 0.8092594 -0.5366505 0.2389679 0.8571525 -0.4566376 0.2382686 0.8084507 -0.5405401 0.2328603 0.8399628 -0.4731677 0.2656596 0.8773195 -0.4016711 0.2626229 0.8764596 -0.3843277 0.2900184 0.3336712 0.91334 -0.2333959 0.7115755 0.6618715 0.2357677 0.6478314 0.7416458 0.1739997 0.5473151 0.8127549 0.1996888 0.722598 0.6552634 0.2201865 0.9134014 0.4050866 -0.04003489 0.8807345 0.473447 -0.01244628 0.932084 0.3544408 0.07477343 0.8585497 0.4960102 0.1298716 0.9284175 0.3205194 0.1879053 0.9010799 0.3754406 0.2170238 0.9207267 0.2797806 0.2720021 0.9478551 0.3170459 0.03244709 0.9339042 0.3575224 7.7449e-4 0.9339063 0.3575173 7.74978e-4 0.9379898 0.3439696 0.04313141 0.9495937 0.2993872 0.09294706 0.939299 0.2987301 0.1687536 0.938702 0.2728177 0.2107349 0.8855919 -0.454724 0.09462082 0.8646992 -0.4717016 0.1726063 0.8765456 -0.4581736 0.1474612 0.8994195 -0.4318661 0.06735378 0.9461687 -0.3071499 0.1020968 0.9781809 -0.1895388 0.08507174 0.9972915 -0.04712152 0.05647337 0.9993759 0.03531479 -8.82034e-4 0.9998719 -0.005294978 -0.015109 0.9974829 0.05595058 -0.04356026 -0.0821942 0.09385138 0.9921875 -0.0807507 0.1034067 0.9913558 -0.07422399 0.09466063 0.9927387 -0.1127354 0.06974697 0.9911742 -0.09768259 0.1092691 0.9892009 -0.07965648 0.1066282 0.9911031 -0.1165716 0.06536531 0.991029 -0.06304728 0.08826637 0.9940997 -0.07081156 0.09130883 0.9933019 -0.08952856 0.08597022 0.992267 -0.1123431 0.0686779 0.9912934 -0.07849138 0.1065313 0.9912065 -0.07557195 0.10896 0.9911693 -0.07392519 0.09403735 0.9928203 -0.05593299 0.09113389 0.9942666 -0.05596756 0.09108442 0.9942692 -0.07058227 0.113217 0.9910601 -0.06891566 0.1144118 0.9910402 -0.05798894 0.0952326 0.9937646 -0.06114208 0.09810519 0.993296 -0.06532323 0.09892541 0.9929485 -0.06117349 0.09864652 0.9932405 -0.07041645 0.09747678 0.9927437 -0.07568931 0.09548938 0.9925488 -0.08268326 0.1082343 0.990681 -0.0699414 0.09433436 0.9930807 -0.06511062 0.09840244 0.9930145 -0.09892505 0.1054427 0.9894927 -0.1076361 0.106063 0.9885166 -0.1103684 0.1039881 0.9884358 -0.1029955 0.1035175 0.9892806 -0.1165013 0.1023426 0.9879036 -0.1191095 0.1042742 0.9873904 -0.1197727 0.1062175 0.987103 -0.110719 0.1068018 0.9880965 -0.1184042 0.1170665 0.9860406 -0.1205924 0.1145888 0.9860665 -0.1223376 0.1087818 0.986509 -0.1209899 0.1100973 0.9865294 -0.10896 0.1160238 0.9872519 -0.1181525 0.1178023 0.9859831 -0.1105103 0.1166114 0.9870103 -0.1146177 0.1166435 0.986538 -0.1102471 0.1067599 0.9881538 -0.1103312 0.1069056 0.9881287 0.7252599 0.6876599 0.03349655 0.7027651 0.7099876 0.04515427 0.6930381 0.7208688 -0.006801128 0.7353992 0.6702619 0.09968489 0.7221508 0.6761916 0.1458188 0.7380604 0.6480692 0.1878117 -0.08050054 -0.1034545 0.9913712 -0.08196204 -0.1010777 0.9914967 -0.07402366 -0.09251463 0.9929561 -0.1090965 -0.06776052 0.991719 -0.08541685 -0.09889274 0.9914253 -0.1048939 -0.09704011 0.9897376 -0.07800638 -0.1044807 0.991463 -0.07384967 -0.09224766 0.9929938 -0.07462602 -0.1081767 0.9913269 -0.08557838 -0.09303861 0.991978 -0.07724165 -0.09100931 0.99285 -0.07277011 -0.09208047 0.993089 -0.109964 -0.06298756 0.9919378 -0.1298214 -0.04115152 0.9906831 -0.1153305 -0.05965769 0.9915341 -0.07204496 -0.1109738 0.9912085 -0.05739855 -0.09686511 0.9936411 -0.07166135 -0.09215879 0.9931623 -0.07150459 -0.08946776 0.9934198 -0.08683776 -0.0825718 0.9927946 -0.07404696 -0.1109023 0.9910691 -0.06281334 -0.09951543 0.9930515 -0.08417975 -0.08513921 0.9928067 -0.07037585 -0.09559434 0.9929295 -0.06410765 -0.09955704 0.9929646 -0.08816272 -0.1082726 0.9902042 -0.1094005 -0.09864205 0.9890912 -0.09821426 -0.1120187 0.9888406 -0.1116097 -0.106815 0.9879949 -0.1037024 -0.1070333 0.9888325 -0.1045392 -0.1040036 0.9890677 -0.1075822 -0.1020988 0.9889398 -0.1083211 -0.1012049 0.9889511 -0.1062439 -0.1029009 0.9890013 -0.1051159 -0.1033695 0.989073 -0.1094278 -0.1004768 0.9889034 -0.1123577 -0.1009901 0.9885226 -0.1189633 -0.09688389 0.9881606 -0.1202043 -0.0969395 0.9880049 -0.1254259 -0.09998649 0.9870517 -0.110413 -0.1049292 0.9883314 -0.1107177 -0.1054363 0.9882433 -0.1099783 -0.104959 0.9883767 0.6575444 -0.7532045 -0.01784241 0.6714652 -0.7367322 -0.07975161 0.6513618 -0.7577263 -0.03973287 0.6345473 -0.7728385 -0.00840038 0.656291 -0.7545079 -3.69492e-4 0.6404184 -0.7680156 0.004058003 0.6333422 -0.7738487 0.005999982 0.633331 -0.7738578 0.005998194 -0.6471462 -0.7571671 0.08888113 -0.6423769 -0.761182 0.08918422 -0.205776 -0.9719395 0.1139727 -0.2133071 -0.970327 0.1138678 -0.01939272 -0.9929949 0.1165552 -0.01109927 -0.9931318 0.1164743 0.0429604 -0.9922724 0.1164046 -0.2860315 -0.9517097 0.1115114 -0.3035782 -0.9463115 0.1110626 -0.1535146 -0.9807862 0.1203824 -0.1544361 -0.9805234 0.1213409 0.04909354 -0.9920017 0.1162871 -0.3025568 -0.944549 0.1276187 -0.3014445 -0.9448953 0.1276878 -0.3014429 -0.9448952 0.1276922 -0.3043238 -0.9434134 0.1317509 -0.3031424 -0.9440246 0.1300855 -0.7149174 -0.6981306 0.0388174 -0.7119336 -0.7014196 0.03407704 -0.7151436 -0.698028 0.03642076 -0.7170489 -0.6959962 0.03781813 -0.7170934 -0.6959506 0.03781455 -0.7166354 -0.69641 0.03803652 -0.6573969 -0.7518522 0.05047392 -0.7168998 -0.6961459 0.03789025 -0.5765085 -0.8154588 0.05162334 -0.638189 -0.768004 0.05371117 -0.4812253 -0.8742598 0.06396967 -0.4811875 -0.8742638 0.06420016 -0.3889331 -0.9182534 0.0744425 -0.3889095 -0.9182692 0.07437306 -0.3890247 -0.918219 0.07438963 -0.3889085 -0.9182956 0.0740512 -0.272414 -0.9578888 0.0907734 -0.3890237 -0.9182456 0.0740652 -0.3890087 -0.9182559 0.07401657 -0.3890075 -0.918291 0.07358711 -0.2973246 -0.9482001 0.1118698 -0.1918049 -0.9635658 0.1864186 -0.161522 -0.9700151 0.1816081 -0.1157521 -0.9856135 0.1231571 -0.03973233 -0.994822 0.09354442 -0.1484704 -0.9854771 0.08241057 0.2321715 -0.9692346 0.08173638 0.2259802 -0.9693863 0.09603697 0.2259803 -0.9693864 0.09603703 0.06250208 -0.9912528 0.1162381 0.03270977 -0.9926607 0.1164256 0.1002848 -0.9902493 0.09669148 0.03295922 -0.9926356 0.1165689 0.1932337 -0.9787864 0.06810355 0.9999999 -5.97357e-4 -2.68244e-4 0.9999994 -0.001230418 -1.42027e-4 1 0 0 -0.5525789 0.8280416 0.09488892 -0.5556296 0.8259263 0.09550684 -0.5557371 0.8258545 0.09550267 -0.55243 0.8280013 0.09609925 0.3051101 0.9522264 -0.01314455 0.2879513 0.957239 -0.0278871 0.323001 0.945957 -0.02891182 0.2180371 0.9694673 0.1122184 0.21437 0.9719246 0.09699511 -0.03103041 0.9929772 0.1141644 -0.0442878 0.992518 0.1137837 -0.04458105 0.9925451 0.1134325 -0.03160452 0.9928147 0.1154133 0.0321998 0.9928868 0.1146264 -0.03056448 0.9929888 0.1141892 0.04110658 0.9924163 0.1158459 -0.9614415 -0.2711775 -0.04575073 -0.9592842 -0.2763783 -0.05821514 -0.9611645 -0.2710056 -0.05214273 -0.9633927 -0.2643448 -0.04468059 -0.962772 -0.2673422 -0.03997838 -0.9624475 -0.2690483 -0.03616613 -0.9642528 -0.2631103 -0.03145831 0.738164 0.6192328 0.2677029 -0.7758955 -0.04795914 0.6290358 -0.9934033 0.09184795 0.06865888 -0.9844651 0.1534392 0.08535254 -0.9733489 0.1691195 0.1548891 -0.9924713 0.1198207 0.02537065 -0.9783618 0.1962644 -0.06548839 -0.9067383 0.4216344 0.007076799 -0.9214802 0.3861715 -0.04178345 -0.9641169 0.2347592 -0.1239628 -0.798213 0.6017346 -0.02777904 -0.762991 0.6446195 0.04806917 -0.6978143 0.708228 0.1070907 -0.6542318 0.7332576 0.1852405 -0.5942226 0.7951208 0.1211716 -0.4830679 0.8732728 0.0635612 -0.4527331 0.88921 0.06586754 -0.389105 0.918324 0.07265263 -0.6188234 0.7816913 -0.07756549 -0.3890769 0.9183595 0.07235449 -0.38898 0.9184001 0.07235866 -0.3889845 0.9183984 0.0723561 -0.3891239 0.9183412 0.07233464 -0.3892048 0.9183319 0.07201588 -0.3891884 0.9183384 0.0720207 -0.131114 0.9715861 0.1970525 -0.008411288 0.9585721 0.2847259 -0.2450591 0.9625288 0.1161229 -0.2362805 0.9671376 0.09389555 -0.3891983 0.9183354 0.07200634 -0.004963457 0.9519166 0.3063174 0.1144928 0.9426583 0.3135071 0.1144301 0.9426506 0.3135534 -0.9785513 0.1796787 -0.1007623 -0.9793809 0.1650292 -0.1165261 -0.9765459 0.1866415 -0.1073457 -0.9756605 0.1926442 -0.1047611 -0.9814838 0.1829915 -0.05660212 -0.9838296 0.1709305 -0.0534994 -0.982471 0.1800868 -0.04816097 -0.9793382 0.1987807 -0.03718817 0.06609189 -0.9977088 -0.01445877 0.06609195 -0.9977089 -0.01445877 0.07242053 -0.997148 -0.0212382 0.08282041 -0.996038 -0.03238999 0.07591873 -0.9964604 -0.03609859 0.0762304 -0.9962196 -0.04165846 0.2392482 -0.9694666 -0.0538029 0.2366271 -0.9703369 -0.04953676 0.3869848 -0.9213092 -0.03784358 0.3869626 -0.9213212 -0.03778159 0.3869907 -0.9213083 -0.03780901 0.3868694 -0.9213722 -0.03748887 0.3867851 -0.921407 -0.03750228 0.4870586 -0.8724767 -0.03947794 0.452834 -0.8912007 -0.02651149 0.3868162 -0.9214012 -0.03732526 0.3868423 -0.921383 -0.03750562 0.6580274 -0.7362645 -0.1578439 0.65055 -0.7590274 0.02573055 0.6093981 -0.7880364 0.0873667 0.6434389 -0.757652 0.1093162 0.5576183 -0.8062166 0.1976785 -0.7840356 0.6112916 -0.1077532 -0.7868707 0.5988753 -0.14894 -0.7808044 0.6113427 -0.1288597 -0.7777837 0.6220135 -0.09028774 -0.7811884 0.619942 -0.07359778 -0.7730895 0.6319683 -0.05430293 -0.4130225 0.9088717 -0.05800706 -0.3920652 0.918321 -0.05451226 -0.3895722 0.9197177 -0.04850614 -0.4100406 0.9097319 -0.06522852 -0.3980619 0.9139469 -0.07904231 -0.4052153 0.9090669 -0.09694331 -0.3896214 0.9149069 -0.1055496 -0.4054808 0.9064829 -0.1177884 -0.2226813 0.9703795 -0.09368395 -0.2650129 0.957751 -0.1117191 0.01095789 0.9973384 -0.07208502 0.008173644 0.9971069 -0.07557111 0.1800287 0.9817538 -0.06123113 0.1924429 0.9798988 -0.05257487 0.2924772 0.955311 -0.04287266 0.3465675 0.9372816 -0.03733986 0.3576699 0.9328466 -0.04323935 0.3868591 0.9212721 -0.03997433 0.3867481 0.9213485 -0.03928107 0.3867955 0.9213315 -0.03921228 0.3866211 0.9214023 -0.03926628 0.3867162 0.9213637 -0.03923928 0.3866831 0.9213891 -0.03896653 0.5240915 0.8515104 -0.01607239 0.386678 0.9213895 -0.03900623 0.3867408 0.9213647 -0.03897035 0.5252248 0.8508935 -0.01092696 0.6489369 0.7597724 0.0403347 0.6517127 0.756803 0.05019897 0.6494066 0.7582101 0.05821299 0.6526687 0.7547098 0.06660979 -0.9447182 -0.2851641 -0.1618301 -0.9483686 -0.2729311 -0.1615718 -0.9505822 -0.2701036 -0.1530935 -0.942411 -0.284857 -0.1752663 -0.939646 -0.2794029 -0.1974834 -0.9309401 -0.2882773 -0.2241583 -0.417697 -0.9065363 -0.06100332 -0.4384956 -0.8987126 -0.006121158 -0.4116164 -0.9107774 -0.03250706 -0.3850045 -0.918021 -0.0949167 -0.3646194 -0.92076 -0.1387577 -0.4008204 -0.9093564 -0.1114184 -0.4350811 -0.8964001 -0.08468323 -0.7391216 -0.651266 -0.1719066 -0.727634 -0.6670554 -0.159956 -0.7133903 -0.6726638 -0.196463 -0.7578461 -0.6403008 -0.1252375 -0.7478942 -0.6598326 -0.07263153 -0.7583969 -0.6497883 -0.05108392 -0.7254334 -0.6882431 -0.008239984 -0.9677247 -0.2346135 0.09200763 -0.9681811 -0.2317612 0.09440386 -0.9673123 -0.235466 0.09414225 -0.9682156 -0.2312036 0.09541261 -0.924292 -0.3734949 0.07865107 -0.9244501 -0.3727589 0.08026766 -0.8618378 -0.5008583 0.07985538 -0.8616721 -0.5011917 0.07955098 -0.8621078 -0.4997208 0.08395993 -0.8620566 -0.500511 0.07966941 -0.8619849 -0.4995662 0.08611381 -0.8617232 -0.5000153 0.08612692 -0.8618004 -0.4993045 0.08941638 -0.8616253 -0.4998965 0.08778023 -0.8618188 -0.4992704 0.0894289 -0.8617992 -0.4993038 0.0894311 -0.8613997 -0.4996025 0.09158557 -0.7992936 -0.592545 0.1001012 -0.8614903 -0.4994204 0.09172779 -0.8615688 -0.4993452 0.09139806 -0.8011184 -0.5903502 0.09846991 -0.7306193 -0.6759781 0.09617221 -0.7328742 -0.6737061 0.09494972 -0.7329187 -0.6736585 0.09494411 -0.7290494 -0.677987 0.09391844 -0.7322546 -0.6744052 0.0947678 -0.9977458 0.06689184 0.005386471 -0.9980925 0.04813206 0.0386604 -0.9990698 0.02448338 -0.03549867 -0.9901397 0.1039788 0.09387147 -0.9795721 0.1712113 0.1054764 -0.956146 0.2772324 0.09448295 -0.9013492 0.4271429 0.0715453 -0.8620705 0.5001703 0.08163446 -0.8621073 0.5000542 0.08195602 -0.8979225 0.4331464 0.07822775 -0.862149 0.4998328 0.08286398 -0.8619396 0.5003677 0.08180761 -0.8620294 0.4996773 0.08501791 -0.8617569 0.5001437 0.0850377 -0.8620183 0.4996919 0.08504468 -0.8618687 0.4999243 0.08519607 -0.8624319 0.4979612 0.09080809 -0.8616243 0.4998523 0.08804142 -0.8616913 0.4992534 0.0907433 0.7012798 0.7083107 0.080639 0.7851517 0.6151026 0.07201212 0.8269869 0.5585141 0.06445711 0.3119263 0.9440549 0.1070628 0.6149758 0.7832839 0.09094727 0.22872 0.9669867 0.1123558 0.03031516 0.9930219 0.1139681 0.02066701 0.993111 0.1153409 -0.04803055 0.9920807 0.1160566 -0.7765993 0.620176 0.1107944 -0.862372 0.4980612 0.09082835 -0.6759641 0.7174571 0.1683092 -0.685815 0.7077815 0.1694202 -0.7737591 0.6252841 0.1015715 -0.5805455 0.8010532 0.1458791 -0.08610659 0.9863002 0.1407036 -0.1633858 0.9699295 0.1803942 -0.2392444 0.9590922 0.151342 -0.2413309 0.9467003 0.2133495 -0.4299066 0.8916504 0.1419156 -0.3900026 0.9157138 0.09678053 0.8320634 0.5513959 0.0602771 0.833266 0.5496093 0.05998075 0.323475 0.9398578 0.109687 0.5532783 0.8272476 0.09769713 0.03659904 0.9927341 0.1146277 -0.960275 0.2686012 0.07566577 -0.9541211 0.2842542 0.09408879 -0.9526784 0.2820094 0.1134662 -0.946967 0.2943597 0.1288641 -0.9650598 0.2583556 0.04372537 -0.9598563 0.2737547 0.06110775 -0.9255563 -0.3760074 -0.04431688 -0.9140426 -0.405141 -0.0196734 -0.8982825 -0.4360643 -0.05419087 -0.905021 -0.4159029 0.08922934 -0.8864196 -0.4404157 0.1424581 -0.9357159 -0.3504636 -0.04013836 -0.9145233 -0.3683407 0.1672491 -0.8997036 -0.4085636 0.1536527 -0.9193003 -0.3540037 0.171955 -0.7467877 0.6645737 0.02549409 -0.7323642 0.679168 0.04871946 -0.7365239 0.6733278 0.06451725 -0.7213221 0.6874829 0.0840348 -0.7582668 0.6511259 -0.03265881 -0.7491082 0.6623352 -0.01221054 -0.7582522 0.6511429 -0.03265893 -0.6239387 -0.7800499 -0.04714632 -0.6069453 -0.7942511 -0.02797681 -0.5920032 -0.8018102 -0.08144164 -0.6398802 -0.7681339 0.0228846 -0.6359444 -0.7648711 0.1026987 -0.6504762 -0.7457126 0.1442 -0.03396874 0.04440742 0.9984359 -0.01875633 0.05565041 0.9982742 -0.0365408 0.03920996 0.9985627 -0.04396659 0.03643953 0.9983682 -0.0403071 0.03729438 0.9984912 -0.03728163 0.04597568 0.9982467 -0.04291337 0.0497604 0.9978389 -0.05875694 0.05300545 0.9968642 -0.04048687 0.04085451 0.9983445 -0.05217278 0.04514563 0.9976171 -0.07004934 0.03541576 0.9969147 -0.04052025 0.04666811 0.9980884 -0.042418 0.04359799 0.9981483 -0.07744711 0.02487832 0.9966861 -0.05860316 0.01179021 0.9982118 -0.03255814 0.05318856 0.9980536 -0.02878767 0.06822568 0.9972546 -0.08593082 0.09474551 0.9917859 -0.02172964 0.07308197 0.9970893 -0.01314198 0.07372683 0.9971919 0 0.06444114 0.9979216 -0.003366768 0.06461495 0.9979047 -0.009889721 0.06452727 0.9978671 -6.42775e-4 0.0644384 0.9979216 -0.01375895 0.07802587 0.9968564 -5.17785e-4 0.06542819 0.9978572 0.04903149 0.04758417 0.9976631 0.04700744 0.05914664 0.997142 0.05317777 0.04073297 0.997754 0.06258857 0.02513098 0.997723 -0.01102387 0.08105558 0.9966487 -0.003965139 0.07954877 0.9968232 -0.01341056 0.07153147 0.9973482 0.005749642 0.09373557 0.9955805 0.0614475 0.02338343 0.9978364 0.06164127 0.02632504 0.9977512 0.04806429 0.06763929 0.9965514 0.0519616 0.05896174 0.996907 0.05800479 0.02554053 0.9979895 0.06051462 0.01997798 0.9979674 0.06051462 0.01997798 0.9979674 -0.1033532 0.0287525 0.9942291 -0.1033528 0.02873814 0.9942296 -0.1030004 0.03029614 0.9942198 -0.1032788 0.03305661 0.994103 -0.1022071 0.03501701 0.9941467 -0.1019487 0.03743225 0.9940852 -0.1017561 0.04213345 0.9939168 -0.1019508 0.04535663 0.9937549 -0.1030113 0.06335437 0.9926605 -0.1026309 0.06111323 0.9928404 -0.08226442 0.02111214 0.9963869 -0.1068639 0.01999306 0.9940727 -0.1074675 0.02246505 0.9939548 -0.09758597 0.03211885 0.9947087 -0.1056874 0.0235393 0.9941208 -0.1041774 0.02667236 0.994201 -0.07166934 0.05699002 0.995799 -0.08952039 0.03385317 0.9954096 -0.08062607 0.1226089 0.9891747 -0.02850455 0.08382421 0.9960728 9.39555e-4 0.09462112 0.995513 -0.01801174 0.09316146 0.9954882 0.0519666 0.0589618 0.9969067 0.05198168 0.05888122 0.9969107 0.05195629 0.05896776 0.9969069 0.01087766 0.1022937 0.9946948 0.007931351 0.1014477 0.9948093 0.001733183 0.09912604 0.9950734 0.00250554 0.1027728 0.9947018 0.01312077 0.1034349 0.9945497 0.01813209 0.104394 0.9943707 0.02751797 0.1019406 0.9944099 0.03920382 0.08719187 0.9954199 0.05416744 0.07371896 0.9958069 0.05418443 0.06157648 0.9966306 0.06160056 0.01854038 0.9979287 0.05703473 0.02431517 0.9980761 0.06658154 0.01685345 0.9976387 0.0570445 0.07695084 0.9954017 0.05704939 0.07695031 0.9954015 0.04244786 0.09030872 0.9950088 0.0326085 0.1004922 0.9944034 0.03337478 0.0992887 0.9944989 0.05400955 0.02786046 0.9981517 0.06727367 0.02500128 0.9974213 -0.002094566 0.1038785 0.9945879 -0.003268122 0.1033859 0.9946359 -3.50552e-4 0.1041076 0.9945661 -0.009849846 0.09894746 0.995044 0.05825358 0.030402 0.9978388 0.05426985 0.03180748 0.9980196 0.04986238 0.02915549 0.9983305 -0.002050518 0.1013124 0.9948526 0.03511518 0.1042227 0.993934 -0.1129848 0.03300833 0.9930484 -0.1121719 0.03246581 0.9931584 -0.04108411 -0.03548073 0.9985256 -0.04981946 -0.03651714 0.9980905 -0.0393179 -0.03350579 0.9986649 -0.03678423 -0.03597021 0.9986757 -0.03309923 -0.04050028 0.9986312 -0.02435058 -0.05420154 0.9982331 -0.03598046 -0.04478627 0.9983485 -0.01921021 -0.05402755 0.9983547 -0.06033903 -0.05388092 0.9967226 -0.06867295 -0.0324667 0.9971108 -0.04194849 -0.04405057 0.9981482 -0.07605737 -0.0236811 0.9968222 -0.04665499 -0.05946379 0.9971396 -0.05854159 -0.008899331 0.9982454 -0.02886724 -0.0541622 0.9981148 -0.0270124 -0.06872284 0.9972701 -0.03518939 -0.04961502 0.9981483 -0.01845854 -0.05714875 0.9981951 -0.01869595 -0.05672395 0.9982149 -0.01746565 -0.0590924 0.9980997 -0.01649475 -0.06131982 0.997982 -0.01485824 -0.06486499 0.9977834 -0.01479613 -0.07034754 0.9974129 -0.01043385 -0.07450032 0.9971664 -0.02700245 -0.07600462 0.9967418 -0.02372324 -0.07604849 0.9968219 -0.01413738 -0.07612949 0.9969977 -0.01102191 -0.0787568 0.996833 -0.00360161 -0.08211392 0.9966165 -0.01163274 -0.07523071 0.9970984 0.05148506 -0.06183838 0.9967575 0.08544898 -0.04156494 0.9954752 0.08142936 -0.04423362 0.9956971 0.05130761 -0.05633389 0.9970928 0.03998476 -0.04790192 0.9980515 0.08065962 -0.04295867 0.9958155 0.005932688 -0.09186166 0.9957541 -0.06687343 -0.08056288 0.9945037 0.07294911 -0.04466801 0.996335 0.06744897 -0.0458374 0.9966692 0.06100082 -0.04180175 0.997262 -0.103419 -0.02583229 0.9943024 -0.1042801 -0.02321666 0.994277 -0.1052902 -0.02100247 0.9942198 -0.1078003 -0.01555031 0.994051 -0.1053384 -0.01839214 0.9942663 -0.08478653 -0.02243828 0.9961466 -0.1132472 -0.03174453 0.9930596 -0.1054442 -0.03323453 0.9938697 -0.09149509 -0.030088 0.9953509 -0.09828275 -0.02194619 0.9949166 -0.06686347 -0.08056014 0.9945046 -0.0585395 -0.05169838 0.9969456 -0.05354422 -0.06186026 0.9966475 -0.06911158 -0.1072 0.9918326 -0.01280456 -0.08921605 0.9959301 -0.01379263 -0.08852487 0.9959785 -0.02443069 -0.08101433 0.9964135 0.01103347 -0.0946955 0.9954452 9.62892e-5 -0.09438657 0.9955357 -6.62354e-4 -0.09435021 0.9955388 6.63809e-4 -0.09462028 0.9955132 0.001295208 -0.09513896 0.9954632 -0.001790881 -0.09307295 0.9956577 -0.005129814 -0.09425818 0.9955346 -0.01285886 -0.0940929 0.9954804 -0.1005785 -0.03700476 0.9942408 0.05087476 -0.03684043 0.9980254 0.06063485 -0.0171889 0.9980121 0.02238267 -0.04966878 0.9985149 0.05130791 -0.05630594 0.9970943 0.01482445 -0.109357 0.9938921 0.01862823 -0.1054793 0.994247 0.01916128 -0.1055334 0.9942312 0.0209937 -0.1073935 0.993995 0.053043 -0.05835354 0.9968858 0.05699962 -0.06279247 0.9963976 0.05249118 -0.06803369 0.9963012 0.06323873 -0.01415395 0.9978981 0.06000101 -0.01976186 0.9980028 0.04497843 -0.02949261 0.9985526 0.01154822 -0.04321223 0.9989992 0.03948616 -0.08700895 0.9954248 0.02518159 -0.1116684 0.9934265 0.0424211 -0.08459001 0.9955125 0.03157961 -0.09843391 0.9946424 0.03200703 -0.09804254 0.9946675 0.02735745 -0.09932327 0.9946791 0.03418034 -0.09704858 0.9946926 0.0328722 -0.09775185 0.9946678 0.008237421 -0.1060746 0.994324 0.01110702 -0.09665977 0.9952555 0.005384027 -0.08667516 0.9962221 0.06627118 -0.01772606 0.9976442 0.05507582 -0.02492994 0.9981709 -0.007480561 -0.1019477 0.9947617 0.01748847 -0.04003322 0.9990453 0.05709254 -0.02990055 0.9979211 0.06219601 -0.02775382 0.9976781 0.06353729 -0.02626132 0.9976339 0.06968605 -0.01942396 0.9973799 -0.001396358 -0.09846556 0.9951395 0 -0.1124591 0.9936563 -0.1146926 -0.0238924 0.9931138 -0.1176565 -0.02176332 0.9928159 -0.1185883 -0.02160745 0.9927084 -0.1218296 -0.02211081 0.9923048 -0.1134806 -0.03010684 0.993084 -0.1274832 -0.02220255 0.9915923 -0.1271697 -0.02696841 0.9915144 -0.1232072 -0.03195518 0.9918664 -0.1222285 -0.0334199 0.9919392 -0.1119847 -0.03057378 0.9932395 0.02044028 0.0256226 0.9994627 0.01959407 0.02407729 0.9995181 0.0190981 0.02583569 0.9994838 0.01963168 0.02766901 0.9994243 0.0257641 0.03029197 0.9992091 0.01964235 0.0255593 0.9994803 0.01915031 0.02179008 0.9995792 0.01910412 0.02290332 0.9995552 0.01916915 0.02263438 0.9995601 0.01844 0.0264678 0.9994796 0.01847201 0.02649205 0.9994783 0.01889848 0.02831226 0.9994205 0.01889842 0.02858418 0.9994128 0.01969659 0.03315579 0.9992562 0.01908254 0.03067559 0.9993473 0.01956665 0.03428894 0.9992204 0.02836596 0.03182154 0.999091 0.01897031 0.03030675 0.9993607 0.018826 0.03437638 0.9992317 0.01839989 0.03653573 0.999163 0.01942861 0.03404116 0.9992316 0.01896971 0.03028732 0.9993613 0.01876425 0.02347415 0.9995484 0.01848572 0.03930032 0.9990565 0.01585024 0.03876781 0.9991226 0.01127135 0.04496586 0.998925 0.02337485 0.03430014 0.9991383 0.01861733 0.03802061 0.9991036 0.01822483 0.03942722 0.9990563 0.01867663 0.0435245 0.9988778 0.01702249 0.04509383 0.9988377 0.01189446 0.04800987 0.9987761 0.01876395 0.04102545 0.998982 0.01240283 0.03250831 0.9993946 0.01828616 0.03671336 0.9991585 0.01804584 0.03500241 0.9992243 0.023768 -0.02942234 0.9992845 0.01930904 -0.02048659 0.9996037 0.01847857 -0.02022689 0.9996247 0.01185864 -0.02233111 0.9996803 0.02058249 -0.02436637 0.9994913 0.01957803 -0.02072185 0.9995936 0.01986962 -0.02739459 0.9994272 0.02776569 -0.02883136 0.9991987 0.02002334 -0.02475988 0.9994929 0.01827007 -0.02303785 0.9995677 0.01781308 -0.02824425 0.9994423 0.01790267 -0.02537387 0.9995178 0.01907384 -0.03154361 0.9993204 0.01792162 -0.02327877 0.9995684 0.01789027 -0.02241134 0.9995889 0.01800811 -0.02260285 0.9995824 0.01828145 -0.02304977 0.9995672 0.01911908 -0.03000319 0.9993669 0.01876986 -0.03313523 0.9992747 0.01414352 -0.02666831 0.9995444 0.02409225 -0.03109592 0.9992261 0.01930832 -0.035254 0.9991919 0.01927566 -0.03355169 0.9992511 0.01884746 -0.03510618 0.9992059 0.00859797 -0.02876085 0.9995494 0.01926958 -0.03675979 0.9991384 0.01948153 -0.03628969 0.9991514 0.01894408 -0.03816437 0.999092 0.02882188 -0.04021728 0.9987753 0.01912873 -0.03679829 0.9991397 0.04351305 -0.04994249 0.9978039 0.01914715 -0.03764045 0.999108 0.01839244 -0.03725796 0.9991365 0.01835399 -0.03720718 0.9991391 0.01816302 -0.03711539 0.9991459 4.25628e-4 0.9965492 -0.08300375 4.72269e-4 0.9965705 -0.0827468 -4.58225e-4 0.9965717 -0.08273226 -3.73758e-4 0.9966096 -0.08227562 -0.2509484 0.9658109 0.06507092 -0.2237162 0.972619 0.06295537 -0.1608972 0.9869704 0.001295685 -0.3315379 0.9432138 -0.0207479 -0.3013593 0.9535097 0.001378595 -0.3370974 0.9409672 -0.0307576 -0.2975241 0.9544904 -0.02067744 7.45493e-4 -0.9967046 -0.08111494 -1.00615e-4 -0.9966905 -0.08128952 5.75279e-5 -0.9967255 -0.08086043 7.05098e-4 -0.9967254 -0.08085912 -3.60752e-4 -0.9967632 -0.08039319 -0.1860558 -0.9821856 -0.02635878 -0.1862706 -0.9811018 0.05236911 -0.1681821 -0.9836809 -0.06392854 -0.220505 -0.9710873 0.09147226 -0.1953056 -0.9759299 0.0970394 -0.2301827 -0.9655568 0.1213105 0.2259851 -0.9730493 -0.04588937 0.2514811 -0.967257 -0.03422403 0.267173 -0.9623414 -0.0501762 0.2213848 -0.974129 -0.04540538 0.2435479 -0.969289 0.03410774 0.2720693 -0.9612812 0.04378151 0.2613371 -0.9641638 0.04573005 0.2265675 -0.9726092 0.05194854 0.2735283 0.9616975 -0.01789754 0.2754741 0.9611198 -0.01904869 0.2733865 0.9616833 -0.02061885 0.2733752 0.9616865 -0.02061927 0.2751195 0.9610862 -0.02495259 -0.003229498 -0.9984382 0.05577462 -0.002851426 -0.9985321 0.05408877 -0.002852201 -0.9985319 0.05409234 -0.003343224 -0.9983578 0.05719047 -0.002947628 -0.9984512 0.05555593 -0.003016889 -0.998578 0.05322706 -0.003632962 -0.9985178 0.05430465 0.08924424 -0.9941241 0.06126093 0.09311735 -0.9928156 0.0751428 -0.00328809 -0.9986348 0.05213171 -0.00315535 -0.9985782 0.05321419 0.3129569 -0.9424047 0.1180312 0.4580106 -0.8882299 0.03569465 0.2510441 -0.9627552 0.100396 0.6829937 -0.7031373 0.1977819 0.4170348 -0.9070875 0.05722302 0.8136669 -0.5429095 0.2078358 0.6210324 -0.7484394 0.2327172 0.7608726 -0.6146757 0.2079587 0.6093024 -0.7669121 0.2014858 0.8686546 -0.4903759 0.07050305 0.868647 -0.4903897 0.07050156 0.8686515 -0.490381 0.07050758 0.868652 -0.4903811 0.07049959 0.8686548 -0.4903814 0.07046276 0.8686565 -0.4903805 0.07045006 0.8686566 -0.4903885 0.07039076 0.8689899 -0.489803 0.07035446 0.8689934 -0.4897981 0.07034379 0.8691706 -0.4898428 0.06779742 0.7808541 -0.619328 0.08185249 0.869081 -0.4899655 0.06805896 0.8691909 -0.4898043 0.06781679 0.7812731 -0.6190062 0.08027303 0.6748403 -0.7307239 0.1031171 0.6765598 -0.7290449 0.1037326 0.6765534 -0.7290509 0.103732 0.6730557 -0.7319999 0.1056986 0.6756966 -0.7297763 0.1042149 0.8685401 0.4907097 0.06958746 0.8685328 0.4907195 0.06960749 0.8685421 0.4907024 0.06961286 0.8685421 0.4907109 0.0695526 0.8685416 0.4907072 0.06958436 0.8685473 0.4907108 0.06948798 0.8685481 0.4907065 0.06950807 0.8688819 0.4901648 0.06915885 0.8689963 0.4899224 0.06943792 0.8689367 0.49037 0.06698018 0.8690222 0.4899877 0.06864929 0.8217906 0.5687109 0.03504264 0.8395733 0.5385321 0.07141566 0.86892 0.4904314 0.06674635 0.8689725 0.4903051 0.06699001 0.672107 0.733969 -0.09778445 0.6163865 0.7721545 -0.1544187 -0.003267943 0.9986383 0.05206656 -0.003400206 0.998557 0.0535959 -0.00304377 0.9986292 0.05225455 -0.003044426 0.9986292 0.05225396 -0.003537476 0.9984667 0.05524498 -0.003193676 0.9985085 0.05450314 -0.003620505 0.9987007 0.05083191 0.1074944 0.9923009 0.06151539 -0.003313183 0.9986492 0.05185401 -0.003671765 0.9987003 0.05083805 0.1184743 0.9886555 0.09232604 0.337083 0.9189943 0.2045109 0.3981187 0.8927207 0.2110717 0.4658627 0.8668464 0.1776211 0.4658581 0.8668494 0.1776182 0.8580508 0.5104279 -0.05667662 0.8580826 0.51033 -0.05707687 0.7900347 0.6108258 -0.05231648 0.7915329 0.6088484 -0.0527184 0.7124349 0.6996339 -0.05430549 0.713158 0.6988649 -0.05471408 0.7131686 0.698854 -0.05471444 0.71177 0.7002485 -0.0550962 0.8581091 0.5099605 -0.0599097 0.857901 0.5106571 -0.05687993 0.8581064 0.5098965 -0.06048947 0.8577762 0.5105185 -0.05992561 0.8579993 0.5100672 -0.06057161 0.8577722 0.5104566 -0.06050616 0.8579376 0.5097332 -0.06414926 0.8577566 0.5104741 -0.06057912 0.8574663 0.510102 -0.06743633 0.8575651 -0.511685 -0.05254125 0.7671036 -0.6395724 -0.04999214 0.768395 -0.6381887 -0.04779744 0.8581951 -0.5098613 -0.0595197 0.8582246 -0.5098116 -0.05952095 0.6639511 -0.7469633 -0.03485578 0.6663457 -0.7448124 -0.03518366 0.6638649 -0.7476186 -0.01871043 0.6615955 -0.7496753 -0.01668202 0.667125 -0.7448133 -0.01405125 0.8582232 -0.5098138 -0.05952155 0.8577638 -0.5101851 -0.0628696 0.8577792 -0.5101592 -0.06286984 0.8580831 -0.5096174 -0.06311434 0.8576568 -0.5101084 -0.06491792 0.8580005 -0.5095338 -0.06488919 0.8575907 -0.5100157 -0.06650024 -0.8104498 0.5846319 -0.03710699 -0.7229981 0.6894201 -0.04442596 -0.7576264 0.6514028 -0.04094964 -0.8699122 0.4920983 -0.03304791 -0.8024188 0.5955256 -0.03838711 -0.8700199 0.4919052 -0.03308975 -0.86999 0.4918242 -0.03502088 -0.8697762 0.4923156 -0.03339052 -0.8697717 0.4923236 -0.03338843 0.9797046 0.200055 -0.01253658 0.9668964 0.2545893 -0.01719766 0.902314 0.4301036 -0.02899253 0.9931949 0.116235 -0.007308483 0.9989669 0.0453583 -0.002782285 0.9997902 0.02046817 -7.72859e-4 0.9994542 0.03297066 -0.002129375 -0.9812953 0.1921598 0.01158404 -0.9891345 0.146461 0.01273959 -0.9974089 0.07140636 0.008766353 -0.9975299 0.06945335 0.01051044 -0.9946333 0.101784 0.01856762 -0.9974752 0.06946921 0.01473891 -0.9980754 -0.06100791 0.01111894 -0.9744294 -0.2243658 -0.01213985 -0.9915356 -0.1298235 -0.001720666 -0.9416239 -0.3357776 -0.02445018 -0.9127646 -0.4077754 -0.02408772 -0.8734664 -0.4859403 -0.03030639 -0.8696402 -0.4927415 -0.03052538 -0.8698589 -0.4922415 -0.03230655 -0.8697009 -0.4924192 -0.0338214 -0.8892172 -0.4565859 -0.02867418 -0.8696585 -0.4924721 -0.03413778 -0.3041904 -0.9500091 0.07036232 -0.3056628 -0.9465005 0.103475 -0.2989978 -0.9525709 0.05664783 -0.3129244 -0.9426349 0.1162663 -0.3101404 -0.9422509 0.1263974 -0.317875 -0.9382892 0.1362678 -0.703241 -0.7101225 0.03432482 -0.7337009 -0.6752812 0.07535427 -0.7257819 -0.6785386 0.1132519 -0.7436519 -0.6523827 0.1462143 -0.6902835 -0.7234225 -0.01298779 -0.7197003 -0.6940343 0.01865023 -0.5104169 0.8587002 0.04592043 -0.5128466 0.8574284 0.04248702 -0.5134301 0.8573955 0.03553318 -0.5109608 0.8584464 0.04459708 -0.513169 0.8571364 0.0444405 -0.514459 0.8568932 0.032651 -0.1461896 0.9872019 0.06372666 -0.1488607 0.9874096 0.05350589 -0.1460853 0.9875786 0.05785852 -0.1413563 0.9877283 0.06641685 -0.1482527 0.9867441 0.06600981 -0.1409399 0.9877411 0.06710797 0.2600722 -0.9596669 0.1067802 0.287414 -0.9473666 0.1410306 0.4219627 -0.9013921 0.09715873 0.3362973 -0.9316337 0.1377059 0.2053548 -0.9739762 0.09591627 0.1806122 -0.9823209 0.04924464 0.6100566 -0.7471292 -0.2638732 -0.8474498 0.5308622 0.003771901 -0.8524441 0.5228016 0.004202485 -0.8541276 0.5200526 -0.003389954 -0.8470222 0.5313557 0.01464134 -0.8458272 0.5319415 0.04018223 -0.8422682 0.5364736 0.05273133 -0.9386771 -0.3443555 -0.01745623 -0.9514641 -0.3070943 0.02022576 -0.9493505 -0.3038877 0.07991248 -0.9532771 -0.2796981 0.1141565 -0.9316816 -0.3590045 -0.05554306 -0.9451087 -0.3252819 -0.03100812 0.2440388 0.9685887 0.04776138 0.2431463 0.9688677 0.04663926 0.2440103 0.9686517 0.04661464 0.2431247 0.9689422 0.04518216 0.4854975 -0.8594626 0.1600509 0.6695026 -0.741702 0.04055202 0.8341575 -0.550944 0.02534109 0.7972149 -0.6029806 0.02937728 0.6416762 -0.7657932 0.04257285 -0.9953406 0.09187221 -0.02927082 -0.9968512 0.07568937 -0.02364075 -0.9966483 0.06685149 -0.04714924 -0.9951007 0.09884089 0.002282023 -0.9935531 0.1000401 0.05333203 -0.9903688 0.1133041 0.07957369 -0.9931249 0.09709185 -0.06539273 -0.9935416 0.08363068 -0.07668817 -0.9916219 0.08601254 -0.09637397 -0.9900208 0.072851 -0.1206301 -0.9932014 0.1007646 -0.05828815 -0.9942528 0.0854659 -0.06447529 -0.6776033 0.03474062 0.7346067 0.6618068 0.7490544 0.03048312 0.6601114 0.7506739 0.02723664 0.6618028 0.7491862 0.02715253 0.6600834 0.750797 0.02436763 0.3449946 0.07868677 0.9353005 -0.9288745 -0.368794 0.03439688 -0.9257339 -0.3756573 0.04357028 -0.9235999 -0.3829532 0.01761168 -0.9298336 -0.362827 0.06136828 -0.9279486 -0.3625047 0.08661305 -0.9299733 -0.3532702 0.1017353 -0.8382549 0.5278035 0.1369388 -0.867551 0.4917859 0.07417464 -0.871369 0.4855236 -0.07059174 -0.882229 0.4408126 -0.1653972 -0.808485 0.5463613 0.2187269 -0.8731977 0.4695331 0.1306314 0.8792082 -0.4593112 0.1265949 0.845317 -0.5165207 0.1365491 0.8178576 -0.5300853 0.2238719 0.8720058 -0.4845251 0.06957954 0.8696784 -0.4878826 -0.07503449 0.8766745 -0.4478299 -0.1757567 -0.7975594 0.603136 0.0112273 -0.6739628 0.7387133 0.008770108 -0.8321953 0.5543539 0.01194971 -0.6453285 0.763861 0.008220493 -0.6568454 -0.753964 0.009617626 -0.656803 -0.7539924 0.01025962 -0.657167 -0.7536751 0.01027244 -0.6571548 -0.753676 0.01096475 0.9300864 0.3651899 0.03969508 0.9318028 0.3558227 0.07165104 0.9294743 0.3640295 0.05966776 0.9262053 0.376105 0.02624708 0.9283952 0.3711362 0.0184465 0.9236809 0.3831173 0.005895733 -0.6215624 0.7214702 -0.3051902 -0.4779534 0.8698347 0.1222622 -0.2947908 0.9537535 -0.05875957 -0.1501867 0.9882894 -0.02698516 -0.301155 0.95352 -0.0102663 -0.3511564 0.935858 0.02930885 -0.2805377 0.9446606 -0.1700439 -0.05617052 0.9983592 -0.01113861 -0.09396839 0.9954088 -0.01820218 6.74343e-4 0.9998906 -0.01478141 6.8166e-4 0.9998906 -0.01477789 5.11877e-4 0.9998838 -0.01523894 9.04437e-4 0.9998414 -0.01779174 5.45596e-4 0.999916 -0.01295429 0.001107394 0.9998803 -0.01543456 7.53042e-4 0.9998005 -0.01996123 0.170444 0.9852641 0.01426982 0.1506991 0.9885759 0.002772688 6.04971e-4 0.9999141 -0.01309996 0.307258 0.9496105 0.06190699 0.3009015 0.9491711 0.09237194 0.2876199 0.9534759 0.09032458 0.3023318 0.9463194 0.1143473 0.3105375 0.9419196 0.1278831 0.991015 -0.08858984 -0.1002066 0.9899529 -0.09962344 -0.100342 0.9903099 -0.1026476 -0.09354114 0.9898735 -0.08745557 -0.1118131 0.9873601 -0.09100353 -0.1297636 0.9849064 -0.07981169 -0.1535893 -0.7884561 0.6140508 -0.03576034 -0.687099 0.7259398 -0.03010791 -0.7873403 0.6157957 -0.0298497 -0.8700754 0.4920552 -0.0291652 -0.8704277 0.4913579 -0.03038293 -0.6904887 0.7184095 -0.08433961 -0.6965227 0.7118113 -0.0904479 -0.6844287 0.7234632 -0.0903238 -0.8698902 0.4916497 -0.03964722 -0.8709407 0.4895423 -0.04255193 -0.8707423 0.4898753 -0.0427795 -0.8708132 0.4893402 -0.0472294 -0.8707935 0.4892171 -0.0488401 -0.8719267 0.487941 -0.04071062 -0.8711155 0.4900575 -0.03164875 -0.8712718 0.4896894 -0.03301465 -0.2885012 -0.9541854 -0.07935518 -0.2751574 -0.9578416 -0.08263117 -0.291258 -0.953038 -0.08298987 -0.2830601 -0.9565422 -0.07002818 -0.1405172 -0.9897912 -0.02384346 -0.1375474 -0.9903359 -0.01776421 9.1491e-4 -0.9999186 -0.01272839 9.06075e-4 -0.9999184 -0.01275026 7.65734e-4 -0.9999052 -0.0137484 0.001323103 -0.999857 -0.01686364 7.2811e-4 -0.9999061 -0.01368778 7.27801e-4 -0.9999061 -0.01368653 9.66135e-4 -0.9999194 -0.01266527 0.07665061 -0.99705 -0.004007756 0.00139743 -0.9998936 -0.01452434 0.00130397 -0.9998608 -0.01663434 0.3219902 -0.9355263 -0.1453025 0.2238959 -0.9743641 -0.02202868 0.3087003 -0.9501003 0.04487568 0.2622528 -0.9588728 0.1085659 0.3054102 -0.9433351 0.1297825 0.2090687 -0.951604 0.2252563 -0.7373897 -0.672092 -0.06744569 -0.8391367 -0.543532 -0.02056241 -0.7883604 -0.613258 -0.04901576 -0.6944161 -0.7184905 -0.03946787 -0.8633484 -0.5044892 -0.01097518 -0.8590826 -0.5116553 -0.01364183 -0.841398 -0.5397118 -0.02758342 -0.6952039 -0.7187898 0.005735993 -0.7229986 -0.688542 0.05641782 -0.8565029 -0.5063604 0.1000097 -0.8609538 -0.4945727 0.118982 -0.8519373 -0.506981 0.1310467 -0.8560558 -0.4991546 0.1342132 -0.8476127 -0.529018 0.04114305 -0.8568142 -0.51534 -0.01715248 -0.859022 -0.5110113 -0.03080588 -0.3321849 0.9376377 0.1024147 -0.2043474 0.9777821 0.04673707 -0.1791537 0.9838055 -0.005549371 -0.415798 0.906845 0.06887829 -0.2886176 0.9517496 0.1042723 -0.2629078 0.9623662 0.0687803 0.9944261 -0.1019653 -0.02683264 0.9915052 -0.120287 0.04948437 0.9939364 -0.1069449 0.0255568 0.9955546 -0.07919621 -0.05098038 0.9939 -0.09367173 -0.05821001 0.9947813 -0.06881487 -0.0753318 0.1450314 -0.9894085 -0.006060004 0.1464859 -0.989188 -0.006993472 -0.04555958 -0.9989457 -0.005649268 0.1451604 -0.9893887 -0.006226181 0.1471613 -0.9890919 -0.006393194 -0.04532176 -0.9989527 -0.006293952 -0.2359949 -0.9717511 -0.002502083 -0.2360239 -0.9717441 -0.002520024 -0.2359667 -0.9717579 -0.002543568 -0.2359386 -0.9717645 -0.002622425 0.9429327 0.321829 -0.08546376 0.9366955 0.3424674 -0.07292187 0.9281453 0.3549468 -0.1120677 0.9513183 0.3064809 -0.03260618 0.9512874 0.3070327 0.02798706 0.956546 0.2844817 0.06395256 0.7196184 0.6922639 -0.05403828 0.7032597 0.7098578 -0.03908628 0.6883998 0.7201704 -0.08637404 0.7359415 0.6770366 0.00342071 0.7295279 0.6826339 0.04242593 0.7488355 0.658285 0.07685238 0.3083896 0.9506381 0.03439855 0.3164597 0.9474073 0.04767376 0.314 0.9476237 0.05842411 0.3223873 0.9441202 0.06858342 0.2995868 0.9539592 -0.01447933 0.3055478 0.9521768 -2.44078e-4 0.8414309 -0.5367116 -0.0627281 0.8386307 -0.5441414 -0.02467536 0.8415445 -0.5389027 -0.03724247 0.8465839 -0.5273703 -0.07194596 0.8409196 -0.5363599 -0.07191938 0.8476272 -0.5249379 -0.0772556 0.5113235 -0.8593623 -0.006697952 0.5136685 -0.8579291 -0.0101214 0.5140685 -0.8575829 -0.01688861 0.5118562 -0.8590337 -0.00802803 0.5141199 -0.8576788 -0.008246898 0.5149762 -0.8569804 -0.01960569 0.002543032 4.03403e-4 0.9999967 -0.05932384 -0.07084852 0.9957215 -0.003855049 0.01781201 0.999834 -0.04877245 -0.06143736 0.9969186 -0.04609698 0.0872544 0.995119 -0.04860115 0.08845162 0.9948942 0.03662866 0.007293403 0.9993023 0.03879559 -0.05829507 0.9975454 0.01203274 -0.001296997 0.9999269 0.008360147 0.002507269 0.999962 0.003403842 0.00766015 0.999965 9.37835e-4 0.01180547 0.99993 -0.01256316 0.02465909 0.999617 -0.02437901 -0.02161008 0.9994692 0.001351892 -0.01608371 0.9998698 -0.001304447 -0.01068204 0.9999422 0.003408074 -0.006501376 0.9999731 0.008392155 -0.002065956 0.9999627 0.01298153 0.005923509 0.9998982 0.04174023 0.07116836 0.9965906 0.0149995 0.009427726 0.9998431 -0.05659949 0.05006182 0.9971411 0.01478809 0.02920836 0.999464 0.01477462 0.02921038 0.9994642 0.01478087 0.02920532 0.9994642 -0.01974922 -0.009365677 0.9997611 -0.01118105 0.005877137 0.9999203 -0.0111587 0.005881786 0.9999206 0.003127038 0.01873534 0.9998196 -0.04424601 0.0366792 0.9983472 -0.03240638 0.04167616 0.9986055 0.01168423 -0.02688241 0.9995703 0.01169204 -0.02687907 0.9995703 -0.01504892 -0.03162503 0.9993866 0.004238426 -0.01954948 0.9998 -0.01006764 -0.005430042 0.9999347 -0.007679462 -0.007794678 0.9999402 -0.0176444 0.007457792 0.9998165 -0.02202749 0.01491326 0.9996461 -0.04042029 0.06776392 0.9968823 0.0035277 0.02146071 0.9997636 0.0048424 -0.02731722 0.9996151 -0.004225373 -0.042337 0.9990945 -0.00112307 -0.03815543 0.9992713 2.41837e-4 0.03203684 0.9994868 0.04540884 0.08917349 0.9949805 0.04389321 -0.08461445 0.9954466 0.00605601 0.05030149 0.9987157 -0.02445703 0.03710448 0.9990122 -0.01546376 0.05045729 0.9986066 0.008619964 -0.1407269 0.9900109 0.05031824 0.07264328 0.9960879 0.05602496 -0.04405313 0.9974571 -0.01716309 0.04097765 0.9990127 0.06151127 -0.03082901 0.9976302 -0.004342854 -0.04318946 0.9990575 0.06302767 0.0294975 0.9975758 -0.03978043 0.01971012 0.9990141 0.05296254 0.02048099 0.9983865 -0.07227164 0.1086084 0.991454 0.07041543 -0.009282052 0.9974746 0.01102179 -0.06011956 0.9981304 -2.65515e-4 -0.04718279 0.9988863 -0.009912788 -0.04369324 0.9989958 -2.46068e-5 0.05014604 0.9987419 0.07048678 -0.009209513 0.9974703 -0.07646709 0.02937448 0.9966393 -0.08544814 -0.06158 0.9944379 -0.07418578 0.01698642 0.9970998 -0.01709121 0.05382901 0.9984039 -7.65438e-5 0.05016356 0.9987411 0.04084891 -0.0150246 0.9990525 0.0210188 0.06912958 0.9973863 -0.06954097 -0.02576661 0.9972463 -0.07729667 0.103186 0.9916541 -0.07577633 0.02332419 0.996852 -0.04466348 -0.01388037 0.9989057 -0.05966222 -0.01597237 0.9980909 -0.01702314 0.02950185 0.9994198 -0.01632916 -0.0553984 0.9983308 -0.04449176 0.0885604 0.9950767 0.005378484 -0.0526421 0.9985991 -0.2131676 0.04609298 0.9759278 -0.2388013 0.04582071 0.9699868 -0.01723182 0.04723161 0.9987353 0.04162877 -0.01101404 0.9990726 0.0415219 -0.02337801 0.9988641 0.05186945 -8.37107e-4 0.9986536 0.04152643 0.015531 0.9990168 0.04752486 0.03092896 0.9983912 0.02503877 -0.0764212 0.9967612 0.03906017 0.001422405 0.9992359 0.01236689 -0.06175899 0.9980146 0.01047116 -0.06133967 0.998062 0.00512582 -0.05268275 0.9985982 0.05298304 -0.03979736 0.9978021 0.009477436 0.06082415 0.9981035 0.004133582 0.05622178 0.9984098 0.01544147 0.06770718 0.9975858 0.007039606 0.0641148 0.9979178 0.05354154 -0.05550545 0.9970219 0.06598812 -0.04258823 0.9969112 0.01268208 -0.06639152 0.9977131 0.01209431 -0.06631857 0.9977253 0.009860575 -0.06160551 0.998052 0.01295542 -0.06643611 0.9977067 0.01016688 -0.06186282 0.9980329 0.008646368 -0.05913174 0.9982128 0.05038446 0.05703902 0.9970999 0.05513578 0.04038405 0.9976619 0.05340427 0.0590794 0.9968238 0.05881673 0.05094712 0.996968 0.01813483 -0.06650245 0.9976215 0.01708948 -0.06645679 0.997643 0.05572444 -0.05718797 0.9968071 0.01847171 0.07068651 0.9973276 0.004428029 0.06544399 0.9978464 0.05400127 -0.05823624 0.9968413 0.04825592 -0.06362456 0.9968066 0.01852059 0.0682767 0.9974946 0.01487457 0.06953531 0.9974687 0.009107291 0.06707054 0.9977067 0.02082979 0.06846362 0.9974362 0.05397999 0.06020706 0.9967253 0.05965936 0.05082869 0.9969239 0.02295994 -0.06671595 0.9975079 0.03849309 -0.06714272 0.9970006 0.04928934 -0.05672067 0.9971727 0.02951884 -0.06566399 0.9974051 0.03545302 -0.06128436 0.9974906 0.05506241 0.06012952 0.9966708 0.05429649 0.06143695 0.9966331 0.05484306 0.06273937 0.996522 0.05100941 0.07220846 0.9960843 0.02632933 0.06741195 0.9973778 0.04131162 0.06576466 0.9969797 0.03498041 0.06457233 0.9972997 -0.05959767 0.01913297 0.9980391 -0.08454895 -0.006458997 0.9963985 -0.08158099 -0.04798859 0.9955108 -0.06199854 -0.06140887 0.9961853 -0.06444102 -0.05956739 0.9961422 -0.05563896 -0.06617254 0.9962558 -0.04936474 -0.06939649 0.9963671 -0.04800957 -0.07024562 0.9963738 -0.04987996 0.1030009 0.9934299 -0.04947012 0.07246571 0.9961433 -0.06078338 0.06445854 0.9960675 -0.06420272 0.06191158 0.9960147 -0.06305408 0.05641406 0.9964144 -0.08039242 0.04653871 0.9956763 -0.07767778 -0.04817277 0.995814 -0.07184624 -0.05278837 0.9960178 -0.08709907 -0.04585331 0.9951438 -0.09381693 -0.04047119 0.9947665 -0.08189678 -0.0431472 0.9957065 -0.07769417 -0.04817348 0.9958128 -0.07768082 -0.04816365 0.9958142 0.0289964 -0.09043914 0.9954798 -0.02166014 0.1044499 0.9942944 0.04958271 0.01253306 0.9986914 0.02895569 -0.09050893 0.9954747 0.02557849 0.106701 0.9939621 -0.04748284 0.07267123 0.9962251 -0.0538665 0.06785207 0.9962402 -0.04880034 0.07550758 0.9959504 -0.04795891 0.07223677 0.9962339 -0.06079 0.06294888 0.9961637 0.02588504 0.1068232 0.9939411 0.06200206 -0.1089111 0.992116 -0.04932564 -0.06909006 0.9963903 -0.04879826 -0.06898742 0.9964234 -0.05077058 -0.08067524 0.9954466 0.06342941 0.1273123 0.9898325 0.05794608 0.09932953 0.993366 0.1099756 -0.1396906 0.9840691 -0.03912121 0.09738671 0.9944775 0.00976324 0.1156825 0.9932383 1.40846e-6 0.1094649 0.9939907 -0.0351935 0.08644825 0.9956346 -0.03518396 0.08645701 0.9956341 -0.04035454 0.08077782 0.9959149 -0.04677832 0.0886051 0.9949678 0.06318688 -0.07101559 0.9954718 -0.04159337 -0.08306819 0.9956755 -0.02913337 -0.09594291 0.9949604 -0.02376449 -0.1014959 0.9945521 -0.02396053 -0.1015028 0.9945467 -0.04525804 -0.07536405 0.9961285 -0.002885639 -0.1209262 0.9926574 -0.06466019 -0.1375411 0.9883833 -0.06213855 -0.09145826 0.9938683 0.1157057 -0.01160389 0.9932159 0.07015413 0.02179384 0.9972982 0.07596606 0.002505242 0.9971073 -0.04212862 -0.1065971 0.9934095 0.07446384 -0.005573987 0.9972082 -0.03507536 0.1001435 0.9943546 0.07881957 -0.003397762 0.9968832 0.07918286 0.005864799 0.9968429 -0.0754944 0.04624408 0.9960733 -0.08475428 0.04219114 0.9955082 -0.0915997 0.0385577 0.9950492 -0.08833265 0.04596602 0.9950299 -0.08765971 0.07207262 0.9935399 -0.06312996 0.04964011 0.99677 -0.1008434 0.05138289 0.9935746 -0.08258908 0.02191412 0.9963427 0.07918953 0.005868136 0.9968423 0.09259361 -0.01260375 0.9956243 -0.04436957 0.1247506 0.9911956 -0.03073251 0.1024921 0.9942591 0.124495 0.01626741 0.992087 0.09872794 -0.003257155 0.9951092 0.0836718 0.01272308 0.9964122 0.07917112 0.005867779 0.9968439 -0.005441546 -0.1518536 0.988388 -0.05991512 -0.1144594 0.9916196 -0.04525434 -0.1423895 0.9887757 0.09924644 0.02060192 0.9948497 0.1044832 -0.01668351 0.9943867 0.112991 0.03437846 0.9930012 0.1085835 -0.02719026 0.9937154 -0.1033313 -0.04849904 0.9934639 -0.1125415 -0.03164499 0.993143 -0.1201436 -0.0739907 0.9899955 -0.08586597 -0.06536841 0.9941601 0.1032985 -0.03343766 0.9940883 0.1023709 -0.07130026 0.9921878 0.1238212 0.004666864 0.9922937 0.1079421 0.03736692 0.9934547 0.1035689 0.07144653 0.9920529 0.09452593 0.04644161 0.9944385 0.08437609 -0.05991083 0.9946313 -0.113524 -0.01447933 0.9934298 -0.1441968 0.007968485 0.989517 -0.1323034 0.04212415 0.9903138 0.07119107 -0.07936632 0.9943002 0.08021563 0.06843024 0.9944259 0.069871 0.08444881 0.9939751 0.0652194 -0.05756264 0.9962094 -0.1227948 -0.05659967 0.9908168 -0.02190572 0.1362053 0.9904384 -0.02915507 0.107788 0.9937463 -0.05110782 -0.1158726 0.9919484 -0.01916903 -0.1219599 0.9923499 0.003142476 -0.07682704 0.9970396 -0.0578199 -0.004223048 0.9983182 -0.01448953 0.1146832 0.9932965 0.04401141 0.02124333 0.9988052 -0.08481752 0.09185689 0.9921534 -0.01678824 -0.0913133 0.9956808 0.05560028 -0.1777689 0.9825004 0.106756 -0.1966204 0.9746506 0.09226095 -0.1404772 0.9857759 -0.08258616 0.0219112 0.9963431 -0.003329157 -0.141817 0.9898873 0.02352702 -0.1611992 0.9866415 -0.01801979 -0.167225 0.9857541 0.005328536 0.0400567 0.9991832 0.07648009 0.1234712 0.9893967 -0.09825849 -0.01368403 0.995067 -0.09826105 -0.01369076 0.9950665 0.05383652 0.1778103 0.9825911 0.09837698 0.1363977 0.9857575 0.1362127 -0.1255595 0.9826907 -0.04822236 0.1064172 0.9931516 -0.04239386 -0.1141289 0.9925611 0.002179682 -0.1174743 0.9930736 0.003088593 -0.1590923 0.9872589 0.005258619 -0.1613011 0.9868913 0.002101421 -0.1174098 0.9930814 -0.005581319 -0.1657941 0.9861447 9.00601e-4 -0.1659596 0.9861322 -0.02102977 -0.1657687 0.9859405 -0.003393352 -0.1662371 0.98608 0.007437527 -0.1659342 0.9861088 0.02505099 -0.1556329 0.9874973 -0.009130239 0.1415753 0.9898855 -0.1363657 0.06179726 0.9887292 -0.13933 -0.0508973 0.9889371 0.004861056 0.1624705 0.9867014 -0.01363456 0.1705073 0.9852621 -0.05176663 0.1119661 0.9923627 0.03876459 0.1627941 0.9858984 0.01193696 0.161562 0.9867904 0.002153873 0.1611975 0.9869199 0.009181618 0.1616313 0.9868085 0.03612643 0.1620844 0.9861154 0.03084301 0.1537882 0.9876224 -0.1353048 -0.07162457 0.9882119 -0.0942409 -0.07299053 0.9928702 0.08669549 -0.1340712 0.9871721 -0.05181562 0.1118537 0.9923729 -0.1073094 0.07077598 0.9917034 -0.1170908 0.07054793 0.9906124 -0.1432532 0.05884462 0.9879353 -0.1789485 0.1015425 0.9786044 -0.1196696 0.07559049 0.989932 -0.1122987 0.05932819 0.9919018 -0.06738388 0.1889973 0.9796629 -0.05128896 0.1357046 0.989421 0.01027446 0.1620112 0.9867354 -0.03051376 0.1930226 0.9807198 -0.1430368 -0.0541203 0.9882366 -0.09877288 0.1786634 0.9789399 0.03559738 0.1988652 0.9793802 -0.04659008 -0.1138507 0.9924048 0.1197162 0.1282241 0.9844931 0.06941282 -0.1376944 0.9880396 -0.06408613 -0.1144121 0.9913641 -0.1538498 0.05444377 0.9865933 -0.1589789 -0.002758741 0.9872782 -0.1570586 -0.04723107 0.9864593 0.07228302 0.1385321 0.9877167 0.0624181 -0.1399222 0.9881932 0.04118382 -0.1474654 0.9882094 -0.1708104 0.04106605 0.9844478 0.04779714 -0.1448869 0.9882932 0.05271726 -0.1430125 0.9883159 -0.1215319 -0.05388951 0.9911236 -0.01650446 0.1716042 0.9850278 0.06213545 0.1415832 0.9879745 -0.1290975 0.08880072 0.9876479 0.04845076 0.145704 0.9881412 -0.02778178 0.1657572 0.9857752 -0.1630417 -0.03071624 0.986141 -0.072344 -0.1162502 0.9905818 -0.05524045 0.1522432 0.9867982 -0.1529752 0.03936457 0.9874458 -0.1519218 -0.03316116 0.9878361 -0.1600522 -0.004437983 0.9870986 -0.1256117 -0.0525825 0.9906851 -0.1629813 0.01175373 0.9865592 -0.1314029 -0.01197713 0.9912567 -0.1305137 -0.0221914 0.9911982 -0.125679 -0.05262494 0.9906743 -0.1384354 0.07880973 0.9872308 -0.1058944 -0.09094685 0.9902097 -0.1479492 0.07045924 0.9864819 -0.2010369 0.03193867 0.9790629 -0.1622116 0.01289057 0.9866719 -0.1622206 0.01287621 0.9866705 -0.140843 -0.0293911 0.9895956 -0.1614428 0.02361553 0.9865996 -0.1291111 -0.05060517 0.9903382 -0.1535991 -0.04935061 0.9869002 -0.1263167 -0.03891628 0.9912264 -0.1537842 0.06224858 0.9861418 -0.1918847 0.07050681 0.9788816 -0.1525035 0.05929499 0.9865227 -0.1449745 -0.03227436 0.9889089 -0.1525396 0.05924552 0.98652 -0.1262468 -0.03892248 0.991235 -0.1506567 -0.03642421 0.9879149 -0.1615641 0.03830713 0.9861185 -0.1586007 0.04752963 0.9861982 -0.07045549 0.147261 0.9865851 -0.229106 -0.02369445 0.9731131 -0.213788 -0.06789267 0.9745181 -0.2002944 -0.1009488 0.9745212 -0.2576184 0.05047881 0.9649273 -0.1440336 -0.05954104 0.98778 -0.1385588 -0.06411129 0.988277 -0.1866752 -0.1316654 0.9735587 -0.08363777 -0.1437615 0.9860717 -0.1008979 -0.2006363 0.9744562 -0.06789439 -0.2137871 0.9745181 0.007758855 -0.1750675 0.9845259 -0.03241193 -0.2238721 0.9740795 -0.1318732 -0.186357 0.9735916 -0.06127685 -0.1823549 0.9813215 -0.04051315 -0.1970446 0.9795572 -0.06243437 -0.1824994 0.9812217 0.128891 -9.77077e-4 0.9916584 0.1368507 -0.06211084 0.9886426 -0.08607304 0.1485285 0.9851552 -0.1479313 0.06273835 0.9870058 -0.08171945 -0.1720847 0.9816868 -0.1477425 0.0724278 0.9863704 -0.1865571 -0.06670093 0.9801774 0.1377922 -0.1428879 0.9801002 0.1328922 0.06283968 0.9891365 -0.147301 0.09251564 0.9847555 -0.1345134 0.1642307 0.9772076 -0.07774019 0.1652155 0.9831889 -0.107179 -0.1608254 0.9811463 -0.1804047 -0.07773727 0.9805157 -0.1023094 0.1465719 0.983895 -0.1485261 0.1015173 0.9836841 -0.165342 -0.1044234 0.9806926 -0.1108044 0.1408863 0.9838056 -0.1182619 -0.1566742 0.9805445 -0.1185849 -0.1565793 0.9805206 -0.1477025 0.1086212 0.983049 -0.1608813 -0.1146438 0.9802929 -0.1176683 0.1381787 0.9833925 -0.1637024 0.1371596 0.9769283 -0.1440699 0.1099134 0.9834445 -0.1404042 0.1160458 0.9832701 -0.1559444 -0.1283008 0.9793979 -0.1647269 -0.1648746 0.9724616 -0.1493718 -0.1354747 0.9794563 -0.1283283 -0.1513851 0.9801095 -0.1389924 -0.1441771 0.9797419 -0.1255104 0.1350656 0.9828553 -0.1390213 -0.1441662 0.9797394 -0.1315888 0.1309716 0.9826143 -0.1358065 0.1236488 0.9829891 -0.1357793 0.1236616 0.9829913 0.1453768 -0.224206 0.9636376 0.1087116 0.1986378 0.9740251 0.1381437 0.1445288 0.9798101 0.07253307 -0.2371622 0.9687585 0.1307964 -0.2766026 0.9520417 0.0171743 0.1665619 0.9858815 0.06658113 0.2443298 0.9674038 0.004950225 -0.1939012 0.9810087 -0.2022689 -0.008261859 0.9792952 -0.2837332 0.04548829 0.9578238 -0.2608885 0.01462274 0.9652583 -0.2733736 0.1000843 0.9566871 -0.251703 0.1462716 0.9566871 -0.2223021 0.1879669 0.9566872 -0.1860737 0.2238894 0.956687 -0.1441299 0.2529352 0.9566873 -0.0977602 0.2742128 0.9566872 0.012308 0.218958 0.9756567 -0.04447966 0.2858896 0.9572298 0.1291464 -0.007443845 0.9915977 0.1205124 -0.04290145 0.9917845 0.1428363 -0.03981089 0.9889454 0.1382247 4.12438e-5 0.9904009 0.1302245 0.03305047 0.9909335 0.1433923 0.04837554 0.988483 0.01656389 0.2709032 0.9624642 0.1518735 -0.07591837 0.9854801 0.1510162 -0.1094216 0.9824567 0.1522282 -0.109061 0.9823098 0.1548928 0.08640545 0.9841455 0.1548965 0.0864039 0.9841451 0.1547682 0.1121791 0.9815614 0.1648884 -0.3136264 0.9351205 0.1486213 0.2223842 0.9635648 0.1293404 0.2813086 0.950861 0.01149308 -0.2562387 0.9665452 0.00732541 -0.2816439 0.959491 -0.006110131 -0.2844985 0.958657 0.03996515 -0.2975642 0.9538651 -0.2665874 0.004856288 0.9637985 -0.2874423 -0.03279691 0.9572364 -0.2813677 -0.08935594 0.9554307 -0.2636166 -0.1328618 0.955434 -0.2392157 -0.1729937 0.9554314 -0.2087417 -0.2087404 0.9554342 -0.1729955 -0.2392153 0.9554311 -0.1328629 -0.2636151 0.9554343 -0.08935779 -0.2813664 0.9554309 -0.03483223 -0.2911059 0.9560565 0.002787947 -0.2876063 0.9577447 0.1037918 -0.3122847 0.9443017 0.1656779 -0.3589223 0.9185455 0.08642357 0.3071185 0.947739 0.0459994 0.2784349 0.959353 3.59856e-5 0.275284 0.961363 0.1381793 0.3101375 0.9405962 0.1658394 0.3594236 0.9183202 0.1530532 -0.1383851 0.9784807 0.1526227 -0.1833043 0.9711364 0.1390655 -0.2338814 0.9622683 0.1286001 -0.2146522 0.9681873 0.1585236 0.154003 0.9752709 0.1462194 0.186401 0.9715321 0.1498806 0.2164643 0.964717 0.1625576 -0.0023579 0.9866963 0.1411364 0.02615749 0.9896446 0.1201068 -0.0368911 0.9920753 0.1669241 -0.378431 0.910454 0.1512168 -0.3814587 0.9119336 0.1499881 -0.3736591 0.9153593 0.1669275 0.3675453 0.9149021 0.1626268 0.3221376 0.9326199 0.156696 0.3708327 0.9153849 0.1623846 -0.3080496 0.9374096 0.1365722 -0.2910318 0.9469153 0.1690984 0.238264 0.9563661 0.1670668 0.2626561 0.9503161 -0.266556 0.00483179 0.9638074 -0.3983058 0.06488811 0.9149546 -0.3536494 0.002734303 0.935374 -0.3728949 0.1367403 0.9177426 -0.34318 0.1996166 0.9178131 -0.3031284 0.2563133 0.9178327 -0.2538762 0.3052263 0.9178148 -0.196815 0.3449705 0.9177469 -0.1335513 0.3744174 0.9175923 3.70644e-5 0.2752833 0.9613633 -0.00103265 0.3585271 0.9335188 -0.06312525 0.3971916 0.9155622 -0.346899 -0.1101684 0.9314098 -0.3648993 -0.04970639 0.9297193 -0.3250164 -0.1638064 0.931414 -0.2949319 -0.2132853 0.93141 -0.2573601 -0.2573585 0.9314143 -0.2132881 -0.2949303 0.93141 -0.1638084 -0.3250141 0.9314144 -0.1101709 -0.3468986 0.9314097 -0.05152666 -0.3627355 0.9304665 -7.20532e-4 -0.3710988 0.9285931 0.00278896 -0.2876081 0.9577441 0.06223648 -0.4041508 0.9125726 0.06034547 0.4078168 0.9110674 0.1260589 -0.4077468 0.9043515 0.1679697 -0.4233261 0.8902702 0.1235436 0.4131504 0.9022438 0.1726284 0.4324173 0.8849943 -0.4265496 -6.3958e-4 0.9044641 0.1927514 0.331858 0.9234269 0.1344169 -0.3678416 0.9201222 0.1494721 -0.3641505 0.9192674 0.188561 -0.3541095 0.9159975 0.1927534 0.3318585 0.9234263 0.1741039 0.352652 0.9194154 -0.003041684 0.4308379 0.9024242 0.1875866 -0.4373506 0.8795089 0.1873173 -0.4375958 0.8794443 0.2060719 -0.4377195 0.8751778 0.1901223 -0.4200876 0.8873444 0.2140033 -0.4511594 0.8664051 0.1828703 0.3982024 0.8988845 0.189754 0.4318446 0.8817617 0.1889098 0.3942829 0.8993632 0.1963278 0.4339612 0.8792799 0.2097635 0.4559338 0.8649415 -0.006917357 -0.4370705 0.8994007 -0.4242361 0.003543138 0.9055448 -0.4375946 -0.05390632 0.8975551 -0.4263691 -0.1332232 0.8946849 -0.4004975 -0.2093454 0.892063 -0.3614662 -0.2641207 0.8941938 -0.3151508 -0.3123847 0.8961561 -0.2607796 -0.3586876 0.8962908 -0.2045661 -0.399518 0.8936097 -0.1328255 -0.4291839 0.8933973 -0.05564337 -0.4440988 0.8942483 -1.8165e-4 -0.4337241 0.9010457 -0.4292531 0.01368993 0.9030805 -0.4349709 0.1364634 0.890044 -0.4336711 0.07343602 0.8980738 -0.4081149 0.2036912 0.889917 -0.4289025 0.1744679 0.8863428 -0.3706712 0.2659471 0.8898736 -0.3973395 0.2404851 0.8856006 -0.3236913 0.3214797 0.8898736 -0.3549418 0.3002959 0.8853467 -0.268497 0.3687267 0.8899158 -0.3030002 0.3520358 0.8855856 -0.2066422 0.4063614 0.8900392 -0.2431333 0.3941282 0.8863121 -0.139877 0.4333199 0.8903192 -0.1772362 0.425332 0.8875134 -0.06419283 0.4448156 0.8933187 -0.1073745 0.4448027 0.889169 -0.003005802 0.4365375 0.899681 0.04029661 -0.4477412 0.8932548 0.07996755 -0.463173 0.8826529 0.1139405 -0.4456034 0.88795 0.1275827 -0.4493431 0.8842023 2.96774e-5 -0.4428516 0.896595 0.06963878 0.4565017 0.8869931 0.02929776 0.4470568 0.8940257 0.1281524 0.4606798 0.8782659 0.1075952 0.4563716 0.8832601 0.1076219 0.4563703 0.8832574 0.1436043 -0.468432 0.8717507 0.1583988 -0.4685291 0.8691321 0.163162 0.4637852 0.8707937 0.1727475 0.4702771 0.8654467 0.001479983 0.4308428 0.9024259 0.1967503 -0.4786843 0.8556581 0.1899749 -0.4789164 0.8570582 0.1899387 -0.4789177 0.8570654 0.1900401 -0.4789108 0.8570468 0.2017195 0.4778073 0.8549909 0.201734 0.4778047 0.8549889 0.2017257 0.4778063 0.85499 0.2045955 0.4809845 0.8525226 -0.4376043 0.009686112 0.8991156 -0.495823 -0.04574143 0.8672182 -0.4958251 -0.04573881 0.8672171 -0.4958143 -0.04575043 0.8672227 -0.4765303 -0.09092766 0.8744433 -0.4875624 -0.1411929 0.8615959 -0.4875646 -0.1411913 0.8615949 -0.4512044 -0.180765 0.8739214 -0.4875607 -0.1411918 0.8615971 -0.4390708 -0.2423255 0.8651562 -0.4529453 -0.235885 0.8597669 -0.3814618 -0.3174855 0.8681531 -0.4030044 -0.2098954 0.8908038 -0.3994868 -0.2452177 0.8833338 -0.3904769 -0.3176884 0.8640612 -0.3443949 -0.3378293 0.8759359 -0.3748273 -0.304951 0.8755053 -0.3148136 -0.3760808 0.8714675 -0.2652565 -0.3982194 0.8781004 -0.2413861 -0.4186884 0.8754616 -0.314815 -0.3760804 0.8714672 -0.2461221 -0.4473786 0.8598117 -0.1611776 -0.4274813 0.8895401 -0.1594121 -0.4456881 0.8808802 -0.2461221 -0.4473785 0.859812 -0.1306124 -0.474074 0.8707436 -0.1509593 -0.4854393 0.8611388 -0.02966123 -0.478405 0.8776382 -0.05207824 -0.5046749 0.8617374 -0.05207645 -0.5046796 0.8617347 -0.109568 -0.4489699 0.8868038 -0.007668197 0.2422277 0.9701892 -0.01100647 -0.4370796 0.8993555 -0.3446522 0.06948488 0.9361554 0.2189815 -0.4920815 0.8425574 0.2278211 -0.4908061 0.840956 0.2220547 -0.4916473 0.8420064 0.2278219 -0.4908094 0.8409538 0.2259467 0.4937891 0.8397145 0.2280735 0.4869989 0.8430982 0.2280781 0.4869937 0.8430999 0.2275391 0.4887118 0.8422511 0.2259506 0.4937854 0.8397156</float_array>
          <technique_common>
            <accessor source="#mesh-f8c0a326-1cd2-43c6-99be-c5df9cac979b-mesh-normals-array" count="1820" stride="3">
              <param name="X" type="float"/>
              <param name="Y" type="float"/>
              <param name="Z" type="float"/>
            </accessor>
          </technique_common>
        </source>
        <vertices id="mesh-f8c0a326-1cd2-43c6-99be-c5df9cac979b-mesh-vertices">
          <input semantic="POSITION" source="#mesh-f8c0a326-1cd2-43c6-99be-c5df9cac979b-mesh-positions"/>
        </vertices>
        <triangles material="Material-橡胶-material" count="1789">
          <input semantic="VERTEX" source="#mesh-f8c0a326-1cd2-43c6-99be-c5df9cac979b-mesh-vertices" offset="0"/>
          <input semantic="NORMAL" source="#mesh-f8c0a326-1cd2-43c6-99be-c5df9cac979b-mesh-normals" offset="1"/>
          <p>0 0 1 0 2 0 3 1 4 2 5 3 6 4 3 1 5 3 3 1 7 5 4 2 8 6 9 7 10 8 8 6 11 9 9 7 11 9 12 10 9 7 11 9 13 11 12 10 14 12 15 13 16 14 17 15 15 13 14 12 18 16 17 15 14 12 19 17 20 17 21 17 22 18 23 18 24 18 25 19 26 19 27 19 28 20 29 20 30 20 28 21 31 21 29 21 31 22 32 23 29 24 31 22 33 25 32 23 33 25 34 26 32 23 35 27 36 28 37 29 38 30 35 27 37 29 39 31 35 27 38 30 40 32 39 31 38 30 41 33 39 31 40 32 42 34 41 33 40 32 43 35 41 33 42 34 44 36 43 35 42 34 45 37 46 38 47 39 46 38 48 40 47 39 46 38 49 41 48 40 49 41 50 42 48 40 49 41 51 43 50 42 52 44 44 36 51 43 49 41 52 44 51 43 52 44 43 35 44 36 53 45 54 46 55 47 53 45 56 48 54 46 56 48 57 49 54 46 56 48 58 50 57 49 59 51 60 52 61 53 62 54 59 51 61 53 63 55 59 51 62 54 64 56 63 56 62 56 65 57 66 58 67 59 65 57 68 60 66 58 68 60 69 61 70 62 69 61 71 63 70 62 72 64 73 64 74 64 75 65 76 66 77 67 78 68 79 69 75 65 79 69 76 66 75 65 80 70 79 69 78 68 81 71 82 71 83 71 84 72 85 73 86 74 87 75 84 72 86 74 88 76 89 77 85 73 84 72 88 76 85 73 90 78 91 79 89 77 88 76 90 78 89 77 92 80 93 81 91 79 90 78 92 80 91 79 92 80 94 82 93 81 95 83 96 84 97 85 95 83 98 86 96 84 95 83 99 87 98 86 99 87 100 88 98 86 99 87 101 89 100 88 102 90 103 91 104 92 105 93 102 90 104 92 106 94 102 90 105 93 107 95 106 94 105 93 108 96 106 94 107 95 109 97 108 96 107 95 110 98 108 96 109 97 111 99 110 98 109 97 112 100 113 101 114 102 112 100 115 103 113 101 116 104 117 105 113 101 118 106 115 103 112 100 119 107 120 108 112 100 120 108 121 109 112 100 121 109 122 110 112 100 122 110 118 106 112 100 116 104 123 111 117 105 124 112 125 113 123 111 116 104 124 112 123 111 126 114 120 108 119 107 127 115 120 108 126 114 116 104 128 116 124 112 116 104 129 117 128 116 130 118 120 108 127 115 131 119 120 108 130 118 132 120 133 120 120 120 131 121 132 121 120 121 133 122 134 123 120 108 134 123 121 109 120 108 116 104 135 124 129 117 136 125 132 126 131 119 116 104 137 127 135 124 116 104 138 128 137 127 116 104 139 129 138 128 140 130 141 131 139 129 116 104 140 130 139 129 140 130 142 132 141 131 143 133 144 134 142 132 140 130 143 133 142 132 145 135 146 136 140 130 147 137 143 137 140 137 146 136 147 138 140 130 116 104 148 139 140 130 149 140 145 140 140 140 150 141 149 142 140 130 148 139 150 141 140 130 147 138 151 143 143 133 152 144 145 135 149 142 153 145 154 146 155 147 156 148 157 149 154 146 153 145 156 148 154 146 156 148 158 150 157 149 159 151 160 152 161 153 162 154 163 155 160 152 159 151 164 156 160 152 165 157 164 156 159 151 166 158 167 159 165 157 167 159 164 156 165 157 162 154 168 160 163 155 169 161 170 162 168 160 171 163 169 161 168 160 172 164 171 163 168 160 173 165 172 164 168 160 162 154 173 165 168 160 174 166 164 156 167 159 175 167 176 168 169 161 177 169 175 167 169 161 178 170 177 169 169 161 179 171 164 156 174 166 177 169 180 172 175 167 178 170 181 173 177 169 181 173 182 174 177 169 182 174 183 175 177 169 183 175 180 172 177 169 184 176 185 177 179 171 185 177 164 156 179 171 186 178 187 179 184 176 187 179 188 180 184 176 188 180 189 181 184 176 190 182 191 183 184 176 192 184 190 182 184 176 189 185 192 185 184 185 191 183 193 186 184 176 193 186 185 177 184 176 194 187 187 179 186 178 195 188 187 179 194 187 196 189 187 179 195 188 197 190 187 179 196 189 197 190 188 180 187 179 198 191 188 180 197 190 190 192 199 192 191 192 200 193 190 193 192 193 201 194 202 195 203 196 204 197 201 194 203 196 205 198 201 194 206 199 207 200 205 198 206 199 208 201 205 198 207 200 209 202 210 202 211 202 210 203 212 203 211 203 213 204 214 205 215 206 214 205 216 207 215 206 216 207 217 208 215 206 218 209 219 210 213 204 219 210 214 205 213 204 220 211 221 212 217 208 222 213 220 211 217 208 216 207 222 213 217 208 223 214 224 215 221 212 220 211 223 214 221 212 223 216 225 216 224 216 223 214 226 217 225 218 227 219 228 220 229 221 230 222 227 222 229 222 231 223 227 223 230 223 232 224 227 224 231 224 233 225 227 219 232 226 234 227 235 228 233 225 235 228 227 219 233 225 236 229 237 230 234 227 237 230 235 228 234 227 238 231 237 230 236 229 239 232 238 231 236 229 240 233 238 233 239 233 241 234 240 234 239 234 242 235 240 236 241 237 243 238 242 235 241 237 244 239 242 235 243 238 245 240 242 235 244 239 246 241 245 240 244 239 247 242 245 240 246 241 248 243 247 242 246 241 249 244 247 242 248 243 250 245 251 246 252 247 253 248 254 249 255 250 254 249 256 251 255 250 257 252 253 248 255 250 250 245 257 252 255 250 258 253 259 253 260 253 261 254 258 254 260 254 262 255 259 255 258 255 263 256 264 256 265 256 264 257 266 257 265 257 264 258 267 258 266 258 264 259 268 259 267 259 269 260 270 261 271 262 272 263 273 264 269 260 273 264 270 261 269 260 274 265 275 266 276 267 277 268 278 269 275 266 274 270 277 270 275 270 279 271 273 264 272 263 278 269 279 271 272 263 277 268 279 271 278 269 280 272 281 273 282 274 283 275 280 272 282 274 284 276 280 272 283 275 285 277 280 272 284 276 286 278 285 277 284 276 287 279 288 279 289 279 290 280 291 280 292 280 293 281 294 282 295 283 296 284 297 285 294 282 293 281 296 284 294 282 298 286 299 287 297 285 300 288 298 286 297 285 296 284 300 288 297 285 301 289 302 290 299 287 298 286 301 289 299 287 303 291 304 292 302 290 301 289 303 291 302 290 305 293 306 294 304 292 307 295 308 296 306 294 309 297 307 295 306 294 305 293 309 297 306 294 307 295 310 298 308 296 310 299 311 299 308 299 310 300 312 300 311 300 310 301 313 301 312 301 314 302 315 302 313 302 310 303 314 303 313 303 316 304 317 305 318 306 319 307 316 304 318 306 314 308 319 307 318 306 320 309 321 310 317 305 316 304 320 309 317 305 320 309 322 311 321 310 323 312 324 313 325 314 326 315 323 312 325 314 327 316 323 312 326 315 328 317 323 312 327 316 329 318 328 317 327 316 330 319 329 318 327 316 331 320 332 321 333 322 334 323 335 324 333 322 336 325 335 324 334 323 337 326 338 327 336 325 338 327 335 324 336 325 339 328 338 327 337 326 340 329 339 328 337 326 341 330 339 330 340 330 342 331 341 331 340 331 343 332 341 332 342 332 344 333 345 334 343 335 345 334 341 336 343 335 346 337 345 334 344 333 347 338 346 337 344 333 348 339 347 338 344 333 349 340 347 338 348 339 350 341 349 340 348 339 351 342 352 343 353 344 354 345 351 342 353 344 355 346 351 342 354 345 356 347 355 346 354 345 357 348 358 349 359 350 360 351 361 352 358 349 357 348 360 351 358 349 362 353 363 354 361 352 360 351 362 353 361 352 364 355 365 356 363 354 362 353 364 355 363 354 366 357 367 358 365 356 364 355 366 357 365 356 368 359 369 360 367 358 366 357 368 359 367 358 368 359 370 361 369 360 370 361 371 362 369 360 370 361 372 363 371 362 372 363 373 364 371 362 372 363 374 365 373 364 372 363 375 366 374 365 372 363 376 367 375 366 376 368 377 368 375 368 376 369 378 369 377 369 379 370 380 371 378 372 376 373 379 373 378 373 381 374 382 375 380 371 379 370 381 374 380 371 381 374 383 376 382 375 383 376 384 377 382 375 383 376 385 378 384 377 386 379 387 380 388 381 389 382 390 383 387 380 386 379 389 382 387 380 389 382 391 384 390 383 392 385 393 386 394 387 395 388 392 385 394 387 396 389 397 390 395 388 398 391 392 385 395 388 397 390 398 391 395 388 399 392 400 393 401 394 402 395 403 396 400 393 399 392 402 395 400 393 402 395 404 397 403 396 404 397 405 398 403 396 406 399 407 400 408 401 407 402 409 402 408 402 410 403 411 404 406 399 411 404 407 400 406 399 412 405 413 406 410 403 413 406 411 404 410 403 414 407 415 407 412 407 415 408 413 408 412 408 416 409 417 409 414 409 417 410 415 410 414 410 418 411 419 411 416 411 419 412 417 412 416 412 420 413 419 413 418 413 421 414 419 414 420 414 422 415 419 415 421 415 423 416 422 417 421 418 424 419 422 417 423 416 425 420 424 419 423 416 426 421 424 419 425 420 427 422 426 422 425 422 428 423 427 424 425 420 429 425 430 426 431 427 432 428 433 429 430 426 429 425 432 428 430 426 434 430 435 431 433 429 432 428 434 430 433 429 436 432 437 433 435 431 438 434 436 432 435 431 434 430 438 434 435 431 439 435 440 435 437 435 436 436 439 436 437 436 441 437 442 437 440 437 439 438 441 438 440 438 441 439 443 439 442 439 441 440 444 441 443 442 444 443 445 443 443 443 446 444 447 445 448 446 449 447 450 448 446 444 450 448 447 445 446 444 451 449 450 448 449 447 452 450 451 449 449 447 453 451 451 449 452 450 454 452 453 451 452 450 444 441 455 453 445 454 456 455 457 456 455 453 458 457 456 455 455 453 444 441 458 457 455 453 456 455 459 458 457 456 460 459 453 451 454 452 461 460 460 459 454 452 462 461 460 459 461 460 463 462 462 461 461 460 464 463 465 464 459 458 456 455 464 463 459 458 462 461 463 462 465 464 464 463 462 461 465 464 450 448 466 465 447 445 467 466 466 465 450 448 468 467 469 468 450 448 451 449 468 467 450 448 453 451 468 467 451 449 470 469 468 467 453 451 460 459 470 469 453 451 471 470 472 471 473 472 472 471 474 473 473 472 475 474 476 475 471 470 476 475 472 471 471 470 477 476 478 477 479 478 480 479 481 480 478 477 482 481 480 479 478 477 477 476 482 481 478 477 483 482 484 483 481 480 483 482 485 484 484 483 486 485 487 486 488 487 487 486 489 488 488 487 490 489 491 490 486 485 491 490 487 486 486 485 492 491 491 490 490 489 493 492 494 493 495 494 496 495 497 496 494 493 493 492 496 495 494 493 496 495 498 497 497 496 499 498 500 499 501 500 500 499 502 501 501 500 502 501 503 502 501 500 504 503 505 504 499 498 505 504 500 499 499 498 506 505 507 506 503 502 502 501 508 507 503 502 508 507 506 505 503 502 506 505 509 508 507 506 509 508 510 509 507 506 509 508 511 510 510 509 512 511 513 512 511 510 509 508 512 511 511 510 514 513 515 514 504 503 515 514 516 515 504 503 516 515 505 504 504 503 517 516 518 517 514 513 518 517 515 514 514 513 519 518 520 518 521 518 522 519 519 519 521 519 519 520 517 516 520 521 523 522 517 516 522 523 517 516 519 520 522 523 523 522 518 517 517 516 524 524 525 525 526 526 527 527 524 524 526 526 528 528 518 517 523 522 528 528 529 529 518 517 530 530 515 514 518 517 529 529 530 530 518 517 531 531 529 529 528 528 532 532 533 532 527 532 533 533 524 524 527 527 534 534 535 535 525 525 524 524 534 534 525 525 536 536 524 524 533 533 537 537 536 536 538 538 539 539 540 540 512 511 540 540 541 541 512 511 541 541 542 542 512 511 543 543 544 544 512 511 542 542 543 543 512 511 544 544 545 545 512 511 545 545 546 546 512 511 546 546 547 547 512 511 547 547 548 548 512 511 548 548 549 549 512 511 549 549 513 512 512 511 550 550 551 551 512 511 509 508 552 552 512 511 552 552 550 550 512 511 551 551 553 553 512 511 553 553 554 554 512 511 554 554 539 539 512 511 506 505 555 555 509 508 555 555 556 556 509 508 556 556 552 552 509 508 508 507 555 555 506 505 557 557 505 504 516 515 515 514 557 557 516 515 530 530 558 558 515 514 558 558 557 557 515 514 559 559 560 560 530 530 560 560 558 558 530 530 529 529 559 559 530 530 531 531 559 559 529 529 534 561 561 561 535 561 534 562 562 562 561 562 534 563 563 563 562 563 564 564 565 565 531 531 565 565 566 566 531 531 566 566 567 567 531 531 568 568 564 564 531 531 569 569 568 568 531 531 567 567 559 559 531 531 570 570 568 568 569 569 571 571 570 570 569 569 572 572 571 571 563 573 534 534 572 572 563 573 573 574 574 575 536 536 574 575 524 524 536 536 575 576 574 575 573 574 572 572 576 577 571 571 576 577 577 578 571 571 577 578 578 579 571 571 578 579 579 580 571 571 580 581 570 570 571 571 579 580 580 581 571 571 581 582 582 583 575 576 582 583 574 575 575 576 583 584 584 585 559 559 585 586 583 584 559 559 567 567 585 586 559 559 584 585 586 587 559 559 586 587 560 560 559 559 582 583 587 588 574 575 587 588 588 589 574 575 588 589 524 524 574 575 589 590 587 588 590 590 583 591 591 591 584 591 592 592 580 592 579 592 593 593 553 553 551 551 542 542 594 594 543 543 595 595 596 596 597 597 596 596 598 598 597 597 596 596 599 599 598 598 600 600 601 601 599 599 602 602 600 600 599 599 603 603 596 596 595 595 604 604 603 603 595 595 605 605 604 604 595 595 606 606 604 604 605 605 607 607 606 606 605 605 608 608 606 606 607 607 600 600 609 609 601 601 609 609 610 610 601 601 610 610 611 611 601 601 610 610 612 612 611 611 610 610 613 613 612 612 610 610 614 614 613 613 610 610 615 615 614 614 610 610 616 616 615 615 610 610 617 617 616 616 618 618 619 619 617 617 610 610 618 618 617 617 618 618 620 620 619 619 618 618 621 621 620 620 618 618 622 622 621 621 623 623 622 622 618 618 624 624 623 623 618 618 610 610 624 624 618 618 625 625 626 626 627 627 628 628 625 625 627 627 629 629 630 630 626 626 623 623 631 631 622 622 603 603 632 632 596 596 629 629 633 633 630 630 629 629 634 634 633 633 629 629 635 635 634 634 636 636 637 637 606 606 637 637 638 638 606 606 638 638 639 639 606 606 639 639 640 640 606 606 640 640 604 604 606 606 608 608 641 641 606 606 641 641 642 642 606 606 643 643 636 636 606 606 642 642 643 643 606 606 644 644 603 603 604 604 640 640 645 645 604 604 645 645 644 644 604 604 644 644 646 646 603 603 646 646 632 632 603 603 610 610 647 647 648 648 647 647 649 649 648 648 649 649 610 610 648 648 650 650 624 624 610 610 651 651 650 650 610 610 649 649 652 652 610 610 652 652 651 651 610 610 650 650 623 623 624 624 653 653 631 631 623 623 654 654 655 655 623 623 656 656 654 654 623 623 657 657 656 656 623 623 658 658 657 657 623 623 650 650 658 658 623 623 655 655 659 659 623 623 659 659 660 660 623 623 661 661 642 642 641 641 662 662 663 663 635 635 664 664 662 662 635 635 629 629 664 664 635 635 665 665 625 625 628 628 653 653 666 666 631 631 666 666 667 667 631 631 666 666 668 668 667 667 668 669 669 669 667 669 670 670 625 625 665 665 671 671 672 672 670 670 672 672 625 625 670 670 673 673 674 674 662 662 675 675 673 673 662 662 676 676 675 675 662 662 668 668 677 677 669 678 677 677 678 679 671 671 678 679 672 672 671 671 679 680 680 681 677 677 680 681 678 679 677 677 681 682 682 683 677 677 682 683 683 684 677 677 683 684 679 680 677 677 668 668 684 685 677 677 684 685 685 686 677 677 685 686 686 687 677 677 686 687 681 682 677 677 687 688 688 689 673 673 675 675 687 688 673 673 689 690 666 666 653 653 676 676 690 691 675 675 690 691 691 692 675 675 691 692 692 693 675 675 692 693 693 694 675 675 693 694 694 695 675 675 694 695 687 688 675 675 695 696 656 696 657 696 696 697 684 685 668 668 685 686 684 685 696 697 697 698 642 642 661 661 698 699 642 642 697 698 699 700 642 642 698 699 700 701 642 642 699 700 701 702 702 703 700 701 702 703 642 642 700 701 702 703 703 704 642 642 703 704 704 705 642 642 705 706 643 643 642 642 704 705 705 706 642 642 706 707 705 706 704 705 707 708 708 708 709 708 707 709 710 709 708 709 710 710 711 710 708 710 711 711 712 712 708 713 713 714 714 714 707 714 715 715 716 715 707 715 714 716 715 716 707 716 716 717 717 717 707 717 717 718 710 718 707 718 710 719 718 719 711 719 710 720 719 721 718 722 720 723 721 724 719 721 722 725 723 725 719 725 723 726 724 726 719 726 724 727 725 727 719 727 725 728 720 728 719 728 710 720 722 729 719 721 726 730 715 730 714 730 727 731 728 732 720 723 728 732 729 733 720 723 729 733 730 734 720 723 725 735 731 735 720 735 731 736 727 736 720 736 727 731 732 737 728 732 732 737 733 738 728 732 733 739 729 739 728 739 734 740 735 740 732 740 736 741 725 742 724 743 737 744 738 745 739 746 740 747 737 744 739 746 741 748 742 749 738 745 737 744 741 748 738 745 743 750 737 744 740 747 744 751 743 750 740 747 743 752 745 752 741 752 737 744 743 750 741 748 743 753 746 753 745 753 747 754 748 755 743 750 749 756 747 754 743 750 748 755 750 757 743 750 750 758 751 758 743 758 751 759 746 760 743 750 752 761 749 756 743 750 753 762 749 762 752 762 748 763 754 763 750 763 755 764 756 765 753 766 756 767 749 767 753 767 747 754 757 768 748 755 758 769 749 769 756 769 759 770 758 770 760 770 761 771 762 772 758 773 762 772 749 756 758 773 762 772 763 774 749 756 762 772 764 775 763 774 761 771 765 776 762 772 766 777 764 775 762 772 765 776 766 777 762 772 765 778 767 778 766 778 768 779 769 779 770 779 771 780 768 780 770 780 772 781 768 781 773 781 774 782 772 782 773 782 775 783 776 784 777 785 778 786 779 787 775 783 779 787 776 784 775 783 780 788 781 789 778 786 781 789 779 787 778 786 782 790 783 790 784 790 785 791 786 791 783 791 787 792 785 792 783 792 782 793 787 793 783 793 785 794 788 794 786 794 789 795 790 796 791 797 792 798 793 799 790 796 789 795 792 798 790 796 792 798 794 800 793 799 795 801 796 802 797 803 795 801 798 804 796 802 798 804 799 805 796 802 799 805 800 806 796 802 799 805 801 807 800 806 799 805 802 808 801 807 803 809 804 809 805 809 806 810 804 810 803 810 807 811 806 811 803 811 808 812 806 812 807 812 809 813 806 813 808 813 810 814 811 814 812 814 811 815 813 815 812 815 813 816 814 816 812 816 815 817 816 817 810 817 816 818 811 818 810 818 817 819 818 819 815 819 818 820 816 820 815 820 819 821 820 822 817 823 820 822 818 824 817 823 821 825 820 822 819 821 822 826 823 827 821 825 823 827 820 822 821 825 824 828 825 829 822 826 825 829 823 827 822 826 826 830 827 831 824 828 827 831 825 829 824 828 828 832 827 831 826 830 829 833 827 831 828 832 830 834 831 834 832 834 833 835 834 835 831 835 835 836 833 836 831 836 830 837 835 837 831 837 836 838 837 838 834 838 833 839 836 839 834 839 836 840 838 840 837 840 838 841 839 841 837 841 838 842 840 842 839 842 841 843 842 844 840 845 838 846 841 846 840 846 843 847 844 848 842 844 844 848 845 849 842 844 841 843 843 847 842 844 844 850 846 850 845 850 844 848 847 851 846 852 848 853 849 853 850 853 849 854 851 854 850 854 851 855 852 855 850 855 853 856 854 856 848 856 854 857 849 857 848 857 855 858 856 858 853 858 856 859 854 859 853 859 857 860 858 860 855 860 858 861 856 861 855 861 859 862 860 862 857 862 860 863 858 863 857 863 861 864 862 865 859 866 862 865 860 867 859 866 863 868 862 865 861 864 864 869 863 868 861 864 865 870 866 870 867 870 868 871 869 871 866 871 870 872 868 872 866 872 865 873 870 873 866 873 871 874 872 874 869 874 868 875 871 875 869 875 873 876 874 877 872 878 871 879 873 879 872 879 875 880 876 881 874 877 873 876 875 880 874 877 875 880 877 882 876 881 877 882 878 883 876 881 877 882 879 884 878 883 880 885 881 886 882 887 883 888 880 885 882 887 884 889 883 888 882 887 885 890 883 888 884 889 886 891 885 891 884 891 887 892 886 892 884 892 888 893 889 893 881 893 880 894 888 894 881 894 890 895 891 895 889 895 888 896 890 896 889 896 892 897 893 897 891 897 890 898 892 898 891 898 894 899 895 899 893 899 892 900 894 900 893 900 894 901 896 901 895 901 897 902 898 903 899 904 900 905 897 902 899 904 901 906 900 905 899 904 902 907 903 908 899 904 898 903 902 907 899 904 902 907 904 909 903 908 905 910 906 911 904 909 902 907 905 910 904 909 907 912 900 912 901 912 908 913 900 913 909 913 910 914 908 914 909 914 911 915 910 915 909 915 912 916 910 916 913 916 914 917 912 917 913 917 915 918 912 918 914 918 916 919 917 920 918 921 919 922 920 923 916 919 921 924 919 924 922 924 920 923 917 920 916 919 923 925 924 925 925 925 926 926 919 926 925 926 924 927 926 927 925 927 927 928 928 929 929 930 927 928 930 931 928 929 930 931 931 932 928 929 930 931 932 933 931 932 930 931 933 934 932 933 934 935 935 936 936 937 935 936 937 938 936 937 935 936 938 939 937 938 938 939 939 940 937 938 938 939 940 941 939 940 940 941 941 942 939 940 941 942 942 943 939 940 941 942 943 944 942 943 943 944 944 945 942 943 945 946 946 947 944 945 946 947 947 948 944 945 947 948 948 949 944 945 949 950 945 946 944 945 943 944 949 950 944 945 947 951 950 951 948 951 951 952 952 953 953 954 951 952 954 955 952 953 954 955 955 956 952 953 954 955 956 957 955 956 957 958 958 959 959 960 958 959 960 961 959 960 961 962 962 963 957 958 962 963 958 959 957 958 963 964 964 964 965 964 966 965 967 966 964 967 963 968 966 965 964 967 966 965 968 969 967 966 969 970 970 971 971 972 972 973 969 970 971 972 973 974 969 970 972 973 974 975 973 975 972 975 975 976 976 977 977 978 976 977 978 979 977 978 976 977 979 980 978 979 979 980 980 981 978 979 981 982 982 982 983 982 984 983 985 984 986 985 987 986 988 987 985 984 984 983 987 986 985 984 987 986 989 988 988 987 990 989 991 990 992 991 991 990 993 992 992 991 994 993 995 994 990 989 995 994 991 990 990 989 996 995 997 995 998 995 999 996 996 996 998 996 1000 997 996 997 1001 997 1002 998 1000 998 1001 998 1003 999 1004 999 1005 999 1006 1000 1007 1001 1008 1002 1009 1003 1006 1000 1008 1002 1010 1004 1011 1005 1012 1006 1013 1007 1014 1008 1011 1005 1010 1004 1013 1007 1011 1005 1013 1007 1015 1009 1014 1008 1016 1010 1017 1011 1018 1012 1017 1011 1019 1013 1018 1012 1020 1014 1021 1015 1016 1010 1021 1015 1017 1011 1016 1010 1022 1016 1023 1016 1024 1016 1025 1017 1026 1017 1027 1017 1028 1018 1025 1018 1027 1018 1029 1019 1025 1019 1028 1019 1030 1020 1029 1020 1028 1020 1031 1021 1032 1021 1033 1021 1034 1022 1035 1023 1036 1024 1037 1025 1038 1026 1035 1023 1034 1022 1037 1025 1035 1023 1037 1025 1039 1027 1038 1026 1040 1028 1041 1029 1042 1030 1041 1029 1043 1031 1042 1030 1044 1032 1045 1033 1040 1028 1045 1033 1041 1029 1040 1028 1046 1034 1047 1035 1048 1036 1046 1034 1049 1037 1047 1035 1049 1037 1050 1038 1047 1035 1049 1037 1051 1039 1050 1038 1052 1040 1053 1041 1054 1042 1055 1043 1053 1041 1052 1040 1056 1044 1057 1044 1058 1044 1059 1045 1060 1045 1057 1045 1056 1046 1059 1046 1057 1046 1059 1047 1061 1047 1060 1047 1062 1048 1063 1049 1064 1050 1065 1051 1062 1048 1064 1050 1066 1052 1062 1048 1065 1051 1067 1053 1066 1052 1065 1051 1068 1054 1069 1054 1070 1054 1071 1055 1072 1055 1073 1055 1074 1056 1075 1057 1076 1058 1077 1059 1074 1056 1076 1058 1078 1060 1079 1061 1075 1057 1074 1056 1078 1060 1075 1057 1080 1062 1081 1063 1079 1061 1078 1060 1080 1062 1079 1061 1082 1064 1083 1064 1081 1064 1082 1065 1084 1065 1083 1065 1084 1066 1085 1066 1083 1066 1086 1067 1087 1067 1085 1067 1088 1068 1086 1068 1085 1068 1084 1069 1088 1069 1085 1069 1089 1070 1090 1071 1087 1072 1089 1070 1091 1073 1090 1071 1089 1070 1092 1074 1091 1073 1092 1074 1093 1075 1091 1073 1092 1074 1094 1076 1093 1075 1092 1074 1095 1077 1094 1076 1096 1078 1097 1079 1098 1080 1096 1078 1099 1081 1097 1079 1099 1081 1100 1082 1097 1079 1099 1081 1101 1083 1100 1082 1102 1084 1103 1085 1104 1086 1105 1087 1102 1084 1104 1086 1106 1088 1105 1087 1104 1086 1102 1084 1107 1089 1103 1085 1108 1090 1109 1091 1107 1089 1102 1084 1108 1090 1107 1089 1110 1092 1105 1087 1106 1088 1111 1093 1110 1092 1106 1088 1112 1094 1110 1092 1111 1093 1113 1095 1110 1092 1112 1094 1114 1096 1113 1095 1112 1094 1115 1097 1113 1095 1114 1096 1116 1098 1117 1099 1115 1097 1117 1099 1113 1095 1115 1097 1118 1100 1119 1101 1120 1102 1121 1103 1119 1101 1118 1100 1122 1104 1121 1103 1118 1100 1123 1105 1121 1103 1122 1104 1124 1106 1123 1105 1122 1104 1125 1107 1123 1105 1124 1106 1126 1108 1123 1105 1125 1107 1127 1109 1128 1109 1126 1109 1129 1110 1123 1105 1126 1108 1128 1111 1129 1111 1126 1111 1130 1112 1131 1113 1127 1114 1131 1113 1128 1115 1127 1114 1132 1116 1131 1113 1133 1117 1134 1118 1132 1116 1133 1117 1135 1119 1134 1118 1133 1117 1136 1120 1134 1118 1135 1119 1137 1121 1136 1120 1135 1119 1138 1122 1139 1123 1140 1124 1141 1125 1138 1122 1140 1124 1142 1126 1143 1127 1139 1123 1144 1128 1142 1126 1139 1123 1138 1122 1144 1128 1139 1123 1145 1129 1138 1122 1141 1125 1146 1130 1145 1129 1141 1125 1142 1126 1147 1131 1143 1127 1142 1126 1148 1132 1147 1131 1148 1132 1149 1133 1147 1131 1148 1132 1150 1134 1149 1133 1150 1134 1151 1135 1149 1133 1150 1134 1152 1136 1151 1135 1152 1136 1153 1137 1151 1135 1154 1138 1155 1139 1156 1140 1157 1141 1158 1142 1154 1138 1158 1142 1155 1139 1154 1138 1159 1143 1158 1142 1157 1141 1160 1144 1161 1145 1162 1146 1163 1147 1160 1144 1162 1146 1164 1148 1160 1144 1163 1147 1165 1149 1164 1148 1163 1147 1166 1150 1167 1150 1168 1150 1169 1151 1170 1152 1167 1153 1166 1154 1169 1154 1167 1154 1171 1155 1172 1156 1170 1152 1169 1151 1171 1155 1170 1152 1173 1157 1174 1157 1172 1157 1171 1155 1173 1158 1172 1156 1173 1159 1175 1159 1174 1159 1176 1160 1177 1161 1178 1162 1176 1160 1179 1163 1177 1161 1179 1163 1180 1164 1177 1161 1179 1163 1181 1165 1180 1164 1182 1166 1183 1167 1184 1168 1182 1166 1185 1169 1183 1167 1185 1169 1186 1170 1183 1167 1185 1169 1187 1171 1186 1170 1188 1172 1189 1173 1190 1174 1189 1173 1191 1175 1190 1174 1192 1176 1193 1177 1188 1172 1193 1177 1189 1173 1188 1172 1194 1178 1195 1179 1196 1180 1197 1181 1194 1178 1196 1180 1198 1182 1194 1178 1197 1181 1199 1183 1198 1182 1197 1181 1200 1184 1201 1184 1202 1184 1203 1185 1204 1186 1201 1187 1200 1188 1203 1185 1201 1187 1203 1185 1205 1189 1204 1186 1206 1190 1207 1191 1208 1192 1207 1191 1209 1193 1208 1192 1210 1194 1206 1190 1208 1192 1211 1195 1210 1194 1208 1192 1212 1196 1213 1197 1206 1190 1213 1197 1214 1198 1206 1190 1214 1198 1215 1199 1206 1190 1215 1199 1216 1200 1206 1190 1216 1200 1217 1201 1206 1190 1217 1201 1218 1202 1206 1190 1219 1203 1220 1204 1206 1190 1220 1204 1221 1205 1206 1190 1221 1205 1222 1206 1206 1190 1222 1206 1223 1207 1206 1190 1223 1207 1224 1208 1206 1190 1225 1209 1212 1196 1206 1190 1226 1210 1225 1209 1206 1190 1224 1208 1226 1210 1206 1190 1227 1211 1207 1191 1206 1190 1228 1212 1229 1213 1206 1190 1229 1213 1230 1214 1206 1190 1231 1215 1227 1211 1206 1190 1232 1216 1233 1217 1206 1190 1233 1217 1231 1215 1206 1190 1234 1218 1232 1216 1206 1190 1230 1214 1234 1218 1206 1190 1235 1219 1228 1212 1206 1190 1236 1220 1235 1219 1206 1190 1218 1202 1236 1220 1206 1190 1237 1221 1238 1222 1206 1190 1238 1222 1239 1223 1206 1190 1240 1224 1237 1221 1206 1190 1239 1223 1219 1203 1206 1190 1241 1225 1242 1226 1206 1190 1243 1227 1241 1225 1206 1190 1242 1226 1240 1224 1206 1190 1244 1228 1243 1227 1206 1190 1210 1194 1245 1229 1206 1190 1245 1229 1244 1228 1206 1190 1246 1230 1218 1202 1217 1201 1219 1203 1247 1231 1220 1204 1248 1232 1249 1233 1219 1203 1249 1233 1247 1231 1219 1203 1239 1223 1248 1232 1219 1203 1250 1234 1218 1202 1246 1230 1251 1235 1212 1196 1225 1209 1212 1196 1252 1236 1213 1197 1250 1234 1253 1237 1218 1202 1253 1237 1236 1220 1218 1202 1254 1238 1255 1239 1250 1234 1255 1239 1253 1237 1250 1234 1256 1240 1227 1211 1231 1215 1257 1241 1212 1196 1251 1235 1212 1196 1258 1242 1252 1236 1259 1243 1255 1239 1254 1238 1212 1196 1260 1244 1258 1242 1248 1232 1261 1245 1249 1233 1262 1246 1212 1196 1257 1241 1263 1247 1227 1211 1256 1240 1264 1248 1212 1196 1262 1246 1265 1249 1227 1211 1263 1247 1212 1196 1266 1250 1260 1244 1267 1251 1268 1252 1261 1245 1248 1232 1269 1253 1261 1245 1270 1254 1255 1239 1259 1243 1212 1196 1271 1255 1266 1250 1272 1256 1273 1257 1207 1191 1227 1211 1272 1256 1207 1191 1273 1257 1274 1258 1207 1191 1274 1258 1209 1193 1207 1191 1265 1249 1272 1256 1227 1211 1275 1259 1235 1219 1236 1220 1253 1237 1275 1259 1236 1220 1276 1260 1255 1239 1270 1254 1277 1261 1278 1262 1264 1248 1278 1262 1212 1196 1264 1248 1274 1258 1279 1263 1280 1264 1209 1193 1274 1258 1280 1264 1281 1265 1282 1266 1280 1264 1279 1263 1281 1265 1280 1264 1248 1232 1283 1267 1284 1268 1283 1267 1285 1269 1284 1268 1285 1269 1248 1232 1284 1268 1211 1195 1286 1270 1210 1194 1267 1251 1287 1271 1268 1252 1255 1239 1288 1272 1253 1237 1288 1272 1289 1273 1253 1237 1290 1274 1275 1259 1253 1237 1291 1275 1278 1262 1277 1261 1292 1276 1291 1275 1277 1261 1285 1269 1269 1253 1248 1232 1212 1196 1293 1277 1271 1255 1294 1278 1295 1279 1293 1277 1212 1196 1296 1280 1293 1277 1296 1280 1297 1281 1293 1277 1297 1281 1294 1278 1293 1277 1267 1251 1298 1282 1287 1271 1298 1282 1299 1283 1287 1271 1299 1284 1300 1284 1287 1284 1301 1285 1291 1275 1292 1276 1302 1286 1255 1239 1276 1260 1303 1287 1302 1286 1276 1260 1304 1288 1302 1286 1303 1287 1305 1289 1304 1288 1303 1287 1306 1290 1291 1275 1301 1285 1307 1291 1306 1290 1301 1285 1308 1292 1309 1293 1300 1294 1310 1295 1308 1295 1300 1295 1299 1296 1311 1296 1300 1296 1311 1297 1310 1297 1300 1297 1294 1278 1312 1298 1295 1279 1312 1298 1313 1299 1295 1279 1312 1298 1314 1300 1313 1299 1314 1300 1315 1301 1313 1299 1308 1292 1316 1302 1309 1293 1316 1302 1317 1303 1309 1293 1318 1304 1306 1290 1307 1291 1319 1305 1304 1305 1305 1305 1320 1306 1319 1306 1305 1306 1321 1307 1306 1290 1318 1304 1322 1308 1321 1307 1318 1304 1323 1309 1319 1310 1320 1311 1324 1312 1323 1309 1320 1311 1314 1313 1325 1313 1315 1313 1325 1314 1326 1314 1315 1314 1316 1302 1327 1315 1317 1303 1328 1316 1321 1307 1322 1308 1329 1317 1321 1307 1328 1316 1330 1318 1329 1317 1328 1316 1331 1319 1330 1318 1327 1315 1316 1302 1331 1319 1327 1315 1331 1319 1329 1317 1330 1318 1325 1320 1332 1321 1326 1322 1332 1321 1333 1323 1326 1322 1334 1324 1323 1309 1324 1312 1332 1321 1335 1325 1333 1323 1336 1326 1323 1309 1334 1324 1335 1325 1336 1326 1334 1324 1332 1321 1336 1326 1335 1325 1337 1327 1338 1328 1274 1258 1338 1328 1279 1263 1274 1258 1339 1329 1340 1330 1341 1331 1340 1330 1342 1332 1341 1331 1342 1332 1343 1333 1341 1331 1343 1333 1344 1334 1341 1331 1345 1335 1212 1196 1278 1262 1346 1336 1347 1337 1348 1338 1347 1337 1349 1339 1348 1338 1349 1339 1350 1340 1348 1338 1351 1341 1352 1342 1339 1329 1352 1342 1340 1330 1339 1329 1353 1343 1354 1344 1355 1345 1354 1344 1356 1346 1355 1345 1356 1347 1351 1347 1355 1347 1212 1196 1357 1348 1296 1280 1358 1349 1212 1196 1345 1335 1359 1350 1360 1351 1357 1348 1212 1196 1359 1350 1357 1348 1361 1352 1212 1196 1358 1349 1362 1353 1363 1354 1346 1336 1364 1355 1362 1353 1365 1356 1363 1354 1366 1357 1346 1336 1366 1357 1347 1337 1346 1336 1367 1358 1212 1196 1361 1352 1359 1350 1368 1359 1360 1351 1343 1360 1369 1360 1344 1360 1369 1361 1370 1362 1344 1334 1359 1350 1212 1196 1367 1358 1371 1363 1359 1350 1367 1358 1372 1364 1359 1350 1371 1363 1359 1350 1373 1365 1368 1359 1374 1366 1375 1367 1364 1355 1375 1367 1376 1368 1364 1355 1376 1368 1377 1369 1364 1355 1377 1369 1378 1370 1364 1355 1379 1371 1362 1353 1364 1355 1378 1370 1379 1371 1364 1355 1380 1372 1374 1366 1364 1355 1359 1350 1381 1373 1373 1365 1382 1374 1383 1375 1370 1362 1383 1375 1384 1376 1370 1362 1384 1376 1385 1377 1370 1362 1369 1361 1386 1378 1370 1362 1386 1378 1382 1374 1370 1362 1385 1377 1387 1379 1370 1362 1387 1379 1388 1380 1370 1362 1388 1380 1389 1381 1370 1362 1390 1382 1359 1350 1372 1364 1391 1383 1390 1382 1372 1364 1392 1384 1390 1382 1391 1383 1388 1380 1393 1385 1389 1381 1390 1382 1394 1386 1381 1373 1359 1350 1390 1382 1381 1373 1395 1387 1374 1366 1380 1372 1396 1388 1390 1382 1392 1384 1390 1382 1397 1389 1394 1386 1398 1390 1399 1391 1350 1340 1399 1391 1400 1392 1350 1340 1400 1392 1401 1393 1350 1340 1401 1393 1402 1394 1350 1340 1349 1339 1403 1395 1350 1340 1403 1395 1398 1390 1350 1340 1402 1394 1404 1396 1350 1340 1404 1396 1405 1397 1350 1340 1390 1398 1406 1398 1397 1398 1407 1399 1390 1382 1396 1388 1408 1400 1374 1366 1395 1387 1409 1401 1408 1400 1395 1387 1410 1402 1390 1382 1407 1399 1411 1403 1410 1402 1407 1399 1390 1382 1412 1404 1406 1405 1413 1406 1414 1407 1393 1385 1415 1408 1413 1406 1393 1385 1388 1380 1415 1408 1393 1385 1390 1382 1416 1409 1412 1404 1417 1410 1410 1402 1411 1403 1410 1402 1418 1411 1416 1409 1390 1382 1410 1402 1416 1409 1419 1412 1410 1402 1417 1410 1420 1413 1421 1414 1353 1343 1421 1414 1354 1344 1353 1343 1422 1415 1420 1413 1353 1343 1423 1416 1422 1415 1353 1343 1424 1417 1425 1418 1419 1412 1425 1418 1410 1402 1419 1412 1410 1402 1426 1419 1418 1411 1426 1419 1427 1420 1418 1411 1428 1421 1429 1422 1427 1420 1426 1419 1428 1421 1427 1420 1430 1423 1425 1418 1424 1417 1431 1424 1432 1425 1338 1328 1337 1327 1431 1424 1338 1328 1432 1425 1433 1426 1338 1328 1433 1426 1279 1263 1338 1328 1434 1427 1425 1418 1430 1423 1428 1421 1435 1428 1429 1422 1428 1421 1436 1429 1435 1428 1437 1430 1425 1418 1434 1427 1438 1431 1432 1425 1431 1424 1439 1432 1408 1400 1409 1401 1440 1433 1439 1432 1409 1401 1413 1406 1441 1434 1414 1407 1413 1406 1442 1435 1441 1434 1443 1436 1425 1418 1437 1430 1444 1437 1443 1436 1437 1430 1445 1438 1439 1432 1440 1433 1428 1421 1446 1439 1436 1429 1447 1440 1402 1394 1401 1393 1448 1441 1443 1436 1444 1437 1448 1441 1449 1442 1443 1436 1449 1442 1450 1443 1443 1436 1450 1443 1451 1444 1443 1436 1451 1444 1425 1418 1443 1436 1404 1396 1452 1445 1405 1397 1413 1406 1453 1446 1442 1435 1454 1447 1455 1448 1453 1446 1413 1406 1454 1447 1453 1446 1446 1439 1428 1421 1456 1449 1457 1450 1458 1451 1456 1449 1458 1451 1459 1452 1456 1449 1459 1452 1446 1439 1456 1449 1460 1453 1457 1450 1456 1449 1461 1454 1460 1453 1456 1449 1428 1421 1461 1454 1456 1449 1462 1455 1449 1442 1448 1441 1408 1400 1463 1456 1374 1366 1464 1457 1388 1380 1387 1379 1465 1458 1466 1458 1467 1458 1468 1459 1469 1460 1465 1461 1468 1459 1454 1447 1469 1460 1454 1447 1470 1462 1469 1460 1471 1463 1454 1447 1468 1459 1454 1447 1472 1464 1470 1462 1473 1465 1454 1447 1471 1463 1454 1447 1473 1465 1455 1448 1454 1447 1474 1466 1472 1464 1454 1447 1475 1467 1474 1466 1476 1468 1439 1432 1445 1438 1432 1425 1477 1469 1433 1426 1478 1470 1432 1425 1438 1431 1479 1471 1439 1432 1476 1468 1480 1472 1479 1471 1476 1468 1408 1400 1481 1473 1463 1456 1482 1474 1479 1471 1480 1472 1479 1471 1483 1475 1484 1476 1485 1477 1479 1471 1484 1476 1479 1471 1486 1478 1483 1475 1487 1479 1479 1471 1485 1477 1479 1471 1482 1474 1486 1478 1488 1480 1422 1415 1423 1416 1489 1481 1488 1480 1423 1416 1490 1482 1449 1442 1462 1455 1408 1400 1491 1483 1481 1473 1492 1484 1493 1485 1404 1396 1493 1485 1494 1486 1404 1396 1494 1486 1495 1487 1404 1396 1402 1394 1492 1484 1404 1396 1495 1487 1496 1488 1404 1396 1496 1488 1452 1445 1404 1396 1447 1440 1497 1489 1402 1394 1497 1489 1492 1484 1402 1394 1439 1432 1498 1490 1408 1400 1498 1490 1499 1491 1408 1400 1499 1491 1491 1483 1408 1400 1479 1471 1500 1492 1439 1432 1500 1492 1501 1493 1439 1432 1501 1493 1498 1490 1439 1432 1502 1494 1432 1425 1478 1470 1498 1490 1503 1495 1499 1491 1503 1495 1504 1496 1499 1491 1505 1497 1388 1380 1464 1457 1460 1453 1506 1498 1457 1450 1460 1453 1500 1492 1479 1471 1487 1479 1460 1453 1479 1471 1507 1499 1449 1442 1490 1482 1508 1500 1388 1380 1505 1497 1432 1425 1509 1501 1477 1469 1510 1502 1432 1425 1502 1494 1511 1503 1510 1502 1502 1494 1460 1453 1512 1504 1506 1498 1513 1505 1449 1442 1507 1499 1449 1442 1514 1506 1475 1467 1454 1447 1449 1442 1475 1467 1510 1502 1515 1507 1509 1501 1432 1425 1510 1502 1509 1501 1449 1442 1516 1508 1514 1506 1517 1509 1449 1442 1513 1505 1516 1508 1449 1442 1517 1509 1518 1510 1488 1480 1489 1481 1503 1495 1519 1511 1504 1496 1460 1453 1520 1512 1512 1504 1495 1487 1521 1513 1496 1488 1522 1514 1460 1453 1487 1479 1503 1495 1523 1515 1519 1511 1520 1512 1460 1453 1522 1514 1524 1516 1510 1502 1511 1503 1525 1517 1388 1380 1508 1500 1503 1495 1526 1518 1523 1515 1510 1502 1527 1519 1515 1507 1528 1520 1510 1502 1524 1516 1529 1521 1528 1520 1524 1516 1530 1522 1488 1480 1518 1510 1531 1523 1532 1524 1527 1519 1510 1502 1531 1523 1527 1519 1531 1523 1533 1525 1532 1524 1534 1526 1488 1480 1530 1522 1495 1487 1535 1527 1521 1513 1422 1415 1536 1528 1420 1413 1495 1487 1537 1529 1535 1527 1538 1530 1528 1520 1529 1521 1539 1531 1538 1530 1529 1521 1540 1532 1538 1530 1539 1531 1531 1523 1541 1533 1533 1525 1542 1534 1538 1530 1540 1532 1543 1535 1488 1480 1534 1526 1544 1536 1488 1480 1543 1535 1545 1537 1544 1536 1543 1535 1495 1487 1546 1538 1537 1529 1547 1539 1548 1540 1546 1538 1495 1487 1547 1539 1546 1538 1531 1523 1549 1541 1541 1533 1547 1539 1550 1542 1548 1540 1551 1543 1544 1536 1545 1537 1531 1523 1552 1544 1549 1541 1553 1545 1538 1530 1542 1534 1547 1539 1538 1530 1553 1545 1554 1546 1547 1539 1553 1545 1552 1544 1544 1536 1551 1543 1531 1523 1544 1536 1552 1544 1547 1539 1554 1546 1550 1542 1503 1495 1555 1547 1526 1518 1556 1548 1544 1536 1531 1523 1510 1502 1556 1548 1531 1523 1557 1549 1488 1480 1544 1536 1556 1548 1557 1549 1544 1536 1558 1550 1422 1415 1488 1480 1557 1549 1558 1550 1488 1480 1559 1551 1560 1552 1422 1415 1560 1552 1561 1553 1422 1415 1561 1553 1536 1528 1422 1415 1562 1554 1559 1551 1422 1415 1558 1550 1562 1554 1422 1415 1525 1517 1563 1555 1388 1380 1564 1556 1415 1408 1388 1380 1563 1555 1564 1556 1388 1380 1565 1557 1413 1406 1415 1408 1564 1556 1565 1557 1415 1408 1566 1558 1454 1447 1413 1406 1567 1559 1566 1558 1413 1406 1565 1557 1567 1559 1413 1406 1568 1560 1564 1556 1569 1561 1570 1562 1568 1560 1569 1561 1571 1563 1568 1560 1570 1562 1425 1418 1426 1419 1410 1402 1572 1564 1428 1421 1426 1419 1425 1418 1573 1565 1426 1419 1573 1565 1572 1564 1426 1419 1566 1558 1449 1442 1454 1447 1503 1495 1574 1566 1555 1547 1528 1520 1556 1548 1510 1502 1575 1567 1495 1487 1494 1486 1576 1568 1568 1560 1571 1563 1577 1569 1495 1487 1575 1567 1562 1554 1578 1570 1559 1551 1451 1444 1579 1571 1425 1418 1579 1571 1573 1565 1425 1418 1580 1572 1461 1454 1428 1421 1572 1564 1580 1572 1428 1421 1581 1573 1495 1487 1577 1569 1582 1574 1583 1575 1574 1566 1503 1495 1582 1574 1574 1566 1584 1576 1568 1560 1576 1568 1562 1554 1585 1577 1578 1570 1582 1574 1586 1578 1583 1575 1587 1579 1495 1487 1581 1573 1562 1554 1588 1580 1585 1577 1582 1574 1589 1581 1586 1578 1590 1582 1568 1560 1584 1576 1591 1583 1568 1560 1590 1582 1592 1584 1495 1487 1587 1579 1562 1554 1593 1585 1588 1580 1582 1574 1594 1586 1589 1581 1595 1587 1495 1487 1592 1584 1596 1588 1595 1587 1592 1584 1597 1589 1595 1587 1596 1588 1562 1554 1598 1590 1593 1585 1562 1554 1599 1591 1598 1590 1599 1591 1600 1592 1598 1590 1601 1593 1568 1560 1591 1583 1599 1591 1568 1560 1601 1593 1602 1594 1599 1591 1601 1593 1582 1574 1603 1595 1594 1586 1604 1596 1599 1591 1602 1594 1582 1574 1605 1597 1603 1595 1600 1592 1599 1591 1604 1596 1606 1598 1595 1587 1597 1589 1607 1599 1595 1587 1606 1598 1605 1597 1595 1587 1607 1599 1582 1574 1595 1587 1605 1597 1608 1600 1579 1571 1451 1444 1450 1443 1608 1600 1451 1444 1609 1601 1460 1453 1461 1454 1610 1602 1609 1601 1461 1454 1580 1572 1610 1602 1461 1454 1566 1558 1611 1603 1449 1442 1611 1603 1612 1604 1449 1442 1612 1604 1450 1443 1449 1442 1460 1453 1613 1605 1500 1492 1613 1605 1501 1493 1500 1492 1614 1606 1613 1605 1460 1453 1609 1601 1614 1606 1460 1453 1615 1607 1611 1603 1566 1558 1567 1559 1615 1607 1566 1558 1616 1608 1528 1520 1538 1530 1547 1539 1617 1609 1538 1530 1617 1609 1618 1610 1538 1530 1618 1610 1616 1608 1538 1530 1495 1487 1619 1611 1547 1539 1619 1611 1617 1609 1547 1539 1595 1587 1620 1612 1495 1487 1620 1612 1619 1611 1495 1487 1582 1574 1621 1613 1595 1587 1621 1613 1620 1612 1595 1587 1503 1495 1622 1614 1582 1574 1622 1614 1621 1613 1582 1574 1498 1490 1623 1615 1503 1495 1623 1615 1622 1614 1503 1495 1501 1493 1624 1616 1498 1490 1624 1616 1623 1615 1498 1490 1613 1605 1625 1617 1501 1493 1625 1617 1626 1618 1501 1493 1626 1618 1624 1616 1501 1493 1616 1608 1556 1548 1528 1520 1614 1606 1625 1617 1613 1605 1618 1610 1556 1548 1616 1608 1627 1619 1580 1572 1572 1564 1628 1620 1627 1619 1572 1564 1629 1621 1628 1620 1572 1564 1573 1565 1629 1621 1572 1564 1630 1622 1631 1623 1627 1619 1631 1623 1632 1624 1627 1619 1632 1624 1580 1572 1627 1619 1628 1620 1630 1622 1627 1619 1614 1606 1633 1625 1625 1617 1633 1625 1626 1618 1625 1617 1634 1626 1629 1621 1573 1565 1635 1627 1634 1626 1573 1565 1579 1571 1636 1628 1573 1565 1636 1628 1635 1627 1573 1565 1632 1624 1637 1629 1580 1572 1637 1629 1638 1630 1580 1572 1639 1631 1610 1602 1580 1572 1638 1630 1639 1631 1580 1572 1640 1632 1608 1600 1450 1443 1612 1604 1640 1632 1450 1443 1610 1602 1641 1633 1609 1601 1641 1633 1642 1634 1609 1601 1642 1634 1614 1606 1609 1601 1643 1635 1611 1603 1615 1607 1567 1559 1643 1635 1615 1607 1644 1636 1611 1603 1643 1635 1567 1559 1644 1636 1643 1635 1645 1637 1646 1638 1644 1636 1646 1638 1611 1603 1644 1636 1567 1559 1645 1637 1644 1636 1618 1610 1647 1639 1556 1548 1647 1639 1648 1640 1556 1548 1648 1640 1649 1641 1556 1548 1649 1641 1557 1549 1556 1548 1649 1641 1650 1642 1557 1549 1650 1642 1558 1550 1557 1549 1650 1642 1651 1643 1558 1550 1651 1643 1562 1554 1558 1550 1651 1643 1652 1644 1562 1554 1652 1644 1599 1591 1562 1554 1652 1644 1653 1645 1599 1591 1653 1645 1568 1560 1599 1591 1653 1645 1654 1646 1568 1560 1654 1646 1564 1556 1568 1560 1654 1646 1655 1647 1564 1556 1655 1647 1565 1557 1564 1556 1655 1647 1656 1648 1565 1557 1656 1648 1567 1559 1565 1557 1656 1648 1645 1637 1567 1559 1657 1649 1646 1638 1645 1637 1656 1648 1657 1649 1645 1637 1646 1638 1658 1650 1611 1603 1658 1650 1659 1651 1611 1603 1659 1651 1612 1604 1611 1603 1614 1606 1660 1652 1633 1625 1661 1653 1662 1654 1633 1625 1660 1652 1661 1653 1633 1625 1662 1654 1626 1618 1633 1625 1663 1655 1660 1652 1614 1606 1642 1634 1664 1656 1614 1606 1664 1656 1663 1655 1614 1606 1665 1657 1636 1628 1579 1571 1666 1658 1665 1657 1579 1571 1608 1600 1667 1659 1579 1571 1667 1659 1668 1660 1579 1571 1668 1660 1666 1658 1579 1571 1639 1631 1669 1661 1610 1602 1669 1661 1670 1662 1610 1602 1670 1662 1671 1663 1610 1602 1671 1663 1641 1633 1610 1602 1617 1609 1647 1639 1618 1610 1672 1664 1673 1665 1630 1622 1673 1665 1631 1623 1630 1622 1674 1666 1672 1664 1630 1622 1628 1620 1674 1666 1630 1622 1675 1667 1676 1668 1612 1604 1659 1651 1675 1667 1612 1604 1677 1669 1640 1632 1612 1604 1676 1668 1677 1669 1612 1604 1678 1670 1664 1656 1642 1634 1641 1633 1679 1671 1642 1634 1679 1671 1680 1672 1642 1634 1680 1672 1678 1670 1642 1634 1640 1632 1681 1673 1608 1600 1681 1673 1682 1674 1608 1600 1682 1674 1667 1659 1608 1600 1671 1663 1683 1675 1641 1633 1683 1675 1684 1676 1641 1633 1684 1676 1679 1671 1641 1633 1685 1677 1647 1639 1617 1609 1619 1611 1686 1678 1617 1609 1686 1678 1687 1679 1617 1609 1687 1679 1685 1677 1617 1609 1620 1612 1688 1680 1619 1611 1688 1680 1686 1678 1619 1611 1621 1613 1689 1681 1620 1612 1689 1681 1688 1680 1620 1612 1622 1614 1690 1682 1621 1613 1690 1682 1689 1681 1621 1613 1623 1615 1691 1683 1622 1614 1691 1683 1690 1682 1622 1614 1624 1616 1692 1684 1623 1615 1692 1684 1691 1683 1623 1615 1626 1618 1693 1685 1624 1616 1693 1685 1692 1684 1624 1616 1694 1686 1695 1687 1626 1618 1662 1654 1694 1686 1626 1618 1695 1687 1696 1688 1626 1618 1696 1688 1693 1685 1626 1618 1647 1639 1685 1677 1648 1640 1685 1677 1687 1679 1648 1640 1697 1689 1649 1641 1648 1640 1698 1690 1697 1689 1648 1640 1687 1679 1698 1690 1648 1640 1699 1691 1650 1642 1649 1641 1697 1689 1699 1691 1649 1641 1700 1692 1651 1643 1650 1642 1699 1691 1700 1692 1650 1642 1701 1693 1652 1644 1651 1643 1700 1692 1701 1693 1651 1643 1702 1694 1653 1645 1652 1644 1701 1693 1702 1694 1652 1644 1703 1695 1654 1646 1653 1645 1702 1694 1703 1695 1653 1645 1704 1696 1655 1647 1654 1646 1703 1695 1704 1696 1654 1646 1705 1697 1656 1648 1655 1647 1704 1696 1705 1697 1655 1647 1706 1698 1707 1699 1656 1648 1707 1699 1657 1649 1656 1648 1705 1697 1706 1698 1656 1648 1706 1698 1708 1700 1646 1638 1707 1699 1706 1698 1646 1638 1657 1649 1707 1699 1646 1638 1708 1700 1658 1650 1646 1638 1661 1653 1694 1686 1662 1654 1695 1687 1694 1686 1661 1653 1709 1701 1695 1687 1661 1653 1660 1652 1709 1701 1661 1653 1708 1700 1710 1702 1658 1650 1710 1702 1711 1703 1658 1650 1711 1703 1659 1651 1658 1650 1663 1655 1712 1704 1660 1652 1712 1704 1709 1701 1660 1652 1664 1656 1713 1705 1663 1655 1713 1705 1712 1704 1663 1655 1686 1678 1714 1706 1687 1679 1714 1706 1698 1690 1687 1679 1715 1707 1679 1671 1684 1676 1677 1669 1716 1708 1640 1632 1716 1708 1717 1709 1640 1632 1717 1709 1718 1710 1640 1632 1718 1710 1681 1673 1640 1632 1715 1707 1719 1711 1679 1671 1719 1711 1720 1712 1679 1671 1720 1712 1680 1672 1679 1671 1709 1701 1721 1713 1695 1687 1721 1713 1696 1688 1695 1687 1722 1714 1723 1715 1659 1651 1724 1716 1722 1714 1659 1651 1725 1717 1675 1667 1659 1651 1723 1715 1725 1717 1659 1651 1726 1718 1724 1716 1659 1651 1711 1703 1726 1718 1659 1651 1727 1719 1728 1720 1664 1656 1678 1670 1729 1721 1664 1656 1729 1721 1727 1719 1664 1656 1728 1720 1730 1722 1664 1656 1730 1722 1731 1723 1664 1656 1731 1723 1713 1705 1664 1656 1732 1724 1708 1700 1706 1698 1705 1697 1732 1724 1706 1698 1714 1706 1733 1725 1698 1690 1733 1725 1734 1726 1698 1690 1734 1726 1735 1727 1698 1690 1735 1727 1697 1689 1698 1690 1735 1727 1736 1728 1697 1689 1736 1728 1699 1691 1697 1689 1736 1728 1737 1729 1699 1691 1737 1729 1700 1692 1699 1691 1737 1729 1738 1730 1700 1692 1738 1730 1701 1693 1700 1692 1738 1730 1739 1731 1701 1693 1739 1731 1702 1694 1701 1693 1739 1731 1740 1732 1702 1694 1740 1732 1703 1695 1702 1694 1740 1732 1741 1733 1703 1695 1741 1733 1704 1696 1703 1695 1741 1733 1742 1734 1704 1696 1742 1734 1705 1697 1704 1696 1742 1734 1743 1735 1705 1697 1743 1735 1732 1724 1705 1697 1743 1735 1708 1700 1732 1724 1686 1678 1733 1725 1714 1706 1744 1736 1733 1725 1686 1678 1688 1680 1745 1737 1686 1678 1745 1737 1746 1738 1686 1678 1746 1738 1744 1736 1686 1678 1689 1681 1747 1739 1688 1680 1747 1739 1748 1740 1688 1680 1748 1740 1745 1737 1688 1680 1690 1682 1749 1741 1689 1681 1749 1741 1750 1742 1689 1681 1750 1742 1747 1739 1689 1681 1691 1683 1751 1743 1690 1682 1751 1743 1752 1744 1690 1682 1752 1744 1749 1741 1690 1682 1692 1684 1753 1745 1691 1683 1753 1745 1754 1746 1691 1683 1754 1746 1751 1743 1691 1683 1693 1685 1755 1747 1692 1684 1755 1747 1756 1748 1692 1684 1756 1748 1753 1745 1692 1684 1696 1688 1757 1749 1693 1685 1757 1749 1758 1750 1693 1685 1758 1750 1755 1747 1693 1685 1759 1751 1760 1752 1696 1688 1760 1752 1757 1749 1696 1688 1761 1753 1759 1751 1696 1688 1721 1713 1761 1753 1696 1688 1762 1754 1763 1755 1708 1700 1763 1755 1764 1756 1708 1700 1764 1756 1765 1757 1708 1700 1766 1758 1762 1754 1708 1700 1743 1735 1766 1758 1708 1700 1765 1757 1710 1702 1708 1700 1767 1759 1768 1760 1709 1701 1761 1753 1721 1713 1709 1701 1768 1760 1761 1753 1709 1701 1769 1761 1770 1762 1709 1701 1770 1762 1771 1763 1709 1701 1771 1763 1767 1759 1709 1701 1712 1704 1769 1761 1709 1701 1744 1736 1734 1726 1733 1725 1742 1734 1766 1758 1743 1735 1765 1757 1772 1764 1710 1702 1772 1764 1773 1765 1710 1702 1773 1765 1711 1703 1710 1702 1774 1766 1769 1761 1712 1704 1713 1705 1775 1767 1712 1704 1775 1767 1774 1766 1712 1704 1768 1760 1776 1768 1761 1753 1776 1768 1759 1751 1761 1753 1777 1769 1726 1718 1711 1703 1773 1765 1778 1770 1711 1703 1778 1770 1779 1771 1711 1703 1779 1771 1780 1772 1711 1703 1780 1772 1777 1769 1711 1703 1781 1773 1782 1774 1713 1705 1782 1774 1783 1775 1713 1705 1783 1775 1775 1767 1713 1705 1731 1723 1784 1776 1713 1705 1784 1776 1781 1773 1713 1705 1744 1736 1785 1777 1734 1726 1785 1777 1786 1778 1734 1726 1786 1778 1787 1779 1734 1726 1787 1779 1788 1780 1734 1726 1788 1780 1789 1781 1734 1726 1789 1781 1735 1727 1734 1726 1790 1782 1791 1783 1735 1727 1791 1783 1792 1784 1735 1727 1792 1784 1736 1728 1735 1727 1789 1781 1793 1785 1735 1727 1793 1785 1790 1782 1735 1727 1794 1786 1737 1729 1736 1728 1792 1784 1795 1787 1736 1728 1795 1787 1794 1786 1736 1728 1796 1788 1738 1730 1737 1729 1794 1786 1797 1789 1737 1729 1797 1789 1798 1790 1737 1729 1798 1790 1799 1791 1737 1729 1799 1791 1796 1788 1737 1729 1800 1792 1739 1731 1738 1730 1796 1788 1801 1793 1738 1730 1801 1793 1800 1792 1738 1730 1802 1794 1803 1795 1739 1731 1803 1795 1804 1796 1739 1731 1804 1796 1740 1732 1739 1731 1800 1792 1805 1797 1739 1731 1805 1797 1802 1794 1739 1731 1806 1798 1807 1799 1740 1732 1807 1799 1808 1800 1740 1732 1808 1800 1741 1733 1740 1732 1804 1796 1809 1801 1740 1732 1809 1801 1806 1798 1740 1732 1810 1802 1742 1734 1741 1733 1808 1800 1811 1803 1741 1733 1811 1803 1810 1802 1741 1733 1812 1804 1766 1758 1742 1734 1813 1805 1812 1804 1742 1734 1814 1806 1813 1805 1742 1734 1810 1802 1815 1807 1742 1734 1815 1807 1814 1806 1742 1734 1816 1808 1728 1720 1727 1719 1817 1809 1762 1754 1766 1758 1812 1804 1817 1809 1766 1758 1746 1738 1818 1810 1744 1736 1818 1810 1785 1777 1744 1736 1777 1769 1819 1811 1726 1718 1820 1812 1724 1716 1726 1718 1819 1811 1821 1813 1726 1718 1821 1813 1822 1814 1726 1718 1822 1814 1820 1812 1726 1718 1823 1815 1784 1776 1731 1723 1730 1722 1824 1816 1731 1723 1824 1816 1825 1817 1731 1723 1825 1817 1826 1818 1731 1723 1826 1818 1827 1819 1731 1723 1827 1819 1823 1815 1731 1723</p>
        </triangles>
      </mesh>
    </geometry>
  </library_geometries>
  <library_visual_scenes>
    <visual_scene id="Scene" name="Scene">
      <node id="Mesh_054" name="Mesh.054" type="NODE">
        <matrix sid="transform">0.001 0 0 0 0 0.001 0 0 0 0 0.001 0 0 0 0 1</matrix>
        <instance_geometry url="#mesh-dd7d8dbc-7f5f-4309-8f4f-eeee3c00ad95-mesh" name="Mesh.054">
          <bind_material>
            <technique_common>
              <instance_material symbol="Material-外壳-material" target="#Material-外壳-material"/>
            </technique_common>
          </bind_material>
        </instance_geometry>
      </node>
      <node id="Mesh_053" name="Mesh.053" type="NODE">
        <matrix sid="transform">0.001 0 0 0 0 0.001 0 0 0 0 0.001 0 0 0 0 1</matrix>
        <instance_geometry url="#mesh-a5df3bec-f915-467a-80f7-74a3e0420975-mesh" name="Mesh.053">
          <bind_material>
            <technique_common>
              <instance_material symbol="Material-外壳-material" target="#Material-外壳-material"/>
            </technique_common>
          </bind_material>
        </instance_geometry>
      </node>
      <node id="Mesh_052" name="Mesh.052" type="NODE">
        <matrix sid="transform">0.001 0 0 0 0 0.001 0 0 0 0 0.001 0 0 0 0 1</matrix>
        <instance_geometry url="#mesh-aec9df8a-a2c3-4a94-b49d-f48f1cf4658f-mesh" name="Mesh.052">
          <bind_material>
            <technique_common>
              <instance_material symbol="Material-外壳-material" target="#Material-外壳-material"/>
            </technique_common>
          </bind_material>
        </instance_geometry>
      </node>
      <node id="Mesh_051" name="Mesh.051" type="NODE">
        <matrix sid="transform">0.001 0 0 0 0 0.001 0 0 0 0 0.001 0 0 0 0 1</matrix>
        <instance_geometry url="#mesh-a5405e04-70a0-4258-98d6-b1d1605c69c0-mesh" name="Mesh.051">
          <bind_material>
            <technique_common>
              <instance_material symbol="Material-外壳-material" target="#Material-外壳-material"/>
            </technique_common>
          </bind_material>
        </instance_geometry>
      </node>
      <node id="Mesh_050" name="Mesh.050" type="NODE">
        <matrix sid="transform">0.001 0 0 0 0 0.001 0 0 0 0 0.001 0 0 0 0 1</matrix>
        <instance_geometry url="#mesh-a5ba6ab8-bf7e-426d-ba51-5536e6810251-mesh" name="Mesh.050">
          <bind_material>
            <technique_common>
              <instance_material symbol="Material-外壳-material" target="#Material-外壳-material"/>
            </technique_common>
          </bind_material>
        </instance_geometry>
      </node>
      <node id="Mesh_049" name="Mesh.049" type="NODE">
        <matrix sid="transform">0.001 0 0 0 0 0.001 0 0 0 0 0.001 0 0 0 0 1</matrix>
        <instance_geometry url="#mesh-cb9fcc03-477f-4422-a08d-831bb39a0d38-mesh" name="Mesh.049">
          <bind_material>
            <technique_common>
              <instance_material symbol="Material-外壳-material" target="#Material-外壳-material"/>
            </technique_common>
          </bind_material>
        </instance_geometry>
      </node>
      <node id="Mesh_048" name="Mesh.048" type="NODE">
        <matrix sid="transform">0.001 0 0 0 0 0.001 0 0 0 0 0.001 0 0 0 0 1</matrix>
        <instance_geometry url="#mesh-ab233641-d46a-47fe-b090-f958cf276014-mesh" name="Mesh.048">
          <bind_material>
            <technique_common>
              <instance_material symbol="Material-外壳-material" target="#Material-外壳-material"/>
            </technique_common>
          </bind_material>
        </instance_geometry>
      </node>
      <node id="Mesh_047" name="Mesh.047" type="NODE">
        <matrix sid="transform">0.001 0 0 0 0 0.001 0 0 0 0 0.001 0 0 0 0 1</matrix>
        <instance_geometry url="#mesh-afb40713-4acb-44be-816c-bc26331fc9b1-mesh" name="Mesh.047">
          <bind_material>
            <technique_common>
              <instance_material symbol="Material-外壳-material" target="#Material-外壳-material"/>
            </technique_common>
          </bind_material>
        </instance_geometry>
      </node>
      <node id="Mesh_046" name="Mesh.046" type="NODE">
        <matrix sid="transform">0.001 0 0 0 0 0.001 0 0 0 0 0.001 0 0 0 0 1</matrix>
        <instance_geometry url="#mesh-a4935322-cfa4-48ae-ab1c-851de371cd0b-mesh" name="Mesh.046">
          <bind_material>
            <technique_common>
              <instance_material symbol="Material-外壳-material" target="#Material-外壳-material"/>
            </technique_common>
          </bind_material>
        </instance_geometry>
      </node>
      <node id="Mesh_045" name="Mesh.045" type="NODE">
        <matrix sid="transform">0.001 0 0 0 0 0.001 0 0 0 0 0.001 0 0 0 0 1</matrix>
        <instance_geometry url="#mesh-a2098d13-94c0-4e1f-ad29-baa7d286c466-mesh" name="Mesh.045">
          <bind_material>
            <technique_common>
              <instance_material symbol="Material-外壳-material" target="#Material-外壳-material"/>
            </technique_common>
          </bind_material>
        </instance_geometry>
      </node>
      <node id="Mesh_044" name="Mesh.044" type="NODE">
        <matrix sid="transform">0.001 0 0 0 0 0.001 0 0 0 0 0.001 0 0 0 0 1</matrix>
        <instance_geometry url="#mesh-af9472fd-b7d2-40ea-92cc-d02690837ef4-mesh" name="Mesh.044">
          <bind_material>
            <technique_common>
              <instance_material symbol="Material-外壳-material" target="#Material-外壳-material"/>
            </technique_common>
          </bind_material>
        </instance_geometry>
      </node>
      <node id="Mesh_043" name="Mesh.043" type="NODE">
        <matrix sid="transform">0.001 0 0 0 0 0.001 0 0 0 0 0.001 0 0 0 0 1</matrix>
        <instance_geometry url="#mesh-a2950dcd-ad73-41e4-97a1-eeb8a6bb6ede-mesh" name="Mesh.043">
          <bind_material>
            <technique_common>
              <instance_material symbol="Material-外壳-material" target="#Material-外壳-material"/>
            </technique_common>
          </bind_material>
        </instance_geometry>
      </node>
      <node id="Mesh_042" name="Mesh.042" type="NODE">
        <matrix sid="transform">0.001 0 0 0 0 0.001 0 0 0 0 0.001 0 0 0 0 1</matrix>
        <instance_geometry url="#mesh-a181bc9f-c0c9-4d04-8b4e-9071ff767190-mesh" name="Mesh.042">
          <bind_material>
            <technique_common>
              <instance_material symbol="Material-外壳-material" target="#Material-外壳-material"/>
            </technique_common>
          </bind_material>
        </instance_geometry>
      </node>
      <node id="Mesh_041" name="Mesh.041" type="NODE">
        <matrix sid="transform">0.001 0 0 0 0 0.001 0 0 0 0 0.001 0 0 0 0 1</matrix>
        <instance_geometry url="#mesh-d7f0432c-d0f0-4409-9229-a66daf76437d-mesh" name="Mesh.041">
          <bind_material>
            <technique_common>
              <instance_material symbol="Material-外壳-material" target="#Material-外壳-material"/>
            </technique_common>
          </bind_material>
        </instance_geometry>
      </node>
      <node id="Mesh_040" name="Mesh.040" type="NODE">
        <matrix sid="transform">0.001 0 0 0 0 0.001 0 0 0 0 0.001 0 0 0 0 1</matrix>
        <instance_geometry url="#mesh-ab9d1612-f3b3-4b08-87de-6a4aa2b59d9b-mesh" name="Mesh.040">
          <bind_material>
            <technique_common>
              <instance_material symbol="Material-外壳-material" target="#Material-外壳-material"/>
            </technique_common>
          </bind_material>
        </instance_geometry>
      </node>
      <node id="Mesh_039" name="Mesh.039" type="NODE">
        <matrix sid="transform">0.001 0 0 0 0 0.001 0 0 0 0 0.001 0 0 0 0 1</matrix>
        <instance_geometry url="#mesh-adb2cdd4-a601-4613-afe5-2a2e6ade540d-mesh" name="Mesh.039">
          <bind_material>
            <technique_common>
              <instance_material symbol="Material-橡胶-material" target="#Material-橡胶-material"/>
            </technique_common>
          </bind_material>
        </instance_geometry>
      </node>
      <node id="Mesh_038" name="Mesh.038" type="NODE">
        <matrix sid="transform">0.001 0 0 0 0 0.001 0 0 0 0 0.001 0 0 0 0 1</matrix>
        <instance_geometry url="#mesh-ab89cad5-90c0-4a8a-bfed-6dba8486d30c-mesh" name="Mesh.038">
          <bind_material>
            <technique_common>
              <instance_material symbol="Material-外壳-material" target="#Material-外壳-material"/>
            </technique_common>
          </bind_material>
        </instance_geometry>
      </node>
      <node id="Mesh_037" name="Mesh.037" type="NODE">
        <matrix sid="transform">0.001 0 0 0 0 0.001 0 0 0 0 0.001 0 0 0 0 1</matrix>
        <instance_geometry url="#mesh-eaef4547-8afc-4fc2-801d-1fb532a0149c-mesh" name="Mesh.037">
          <bind_material>
            <technique_common>
              <instance_material symbol="Material-外壳-material" target="#Material-外壳-material"/>
            </technique_common>
          </bind_material>
        </instance_geometry>
      </node>
      <node id="Mesh_036" name="Mesh.036" type="NODE">
        <matrix sid="transform">0.001 0 0 0 0 0.001 0 0 0 0 0.001 0 0 0 0 1</matrix>
        <instance_geometry url="#mesh-a5a64873-6862-4e7f-935b-116225e6c224-mesh" name="Mesh.036">
          <bind_material>
            <technique_common>
              <instance_material symbol="Material-外壳-material" target="#Material-外壳-material"/>
            </technique_common>
          </bind_material>
        </instance_geometry>
      </node>
      <node id="Mesh_035" name="Mesh.035" type="NODE">
        <matrix sid="transform">0.001 0 0 0 0 0.001 0 0 0 0 0.001 0 0 0 0 1</matrix>
        <instance_geometry url="#mesh-ae9fd916-dbb6-44af-94f4-37cd4c37f0ac-mesh" name="Mesh.035">
          <bind_material>
            <technique_common>
              <instance_material symbol="Material-外壳-material" target="#Material-外壳-material"/>
            </technique_common>
          </bind_material>
        </instance_geometry>
      </node>
      <node id="Mesh_034" name="Mesh.034" type="NODE">
        <matrix sid="transform">0.001 0 0 0 0 0.001 0 0 0 0 0.001 0 0 0 0 1</matrix>
        <instance_geometry url="#mesh-a28f2dee-3ec3-4df2-ab26-e610133d56d4-mesh" name="Mesh.034">
          <bind_material>
            <technique_common>
              <instance_material symbol="Material-外壳-material" target="#Material-外壳-material"/>
            </technique_common>
          </bind_material>
        </instance_geometry>
      </node>
      <node id="Mesh_033" name="Mesh.033" type="NODE">
        <matrix sid="transform">0.001 0 0 0 0 0.001 0 0 0 0 0.001 0 0 0 0 1</matrix>
        <instance_geometry url="#mesh-d1a35220-db05-45fb-b483-6d83bc9d6940-mesh" name="Mesh.033">
          <bind_material>
            <technique_common>
              <instance_material symbol="Material-外壳-material" target="#Material-外壳-material"/>
            </technique_common>
          </bind_material>
        </instance_geometry>
      </node>
      <node id="Mesh_032" name="Mesh.032" type="NODE">
        <matrix sid="transform">0.001 0 0 0 0 0.001 0 0 0 0 0.001 0 0 0 0 1</matrix>
        <instance_geometry url="#mesh-a00b7da8-564d-4dc1-b33f-26ab31cc8496-mesh" name="Mesh.032">
          <bind_material>
            <technique_common>
              <instance_material symbol="Material-外壳-material" target="#Material-外壳-material"/>
            </technique_common>
          </bind_material>
        </instance_geometry>
      </node>
      <node id="Mesh_031" name="Mesh.031" type="NODE">
        <matrix sid="transform">0.001 0 0 0 0 0.001 0 0 0 0 0.001 0 0 0 0 1</matrix>
        <instance_geometry url="#mesh-a32567cb-e935-46fb-8158-003876acf578-mesh" name="Mesh.031">
          <bind_material>
            <technique_common>
              <instance_material symbol="Material-外壳-material" target="#Material-外壳-material"/>
            </technique_common>
          </bind_material>
        </instance_geometry>
      </node>
      <node id="Mesh_030" name="Mesh.030" type="NODE">
        <matrix sid="transform">0.001 0 0 0 0 0.001 0 0 0 0 0.001 0 0 0 0 1</matrix>
        <instance_geometry url="#mesh-cc320633-2e4f-475f-94f2-62a127eb208b-mesh" name="Mesh.030">
          <bind_material>
            <technique_common>
              <instance_material symbol="Material-外壳-material" target="#Material-外壳-material"/>
            </technique_common>
          </bind_material>
        </instance_geometry>
      </node>
      <node id="Mesh_029" name="Mesh.029" type="NODE">
        <matrix sid="transform">0.001 0 0 0 0 0.001 0 0 0 0 0.001 0 0 0 0 1</matrix>
        <instance_geometry url="#mesh-e6722aea-f779-4b8c-adde-7460cfcaded8-mesh" name="Mesh.029">
          <bind_material>
            <technique_common>
              <instance_material symbol="Material-橡胶环-material" target="#Material-橡胶环-material"/>
            </technique_common>
          </bind_material>
        </instance_geometry>
      </node>
      <node id="Mesh_028" name="Mesh.028" type="NODE">
        <matrix sid="transform">0.001 0 0 0 0 0.001 0 0 0 0 0.001 0 0 0 0 1</matrix>
        <instance_geometry url="#mesh-aaa900e8-dcde-4447-821c-bb7515d819e6-mesh" name="Mesh.028">
          <bind_material>
            <technique_common>
              <instance_material symbol="Material-外壳-material" target="#Material-外壳-material"/>
            </technique_common>
          </bind_material>
        </instance_geometry>
      </node>
      <node id="Mesh_027" name="Mesh.027" type="NODE">
        <matrix sid="transform">0.001 0 0 0 0 0.001 0 0 0 0 0.001 0 0 0 0 1</matrix>
        <instance_geometry url="#mesh-aa28897b-c44a-40fc-9490-8c42e4a09fc4-mesh" name="Mesh.027">
          <bind_material>
            <technique_common>
              <instance_material symbol="Material-外壳-material" target="#Material-外壳-material"/>
            </technique_common>
          </bind_material>
        </instance_geometry>
      </node>
      <node id="Mesh_026" name="Mesh.026" type="NODE">
        <matrix sid="transform">0.001 0 0 0 0 0.001 0 0 0 0 0.001 0 0 0 0 1</matrix>
        <instance_geometry url="#mesh-f79fb52f-6e33-4cb1-b794-ba9dbfbc9ab1-mesh" name="Mesh.026">
          <bind_material>
            <technique_common>
              <instance_material symbol="Material-外壳-material" target="#Material-外壳-material"/>
            </technique_common>
          </bind_material>
        </instance_geometry>
      </node>
      <node id="Mesh_025" name="Mesh.025" type="NODE">
        <matrix sid="transform">0.001 0 0 0 0 0.001 0 0 0 0 0.001 0 0 0 0 1</matrix>
        <instance_geometry url="#mesh-a8c4051e-50b4-4f04-b410-63933dd8f552-mesh" name="Mesh.025">
          <bind_material>
            <technique_common>
              <instance_material symbol="Material-外壳-material" target="#Material-外壳-material"/>
            </technique_common>
          </bind_material>
        </instance_geometry>
      </node>
      <node id="Mesh_024" name="Mesh.024" type="NODE">
        <matrix sid="transform">0.001 0 0 0 0 0.001 0 0 0 0 0.001 0 0 0 0 1</matrix>
        <instance_geometry url="#mesh-ac70541f-8e53-4bf3-a995-ed1dcbad7ee0-mesh" name="Mesh.024">
          <bind_material>
            <technique_common>
              <instance_material symbol="Material-外壳-material" target="#Material-外壳-material"/>
            </technique_common>
          </bind_material>
        </instance_geometry>
      </node>
      <node id="Mesh_023" name="Mesh.023" type="NODE">
        <matrix sid="transform">0.001 0 0 0 0 0.001 0 0 0 0 0.001 0 0 0 0 1</matrix>
        <instance_geometry url="#mesh-b3cd76aa-4213-47e7-95a0-b4c6262c60e5-mesh" name="Mesh.023">
          <bind_material>
            <technique_common>
              <instance_material symbol="Material-外壳-material" target="#Material-外壳-material"/>
            </technique_common>
          </bind_material>
        </instance_geometry>
      </node>
      <node id="Mesh_022" name="Mesh.022" type="NODE">
        <matrix sid="transform">0.001 0 0 0 0 0.001 0 0 0 0 0.001 0 0 0 0 1</matrix>
        <instance_geometry url="#mesh-aa69c085-81f2-4b46-83e9-98a9636ada3d-mesh" name="Mesh.022">
          <bind_material>
            <technique_common>
              <instance_material symbol="Material-外壳-material" target="#Material-外壳-material"/>
            </technique_common>
          </bind_material>
        </instance_geometry>
      </node>
      <node id="Mesh_021" name="Mesh.021" type="NODE">
        <matrix sid="transform">0.001 0 0 0 0 0.001 0 0 0 0 0.001 0 0 0 0 1</matrix>
        <instance_geometry url="#mesh-ace1311d-f72d-4068-8a9a-f28e930e8de3-mesh" name="Mesh.021">
          <bind_material>
            <technique_common>
              <instance_material symbol="Material-外壳-material" target="#Material-外壳-material"/>
            </technique_common>
          </bind_material>
        </instance_geometry>
      </node>
      <node id="Mesh_020" name="Mesh.020" type="NODE">
        <matrix sid="transform">0.001 0 0 0 0 0.001 0 0 0 0 0.001 0 0 0 0 1</matrix>
        <instance_geometry url="#mesh-a9883163-bff4-4c45-860e-59e65c85ed70-mesh" name="Mesh.020">
          <bind_material>
            <technique_common>
              <instance_material symbol="Material-外壳-material" target="#Material-外壳-material"/>
            </technique_common>
          </bind_material>
        </instance_geometry>
      </node>
      <node id="Mesh_019" name="Mesh.019" type="NODE">
        <matrix sid="transform">0.001 0 0 0 0 0.001 0 0 0 0 0.001 0 0 0 0 1</matrix>
        <instance_geometry url="#mesh-a13dede1-f294-4a44-91ae-74f44e1fcc9e-mesh" name="Mesh.019">
          <bind_material>
            <technique_common>
              <instance_material symbol="Material-外壳-material" target="#Material-外壳-material"/>
            </technique_common>
          </bind_material>
        </instance_geometry>
      </node>
      <node id="Mesh_018" name="Mesh.018" type="NODE">
        <matrix sid="transform">0.001 0 0 0 0 0.001 0 0 0 0 0.001 0 0 0 0 1</matrix>
        <instance_geometry url="#mesh-aed0871d-a72d-41c1-bb63-887b2f404aa7-mesh" name="Mesh.018">
          <bind_material>
            <technique_common>
              <instance_material symbol="Material-外壳-material" target="#Material-外壳-material"/>
            </technique_common>
          </bind_material>
        </instance_geometry>
      </node>
      <node id="Mesh_017" name="Mesh.017" type="NODE">
        <matrix sid="transform">0.001 0 0 0 0 0.001 0 0 0 0 0.001 0 0 0 0 1</matrix>
        <instance_geometry url="#mesh-a2250427-6a0d-42b9-ab0d-3890db4840f8-mesh" name="Mesh.017">
          <bind_material>
            <technique_common>
              <instance_material symbol="Material-外壳-material" target="#Material-外壳-material"/>
            </technique_common>
          </bind_material>
        </instance_geometry>
      </node>
      <node id="Mesh_016" name="Mesh.016" type="NODE">
        <matrix sid="transform">0.001 0 0 0 0 0.001 0 0 0 0 0.001 0 0 0 0 1</matrix>
        <instance_geometry url="#mesh-a16143ae-3eab-4643-aaf5-a3c42232ae2a-mesh" name="Mesh.016">
          <bind_material>
            <technique_common>
              <instance_material symbol="Material-外壳-material" target="#Material-外壳-material"/>
            </technique_common>
          </bind_material>
        </instance_geometry>
      </node>
      <node id="Mesh_015" name="Mesh.015" type="NODE">
        <matrix sid="transform">0.001 0 0 0 0 0.001 0 0 0 0 0.001 0 0 0 0 1</matrix>
        <instance_geometry url="#mesh-ab226288-4bd7-4f1e-a830-1a47f1bf9963-mesh" name="Mesh.015">
          <bind_material>
            <technique_common>
              <instance_material symbol="Material-外壳-material" target="#Material-外壳-material"/>
            </technique_common>
          </bind_material>
        </instance_geometry>
      </node>
      <node id="Mesh_014" name="Mesh.014" type="NODE">
        <matrix sid="transform">0.001 0 0 0 0 0.001 0 0 0 0 0.001 0 0 0 0 1</matrix>
        <instance_geometry url="#mesh-a9494743-8c28-4765-acb8-8cc346dbc0e4-mesh" name="Mesh.014">
          <bind_material>
            <technique_common>
              <instance_material symbol="Material-外壳-material" target="#Material-外壳-material"/>
            </technique_common>
          </bind_material>
        </instance_geometry>
      </node>
      <node id="Mesh_013" name="Mesh.013" type="NODE">
        <matrix sid="transform">0.001 0 0 0 0 0.001 0 0 0 0 0.001 0 0 0 0 1</matrix>
        <instance_geometry url="#mesh-a2fe9fda-d884-4b96-922c-084b58cf7dc9-mesh" name="Mesh.013">
          <bind_material>
            <technique_common>
              <instance_material symbol="Material-外壳-material" target="#Material-外壳-material"/>
            </technique_common>
          </bind_material>
        </instance_geometry>
      </node>
      <node id="Mesh_012" name="Mesh.012" type="NODE">
        <matrix sid="transform">0.001 0 0 0 0 0.001 0 0 0 0 0.001 0 0 0 0 1</matrix>
        <instance_geometry url="#mesh-afe1eac5-c3db-4214-ad1f-502337f75694-mesh" name="Mesh.012">
          <bind_material>
            <technique_common>
              <instance_material symbol="Material-外壳-material" target="#Material-外壳-material"/>
            </technique_common>
          </bind_material>
        </instance_geometry>
      </node>
      <node id="Mesh_011" name="Mesh.011" type="NODE">
        <matrix sid="transform">0.001 0 0 0 0 0.001 0 0 0 0 0.001 0 0 0 0 1</matrix>
        <instance_geometry url="#mesh-a9921446-3fb5-4731-8798-2dc199f35af7-mesh" name="Mesh.011">
          <bind_material>
            <technique_common>
              <instance_material symbol="Material-外壳-material" target="#Material-外壳-material"/>
            </technique_common>
          </bind_material>
        </instance_geometry>
      </node>
      <node id="Mesh_010" name="Mesh.010" type="NODE">
        <matrix sid="transform">0.001 0 0 0 0 0.001 0 0 0 0 0.001 0 0 0 0 1</matrix>
        <instance_geometry url="#mesh-adc7e117-0f8a-49a6-8a1e-aa66f5e2518f-mesh" name="Mesh.010">
          <bind_material>
            <technique_common>
              <instance_material symbol="Material-外壳-material" target="#Material-外壳-material"/>
            </technique_common>
          </bind_material>
        </instance_geometry>
      </node>
      <node id="Mesh_009" name="Mesh.009" type="NODE">
        <matrix sid="transform">0.001 0 0 0 0 0.001 0 0 0 0 0.001 0 0 0 0 1</matrix>
        <instance_geometry url="#mesh-a98a005a-6160-4ef7-a8ac-404cee03b6e5-mesh" name="Mesh.009">
          <bind_material>
            <technique_common>
              <instance_material symbol="Material-外壳-material" target="#Material-外壳-material"/>
            </technique_common>
          </bind_material>
        </instance_geometry>
      </node>
      <node id="Mesh_008" name="Mesh.008" type="NODE">
        <matrix sid="transform">0.001 0 0 0 0 0.001 0 0 0 0 0.001 0 0 0 0 1</matrix>
        <instance_geometry url="#mesh-a75c551a-134b-4e87-aafc-6180ae92ad7c-mesh" name="Mesh.008">
          <bind_material>
            <technique_common>
              <instance_material symbol="Material-外壳-material" target="#Material-外壳-material"/>
            </technique_common>
          </bind_material>
        </instance_geometry>
      </node>
      <node id="Mesh_007" name="Mesh.007" type="NODE">
        <matrix sid="transform">0.001 0 0 0 0 0.001 0 0 0 0 0.001 0 0 0 0 1</matrix>
        <instance_geometry url="#mesh-ab28f25c-250b-46fa-a15f-fad748ad72bb-mesh" name="Mesh.007">
          <bind_material>
            <technique_common>
              <instance_material symbol="Material-橡胶-material" target="#Material-橡胶-material"/>
            </technique_common>
          </bind_material>
        </instance_geometry>
      </node>
      <node id="Mesh_006" name="Mesh.006" type="NODE">
        <matrix sid="transform">0.001 0 0 0 0 0.001 0 0 0 0 0.001 0 0 0 0 1</matrix>
        <instance_geometry url="#mesh-bb952d41-f989-4c18-82c1-68bc15806a69-mesh" name="Mesh.006">
          <bind_material>
            <technique_common>
              <instance_material symbol="Material-外壳-material" target="#Material-外壳-material"/>
            </technique_common>
          </bind_material>
        </instance_geometry>
      </node>
      <node id="Mesh_005" name="Mesh.005" type="NODE">
        <matrix sid="transform">0.001 0 0 0 0 0.001 0 0 0 0 0.001 0 0 0 0 1</matrix>
        <instance_geometry url="#mesh-a7330da2-48d0-43cc-b120-7d38e34fd041-mesh" name="Mesh.005">
          <bind_material>
            <technique_common>
              <instance_material symbol="Material-外壳-material" target="#Material-外壳-material"/>
            </technique_common>
          </bind_material>
        </instance_geometry>
      </node>
      <node id="Mesh_004" name="Mesh.004" type="NODE">
        <matrix sid="transform">0.001 0 0 0 0 0.001 0 0 0 0 0.001 0 0 0 0 1</matrix>
        <instance_geometry url="#mesh-e719cbd6-fe46-4393-b083-719d14c7f1bf-mesh" name="Mesh.004">
          <bind_material>
            <technique_common>
              <instance_material symbol="Material-外壳-material" target="#Material-外壳-material"/>
            </technique_common>
          </bind_material>
        </instance_geometry>
      </node>
      <node id="Mesh_003" name="Mesh.003" type="NODE">
        <matrix sid="transform">0.001 0 0 0 0 0.001 0 0 0 0 0.001 0 0 0 0 1</matrix>
        <instance_geometry url="#mesh-a515a663-2f9a-4d77-b10d-f7f405bbc32e-mesh" name="Mesh.003">
          <bind_material>
            <technique_common>
              <instance_material symbol="Material-外壳-material" target="#Material-外壳-material"/>
            </technique_common>
          </bind_material>
        </instance_geometry>
      </node>
      <node id="Mesh_002" name="Mesh.002" type="NODE">
        <matrix sid="transform">0.001 0 0 0 0 0.001 0 0 0 0 0.001 0 0 0 0 1</matrix>
        <instance_geometry url="#mesh-a704c931-62cf-44b9-8d4e-387fe0c5bd1a-mesh" name="Mesh.002">
          <bind_material>
            <technique_common>
              <instance_material symbol="Material-外壳-material" target="#Material-外壳-material"/>
            </technique_common>
          </bind_material>
        </instance_geometry>
      </node>
      <node id="Mesh_001" name="Mesh.001" type="NODE">
        <matrix sid="transform">0.001 0 0 0 0 0.001 0 0 0 0 0.001 0 0 0 0 1</matrix>
        <instance_geometry url="#mesh-a8453fdd-184e-43e2-8f3b-85ed5161330d-mesh" name="Mesh.001">
          <bind_material>
            <technique_common>
              <instance_material symbol="Material-外壳-material" target="#Material-外壳-material"/>
            </technique_common>
          </bind_material>
        </instance_geometry>
      </node>
      <node id="Mesh" name="Mesh" type="NODE">
        <matrix sid="transform">0.001 0 0 0 0 0.001 0 0 0 0 0.001 0 0 0 0 1</matrix>
        <instance_geometry url="#mesh-f8c0a326-1cd2-43c6-99be-c5df9cac979b-mesh" name="Mesh">
          <bind_material>
            <technique_common>
              <instance_material symbol="Material-橡胶-material" target="#Material-橡胶-material"/>
            </technique_common>
          </bind_material>
        </instance_geometry>
      </node>
      <node id="View-Right" name="View-Right" type="NODE">
        <matrix sid="transform">-4.37114e-11 4.37114e-11 0.001 30.56814 0.001 0 4.37114e-11 0.02058622 0 0.001 -4.37114e-11 0.0337549 0 0 0 1</matrix>
        <instance_camera url="#View-Right-camera"/>
      </node>
      <node id="View-Left" name="View-Left" type="NODE">
        <matrix sid="transform">-4.37114e-11 -4.37114e-11 -0.001 -8.46651 -0.001 0 4.37114e-11 -0.01260386 0 0.001 -4.37114e-11 0.03536116 0 0 0 1</matrix>
        <instance_camera url="#View-Left-camera"/>
      </node>
      <node id="View-Top" name="View-Top" type="NODE">
        <matrix sid="transform">0.001 0 0 0.02700088 0 0.001 0 -0.09804676 0 0 0.001 36.84161 0 0 0 1</matrix>
        <instance_camera url="#View-Top-camera"/>
      </node>
      <node id="View-Perspective" name="View-Perspective" type="NODE">
        <matrix sid="transform">8.86209e-4 -7.00783e-5 4.57954e-4 0.3902024 4.63285e-4 1.34052e-4 -8.76012e-4 -0.5834049 -5.78352e-11 9.88493e-4 1.51264e-4 0.04327793 0 0 0 1</matrix>
        <instance_camera url="#View-Perspective-camera"/>
      </node>
    </visual_scene>
  </library_visual_scenes>
  <scene>
    <instance_visual_scene url="#Scene"/>
  </scene>
</COLLADA>