<?xml version="1.0" encoding="utf-8"?>
<COLLADA xmlns="http://www.collada.org/2005/11/COLLADASchema" version="1.4.1" xmlns:xsi="http://www.w3.org/2001/XMLSchema-instance">
  <asset>
    <contributor>
      <author>Blender User</author>
      <authoring_tool>Blender 3.2.2 commit date:2022-08-02, commit time:18:15, hash:bcfdb14560e7</authoring_tool>
    </contributor>
    <created>2024-04-19T14:47:46</created>
    <modified>2024-04-19T14:47:46</modified>
    <unit name="meter" meter="1"/>
    <up_axis>Z_UP</up_axis>
  </asset>
  <library_cameras>
    <camera id="View-Right-camera" name="Camera-Right">
      <optics>
        <technique_common>
          <orthographic>
            <xmag sid="xmag">1</xmag>
            <aspect_ratio>1.777778</aspect_ratio>
            <znear sid="znear">30261.59</znear>
            <zfar sid="zfar">30625.69</zfar>
          </orthographic>
        </technique_common>
      </optics>
      <extra>
        <technique profile="blender">
          <shiftx sid="shiftx" type="float">0</shiftx>
          <shifty sid="shifty" type="float">0</shifty>
          <dof_distance sid="dof_distance" type="float">10</dof_distance>
        </technique>
      </extra>
    </camera>
    <camera id="View-Left-camera" name="Camera-Left">
      <optics>
        <technique_common>
          <orthographic>
            <xmag sid="xmag">1</xmag>
            <aspect_ratio>1.777778</aspect_ratio>
            <znear sid="znear">8408.958</znear>
            <zfar sid="zfar">8773.061</zfar>
          </orthographic>
        </technique_common>
      </optics>
      <extra>
        <technique profile="blender">
          <shiftx sid="shiftx" type="float">0</shiftx>
          <shifty sid="shifty" type="float">0</shifty>
          <dof_distance sid="dof_distance" type="float">10</dof_distance>
        </technique>
      </extra>
    </camera>
    <camera id="View-Top-camera" name="Camera-Top">
      <optics>
        <technique_common>
          <orthographic>
            <xmag sid="xmag">1</xmag>
            <aspect_ratio>1.777778</aspect_ratio>
            <znear sid="znear">36787.16</znear>
            <zfar sid="zfar">36951.05</zfar>
          </orthographic>
        </technique_common>
      </optics>
      <extra>
        <technique profile="blender">
          <shiftx sid="shiftx" type="float">0</shiftx>
          <shifty sid="shifty" type="float">0</shifty>
          <dof_distance sid="dof_distance" type="float">10</dof_distance>
        </technique>
      </extra>
    </camera>
    <camera id="View-Perspective-camera" name="Camera-Perspective">
      <optics>
        <technique_common>
          <perspective>
            <xfov sid="xfov">50.88674</xfov>
            <aspect_ratio>1.777778</aspect_ratio>
            <znear sid="znear">504.5339</znear>
            <zfar sid="zfar">629.3674</zfar>
          </perspective>
        </technique_common>
      </optics>
      <extra>
        <technique profile="blender">
          <shiftx sid="shiftx" type="float">0</shiftx>
          <shifty sid="shifty" type="float">0</shifty>
          <dof_distance sid="dof_distance" type="float">10</dof_distance>
        </technique>
      </extra>
    </camera>
  </library_cameras>
  <library_effects>
    <effect id="Material-橡胶-effect">
      <profile_COMMON>
        <technique sid="common">
          <lambert>
            <emission>
              <color sid="emission">0 0 0 1</color>
            </emission>
            <diffuse>
              <color sid="diffuse">0 0 0 1</color>
            </diffuse>
            <reflectivity>
              <float sid="specular">0.322857</float>
            </reflectivity>
            <index_of_refraction>
              <float sid="ior">1.45</float>
            </index_of_refraction>
          </lambert>
        </technique>
      </profile_COMMON>
    </effect>
    <effect id="Material-橡胶环-effect">
      <profile_COMMON>
        <technique sid="common">
          <lambert>
            <emission>
              <color sid="emission">0 0 0 1</color>
            </emission>
            <diffuse>
              <color sid="diffuse">0 0 0 1</color>
            </diffuse>
            <reflectivity>
              <float sid="specular">0.322857</float>
            </reflectivity>
            <index_of_refraction>
              <float sid="ior">1.45</float>
            </index_of_refraction>
          </lambert>
        </technique>
      </profile_COMMON>
    </effect>
    <effect id="Material-外壳-effect">
      <profile_COMMON>
        <technique sid="common">
          <lambert>
            <emission>
              <color sid="emission">0 0 0 1</color>
            </emission>
            <diffuse>
              <color sid="diffuse">0.988235 0.988235 0.988235 1</color>
            </diffuse>
            <reflectivity>
              <float sid="specular">0.197605</float>
            </reflectivity>
            <index_of_refraction>
              <float sid="ior">1.45</float>
            </index_of_refraction>
          </lambert>
        </technique>
      </profile_COMMON>
    </effect>
  </library_effects>
  <library_images/>
  <library_materials>
    <material id="Material-橡胶-material" name="Material-橡胶">
      <instance_effect url="#Material-橡胶-effect"/>
    </material>
    <material id="Material-橡胶环-material" name="Material-橡胶环">
      <instance_effect url="#Material-橡胶环-effect"/>
    </material>
    <material id="Material-外壳-material" name="Material-外壳">
      <instance_effect url="#Material-外壳-effect"/>
    </material>
  </library_materials>
  <library_geometries>
    <geometry id="mesh-a2fa84d3-c511-429d-83b0-94eb7ee48360-mesh" name="mesh-a2fa84d3-c511-429d-83b0-94eb7ee48360">
      <mesh>
        <source id="mesh-a2fa84d3-c511-429d-83b0-94eb7ee48360-mesh-positions">
          <float_array id="mesh-a2fa84d3-c511-429d-83b0-94eb7ee48360-mesh-positions-array" count="180">-2.999966 28.54278 -79.60117 2.999968 28.54278 -73.00002 2.999968 28.54278 -79.60117 8.868791 27.29532 -73.00002 8.868791 27.29532 -79.60117 -8.868789 27.29532 -79.60117 -2.999966 28.54278 -73.00002 -8.868789 27.29532 -73.00002 14.35 24.85493 -73.00002 14.35 24.85493 -79.60117 -14.35 24.85493 -79.60117 -14.35 24.85493 -73.00002 19.20405 21.32825 -73.00002 19.20405 21.32825 -79.60117 -19.20405 21.32825 -79.60117 -19.20405 21.32825 -73.00002 23.21879 16.86944 -73.00002 23.21879 16.86944 -79.60117 -23.21879 16.86944 -79.60117 -23.21879 16.86944 -73.00002 26.21876 11.67335 -73.00002 26.21876 11.67335 -79.60117 -26.21875 11.67335 -79.60117 -26.21875 11.67335 -73.00002 28.07283 5.967064 -73.00002 28.07283 5.967064 -79.60117 -28.07283 5.967064 -79.60117 -28.07283 5.967064 -73.00002 28.7 -1.17215e-6 -73.00002 28.7 -1.17215e-6 -79.60117 -28.7 -1.17215e-6 -79.60117 -28.7 -1.17215e-6 -73.00002 28.07283 -5.967067 -73.00002 28.07283 -5.967067 -79.60117 -28.07283 -5.967067 -79.60117 -28.07283 -5.967067 -73.00002 26.21876 -11.67334 -73.00002 26.21876 -11.67334 -79.60117 -26.21875 -11.67334 -79.60117 -26.21875 -11.67334 -73.00002 23.21879 -16.86944 -73.00002 23.21879 -16.86944 -79.60117 -23.21879 -16.86944 -79.60117 -23.21879 -16.86944 -73.00002 19.20405 -21.32826 -73.00002 19.20405 -21.32826 -79.60117 -19.20405 -21.32826 -79.60117 -19.20405 -21.32826 -73.00002 14.35 -24.85493 -73.00002 14.35 -24.85493 -79.60117 -14.35 -24.85493 -79.60117 -14.35 -24.85493 -73.00002 8.868791 -27.29532 -73.00002 8.868791 -27.29532 -79.60117 -8.868789 -27.29532 -79.60117 -8.868789 -27.29532 -73.00002 2.999968 -28.54278 -73.00002 2.999968 -28.54278 -79.60117 -2.999966 -28.54278 -79.60117 -2.999966 -28.54278 -73.00002</float_array>
          <technique_common>
            <accessor source="#mesh-a2fa84d3-c511-429d-83b0-94eb7ee48360-mesh-positions-array" count="60" stride="3">
              <param name="X" type="float"/>
              <param name="Y" type="float"/>
              <param name="Z" type="float"/>
            </accessor>
          </technique_common>
        </source>
        <source id="mesh-a2fa84d3-c511-429d-83b0-94eb7ee48360-mesh-normals">
          <float_array id="mesh-a2fa84d3-c511-429d-83b0-94eb7ee48360-mesh-normals-array" count="177">-0.1045286 0.994522 0 0.1045289 0.9945219 0 0.1045287 0.994522 0 0.3090172 0.9510565 0 0.3090173 0.9510564 0 -0.3090173 0.9510564 0 -0.1045287 0.9945219 0 -0.3090172 0.9510565 0 0.5000002 0.8660253 0 -0.5 0.8660255 0 -0.5000001 0.8660254 0 0.6691305 0.743145 0 0.6691303 0.7431452 0 -0.6691308 0.7431447 0 -0.6691309 0.7431446 0 0.8090168 0.5877856 0 0.8090167 0.5877856 0 -0.8090168 0.5877857 0 -0.8090166 0.587786 0 0.9135458 0.4067361 0 0.9135454 0.4067367 0 -0.9135456 0.4067366 0 -0.9135455 0.4067366 0 0.9781478 0.2079114 0 0.9781476 0.2079119 0 -0.9781478 0.2079113 0 -0.9781476 0.2079115 0 1 0 0 1 0 0 -1 -1.71695e-7 0 -1 2.0508e-7 0 0.9781476 -0.2079119 0 0.9781476 -0.2079115 0 -0.9781476 -0.2079117 0 -0.9781478 -0.2079113 0 0.9135456 -0.4067364 0 0.9135457 -0.406736 0 -0.9135457 -0.4067364 0 -0.9135457 -0.4067361 0 0.8090171 -0.5877853 0 0.8090173 -0.587785 0 -0.8090171 -0.5877852 0 -0.8090171 -0.5877851 0 0.6691309 -0.7431446 0 0.6691308 -0.7431447 0 -0.6691306 -0.7431449 0 -0.6691309 -0.7431446 0 0.5 -0.8660255 0 0.4999997 -0.8660256 0 -0.5000004 -0.8660253 0 -0.5000005 -0.8660252 0 0.3090171 -0.9510565 0 0.3090172 -0.9510565 0 -0.3090167 -0.9510566 0 -0.3090167 -0.9510567 0 0.1045283 -0.9945219 0 0.1045283 -0.994522 0 -0.1045283 -0.9945219 0 -0.1045284 -0.994522 0</float_array>
          <technique_common>
            <accessor source="#mesh-a2fa84d3-c511-429d-83b0-94eb7ee48360-mesh-normals-array" count="59" stride="3">
              <param name="X" type="float"/>
              <param name="Y" type="float"/>
              <param name="Z" type="float"/>
            </accessor>
          </technique_common>
        </source>
        <vertices id="mesh-a2fa84d3-c511-429d-83b0-94eb7ee48360-mesh-vertices">
          <input semantic="POSITION" source="#mesh-a2fa84d3-c511-429d-83b0-94eb7ee48360-mesh-positions"/>
        </vertices>
        <triangles material="Material-橡胶-material" count="60">
          <input semantic="VERTEX" source="#mesh-a2fa84d3-c511-429d-83b0-94eb7ee48360-mesh-vertices" offset="0"/>
          <input semantic="NORMAL" source="#mesh-a2fa84d3-c511-429d-83b0-94eb7ee48360-mesh-normals" offset="1"/>
          <p>0 0 1 1 2 2 1 1 3 3 2 2 3 3 4 4 2 2 5 5 6 6 0 0 6 6 1 1 0 0 5 5 7 7 6 6 3 3 8 8 4 4 8 8 9 8 4 4 10 9 7 7 5 5 10 9 11 10 7 7 8 8 12 11 9 8 12 11 13 12 9 8 14 13 11 10 10 9 14 13 15 14 11 10 12 11 16 15 13 12 16 15 17 16 13 12 18 17 15 14 14 13 18 17 19 18 15 14 16 15 20 19 17 16 20 19 21 20 17 16 22 21 19 18 18 17 22 21 23 22 19 18 20 19 24 23 21 20 24 23 25 24 21 20 26 25 23 22 22 21 26 25 27 26 23 22 24 23 28 27 25 24 28 27 29 28 25 24 30 29 27 26 26 25 30 29 31 30 27 26 28 27 32 31 29 28 32 31 33 32 29 28 34 33 31 30 30 29 34 33 35 34 31 30 32 31 36 35 33 32 36 35 37 36 33 32 38 37 35 34 34 33 38 37 39 38 35 34 36 35 40 39 37 36 40 39 41 40 37 36 42 41 39 38 38 37 42 41 43 42 39 38 40 39 44 43 41 40 44 43 45 44 41 40 46 45 43 42 42 41 46 45 47 46 43 42 44 43 48 47 45 44 48 47 49 48 45 44 50 49 47 46 46 45 50 49 51 50 47 46 48 47 52 51 49 48 52 51 53 52 49 48 54 53 51 50 50 49 54 53 55 54 51 50 52 51 56 55 53 52 56 55 57 56 53 52 58 57 55 54 54 53 58 57 59 58 55 54 56 55 59 58 57 56 59 58 58 57 57 56</p>
        </triangles>
      </mesh>
    </geometry>
    <geometry id="mesh-a11cedac-09ea-49e3-8033-2e4449e1e0ce-mesh" name="mesh-a11cedac-09ea-49e3-8033-2e4449e1e0ce">
      <mesh>
        <source id="mesh-a11cedac-09ea-49e3-8033-2e4449e1e0ce-mesh-positions">
          <float_array id="mesh-a11cedac-09ea-49e3-8033-2e4449e1e0ce-mesh-positions-array" count="168">-7.62795e-7 3.435998 -28.19997 -6.275092 3.435998 -27.49294 -7.62795e-7 9.436003 -28.19997 -6.275092 9.436003 -27.49294 6.275087 9.436003 -27.49294 12.23552 9.436003 -25.40732 6.275087 3.435998 -27.49294 -12.23552 3.435998 -25.40732 -12.23552 9.436003 -25.40732 17.58242 9.436003 -22.04764 12.23552 3.435998 -25.40732 -17.58241 3.435998 -22.04764 -17.58241 9.436003 -22.04764 22.04765 9.436003 -17.58242 17.58242 3.435998 -22.04764 -22.04765 3.435998 -17.58242 -22.04765 9.436003 -17.58242 25.40732 9.436003 -12.23552 22.04765 3.435998 -17.58242 -25.40732 3.435998 -12.23552 -25.40732 9.436003 -12.23552 27.49297 9.436003 -6.27512 25.40732 3.435998 -12.23552 -27.49297 3.435998 -6.27512 -27.49297 9.436003 -6.27512 28.2 9.436003 -2.55093e-6 27.49297 3.435998 -6.27512 -28.2 3.435998 -2.55093e-6 -28.2 9.436003 -2.55093e-6 27.49297 9.436003 6.275115 28.2 3.435998 -2.55093e-6 -27.49297 3.435998 6.275115 -27.49297 9.436003 6.275115 25.40732 9.436003 12.23552 27.49297 3.435998 6.275115 -25.40732 3.435998 12.23552 -25.40732 9.436003 12.23552 22.04765 9.436003 17.58242 25.40732 3.435998 12.23552 -22.04765 3.435998 17.58242 -22.04765 9.436003 17.58242 17.58242 9.436003 22.04764 22.04765 3.435998 17.58242 -17.58241 3.435998 22.04764 -17.58241 9.436003 22.04764 12.23552 9.436003 25.40731 17.58242 3.435998 22.04764 -12.23552 3.435998 25.40731 -12.23552 9.436003 25.40731 6.275087 9.436003 27.49294 12.23552 3.435998 25.40731 -6.275092 3.435998 27.49294 -6.275092 9.436003 27.49294 -7.62788e-7 9.436003 28.20003 6.275087 3.435998 27.49294 -7.62788e-7 3.435998 28.20003</float_array>
          <technique_common>
            <accessor source="#mesh-a11cedac-09ea-49e3-8033-2e4449e1e0ce-mesh-positions-array" count="56" stride="3">
              <param name="X" type="float"/>
              <param name="Y" type="float"/>
              <param name="Z" type="float"/>
            </accessor>
          </technique_common>
        </source>
        <source id="mesh-a11cedac-09ea-49e3-8033-2e4449e1e0ce-mesh-normals">
          <float_array id="mesh-a11cedac-09ea-49e3-8033-2e4449e1e0ce-mesh-normals-array" count="153">2.26727e-7 0 -1 -0.2225192 0 -0.9749283 -1.71835e-7 0 -1 -0.2225195 0 -0.9749283 0.2225191 0 -0.9749283 0.4338825 0 -0.9009695 0.2225195 0 -0.9749283 -0.4338829 0 -0.9009693 -0.433883 0 -0.9009693 0.6234894 0 -0.7818318 0.4338827 0 -0.9009694 -0.6234894 0 -0.7818318 -0.6234895 0 -0.7818318 0.7818312 0 -0.6234903 0.6234894 0 -0.7818319 -0.781831 0 -0.6234904 -0.7818312 0 -0.6234904 0.9009686 0 -0.4338846 0.7818313 0 -0.6234902 -0.9009686 0 -0.4338843 -0.9009686 0 -0.4338843 0.9749279 0 -0.2225213 0.9009686 0 -0.4338846 -0.9749279 0 -0.2225213 1 0 0 -1 0 0 -1 0 0 0.9749279 0 0.2225213 1 0 0 -0.9749279 0 0.2225213 -0.9749279 0 0.2225213 0.9009686 0 0.4338846 0.9749279 0 0.2225213 -0.9009686 0 0.4338843 0.7818312 0 0.6234902 -0.7818311 0 0.6234903 -0.7818312 0 0.6234902 0.6234893 0 0.7818319 0.7818313 0 0.6234901 -0.6234894 0 0.7818319 -0.6234896 0 0.7818316 0.4338822 0 0.9009696 0.6234896 0 0.7818317 -0.4338827 0 0.9009695 -0.4338827 0 0.9009694 0.2225239 0 0.9749273 0.4338824 0 0.9009696 -0.222524 0 0.9749273 0 0 1 0.222524 0 0.9749273 0 0 1</float_array>
          <technique_common>
            <accessor source="#mesh-a11cedac-09ea-49e3-8033-2e4449e1e0ce-mesh-normals-array" count="51" stride="3">
              <param name="X" type="float"/>
              <param name="Y" type="float"/>
              <param name="Z" type="float"/>
            </accessor>
          </technique_common>
        </source>
        <vertices id="mesh-a11cedac-09ea-49e3-8033-2e4449e1e0ce-mesh-vertices">
          <input semantic="POSITION" source="#mesh-a11cedac-09ea-49e3-8033-2e4449e1e0ce-mesh-positions"/>
        </vertices>
        <triangles material="Material-橡胶环-material" count="56">
          <input semantic="VERTEX" source="#mesh-a11cedac-09ea-49e3-8033-2e4449e1e0ce-mesh-vertices" offset="0"/>
          <input semantic="NORMAL" source="#mesh-a11cedac-09ea-49e3-8033-2e4449e1e0ce-mesh-normals" offset="1"/>
          <p>0 0 1 1 2 2 1 1 3 3 2 2 4 4 0 0 2 2 5 5 6 6 4 4 6 6 0 0 4 4 1 1 7 7 3 3 7 7 8 8 3 3 9 9 10 10 5 5 10 10 6 6 5 5 7 7 11 11 8 8 11 11 12 12 8 8 13 13 14 14 9 9 14 14 10 10 9 9 11 11 15 15 12 12 15 15 16 16 12 12 17 17 18 18 13 13 18 18 14 14 13 13 15 15 19 19 16 16 19 19 20 20 16 16 21 21 22 22 17 17 22 22 18 18 17 17 19 19 23 23 20 20 23 23 24 23 20 20 25 24 26 21 21 21 26 21 22 22 21 21 23 23 27 25 24 23 27 25 28 26 24 23 29 27 30 28 25 24 30 28 26 21 25 24 27 25 31 29 28 26 31 29 32 30 28 26 33 31 34 32 29 27 34 32 30 28 29 27 31 29 35 33 32 30 35 33 36 33 32 30 37 34 38 31 33 31 38 31 34 32 33 31 35 33 39 35 36 33 39 35 40 36 36 33 41 37 42 38 37 34 42 38 38 31 37 34 39 35 43 39 40 36 43 39 44 40 40 36 45 41 46 42 41 37 46 42 42 38 41 37 43 39 47 43 44 40 47 43 48 44 44 40 49 45 50 46 45 41 50 46 46 42 45 41 47 43 51 47 48 44 51 47 52 47 48 44 53 48 54 49 49 45 54 49 50 46 49 45 51 47 55 50 52 47 55 50 53 48 52 47 55 50 54 49 53 48</p>
        </triangles>
      </mesh>
    </geometry>
    <geometry id="mesh-af70735e-33a2-411b-b108-c49b61af9f17-mesh" name="mesh-af70735e-33a2-411b-b108-c49b61af9f17">
      <mesh>
        <source id="mesh-af70735e-33a2-411b-b108-c49b61af9f17-mesh-positions">
          <float_array id="mesh-af70735e-33a2-411b-b108-c49b61af9f17-mesh-positions-array" count="8736">-6.313727 28.30436 -81.5 -7.62801e-7 29 -79.60117 -7.62802e-7 29 -81.5 6.029441 28.36628 -79.60117 6.029441 28.36628 -81.5 -6.313727 28.30436 -79.60117 11.79536 26.49282 -79.60117 11.79536 26.49282 -81.5 -12.32455 26.25082 -81.5 -12.32455 26.25082 -79.60117 17.04578 23.46149 -79.60117 17.04578 23.46149 -81.5 -17.7441 22.93789 -81.5 -17.7441 22.93789 -79.60117 21.5512 19.40479 -79.60117 21.5512 19.40479 -81.5 -22.31238 18.52451 -81.5 -22.31238 18.52451 -79.60117 25.11474 14.5 -79.60117 25.11474 14.5 -81.5 -25.81022 13.22242 -81.5 -25.81022 13.22242 -79.60117 27.58064 8.961491 -79.60117 27.58064 8.961491 -81.5 -28.06981 7.285981 -81.5 -28.06981 7.285981 -79.60117 28.84114 3.031327 -79.60117 28.84114 3.031327 -81.5 -28.98275 1.000001 -81.5 -28.98275 1.000001 -79.60117 28.84114 -3.031326 -79.60117 28.84114 -3.031326 -81.5 -28.06981 -7.285984 -81.5 -28.98275 -0.9999995 -79.60117 -28.98275 -0.9999995 -81.5 -28.06981 -7.285984 -79.60117 27.58064 -8.961492 -79.60117 27.58064 -8.961492 -81.5 -25.81022 -13.22242 -81.5 -25.81022 -13.22242 -79.60117 25.11474 -14.5 -79.60117 25.11474 -14.5 -81.5 -22.31238 -18.52451 -81.5 -22.31238 -18.52451 -79.60117 21.5512 -19.40479 -79.60117 21.5512 -19.40479 -81.5 -17.7441 -22.93789 -81.5 -17.7441 -22.93789 -79.60117 17.04578 -23.46149 -79.60117 17.04578 -23.46149 -81.5 -12.32455 -26.25082 -81.5 -12.32455 -26.25082 -79.60117 11.79536 -26.49282 -79.60117 11.79536 -26.49282 -81.5 -6.313727 -28.30436 -81.5 -6.313727 -28.30436 -79.60117 6.029441 -28.36628 -79.60117 6.029441 -28.36628 -81.5 -7.62802e-7 -29 -81.5 -7.62801e-7 -29 -79.60117 2.712078 22.33595 -81.5 -6.313727 28.30436 -81.5 -7.62802e-7 29 -81.5 6.029441 28.36628 -81.5 7.97861 21.03787 -81.5 6.029441 28.36628 -81.5 11.79536 26.49282 -81.5 -2.712072 22.33595 -81.5 -12.32455 26.25082 -81.5 12.78145 18.51714 -81.5 11.79536 26.49282 -81.5 17.04578 23.46149 -81.5 -7.978611 21.03787 -81.5 -17.7441 22.93789 -81.5 16.84149 14.92026 -81.5 17.04578 23.46149 -81.5 21.5512 19.40479 -81.5 -12.78146 18.51714 -81.5 -22.31238 18.52451 -81.5 19.92276 10.45627 -81.5 21.5512 19.40479 -81.5 25.11474 14.5 -81.5 -16.84149 14.92026 -81.5 -25.81022 13.22242 -81.5 -19.92276 10.45627 -81.5 -28.7 1.000001 -81.5 -16.84149 14.92026 -81.5 -28.98275 1.000001 -81.5 -28.06981 7.285981 -81.5 21.84619 5.3846 -81.5 27.58064 8.961491 -81.5 -21.84619 5.3846 -81.5 28.84114 3.031327 -81.5 22.5 -1.17215e-6 -81.5 -22.5 -1.17215e-6 -81.5 -28.7 -0.9999995 -81.5 28.84114 -3.031326 -81.5 21.84619 -5.384603 -81.5 -21.84619 -5.384603 -81.5 -19.92276 -10.45627 -81.5 -28.06981 -7.285984 -81.5 -28.98275 -0.9999995 -81.5 27.58064 -8.961492 -81.5 19.92276 -10.45627 -81.5 -19.92276 -10.45627 -81.5 -25.81022 -13.22242 -81.5 25.11474 -14.5 -81.5 16.84149 -14.92026 -81.5 -16.84149 -14.92026 -81.5 -22.31238 -18.52451 -81.5 21.5512 -19.40479 -81.5 12.78145 -18.51714 -81.5 -12.78146 -18.51714 -81.5 -17.7441 -22.93789 -81.5 17.04578 -23.46149 -81.5 7.97861 -21.03787 -81.5 -7.978611 -21.03787 -81.5 -12.32455 -26.25082 -81.5 11.79536 -26.49282 -81.5 2.712078 -22.33595 -81.5 -2.712072 -22.33595 -81.5 -6.313727 -28.30436 -81.5 6.029441 -28.36628 -81.5 -7.62802e-7 -29 -81.5 2.999968 28.54278 -79.60117 6.029441 28.36628 -79.60117 -7.62801e-7 29 -79.60117 -2.999966 28.54278 -79.60117 -6.313727 28.30436 -79.60117 8.868791 27.29532 -79.60117 -8.868789 27.29532 -79.60117 11.79536 26.49282 -79.60117 -12.32455 26.25082 -79.60117 14.35 24.85493 -79.60117 -14.35 24.85493 -79.60117 17.04578 23.46149 -79.60117 -17.7441 22.93789 -79.60117 19.20405 21.32825 -79.60117 -19.20405 21.32825 -79.60117 21.5512 19.40479 -79.60117 -22.31238 18.52451 -79.60117 23.21879 16.86944 -79.60117 -23.21879 16.86944 -79.60117 25.11474 14.5 -79.60117 -25.81022 13.22242 -79.60117 26.21876 11.67335 -79.60117 -26.21875 11.67335 -79.60117 27.58064 8.961491 -79.60117 -28.06981 7.285981 -79.60117 28.07283 5.967064 -79.60117 -28.07283 5.967064 -79.60117 28.84114 3.031327 -79.60117 -28.98275 1.000001 -79.60117 28.7 -1.17215e-6 -79.60117 -28.7 1.000001 -79.60117 -28.7 -1.17215e-6 -79.60117 28.84114 -3.031326 -79.60117 28.07283 -5.967067 -79.60117 -28.7 -0.9999995 -79.60117 -28.07283 -5.967067 -79.60117 -28.7 -1.17215e-6 -79.60117 -28.98275 -0.9999995 -79.60117 -28.06981 -7.285984 -79.60117 27.58064 -8.961492 -79.60117 26.21876 -11.67334 -79.60117 -26.21875 -11.67334 -79.60117 -25.81022 -13.22242 -79.60117 25.11474 -14.5 -79.60117 23.21879 -16.86944 -79.60117 -23.21879 -16.86944 -79.60117 -22.31238 -18.52451 -79.60117 21.5512 -19.40479 -79.60117 19.20405 -21.32826 -79.60117 -19.20405 -21.32826 -79.60117 -17.7441 -22.93789 -79.60117 17.04578 -23.46149 -79.60117 14.35 -24.85493 -79.60117 -14.35 -24.85493 -79.60117 -12.32455 -26.25082 -79.60117 11.79536 -26.49282 -79.60117 8.868791 -27.29532 -79.60117 -8.868789 -27.29532 -79.60117 -6.313727 -28.30436 -79.60117 6.029441 -28.36628 -79.60117 2.999968 -28.54278 -79.60117 -2.999966 -28.54278 -79.60117 -7.62801e-7 -29 -79.60117 -2.330855 28.88278 -69.99993 -7.628e-7 28.99997 -70 -7.628e-7 29 -73.00002 2.739906 28.87028 -69.99993 2.858608 28.85265 -69.99993 6.214968 28.32621 -73.00002 -6.214966 28.32621 -73.00002 -5.18312 28.50255 -69.99987 -2.909508 28.85368 -69.99993 2.15889e-5 28.8938 -68.53694 -2.388277 28.67725 -67.90376 2.15889e-5 28.72704 -67.86764 2.928286 28.62949 -67.91479 -5.310029 28.29494 -67.96759 5.824542 28.19559 -67.97946 5.763195 28.42159 -69.99987 2.15889e-5 28.47524 -66.85704 -2.421834 28.00116 -65.97549 -5.3828 27.62807 -66.08087 2.969324 27.95607 -65.99361 -5.931002 28.38705 -69.99987 1.41384e-5 28.03369 -65.92041 6.209805 28.30622 -69.99987 -6.211427 28.31284 -69.99987 8.464068 27.72388 -69.99976 8.722774 27.65705 -69.99976 12.14113 26.33615 -73.00002 -7.98348 27.84391 -69.99976 -12.14113 26.33615 -73.00002 -10.70465 26.91188 -69.99982 -8.885135 27.60531 -69.99976 -8.173381 27.61579 -68.03704 8.657641 27.46966 -68.0492 -8.279876 26.94525 -66.19668 5.903787 27.52893 -66.10072 1.41384e-5 27.71619 -65.24688 -2.43383 26.89267 -64.20964 -5.408392 26.53929 -64.33851 2.983994 26.85177 -64.23158 1.41384e-5 26.9216 -64.1377 11.39813 26.46107 -68.1206 11.1537 26.74693 -69.99982 -8.315237 25.86806 -64.48197 -10.94805 26.64874 -68.1088 -11.08062 25.96316 -66.31684 8.769199 26.79725 -66.21701 5.931451 26.44273 -64.36306 -11.12023 24.88979 -64.63129 1.41384e-5 26.70047 -63.82901 -11.74122 26.51685 -69.99987 -5.390176 25.05755 -62.73532 -2.425761 25.3846 -62.5962 2.974144 25.34865 -62.61962 11.53418 25.77197 -66.3367 8.805714 25.7212 -64.50725 11.58513 26.5854 -69.99982 1.41384e-5 25.40479 -62.51228 -12.13216 26.31847 -69.99987 -13.60557 25.40566 -68.18009 -13.7553 24.69554 -66.43659 12.12963 26.31315 -69.99987 -8.284689 24.40971 -62.89202 14.01836 25.18188 -68.19117 13.73368 25.51109 -70 5.911238 24.96534 -62.76208 14.3186 25.21862 -70 17.50312 23.1223 -73.00002 -13.32014 25.7157 -69.99993 -17.50312 23.1223 -73.00002 -15.80447 24.26702 -69.99993 -14.46711 25.13372 -70 -13.79272 23.61905 -64.77994 -11.07389 23.45112 -63.05504 14.16997 24.46708 -66.45537 11.57388 24.69848 -64.65596 8.772708 24.26646 -62.91968 -16.11932 23.90078 -68.24922 -16.27675 23.15893 -66.55276 1.41384e-5 25.32154 -62.4277 -2.399684 23.52333 -61.12045 -5.332709 23.22721 -61.26118 2.942271 23.49279 -61.14394 2.15889e-5 23.49497 -61.01078 16.49249 23.64646 -68.25948 16.17929 24.0283 -69.99993 -8.195241 22.61191 -61.42068 5.848154 23.14066 -61.28842 -13.7265 22.196 -63.21609 11.52452 23.26263 -63.08192 14.20639 23.38946 -64.80319 -16.30515 22.07352 -64.92323 16.65023 22.89918 -66.57005 -10.95096 21.68577 -61.58543 -17.03196 23.47153 -69.99987 8.677623 22.47423 -61.44881 16.89336 23.57149 -69.99993 -18.46454 22.15072 -68.31533 -18.62006 21.37205 -66.66333 17.48437 23.09885 -69.99987 18.46709 22.31293 -69.99982 18.79645 21.87151 -68.32474 -16.2148 20.66203 -63.36927 -2.358214 21.36517 -59.76307 -5.241723 21.10319 -59.90052 2.90395e-5 21.34122 -59.68833 2.891592 21.34031 -59.78596 -17.48741 23.10289 -69.99987 -13.56821 20.46167 -61.74535 14.13658 21.96847 -63.24112 16.67663 21.81192 -64.94451 11.39584 21.50251 -61.61231 -8.055584 20.52731 -60.05567 -18.63267 20.27321 -65.05823 5.748472 21.02329 -59.92716 19.28057 21.66238 -69.99982 22.05177 18.83399 -73.00002 -18.13347 22.57995 -69.99987 -22.05177 18.83399 -73.00002 -20.28441 20.67097 -69.99987 -19.40746 21.54876 -69.99982 18.95087 21.087 -66.679 -10.76289 19.64333 -60.21297 8.529625 20.39668 -60.0828 -16.01924 18.9564 -61.89376 -20.61829 20.17446 -68.37792 -20.76247 19.35554 -66.76716 -18.51403 18.86955 -63.51083 16.58217 20.40182 -63.39174 13.97243 20.23886 -61.76985 20.90801 19.87595 -68.38638 18.96055 19.98581 -65.07725 -13.33183 18.46216 -60.36109 20.57524 20.38161 -69.99993 11.19974 19.46713 -60.23824 -20.75266 18.23983 -65.18328 2.90395e-5 21.10247 -59.54177 -2.24191 16.41473 -57.30641 -4.986797 16.22484 -57.43224 2.74942 16.40128 -57.32775 -7.666834 15.73942 -57.56617 3.64901e-5 17.30245 -57.65087 21.04981 19.05107 -66.78117 5.469388 16.15979 -57.45584 -21.56772 19.38643 -70 -18.27949 17.1898 -62.02639 -10.24503 14.95766 -57.69038 -15.73479 16.99901 -60.4927 18.83736 18.58297 -63.5305 16.38069 18.70031 -61.9151 8.118316 15.62559 -57.5884 21.45322 19.51306 -70 -20.60177 16.84078 -63.63892 13.72833 18.24611 -60.38326 -22.55959 17.99264 -68.43669 -22.68323 17.13152 -66.86389 21.03625 17.9327 -65.20009 22.80684 17.6803 -68.44431 22.02578 18.81274 -70 -12.6899 13.88515 -57.79249 10.66089 14.79908 -57.70898 -22.0289 18.81552 -70 -22.64464 15.99657 -65.29814 22.92699 16.81332 -66.87641 -17.94743 15.27275 -60.60332 -20.32676 15.18406 -62.14118 22.48348 18.2529 -70 23.38775 17.14685 -70 25.57572 13.6705 -73.00002 -22.23636 18.55869 -70 -25.57572 13.6705 -73.00002 -23.97024 16.26357 -69.99993 -23.48846 17.00863 -70 16.08884 16.74922 -60.51099 18.5969 16.90677 -62.04432 20.88045 16.53402 -63.65585 -14.97445 12.53301 -57.86443 13.06701 13.68672 -57.80602 -22.45786 14.59951 -63.75312 -24.26962 15.62768 -68.492 -24.36417 14.72394 -66.95408 22.88401 15.6756 -65.31286 24.47476 15.30686 -68.49885 3.64901e-5 16.35144 -57.23965 -19.94783 13.30504 -60.69094 24.17354 15.9472 -69.99993 -24.29132 13.56862 -65.40316 -17.07507 10.91705 -57.90174 18.25782 14.99546 -60.61757 20.59956 14.88032 -62.15584 -22.14121 12.96319 -62.23792 24.56492 14.39758 -66.96517 15.31077 12.30024 -57.8723 22.69209 14.27859 -63.76749 2.90395e-5 11.63377 -55.19981 -2.104804 11.07506 -55.00561 -4.685138 10.94919 -55.11749 2.58164 11.07085 -55.02558 -25.14797 14.44227 -69.99987 -7.207197 10.55505 -55.22108 5.139097 10.89856 -55.13686 -24.06602 12.17177 -63.85409 25.06257 14.58997 -69.99987 -9.635446 9.883522 -55.29839 24.48723 13.23955 -65.41598 -25.73179 13.10424 -68.54397 -25.7895 12.1591 -67.03788 7.632277 10.45896 -55.2364 25.8958 12.78013 -68.55011 25.54334 13.65387 -69.99987 -18.97051 9.056732 -57.90293 -21.71647 11.11968 -60.75543 20.214 13.00646 -60.70131 17.36942 10.65581 -57.904 -11.93974 8.933417 -55.33684 22.3697 12.64483 -62.24954 10.02728 9.744509 -55.30751 -25.67791 10.98361 -65.49889 -23.70773 10.55366 -62.31749 -25.46906 13.80793 -69.99987 25.9484 11.82998 -67.04778 24.25676 11.84261 -63.86619 -14.09431 7.710388 -55.32837 -25.54619 13.65556 -69.99987 12.2953 8.755259 -55.33856 25.6292 13.4867 -69.99987 26.45895 11.8711 -69.99987 26.83645 10.89502 -69.99993 27.9112 7.871776 -73.00002 -26.5283 11.71531 -69.99987 -27.9112 7.871776 -73.00002 -27.61402 8.858099 -70.00006 -26.71815 11.21568 -69.99993 -26.93197 10.44879 -68.59273 -25.41271 9.586267 -63.94267 -20.64202 6.974375 -57.86878 25.83172 10.65202 -65.51004 -26.94593 9.465262 -67.11549 21.93884 10.80592 -60.76229 19.22232 8.773014 -57.89995 -23.23953 8.743241 -60.79823 27.05637 10.12632 -68.59815 23.89309 10.22671 -62.32643 -16.07662 6.225815 -55.269 14.4116 7.497756 -55.32235 -25.01414 7.984912 -62.38103 -26.79215 8.271299 -65.58555 25.56147 9.25459 -63.95262 27.06471 9.138502 -67.12413 2.90395e-5 10.99745 -54.91418 -27.85873 7.689184 -68.63797 -22.07822 4.695891 -57.80179 -1.974121 5.891366 -52.62357 -4.395352 5.80488 -52.71321 2.421423 5.890949 -52.64062 2.90395e-5 6.615719 -52.94734 -26.48673 6.873956 -64.01914 -6.764301 5.488543 -52.77795 -17.86632 4.495634 -55.15808 4.821546 5.765601 -52.72687 27.56139 9.020529 -70.00006 23.41945 8.420392 -60.80204 20.85185 6.674191 -57.86127 16.35446 5.983955 -55.25553 26.90573 7.942496 -65.59503 -9.04843 4.922359 -52.79977 -24.5062 6.205572 -60.82094 7.163881 5.408866 -52.78492 -27.82296 6.672239 -67.18642 25.15803 7.655224 -62.38771 27.94562 7.372929 -68.64268 27.78363 8.197016 -70.00006 -11.21996 4.095799 -52.76609 9.417385 4.802814 -52.79797 -26.05041 5.28883 -62.42943 -27.62452 5.463159 -65.66262 26.59555 6.545222 -64.02725 27.9039 6.352587 -67.19381 -19.44558 2.53954 -54.99751 -13.25494 3.006591 -52.66934 -27.70522 8.512049 -70.00006 18.10413 4.230103 -55.13793 11.55545 3.938539 -52.7547 -23.27101 2.250998 -57.70493 -27.87639 7.862597 -70.00006 24.64545 5.879594 -60.82225 22.24768 4.385358 -57.79051 -27.2796 4.067673 -64.0834 27.8741 7.861763 -70.00006 -25.50766 3.539181 -60.82505 27.70029 5.142062 -65.67055 28.35769 6.069763 -70.00006 28.46154 5.418537 -70 28.9497 1.707255 -73.00002 -28.42047 5.723273 -70.00006 -28.39297 5.902557 -70.00006 -28.85648 2.881563 -69.99993 -28.9497 1.707255 -73.00002 -28.50359 4.854387 -68.6791 -15.13224 1.659616 -52.50615 -28.41322 3.811023 -67.24972 26.15494 4.961988 -62.43396 13.55506 2.815055 -52.64831 28.55552 4.548511 -68.68309 -20.8049 0.3817033 -54.79098 19.64396 2.256117 -54.9717 -28.16864 2.591907 -65.72908 3.64901e-5 5.82382 -52.52981 27.35099 3.746918 -64.08966 28.45906 3.502792 -67.25585 -16.83271 0.06575393 -52.27632 -24.21382 -0.3275287 -57.58136 15.39584 1.438136 -52.47593 -1.91822 3.516859 -51.33283 -4.270421 3.438472 -51.40489 2.352766 3.515801 -51.34714 25.60844 3.215759 -60.8241 23.40205 1.936151 -57.69068 3.64901e-5 3.700337 -51.4102 -6.572762 3.154194 -51.44531 4.684522 3.403364 -51.41473 -28.86116 1.974242 -68.71516 -8.794704 2.637162 -51.43601 -27.78588 1.201498 -64.13436 28.83902 3.051347 -69.99993 6.961299 3.081939 -51.44739 28.20951 2.282942 -65.73533 26.30233 0.4629928 -60.80848 -10.90992 1.870866 -51.36454 -28.71266 0.9134027 -67.30378 9.153872 2.527009 -51.42838 -21.93819 -1.949408 -54.54314 28.88115 1.68247 -68.71832 -18.33958 -1.759001 -51.98264 20.96556 0.08636593 -54.76058 17.05918 -0.1807187 -52.23799 -12.8955 0.8479345 -51.22351 -26.69168 -2.040209 -60.77999 -26.23743 0.7786068 -60.81134 11.23701 1.723948 -51.34642 -28.42164 -0.3090289 -65.78297 27.82283 0.8932899 -64.13877 3.64901e-5 3.461479 -51.25797 -24.90187 -3.004619 -57.43397 -1.871534 1.362412 -49.94422 -4.165352 1.286193 -49.99274 2.29533 1.359421 -49.9546 28.72664 0.6204087 -67.30849 4.39407e-5 1.358348 -49.9177 -6.411319 1.030481 -50.00424 -28.07628 -0.2576981 -5.090358 -28.17464 3.436177 -4.153671 -27.85783 3.43646 -6.176235 -27.19624 2.72915 -8.775834 -27.21622 3.436341 -8.602443 -12.58642 3.436184 -25.84857 -12.56619 1.848786 -26.09599 -14.20216 3.4364 -25.10286 -14.48913 1.924208 -25.14529 -14.52812 3.436341 -24.90509 -16.28642 1.855737 -24.07104 -16.34324 3.436035 -23.80383 -27.06698 3.436311 -9.16678 -26.85284 3.436236 -9.733859 -25.96932 3.435953 -12.07376 -26.76375 -4.797493 -10.5536 -11.56402 3.436058 -26.32046 -28.3386 3.436035 -3.106895 -10.52379 1.629947 -26.90816 -10.53564 3.435775 -26.66914 -1.822621 3.436028 -28.42379 -1.277366 1.34012 -28.4735 -2.634653 3.436043 -28.38987 -3.737376 3.43602 -28.23609 -16.61297 3.435991 -23.64022 -28.47007 -3.55439 -1.360359 -28.5 1.700381 -2.55093e-6 -28.49999 3.435998 -2.55093e-6 -1.306557 3.43602 -28.44536 -1.299501 3.27973 -28.47576 -3.80157e-5 2.806632 -28.50354 1.41384e-5 3.435998 -28.50002 -3.717058 2.079687 -28.28193 -5.835578 3.435976 -27.94361 1.306593 3.435998 -28.44572 1.821294 3.435998 -28.42432 1.299537 3.279744 -28.47576 2.618312 3.435998 -28.39118 1.277401 1.340131 -28.4735 3.737404 3.435998 -28.23591 3.717094 2.079698 -28.28193 5.81286 3.435998 -27.94785 6.086952 2.701639 -27.9178 6.100877 3.435998 -27.88037 8.371792 3.435998 -27.3487 8.369177 3.197118 -27.3844 8.885197 3.435998 -27.22848 9.870961 3.435998 -26.89427 8.370973 1.271083 -27.56888 10.52381 1.629951 -26.90816 10.5356 3.435998 -26.66897 11.56576 3.435998 -26.31974 12.56622 1.84879 -26.09599 12.58663 3.435998 -25.84911 14.48914 1.924208 -25.14529 14.17865 3.435998 -25.11513 14.52755 3.435998 -24.90396 16.3437 3.435998 -23.80461 16.28644 1.855733 -24.07104 16.60368 3.435998 -23.64725 17.95463 1.644454 -22.88741 18.02147 3.435998 -22.54921 19.49267 1.291743 -21.60531 18.86562 3.435998 -21.89541 19.58759 3.435998 -21.18975 20.90152 0.7994201 -20.23369 20.9667 3.435998 -19.84185 21.05439 3.435998 -19.73421 22.36877 3.435998 -18.12047 22.86995 3.435998 -17.50517 23.34002 -0.5885635 -17.25567 22.18316 0.1709859 -18.78125 23.57429 3.435998 -16.4128 24.55662 3.435998 -14.8893 24.37449 -1.473085 -15.66351 24.69003 3.435998 -14.624 25.65499 3.435998 -12.70491 25.28872 -2.475173 -14.01127 26.76375 -4.797501 -10.5536 25.95071 3.435998 -12.11685 26.85428 3.435998 -9.732846 27.19624 2.729143 -8.775834 27.05868 3.435998 -9.193543 27.21544 3.435998 -8.602026 28.07628 -0.2577056 -5.090358 27.85647 3.435998 -6.182911 28.17475 3.435998 -4.153731 28.47007 -3.554394 -1.360359 28.33885 3.435998 -3.107431 28.5 1.700355 -2.55093e-6 28.5 3.435998 -2.55093e-6 28.45057 3.435998 1.677809 -28.45057 3.435998 1.677809 28.50002 -13.63495 -2.55093e-6 28.50002 -13.58674 -2.55093e-6 28.50003 -21.79712 -2.55093e-6 28.50001 -5.042208 -2.55093e-6 27.42997 3.435998 7.736024 27.70138 -39.4 6.124971 28.16822 -39.4 3.353891 28.45057 -39.4 1.677809 28.22037 -39.4 3.044245 -28.50001 -5.042208 -2.55093e-6 -28.50002 -13.58674 -2.55093e-6 -28.50002 -13.63494 -2.55093e-6 -28.45057 -39.4 1.677809 -28.22034 -39.4 3.044424 -28.16822 -39.4 3.353891 -27.70136 -39.4 6.12509 -27.42997 3.435998 7.736024 25.13476 3.435998 13.43482 25.91371 -39.4 11.50077 26.85223 -39.4 9.17053 26.95231 -39.4 8.922039 27.42997 -39.4 7.736024 -26.95226 -39.4 8.922158 -26.85223 -39.4 9.17053 -25.91366 -39.4 11.50089 -25.13475 3.435998 13.43482 -27.42997 -39.4 7.736024 21.67157 3.435998 18.50927 24.80343 -39.4 13.9203 25.13476 -39.4 13.43482 -24.80337 -39.4 13.92036 -21.67157 3.435998 18.50927 -25.13475 -39.4 13.43482 21.88362 -39.4 18.19855 23.33105 -39.4 16.07769 17.20134 3.435998 22.72361 20.09282 -39.4 19.99765 21.67157 -39.4 18.50927 -18.23541 -39.4 21.74878 -17.20135 3.435998 22.72361 -20.09277 -39.4 19.99772 -23.33099 -39.4 16.07781 -21.88358 -39.4 18.19861 -21.67157 -39.4 18.50927 17.20134 -39.4 22.72361 18.23546 -39.4 21.74872 16.21919 -39.4 23.31233 11.93181 3.435998 25.88206 -17.20135 -39.4 22.72361 -16.21914 -39.4 23.31233 -13.97252 -39.4 24.65892 -11.9318 3.435998 25.88206 13.97256 -39.4 24.65892 8.99864 -39.4 26.86709 10.32203 -39.4 26.42268 11.64456 -39.4 25.97856 11.93181 -39.4 25.88206 6.107814 3.435998 27.83781 6.107814 -39.4 27.83781 6.217531 -39.4 27.80098 -11.64453 -39.4 25.97856 -10.32203 -39.4 26.42268 -6.107812 3.435998 27.83781 -11.9318 -39.4 25.88206 -7.62788e-7 3.435998 28.50002 2.156622 -39.4 28.26625 3.093219 -39.4 28.16468 4.541247 -39.4 28.00769 4.691607 -39.4 27.99141 -6.21751 -39.4 27.80098 -6.107812 -39.4 27.83781 -4.541242 -39.4 28.00769 -3.093209 -39.4 28.16468 -8.998612 -39.4 26.86709 -1.419843 -39.4 28.34612 -7.62788e-7 -39.4 28.50008 1.419849 -39.4 28.34612 -2.156609 -39.4 28.26625 -18.02078 3.435916 -22.54826 -6.08692 2.701632 -27.9178 -6.10102 3.435923 -27.88133 -19.5878 3.435894 -21.19017 -19.49266 1.291747 -21.60531 -20.97457 3.435953 -19.83315 -20.90151 0.7994238 -20.23369 -21.05471 3.435945 -19.73456 -25.28871 -2.475166 -14.01127 -25.65343 3.435945 -12.70378 -22.18315 0.1709933 -18.78125 -22.36798 3.435849 -18.11969 -24.69042 3.435938 -14.62442 -23.57431 3.435864 -16.41292 -23.34001 -0.5885561 -17.25573 -24.56695 3.435938 -14.87065 -24.37448 -1.473078 -15.66357 -8.369146 3.19711 -27.3844 -8.371697 3.435439 -27.34846 -17.95461 1.644457 -22.88741 -18.88513 3.435871 -21.87777 -22.88489 3.435812 -17.48407 -8.893018 3.435328 -27.22609 -8.370944 1.271079 -27.56888 4.569209 1.254505 -49.99774 -1.87027e-4 0.8996489 -28.51415 24.3087 -0.6409113 -57.5648 -8.58113 0.5605917 -49.96103 6.79054 0.9652439 -50.00079 28.86356 2.586241 -69.99993 -14.73116 -0.4309204 -51.0096 -28.85673 2.876489 -69.99993 -28.91505 1.705526 -69.99993 13.18868 0.6668817 -51.19497 27.77728 -7.479385 -6.943585 6.119809 0.7798251 -28.07009 -6.119781 0.7798176 -28.07009 -10.65002 -0.1467888 -49.85088 -28.00364 -1.689752 -64.17006 28.91004 1.705161 -69.99993 -19.6441 -3.793256 -51.62984 8.932173 0.4596065 -49.94726 28.00956 -1.981427 -64.17251 18.52944 -2.025076 -51.93752 -22.84047 -4.421854 -54.25936 3.785714 0.169425 -28.41121 -3.785682 0.1694138 -28.41121 -28.92937 -0.920893 -68.74466 -28.72096 -1.988449 -67.34616 22.06311 -2.250669 -54.50934 14.49466 0.08676081 -25.49374 -14.49464 0.08676081 -25.49374 -16.31114 -1.75072 -24.86009 -12.59619 -1.104755 -49.66646 17.9273 -2.007147 -23.68516 16.31116 -1.75072 -24.86009 12.60143 0.03041952 -26.43627 -12.60141 0.03041952 -26.43627 10.97032 -0.2835479 -49.82615 29 -1.17215e-6 -73.00002 -29 -1.17215e-6 -73.00002 -29 -1.17215e-6 -69.99993 29 -1.17215e-6 -69.99993 28.92082 -1.19535 -68.74693 -16.39839 -1.957999 -50.72278 -17.92728 -2.007143 -23.68522 19.42159 -2.398205 -22.4151 10.59291 -0.1690362 -27.2429 -10.59288 -0.1690399 -27.2429 14.98928 -0.6423381 -50.97127 4.39407e-5 -0.5333771 -48.4128 4.39407e-5 1.325967 -49.89195 4.4801 -0.6280888 -48.45572 1.387372 -0.5398591 -28.61011 -2.54083e-4 0.1296724 -28.51844 -1.387336 -0.5398703 -28.61011 -19.42157 -2.398201 -22.41516 20.79424 -2.919973 -21.05814 -4.084264 -0.5996202 -48.45667 -6.286205 -0.827824 -48.43378 8.478075 -0.5076689 -27.90439 -8.478047 -0.5076726 -27.90439 -26.8697 -4.880534 -60.72986 -8.415961 -1.251494 -48.35356 6.65821 -0.886177 -48.42407 -28.38448 -3.20593 -65.82112 26.72374 -2.343261 -60.77534 -14.40015 -2.317251 -49.40421 -20.79422 -2.919969 -21.05814 22.0465 -3.56668 -19.62275 6.269044 -0.973982 -28.4248 -6.269016 -0.9739895 -28.4248 -25.33248 -5.743583 -57.26493 12.88397 -1.275533 -49.63076 28.7067 -2.262947 -67.34931 -10.45043 -1.901199 -48.20407 24.96316 -3.31114 -57.41566 8.760884 -1.343475 -48.33335 -20.74076 -6.010631 -51.22417 -22.04649 -3.566672 -19.62281 23.18037 -4.3327 -18.1157 3.981336 -1.545948 -28.82826 -3.9813 -1.545956 -28.82826 -3.5094e-4 -0.9704096 -28.72777 14.57462 -1.629652 -25.93231 -14.5746 -1.629652 -25.93237 19.79895 -4.073167 -51.57942 -17.88099 -3.719618 -50.36587 12.72132 -1.646382 -26.8907 -12.7213 -1.646382 -26.8907 28.98707 -0.2728116 -70 28.9497 -1.707253 -73.00002 -28.91004 -1.70516 -70 -28.9497 -1.707253 -73.00002 -12.36891 -2.796089 -47.97757 10.75739 -1.801276 -27.72564 -10.75737 -1.801276 -27.72564 16.62085 -2.195207 -50.67581 -27.77728 -7.479382 -6.943645 -28.34462 -10.43893 -3.25686 28.9192 -1.705808 -70 10.76584 -2.028031 -48.17266 -27.93474 -4.571063 -64.18723 -23.50803 -7.000957 -53.94477 -16.04415 -3.780195 -49.0641 8.691638 -2.087833 -28.43559 -8.691607 -2.08784 -28.43559 4.39407e-5 -0.5357314 -48.41036 -3.455658 -2.143742 -46.78977 2.15889e-5 -2.094557 -46.80532 1.633911 -2.182902 -29.17588 -3.88193e-4 -2.419358 -29.315 -3.65841e-4 -1.159252 -28.76371 -1.633876 -2.182909 -29.17588 -23.18036 -4.332693 -18.11576 24.19814 -5.211236 -16.54315 -3.703763 -2.164007 -46.78327 -4.02954 -2.190617 -46.77469 -4.932725 -2.264385 -46.75096 2.231888 -2.133061 -46.79305 3.813013 -2.160338 -46.78434 4.419542 -2.216344 -46.76634 4.930756 -2.263547 -46.75114 22.93184 -4.723237 -54.22324 14.6543 -2.518916 -49.35831 -6.168716 -2.365341 -46.71854 -7.180181 -2.546382 -46.66072 6.569005 -2.426547 -46.69875 7.180831 -2.545034 -46.66096 7.55786 -2.61805 -46.63766 6.453282 -2.404136 -46.7059 6.535759 -2.487895 -29.03372 -6.535728 -2.487899 -29.03372 -14.15273 -3.945065 -47.67025 -8.305983 -2.747891 -46.59629 -9.9867 -3.252884 -46.43524 -8.330954 -2.752357 -46.59492 12.6531 -2.956943 -47.93507 9.982913 -3.260949 -46.43232 8.644275 -2.82845 -46.5706 -24.19814 -5.211228 -16.54315 25.10221 -6.194942 -14.91082 -4.304593 -2.96683 -29.55431 -14.7278 -3.209313 -26.46983 -16.58948 -4.898475 -25.95133 14.72782 -3.209313 -26.46983 12.92439 -3.162828 -27.47101 -12.92437 -3.162832 -27.47101 -26.7742 -7.705455 -60.65852 -28.84829 -2.876011 -70.00006 -28.44163 -4.862563 -67.3737 28.87015 -2.741323 -70.00006 28.81263 -3.128738 -70.00006 27.9112 -7.871774 -73.00002 -27.9112 -7.871774 -73.00002 -28.41315 -5.721998 -70 -28.83904 -3.051252 -70.00006 18.11855 -5.269126 -24.71709 16.5895 -4.898478 -25.95133 -19.17001 -5.696105 -49.94404 11.01542 -3.242989 -28.36925 -11.0154 -3.242993 -28.36925 -10.31515 -3.35217 -46.40359 -10.2565 -3.334441 -46.40925 -12.21712 -4.185331 -46.13722 -10.53099 -3.417418 -46.38278 -21.62494 -8.38069 -50.77267 -17.51256 -5.482504 -48.6489 26.87231 -5.166871 -60.72343 27.91344 -4.842838 -64.18753 -18.11853 -5.269123 -24.71709 19.5365 -5.755262 -23.40716 18.06824 -3.977449 -50.31169 12.17514 -4.183871 -46.13745 10.83445 -3.536073 -46.34434 10.62744 -3.469189 -46.36574 -25.50538 -8.506784 -57.07526 9.009339 -3.43932 -29.16998 -9.00931 -3.439323 -29.16998 -2.686099 -3.247862 -45.22276 6.68778e-6 -2.245033 -46.62025 1.10904 -2.676701 -46.06158 -4.361943 -2.497834 -46.37903 2.686127 -3.247869 -45.22276 -2.39181e-4 -3.39519 -30.02352 -3.58391e-4 -2.599732 -29.44595 2.016462 -3.465609 -30.05368 -2.016426 -3.465616 -30.05368 16.26406 -4.008585 -49.00909 -8.21338e-6 -2.369655 -46.46695 20.86242 -6.29851 -51.16994 28.40303 -5.115939 -67.37519 -7.294425 -3.996444 -44.40188 -15.7849 -5.347946 -47.28181 25.36308 -6.038358 -57.24531 -8.720749 -3.594995 -45.4573 -7.62797e-7 -3.462722 -44.85256 -19.53648 -5.755255 -23.40716 20.84301 -6.35364 -22.02648 4.275954 -3.80249 -44.3216 -25.1022 -6.194936 -14.91088 6.917163 -3.730376 -29.88798 2.532146 -4.438889 -31.1904 -6.91713 -3.730384 -29.88798 14.40459 -4.137476 -47.61732 7.384478 -2.657988 -46.51856 8.72077 -3.59501 -45.4573 -12.9048 -4.587443 -46.00859 -12.41694 -4.276333 -46.10813 -20.843 -6.353637 -22.02648 22.03876 -7.059825 -20.57904 12.49767 -4.339707 -46.08768 -2.53211 -4.438897 -31.1904 -23.93868 -9.650101 -53.60443 -27.88186 -7.678223 -67.38359 28.42129 -5.764597 -70 14.95101 -4.64628 -27.10384 13.20671 -4.511302 -28.17333 -13.20669 -4.511298 -28.17333 -14.95099 -4.64628 -27.10384 11.36231 -4.486689 -29.16378 -11.36229 -4.486689 -29.16378 3.64901e-5 -3.646997 -44.45851 -1.047292 -3.91812 -43.98185 -5.869497 -4.376778 -43.3352 1.04732 -3.918128 -43.98185 23.5683 -7.297003 -53.90733 -12.47942 -5.463378 -44.119 -11.33615 -5.536096 -43.08361 -4.03094e-4 -3.836454 -30.51698 -9.425622 -4.558997 -30.08431 10.0408 -4.545299 -44.32088 28.34462 -10.43894 -3.25686 -22.03875 -7.059822 -20.57904 23.12525 -7.867877 -19.0689 5.869522 -4.376785 -43.33514 1.6315e-4 -4.298409 -43.06543 -18.7957 -7.4064 -48.16365 7.406696 -4.707144 -30.94918 -7.406672 -4.707147 -30.94918 -5.317618 -4.901459 -31.77786 -17.25039 -6.99645 -46.81451 -20.25947 -7.862356 -49.46399 4.47522 -4.718015 -42.19562 -5.81908e-4 -4.29249 -31.02696 -4.475192 -4.718007 -42.19562 1.70601e-4 -4.360089 -42.93353 -14.14789 -5.380155 -45.75497 -13.98838 -5.278436 -45.78752 19.32348 -5.968937 -49.8842 17.69856 -5.732701 -48.58625 -10.17283 -5.613373 -42.05686 16.00389 -5.568196 -47.21958 14.23768 -5.464253 -45.72797 12.74834 -4.460824 -46.049 12.91794 -4.57509 -46.0124 14.13751 -5.396762 -45.74954 -13.58661 -5.401747 -45.18336 -5.44655e-4 -4.402512 -31.22872 -0.2709783 -4.773026 -31.8293 -23.12525 -7.867873 -19.06896 11.33616 -5.53611 -43.08361 9.60948e-5 -4.518514 -42.37777 -9.009687 -5.684619 -41.00198 7.452405 -4.998562 -42.23269 -4.03094e-4 -4.782599 -31.9258 0.2710141 -4.773022 -31.8293 -22.29301 -10.86972 -50.28314 3.172494 -5.106771 -32.59278 5.317649 -4.901455 -31.77786 -3.172462 -5.106775 -32.59278 -0.9844088 -5.295561 -33.40733 7.995128 -5.447113 -32.15808 11.791 -5.542544 -30.07895 15.23894 -5.943721 -27.82309 -7.9951 -5.447113 -32.15808 -11.79097 -5.542544 -30.07895 -15.23892 -5.943717 -27.82309 -3.139947 -5.00212 -40.92032 3.139979 -5.002124 -40.92032 -1.05071e-4 -4.957365 -40.83806 -27.5853 -7.407968 -64.18151 -26.41188 -10.47912 -60.56231 13.58662 -5.401769 -45.18336 -17.0936 -7.572414 -27.31419 7.995128 -5.447113 -32.15808 -5.989544 -5.458863 -33.16367 -4.96943 -5.341375 -39.85405 -7.868898 -5.736855 -39.87557 -6.772445 -5.756223 -38.63776 4.969461 -5.341379 -39.85405 21.71541 -8.670748 -50.71611 -3.28588e-4 -4.970224 -32.2699 0.9844444 -5.295561 -33.40733 -26.42411 -11.99041 -12.48026 24.9792 -9.764639 -15.876 27.47683 -14.49071 -8.924726 26.42412 -11.99041 -12.48026 26.75104 -7.9716 -60.65023 27.54089 -7.657242 -64.17955 -26.96574 -10.16868 -64.14974 -25.423 -11.25633 -56.8648 18.50627 -8.122021 -25.97028 17.09362 -7.572418 -27.31419 5.989573 -5.458863 -33.16367 -3.172462 -5.106775 -32.59278 -3.927668 -5.468266 -34.16234 -1.64676e-4 -5.036851 -40.27754 4.39407e-5 -5.335183 -33.62072 9.009711 -5.68463 -41.00198 -1.886883 -5.213024 -39.46036 -3.826686 -5.434175 -38.43754 1.886918 -5.213027 -39.46036 -3.4349e-4 -5.28339 -38.53882 3.927699 -5.468266 -34.16228 -1.19972e-4 -5.377897 -35.90399 27.82305 -7.908565 -67.38347 28.37172 -5.95645 -70 25.50846 -8.785529 -57.0547 -24.97919 -9.764632 -15.876 -3.06237e-4 -5.298862 -38.10752 -2.773248 -5.463088 -36.84914 -0.7318862 -5.340417 -37.80383 3.826714 -5.434179 -38.43749 0.7319219 -5.340417 -37.80377 -18.50625 -8.122014 -25.97028 -6.7818e-5 -5.399031 -35.3148 2.90395e-5 -5.340708 -33.76729 -1.72126e-4 -5.357215 -36.48055 2.773284 -5.463091 -36.84914 -5.739943 -5.729461 -37.26274 6.772472 -5.75623 -38.63776 -15.62101 -6.622982 -45.35777 -14.24126 -5.4397 -45.73596 -15.82388 -6.796961 -45.30215 -4.787319 -5.643533 -35.75385 4.787347 -5.643537 -35.75385 -15.57908 -8.123663 -42.25659 14.53732 -5.66613 -45.66336 14.59715 -6.743854 -43.78122 5.739971 -5.729464 -37.26268 8.671768 -5.99745 -33.43928 -6.757555 -5.82124 -34.6036 -8.67174 -5.997447 -33.43934 -10.51962 -6.194977 -32.26483 8.671768 -5.99745 -33.43928 -14.71737 -7.898816 -41.25559 -18.53825 -8.874783 -46.27323 -13.82516 -7.680488 -40.26103 12.59906 -6.581673 -41.72945 12.29242 -6.435254 -31.07459 -12.2924 -6.43525 -31.07464 15.83356 -6.842577 -45.28761 17.43665 -7.239857 -46.74447 -12.91525 -7.465245 -39.25538 -12.00319 -7.245549 -38.21599 10.52933 -6.436767 -39.65485 -19.88657 -9.52814 -47.61541 -28.35773 -6.069561 -70 -8.533263 -6.229085 -37.32347 8.533291 -6.229092 -37.32347 9.424813 -6.412746 -34.72185 10.24113 -6.739346 -35.95639 18.94898 -7.672911 -48.09511 -10.24111 -6.739338 -35.95644 -11.10604 -7.009306 -37.12112 -24.13191 -12.33143 -53.24232 -21.03582 -9.485559 -23.13835 21.03584 -9.485567 -23.13835 -13.98274 -6.736261 -29.85943 -15.58467 -7.112091 -28.60892 15.58468 -7.112098 -28.60886 27.87902 -7.863455 -69.99993 20.38081 -8.144369 -49.40009 -21.14433 -10.1888 -48.93345 23.97049 -9.935812 -53.5664 -27.87409 -7.861757 -70 -11.8886 -7.281093 -34.56134 12.00321 -7.245561 -38.21599 12.85599 -7.195914 -32.10992 13.46987 -7.856146 -33.15056 11.88863 -7.281099 -34.56134 -13.46984 -7.856139 -33.15056 13.82518 -7.680503 -40.26097 15.57909 -8.123686 -42.25659 -14.97999 -8.47031 -31.72803 13.42675 -8.098313 -36.71211 16.85776 -7.976589 -44.92539 16.17297 -7.150625 -45.1892 -17.18059 -8.57847 -44.31939 -16.86945 -7.975717 -44.92575 -17.31957 -8.483173 -44.76368 -17.09126 -8.225778 -44.84588 -22.74243 -13.44151 -49.76314 -14.12122 -8.445037 -34.17272 -14.7965 -8.986728 -35.16495 -23.16986 -11.18108 -20.11723 23.16987 -11.18108 -20.11723 -16.41507 -9.131243 -30.29233 15.97989 -8.168009 -29.43909 16.41509 -9.131251 -30.29227 14.98001 -8.470317 -31.72803 17.26782 -8.471178 -44.76744 18.69264 -9.135993 -46.19706 -15.48182 -9.499719 -36.12578 15.01363 -8.822077 -38.69707 14.79652 -8.986739 -35.16495 22.3545 -11.15642 -50.2255 -19.6398 -10.96063 -45.66497 -25.79413 -13.16969 -60.44013 -16.16383 -9.997101 -37.06098 -27.47682 -14.4907 -8.924726 28.15117 -17.21364 -5.270007 -19.0471 -10.61967 -27.36592 26.36699 -10.7225 -60.55224 26.90251 -10.39372 -64.14569 20.00857 -9.805192 -47.54269 -27.05222 -10.40681 -67.37459 -26.09002 -12.82474 -64.09132 -16.83052 -10.48679 -37.98086 16.5364 -9.535072 -40.62134 -25.09116 -13.95569 -56.6324 16.10969 -9.90684 -33.59121 -27.69909 -8.510255 -69.99993 -20.77921 -11.81903 -47.01251 27.6567 -8.723897 -69.99993 27.65507 -8.72826 -69.99993 25.57572 -13.6705 -73.00002 -25.57572 -13.6705 -73.00002 -26.71323 -11.21363 -70 -27.56144 -9.020363 -69.99993 -17.47191 -10.97174 -38.89728 26.97739 -10.61289 -67.37292 25.40197 -11.51545 -56.8434 17.18061 -8.578491 -44.31933 16.16385 -9.997116 -37.06098 -21.34419 -12.34171 -24.35321 21.3442 -12.34171 -24.35315 19.04711 -10.61968 -27.36592 18.65339 -11.91893 -40.76713 21.23541 -10.47419 -48.86717 -21.8205 -12.64222 -48.36119 -17.36364 -10.85756 -32.00293 -16.87993 -10.0218 -31.15094 17.36366 -10.85758 -32.00293 17.43615 -8.674224 -44.70259 -17.44286 -8.66613 -44.70515 -24.0891 -15.00664 -52.86145 -18.65338 -11.91891 -40.76719 18.53085 -10.33269 -44.17217 17.69786 -8.989879 -44.60174 -18.3881 -10.06877 -44.25651 26.65114 -11.40945 -70 25.87944 -13.2033 -67.34395 24.13813 -12.6024 -53.20436 17.47192 -10.97176 -38.89728 -18.67643 -10.49663 -44.1196 -17.85536 -11.65344 -32.84204 17.27478 -11.19854 -35.37673 -25.96615 -13.02205 -67.34675 -19.68273 -12.85369 -28.81086 19.7635 -11.23389 -45.58444 -18.3446 -12.42099 -33.66703 -20.54766 -13.22614 -44.99841 -22.97189 -16.05818 -49.22009 -24.91917 -13.17305 -16.90888 23.29703 -14.28479 -21.23756 26.21121 -18.73302 -14.60797 24.91327 -16.42408 -17.9947 20.87161 -12.10081 -46.93735 18.34461 -12.42101 -33.66697 22.77731 -13.71973 -49.70569 -18.82181 -13.1683 -34.48069 18.38648 -12.42834 -37.11069 -24.93569 -15.74903 -60.29326 -21.46872 -14.24632 -46.36437 19.07829 -11.2152 -43.88988 25.73171 -13.38867 -60.42856 26.01226 -13.02458 -64.08548 -24.97472 -15.35087 -64.00764 -28.46774 -20.10866 -1.591029 -28.15117 -17.21364 -5.270007 21.88336 -12.92542 -48.29401 -24.52046 -16.57329 -56.37997 -19.27877 -13.89964 -35.28947 -19.40906 -11.93189 -43.66082 -19.69337 -12.811 -42.76115 -21.72717 -14.97647 -25.61224 19.68274 -12.85371 -28.8108 25.04978 -14.19258 -56.61034 -22.28495 -15.18661 -47.75614 -19.79144 -12.68099 -43.42139 -19.50851 -12.12671 -43.59854 20.10838 -15.3171 -36.9283 -23.29702 -14.28478 -21.23756 19.27878 -13.89966 -35.28941 -26.45898 -11.87106 -70 19.40369 -11.93076 -43.66118 19.6185 -12.40313 -43.51026 20.64214 -13.50558 -44.91544 -23.81434 -17.63869 -52.46413 26.58494 -11.58624 -70 24.07277 -15.25913 -52.82396 25.54924 -13.65726 -70 -20.34809 -14.91382 -30.24173 -21.25576 -15.6389 -44.28357 -25.54335 -13.65388 -70 -20.10837 -15.31709 -36.92836 19.69338 -12.81103 -42.76115 -26.2112 -18.73302 -14.60797 27.2158 -21.19068 -11.08098 21.53344 -14.52714 -46.28849 -22.98137 -18.68096 -48.66058 21.72718 -14.97648 -25.61224 19.91157 -13.04756 -43.30427 -20.97975 -16.86367 -31.64149 20.3481 -14.91383 -30.24173 22.9827 -16.32333 -49.16388 -21.95137 -16.77404 -45.68118 -19.9256 -13.03928 -43.30689 -20.80581 -16.67152 -38.665 20.24817 -13.78774 -43.06769 20.80582 -16.67154 -38.665 -23.85354 -18.19236 -60.12506 -22.13656 -17.44901 -26.86524 22.32185 -15.46238 -47.6895 -24.63935 -15.50016 -67.30158 -23.63829 -17.72508 -63.90166 24.85991 -15.94276 -60.28068 24.88663 -15.52525 -64.00055 -20.42762 -14.38 -42.87845 -23.72439 -19.0811 -56.11205 -24.91326 -16.42407 -17.99476 24.54479 -15.65664 -67.29794 25.38886 -13.97798 -70 -20.78898 -15.34507 -42.57006 24.46264 -16.78634 -56.35792 -22.53579 -17.78395 -47.12719 20.52634 -14.65636 -42.79018 21.32276 -15.91873 -44.19995 -28.50004 -21.79712 -2.55093e-6 28.46774 -20.10866 -1.591029 -25.46532 -13.80581 -70 25.21789 -14.31986 -70.00006 22.05177 -18.83399 -73.00002 -22.05177 -18.83399 -73.00002 -23.38789 -17.14662 -70 -23.96762 -16.26158 -70 -25.06262 -14.5899 -70.00006 -21.52285 -18.73438 -33.03742 20.97976 -16.86369 -31.64149 -23.31614 -20.19585 -52.05632 23.77881 -17.86998 -52.42771 -21.75935 -18.16286 -43.5313 -23.68027 -19.99305 -23.53776 23.68027 -19.99306 -23.53776 22.13657 -17.44903 -26.86524 24.98248 -22.51932 -20.20788 23.88102 -16.40941 -70 -27.2158 -21.19067 -11.08098 27.93329 -23.78141 -7.44647 21.99049 -17.04856 -45.60608 -23.08921 -17.81996 -67.24155 21.06216 -16.32951 -42.25564 -22.52097 -19.80703 -28.08577 -22.77287 -21.27198 -48.09088 -22.22452 -19.36392 -44.97314 22.97079 -18.92909 -48.60634 21.52286 -18.73439 -33.03742 21.93233 -20.53614 -34.48945 -21.03709 -16.3263 -42.25672 -21.36773 -17.96657 -40.57473 -22.56605 -20.47838 -59.94052 22.5491 -18.04759 -47.06234 -22.10018 -19.92873 -63.77786 23.7684 -18.3607 -60.11212 23.54383 -17.87437 -63.89385 -21.54411 -18.33146 -41.6165 -21.15408 -16.78899 -42.10902 22.9906 -17.95225 -67.23744 -22.71823 -21.45411 -55.83441 21.14583 -16.59077 -42.17214 21.24266 -17.0641 -42.02086 21.80085 -18.43756 -43.44874 23.65398 -19.26944 -56.09059 -22.57225 -20.39508 -46.48274 21.36774 -17.96659 -40.57473 23.57069 -16.89447 -70 -24.98248 -22.51931 -20.20794 26.06838 -25.02101 -16.81298 -22.60549 -22.64945 -51.64588 -21.93233 -20.53612 -34.48945 22.17155 -22.27002 -36.07828 -22.05505 -20.7593 -42.75322 23.26496 -20.40422 -52.0218 -22.82745 -22.0777 -29.27935 22.52098 -19.80705 -28.08577 22.14225 -18.68049 -70 22.24031 -19.62727 -44.90024 21.54993 -18.5662 -41.54074 -22.23479 -18.55707 -70 -21.3342 -19.96296 -67.16991 -27.93329 -23.78141 -7.44647 28.35957 -26.48675 -3.765109 -23.85957 -22.66589 -24.64765 -22.35225 -23.79818 -47.52082 -21.09217 -22.58932 -59.74543 -22.28675 -21.97625 -44.25031 -20.37998 -21.94668 -63.64155 22.74385 -21.50016 -48.03956 22.4753 -20.62182 -59.92776 22.00298 -20.05387 -63.76981 21.23508 -20.07215 -67.16567 -21.69025 -19.31886 -41.30066 -22.17154 -22.27 -36.07834 -21.57788 -18.5596 -41.54355 21.75982 -19.59225 -41.21274 22.5645 -20.64249 -46.42058 -21.9685 -21.19886 -40.69931 -21.51831 -23.67044 -55.55368 22.63895 -21.61754 -55.81409 22.07321 -21.02383 -42.67329 -22.02577 -18.81274 -70 22.03208 -18.81824 -70 -22.39536 -22.98146 -45.83109 -26.06838 -25.021 -16.81298 26.96383 -27.50961 -13.31729 22.82746 -22.07772 -29.27935 22.99946 -24.26843 -30.48545 -21.45338 -19.51287 -69.99993 21.66163 -19.28143 -69.99993 20.1894 -20.76952 -70 17.50312 -23.1223 -73.00002 -17.50312 -23.1223 -73.00002 -19.28051 -21.66246 -70 -20.28376 -20.66997 -70 -21.69474 -24.97318 -51.24104 22.54213 -22.83388 -51.61393 -22.14081 -23.38779 -41.9612 -19.39333 -21.91354 -67.09052 21.78238 -19.70257 -41.17745 22.28163 -22.22418 -44.18081 21.9368 -21.1959 -40.69984 -23.96884 -25.24596 -25.71112 23.85958 -22.66591 -24.64765 -19.45052 -24.51105 -59.54611 -18.49667 -23.76734 -63.49885 20.99924 -22.7089 -59.73333 20.28335 -22.04908 -63.6338 19.29689 -22.00117 -67.08646 19.75416 -21.31869 -68.63547 -28.50004 -27.90088 -2.55093e-6 -28.35956 -26.48675 -3.765109 -21.72741 -26.2288 -46.96119 -22.13825 -24.57154 -43.52307 22.30795 -24.00441 -47.47332 -20.14127 -25.71161 -55.27658 -22.99946 -24.26841 -30.48551 22.97598 -26.3698 -31.78013 21.43361 -23.80941 -55.53502 22.36935 -23.20952 -45.77262 -21.97995 -21.27621 -40.67457 -22.14437 -24.28872 -39.71118 -22.0159 -21.93493 -40.46393 19.51211 -21.45409 -70 22.04089 -22.20269 -40.3778 22.13799 -23.63768 -41.88513 -26.96383 -27.5096 -13.31729 27.68294 -30.00651 -9.72474 22.22012 -23.92995 -37.88954 -22.22012 -23.92992 -37.8896 -22.0096 -25.50861 -45.1836 17.62413 -23.12283 -68.59142 18.04126 -22.65647 -70 -20.59709 -27.1434 -50.84992 21.62256 -25.1333 -51.2122 -18.13357 -22.57968 -70 -17.28562 -23.65919 -67.00808 28.50004 -27.90089 -2.55093e-6 -16.46788 -25.38301 -63.3561 -17.65855 -26.23311 -59.34876 -22.01617 -26.00753 -41.16702 17.19473 -23.72715 -67.0045 18.40349 -23.84881 -63.49176 19.35845 -24.60829 -59.53514 -23.9494 -27.73267 -26.74699 23.96885 -25.24597 -25.71112 23.94941 -27.73269 -26.74699 22.09159 -22.69292 -40.22097 22.11488 -24.80069 -43.45805 -22.69583 -28.06637 -33.54382 -22.97598 -26.36978 -31.78013 22.69115 -28.05908 -33.55581 -24.95536 -28.18631 -22.2674 25.83028 -30.89675 -18.85325 24.95537 -28.18632 -22.2674 -17.48437 -23.09885 -70 -18.60334 -27.56255 -55.00949 -20.90739 -28.53489 -46.42242 17.49043 -23.10676 -70 22.11109 -24.84871 -39.5323 20.05431 -25.8271 -55.26 21.67094 -26.41175 -46.91827 -21.78216 -27.11333 -42.80389 -16.8935 -23.57137 -70 17.14568 -23.38858 -70 15.71855 -24.3233 -70 12.14113 -26.33615 -73.00002 -12.14113 -26.33615 -73.00002 -14.31895 -25.21839 -70 -15.80517 -24.26761 -70 15.33498 -24.71004 -68.54731 21.96831 -25.71511 -45.12984 -22.13176 -25.13679 -39.44028 -22.13982 -24.59513 -39.61331 -15.41951 -24.65706 -68.54904 21.99494 -26.23914 -41.09615 -15.03005 -25.18962 -66.92666 -14.30988 -26.78943 -63.21943 -19.32604 -29.13947 -50.47989 14.94723 -25.24008 -66.92368 16.38069 -25.44573 -63.35008 -15.73169 -27.74966 -59.15946 -27.68293 -30.00651 -9.72474 28.19258 -32.53287 -6.069365 -21.42133 -27.94401 -44.55215 20.51923 -27.27947 -50.82458 17.56999 -26.30994 -59.33922 -22.12053 -25.89231 -39.19894 -22.40478 -27.19627 -35.62302 -22.59144 -27.75431 -34.28954 22.1137 -25.13766 -39.44004 22.33417 -26.93697 -36.28945 22.59514 -27.75728 -34.29103 -23.73135 -30.10813 -27.81278 23.73135 -30.10814 -27.81278 14.58879 -25.06325 -70 -16.91955 -29.21185 -54.75778 -21.68306 -28.5794 -40.384 18.51694 -27.65604 -54.99524 -12.98156 -26.03075 -68.50607 -12.64544 -26.49568 -66.84918 12.90727 -26.06788 -68.50469 13.24358 -25.75407 -70 21.74337 -27.32122 -42.74434 -19.90209 -30.68982 -45.914 -25.83027 -30.89674 -18.85325 26.62129 -33.41453 -15.41066 20.84178 -28.69392 -46.38457 22.12053 -25.89231 -39.19894 -12.03768 -27.98313 -63.09348 -13.32123 -25.7173 -70 12.57288 -26.53097 -66.84678 14.23083 -26.83571 -63.21448 -24.79998 -30.86739 -23.20129 24.79999 -30.86741 -23.20129 -13.68314 -29.05997 -58.98451 15.64891 -27.80837 -59.15153 -21.22339 -29.56673 -42.10543 -17.89484 -30.94409 -50.13711 21.17202 -29.75161 -42.05227 -12.12963 -26.31315 -70 12.13466 -26.32355 -70 19.24542 -29.25233 -50.45825 21.92148 -27.48072 -38.69116 -21.96621 -27.24903 -38.76525 -10.42427 -27.16175 -68.46553 -10.15077 -27.56936 -66.77747 10.36227 -27.1856 -68.46446 10.64011 -26.93505 -70 11.87003 -26.45945 -70 -20.63805 -30.2568 -43.94812 -15.10287 -30.65332 -54.52621 21.64613 -28.78993 -40.31933 16.83621 -29.28522 -54.74591 -11.58514 -26.58543 -70 6.214968 -28.32621 -73.00002 -6.214966 -28.32621 -73.00002 -8.722683 -27.65711 -70 -10.70593 -26.9146 -70 -22.74885 -28.22489 -33.16504 -22.91523 -28.72228 -31.97646 -23.40718 -29.87787 -29.45799 22.82432 -28.47765 -32.53609 22.743 -28.22206 -33.15878 23.60804 -30.39871 -28.29087 23.39351 -29.87285 -29.45292 -28.50008 -29.28719 -0.1056815 -28.19257 -32.53287 -6.069365 28.50008 -29.28719 -0.1056815 28.45611 -35.10482 -2.403739 -9.665837 -28.96113 -62.98119 10.09034 -27.59202 -66.77568 11.96864 -28.01538 -63.08966 -11.52468 -30.16436 -58.8289 13.60808 -29.103 -58.97832 -7.770185 -28.0409 -68.42822 9.019404 -27.56177 -70 21.59767 -30.06471 -37.86516 22.48262 -29.71126 -33.70088 -21.14509 -31.06559 -39.62535 -18.72195 -32.66985 -45.44408 -7.565656 -28.40395 -66.71268 7.72216 -28.05424 -68.42745 -21.6681 -29.86997 -37.92745 19.83026 -30.82494 -45.88151 -26.62129 -33.41453 -15.41066 27.31496 -35.79306 -11.91491 7.933154 -27.85484 -70 -16.31602 -32.54362 -49.82608 -7.209302 -29.72097 -62.88349 7.518894 -28.41666 -66.71137 9.608409 -28.98181 -62.97845 17.81412 -31.03509 -50.11922 -7.984717 -27.84773 -70 -23.9643 -31.17416 -26.6338 24.63922 -32.50796 -23.77314 24.05114 -31.30506 -26.34961 -13.16369 -31.88777 -54.3204 -22.48263 -29.71129 -33.70083 15.02467 -30.70895 -54.51668 -6.209799 -28.30622 -70 -5.042852 -28.66084 -68.39413 6.213008 -28.31894 -70 -28.50004 -29.65535 -2.55093e-6 28.47887 -39.4 0.7181142 28.50004 -29.65535 -2.55093e-6 -20.46806 -31.89852 -41.43983 -9.267674 -31.06357 -58.69532 11.45904 -30.19416 -58.8243 -4.910746 -28.99404 -66.65451 5.01009 -28.66664 -68.39359 -25.59643 -33.67204 -19.75149 25.59643 -33.67205 -19.75149 -5.763531 -28.42149 -70 6.068288 -28.35799 -70 5.148685 -28.5046 -70 -7.62801e-7 -29 -73.00002 -2.740302 -28.87023 -70 -5.184078 -28.5075 -70 -4.684278 -30.26084 -62.79922 4.878855 -28.99961 -66.65367 7.164857 -29.73261 -62.88164 23.30314 -31.82864 -28.94187 3.050356 -28.83912 -70 -2.266974 -29.01615 -68.36266 -21.64529 -30.07057 -37.86332 -2.208211 -29.33552 -66.6014 2.25035 -29.01748 -68.3623 20.40698 -32.05938 -41.3934 21.59581 -30.07949 -37.86046 21.09524 -31.25301 -39.56765 2.31342 -28.87799 -70 -2.331295 -28.8896 -70 -7.628e-7 -29 -70 6.68778e-6 -29.22103 -68.35306 -6.924041 -31.7589 -58.58385 9.21297 -31.08261 -58.6921 -2.109036 -30.57961 -62.72459 2.19202 -29.33684 -66.60092 4.653922 -30.26602 -62.79802 6.68778e-6 -29.46108 -66.56439 -11.11133 -32.9178 -54.14432 13.09248 -31.92818 -54.31319 -17.37768 -34.45463 -45.01891 -14.60045 -33.93019 -49.55006 18.64664 -32.78171 -45.41701 16.23758 -32.61457 -49.81166 -28.45611 -35.10482 -2.403739 6.68778e-6 -29.50447 -66.24108 6.68778e-6 -30.72353 -62.68334 2.09359 -30.58094 -62.72388 -20.4073 -33.43002 -38.90365 28.50005 -36.92512 -2.55093e-6 -28.45874 -39.4 1.400885 -28.50005 -36.92512 -2.55093e-6 22.23086 -31.88059 -33.07504 -22.23087 -31.88061 -33.07498 -23.02807 -33.98963 -28.40191 -23.30317 -31.8287 -28.94175 -4.507241 -32.25225 -58.49171 6.881579 -31.76961 -58.58171 -23.68629 -30.53351 -28.02902 -27.31496 -35.79305 -11.91491 27.87969 -38.09463 -8.362177 -21.57186 -30.71611 -37.65697 21.42778 -31.42038 -37.43184 -23.93095 -31.10821 -26.7765 23.66997 -30.52539 -28.01955 -8.955156 -33.74701 -53.99936 11.04877 -32.94551 -54.13914 -2.033264 -32.54634 -58.41279 4.478133 -32.25707 -58.4904 6.68778e-6 -31.00735 -61.85502 -7.62799e-7 -32.73485 -58.3989 2.018399 -32.54766 -58.41202 -12.75662 -35.1046 -49.31355 -18.39796 -36.07722 -40.24863 -19.52348 -34.07789 -40.81786 14.52634 -33.98348 -49.53891 -21.80642 -34.02848 -32.47142 -21.15624 -32.19957 -37.18287 19.45546 -34.21448 -40.7784 -24.63395 -32.49803 -23.76831 -25.52918 -34.26786 -19.93764 25.52302 -34.25172 -19.93001 25.22774 -33.71176 -21.19476 -26.07477 -35.26473 -17.57056 26.08479 -35.279 -17.52377 -15.8799 -36.02779 -44.64263 17.30146 -34.54446 -44.99704 -6.705515 -34.38032 -53.88415 -21.10361 -32.38741 -37.12279 -20.5678 -34.29985 -36.51154 8.902766 -33.76453 -53.99591 21.1775 -32.20265 -37.18186 21.05805 -32.57599 -37.06253 20.34734 -33.59312 -38.85335 -4.374673 -34.82421 -53.79367 6.664655 -34.3901 -53.88188 25.4288 -36.2934 -19.54472 23.02805 -33.98958 -28.40203 -25.42886 -36.2935 -19.54448 -24.98638 -38.44174 -19.20068 21.80641 -34.02846 -32.47148 -22.53952 -36.11377 -27.88753 -10.79263 -36.07062 -49.11912 -19.47614 -35.63932 -38.23006 12.68869 -35.14285 -49.30544 -1.977757 -35.08694 -53.71946 4.346534 -34.8286 -53.7923 -21.20258 -36.13287 -31.89898 -27.95367 -38.50944 -7.717493 -27.95921 -38.51852 -7.670583 -28.25314 -39.00133 -5.180421 -27.87968 -38.09462 -8.362236 28.32103 -39.10966 -4.172327 28.24112 -38.98049 -5.152526 28.17584 -38.87498 -5.953195 27.9529 -38.50785 -7.667425 -14.23844 -37.37921 -44.31748 6.68778e-6 -34.52673 -54.81404 1.963317 -35.08821 -53.71863 20.51244 -34.28131 -36.5175 15.80515 -36.09733 -44.6254 -17.1007 -37.87281 -39.73925 18.32569 -36.19 -40.21603 -8.71721 -36.83435 -48.96641 10.73258 -36.09647 -49.11351 -26.38657 -35.82622 -16.21443 -26.56031 -36.13907 -15.45888 -26.64358 -36.28288 -15.04779 27.18312 -37.21886 -12.44343 26.64042 -36.27697 -15.04487 26.44631 -35.94008 -15.9753 26.38941 -35.83605 -16.21902 -20.42417 -34.8125 -36.34775 -20.28931 -35.29386 -36.19385 20.29618 -34.95726 -36.3015 19.40884 -35.7777 -38.18739 -25.54515 -34.29944 -19.86933 -25.61097 -34.42956 -19.58764 25.53929 -34.28146 -19.86033 -6.540556 -37.40462 -48.85185 8.666649 -36.85039 -48.96277 -12.46147 -38.50844 -44.04688 14.16725 -37.43088 -44.30455 24.98633 -38.44163 -19.20092 22.5395 -36.11372 -27.88764 -24.21677 -40.47263 -18.87304 21.20257 -36.13285 -31.89904 -21.8443 -38.17579 -27.40675 -18.35936 -37.66366 -37.61435 -4.275058 -37.79351 -48.76834 6.371438 -40.63484 -43.55544 -15.64175 -39.44566 -39.29436 -8.21338e-6 -35.19143 -53.67273 17.0268 -37.96294 -39.71327 -1.936094 -38.0168 -48.70481 4.165321 -40.95882 -43.48237 19.84924 -36.35416 -35.85506 -8.21338e-6 -38.10665 -48.66725 -10.55759 -39.41972 -43.83195 -28.45377 -39.32373 -2.24829 -28.42988 -39.28535 -2.597335 -28.32202 -39.11202 -4.173698 28.50006 -39.4 -2.55093e-6 28.42827 -39.28313 -2.598884 28.4175 -39.26559 -2.988937 12.39579 -38.54495 -44.0377 26.49645 -38.30444 -14.81837 -20.40575 -38.1845 -31.3558 -19.78672 -36.32518 -35.86424 -18.83345 -38.28131 -35.23904 -19.44114 -37.03431 -35.63762 19.82118 -36.44188 -35.82698 19.40486 -37.18473 -35.58958 18.28748 -37.77772 -37.57918 -27.57979 -37.88653 -10.15061 -27.34692 -37.49747 -11.57594 -27.17321 -37.19748 -12.43341 27.84956 -38.33765 -8.462134 27.77401 -38.21325 -9.042922 27.58166 -37.88964 -10.15157 27.18845 -37.22811 -12.41786 -26.49652 -38.30456 -14.81807 -14.03144 -40.78351 -38.91641 -8.536631 -40.1215 -43.67066 -17.06603 -39.47764 -37.06426 10.49924 -39.44386 -43.82581 15.56867 -39.51491 -39.27428 24.21673 -40.47253 -18.87328 21.84428 -38.17574 -27.40687 20.40574 -38.18449 -31.35586 -20.94056 -40.16819 -26.95632 -25.94773 -40.44673 -14.57399 -6.410201 -40.62716 -43.55765 8.487306 -40.13607 -43.6669 -28.50005 -39.4 -2.55093e-6 -19.40815 -40.15004 -30.84427 18.80168 -38.26102 -35.24554 27.40899 -39.94371 -10.01483 -12.27982 -41.8837 -38.60784 -4.192174 -40.95555 -43.48362 13.96143 -40.83431 -38.90157 -27.40905 -39.94381 -10.01448 -17.67465 -40.1003 -34.6576 -18.44398 -39.08052 -34.98364 18.2672 -39.21472 -34.94066 -15.60649 -41.06118 -36.58522 -27.85488 -38.34612 -8.466962 17.77639 -40.09049 -34.6607 16.96425 -41.01459 -34.36536 -8.21338e-6 -41.17578 -43.39749 -27.89208 -38.40827 -8.239273 27.94208 -38.49004 -7.750573 21.44705 -42.18227 -22.609 20.94054 -40.16814 -26.95644 23.17731 -42.35744 -18.5622 -22.51737 -40.29953 -22.97813 -21.44707 -42.18235 -22.60882 19.40814 -40.15003 -30.84433 -19.83199 -42.06188 -26.53593 25.94767 -40.44662 -14.57429 -26.76403 -42.07895 -9.864393 27.76998 -40.57138 -7.570329 -27.77003 -40.57146 -7.569971 -25.0135 -42.42313 -14.33832 28.04767 -41.04304 -5.090001 -10.39814 -42.7504 -38.36853 -28.0477 -41.0431 -5.089583 12.21499 -41.91891 -38.59747 -18.19976 -41.99559 -30.36797 28.2272 -41.33766 -2.568367 -28.22722 -41.3377 -2.56789 28.4528 -40.15837 1.76263e-4 28.41982 -40.6876 3.55077e-4 -28.43162 -40.1648 2.35868e-4 -28.33813 -41.2098 5.93496e-4 -28.38529 -40.76201 1.340685 28.16513 -41.42433 2.923188 28.29281 -40.4448 3.035542 -28.1651 -41.4244 2.923307 -27.45643 -42.48091 5.820451 -27.7791 -40.58917 6.112454 -26.90445 -41.4797 8.843539 -26.03209 -40.15811 11.54631 -25.79873 -42.13916 11.3436 -24.79701 -40.68821 13.91697 -23.38284 -41.03922 16.10857 -21.80861 -41.23018 18.14008 -20.08408 -41.27083 20.02132 -18.21225 -41.16418 21.75522 -16.19001 -40.90713 23.33873 -14.00707 -40.48937 24.76156 -11.64175 -39.88924 26.00199 -8.912792 -41.13987 26.90941 -11.40181 -41.8637 25.79272 -6.186553 -40.17882 27.78894 -6.056957 -41.15642 27.67467 -3.091317 -39.95597 28.31477 -3.093209 -39.4 28.16468 -6.056957 -41.15642 27.67467 27.77914 -40.58911 6.112275 26.9045 -41.47966 8.84342 26.03214 -40.15808 11.54619 25.79878 -42.13913 11.34348 24.79707 -40.68819 13.91685 23.3829 -41.03921 16.10845 21.80867 -41.23017 18.14002 20.08414 -41.27083 20.02126 16.19006 -40.90713 23.33873 18.2123 -41.16418 21.75516 14.00711 -40.48938 24.76156 11.64179 -39.88924 26.00199 11.40185 -41.8637 25.79266 8.912823 -41.13988 26.90941 6.186574 -40.17882 27.78894 6.107814 -39.4 27.83781 4.702604 -39.57744 28.10788 4.691607 -39.4 27.99141 4.702604 -39.57744 28.10788 6.107814 -39.4 27.83781 4.541247 -39.4 28.00769 3.091327 -39.95597 28.31477 2.959303 -40.93115 28.19812 3.091327 -39.95597 28.31477 1.379534 -40.23398 28.42122 -3.091317 -39.95597 28.31477 -2.959289 -40.93115 28.19812 -2.156609 -39.4 28.26625 -1.379528 -40.23398 28.42122 5.13913e-5 -39.57297 28.47999 -8.399302 -43.39459 -38.19532 10.34044 -42.77302 -38.36185 -16.36709 -41.83352 -34.10358 -17.04507 -40.93482 -34.39087 16.29503 -41.77606 -34.12199 15.5404 -42.63471 -33.84757 3.41964e-4 -40.61717 28.3587 -13.7075 -42.40421 24.49262 13.70754 -42.40422 24.49262 26.76397 -42.07884 -9.86475 6.056978 -41.15643 27.67467 5.835801 -42.04246 27.4688 18.19975 -41.99559 -30.36797 -6.298096 -43.83494 -38.08129 8.350528 -43.40769 -38.19132 19.83198 -42.06184 -26.53605 -18.51766 -43.82786 -26.14624 24.50807 -42.61361 13.65852 -24.50802 -42.61363 13.65864 20.17819 -43.9445 -22.26407 -20.17821 -43.94457 -22.26389 -2.715022 -41.79408 27.96912 -21.91005 -44.1016 -18.26602 -23.17735 -42.35753 -18.56196 25.01346 -42.42302 -14.33862 -25.68403 -44.00562 -9.715858 -23.77984 -44.20325 -14.10717 -15.85644 -42.78797 23.03582 15.85648 -42.78797 23.03576 27.08653 -42.70236 -7.463517 -27.08657 -42.70244 -7.463159 26.48545 -43.27502 8.455036 27.45648 -42.48086 5.820272 -26.4854 -43.27506 8.455155 4.01569e-4 -40.84381 28.33235 2.715028 -41.79408 27.96912 -4.111474 -44.09864 -38.0156 6.259835 -43.84145 -38.07909 27.95443 -42.32083 2.727804 28.30698 -41.18926 3.55077e-4 23.05827 -42.929 15.81448 -23.05821 -42.92901 15.8146 -28.27771 -41.42985 5.33891e-4 -27.96816 -42.55928 0.9541486 -14.70694 -43.26361 -33.64658 -13.67448 -44.15299 -33.36239 -13.97098 -43.89758 -33.44399 14.72422 -43.26993 -33.64456 13.85398 -43.8819 -33.44894 15.39942 -42.79512 -33.79631 3.27063e-4 -41.58079 28.08666 -2.379045 -42.56532 27.64851 -17.86208 -43.02843 21.43568 17.86213 -43.02843 21.43568 -5.83578 -42.04246 27.46886 -16.76661 -43.69102 -29.92994 6.68778e-6 -42.30252 -41.46284 -7.62796e-7 -44.17663 -37.92799 4.085048 -44.10121 -38.01441 16.76659 -43.69101 -29.93 21.46345 -43.09936 17.82542 -21.46339 -43.09937 17.82548 27.33536 -43.1693 -5.023065 -27.3354 -43.16936 -5.022647 -15.5734 -42.51723 -33.88507 -10.8813 -43.55761 25.30283 -8.453207 -42.8947 26.48049 10.88133 -43.55761 25.30283 8.453234 -42.89471 26.48049 -19.73056 -43.13172 19.69844 19.73061 -43.13172 19.69838 28.25389 -41.42529 2.95472e-4 28.08727 -42.16607 2.95472e-4 28.03807 -42.3848 2.95472e-4 27.498 -43.45852 -2.537253 -27.49803 -43.45855 -2.536836 -27.93235 -42.6879 2.95472e-4 -28.07563 -42.16598 4.14682e-4 -27.66981 -43.14353 2.458689 -26.85687 -44.09577 5.251524 27.66986 -43.14347 2.45857 25.3162 -43.87096 10.89155 -25.31614 -43.87099 10.89161 2.379059 -42.56531 27.64851 2.74909e-4 -42.07444 27.92209 5.151964 -43.57304 26.81565 -13.15323 -44.06436 23.96899 13.15328 -44.06436 23.96899 -12.1659 -44.9141 -33.11909 -12.93236 -44.52742 -33.24271 -10.95581 -45.52463 -32.92394 12.28891 -44.98249 -33.09715 12.15092 -45.03564 -33.08016 10.95278 -45.49718 -32.93264 12.92352 -44.53622 -33.23978 18.51764 -43.82782 -26.14635 -16.98964 -45.44112 -25.78789 -7.716358 -44.37227 25.7743 -5.151943 -43.57304 26.81565 7.716386 -44.37227 25.7743 -18.72285 -45.56807 -21.94375 1.523509 -43.92419 26.82358 -7.52686e-5 -43.34662 27.22692 25.68398 -44.00552 -9.716216 23.98369 -44.30365 13.16481 -23.98363 -44.30367 13.16487 21.91002 -44.10152 -18.2662 20.45738 -45.69809 -17.9869 -20.4574 -45.69817 -17.98672 23.7798 -44.20315 -14.10747 -22.31424 -45.80059 -13.88079 27.53323 -43.53631 -2.55093e-6 -15.28502 -44.43096 22.49503 15.28507 -44.43097 22.49503 -24.28042 -45.69013 -9.562615 25.81981 -44.82379 7.820007 26.85692 -44.09572 5.251405 -25.81975 -44.82383 7.820126 -15.10562 -45.19242 -29.53923 4.226773 -44.86226 25.92111 -1.523496 -43.92419 26.82358 -4.226749 -44.86226 25.92111 22.50686 -44.59199 15.29371 -22.5068 -44.59201 15.29383 -27.52847 -43.5329 1.76263e-4 25.94888 -44.6083 -7.355811 -25.94892 -44.60838 -7.355453 -10.28161 -45.86478 -32.81516 -8.850486 -46.21406 -32.70352 8.83457 -46.31315 -32.67181 10.22162 -45.77883 -32.84258 -17.28422 -44.66498 20.88851 17.28428 -44.66498 20.88845 -10.117 -45.00772 24.56921 10.11704 -45.00773 24.56915 20.89552 -44.74585 17.28815 -20.89546 -44.74586 17.28821 -19.15413 -44.76971 19.15264 19.15419 -44.76971 19.15258 26.02463 -45.47784 4.449723 26.9167 -44.60471 1.736042 27.3501 -43.95407 -6.21556e-5 -26.91665 -44.60478 1.736162 -26.02457 -45.47789 4.449842 26.15458 -45.0585 -4.954042 -26.15462 -45.05857 -4.953566 15.1056 -45.19241 -29.53929 24.60693 -45.3761 10.2129 -24.60686 -45.37613 10.21301 0.5029656 -45.11805 25.83373 -1.05071e-4 -43.44071 27.17548 -8.281799 -46.35286 -32.65917 -6.577857 -46.76873 -32.52626 6.647355 -46.67424 -32.55642 8.249073 -46.40981 -32.64094 -3.13687e-4 -44.79462 26.1305 0.5029656 -45.11805 25.83373 27.33871 -43.97063 -6.21556e-5 26.29189 -45.33596 -2.504232 -27.32028 -43.96846 5.70537e-5 -26.29191 -45.33599 -2.503755 -27.21393 -44.19099 -2.55093e-6 -12.37608 -45.50163 23.2225 12.37613 -45.50163 23.2225 -6.763999 -45.63433 24.85257 6.764031 -45.63433 24.85257 16.98963 -45.4411 -25.78801 -15.24937 -46.86381 -25.4671 18.72283 -45.56802 -21.94387 -17.08045 -47.03815 -21.64883 -6.201204 -46.79212 -32.51881 -4.395139 -46.90432 -32.48292 4.951625 -46.95419 -32.46695 6.152338 -46.75596 -32.53031 23.24584 -45.7802 12.45761 -23.24577 -45.78022 12.45767 13.23283 -46.44993 -29.20699 3.143772 -45.99367 24.86873 -2.91335e-4 -44.93623 25.98661 -3.143743 -45.99367 24.86873 -0.5029448 -45.11806 25.83373 -18.8461 -47.14358 -17.72553 26.34519 -45.41606 -2.55093e-6 24.28038 -45.69004 -9.562973 -14.50363 -45.86399 21.74431 14.50368 -45.86399 21.74431 24.94092 -46.15932 6.971774 -24.94086 -46.15936 6.971893 -4.025002 -46.92731 -32.47554 -1.361281 -47.09278 -32.42261 4.003904 -46.98132 -32.45831 4.40055 -46.96997 -32.46194 22.31421 -45.80049 -13.88109 -20.68016 -47.22274 -13.66306 -13.23285 -46.44995 -29.20693 -7.62795e-7 -47.09595 -32.42165 -26.33974 -45.41197 5.70537e-5 -22.6444 -47.15394 -9.406093 21.75032 -46.04988 14.56785 -21.75026 -46.04989 14.56791 -9.155096 -46.26023 23.63795 9.155132 -46.26024 23.63795 -16.50374 -46.09893 20.13868 16.5038 -46.09893 20.13862 20.12698 -46.19173 16.5503 -20.12692 -46.19174 16.55036 25.00448 -46.6721 3.460226 25.96225 -45.86468 0.8122299 26.29376 -45.4909 -2.55093e-6 -26.22118 -45.57756 5.70537e-5 -25.96219 -45.86474 0.8124088 -25.00442 -46.67215 3.460345 24.47858 -46.25313 -7.241073 18.37805 -46.20798 18.40711 -18.37799 -46.20799 18.40716 23.69928 -46.68286 9.335933 -23.69921 -46.68289 9.335992 5.655809 -46.74052 23.77504 -5.655777 -46.74052 23.77504 -11.18465 -47.427 -28.94181 -1.94478e-4 -45.56855 25.34437 -11.41318 -46.75313 22.29029 11.41322 -46.75314 22.29023 11.18462 -47.42698 -28.94187 24.63464 -46.67157 -4.87751 -24.63467 -46.67162 -4.877093 15.24935 -46.86379 -25.46716 -13.31503 -48.05178 -25.19208 26.19922 -45.58817 -2.55093e-6 24.74302 -46.92702 -2.465966 -25.12697 -46.67765 -2.55093e-6 -26.20685 -45.59197 5.70537e-5 -24.74304 -46.92704 -2.465489 22.32 -47.06878 11.5624 -22.31994 -47.0688 11.56252 17.08043 -47.0381 -21.649 -15.25658 -48.32777 -21.38424 23.88406 -47.31686 5.945561 -23.88399 -47.3169 5.94568 -13.54387 -47.11865 20.81519 13.54392 -47.11865 20.81519 18.84608 -47.14352 -17.72577 -17.08328 -48.43642 -17.48425 -8.27192e-5 -46.29529 24.60617 25.1268 -46.69162 -6.21556e-5 -8.040493 -47.36005 22.55398 8.040532 -47.36005 22.55398 22.64437 -47.15387 -9.406451 -22.88529 -48.0363 -4.794719 20.68015 -47.22266 -13.66329 -18.91817 -48.48174 -13.45688 9.004094 -48.11782 -28.74619 20.81318 -47.32715 13.66138 -20.81311 -47.32716 13.66144 -20.85709 -48.41831 -9.251538 -15.54866 -47.35826 19.21427 15.54872 -47.35826 19.21421 24.98232 -46.84028 -6.21556e-5 -9.004121 -48.11784 -28.74613 -9.76203e-5 -46.39574 24.4773 0.6645836 -47.9433 22.45086 -1.94908 -47.01342 23.70477 19.18246 -47.46161 15.63638 -19.18239 -47.46162 15.63644 17.428 -47.47235 17.4877 -17.42794 -47.47235 17.48776 22.6221 -47.8201 8.289395 -22.62203 -47.82013 8.289514 22.88527 -48.03625 -4.795077 -10.30062 -47.85499 21.20834 10.30066 -47.85499 21.20834 -6.739192 -48.54547 -28.61607 -2.83885e-4 -47.71392 22.78644 6.739161 -48.54545 -28.61607 13.31501 -48.05176 -25.1922 -11.22255 -48.97258 -24.96964 22.67865 -48.32588 4.770813 23.83064 -47.71268 2.317068 24.73023 -47.03517 -6.21556e-5 24.7892 -46.98958 -6.21556e-5 -24.84794 -46.95817 -2.55093e-6 -23.83057 -47.71272 2.317188 -22.67858 -48.32591 4.770932 21.23189 -48.19508 10.50496 -21.23182 -48.1951 10.50502 3.120429 -48.63396 21.30097 -5.481706 -49.2301 20.05648 -3.120389 -48.63396 21.30097 -12.4364 -48.2256 19.73838 12.43646 -48.2256 19.73838 4.43784 -48.75844 -28.5421 -4.437876 -48.75847 -28.54204 15.25657 -48.32773 -21.38436 -13.2698 -49.40325 -21.15631 23.33289 -48.11548 -6.21556e-5 22.96748 -48.26165 -2.423468 -22.9675 -48.26167 -2.422991 -24.73801 -47.0402 -2.55093e-6 6.25086e-4 -48.71979 -28.45776 -0.6645479 -47.94331 22.45086 -2.76434e-4 -47.74427 22.73822 17.08327 -48.43636 -17.48443 -15.17811 -49.56314 -17.26753 -23.02104 -48.32145 -2.55093e-6 19.71958 -48.44796 12.59839 -19.71951 -48.44797 12.59845 14.44632 -48.47026 18.14246 -14.44625 -48.47027 18.14246 18.91816 -48.48168 -13.45712 -17.04238 -49.59026 -13.26555 20.93165 -48.86145 -7.00027 20.85707 -48.41825 -9.251836 -20.99877 -49.18496 -4.710796 -18.96983 -49.5099 -9.102825 21.40084 -48.81325 7.098792 -21.40077 -48.81328 7.098851 18.08606 -48.57963 14.57065 -18.086 -48.57964 14.57071 16.3292 -48.58796 16.41959 -16.32913 -48.58796 16.41959 5.481756 -49.2301 20.05648 -7.737418 -49.72063 18.70644 11.22253 -48.97255 -24.96976 -9.012853 -49.6221 -24.80185 22.96751 -48.33208 -6.21556e-5 23.01186 -48.30578 -6.21556e-5 22.52723 -48.62368 1.044271 21.34692 -49.20856 3.469762 -23.01178 -48.32836 -2.55093e-6 -22.52716 -48.62372 1.04439 -21.34685 -49.20859 3.469882 -2.46632e-4 -48.33003 21.80719 20.00414 -49.18174 9.307859 -20.00407 -49.18175 9.307918 7.737472 -49.72063 18.70644 -11.2074 -49.21101 18.54002 20.99875 -49.18492 -4.711213 13.26978 -49.40321 -21.15643 -11.15232 -50.23976 -20.97023 9.012825 -49.62208 -24.80197 -6.731135 -50.02277 -24.68652 18.49086 -49.43365 11.40034 -18.49078 -49.43366 11.4004 9.87663 -50.09459 17.23987 13.22029 -49.45865 16.94709 11.88911 -50.34189 15.64657 -13.22023 -49.45865 16.94709 21.05969 -49.37619 -2.37948 -21.46635 -49.20756 5.70537e-5 -22.9831 -48.34468 -2.55093e-6 20.05546 -49.68229 5.784032 -20.05538 -49.68231 5.784151 15.1781 -49.56309 -17.26771 -13.14829 -50.50316 -17.08061 -2.09379e-4 -49.22089 20.39122 21.46294 -49.22404 -2.55093e-6 18.96981 -49.50984 -9.103182 -19.03184 -50.1554 -4.628661 17.04237 -49.5902 -13.26579 -15.06483 -50.54877 -13.09383 16.85903 -49.56702 13.37427 -16.85897 -49.56702 13.37433 15.10373 -49.57691 15.22475 -15.10367 -49.57691 15.22481 -17.00201 -50.454 -8.964243 6.7311 -50.02274 -24.68664 -4.423317 -50.22079 -24.61731 21.21262 -49.37243 -2.55093e-6 0.001191318 -50.17681 -24.90103 4.423282 -50.22076 -24.61744 18.6548 -50.04682 7.989165 -18.65473 -50.04684 7.989225 17.00638 -50.98196 -4.552128 16.99583 -50.76278 -6.77407 17.00199 -50.45396 -8.964542 11.1523 -50.23972 -20.97041 -8.938486 -50.83544 -20.82783 17.14409 -50.30129 10.08421 -17.14401 -50.30131 10.08427 -20.85744 -49.55397 5.70537e-5 -21.10903 -49.41084 5.70537e-5 21.11355 -49.41788 -2.55093e-6 18.6932 -50.52807 -1.2176e-4 17.04653 -51.10218 2.836403 18.36596 -50.65642 0.5500887 -18.36587 -50.65645 0.5502079 -11.88905 -50.34189 15.64657 -9.876569 -50.0946 17.23987 -6.7818e-5 -50.11725 18.61817 2.588078 -50.76525 17.22413 -4.824572 -51.23661 15.85495 -2.588019 -50.76525 17.22413 13.14827 -50.50312 -17.08079 -11.02023 -51.24118 -16.92748 15.51827 -50.44067 12.06416 -15.5182 -50.44068 12.06422 13.76913 -50.45671 13.92078 -13.76906 -50.45672 13.92084 -17.0064 -50.98198 -4.551771 -18.64271 -50.51915 -2.55093e-6 15.06482 -50.54873 -13.09407 -13.00161 -51.35033 -12.94607 -14.96761 -51.26353 -8.840027 8.938461 -50.83541 -20.82795 -6.666236 -51.20998 -20.72764 15.64044 -51.46128 5.036113 -17.04644 -51.10221 2.836523 4.82463 -51.23661 15.85489 -6.954075 -51.60093 14.37866 6.666204 -51.20995 -20.72782 -4.375771 -51.40253 -20.66541 14.14147 -51.7275 7.142899 -15.64036 -51.46129 5.036173 6.95414 -51.60093 14.37866 -8.955566 -51.83724 12.77441 1.41384e-5 -50.62282 17.61818 -17.98959 -50.80378 -6.21556e-5 0.001280725 -50.26826 -24.57118 0.00237596 -51.37042 -20.59597 4.37574 -51.40248 -20.66553 11.0202 -51.24114 -16.92766 -8.819026 -51.77792 -16.80935 12.53897 -51.89019 9.146211 -14.14139 -51.72752 7.142959 8.955635 -51.83724 12.77441 -10.81591 -51.9324 11.029 10.81598 -51.93239 11.02894 -12.53889 -51.8902 9.146211 14.9676 -51.26349 -8.840326 13.0016 -51.35028 -12.94631 -10.87253 -51.98952 -12.82513 18.66369 -50.53851 -1.2176e-4 17.08818 -51.09575 -1.2176e-4 -12.88092 -51.94357 -8.733633 -1.05071e-4 -51.7903 14.68956 12.83731 -52.28169 -4.424813 12.8809 -51.94354 -8.733991 -17.09151 -51.10373 -6.21556e-5 8.819005 -51.77789 -16.80958 -6.572631 -52.129 -16.7253 15.59295 -51.6246 -1.2176e-4 -14.97872 -51.80938 -6.21556e-5 -12.83733 -52.28171 -4.424455 14.17667 -52.00132 -6.21556e-5 -14.17073 -52.01417 -6.21556e-5 6.572603 -52.12896 -16.72548 -4.313272 -52.32363 -16.67202 -1.12522e-4 -51.87024 14.48899 1.595444 -52.43625 12.68702 -5.29168e-5 -52.10546 13.69893 -3.700365 -52.77606 11.18624 -1.595379 -52.43625 12.68702 10.87251 -51.98948 -12.82543 -8.69247 -52.46962 -12.73191 0.003284931 -52.28195 -17.30836 4.313244 -52.32359 -16.6722 10.76551 -52.78037 3.828284 -10.76543 -52.78039 3.828284 3.700434 -52.77605 11.18624 -5.679467 -52.98997 9.559629 9.189352 -52.9694 5.857882 8.69245 -52.46958 -12.73221 5.679539 -52.98997 9.55957 -7.506028 -53.05135 7.78043 7.506109 -53.05134 7.780371 -9.189271 -52.96941 5.857882 8.596799 -52.93057 -8.581224 8.570045 -53.18091 -4.341962 -8.570076 -53.18092 -4.341605 -8.59682 -52.93059 -8.580866 13.36327 -52.21768 -6.21556e-5 -13.36432 -52.21855 -2.55093e-6 1.25897e-4 -52.87534 11.11293 3.700434 -52.77605 11.18624 -4.253873 -53.00403 -12.62295 12.91486 -52.33695 -6.21556e-5 -12.91413 -52.33266 -2.55093e-6 11.9546 -52.59238 -2.55093e-6 -11.42835 -52.70924 -2.55093e-6 0.003351986 -52.38876 -16.63238 4.253841 -53.004 -12.62319 0.003717064 -53.02914 -12.57968 -1.27423e-4 -53.55782 7.658181 -1.34873e-4 -53.55227 7.711587 4.21559 -53.46366 -8.504275 -4.215618 -53.46368 -8.503976 8.645333 -53.21484 -2.55093e-6 -8.644824 -53.21074 -2.55093e-6 0.06299388 -53.56744 7.61014 -2.004915 -53.74425 5.946336 -0.06291347 -53.56744 7.61014 7.759972 -53.38137 -2.55093e-6 7.152548 -53.45229 -2.55093e-6 5.458689 -53.66756 2.188501 7.041401 -53.48508 0.1654599 -7.413317 -53.43261 -6.21556e-5 -7.041309 -53.4851 0.1655195 4.216514 -53.72249 -4.301252 -4.216549 -53.7225 -4.300895 3.798432 -53.77249 4.133997 -5.458598 -53.66757 2.188561 2.004995 -53.74425 5.946336 -3.79834 -53.7725 4.134057 0.004007637 -53.53252 -9.393993 6.891555 -53.48276 -2.55093e-6 -4.271031 -53.76587 5.70537e-5 -6.887701 -53.48836 -2.55093e-6 -7.158999 -53.45959 -2.55093e-6 0.003620207 -53.57782 -8.483592 0.001854419 -53.78667 -4.286232 4.273265 -53.78842 5.70537e-5 -4.271031 -53.76587 5.70537e-5 4.39407e-5 -53.99134 0.3995274 -1.27423e-4 -53.56871 7.553515 2.15889e-5 -53.90737 4.295943 3.886401 -53.83358 5.70537e-5 -3.045254 -53.89587 5.70537e-5 2.90395e-5 -53.91413 3.981945 -3.045254 -53.89587 5.70537e-5 4.39407e-5 -53.99134 0.3995274 4.39407e-5 -53.99995 -6.21556e-5 -2.999966 28.54278 -73.00002 -6.214966 28.32621 -73.00002 -7.628e-7 29 -73.00002 2.999968 28.54278 -73.00002 6.214968 28.32621 -73.00002 8.868791 27.29532 -73.00002 -8.868789 27.29532 -73.00002 12.14113 26.33615 -73.00002 -12.14113 26.33615 -73.00002 14.35 24.85493 -73.00002 -14.35 24.85493 -73.00002 17.50312 23.1223 -73.00002 -17.50312 23.1223 -73.00002 19.20405 21.32825 -73.00002 -19.20405 21.32825 -73.00002 22.05177 18.83399 -73.00002 -22.05177 18.83399 -73.00002 23.21879 16.86944 -73.00002 -23.21879 16.86944 -73.00002 25.57572 13.6705 -73.00002 -25.57572 13.6705 -73.00002 26.21876 11.67335 -73.00002 -26.21875 11.67335 -73.00002 27.9112 7.871776 -73.00002 -27.9112 7.871776 -73.00002 28.07283 5.967064 -73.00002 -28.07283 5.967064 -73.00002 28.9497 1.707255 -73.00002 -28.9497 1.707255 -73.00002 28.7 -1.17215e-6 -73.00002 -28.7 -1.17215e-6 -73.00002 29 -1.17215e-6 -73.00002 -29 -1.17215e-6 -73.00002 28.9497 -1.707253 -73.00002 28.07283 -5.967067 -73.00002 -28.07283 -5.967067 -73.00002 -28.9497 -1.707253 -73.00002 27.9112 -7.871774 -73.00002 -28.07283 -5.967067 -73.00002 -27.9112 -7.871774 -73.00002 26.21876 -11.67334 -73.00002 -26.21875 -11.67334 -73.00002 25.57572 -13.6705 -73.00002 -25.57572 -13.6705 -73.00002 23.21879 -16.86944 -73.00002 -23.21879 -16.86944 -73.00002 22.05177 -18.83399 -73.00002 -22.05177 -18.83399 -73.00002 19.20405 -21.32826 -73.00002 -19.20405 -21.32826 -73.00002 17.50312 -23.1223 -73.00002 -17.50312 -23.1223 -73.00002 14.35 -24.85493 -73.00002 -14.35 -24.85493 -73.00002 12.14113 -26.33615 -73.00002 -12.14113 -26.33615 -73.00002 8.868791 -27.29532 -73.00002 -8.868789 -27.29532 -73.00002 6.214968 -28.32621 -73.00002 -6.214966 -28.32621 -73.00002 2.999968 -28.54278 -73.00002 -2.999966 -28.54278 -73.00002 -7.62801e-7 -29 -73.00002 2.712078 22.33595 -71.5 -2.712072 22.33595 -81.5 2.712078 22.33595 -81.5 7.97861 21.03787 -71.5 7.97861 21.03787 -81.5 -2.712072 22.33595 -71.5 -7.978611 21.03787 -81.5 -7.978611 21.03787 -71.5 12.78145 18.51714 -71.5 12.78145 18.51714 -81.5 -12.78146 18.51714 -81.5 -12.78146 18.51714 -71.5 16.84149 14.92026 -71.5 16.84149 14.92026 -81.5 -16.84149 14.92026 -81.5 -16.84149 14.92026 -71.5 19.92276 10.45627 -71.5 19.92276 10.45627 -81.5 -19.92276 10.45627 -81.5 -19.92276 10.45627 -71.5 21.84619 5.3846 -71.5 21.84619 5.3846 -81.5 21.84619 5.3846 -71.5 -21.84619 5.3846 -81.5 -21.84619 5.3846 -71.5 22.5 -1.17215e-6 -71.5 22.5 -1.17215e-6 -81.5 -22.5 -1.17215e-6 -81.5 -22.5 -1.17215e-6 -71.5 21.84619 -5.384603 -71.5 21.84619 -5.384603 -81.5 -21.84619 -5.384603 -81.5 -21.84619 -5.384603 -71.5 19.92276 -10.45627 -71.5 19.92276 -10.45627 -81.5 -19.92276 -10.45627 -81.5 -19.92276 -10.45627 -71.5 16.84149 -14.92026 -71.5 16.84149 -14.92026 -81.5 -16.84149 -14.92026 -81.5 -16.84149 -14.92026 -71.5 12.78145 -18.51714 -71.5 12.78145 -18.51714 -81.5 -12.78146 -18.51714 -81.5 -12.78146 -18.51714 -71.5 7.97861 -21.03787 -71.5 7.97861 -21.03787 -81.5 -7.978611 -21.03787 -81.5 -7.978611 -21.03787 -71.5 2.712078 -22.33595 -71.5 2.712078 -22.33595 -81.5 -2.712072 -22.33595 -81.5 -2.712072 -22.33595 -71.5 7.97861 21.03787 -71.5 22.5 -1.17215e-6 -71.5 2.712078 22.33595 -71.5 -2.712072 22.33595 -71.5 -7.978611 21.03787 -71.5 12.78145 18.51714 -71.5 -12.78146 18.51714 -71.5 16.84149 14.92026 -71.5 22.5 -1.17215e-6 -71.5 -16.84149 14.92026 -71.5 19.92276 10.45627 -71.5 -19.92276 10.45627 -71.5 21.84619 5.3846 -71.5 -21.84619 5.3846 -71.5 -22.5 -1.17215e-6 -71.5 21.84619 -5.384603 -71.5 19.92276 -10.45627 -71.5 16.84149 -14.92026 -71.5 12.78145 -18.51714 -71.5 -21.84619 -5.384603 -71.5 -19.92276 -10.45627 -71.5 12.78145 -18.51714 -71.5 -16.84149 -14.92026 -71.5 -12.78146 -18.51714 -71.5 7.97861 -21.03787 -71.5 2.712078 -22.33595 -71.5 -2.712072 -22.33595 -71.5 -7.978611 -21.03787 -71.5 -7.62795e-7 9.436003 -28.50002 -6.202464 9.436003 -27.81689 -7.62795e-7 12.136 -28.50002 -6.202464 12.136 -27.81689 5.925483 12.136 -27.87721 11.59199 12.136 -26.03603 5.925483 9.436003 -27.87721 -12.1076 9.436003 -25.80029 -12.1076 12.136 -25.80029 16.75188 12.136 -23.05699 11.59199 9.436003 -26.03603 -17.43232 9.436003 -22.54695 -17.43232 12.136 -22.54695 21.17963 12.136 -19.07021 16.75188 9.436003 -23.05699 -21.92139 9.436003 -18.21274 -21.92139 12.136 -18.21274 24.68173 12.136 -14.24998 21.17963 9.436003 -19.07021 -25.3596 9.436003 -13.00544 -25.3596 12.136 -13.00544 27.10511 12.136 -8.807006 24.68173 9.436003 -14.24998 -27.58213 9.436003 -7.174673 -27.58213 12.136 -7.174673 28.34387 12.136 -2.979043 27.10511 9.436003 -8.807006 -28.48245 9.436003 -0.9999898 -28.48245 12.136 -0.9999898 28.34387 12.136 2.979038 28.34387 9.436003 -2.979043 -28.48245 9.436003 0.9999846 -27.58213 9.436003 7.174668 -28.48245 12.136 0.9999846 -27.58213 12.136 7.174668 27.10511 12.136 8.807001 28.34387 9.436003 2.979038 -25.3596 9.436003 13.00543 -25.3596 12.136 13.00543 24.68173 12.136 14.24998 27.10511 9.436003 8.807001 -21.92139 9.436003 18.21273 -21.92139 12.136 18.21273 21.17963 12.136 19.07021 24.68173 9.436003 14.24998 -17.43232 9.436003 22.54695 -17.43232 12.136 22.54695 16.75188 12.136 23.05698 21.17963 9.436003 19.07021 -12.1076 9.436003 25.80028 -12.1076 12.136 25.80028 11.59199 12.136 26.03602 16.75188 9.436003 23.05698 -6.202464 9.436003 27.81689 -6.202464 12.136 27.81689 5.925483 12.136 27.87721 11.59199 9.436003 26.03602 -7.62788e-7 9.436003 28.50002 -7.62788e-7 12.136 28.50002 5.925483 9.436003 27.87721 -6.202464 12.136 -27.81689 -5.384603 12.136 -21.84618 -7.62795e-7 12.136 -28.50002 -7.62794e-7 12.136 -22.49998 5.925483 12.136 -27.87721 5.384601 12.136 -21.84618 11.59199 12.136 -26.03603 -12.1076 12.136 -25.80029 -10.45627 12.136 -19.92274 10.45627 12.136 -19.92274 16.75188 12.136 -23.05699 -17.43232 12.136 -22.54695 -14.92026 12.136 -16.84147 14.92025 12.136 -16.84147 21.17963 12.136 -19.07021 -21.92139 12.136 -18.21274 -28.2 12.136 -0.9999898 -17.43232 12.136 -22.54695 -21.03787 12.136 -7.978621 -18.51714 12.136 -12.78144 18.51714 12.136 -12.78144 24.68173 12.136 -14.24998 -25.3596 12.136 -13.00544 27.10511 12.136 -8.807006 -27.58213 12.136 -7.174673 21.03787 12.136 -7.978621 28.34387 12.136 -2.979043 22.33595 12.136 -2.712074 -28.2 12.136 -0.9999898 -22.33595 12.136 -2.712074 -28.48245 12.136 -0.9999898 28.34387 12.136 2.979038 22.33595 12.136 2.712068 -22.33595 12.136 2.712068 -28.2 12.136 0.9999846 -18.51714 12.136 12.78144 -21.03787 12.136 7.978615 -28.48245 12.136 0.9999846 -27.58213 12.136 7.174668 21.03787 12.136 7.978615 27.10511 12.136 8.807001 -25.3596 12.136 13.00543 18.51714 12.136 12.78144 24.68173 12.136 14.24998 14.92025 12.136 16.84147 21.17963 12.136 19.07021 -21.92139 12.136 18.21273 -14.92026 12.136 16.84147 10.45627 12.136 19.92279 11.59199 12.136 26.03602 14.92025 12.136 16.84147 16.75188 12.136 23.05698 -17.43232 12.136 22.54695 -10.45627 12.136 19.92279 5.384601 12.136 21.84617 5.925483 12.136 27.87721 -12.1076 12.136 25.80028 -5.384603 12.136 21.84617 -7.62788e-7 12.136 22.49998 -7.62788e-7 12.136 28.50002 -6.202464 12.136 27.81689 -7.62794e-7 2.135998 -22.49998 5.384601 12.136 -21.84618 -7.62794e-7 12.136 -22.49998 -5.384603 2.135998 -21.84618 -5.384603 12.136 -21.84618 5.384601 2.135998 -21.84618 10.45627 12.136 -19.92274 -10.45627 2.135998 -19.92274 -10.45627 12.136 -19.92274 10.45627 2.135998 -19.92274 14.92025 12.136 -16.84147 -14.92026 2.135998 -16.84147 -14.92026 12.136 -16.84147 14.92025 2.135998 -16.84147 18.51714 12.136 -12.78144 -18.51714 2.135998 -12.78144 -18.51714 12.136 -12.78144 18.51714 2.135998 -12.78144 21.03787 12.136 -7.978621 -21.03787 2.135998 -7.978621 -21.03787 12.136 -7.978621 21.03787 2.135998 -7.978621 22.33595 12.136 -2.712074 -22.33595 2.135998 -2.712074 -22.33595 12.136 -2.712074 22.33595 2.135998 -2.712074 22.33595 12.136 2.712068 -22.33595 2.135998 2.712068 -22.33595 12.136 2.712068 22.33595 2.135998 2.712068 21.03787 12.136 7.978615 -21.03787 2.135998 7.978615 -21.03787 12.136 7.978615 21.03787 2.135998 7.978615 18.51714 12.136 12.78144 -18.51714 2.135998 12.78144 -18.51714 12.136 12.78144 18.51714 2.135998 12.78144 14.92025 12.136 16.84147 -14.92026 2.135998 16.84147 -14.92026 12.136 16.84147 14.92025 2.135998 16.84147 10.45627 12.136 19.92279 -10.45627 2.135998 19.92279 -10.45627 12.136 19.92279 10.45627 2.135998 19.92279 5.384601 12.136 21.84617 -5.384603 2.135998 21.84617 -5.384603 12.136 21.84617 5.384601 2.135998 21.84617 -7.62788e-7 12.136 22.49998 -7.62788e-7 2.135998 22.49998 -28.2 9.436003 -2.55093e-6 -28.2 12.136 0.9999846 -28.2 12.136 -0.9999898 -28.2 9.436003 -0.9999898 -28.2 9.436003 0.9999846 -28.48245 9.436003 -0.9999898 -28.2 9.436003 -0.9999898 -28.2 12.136 -0.9999898 -28.48245 12.136 -0.9999898 -28.2 9.436003 0.9999846 -28.48245 12.136 0.9999846 -28.2 12.136 0.9999846 -28.48245 9.436003 0.9999846 -7.62795e-7 9.436003 -28.19997 -6.202464 9.436003 -27.81689 -7.62795e-7 9.436003 -28.50002 6.275087 9.436003 -27.49294 -7.62795e-7 9.436003 -28.50002 5.925483 9.436003 -27.87721 -6.275092 9.436003 -27.49294 12.23552 9.436003 -25.40732 5.925483 9.436003 -27.87721 11.59199 9.436003 -26.03603 -12.1076 9.436003 -25.80029 -12.23552 9.436003 -25.40732 16.75188 9.436003 -23.05699 -17.43232 9.436003 -22.54695 17.58242 9.436003 -22.04764 -17.58241 9.436003 -22.04764 21.17963 9.436003 -19.07021 -21.92139 9.436003 -18.21274 22.04765 9.436003 -17.58242 -22.04765 9.436003 -17.58242 24.68173 9.436003 -14.24998 -25.3596 9.436003 -13.00544 25.40732 9.436003 -12.23552 -25.40732 9.436003 -12.23552 27.10511 9.436003 -8.807006 -27.58213 9.436003 -7.174673 27.49297 9.436003 -6.27512 -27.49297 9.436003 -6.27512 28.34387 9.436003 -2.979043 -28.48245 9.436003 -0.9999898 28.2 9.436003 -2.55093e-6 -28.2 9.436003 -2.55093e-6 -28.2 9.436003 -0.9999898 28.34387 9.436003 2.979038 27.49297 9.436003 6.275115 -27.49297 9.436003 6.275115 -28.2 9.436003 0.9999846 -28.2 9.436003 -2.55093e-6 -28.48245 9.436003 0.9999846 -27.58213 9.436003 7.174668 27.10511 9.436003 8.807001 25.40732 9.436003 12.23552 -25.40732 9.436003 12.23552 -25.3596 9.436003 13.00543 24.68173 9.436003 14.24998 22.04765 9.436003 17.58242 -22.04765 9.436003 17.58242 -21.92139 9.436003 18.21273 21.17963 9.436003 19.07021 17.58242 9.436003 22.04764 -17.58241 9.436003 22.04764 -17.43232 9.436003 22.54695 16.75188 9.436003 23.05698 12.23552 9.436003 25.40731 -12.23552 9.436003 25.40731 -12.1076 9.436003 25.80028 11.59199 9.436003 26.03602 6.275087 9.436003 27.49294 -6.275092 9.436003 27.49294 -6.202464 9.436003 27.81689 5.925483 9.436003 27.87721 -7.62788e-7 9.436003 28.20003 -7.62788e-7 9.436003 28.50002 -27.49297 3.435998 -6.27512 -27.21622 3.436341 -8.602443 -27.85783 3.43646 -6.176235 -28.17464 3.436177 -4.153671 -14.52812 3.436341 -24.90509 -12.23552 3.435998 -25.40732 -14.20216 3.4364 -25.10286 -12.58642 3.436184 -25.84857 -16.34324 3.436035 -23.80383 -17.58241 3.435998 -22.04764 -27.06698 3.436311 -9.16678 -26.85284 3.436236 -9.733859 -25.40732 3.435998 -12.23552 -25.96932 3.435953 -12.07376 -11.56402 3.436058 -26.32046 -28.3386 3.436035 -3.106895 -10.53564 3.435775 -26.66914 -3.737376 3.43602 -28.23609 -7.62795e-7 3.435998 -28.19997 -2.634653 3.436043 -28.38987 -1.822621 3.436028 -28.42379 -16.61297 3.435991 -23.64022 -28.2 3.435998 -2.55093e-6 -28.49999 3.435998 -2.55093e-6 -1.306557 3.43602 -28.44536 1.41384e-5 3.435998 -28.50002 -5.835578 3.435976 -27.94361 -6.275092 3.435998 -27.49294 1.306593 3.435998 -28.44572 1.821294 3.435998 -28.42432 6.275087 3.435998 -27.49294 2.618312 3.435998 -28.39118 3.737404 3.435998 -28.23591 5.81286 3.435998 -27.94785 6.100877 3.435998 -27.88037 8.371792 3.435998 -27.3487 12.23552 3.435998 -25.40732 -6.10102 3.435923 -27.88133 -8.371697 3.435439 -27.34846 8.885197 3.435998 -27.22848 9.870961 3.435998 -26.89427 10.5356 3.435998 -26.66897 11.56576 3.435998 -26.31974 12.58663 3.435998 -25.84911 14.17865 3.435998 -25.11513 17.58242 3.435998 -22.04764 16.3437 3.435998 -23.80461 14.52755 3.435998 -24.90396 -8.893018 3.435328 -27.22609 16.60368 3.435998 -23.64725 18.02147 3.435998 -22.54921 18.86562 3.435998 -21.89541 22.04765 3.435998 -17.58242 21.05439 3.435998 -19.73421 20.9667 3.435998 -19.84185 19.58759 3.435998 -21.18975 -18.88513 3.435871 -21.87777 -19.5878 3.435894 -21.19017 -18.02078 3.435916 -22.54826 -20.97457 3.435953 -19.83315 -21.05471 3.435945 -19.73456 -22.04765 3.435998 -17.58242 22.36877 3.435998 -18.12047 22.86995 3.435998 -17.50517 25.40732 3.435998 -12.23552 24.69003 3.435998 -14.624 24.55662 3.435998 -14.8893 23.57429 3.435998 -16.4128 -22.88489 3.435812 -17.48407 -23.57431 3.435864 -16.41292 -22.36798 3.435849 -18.11969 -24.56695 3.435938 -14.87065 -24.69042 3.435938 -14.62442 25.65499 3.435998 -12.70491 25.95071 3.435998 -12.11685 27.49297 3.435998 -6.27512 27.21544 3.435998 -8.602026 27.05868 3.435998 -9.193543 26.85428 3.435998 -9.732846 -25.65343 3.435945 -12.70378 27.85647 3.435998 -6.182911 28.33885 3.435998 -3.107431 28.17475 3.435998 -4.153731 28.2 3.435998 -2.55093e-6 28.5 3.435998 -2.55093e-6 28.45057 3.435998 1.677809 27.49297 3.435998 6.275115 -28.45057 3.435998 1.677809 -27.49297 3.435998 6.275115 27.42997 3.435998 7.736024 -27.42997 3.435998 7.736024 25.40732 3.435998 12.23552 -25.40732 3.435998 12.23552 25.13476 3.435998 13.43482 -25.13475 3.435998 13.43482 22.04765 3.435998 17.58242 -22.04765 3.435998 17.58242 21.67157 3.435998 18.50927 -21.67157 3.435998 18.50927 17.58242 3.435998 22.04764 -17.58241 3.435998 22.04764 17.20134 3.435998 22.72361 -17.20135 3.435998 22.72361 12.23552 3.435998 25.40731 11.93181 3.435998 25.88206 -12.23552 3.435998 25.40731 -11.9318 3.435998 25.88206 6.275087 3.435998 27.49294 6.107814 3.435998 27.83781 -6.275092 3.435998 27.49294 -6.107812 3.435998 27.83781 -7.62788e-7 3.435998 28.20003 -7.62788e-7 3.435998 28.50002 -5.384603 2.135998 21.84617 5.384601 2.135998 -21.84618 -7.62794e-7 2.135998 -22.49998 -10.45627 2.135998 19.92279 -14.92026 2.135998 16.84147 -5.384603 2.135998 -21.84618 -21.03787 2.135998 7.978615 -18.51714 2.135998 12.78144 -7.62788e-7 2.135998 22.49998 5.384601 2.135998 21.84617 10.45627 2.135998 19.92279 14.92025 2.135998 16.84147 18.51714 2.135998 12.78144 21.03787 2.135998 7.978615 10.45627 2.135998 -19.92274 -10.45627 2.135998 -19.92274 14.92025 2.135998 -16.84147 -14.92026 2.135998 -16.84147 18.51714 2.135998 -12.78144 -18.51714 2.135998 -12.78144 21.03787 2.135998 -7.978621 -21.03787 2.135998 -7.978621 22.33595 2.135998 -2.712074 -22.33595 2.135998 -2.712074 22.33595 2.135998 2.712068 -22.33595 2.135998 2.712068 -28.7 1.000001 -79.60117 -28.98275 1.000001 -81.5 -28.7 1.000001 -81.5 -28.98275 1.000001 -79.60117 -28.7 -1.17215e-6 -79.60117 -28.7 1.000001 -79.60117 -28.7 1.000001 -81.5 -28.7 -0.9999995 -81.5 -28.7 -0.9999995 -79.60117 -28.98275 -0.9999995 -79.60117 -28.7 -0.9999995 -79.60117 -28.7 -0.9999995 -81.5 -28.98275 -0.9999995 -81.5 -1.05071e-4 -43.44071 27.17548 0.5029656 -45.11805 25.83373 -7.52686e-5 -43.34662 27.22692 3.700434 -52.77605 11.18624 1.595444 -52.43625 12.68702 -5.29168e-5 -52.10546 13.69893</float_array>
          <technique_common>
            <accessor source="#mesh-af70735e-33a2-411b-b108-c49b61af9f17-mesh-positions-array" count="2912" stride="3">
              <param name="X" type="float"/>
              <param name="Y" type="float"/>
              <param name="Z" type="float"/>
            </accessor>
          </technique_common>
        </source>
        <source id="mesh-af70735e-33a2-411b-b108-c49b61af9f17-mesh-normals">
          <float_array id="mesh-af70735e-33a2-411b-b108-c49b61af9f17-mesh-normals-array" count="7851">-0.2177138 0.9760127 0 -0.002508401 0.9999969 0 -0.002508461 0.9999969 0 0.2079121 0.9781475 0 0.2079117 0.9781476 0 -0.2177144 0.9760126 0 0.4067373 0.9135451 0 0.4067369 0.9135454 0 -0.4249845 0.9052007 0 -0.4249852 0.9052003 0 0.5877858 0.8090167 0 0.5877853 0.809017 0 -0.6118654 0.790962 0 -0.6118658 0.7909616 0 0.7431447 0.6691309 0 0.7431444 0.6691311 0 -0.7693918 0.6387772 0 -0.7693921 0.6387769 0 0.8660255 0.5 0 -0.8900075 0.455946 0 -0.8900077 0.4559458 0 0.9510567 0.3090164 0 0.9510567 0.3090167 0 -0.9679245 0.2512415 0 -0.9679245 0.2512413 0 0.9945219 0.1045291 0 0.9945219 0.1045294 0 -0.9896175 0.1437261 0 -0.9896176 0.1437256 0 0.994522 -0.1045277 0 0.994522 -0.104528 0 -0.9679247 -0.251241 0 -0.9896175 -0.1437261 0 -0.9896175 -0.1437264 0 -0.9679247 -0.2512406 0 0.9510569 -0.3090161 0 0.9510567 -0.3090168 0 -0.8900072 -0.4559465 0 -0.8900077 -0.4559458 0 0.8660251 -0.5000005 0 0.8660247 -0.5000013 0 -0.7693922 -0.6387767 0 -0.7693927 -0.638776 0 0.7431449 -0.6691306 0 0.7431444 -0.6691311 0 -0.6118651 -0.7909622 0 -0.6118658 -0.7909618 0 0.5877852 -0.8090171 0 0.5877847 -0.8090174 0 -0.4249854 -0.9052003 0 -0.424986 -0.9052 0 0.4067375 -0.9135452 0 0.4067371 -0.9135454 0 -0.2177155 -0.9760123 0 -0.2177157 -0.9760122 0 0.207912 -0.9781476 0 0.2079116 -0.9781476 0 -0.002508282 -0.9999969 0 -0.002508282 -0.9999969 0 1.38837e-6 0 -1 0 0 -1 -1.41053e-6 0 -1 -1.43108e-6 0 -1 1.84421e-6 0 -1 1.72355e-6 0 -1 1.75176e-6 0 -1 -3.06128e-6 0 -1 -1.77886e-6 0 -1 1.23538e-6 0 -1 1.78937e-6 0 -1 -1.68949e-6 0 -1 3.72954e-6 0 -1 -8.90529e-6 0 -1 1.68949e-6 0 -1 -1.34485e-6 0 -1 -7.92358e-7 0 -1 1.4814e-6 0 -1 7.88013e-7 0 -1 5.85662e-7 0 -1 -1.73654e-6 0 -1 -8.84665e-7 0 -1 4.5301e-7 0 -1 1.51873e-6 0 -1 0 0 1 9.53871e-6 0 1 -2.78112e-6 0 1 5.58005e-6 0 1 1.86487e-5 0 1 2.78112e-6 0 1 -1.12682e-5 0 1 -3.56646e-5 0 1 5.35447e-5 0 1 -5.5622e-6 0 1 -3.35362e-5 0 1 1.11245e-5 0 1 -2.41782e-5 0 1 -2.83873e-5 0 1 1.11244e-5 0 1 -3.86267e-5 0 1 1.11243e-5 0 1 -2.22487e-5 0 1 9.73196e-5 0 1 1.11244e-5 0 1 -5.67738e-5 0 1 -7.13314e-5 0 1 -1.11244e-5 0 1 -3.35365e-5 0 1 -1.11245e-5 0 1 2.2907e-5 0 1 -3.56659e-5 0 1 1.86484e-5 0 1 -3.56672e-5 0 1 5.56217e-6 0 1 -4.7689e-6 0 1 -0.0526058 0.99756 0.04589921 -0.001465439 0.9993444 0.03617453 -0.003875911 0.9996286 -0.02697962 0.1109269 0.9936984 0.01609134 0.1373311 0.9902307 0.02415454 0.2138174 0.976484 -0.02758991 -0.2102636 0.977427 -0.02063578 -0.1426899 0.989267 0.03147339 -0.1142536 0.9933541 0.01392126 0.001858949 0.9884448 0.1515708 -0.09005957 0.9719014 0.2174792 0.006161689 0.9703161 0.2417615 0.1065449 0.9704775 0.2163829 -0.179821 0.9599812 0.2147104 0.1974599 0.9571127 0.2120018 0.1951209 0.9794763 0.05053728 0.004418969 0.9421918 0.3350448 -0.09037613 0.8979 0.4308221 -0.1763359 0.8891049 0.4223721 0.1032134 0.8970682 0.4296693 -0.2071741 0.9768107 0.05403614 0.006149709 0.9045138 0.4264003 0.2498306 0.9668006 0.05367988 -0.2511038 0.9662821 0.0569722 0.249752 0.966807 0.05392837 0.3032826 0.9522289 0.03577804 0.4182763 0.9079021 -0.02754694 -0.2555495 0.965702 0.04598134 -0.4162689 0.908951 -0.02298563 -0.3471562 0.9374694 0.0251708 -0.3187685 0.9477108 0.01519644 -0.2764731 0.9375389 0.2111479 0.2937222 0.9330409 0.2077551 -0.2711129 0.8693394 0.4132154 0.192355 0.8861547 0.4215797 0.004251778 0.8613974 0.507914 -0.08348989 0.7898343 0.6076111 -0.164641 0.7851153 0.5970656 0.09608536 0.7895548 0.6061112 0.005227565 0.8129245 0.5823458 0.3876102 0.8992022 0.2029626 0.3503154 0.9356964 0.04184931 -0.2526997 0.7706736 0.5849832 -0.3716469 0.905022 0.2069151 -0.3626978 0.8400982 0.4033428 0.2860783 0.8648177 0.4126132 0.1796832 0.7828412 0.5957127 -0.3383211 0.7480821 0.5708871 0.004019975 0.7642863 0.6448646 -0.4079226 0.9113932 0.05442214 -0.149039 0.6745294 0.7230474 -0.07358467 0.6759194 0.7332928 0.08576703 0.6761058 0.7317957 0.3764944 0.8342199 0.4029009 0.266732 0.7669517 0.583643 0.3969031 0.9165912 0.0482555 0.004277348 0.7127161 0.7014396 -0.4462597 0.893095 0.05686628 -0.4604336 0.8640072 0.2036976 -0.4503203 0.8018593 0.3927255 0.4465302 0.89302 0.05591195 -0.228434 0.6657192 0.7103774 0.4747558 0.8572895 0.1991525 0.4454554 0.8938064 0.05176573 0.1628254 0.6731076 0.7213974 0.4972289 0.8669616 0.03377789 0.6031298 0.7971742 -0.02734988 -0.4520548 0.89092 0.04368036 -0.602207 0.7979625 -0.02455109 -0.5364642 0.8436964 0.01956325 -0.5097615 0.8601435 0.01721537 -0.4210571 0.7175166 0.5548701 -0.3063971 0.6506003 0.6948669 0.4629011 0.7948386 0.39237 0.3512544 0.7430923 0.5695912 0.2413669 0.6630892 0.7085582 -0.5461339 0.8134565 0.2000657 -0.5333427 0.755171 0.381133 0.003709554 0.6643761 0.7473893 -0.06439387 0.5765954 0.8144883 -0.132798 0.5769857 0.805886 0.07452088 0.5760497 0.8140107 0.004763662 0.5691945 0.8221892 0.5610834 0.8046783 0.1941089 0.5385475 0.8418471 0.03550112 -0.2033265 0.5726255 0.7942029 0.1453168 0.5763094 0.8042081 -0.3830084 0.6289855 0.6765219 0.3184451 0.6468765 0.692924 0.4328426 0.7114509 0.5536109 -0.5004593 0.6791714 0.5369048 0.5446638 0.7472219 0.3807898 -0.27322 0.5638365 0.779384 -0.5845859 0.8100742 0.04515904 0.2151477 0.5710289 0.7922357 0.5813108 0.8123028 0.04735189 -0.6258211 0.7550477 0.1955788 -0.6112118 0.7005609 0.3682859 0.6234444 0.7795733 0.0598554 0.621284 0.7819805 0.05012655 0.6365659 0.7476242 0.1893193 -0.4581056 0.6005598 0.6553376 -0.0571841 0.4895805 0.870081 -0.1165477 0.4902223 0.8637701 0.004947066 0.5243127 0.8515115 0.06609737 0.4909044 0.8687025 -0.6286115 0.7766231 0.04128384 -0.3431879 0.5501523 0.761285 0.394114 0.6242775 0.6745011 0.511078 0.6722238 0.5356442 0.2844064 0.561367 0.7771616 -0.1778027 0.4892231 0.8538424 -0.5761322 0.6332067 0.5168375 0.1277425 0.4895201 0.8625845 0.6687073 0.7428285 0.03219383 0.7599743 0.6493877 -0.02710866 -0.6286122 0.7766225 0.04128432 -0.7595955 0.6498932 -0.02556473 -0.7019879 0.7120491 0.01411068 -0.6779611 0.7348465 0.01922583 0.6212375 0.691892 0.3678987 -0.2389803 0.4856915 0.8408283 0.1883136 0.4877032 0.8524574 -0.4135227 0.5308482 0.7397292 -0.6992741 0.6890586 0.1902997 -0.6834137 0.6384923 0.3539398 -0.5314692 0.5649663 0.6311526 0.4682616 0.5949807 0.6532451 0.3537275 0.5468187 0.7588585 0.7111397 0.6786876 0.1834764 0.5855845 0.6255385 0.5155506 -0.3014326 0.4789525 0.8244653 0.7029932 0.7106257 0.02849239 0.2489404 0.483361 0.83928 -0.6476322 0.5797054 0.4944838 0.002663314 0.4811848 0.8766152 -0.04691928 0.4174153 0.9075038 -0.09572249 0.4216133 0.9017092 0.05559718 0.4181813 0.9066607 -0.1460767 0.4233967 0.8940899 0.001549899 0.4270114 0.904245 0.6921368 0.6292759 0.3534948 0.1055277 0.4220349 0.9004169 -0.7404589 0.6707393 0.04277336 -0.4842435 0.505078 0.7144261 -0.1968736 0.4247196 0.8836595 -0.3660545 0.4680143 0.8043426 0.5406722 0.5586072 0.6289926 0.4233961 0.5266672 0.7371279 0.1553971 0.4234064 0.8925127 0.7397802 0.6711599 0.04764109 -0.6026917 0.5217955 0.6037319 0.3108865 0.4757971 0.82278 -0.7658622 0.6160854 0.1841032 -0.7493388 0.5694689 0.33793 0.6559221 0.5714583 0.4931547 0.7746437 0.607067 0.1771917 0.7692714 0.6367282 0.05290269 -0.2501843 0.4247328 0.8700633 0.205993 0.4242624 0.8817983 -0.7773395 0.6279216 0.03818285 -0.7142413 0.5189014 0.4696816 0.7568004 0.55985 0.3373741 -0.4332898 0.4516419 0.7799229 -0.5550819 0.4719318 0.6849559 0.7735234 0.6324045 0.04154741 0.8099641 0.585699 0.03024852 0.8819655 0.4705846 -0.02621358 -0.7773365 0.6279252 0.03818333 -0.8823124 0.4699878 -0.02522891 -0.8362224 0.5483256 0.008449494 -0.8161304 0.5775157 0.02017486 0.3749752 0.4640119 0.8025501 0.4934428 0.500069 0.7116497 0.6109246 0.5147606 0.6014921 -0.3076092 0.4222139 0.8527086 0.2592608 0.4236896 0.8679119 -0.6708867 0.4708732 0.5728782 -0.8249495 0.5368487 0.176782 -0.8083684 0.4941862 0.3198759 0.7214158 0.5102049 0.4682417 0.8343668 0.5249064 0.1682422 0.00320971 0.3966963 0.9179444 -0.5031434 0.4284338 0.7505273 0.8363403 0.5478281 0.02047157 -0.7751585 0.4513214 0.4420841 -0.3703143 0.4155577 0.8307703 0.4416536 0.4467846 0.7780268 0.5635397 0.4661406 0.6820088 -0.62503 0.4307577 0.650988 0.8145776 0.4843325 0.3191952 0.3167114 0.4204232 0.8502578 0.6781585 0.4632766 0.570505 0.002240598 0.4018379 0.9157081 -0.04021751 0.4067513 0.9126533 -0.07963758 0.407886 0.9095531 0.04726505 0.4070509 0.9121818 -0.8638302 0.5022755 0.03894609 -0.1213898 0.4116149 0.9032375 0.08823174 0.4082953 0.908576 -0.7349475 0.4124367 0.5382828 0.8648793 0.4995701 0.0491268 -0.1644471 0.4164256 0.8941739 0.7812374 0.4423201 0.4404783 -0.8814749 0.4453817 0.1569626 -0.8599427 0.4133973 0.299335 0.1296485 0.4120846 0.9018746 0.8832353 0.4417511 0.1573258 0.8845344 0.4639502 0.04846793 -0.4388785 0.4028206 0.8031945 -0.5746607 0.3972051 0.715537 0.5108771 0.4227679 0.7485131 0.379397 0.4128629 0.828011 -0.2112464 0.421241 0.8820041 0.6326937 0.4242716 0.6478366 0.1727975 0.4168551 0.8923972 -0.8296776 0.3775661 0.411192 -0.6926419 0.3814171 0.6121832 -0.8916898 0.4513595 0.03411674 0.8649361 0.4034646 0.2984997 0.741261 0.4044123 0.5357078 -0.263855 0.4245788 0.866091 -0.8941673 0.4461587 0.03751587 0.2200078 0.4214583 0.8797554 0.8889738 0.4565746 0.03556847 0.9198497 0.3904184 0.0380817 0.9276099 0.373146 0.01737797 0.962062 0.2716013 -0.02587556 -0.9132266 0.4054098 0.04074639 -0.9616754 0.2732264 -0.02297461 -0.9443306 0.3258041 0.04573005 -0.9363464 0.3510475 -0.004581928 -0.9224171 0.3584882 0.1436419 -0.7938792 0.3468717 0.4994355 -0.5124763 0.3821946 0.7689574 0.8346894 0.3684017 0.4093577 -0.9036029 0.3278139 0.2757533 0.5816826 0.3908233 0.7133741 0.4477742 0.3991048 0.8001336 -0.6461471 0.3573036 0.6744095 0.9242609 0.3529401 0.1455175 0.6994835 0.3743459 0.6087595 -0.3239656 0.4245076 0.8454819 0.2732523 0.4243437 0.8632878 -0.7565841 0.3239776 0.5679956 -0.8771574 0.2982073 0.3763874 0.7992346 0.3385355 0.4966063 0.9074173 0.3179585 0.2747661 0.001550972 0.41259 0.9109156 -0.9536269 0.2676767 0.1376405 -0.5891239 0.3523941 0.727153 -0.03308707 0.4493339 0.892751 -0.06606793 0.4496485 0.8907588 0.03948336 0.4491025 0.8926075 0.00248897 0.4318574 0.9019384 -0.8466718 0.2748908 0.4556116 -0.1026146 0.4552404 0.8844357 -0.3926497 0.4186697 0.8188664 0.07388472 0.4508692 0.8895269 0.9507769 0.3055507 0.0515961 0.6524085 0.3503143 0.672044 0.5209581 0.3774547 0.7655916 0.3341036 0.4235146 0.8420275 0.8811181 0.288995 0.3743168 -0.1423838 0.4627074 0.8750022 -0.7158462 0.3083368 0.6264924 0.1104787 0.4571966 0.8824771 -0.9388644 0.2381384 0.248644 0.7625516 0.3164246 0.5642611 0.9565716 0.2598281 0.1321369 0.9614434 0.2713947 0.04440248 -0.1879014 0.470538 0.862141 0.150846 0.4651658 0.8722766 -0.817427 0.2492711 0.5193045 -0.9168601 0.2137972 0.3371325 0.8511011 0.266023 0.4526133 0.9415525 0.2284913 0.2475293 -0.4692698 0.404755 0.7848307 -0.2413107 0.4768098 0.8452348 -0.9665888 0.2547464 0.02847081 0.4034058 0.4166166 0.8146745 0.1974139 0.4731672 0.8585689 -0.6664903 0.3124168 0.6768948 -0.9679108 0.2491566 0.032705 0.7212964 0.3008544 0.6238735 0.5969673 0.3467345 0.7234675 -0.8898075 0.1909379 0.4144698 0.9650871 0.2604423 0.02786844 -0.7891346 0.2477844 0.5620229 0.9197895 0.2046523 0.3348205 0.9812902 0.1872046 0.04498988 0.9848631 0.1727638 0.0140593 0.9966595 0.08141505 -0.006448566 -0.9888485 0.1486308 -0.009360253 -0.9783936 0.204581 0.02987849 -0.9923275 0.1199281 0.03005909 -0.9964368 0.08413177 -0.005962014 -0.978397 0.1697437 0.1180102 -0.3042033 0.4791867 0.8233107 -0.9651737 0.1450843 0.2176932 0.8218442 0.2474293 0.5131772 0.2521697 0.4791979 0.8407021 0.9793198 0.1649695 0.117124 -0.551511 0.3808994 0.7421262 0.4802687 0.4014801 0.7798435 -0.9479048 0.1249226 0.2930372 7.76139e-4 0.4696658 0.8828439 0.893794 0.183116 0.4093911 0.9667935 0.1357893 0.2164982 -0.3774551 0.4749435 0.7949568 -0.7419449 0.2615058 0.6173594 0.3165796 0.4808552 0.8176525 -0.02910023 0.5095422 0.8599536 -0.05998587 0.5133737 0.8560661 0.03550904 0.5096195 0.8596669 0.7857667 0.2425288 0.5689908 0.6735588 0.3059527 0.6728384 0.001576244 0.5002666 0.86587 -0.09759765 0.5205219 0.8482521 0.06788176 0.5141127 0.8550323 -0.9910408 0.07626467 0.1096454 -0.1408683 0.5293368 0.8366354 -0.9254934 0.1110175 0.3621287 0.9932904 0.1136747 0.02127075 0.1057519 0.5216833 0.8465595 0.95031 0.1119622 0.2904744 0.8513671 0.1744313 0.4947199 -0.1920962 0.5377128 0.8209531 -0.981894 0.0494759 0.1828567 0.149763 0.530646 0.8342577 -0.6364084 0.3455389 0.6896284 0.9928506 0.06452029 0.1004236 -0.4601188 0.4614251 0.7585365 0.5623193 0.3763635 0.7363067 0.3912396 0.4754132 0.787981 -0.2530161 0.5432077 0.8005675 -0.8984187 0.1065488 0.4260178 -0.8486859 0.1839988 0.4958596 0.2021051 0.5388039 0.8178288 -0.9692163 0.03235191 0.2440764 0.9291354 0.1008353 0.3557242 0.001018166 0.5387106 0.8424904 -0.8124055 0.1993013 0.5479747 -0.02677536 0.5755632 0.8173189 -0.04971706 0.5864158 0.808483 0.02774035 0.5824525 0.8123914 0.98097 0.03635585 0.1907254 0.001268982 0.5809445 0.8139421 -0.09186565 0.5969768 0.7969815 -0.9850289 6.51772e-4 -0.1723885 -0.9878718 0.01293128 -0.1547323 -0.97806 9.82627e-4 -0.2083218 -0.9606352 0.01320958 -0.2774986 -0.9661614 0.03534424 -0.2555055 -0.4152112 0.1349321 -0.8996627 -0.3975415 0.1451026 -0.9060387 -0.4680143 0.1202488 -0.8755015 -0.4730468 0.1450289 -0.8690186 -0.5141341 0.1223532 -0.8489381 -0.5494892 0.1497303 -0.8219747 -0.5146248 0.1249283 -0.8482655 -0.9470032 -0.004468977 -0.3211931 -0.939203 0.0144512 -0.3430584 -0.9178033 0.03143906 -0.395789 -0.9504694 0.0283156 -0.3095259 -0.3646359 0.1166962 -0.9238088 -0.994907 0.00390762 -0.1007217 -0.3068319 0.1496877 -0.9399191 -0.3076863 0.1110221 -0.9449885 -0.06062573 0.02442723 -0.9978616 -0.04343247 0.037418 -0.9983555 -0.1075996 -0.03003007 -0.9937407 -0.1193011 0.01354569 -0.9927657 -0.5730041 0.1032472 -0.8130231 -0.9982684 9.06597e-4 -0.05881589 -0.9999583 0.001969039 -0.008922576 -0.999937 0 -0.01122564 -0.0102539 0.1646869 -0.9862927 -0.02671158 0.09693366 -0.9949324 -0.001727819 0.01026535 -0.9999459 -1.34763e-4 0.005582213 -0.9999845 -0.09801149 0.05152815 -0.9938504 -0.1779727 0.02975028 -0.9835856 0.01037675 0.1628413 -0.9865978 0.06025373 0.02415704 -0.9978908 0.02721548 0.09660565 -0.9949506 0.08497595 0.007546722 -0.9963545 0.03965508 0.02984309 -0.9987677 0.1399908 0.02949827 -0.9897134 0.1090683 0.04348874 -0.9930825 0.1725792 0.0241298 -0.9847002 0.179591 0.05961734 -0.9819333 0.2277893 0.04525887 -0.972658 0.2143284 0.1328734 -0.9676818 0.2371163 0.1086835 -0.9653828 0.3085185 -0.0462796 -0.9500918 0.3000091 0.1005926 -0.9486178 0.2314694 0.1421033 -0.9624077 0.3129437 0.1490469 -0.9380039 0.3305707 0.1107831 -0.9372568 0.3512293 0.09000718 -0.9319532 0.3972629 0.1489489 -0.9055365 0.4216836 0.127727 -0.8977019 0.4743589 0.1427879 -0.8686745 0.4606761 0.1121773 -0.8804509 0.5139271 0.1224833 -0.8490447 0.5134646 0.1241663 -0.84908 0.5450098 0.1433465 -0.8260849 0.562897 0.1166166 -0.818259 0.6228963 0.1374148 -0.7701412 0.6203427 0.1081575 -0.7768378 0.6850046 0.1222376 -0.7182108 0.6459988 0.08630043 -0.7584444 0.6993129 0.1001488 -0.7077653 0.7409825 0.105683 -0.6631562 0.7389472 0.08113652 -0.6688602 0.7731962 0.07448047 -0.629778 0.7785586 0.06675666 -0.6240115 0.8053401 0.05748569 -0.5900192 0.8347113 0.07582485 -0.5454427 0.7911451 0.0916652 -0.6047206 0.8406964 0.05934768 -0.5382448 0.8698619 0.04519844 -0.4912205 0.8713718 0.06177657 -0.4867187 0.8927787 0.03767591 -0.4489174 0.8981078 0.02267634 -0.4391906 0.9085646 0.04501754 -0.4153118 0.9485804 0.0281527 -0.315282 0.9142509 0.0101062 -0.4050225 0.9347378 -0.02744758 -0.3542769 0.9616997 0.01826101 -0.2734964 0.9463608 -0.006723642 -0.323042 0.9700722 0.01924318 -0.2420532 0.98688 0.003312766 -0.1614215 0.9765433 -0.005556643 -0.2152498 0.9894413 -0.002169311 -0.1449183 0.9977218 -4.45925e-4 -0.06746178 0.9938176 -0.009921789 -0.1105813 0.9999586 0.00196284 -0.00888592 0.9999376 0 -0.01118123 0.9951851 3.09905e-7 0.09801459 -0.995185 4.10755e-7 0.09801506 0.9999064 -8.46191e-4 -0.0136581 0.9999598 -4.26191e-4 -0.008967518 0.9999978 -0.002005398 6.29982e-4 0.9999931 1.7391e-6 0.003722906 0.9624555 0 0.27144 0.9856211 0.03130972 0.1660444 0.9855061 0.03304094 0.1663911 0.9962407 -0.0374611 0.07810997 0.9855559 0.03343653 0.1660169 -0.9999951 -0.002761662 -0.001514613 -0.9999586 2.96845e-7 -0.00910604 -0.9999787 0.001818835 -0.006273388 -0.9950453 -0.02703648 0.0956766 -0.9859405 -0.01841294 0.1660795 -0.985794 -0.02457678 0.1661515 -0.9856214 0.03130561 0.1660439 -0.9624555 0 0.2714396 0.8819217 0 0.4713962 0.9244086 0.08278882 0.3723099 0.9292687 -0.01826268 0.3689529 0.9274478 -0.01771593 0.3735328 0.9598896 -0.02207177 0.2795082 -0.92745 -0.01771467 0.3735278 -0.9292707 -0.01826357 0.3689479 -0.924409 0.08277827 0.3723114 -0.8819215 0 0.4713963 -0.9598895 -0.02206975 0.2795088 0.7604046 0 0.6494498 0.8259695 -0.002796232 0.563708 0.8783224 -0.008916318 0.4779856 -0.8283671 9.90706e-4 0.5601848 -0.7604048 0 0.6494494 -0.8783167 -0.008908808 0.4779964 0.8207412 -0.01794052 0.5710184 0.8279514 0.01526749 0.5605919 0.6035556 4.5267e-7 0.797321 0.6859742 0.00299859 0.7276198 0.7638342 -0.0243256 0.644954 -0.6859679 -0.003174304 0.727625 -0.6035551 4.48659e-7 0.7973214 -0.6850309 0.00183314 0.7285117 -0.8205014 0.00957787 0.5715644 -0.8257024 -0.02590376 0.563511 -0.7638375 -0.02432668 0.6449502 0.6202112 -0.05683851 0.782373 0.6738202 -0.01490676 0.738745 0.514115 0.002545416 0.8577175 0.4186602 3.93856e-7 0.9081431 -0.6046957 -0.01832956 0.7962458 -0.5201149 0.008090317 0.854058 -0.5135012 0.04838812 0.8567235 -0.4186603 5.73218e-7 0.908143 0.514939 0.0351935 0.8565042 0.3183326 0.003677964 0.947972 0.3252915 -0.02462249 0.9452932 0.318322 0.02177715 0.9477326 0.4361289 -0.02520602 0.8995311 0.2143134 5.68295e-7 0.976765 0.2142998 5.27832e-6 0.976768 0.3149657 -0.01049989 0.949045 -0.3183124 0.02177619 0.9477357 -0.3252909 -0.02461796 0.9452935 -0.214312 6.85318e-7 0.9767653 -0.4195914 -1.81072e-4 0.9077131 0 9.13739e-7 1 0.09804296 0.03224492 0.9946597 0.0969631 0.1373805 0.9857611 0.1077086 3.98874e-6 0.9941825 0.1077252 3.84262e-6 0.9941808 -0.3183031 -0.01365077 0.9478907 -0.2105539 -0.02020281 0.9773735 -0.105396 -0.04652124 0.9933416 -0.1077893 -0.01376479 0.9940785 -0.3165736 0.002358555 0.948565 -0.1023383 0.03853321 0.9940031 -1.10253e-5 -0.05753415 0.9983436 0.1023386 0.03853458 0.9940031 -0.1181833 0.04527902 0.9919589 -0.6024931 0.11983 -0.7890773 -0.1795486 0.05706453 -0.9820927 -0.2234334 0.04734081 -0.9735689 -0.6954037 0.1067375 -0.7106482 -0.6852421 0.1194924 -0.7184461 -0.7421973 0.08475208 -0.664801 -0.7413811 0.1034712 -0.6630595 -0.7716965 0.07814693 -0.6311717 -0.9077194 0.04214221 -0.4174562 -0.8930642 0.04394137 -0.4477787 -0.790098 0.08855313 -0.6065506 -0.773119 0.08362835 -0.6287236 -0.8922364 0.04080021 -0.4497219 -0.8391467 0.06425428 -0.5400967 -0.8344203 0.07314997 -0.5462526 -0.8716217 0.0477364 -0.4878492 -0.8710618 0.05937308 -0.4875721 -0.2292321 0.1114346 -0.9669721 -0.2261755 0.1428905 -0.9635492 -0.6163641 0.1399328 -0.7749285 -0.6569352 0.1069862 -0.7463178 -0.8109464 0.07044941 -0.580864 -0.2880401 0.08747339 -0.953615 -0.232128 0.1417325 -0.9623038 0.06225442 0.5903267 0.80476 0.01503318 0.01692861 -0.9997438 0.7481179 0.2543536 0.6128818 -0.1400045 0.6066506 0.7825432 0.1006488 0.5982998 0.7949259 0.9984431 0.05267846 0.01834034 -0.3245815 0.5430577 0.7744257 -0.998534 0.04969966 0.02144664 -0.9987838 0.04243028 0.02510964 0.2643358 0.543652 0.7965984 0.9808829 0.01574248 -0.1939613 0.1494983 0.1408024 -0.9786854 -0.1494975 0.1408026 -0.9786855 -0.1989589 0.614583 0.7633499 -0.9539489 0.02198803 0.2991622 0.9985808 0.05076193 0.01611971 -0.5491279 0.4364529 0.7127183 0.1499298 0.6079958 0.7796552 0.9582229 0.01441347 0.2856593 0.474755 0.4603527 0.7501221 -0.7203997 0.2975605 0.6264839 0.07418924 0.1524982 -0.9855153 -0.07418948 0.1524984 -0.9855152 -0.9954932 -0.03303396 0.088894 -0.9891152 -0.04822969 0.1390143 0.6466425 0.3397628 0.6829457 0.4675457 0.2000169 -0.8610426 -0.4578921 0.1950155 -0.8673545 -0.5530002 0.2513881 -0.7943518 -0.2696974 0.6177029 0.7387195 0.6332368 0.2101793 -0.7448731 0.5581053 0.2473501 -0.7920457 0.3893387 0.2193349 -0.8945991 -0.389335 0.219339 -0.8945998 0.2103059 0.6154763 0.7595792 0.9999809 0.003313004 0.005207955 -0.9999654 -4.83324e-4 0.008320033 -0.9993479 0.008777856 0.0350278 0.9996803 0.004179 0.02493619 0.9955477 -0.05165195 0.07884865 -0.4066945 0.5342277 0.7410806 -0.6342714 0.2180534 -0.7417227 0.6967195 0.1802696 -0.6943233 0.300707 0.2390879 -0.9232618 -0.3007062 0.2390886 -0.9232618 0.3372384 0.5423874 0.7694714 -2.61971e-5 0.6716726 0.7408482 0.001274526 0.6224559 0.7826539 0.04933351 0.6800944 0.7314629 0.01775413 0.210375 -0.9774596 0.01816529 0.08300608 -0.9963835 -0.01525187 0.1986797 -0.9799458 -0.6979272 0.1862564 -0.6915246 0.7523103 0.1531493 -0.640761 -0.04011642 0.6801311 0.7319921 -0.08511716 0.6877982 0.7208945 0.211754 0.2624302 -0.9414302 -0.211754 0.2624298 -0.9414303 -0.9370753 0.02118426 0.3484839 -0.1396974 0.6980463 0.7022935 0.09470516 0.6931371 0.7145572 -0.9785683 -0.06154274 0.196511 0.900278 0.09843093 0.4240412 -0.3520635 0.6127046 0.7075623 -0.7534698 0.1577432 -0.6382793 0.8003197 0.128577 -0.5856248 0.1280478 0.2967865 -0.94632 -0.1280475 0.2967867 -0.94632 -0.87439 0.1259476 0.4685932 0.2825256 0.6176305 0.7339699 0.987483 -0.05948787 0.1460775 -0.2102028 0.7047566 0.6775935 0.8175572 0.1915839 0.5430433 0.1531764 0.7034745 0.6940178 -0.6405012 0.398395 0.6565362 -0.8013668 0.1321492 -0.5833933 0.8409001 0.1078754 -0.5303302 0.05724501 0.3038598 -0.9509954 -0.05704355 0.3557941 -0.9328219 -6.6242e-6 0.1869615 -0.9823673 0.4761475 0.2836942 -0.8323467 -0.4760518 0.2838097 -0.8323622 0.563921 0.4336538 0.7028068 -0.4973038 0.513992 0.6989287 0.3932486 0.3185075 -0.8625015 -0.3932417 0.3185039 -0.8625058 0.9988908 -0.04579949 0.01094156 0.9961384 -0.08724319 -0.009853541 -0.997447 -0.06311094 0.03341424 -0.996668 -0.08130723 -0.006498813 -0.2955644 0.7025274 0.647377 0.300633 0.3640435 -0.8815283 -0.3006325 0.364043 -0.8815287 0.4204584 0.5320399 0.7349479 -0.9788795 0.01228028 -0.2040688 -0.9950803 0.002752542 -0.09903424 0.9980632 -0.05525332 0.02858364 0.2260397 0.7087252 0.6682924 -0.9705369 -0.07162004 0.2300623 -0.7993844 0.2364879 0.5523206 -0.4444581 0.5962876 0.6685044 0.2078939 0.419793 -0.8834897 -0.2078937 0.4197929 -0.8834898 0.003261685 0.7200403 0.6939247 -0.02964186 0.7687709 0.638837 0.01011389 0.752594 0.6584072 0.03439605 0.4492769 -0.8927302 -0.007825553 0.4984879 -0.8668614 -0.02159297 0.3114681 -0.9500113 -0.0158925 0.4547367 -0.8904842 -0.8422945 0.1091328 -0.5278543 0.8768946 0.08502852 -0.4731027 -0.04604935 0.768806 0.637822 -0.04600614 0.7687852 0.6378502 -0.04673588 0.7785006 0.6259014 0.009317934 0.7658554 0.6429452 0.03095173 0.7689292 0.6385843 0.05151957 0.7646605 0.6423708 0.05597633 0.7677631 0.6382842 0.7296854 0.2906442 0.6189388 0.3662024 0.6111664 0.7016919 -0.07516741 0.7861773 0.6134127 -0.108899 0.7825724 0.6129613 0.1111654 0.7731894 0.624356 0.1021334 0.7875322 0.6077515 0.1253718 0.8090107 0.5742679 0.08420509 0.7784897 0.6219834 0.1289017 0.5023116 -0.8550249 -0.1232128 0.4898209 -0.8630725 -0.3883979 0.6875075 0.6135801 -0.1066737 0.7866979 0.6080519 -0.1850972 0.7886409 0.5863314 -0.1391923 0.7844539 0.6043656 0.3147346 0.7023553 0.6384662 0.1965349 0.7850294 0.5874546 0.1543366 0.785949 0.598719 -0.8769748 0.08491015 -0.4729753 0.9096242 0.06955218 -0.4095684 -0.06857877 0.5863583 -0.8071436 -0.488348 0.3637228 -0.7932351 -0.5893557 0.3858681 -0.7097647 0.4885696 0.3638479 -0.7930412 0.4095661 0.4296811 -0.8047546 -0.4095662 0.4296814 -0.8047544 -0.9618772 -0.07069039 0.2641876 -0.9965823 -0.05258572 0.0637058 -0.9846464 -0.150334 0.0887193 0.9938638 -0.1051262 0.03439837 0.9892576 -0.1451544 0.01731008 0.9614662 -0.2740332 -0.02210569 -0.9620683 -0.2715566 -0.02610909 -0.9870058 -0.1596068 0.01858228 -0.9937263 -0.1048401 0.03894507 0.6667553 0.3228566 -0.6717151 0.605427 0.3825936 -0.6979115 -0.5920954 0.4804357 0.6469967 0.3153597 0.5027629 -0.8048465 -0.3153585 0.5027634 -0.8048467 -0.179278 0.783026 0.5955918 -0.186192 0.7972801 0.5741751 -0.2840816 0.7914927 0.5411443 -0.2169889 0.7816371 0.5847728 -0.7297104 0.3463535 0.5895439 -0.5431405 0.5659082 0.6202793 0.9380359 0.01312828 0.3462893 0.9722941 -0.07813608 0.2203158 -0.6748028 0.3206958 -0.6646769 0.7355588 0.2634968 -0.6241177 0.5114718 0.5100569 0.6915481 0.2922382 0.7773618 0.5570507 0.2491683 0.7864131 0.5652163 0.1940103 0.8002893 0.5673598 -0.9241515 0.04218703 0.3796896 0.2220718 0.515594 -0.827555 -0.22042 0.5866894 -0.7792372 -0.01993745 0.8447637 0.5347681 0.01977229 0.7780926 0.6278383 0.009202659 0.8170376 0.576511 -0.04105603 0.8134622 0.5801669 0.01318645 0.8472714 0.5309967 -0.0034011 0.6660929 -0.7458611 -0.005362033 0.5845388 -0.811348 0.01519739 0.6799567 -0.7330948 -0.01037728 0.6802657 -0.7328922 0.4594563 0.5928801 0.6613571 0.0103383 0.7948238 0.6067523 0.6547479 0.393812 0.6451491 0.9836403 -0.1496021 0.100355 -0.1170759 0.863726 0.4901742 -0.4907504 0.660481 0.5682683 0.8783773 0.1178029 0.4632234 -0.1594002 0.8349794 0.5266887 0.001168251 0.8742167 0.4855344 -0.7360652 0.2551628 -0.626977 0.7768318 0.2200255 -0.5900179 0.04022645 0.8869619 0.4600875 -0.9112069 0.06586509 -0.4066497 0.1580311 0.6672687 -0.727859 0.02041262 0.8327383 -0.5532903 -0.1433655 0.6899984 -0.7094706 0.4074172 0.6859813 0.6028606 0.1166861 0.8376376 0.5336176 0.1550852 0.8347314 0.5283675 -0.3912674 0.7698699 0.5041927 -0.3310086 0.7804434 0.5304162 -0.7768241 0.2136893 -0.5923522 0.8245758 0.1772195 -0.5372784 0.3130116 0.7974662 0.5158213 -0.0270487 0.8424372 -0.5381151 -0.8690001 0.1625488 0.467351 -0.9694117 -0.2363924 0.06602746 0.9812936 -0.1923586 0.007818102 0.5162079 0.4630433 -0.7205001 0.435815 0.4713584 -0.7667375 -0.4492415 0.5366598 -0.7142677 -0.5224193 0.4564362 -0.7202389 0.3557463 0.6388263 -0.6821625 -0.337511 0.6519949 -0.6789618 1.24886e-6 0.8986592 0.4386475 -0.01813858 0.8983578 0.4388899 -0.08376795 0.9103982 0.4051644 0.01627469 0.8991646 0.4373081 0.8073745 0.22859 0.5439603 -0.3692898 0.8159418 0.4448193 -0.2957848 0.8610305 0.413688 -3.84006e-6 0.7487 -0.6629091 -0.2173956 0.7729369 -0.5960769 0.2109894 0.8569442 0.4702448 0.9953163 0.004676997 -0.09655946 -0.8243488 0.1724636 -0.5391712 0.8615936 0.1380963 -0.4884527 0.09280258 0.9106879 0.4025362 -0.01336288 0.9079654 0.4188321 -0.6423824 0.5203717 0.5626351 0.1423537 0.8310664 -0.537647 -0.1674399 0.8323103 -0.5284161 -0.06515967 0.902837 -0.4250172 -0.5976958 0.6154105 0.5138382 -0.6859487 0.4326077 0.5850855 0.05699098 0.9471926 0.3155603 -0.004818618 0.8094704 -0.587141 -0.06156665 0.9519016 0.300155 -0.005549013 0.9352556 0.3539298 -0.4168553 0.7728322 0.4784999 -0.3903508 0.7723989 0.5010251 0.605857 0.4747268 0.6384136 0.5580952 0.5604831 0.6118729 -0.2474724 0.9062961 0.3426145 0.5115795 0.654774 0.556379 0.4345606 0.7653812 0.474709 0.3562483 0.7925874 0.4948662 0.3965496 0.7622148 0.5116415 0.4098177 0.7664332 0.4946005 -0.4105541 0.7921499 0.4516015 -0.05237221 0.8724772 -0.4858404 -0.04715138 0.9138668 -0.4032671 -0.8622882 0.1359497 -0.4878289 0.2995562 0.8632562 0.4062696 0 0.9625603 0.2710676 -0.2102239 0.9378024 0.2762839 0.1454991 0.9326601 0.3301141 0.05060064 0.8973094 -0.4384925 0.04336744 0.8955295 -0.442884 -0.811908 0.2803683 0.5120539 0.03504616 0.9480371 -0.316224 0.07874637 0.9220137 -0.3790647 -0.06857883 0.91251 -0.4032648 0.04041624 0.9859476 -0.1620926 0.2019498 0.8435329 -0.497663 0.3989036 0.7433102 -0.5369973 0.5478471 0.5363944 -0.6419849 -0.2145305 0.9012589 -0.3764427 -0.3868973 0.7344433 -0.5575874 -0.5651751 0.5414982 -0.62238 -0.03746426 0.9761651 0.2137715 0.03970241 0.9734706 0.2253417 -4.40969e-7 0.9783886 0.2067752 -0.9741963 -0.1680524 0.1506651 -0.9702994 -0.1669409 0.1750711 0.4159262 0.7886797 0.4527581 -0.6734127 0.4901233 -0.5534389 0.1565144 0.925378 -0.3452228 -0.117955 0.9600409 -0.2537876 -0.0773952 0.9788392 0.1894302 -0.1920252 0.964307 0.1823146 -0.1586374 0.9774909 0.1390891 0.09534442 0.9765265 0.1931466 0.7426791 0.3400858 0.5768617 0.07986849 0.9165911 -0.3917676 0.01113146 0.9834051 -0.1810814 -0.9513592 0.0546984 -0.3031894 0.9149373 0.09399324 -0.3924985 0.9762039 0.02506715 -0.2154011 0.950598 0.05095964 -0.3062136 0.9618976 -0.07853239 0.2618891 0.9730891 -0.1736433 0.1514784 -0.961519 -0.2631171 0.07906234 -0.9579028 -0.05044925 0.2826257 0.7463691 0.3944567 -0.5360383 0.666435 0.5013924 -0.5517881 0.1252854 0.9642305 -0.2335877 -0.02317065 0.9840148 -0.1765735 -0.06266605 0.986563 -0.1508862 -1.01296e-6 0.9894951 0.1445664 -7.64966e-7 0.9908741 -0.1347916 0.2169938 0.9383797 0.2689936 -0.02896243 0.9910509 0.1303051 -0.07687997 0.9920336 0.09979403 0.03855252 0.9896488 0.1382353 0.01167023 0.9966298 0.08119702 0.05054885 0.9908525 -0.1251245 0.004612386 0.9999889 -0.001017212 0.9675286 -0.2456908 0.05936682 0.9695846 -0.2429216 0.02991271 0.9268165 0.0338003 0.3739905 -0.9145286 0.091434 -0.3940522 0.01294285 0.9989196 0.0446335 -0.05215036 0.9966009 0.0637747 -0.03043049 0.9975311 0.06329113 0.07876211 0.9920642 0.09800577 0.03411561 0.9978808 0.05540949 -0.7455425 0.3739759 -0.5516416 -1.48467e-5 0.9996986 0.02455085 -8.84466e-7 0.9992907 -0.03766041 -5.02525e-6 0.9993507 0.03603154 0.05829453 0.9969208 0.05244839 -0.1393613 0.9891344 0.04681301 0.1571949 0.9789006 0.1305505 -0.5098279 0.736553 0.4444831 -0.4424648 0.7733862 0.4539811 -0.5674983 0.7050039 0.4253413 -0.08566921 0.9959788 -0.02621352 0.08292627 0.9958719 -0.03691226 -0.563874 0.7597183 0.323843 0.4649103 0.7618107 0.4511133 0.491276 0.775457 0.3966286 0.1320586 0.9905233 0.03773653 0.205128 0.9199727 -0.3340255 -0.1504055 0.9820266 -0.1140263 -0.23219 0.9543512 -0.1878872 -0.2913878 0.9078599 -0.3014688 0.2230572 0.9639874 -0.1448238 -0.523383 0.8031959 0.2845112 -0.69958 0.5538594 0.4514729 -0.4734479 0.8458146 0.2458555 0.3877933 0.8652895 0.3176326 0.4284968 0.7991644 -0.4215765 -0.4165479 0.8161159 -0.4005533 0.547793 0.715248 0.4339852 0.6166138 0.6067031 0.5016962 -0.4276626 0.8825596 0.1954313 -0.3865892 0.9124295 0.134243 0.3004108 0.9319488 0.2030388 -0.7361611 0.4599833 0.4964699 -0.9815009 -0.1908728 0.01495558 -0.1935577 0.9790419 0.06334531 0.2132347 0.9708121 0.1097945 0.2885457 0.9485557 -0.130321 0.3095726 0.9507701 -0.01417917 0.6563419 0.5130645 0.5531548 -0.3225076 0.9457241 -0.03993541 -0.363552 0.9306018 0.04254806 -0.9248455 0.07673311 0.3725224 -0.8106083 0.2648317 -0.5222821 0.8106083 0.2648273 -0.5222843 -0.521999 0.702902 -0.4831624 -0.6040917 0.6161525 -0.5054002 0.5997766 0.6018385 -0.5273125 0.9681153 -0.2501283 0.01373797 0.6986032 0.4252524 0.575425 -0.7737125 0.3706527 0.5137954 0.8753588 0.153884 0.4583304 -0.9641607 -0.2646635 0.01863932 -0.3881192 0.9153742 -0.107022 0.3926481 0.9105086 0.1296219 0.477521 0.8174724 -0.3220445 0.5000343 0.8435956 -0.1957355 0.3845745 0.922273 -0.03892379 -0.5158804 0.8274445 -0.2218176 0.4796571 0.8433592 0.2422283 0.5815384 0.7475991 0.3207939 -0.6242729 0.7186288 -0.3063592 0.4897847 0.8704758 0.04881674 0.6155408 0.673077 0.409972 0.5768669 0.6884762 0.4395738 -0.6678286 0.6693533 0.3255322 -0.6152809 0.6755313 0.4063088 -0.6715973 0.6314216 0.3876388 -0.615274 0.6755337 0.4063155 -0.8824977 0.2013444 0.4250392 -0.5598 0.8189694 -0.1261476 -0.5817055 0.8128093 -0.03098195 -0.8810772 0.1780005 -0.4381996 0.8710743 0.1923988 -0.4518986 -0.7050827 0.6042335 -0.3711607 0.6076054 0.6408706 -0.4691488 0.6526234 0.6615203 -0.3694234 0.5767215 0.7911388 -0.2036956 0.6743489 0.6489776 0.3522523 0.7154387 0.5430339 0.4396154 -0.6199375 0.7839926 0.03214216 0.5728806 0.8033389 0.1626483 0.5858874 0.8096114 -0.03557074 0.8229718 0.2726436 0.4983803 -0.7910578 0.4774646 0.3824332 -0.9606842 -0.2646707 0.08387666 -0.6583805 0.7480267 0.08361375 -0.9774104 0.02779114 -0.2095153 0.9926022 0.01153677 -0.1208627 -0.7959626 0.4425793 -0.4129977 0.9693948 -0.1744115 0.1727848 0.9596388 -0.269419 0.08066493 0.7484016 0.4511148 0.4862001 -0.9419866 -0.335102 0.0191791 -0.9338675 -0.3575222 0.008332669 -0.6967085 0.7065196 0.1242075 0.6802209 0.7077596 0.190725 -0.9722717 -0.1492205 0.1800587 0.6736012 0.7297261 -0.1173081 -0.9649947 -0.2604045 0.03121995 -0.8193156 0.3864343 0.4235452 0.9505532 -0.3102257 0.01445221 0.9366216 -0.3503417 -8.96221e-4 0.8801528 -0.4742327 -0.02084797 -0.8818383 -0.4708142 -0.02637177 -0.9313072 -0.3639537 -0.01431143 -0.9504114 -0.310855 0.009349465 -0.7257321 0.6657896 0.1733121 0.9378471 -0.34704 0.002490103 0.9591184 -0.05881965 0.2768254 0.6766433 0.6585488 0.3293438 0.6618201 0.7452538 0.08118534 -0.8467096 0.3057854 -0.435406 0.8549811 0.3132033 -0.4134138 0.8023888 0.4558041 -0.3852469 0.7849216 0.5847814 0.2047658 0.7846677 0.3619219 0.5032982 -0.8507465 0.2957787 0.4344483 -0.7328735 0.6536858 -0.1886563 -0.7237575 0.647227 -0.2393165 0.7312014 0.6474615 -0.214798 0.6754053 0.6630661 0.3227555 -0.7060142 0.6073111 0.364304 -0.9627831 -0.01915121 0.269596 -0.8047919 0.5631877 0.1874295 0.7619619 0.5701195 0.3072099 0.6916556 0.6079154 0.3899379 -0.7294199 0.5978887 0.332379 0.9363494 -0.3506066 -0.01802599 0.9030725 -0.4286859 -0.02624303 0.9292936 0.06757825 0.363107 0.7393855 0.6547415 0.156916 -0.7781084 0.550841 0.3018637 -0.7718456 0.6203281 -0.1394538 0.7406293 0.6719122 0.001502215 -0.9060579 -0.4228181 -0.01685649 -0.8465833 0.457454 -0.2720895 0.8023901 0.4666645 0.3720139 -0.8093664 0.5831849 -0.0694366 -0.8663724 0.3903232 0.3115237 -0.93746 0.1108108 0.3299844 -0.9250446 0.1082411 -0.3641106 0.9083761 0.1875457 -0.3737371 0.9592175 0.0661984 -0.2748084 0.9365515 0.1091444 -0.333105 0.8293823 0.3764332 0.4128235 0.7927519 0.6017009 -0.09747064 0.8911682 0.1925002 0.4108076 -0.8323266 0.5541818 -0.01073497 0.8170709 0.5755664 0.03344517 -0.9327197 -0.3605501 -0.006141304 -0.8882175 0.3022863 0.3459664 0.8058261 0.5252072 0.2734992 0.9589322 -0.2715975 0.08175522 0.9316638 -0.3631805 0.01012378 -0.8922311 -0.4476121 -0.05972534 -0.9985733 9.90213e-4 -0.05339109 -0.9916709 0.008534193 -0.1285151 0.8595805 0.2860379 0.4234428 -0.9652105 -0.2502596 0.07575476 -0.8613857 0.5072175 0.02730077 -0.815331 0.506087 0.2812672 -0.8584488 0.4744915 0.1947394 -0.8894267 0.2998356 -0.3449912 0.847703 0.4494392 -0.2817873 0.9720302 -0.1572944 0.1744013 -0.9133898 0.2098956 0.3488024 -0.8555921 0.4514394 0.2533077 -0.8153442 0.5060712 0.2812574 0.8980518 0.4372688 0.04794746 -0.9054489 0.1961604 -0.3764085 0.8459486 0.5329533 -0.0182144 -0.9191445 -0.3934779 -0.01867043 0.8389216 0.4737757 0.2678567 0.8636649 0.451668 0.2237838 0.8740227 0.3808268 0.3017539 -0.9792906 -0.1219438 0.1616164 0.9247045 -0.3802974 -0.01718974 0.965137 -0.02842229 0.260198 0.8943312 -0.4472331 -0.01243227 -0.8904489 0.4153645 -0.1859384 -0.9252704 0.2953581 0.2379878 -0.8883282 -0.459156 -0.006981551 -0.8992336 0.4320524 0.06862884 0.8628592 0.4733219 0.1773146 -0.9605227 0.07184457 -0.2687649 0.9766957 0.0341019 -0.2119024 0.8958972 0.2916166 0.3351537 -0.97341 0.01086926 0.2288123 0.8847088 0.3223826 -0.3366899 0.864663 0.4586895 0.2048462 -0.9211879 0.3717018 -0.1151115 0.8898306 0.4180582 -0.1828355 0.9434249 0.1012981 0.3157343 -0.9408571 0.2102287 0.2656915 -0.8805483 0.4145414 0.2297614 -0.9353887 0.347269 0.06672596 0.8872985 0.4135397 0.2041725 0.9416265 0.3259229 0.08434361 -0.8876385 -0.4513282 -0.09165561 -0.9257772 0.2838383 -0.2497448 0.9198929 0.1995315 0.3376157 -0.8574404 -0.5114033 -0.05712032 -0.8382051 -0.5313496 -0.1228008 0.9302747 -0.3667783 -0.007932662 0.8898418 -0.4526048 -0.05771064 -0.8946825 0.3991162 0.2006226 -0.9366561 -0.3492791 -0.02606737 -0.9400613 0.1261713 -0.3168056 0.853671 -0.5169022 -0.06370282 0.892043 -0.4519221 -0.005086123 -0.9256536 0.340834 0.1643099 0.9636361 -0.2577503 0.07050067 -0.9591114 0.1150873 0.2585734 0.926547 0.3401289 0.160696 0.9293678 0.2879019 0.2310588 -0.9999895 1.67269e-6 0.004600346 0.9987789 0.004144668 -0.04922938 -0.8895339 -0.4568676 -0.001225411 0.868561 -0.495249 -0.01818042 0.7612858 -0.6479409 -0.02483022 -0.7599757 -0.6493862 -0.02710598 -0.8115234 -0.5829095 -0.04057711 -0.836031 -0.5476284 -0.033993 -0.8637292 -0.5035846 -0.01935166 -0.9467288 0.3173876 -0.05449503 0.9236074 0.3662659 -0.1131311 -0.9724287 -0.2271181 0.05291426 0.9795655 -0.1308802 0.1527155 -0.9662758 0.197548 0.165185 -0.940209 0.1785843 -0.2900251 0.9506365 0.1782754 -0.2539852 0.9276269 0.2744787 -0.2533177 0.9623716 0.1089625 -0.2489339 0.8386135 -0.5412452 -0.06149047 -0.9779335 0.03542006 -0.2058926 0.9893957 0.01501762 -0.1444662 0.94616 0.1992944 0.2550745 -0.8016897 -0.5907251 -0.09130984 0.9279242 0.3395088 0.1539171 -0.9503298 0.2449846 -0.1919788 -0.9876549 -0.09531843 0.1243072 -0.9764484 0.1124922 0.1841038 0.9765806 0.001194119 0.2151486 0.9535036 0.288127 -0.08839493 0.9726346 0.2261059 -0.05346101 -0.9491919 0.2835732 0.1364591 -0.9651179 0.2540875 0.06314247 -0.8280228 -0.5343786 -0.1697589 0.9632239 0.1044924 0.2475503 -0.7740505 -0.607281 -0.1790413 0.88472 -0.4567549 -0.09298121 0.8357636 -0.5356882 -0.1205713 -0.9696032 0.2169582 0.1131322 -0.9491922 0.2835726 0.1364582 0.7965947 -0.5963899 -0.09877306 -0.8885772 -0.4423642 -0.1214283 0.9380835 0.3049466 0.1643378 0.9684793 0.2272329 0.1020443 0.9682713 0.1905859 0.1616409 0.9340017 -0.3559486 -0.03068321 -0.9861478 0.01342654 0.1653257 0.9660802 0.248286 0.07101559 0.8223056 -0.5668441 -0.05001372 -0.9602113 0.09953105 -0.2609366 0.9688978 0.05603402 -0.2410342 -0.9425848 -0.3299008 -0.05195641 -0.9733719 0.2232021 -0.05223059 0.989955 0.135848 -0.03917264 -0.9903878 0.09908008 0.09651595 0.9708837 -0.2353034 0.04491364 -0.9716269 0.1918322 -0.1383529 0.9521474 0.2409645 -0.18802 0.77893 -0.6264317 -0.02918243 0.9795081 0.1016107 0.1738944 0.9686406 0.2289813 0.09645229 -0.7738892 -0.6326851 -0.02837514 -0.7377159 -0.6642262 -0.1207428 -0.9899914 0.01568144 -0.140254 0.9974134 0.005441665 -0.07167351 -0.959415 0.146561 -0.2409208 -0.9788862 -0.2033975 0.02028012 -0.7572637 -0.6080571 -0.2383659 -0.9947302 0.01071113 0.1019673 -0.7023264 -0.674625 -0.2271978 0.9882066 -0.1045755 0.1118565 0.824874 -0.5389733 -0.1705601 0.7716633 -0.6110063 -0.1766558 0.7304515 -0.6703906 -0.1304493 -0.9788411 0.1870429 0.08297628 -0.9913119 0.1214764 -0.05044031 -0.976741 0.1812264 0.1146043 0.9780424 0.2006708 0.05625152 0.9879381 0.003004491 0.1548206 -0.9878892 0.1494489 0.04171127 -0.8244847 -0.5265944 -0.2071797 0.8851853 -0.4480636 -0.1252447 0.9917532 0.08943492 0.09179925 -0.7738869 -0.6326879 -0.02837496 0.7807279 -0.6244055 -0.02411949 -0.9931861 -0.09244787 0.07095736 -0.9704458 0.05518442 -0.2349247 0.9781677 0.02704823 -0.2060498 0.9691938 0.1772096 -0.1710563 0.9819031 0.1205824 -0.1460347 -0.7378559 -0.6736568 -0.04189765 0.7476125 -0.6631245 -0.03662568 0.6999321 -0.7117808 -0.05884951 0.6021536 -0.7979928 -0.02487653 -0.6031261 -0.7971769 -0.02735149 -0.668888 -0.7409012 -0.06045156 -0.7022441 -0.7098503 -0.05446016 -0.8922609 -0.4262199 -0.1490206 0.9396458 -0.3370586 -0.05879998 -0.9995804 -4.04423e-4 0.02896499 -0.6672369 -0.7305238 -0.1453614 0.9836111 0.1784412 0.02584826 0.9957253 1.82386e-4 0.09236472 0.9936431 0.1092753 0.02706348 -0.9727678 0.104745 -0.2067638 0.9608194 0.1546331 -0.230032 -0.6789354 -0.6717479 -0.2963132 -0.6256222 -0.7331555 -0.2666082 0.7541157 -0.6118444 -0.2386546 0.700057 -0.6777886 -0.2247726 0.6580228 -0.7332015 -0.1715272 0.6727604 -0.734934 -0.08523768 -0.999996 2.19056e-4 -0.002821683 -0.9971013 0.003206312 -0.07601952 -0.9477455 -0.3089879 -0.07940489 -0.9954287 -0.09338259 0.02003514 0.977274 -0.2117675 0.009498894 -0.7485944 -0.6003754 -0.2813466 -0.9858111 0.1103699 -0.1264716 0.9875511 0.04372054 -0.151101 0.8207172 -0.5312862 -0.2101389 0.9928653 -0.1022291 0.06138294 -0.9901487 0.1267158 0.05957227 -0.9997801 0.005312144 -0.02029311 -0.9984703 0.05524188 0.00232625 0.6782788 -0.7329455 -0.05223816 0.9957767 0.09108752 0.01148772 0.9996294 -0.009736359 0.02542322 -0.9791613 0.02653098 -0.201344 0.9868124 0.01027846 -0.1615418 0.9979812 0.03569996 -0.05252903 -0.9981763 0.03469628 -0.04939877 -0.9797262 -0.1991338 -0.02196121 0.6074181 -0.7881309 -0.09946328 0.6355678 -0.7715921 -0.02644318 -0.8253419 -0.5132279 -0.2353891 0.8884156 -0.4322202 -0.1546074 -0.6238601 -0.780111 -0.04717642 -0.5874559 -0.7914329 -0.1689075 0.9999948 8.25271e-4 -0.003135502 -0.5463306 -0.7830567 -0.2972289 -0.5964647 -0.7255884 -0.3431492 -0.9942263 -0.1025971 -0.03143006 0.5819416 -0.7899487 -0.1931974 0.6234768 -0.7358086 -0.2643151 0.6759704 -0.6747992 -0.2961589 -0.9773977 0.04459416 -0.2066522 0.9714044 0.09232801 -0.2187439 0.9773884 0.04534572 -0.206533 0.9976533 0.06762009 -0.01075458 0.9945985 -0.1031768 0.01133078 -0.985148 -0.05302971 -0.1633135 -0.9883611 0.03354007 -0.1483834 0.9862665 -0.05332493 -0.1563165 -0.9710459 0.04693335 -0.2342377 0.9738112 0.01848226 -0.2266063 0.9737198 0.04609882 -0.2230349 -0.6238602 -0.7801109 -0.04717618 -0.6650344 -0.66333 -0.3431071 -0.8964135 -0.4088344 -0.1711643 0.6326024 -0.7738542 -0.03104925 0.9989119 -0.01700997 -0.0434246 0.7447776 -0.6041067 -0.2834809 0.9447938 -0.3146907 -0.09129345 -0.978428 -0.1975785 -0.06034374 -0.575992 -0.8158569 -0.05109685 0.5840709 -0.81138 -0.02288508 0.5434458 -0.8378046 -0.0524429 0.4161716 -0.9089919 -0.02313131 -0.4182817 -0.9078996 -0.02754789 -0.4967847 -0.8667401 -0.04434639 -0.5382262 -0.841339 -0.04961264 0.5282146 -0.8420923 -0.1089497 0.9787761 -0.2027277 -0.02998167 -0.9988023 -0.03212076 -0.03691178 -0.999504 -0.02204555 -0.02248698 -0.5207634 -0.8472524 -0.1047322 0.9932226 -0.1105439 -0.03590172 -0.5037841 -0.8386392 -0.2070893 -0.4660212 -0.824916 -0.319903 -0.7461845 -0.589455 -0.3094375 0.5022311 -0.838958 -0.2095555 0.544226 -0.7852586 -0.2952747 -0.51314 -0.770097 -0.3789963 -0.9874604 0.01025086 -0.1575341 0.9944702 0.001616954 -0.1050066 -0.9464246 -0.3033291 -0.1107804 0.821051 -0.5180696 -0.2397487 0.5937916 -0.7279936 -0.3426908 -0.9954311 -0.06950712 -0.0654655 -0.9893853 -0.03157478 -0.1418447 -0.9823293 -0.08317762 -0.1676622 0.9977704 -0.009432375 -0.06607198 0.9855505 -0.0867384 -0.1454879 0.9844778 -0.074234 -0.1590372 -0.9805504 0.002206981 -0.1962552 0.9757196 -0.009437859 -0.2188202 0.5055776 -0.8611878 -0.05241096 -0.5776042 -0.7158254 -0.3923867 -0.9777368 -0.1921471 -0.0843231 0.6614214 -0.6662105 -0.3445073 -0.444967 -0.8888642 -0.1092011 -0.4224685 -0.8792376 -0.2201405 0.4443721 -0.8883091 -0.1159324 0.462917 -0.8858375 -0.03162008 0.9770397 -0.2034122 -0.06337869 -0.8303312 -0.4970874 -0.2519013 -0.9733036 0.01208657 -0.2292032 0.9772842 4.50949e-4 -0.2119328 0.8905464 -0.4158744 -0.1843246 0.9948837 -0.06974786 -0.07308787 -0.3854106 -0.8594188 -0.3359435 -0.4469158 -0.8937434 -0.03858715 0.4195923 -0.8802981 -0.2213992 0.4639112 -0.8266893 -0.3183888 -0.973984 0.006229281 -0.2265316 0.9736739 0.006510734 -0.2278525 -0.4312328 -0.8062667 -0.4049351 0.5107362 -0.7719597 -0.3784533 -0.944065 -0.2996985 -0.1375577 -0.6588965 -0.6545779 -0.3706523 0.9420636 -0.3058649 -0.1377052 -0.4373295 -0.8990173 -0.02260249 0.4564624 -0.8888656 -0.03949785 0.7418252 -0.5932292 -0.3126891 0.9840371 -0.1538602 -0.08943235 -0.9847653 -0.1431195 -0.0987631 -0.3519813 -0.9281444 -0.121067 -0.3373283 -0.9132463 -0.2284536 0.3590266 -0.9256473 -0.119487 0.358288 -0.9321909 -0.05147683 0.3979574 -0.9172813 -0.01500236 -0.8949043 -0.4009398 -0.1959428 -0.4902347 -0.7584252 -0.4294894 0.9757375 -0.2016239 -0.08534693 0.5743761 -0.7179788 -0.3931902 -0.4071537 -0.913269 -0.01287132 0.2100089 -0.9774847 -0.02049756 -0.2140232 -0.9764358 -0.02770042 -0.3129319 -0.949191 -0.03331857 -0.3450487 -0.937475 -0.04563075 -0.984619 -0.0614531 -0.1635514 -0.980936 -0.03966706 -0.1902397 -0.9763039 -0.0559616 -0.2090436 0.9826625 -0.05248349 -0.1778201 0.9856935 -0.06512755 -0.1554567 0.9703953 -0.06378054 -0.232949 0.9772455 -0.05438351 -0.2050215 -0.9997613 7.01252e-5 -0.02185112 -0.9946264 0.004618823 -0.1034269 0.9998593 0.001820802 -0.01667594 0.9989655 -4.30156e-4 -0.0454725 -0.3048802 -0.8870446 -0.3466991 0.3346415 -0.913952 -0.2295796 0.3833045 -0.860773 -0.3348845 -0.3516413 -0.8352875 -0.4226621 0.4290611 -0.8076597 -0.4044659 -0.2630378 -0.9569441 -0.1227573 0.3225127 -0.9440291 -0.06924438 0.9816266 -0.1507817 -0.1169362 0.9712517 -0.1328071 -0.1975663 -0.9417124 -0.2975192 -0.1570355 -0.7469732 -0.5796256 -0.3256764 -0.2503785 -0.9394248 -0.2340764 0.2633436 -0.9573838 -0.1186017 -0.9825507 -0.1445543 -0.1170392 0.8224942 -0.504685 -0.2622911 -0.9773743 -0.001857161 -0.2115094 0.9832746 -0.007663071 -0.1819684 0.2602536 -0.9646108 -0.0423572 -0.5672864 -0.7088633 -0.4191647 -0.2246565 -0.9080684 -0.3534705 0.2479525 -0.9398432 -0.2349774 0.3028179 -0.8879995 -0.3460613 0.6547428 -0.6574295 -0.3729591 -0.2456198 -0.9687145 -0.03554201 -0.9692841 -0.04047536 -0.2425909 0.9678813 -0.05047798 -0.246288 0.9698313 -0.04283046 -0.2399853 -0.4058827 -0.7922376 -0.4556523 -0.9717866 -0.1307287 -0.1963187 0.487444 -0.7599787 -0.4299197 -0.2500839 -0.9681424 -0.01258456 -0.1704728 -0.9776461 -0.1230743 0.2511734 -0.9676803 -0.02251482 -0.9999561 -0.001262247 0.009287416 0.9983205 -0.04502916 0.03644925 0.9999561 -0.001260876 0.00928837 -0.8934149 -0.3974478 -0.2093929 -0.2746142 -0.8580794 -0.4339202 0.3496564 -0.8362672 -0.4223715 -0.162118 -0.9576573 -0.2379294 0.170275 -0.9780654 -0.1199775 -0.971544 -0.01828944 -0.2361518 0.9704028 -0.02462571 -0.2402332 -0.2033867 -0.9787538 -0.02598041 0.2182446 -0.9757237 -0.01823836 0.1462224 -0.9876086 -0.05699622 0.004332184 -0.9996313 -0.02680915 -0.1033748 -0.993664 -0.04410886 -0.143508 -0.9887242 -0.04277813 -0.1448018 -0.9226134 -0.3575151 0.1600251 -0.9578662 -0.2385043 0.2226859 -0.9086596 -0.3531979 0.9577317 -0.1394736 -0.2515894 0.1188377 -0.9901407 -0.07415467 -0.106304 -0.9868873 -0.1214622 -0.9711573 -0.1775324 -0.1591728 -0.08444035 -0.9691815 -0.2314239 0.0964629 -0.9882962 -0.1181761 0.8902437 -0.4036601 -0.2110084 0.9693548 -0.1882983 -0.1577816 0.939945 -0.3015431 -0.1599231 0.05797284 -0.9972513 -0.04614311 -0.05341273 -0.9976456 -0.04301667 0.002685844 -0.9977631 -0.06679505 0.005897104 -0.9918922 -0.1269456 -0.2000712 -0.8752359 -0.440379 0.2727916 -0.8586945 -0.433853 -0.07070517 -0.9312394 -0.3574829 0.07975053 -0.9676643 -0.2393031 0.1429859 -0.9228921 -0.3575268 0.004736542 -0.9904726 -0.1376284 -0.3257572 -0.8187333 -0.4728194 0.4035176 -0.7933019 -0.4559009 -0.6576629 -0.6490097 -0.3824476 -0.4757177 -0.7526035 -0.4552806 0.7422073 -0.5836215 -0.3294152 0.5635593 -0.7109293 -0.4206907 -0.9989393 0.002802371 -0.04596036 -0.00406748 -0.9716146 -0.2365347 -0.002901434 -0.9471302 -0.3208366 0.07501816 -0.9308077 -0.3577281 -0.8943368 -0.391022 -0.217402 0.9999844 2.0203e-6 0.005603611 -0.9991855 -0.02756786 0.02946966 -0.999987 -2.94141e-4 0.005104303 0.9485781 -0.2150731 -0.232257 -0.9516773 -0.2113248 -0.2228283 -0.9282052 -0.2378005 -0.2861576 -0.9572916 -0.1459899 -0.2495595 -0.1277296 -0.8870702 -0.4436122 0.1984031 -0.8755432 -0.4405229 -0.9740937 -0.06032896 -0.217949 -0.9834078 -0.007713794 -0.181245 0.9886025 -0.0302841 -0.1474723 -0.9558063 -0.230022 -0.1830962 0.9457231 -0.2668983 -0.1854001 -0.9643685 -0.07503044 -0.2537004 0.9672728 -0.05679851 -0.2473 -0.2502403 -0.8391221 -0.482964 0.323755 -0.8194073 -0.473027 -0.08035194 -0.8893952 -0.4500221 0.1262041 -0.8871424 -0.4439041 -0.01065057 -0.9184421 -0.3954122 1.96642e-4 -0.8945631 -0.4469416 0.08065187 -0.8946238 -0.4394812 -0.3879039 -0.7867527 -0.480157 -0.7485044 -0.5737094 -0.3325638 -0.8283071 -0.4891774 -0.2731537 0.4725538 -0.7540099 -0.4562478 -0.919555 -0.2971106 -0.2571849 -0.9243092 -0.3236342 -0.2022711 0.8234117 -0.4948897 -0.2776286 -0.9675157 -0.05160456 -0.2474884 -0.9641748 -0.0654515 -0.2570662 0.9641087 -0.06813818 -0.256616 0.9668385 -0.0566644 -0.2490232 -0.9674023 -0.05799132 -0.2465155 0.967033 -0.05889236 -0.2477477 -0.5627907 -0.7074315 -0.4275597 0.6530703 -0.6520356 -0.3851607 -0.1792833 -0.8542454 -0.4879779 -0.9243267 -0.3234315 -0.2025151 -0.9191225 -0.3289051 -0.2168761 0.2485287 -0.8394851 -0.4832168 0.9164108 -0.3475865 -0.1984318 0.908005 -0.3590533 -0.2158885 0.892708 -0.3987745 -0.2098846 -0.1125873 -0.8645995 -0.4896857 0.1781964 -0.8538277 -0.4891058 0.9429423 -0.1675915 -0.2877031 0.9276359 -0.2361723 -0.2893342 -0.9412005 -0.1723739 -0.2905664 -0.8907993 -0.3133826 -0.3290413 0.9159036 -0.2990789 -0.2677172 -0.894249 -0.3246663 -0.3080758 -0.3056347 -0.8128983 -0.4957659 -0.8254 -0.4906982 -0.2791599 0.3852987 -0.787643 -0.4807948 -0.05588054 -0.8702221 -0.4894802 0.1109495 -0.8637077 -0.4916293 -0.8868445 -0.3714413 -0.2748425 -0.9905187 -0.0523293 -0.1270213 -0.9905622 -0.05300015 -0.1264036 -0.9933425 -0.05553901 -0.1009261 -0.9892277 -0.01110881 -0.145963 0.9950714 -0.05123418 -0.08490055 0.9948912 -0.0500077 -0.08769702 0.9911609 -0.05927771 -0.1186855 0.989399 -0.05599302 -0.1339949 -0.4669644 -0.7545664 -0.4610574 0.01152437 -0.8809715 -0.473029 0.0519607 -0.8683589 -0.4932068 0.9080021 -0.3572844 -0.218815 0.5586155 -0.7096073 -0.4294254 -0.6582746 -0.6481027 -0.3829329 0.7436392 -0.5779813 -0.3360632 -0.2297272 -0.8324809 -0.5041835 0.303518 -0.8134003 -0.4962427 -0.9671363 -0.0610373 -0.2468234 -0.9700155 -0.06155043 -0.2351201 -0.9742076 -0.05787622 -0.2181054 0.9734754 -0.05520439 -0.2220317 0.972897 -0.05780613 -0.223897 0.9680095 -0.06392794 -0.2426335 0.9654437 -0.06388264 -0.2526612 -0.9193204 -0.3273616 -0.2183678 -0.8734335 -0.4129697 -0.2580119 0.8898933 -0.3797748 -0.2527074 0.8289762 -0.4870721 -0.2748806 -0.9642872 -0.06684601 -0.2562847 -0.9651493 -0.06683707 -0.2530214 0.9643073 -0.07052427 -0.2552211 -0.1605258 -0.8466103 -0.5074273 0.2308091 -0.8326638 -0.5033867 -0.37471 -0.790954 -0.4837192 0.4634248 -0.7560086 -0.4622646 0.8922817 -0.3108373 -0.327435 0.8921831 -0.3271145 -0.311457 -0.833678 -0.4369385 -0.3377364 0.8823025 -0.372797 -0.2873405 -0.8486711 -0.4160917 -0.3265349 -0.7518474 -0.5720276 -0.3278873 -0.09873247 -0.8555598 -0.5082022 0.1420227 -0.8511686 -0.5053133 -0.560962 -0.7112324 -0.4236394 1.41008e-4 -0.8640106 -0.5034738 0.6532832 -0.6538441 -0.3817183 -0.0483334 -0.8615658 -0.5053399 0.0712772 -0.8628637 -0.5003857 0.8885962 -0.3730505 -0.2668899 0.002027451 -0.8641696 -0.5031965 -0.2887862 -0.8181396 -0.4972426 -0.9974839 -0.05166703 -0.04854297 -0.995963 -0.05114269 -0.07377219 -0.9958433 -0.05242019 -0.07448643 0.9994744 -0.03240537 9.36384e-4 0.9982542 -0.04911386 -0.03280895 0.996544 -0.05474293 -0.06247788 0.3718327 -0.7918201 -0.4845218 0.9452935 -0.1863772 -0.2677381 -0.8374356 -0.4569769 -0.2997897 -0.8232833 -0.4917949 -0.2834478 -0.8138708 -0.4970976 -0.3008462 -0.8232981 -0.4917017 -0.2835662 0.8468077 -0.4525136 -0.27955 0.7884277 -0.53709 -0.2998604 0.740939 -0.5887575 -0.3230698 -0.9828157 -0.05494433 -0.176223 -0.9780561 -0.06401658 -0.1982629 -0.9740785 -0.05965423 -0.2182029 0.9846744 -0.07365608 -0.1580859 0.9879305 -0.03816395 -0.1501234 0.9804286 -0.05981773 -0.1875681 0.9758322 -0.06527292 -0.2085456 -0.9440504 -0.189853 -0.2696754 -0.459894 -0.7642802 -0.4520769 -0.2108932 -0.8377963 -0.5036083 -0.6640738 -0.6487051 -0.3717362 0.286524 -0.8185725 -0.4978383 0.5608828 -0.7149468 -0.4174468 0.8279729 -0.439606 -0.3481485 0.8522248 -0.414538 -0.3191728 0.8325142 -0.4593934 -0.3096418 -0.8098121 -0.4924137 -0.3189563 -0.883201 -0.3561484 -0.3051466 -0.1420832 -0.8514082 -0.5048926 0.2077261 -0.8373367 -0.5056849 -0.9991689 -0.04075896 -6.02683e-4 -0.7851909 -0.5342008 -0.3132171 0.788557 -0.5343973 -0.3042986 0.9550033 -0.2012397 -0.2178789 -0.3625487 -0.804929 -0.4697315 -0.07614117 -0.8611202 -0.5026675 0.4581381 -0.7682297 -0.4471383 -0.9537339 -0.2029973 -0.2217745 -0.6905856 -0.6307491 -0.3539028 -0.7498847 -0.5690608 -0.3374059 0.7690824 -0.5458191 -0.3325564 -0.5513783 -0.7253332 -0.4121575 -0.9823693 -0.06028091 -0.1769655 0.7048026 -0.6130818 -0.3569092 0.6341629 -0.6756366 -0.375969 6.46114e-5 -0.8642752 -0.5030192 -0.9871076 -0.05781441 -0.1492516 0.9862222 -0.07916837 -0.1452521 0.7539961 -0.5579641 -0.3466499 0.8136155 -0.4911954 -0.3110577 0.7645286 -0.5429384 -0.3474395 -0.789191 -0.5026028 -0.352942 -0.7612878 -0.5555623 -0.3343523 0.779572 -0.5349534 -0.3257184 -0.7557124 -0.5722815 -0.3184222 0.8852508 -0.3530992 -0.3027406 -0.8814659 -0.3950409 -0.2587675 0.9644515 -0.204024 -0.1679509 -0.963972 -0.2061772 -0.168074 -0.8012853 -0.5046297 -0.3213886 0.9698704 -0.2118572 -0.1202831 -0.2737894 -0.8344149 -0.4783211 -0.9697114 -0.2124839 -0.1204602 0.3644785 -0.8074321 -0.463906 -0.7110051 -0.6194164 -0.3328591 0.974035 -0.2152709 -0.07010209 -0.9741756 -0.2147632 -0.06970489 0.9976263 -0.06762701 0.01298451 0.9909753 -0.1334334 0.01278865 -0.9959177 -0.08911025 -0.01440066 -0.9823492 -0.187055 7.30669e-4 -0.9895076 -0.1361253 0.04842275 0.9772608 -0.1906446 0.09282207 0.9917856 -0.05466431 0.1156421 -0.9744892 -0.1759105 0.1393788 -0.9393897 -0.2886041 0.1850804 -0.9801344 -0.09586322 0.1736282 -0.9324336 -0.1703271 0.3186789 -0.9277742 -0.01832979 0.3726917 -0.8929055 -0.2371755 0.3827107 -0.8626441 -0.1125949 0.4931201 -0.8148972 -0.1009638 0.5707442 -0.7678384 -0.1485388 0.6231858 -0.6944474 -0.1338327 0.7069878 -0.6440165 -0.1369711 0.7526498 -0.5544094 -0.1292755 0.8221425 -0.4934275 -0.06743431 0.8671689 -0.3572375 -0.07392263 0.9310837 -0.3181024 -0.1575346 0.9348763 -0.3792228 -0.2457906 0.8920634 -0.1970719 -0.08348298 0.9768282 -0.1908859 -0.2049975 0.9599681 -0.2304622 0.2528753 0.9396496 -0.1866012 0.2554517 0.9486435 -0.2991712 0.2477375 0.9214786 0.9754755 -0.08287191 0.2039113 0.9324363 -0.1703238 0.3186728 0.9277755 -0.01832121 0.3726888 0.8929077 -0.2371684 0.3827102 0.8603926 -0.1086625 0.4979127 0.8222332 -0.1070228 0.5589979 0.7618407 -0.1560949 0.6286758 0.6952269 -0.1350042 0.7059982 0.5560665 -0.1205642 0.8223469 0.6367779 -0.1278699 0.7603705 0.4988098 -0.05458301 0.8649911 0.3677248 -0.07021826 0.9272798 0.3792222 -0.2457906 0.8920637 0.31843 -0.1593424 0.9344583 0.231057 -0.08669781 0.9690698 0.2543195 -0.0349335 0.9664891 0.1629571 -0.117428 0.9796202 0.08993196 0.5503867 0.8300524 0.08743083 0.5213083 0.8488779 0.09002405 0.5503907 0.8300396 0.08994442 0.5504577 0.8300039 0.08106017 0.2595037 0.9623343 0.09835809 -0.1867011 0.9774807 0.0266481 -0.1296988 0.9911953 0.06763601 -0.07914841 0.9945657 0.005755603 -0.1179982 0.9929972 -0.08601135 -0.1914128 0.9777337 0.1125525 -0.1029769 0.9882953 -0.06779617 -0.08173805 0.9943453 1.06208e-5 -0.07930171 0.9968507 -0.1937286 -0.8542347 -0.4824443 0.2740411 -0.8356071 -0.4760908 -0.615077 -0.6941747 -0.3739007 -0.6894932 -0.6344727 -0.3493472 0.629962 -0.6758936 -0.3825125 0.6176914 -0.6785094 -0.3975958 -2.49124e-4 -0.1471039 0.9891211 -0.4560405 -0.296751 0.8390268 0.4560397 -0.2967514 0.8390271 0.8843708 -0.3934853 -0.2511126 0.1944195 -0.2120197 0.9577311 0.1755024 -0.350391 0.9200136 0.7062843 -0.6200459 -0.3416219 -0.1206378 -0.8675866 -0.4824314 0.1892571 -0.8557883 -0.4814647 0.7607041 -0.5681745 -0.3138588 -0.6896827 -0.6512225 -0.3166182 0.8385004 -0.2875273 0.4628663 -0.8384991 -0.2875331 0.4628648 0.7157372 -0.6241241 -0.3133521 -0.7062576 -0.6321219 -0.3187824 -0.06555175 -0.3430637 0.9370221 -0.7028198 -0.6303442 -0.329713 -0.7625822 -0.5483746 -0.3431527 0.8035091 -0.5024634 -0.3192239 -0.7808848 -0.5611598 -0.2744425 -0.7190548 -0.6188808 -0.3161437 -0.5271725 -0.3252786 0.7850371 0.5271748 -0.3252808 0.7850346 0.8899131 -0.4118697 -0.1960056 -0.8899138 -0.4118725 -0.1959968 0.8873612 -0.3716171 0.2729303 0.9323885 -0.2974016 0.2054362 -0.8873571 -0.3716213 0.272938 -0.002772331 -0.1976578 0.9802672 0.07177042 -0.3434127 0.9364385 -0.05636185 -0.8778299 -0.4756448 0.1234758 -0.8687713 -0.479573 0.9512812 -0.2990897 0.07489788 0.9755851 -0.2194491 0.008714795 0.7830125 -0.3182262 0.5344378 -0.783007 -0.3182266 0.5344454 -0.9661031 -0.2581316 0.00359869 -0.946193 -0.3221845 0.03026378 -0.527194 -0.7459319 -0.407004 -0.4392164 -0.7920062 -0.4240461 -0.5282599 -0.7439782 -0.409192 0.4710163 -0.783029 -0.4062133 0.4537984 -0.7843945 -0.4228385 0.5435693 -0.7384116 -0.3991001 -0.009111106 -0.3201037 0.9473387 -0.04979485 -0.4644263 0.8842108 -0.595328 -0.3402324 0.7278919 0.5953276 -0.3402341 0.7278913 -0.1782691 -0.3570414 0.9169196 -0.625575 -0.6974519 -0.3495953 0.01048737 -0.8738393 -0.4861019 0.005950689 -0.8816289 -0.4719058 0.04632896 -0.875916 -0.4802343 0.6205306 -0.697415 -0.3585446 0.7240238 -0.3366984 0.6020164 -0.7240196 -0.3366991 0.6020212 0.8936839 -0.4267154 -0.1387193 -0.8936848 -0.4267167 -0.1387096 -0.5376055 -0.7458626 -0.3932802 -0.3276198 -0.4542269 0.8284584 -0.2594164 -0.4084109 0.8751593 0.3276197 -0.4542253 0.8284593 0.2589261 -0.4077304 0.8756216 -0.6617488 -0.3439116 0.6661932 0.6617536 -0.3439096 0.6661895 0.9743515 -0.2246367 0.01332861 0.9751773 -0.2193415 0.0303089 0.9527482 -0.3035922 0.01013809 0.8955877 -0.4377028 -0.07961672 -0.8958091 -0.4370614 -0.08064371 -0.9363175 -0.3509091 -0.01313304 -0.9642224 -0.2646993 -0.01447695 -0.9131127 -0.3970243 0.09272074 -0.8650192 -0.4790989 0.1490172 0.9096262 -0.4094258 0.07036298 0.8335357 -0.4285094 0.3487092 -0.833533 -0.4285127 0.3487115 0.04906272 -0.4697415 0.8814397 0.00366503 -0.391844 0.9200243 0.1208073 -0.5309615 0.8387404 -0.3972488 -0.4879929 0.7772106 0.3972462 -0.487991 0.7772132 -0.3479543 -0.8302884 -0.4353722 -0.3483035 -0.8297678 -0.436085 -0.3474559 -0.8301011 -0.4361268 0.3605781 -0.8263829 -0.4325215 0.2797678 -0.8523877 -0.4417752 0.2757327 -0.8513148 -0.4463571 0.4551362 -0.7828338 -0.4242903 0.6862055 -0.6516777 -0.3231692 -0.609748 -0.7273413 -0.314932 -0.188459 -0.5814632 0.7914442 -0.1211325 -0.5314652 0.8383744 0.1884629 -0.5814595 0.7914458 -0.6429398 -0.7042985 -0.3009852 0.02635437 -0.5911056 0.8061635 -7.37564e-4 -0.5088739 0.8608407 0.7849735 -0.5606503 -0.2636061 0.7777463 -0.4686383 0.418914 -0.7777448 -0.4686469 0.4189071 0.6938313 -0.6334962 -0.3424627 0.6449381 -0.6982595 -0.3106263 -0.6430883 -0.7026687 -0.3044573 0.7209699 -0.6176493 -0.3141846 -0.6440212 -0.7054378 -0.2959632 0.9158407 -0.401499 -0.005881547 -0.4654294 -0.5081448 0.7246823 0.465442 -0.5081371 0.7246796 -0.6769236 -0.6903219 -0.2554019 0.8074845 -0.5452581 0.2250838 0.8602903 -0.4861868 0.1533723 -0.8074803 -0.5452636 0.2250854 -0.5290695 -0.7681321 -0.3606362 0.06719446 -0.65519 0.7524699 -0.03626668 -0.5959031 0.8022372 -0.06719517 -0.6551895 0.7524703 0.7201484 -0.4956423 0.4855152 -0.7201436 -0.4956504 0.4855141 -0.9000627 -0.435752 0.002676248 0.7828938 -0.5872926 -0.2053405 -0.7745277 -0.5995408 -0.2016376 -0.2617518 -0.855709 -0.4463723 -0.181459 -0.8744673 -0.4498662 0.1997058 -0.8754488 -0.4401216 0.2719594 -0.8558443 -0.4399643 -0.5322269 -0.5180613 0.6695873 0.532226 -0.518067 0.6695836 -0.2563691 -0.6176379 0.7435041 0.2563692 -0.6176404 0.743502 0.6602482 -0.5120704 0.5494145 -0.6602442 -0.5120705 0.5494192 -0.5982315 -0.5193631 0.6102305 0.5982319 -0.5193639 0.6102294 0.7735407 -0.624875 0.1056698 0.8293496 -0.5555412 0.05960851 0.8722878 -0.4887089 -0.01666456 -0.8320288 -0.551733 0.05761104 -0.7735378 -0.6248775 0.1056761 0.7807546 -0.6078473 -0.1447206 -0.7776502 -0.6106588 -0.1495194 0.5210317 -0.7675692 -0.3733145 0.7508439 -0.5914286 0.2940164 -0.7508424 -0.5914295 0.2940185 -6.04748e-4 -0.6954693 0.7185556 -0.02013409 -0.5368592 0.8434317 -0.1767519 -0.8788747 -0.4431005 -0.1133962 -0.8909299 -0.4397561 0.1246689 -0.8862975 -0.4460206 0.1242394 -0.8860057 -0.4467197 -0.008222162 -0.6619214 0.7495282 0.03776222 -0.6430614 0.7648831 0.8259059 -0.5630269 -0.02967107 0.7787268 -0.6224817 -0.07811158 -0.9021515 -0.431189 0.01410049 -0.7779194 -0.6233896 -0.0789107 -0.8640719 -0.5033594 -0.003053247 -0.3229422 -0.6406588 0.6966094 0.3229308 -0.6406645 0.6966096 -0.1267906 -0.6995406 0.7032547 0.1267895 -0.699541 0.7032545 0.6063213 -0.7276299 -0.3208258 -0.5155302 -0.7971898 -0.3141929 0.6405454 -0.704676 -0.3051776 -0.568802 -0.771942 -0.2838483 -0.04858732 -0.8947595 -0.4438973 -0.04932355 -0.8953213 -0.4426817 0.07607841 -0.8978691 -0.4336398 0.1193204 -0.8905819 -0.4388925 0.6949546 -0.623203 0.3586866 -0.6949542 -0.6231997 0.3586934 0.4159326 -0.8271909 -0.3778296 0.03757822 -0.7399871 0.6715706 -0.02670866 -0.6995018 0.7141316 -0.04111492 -0.7304068 0.6817738 -0.003893256 -0.6895185 0.7242577 -0.5805448 -0.7660369 -0.2759625 0.8238992 -0.5663436 -0.02110177 0.6837206 -0.6832008 -0.2564427 -0.389193 -0.6546594 0.6480355 0.3891987 -0.6546601 0.6480314 0.7140274 -0.6787439 0.1716733 -0.7140247 -0.6787456 0.1716778 -0.0388742 -0.9012185 -0.4316179 -0.02513849 -0.9086695 -0.4167587 0.01532727 -0.9007458 -0.4340763 0.02173781 -0.8988811 -0.4376531 0.6453117 -0.7050217 -0.2941383 -0.576392 -0.7722839 -0.2671145 -0.4128699 -0.8301426 -0.3747023 0.01011389 -0.9056386 -0.4239301 -0.8129766 -0.582067 -0.01635086 -0.5942513 -0.7712128 -0.2282466 0.6384618 -0.6442219 0.4211233 -0.6384587 -0.6442273 0.4211196 -0.1883789 -0.7275885 0.6596426 0.1883882 -0.7275837 0.6596453 -0.4547041 -0.6617043 0.5961474 0.4547085 -0.6617053 0.5961429 0.5799794 -0.6568447 0.4818494 -0.5799764 -0.6568458 0.4818516 0.6820469 -0.7276626 0.07293289 0.7399139 -0.6720815 0.02887964 0.7743721 -0.6324338 -0.01937472 -0.7643576 -0.6445034 -0.01931118 -0.7373005 -0.6749204 0.02950352 -0.682265 -0.7274337 0.07317668 0.6655742 -0.7201462 -0.1959604 0.5194082 -0.662492 0.5397403 -0.519409 -0.6624919 0.5397397 0.6590306 -0.7148088 0.2339382 -0.6590285 -0.7148116 0.2339356 0.07778149 -0.7791967 0.6219345 -0.08090126 -0.780205 0.6202703 -0.3065808 -0.8727077 -0.3799861 7.78525e-7 -0.7214503 0.6924661 -0.2510412 -0.746018 0.6167946 0.2510393 -0.7460179 0.6167954 0.2996085 -0.87271 -0.3855022 0.6609272 -0.7368049 -0.1424566 -0.6588297 -0.7357299 -0.156987 0.5123811 -0.7972994 -0.3190287 -0.4099857 -0.856147 -0.3145223 0.716526 -0.6966288 -0.0360409 0.6583243 -0.7492209 -0.07264393 -0.7060723 -0.7080218 -0.0129227 -0.7085654 -0.7047489 -0.0355553 -0.6581602 -0.7494912 -0.07133108 0.6062797 -0.7389848 0.2938136 -0.6062774 -0.7389858 0.293816 0.5660889 -0.7724691 -0.2878108 -0.4828243 -0.8332073 -0.2695299 0.6241031 -0.7715302 0.1234369 -0.6241002 -0.7715322 0.1234387 -0.3146024 -0.7579752 0.571401 0.3146027 -0.7579746 0.5714016 0.579306 -0.7664507 -0.277413 -0.5120268 -0.8223521 -0.2481242 0.005617737 -0.7519879 0.6591531 0.7166281 -0.696499 -0.03651452 -0.1262953 -0.8063629 0.5777788 0.1276565 -0.805796 0.5782704 0.5918388 -0.7736357 -0.2263067 -0.5587573 -0.8161386 -0.1473368 0.5769096 -0.772471 -0.2654505 -0.512576 -0.825912 -0.2348089 0.1993655 -0.9003548 -0.386801 0.5533083 -0.75455 0.352852 -0.5533063 -0.7545487 0.3528575 -0.5174337 -0.8314298 -0.2024524 -0.3779514 -0.7647909 0.5217737 0.3779595 -0.764787 0.5217737 0.6628937 -0.7486708 -0.008012592 -0.1967961 -0.9017576 -0.3848437 0.01599395 -0.7890909 0.6140684 0.01150804 -0.8262822 0.5631388 -0.02699083 -0.7923625 0.6094533 0.4981078 -0.7633707 0.4112833 -0.4981057 -0.7633716 0.4112841 0.440104 -0.766643 0.4675114 -0.4400997 -0.7666476 0.467508 0.5727456 -0.8000992 0.1783367 -0.5727422 -0.8001002 0.1783424 0.5624942 -0.8156962 -0.135056 -0.1807253 -0.8208959 0.5417271 0.1823074 -0.824282 0.5360254 -0.1134659 -0.9161894 -0.3843472 -0.007665514 -0.818381 0.574625 0.110637 -0.9154576 -0.386907 0.4073411 -0.8561348 -0.3179727 -0.3007329 -0.9000393 -0.315419 0.5448487 -0.8343552 0.08361488 0.5941516 -0.803133 0.04428732 0.6149976 -0.7885185 -0.004091918 0.6116336 -0.7911398 0.001499772 -0.6583138 -0.7526894 -0.009039759 -0.5926933 -0.8041601 0.0451796 -0.5448452 -0.8343575 0.08361536 0.5243395 -0.8189184 0.2333256 -0.5243352 -0.8189221 0.2333226 0.03902739 -0.8481014 0.5283948 -0.07125401 -0.8696752 0.4884548 -0.04098922 -0.8489831 0.5268278 -0.251081 -0.8262873 0.5041901 0.2387394 -0.8352536 0.4953333 0.03406959 -0.9219263 -0.3858641 -0.03216546 -0.9212614 -0.3876118 0.4799095 -0.8337851 -0.2729274 -0.3869306 -0.8848845 -0.2593538 0.5585407 -0.8294728 -0.002678096 0.5504779 -0.8324446 -0.06332641 -0.5433831 -0.8371891 -0.06204205 -0.5982437 -0.8011419 -0.0166226 -8.42015e-4 -0.9217451 -0.3877955 -0.006493508 -0.833831 0.5519818 -0.01811957 -0.840305 0.5418111 0.5101395 -0.8230553 -0.2496752 -0.4358236 -0.8717039 -0.2240314 -0.5978773 -0.8014366 -0.01556187 0.4758327 -0.8306406 0.2891702 -0.4758293 -0.8306427 0.2891703 0.311299 -0.8342381 0.4551262 -0.3112939 -0.8342404 0.4551255 0.5123094 -0.8264819 -0.2333812 -0.4488487 -0.8702358 -0.2030385 0.488613 -0.8585715 -0.155281 0.5215707 -0.8284999 -0.2038429 -0.472636 -0.8732169 -0.1187747 -0.4509038 -0.8754554 -0.1739646 0.4978963 -0.8572799 0.1310372 -0.497892 -0.8572819 0.1310402 0.4247834 -0.836608 0.3458994 -0.4247811 -0.8366085 0.3459007 0.3699436 -0.837712 0.4017218 -0.3699413 -0.8377125 0.4017229 0.07133382 -0.8699116 0.488022 -0.1085679 -0.8875187 0.4477987 0.2987262 -0.9000248 -0.3173611 -0.1979325 -0.9277692 -0.3163337 0.5175274 -0.8556169 -0.00923103 0.5099579 -0.8601669 0.007481992 0.5242987 -0.8513948 0.01542329 0.4652557 -0.8837624 0.05001211 -0.5493154 -0.8354716 -0.01548302 -0.5143247 -0.8573591 0.02014046 -0.4675022 -0.8826006 0.0495783 1.44137e-6 -0.8500039 0.5267765 0.4540034 -0.872474 0.1807485 -0.4540008 -0.872475 0.1807506 0.1147632 -0.8863804 0.4485079 -0.1957728 -0.8706306 0.4513041 0.457213 -0.8821364 -0.1131008 0.3840454 -0.8854014 -0.2618656 -0.2873002 -0.9236659 -0.2535744 0.1965364 -0.9278646 -0.3169238 -0.1109486 -0.9418891 -0.3170731 0.4100989 -0.8817196 0.2332155 -0.410098 -0.8817197 0.2332165 0.1643009 -0.8997554 0.404284 0.2373691 -0.8823222 0.406403 0.2055556 -0.9144327 0.3486542 -0.2571066 -0.8805527 0.3981499 0.4536902 -0.8893694 -0.0564568 -0.4885004 -0.8723607 -0.01881963 -0.4943779 -0.8688973 -0.02465778 0.4226583 -0.9024174 0.08368277 -0.4232845 -0.9019893 0.08512157 0.4333513 -0.8725568 -0.2255029 -0.352753 -0.9127791 -0.205912 -6.16549e-4 -0.8733428 0.4871059 0.5097479 -0.8598587 -0.02829033 0.4470202 -0.8790954 -0.1654212 -0.4068861 -0.9083191 -0.096955 0.447755 -0.8710547 -0.2019387 -0.3827134 -0.9071274 -0.1750729 0.3634256 -0.8858658 0.2883811 -0.3634245 -0.8858656 0.2883833 0.3119139 -0.8854153 0.3446007 -0.311913 -0.8854141 0.3446044 -0.3931836 -0.9071967 -0.1496691 0.1100651 -0.9421221 -0.3166886 -0.03901058 -0.9485301 -0.3142752 0.459843 -0.887977 -0.006440639 6.87021e-7 -0.9479728 -0.3183517 0.03853267 -0.9486762 -0.3138931 0.3837576 -0.9145998 0.1274256 -0.3829577 -0.9148874 0.1277676 0.3503023 -0.9336388 -0.07488059 0.3722413 -0.9226435 -0.1008244 0.3944823 -0.9073866 -0.1450285 0.2847445 -0.9240579 -0.255025 -0.1926485 -0.948456 -0.2516305 0.3450691 -0.9219866 0.1756932 -0.3433573 -0.9227503 0.1750366 -0.4496762 -0.8930944 -0.01319241 -0.4944025 -0.8690423 -0.01821291 0.4169319 -0.9089374 7.14521e-4 0.3821694 -0.9240118 -0.01219749 0.3382862 -0.9402225 0.03929769 0.3670663 -0.9300823 0.01446348 -0.3832113 -0.9236013 0.01049065 -0.2050815 -0.9181455 0.3390433 -0.152634 -0.9080515 0.3900582 -0.001877367 -0.8920016 0.4520285 0.0289331 -0.9131186 0.4066662 -0.06111675 -0.9298228 0.3628972 -0.02975279 -0.9126254 0.4077125 0.349936 -0.9135989 -0.2070798 -0.2670365 -0.9438065 -0.1947332 0.3035016 -0.9249569 0.228783 -0.3015975 -0.9259409 0.227316 0.256743 -0.9233656 0.2854455 -0.2553654 -0.9242952 0.2836668 -0.3425555 -0.9365728 -0.07407581 -0.3992927 -0.9162268 -0.03307664 0.3808148 -0.9080689 -0.1743298 -0.3158226 -0.9358863 -0.1561187 -0.3292148 -0.9360992 -0.1238386 0.1906389 -0.9487443 -0.2520737 -0.111361 -0.961148 -0.2525735 0.3034937 -0.9505224 0.06632375 -0.3367992 -0.9407358 0.03978276 0.06105494 -0.9296972 0.3632292 -0.1007893 -0.9427648 0.3178619 0.1100363 -0.9613809 -0.2522674 -0.03643339 -0.965122 -0.2592533 0.2730987 -0.9561406 0.1058881 -0.3033819 -0.9504661 0.0676288 0.1013988 -0.942426 0.3186715 -0.1493327 -0.9526097 0.2650182 1.16732e-6 -0.9097006 0.415265 -0.3553699 -0.9345371 -0.01878327 1.81106e-6 -0.9636466 -0.2671803 -3.29573e-6 -0.962355 -0.2717958 0.0366066 -0.9652068 -0.2589128 0.2642904 -0.944437 -0.1954213 -0.1853858 -0.9640202 -0.1905187 0.2385395 -0.9589802 0.1531537 -0.2724815 -0.9561576 0.1073159 0.149325 -0.952251 0.2663083 -0.1969004 -0.9581722 0.207693 0.1971365 -0.9579178 0.2086407 -0.2378042 -0.9591203 0.1534191 0.3279904 -0.9379979 -0.1121705 0.3112558 -0.937928 -0.1530064 -0.2407845 -0.9602965 -0.1409026 0.3333226 -0.9424664 -0.02555698 0.3316356 -0.9432896 -0.01492047 -0.2682369 -0.9585949 -0.09562981 1.32647e-6 -0.9299011 0.36781 0.2501267 -0.9667526 -0.05316257 0.2644516 -0.9600138 -0.09186387 -0.3167623 -0.9484177 -0.01286935 0.1827389 -0.9645689 -0.1902986 -0.1127024 -0.9755128 -0.1888737 0.291042 -0.9567098 0.001105725 -0.2762517 -0.9610466 0.008641421 -0.2492071 -0.9670209 -0.05259764 0.2584218 -0.9659968 0.008273959 -0.2499454 -0.9682055 0.01027148 0.1070381 -0.9778091 -0.1800897 -0.0475353 -0.9804276 -0.1910552 -0.009438335 -0.9448455 0.3273805 0.03766143 -0.9500344 0.3098648 -0.01146024 -0.9557383 0.2939951 -0.04936838 -0.9705601 0.2357456 -0.02062171 -0.9587934 0.2833548 0.2387262 -0.9619044 -0.1332286 -0.165974 -0.9773829 -0.131055 1.17161e-5 -0.9785698 -0.2059154 0.0524891 -0.9809871 -0.1868407 0.2074 -0.9773849 0.04127967 -0.2076614 -0.97725 0.04312068 0.06273412 -0.9685497 0.2407817 -0.09332007 -0.9786526 0.1831132 0.17436 -0.9816662 0.07700783 0.1641461 -0.9779285 -0.1292745 0.09312707 -0.9786186 0.1833927 -0.1386646 -0.9821596 0.127022 0.1377881 -0.9824073 0.1260572 -0.1751394 -0.9813255 0.079539 0.1702488 -0.9820489 -0.0812124 0.1655817 -0.9853469 -0.04091638 -0.1643337 -0.9855744 -0.04046785 -0.1695305 -0.9822443 -0.08034765 0.2570436 -0.9663676 0.007900893 -0.2456807 -0.9693402 0.004551351 -0.01625788 -0.9733598 0.2287058 0.0213629 -0.9712442 0.237125 -0.06221944 -0.9883622 -0.1388126 0.2570431 -0.9663677 0.007897734 -0.2456825 -0.9693397 0.004548907 0.2251037 -0.9743316 0.002490878 -0.2140866 -0.9768145 7.60197e-4 1.16921e-5 -0.9877452 -0.1560754 0.06470924 -0.987788 -0.1417307 3.97578e-6 -0.9873779 -0.1583819 -0.04557675 -0.9896042 0.1364051 -0.1552444 -0.9780266 0.139151 0.07381081 -0.9939211 -0.08168828 -0.07378602 -0.9939225 -0.08169317 0.1848537 -0.9827658 -8.6119e-4 -0.1773108 -0.9841541 0.001302301 -0.01045 -0.9924464 0.1222333 -0.04471671 -0.993239 0.1071305 0.01140201 -0.9906994 0.1355913 0.1410233 -0.9898883 0.0152834 0.1399468 -0.9896689 -0.03115099 0.1167735 -0.9928389 0.02519583 0.154372 -0.9870108 -0.04448813 -0.1447163 -0.9894643 -0.004211366 -0.1210954 -0.9924429 -0.01982653 0.06925189 -0.9967472 -0.04122066 -0.07247948 -0.9965233 -0.04108601 0.07957011 -0.9953324 0.05460941 -0.1051737 -0.9943813 0.01201838 0.04286116 -0.9935629 0.1048607 -0.08079022 -0.9953609 0.05224651 3.11149e-5 -0.9952371 -0.09748488 0.1167587 -0.9907168 -0.06962519 -0.1098991 -0.9937954 -0.01711875 -0.1053076 -0.9929817 -0.05383032 -0.1053036 -0.9929805 -0.05386012 2.40661e-5 -0.9987643 -0.04969847 0.001386046 -0.998883 -0.04723167 0.1111654 -0.9937896 -0.004959642 -0.07885748 -0.948111 0.3080052 -0.06740856 -0.9972895 0.02949166 5.84557e-5 -0.9963484 0.08538097 -1.91946e-6 -0.9990081 0.04452997 0.07516616 -0.9971555 -0.005572319 -0.05743771 -0.9979575 -0.02796077 8.02357e-7 -0.9995997 0.02829539 -0.09177184 -0.8653148 0.4927558 0.006751477 -0.9997453 0.02153629 0.003547668 -0.9998835 -0.01484829 9.30094e-6 0 -1 -9.30077e-6 0 -1 6.96228e-7 0 -1 -1.84291e-5 0 -1 -3.52246e-5 0 -1 7.04486e-5 0 -1 2.33927e-5 0 -1 -2.33927e-5 0 -1 -6.21766e-5 0 -1 6.21765e-5 0 -1 2.38353e-5 0 -1 -1.78764e-5 0 -1 -2.33928e-5 0 -1 2.33928e-5 0 -1 6.52406e-5 0 -1 -6.52404e-5 0 -1 1.15155e-5 0 -1 -3.52249e-5 0 -1 1.12622e-5 0 -1 -5.59261e-6 0 -1 -1.84301e-5 0 -1 -6.97558e-6 0 -1 -0.1205369 -0.9927089 0 0.1205367 -0.9927089 0 -0.3546054 -0.9350161 0 -0.3546053 -0.9350162 0 0.1205367 -0.9927089 0 0.3546051 -0.9350162 0 0.3546053 -0.9350162 0 -0.5680649 -0.8229838 0 -0.5680646 -0.822984 0 0.5680647 -0.8229839 0 0.5680651 -0.8229836 0 -0.7485109 -0.6631225 0 -0.7485104 -0.6631231 0 0.7485105 -0.6631229 0 0.7485112 -0.6631222 0 -0.8854566 -0.4647222 0 -0.8854562 -0.464723 0 0.885456 -0.4647234 0 0.8854564 -0.4647224 0 -0.9350169 -0.3546033 0 -0.9709419 -0.2393156 0 -0.9840772 -0.1777415 0 0.9709418 -0.2393161 0 0.970942 -0.2393152 0 -1 -2.34123e-7 0 -1 0 0 1 -2.15011e-7 0 1 2.10233e-7 0 -0.970942 0.2393152 0 -0.9709419 0.2393155 0 0.9709419 0.2393155 0 0.9709419 0.2393158 0 -0.8854562 0.4647228 0 -0.885456 0.4647232 0 0.885456 0.4647234 0 0.885456 0.4647233 0 -0.7485108 0.6631226 0 -0.7485103 0.6631233 0 0.7485105 0.663123 0 0.7485109 0.6631225 0 -0.5680649 0.8229838 0 -0.5680643 0.8229843 0 0.5680648 0.8229839 0 0.5680652 0.8229836 0 -0.3546051 0.9350162 0 -0.354605 0.9350163 0 0.354605 0.9350163 0 0.3546051 0.9350162 0 -0.1205369 0.9927089 0 -0.1205369 0.9927089 0 0.1205367 0.9927089 0 0.1205367 0.9927089 0 7.10369e-7 0 -1 -3.43145e-7 0 -1 -3.0203e-7 0 -1 1.17863e-5 0 -1 -8.26312e-7 0 -1 2.5943e-7 0 -1 0 0 -1 -1.20812e-6 0 -1 3.43145e-7 0 -1 4.33427e-6 0 -1 -0.002486586 0 -0.999997 -0.2176338 0 -0.9760306 -0.002486884 0 -0.9999969 -0.2176341 0 -0.9760305 0.2079151 0 -0.9781469 0.4067371 0 -0.9135453 0.2079153 0 -0.9781469 -0.4248271 0 -0.9052745 -0.4248273 0 -0.9052744 0.5877844 0 -0.8090177 -0.6116577 0 -0.7911225 -0.6116579 0 -0.7911224 0.7431457 0 -0.6691297 0.5877843 0 -0.8090177 -0.7691714 0 -0.6390426 -0.7691714 0 -0.6390425 0.8660253 0 -0.5000003 0.7431456 0 -0.6691298 -0.8898109 0 -0.4563295 -0.8898109 0 -0.4563295 0.9510565 0 -0.3090174 0.8660252 0 -0.5000004 -0.9677945 0 -0.251742 -0.9677945 0 -0.251742 0.994522 0 -0.104528 0.9510565 0 -0.3090175 -0.9895366 0 -0.1442821 0.994522 0 0.104528 0.994522 0 -0.104528 -0.9895367 0 0.144282 -0.9677944 0 0.2517422 -0.9677944 0 0.2517421 0.9510564 0 0.3090174 0.994522 0 0.104528 -0.889811 0 0.4563295 -0.889811 0 0.4563294 0.8660252 0 0.5000004 0.9510565 0 0.3090174 -0.7691713 0 0.6390426 -0.7691715 0 0.6390426 0.7431458 0 0.6691296 0.8660253 0 0.5000004 -0.6116577 0 0.7911226 -0.6116578 0 0.7911226 0.5877844 0 0.8090178 0.7431458 0 0.6691296 -0.4248272 0 0.9052745 -0.4248275 0 0.9052745 0.4067372 0 0.9135453 0.5877842 0 0.8090178 -0.2176339 0 0.9760305 -0.2176343 0 0.9760305 0.2079149 0 0.978147 0.4067372 0 0.9135453 -0.002486407 0 0.999997 -0.002486944 0 0.999997 0.2079151 0 0.9781469 0 1 4.05907e-7 0 1 0 0 1 0 0 1 1.45252e-7 0 1 -2.00574e-7 0 1 0 0 1 1.72408e-7 0 1 -2.18437e-7 0 1 -1.97895e-7 0 1 2.43552e-7 0 1 2.28496e-7 0 1 -2.1909e-7 0 1 0 0 1 0 0 1 -2.48346e-7 0 1 -2.18873e-7 0 1 3.08362e-7 0 1 7.53834e-7 0 1 -2.09681e-7 0 1 4.31714e-7 0 1 3.77743e-7 0 1 -2.29047e-7 0 1 -2.09594e-7 0 1 4.38181e-7 0 1 2.09024e-7 0 1 -2.29734e-7 0 1 2.41225e-7 0 1 -1.55779e-7 0 1 2.08065e-7 0 1 -1.32184e-7 0 1 2.58398e-7 0 1 -4.66849e-7 0 1 0 0 0 1 -0.2393161 0 0.9709417 0.2393161 0 0.9709417 0.2393162 0 0.9709417 -0.2393163 0 0.9709417 -0.4647237 0 0.8854557 0.4647236 0 0.8854559 0.4647237 0 0.8854559 -0.4647238 0 0.8854557 -0.6631219 0 0.7485114 0.6631222 0 0.7485112 0.6631221 0 0.7485113 -0.6631219 0 0.7485114 -0.8229827 0 0.5680664 0.8229832 0 0.5680658 0.8229833 0 0.5680658 -0.8229828 0 0.5680663 -0.9350159 0 0.354606 0.9350159 0 0.3546058 0.935016 0 0.3546058 -0.9350159 0 0.3546059 -0.9927089 0 0.1205364 0.9927089 0 0.1205365 0.9927089 0 0.1205365 -0.9927089 0 0.1205363 -0.9927089 0 -0.1205364 0.9927089 0 -0.1205366 0.9927089 0 -0.1205366 -0.9350159 0 -0.354606 0.9350159 0 -0.3546058 0.9350159 0 -0.3546058 -0.9350159 0 -0.3546059 -0.8229827 0 -0.5680665 0.8229832 0 -0.5680658 0.8229833 0 -0.5680656 -0.8229829 0 -0.5680663 -0.6631254 0 -0.7485084 0.6631256 0 -0.7485082 0.6631256 0 -0.7485081 -0.6631255 0 -0.7485083 -0.4647236 0 -0.8854558 0.4647235 0 -0.885456 0.4647231 0 -0.8854561 -0.4647233 0 -0.885456 -0.2393113 0 -0.9709429 0.2393113 0 -0.9709429 0.2393108 0 -0.9709431 -0.2393108 0 -0.9709431 -1.87537e-7 0 -1 1.91121e-7 0 -1 -1 1.41287e-6 0 -1 0 0 0 -1 0 0 -1 -1.8325e-6 0 -1 -1.43737e-6 0 -1 2.92702e-6 0 -1 1.64712e-6 0 -1 -4.79566e-6 0 -1 2.75683e-6 0 -1 2.66224e-6 0 -1 -1.58442e-6 0 -1 1.18833e-6 0 -1 -2.66224e-6 0 -1 -5.28888e-6 0 -1 2.63404e-6 0 -1 -2.75683e-6 0 -1 1.77589e-6 0 -1 -2.92704e-6 0 -1 8.78812e-7 0 -1 -1.04034e-6 0 -1 2.43324e-7 0.001349747 0.9999991 3.07521e-4 0.001362085 0.9999991 3.53592e-4 3.36967e-4 0.9999996 8.59195e-4 2.40267e-4 1 2.29949e-4 -2.71975e-4 1 -1.70537e-4 2.29589e-4 1 3.65728e-4 0.001375079 0.999999 3.12462e-4 0.001043319 0.9999995 2.60747e-4 -1.28031e-4 1 -1.69646e-4 4.17753e-4 1 1.4621e-4 2.33056e-4 1 2.37366e-4 0.001333236 0.9999991 3.44201e-4 3.96081e-4 0.9999999 3.5581e-4 4.30454e-6 1 1.738e-4 1.77339e-5 1 -1.37045e-5 -2.66518e-4 1 -1.68947e-4 7.61134e-5 1 8.55278e-6 0 1 1.19586e-5 1.48371e-5 1 2.00186e-5 1.7153e-5 1 0 -3.27462e-5 1 -8.17058e-5 5.52282e-6 1 4.91945e-5 0 1 -1.54369e-6 0 1 -7.07595e-7 0 1 -3.20713e-6 0 1 -1.1941e-6 0 1 -5.42911e-7 -2.70206e-4 1 -3.1401e-4 -2.88827e-4 1 -3.2267e-4 -3.32063e-4 0.9999996 -9.49453e-4 0 1 -4.47986e-7 0 1 1.41172e-6 0 1 -6.75363e-7 0 1 -3.64511e-7 -5.27769e-4 0.999999 -0.001340746 3.90477e-4 0.9999999 3.4896e-4 0 1 -2.7314e-6 0 1 -1.11607e-5 -1.16973e-4 1 -1.51087e-4 -1.07564e-4 1 -7.01082e-5 -1.06451e-4 1 -6.95602e-5 -1.25975e-4 1 -1.73028e-4 8.30066e-5 1 1.45829e-4 -4.52482e-5 1 -4.49558e-5 0 1 -5.10264e-7 0 1 -4.553e-7 0 1 5.65076e-7 -2.46785e-4 1 -2.07066e-4 -2.39198e-4 1 -1.34914e-4 -2.3829e-4 1 -1.3572e-4 -2.4578e-4 1 -2.06136e-4 -5.16156e-5 1 -2.00438e-5 -7.63164e-5 1 -4.86762e-5 0 1 8.38178e-7 0 1 -2.00649e-7 -1.05327e-4 1 -5.67904e-5 -9.69142e-5 1 -6.05948e-5 0 1 -5.8132e-7 0 1 3.36623e-7 0 1 0 0 1 0 0 1 -1.72852e-7 0 1 4.29837e-7 0 1 -2.00804e-7 0 1 0 0 1 0 0 1 -5.05449e-7 0 1 -1.63433e-6 0 1 -7.68754e-7 0 1 1.7369e-6 0 1 -2.2688e-6 0 1 1.07523e-6 0 1 1.86463e-6 0 1 0 0 1 0 0 1 0 0 1 0 0 1 0 0 1 0 0 1 0 0 1 0 0 1 0 0.5948895 -0.3857389 0.7052035 -0.4461644 -0.7731646 -0.4507262</float_array>
          <technique_common>
            <accessor source="#mesh-af70735e-33a2-411b-b108-c49b61af9f17-mesh-normals-array" count="2617" stride="3">
              <param name="X" type="float"/>
              <param name="Y" type="float"/>
              <param name="Z" type="float"/>
            </accessor>
          </technique_common>
        </source>
        <vertices id="mesh-af70735e-33a2-411b-b108-c49b61af9f17-mesh-vertices">
          <input semantic="POSITION" source="#mesh-af70735e-33a2-411b-b108-c49b61af9f17-mesh-positions"/>
        </vertices>
        <triangles material="Material-外壳-material" count="4888">
          <input semantic="VERTEX" source="#mesh-af70735e-33a2-411b-b108-c49b61af9f17-mesh-vertices" offset="0"/>
          <input semantic="NORMAL" source="#mesh-af70735e-33a2-411b-b108-c49b61af9f17-mesh-normals" offset="1"/>
          <p>0 0 1 1 2 2 3 3 4 4 2 2 1 1 3 3 2 2 0 0 5 5 1 1 6 6 7 7 4 4 3 3 6 6 4 4 8 8 5 5 0 0 8 8 9 9 5 5 10 10 11 11 7 7 6 6 10 10 7 7 12 12 9 9 8 8 12 12 13 13 9 9 14 14 15 15 11 11 10 10 14 14 11 11 16 16 13 13 12 12 16 16 17 17 13 13 18 18 19 18 15 15 14 14 18 18 15 15 20 19 17 17 16 16 20 19 21 20 17 17 22 21 23 22 19 18 18 18 22 21 19 18 24 23 21 20 20 19 24 23 25 24 21 20 26 25 27 26 23 22 22 21 26 25 23 22 28 27 25 24 24 23 28 27 29 28 25 24 30 29 31 30 27 26 26 25 30 29 27 26 32 31 33 32 34 33 32 31 35 34 33 32 36 35 37 36 31 30 30 29 36 35 31 30 38 37 35 34 32 31 38 37 39 38 35 34 40 39 41 40 37 36 36 35 40 39 37 36 42 41 39 38 38 37 42 41 43 42 39 38 44 43 45 44 41 40 40 39 44 43 41 40 46 45 43 42 42 41 46 45 47 46 43 42 48 47 49 48 45 44 44 43 48 47 45 44 50 49 47 46 46 45 50 49 51 50 47 46 52 51 53 52 49 48 48 47 52 51 49 48 54 53 51 50 50 49 54 53 55 54 51 50 56 55 57 56 53 52 52 51 56 55 53 52 58 57 55 54 54 53 58 57 59 58 55 54 59 58 58 57 57 56 56 55 59 58 57 56 60 59 61 59 62 59 63 60 60 60 62 60 64 60 60 60 65 60 66 60 64 60 65 60 67 61 68 61 61 61 60 60 67 60 61 60 69 60 64 60 70 60 71 60 69 60 70 60 72 62 73 62 68 62 67 63 72 63 68 63 74 64 69 64 75 64 76 60 74 60 75 60 77 60 78 60 73 60 72 60 77 60 73 60 79 65 74 65 80 65 81 66 79 66 80 66 82 60 83 60 78 60 77 67 82 67 78 67 84 60 85 60 86 60 85 60 87 60 86 60 87 60 88 60 86 60 88 68 83 68 86 68 89 69 79 69 81 69 90 60 89 60 81 60 91 60 85 60 84 60 92 60 89 60 90 60 92 70 93 70 89 70 94 71 95 71 91 71 95 72 85 72 91 72 96 60 93 60 92 60 96 73 97 73 93 73 98 74 95 74 94 74 98 60 99 60 95 60 99 60 100 60 95 60 100 60 101 60 95 60 102 75 97 75 96 75 102 60 103 60 97 60 104 76 105 76 100 76 106 77 103 77 102 77 106 60 107 60 103 60 108 60 109 60 104 60 109 60 105 60 104 60 110 78 107 78 106 78 110 79 111 79 107 79 112 60 113 60 108 60 113 60 109 60 108 60 110 60 114 60 111 60 114 80 115 80 111 80 116 60 117 60 112 60 117 60 113 60 112 60 114 60 118 60 115 60 118 81 119 81 115 81 120 60 121 60 116 60 121 60 117 60 116 60 118 60 122 60 119 60 122 60 123 60 119 60 123 60 120 60 119 60 123 82 121 82 120 82 124 83 125 83 126 83 127 83 124 83 126 83 128 84 127 84 126 84 129 85 125 85 124 85 128 86 130 86 127 86 129 83 131 83 125 83 132 87 130 87 128 87 133 88 131 88 129 88 132 89 134 89 130 89 133 90 135 90 131 90 136 91 134 91 132 91 137 92 135 92 133 92 136 83 138 83 134 83 137 83 139 83 135 83 140 93 138 93 136 93 141 83 139 83 137 83 140 83 142 83 138 83 141 83 143 83 139 83 144 83 142 83 140 83 145 94 143 94 141 94 144 95 146 95 142 95 145 83 147 83 143 83 148 96 146 96 144 96 149 97 147 97 145 97 148 83 150 83 146 83 149 83 151 83 147 83 152 98 150 98 148 98 153 99 151 99 149 99 154 83 155 83 150 83 152 83 154 83 150 83 153 83 156 83 151 83 157 100 156 100 153 100 158 101 159 101 160 101 161 83 159 83 158 83 162 83 159 83 161 83 157 83 163 83 156 83 164 102 163 102 157 102 162 83 165 83 159 83 166 103 165 103 162 103 164 104 167 104 163 104 168 83 167 83 164 83 166 83 169 83 165 83 170 83 169 83 166 83 168 83 171 83 167 83 172 105 171 105 168 105 170 83 173 83 169 83 174 106 173 106 170 106 172 83 175 83 171 83 176 107 175 107 172 107 174 108 177 108 173 108 178 83 177 83 174 83 176 109 179 109 175 109 180 83 179 83 176 83 178 89 181 89 177 89 182 110 181 110 178 110 180 111 183 111 179 111 184 112 183 112 180 112 182 83 185 83 181 83 186 113 185 113 182 113 184 83 186 83 183 83 185 83 186 83 184 83 187 114 188 115 189 116 188 115 190 117 189 116 190 117 191 118 189 116 191 118 192 119 189 116 193 120 194 121 189 116 194 121 195 122 189 116 195 122 187 114 189 116 187 114 196 123 188 115 196 123 190 117 188 115 187 114 197 124 196 123 197 124 198 125 196 123 198 125 199 126 196 123 199 126 190 117 196 123 195 122 197 124 187 114 199 126 191 118 190 117 194 121 200 127 195 122 200 127 197 124 195 122 199 126 201 128 191 118 201 128 202 129 191 118 202 129 192 119 191 118 197 124 203 130 198 125 203 130 199 126 198 125 204 131 203 130 197 124 205 132 204 131 197 124 200 127 205 132 197 124 203 130 206 133 199 126 206 133 201 128 199 126 207 134 200 127 194 121 193 120 207 134 194 121 204 131 208 135 203 130 208 135 206 133 203 130 201 128 209 136 202 129 209 136 192 119 202 129 210 137 200 127 207 134 193 120 210 137 207 134 209 136 211 138 192 119 211 138 212 139 192 119 212 139 213 140 192 119 214 141 210 137 193 120 215 142 216 143 193 120 216 143 217 144 193 120 217 144 214 141 193 120 218 145 200 127 210 137 214 141 218 145 210 137 201 128 219 146 209 136 219 146 211 138 209 136 220 147 205 132 200 127 218 145 220 147 200 127 206 133 221 148 201 128 221 148 219 146 201 128 204 131 222 149 208 135 222 149 206 133 208 135 223 150 222 149 204 131 224 151 223 150 204 131 205 132 224 151 204 131 222 149 225 152 206 133 225 152 221 148 206 133 217 144 218 145 214 141 219 146 212 139 211 138 223 150 226 153 222 149 226 153 225 152 222 149 227 154 228 155 212 139 219 146 227 154 212 139 228 155 213 140 212 139 229 156 224 151 205 132 220 147 229 156 205 132 217 144 230 157 218 145 231 158 220 147 218 145 230 157 231 158 218 145 216 143 230 157 217 144 232 159 219 146 221 148 225 152 233 160 221 148 233 160 232 159 221 148 232 159 227 154 219 146 234 161 229 156 220 147 231 158 234 161 220 147 223 150 235 162 226 153 235 162 225 152 226 153 236 163 230 157 216 143 215 142 236 163 216 143 224 151 237 164 223 150 237 164 238 165 223 150 238 165 235 162 223 150 235 162 239 166 225 152 239 166 233 160 225 152 240 167 227 154 232 159 233 160 241 168 232 159 241 168 240 167 232 159 227 154 242 169 228 155 242 169 213 140 228 155 238 165 243 170 235 162 243 170 239 166 235 162 244 171 245 172 230 157 236 163 244 171 230 157 246 173 231 158 230 157 245 172 246 173 230 157 227 154 247 174 242 169 247 174 213 140 242 169 229 156 248 175 224 151 248 175 237 164 224 151 215 142 244 171 236 163 249 176 250 177 227 154 250 177 247 174 227 154 240 167 249 176 227 154 239 166 251 178 233 160 251 178 241 168 233 160 247 174 250 177 213 140 250 177 252 179 213 140 252 179 253 180 213 140 254 181 244 171 215 142 255 182 256 183 215 142 256 183 257 184 215 142 257 184 254 181 215 142 254 181 245 172 244 171 258 185 234 161 231 158 246 173 258 185 231 158 234 161 259 186 229 156 259 186 248 175 229 156 260 187 249 176 240 167 241 168 261 188 240 167 261 188 260 187 240 167 251 178 262 189 241 168 262 189 261 188 241 168 257 184 245 172 254 181 249 176 252 179 250 177 257 184 263 190 245 172 264 191 246 173 245 172 263 190 264 191 245 172 238 165 265 192 243 170 265 192 239 166 243 170 266 193 265 192 238 165 267 194 266 193 238 165 237 164 267 194 238 165 265 192 268 195 239 166 268 195 251 178 239 166 266 193 269 196 265 192 269 196 268 195 265 192 249 176 270 197 252 179 270 197 271 198 252 179 271 198 253 180 252 179 260 187 270 197 249 176 256 183 263 190 257 184 272 199 267 194 237 164 248 175 272 199 237 164 268 195 273 200 251 178 273 200 262 189 251 178 258 185 274 201 234 161 274 201 259 186 234 161 262 189 275 202 261 188 275 202 276 203 261 188 276 203 260 187 261 188 277 204 258 185 246 173 264 191 277 204 246 173 278 205 270 197 260 187 276 203 278 205 260 187 279 206 272 199 248 175 259 186 279 206 248 175 280 207 263 190 256 183 255 182 280 207 256 183 273 200 281 208 262 189 281 208 275 202 262 189 270 197 282 209 271 198 282 209 253 180 271 198 280 207 283 210 263 190 284 211 264 191 263 190 283 210 284 211 263 190 285 212 282 209 270 197 286 213 285 212 270 197 287 214 286 213 270 197 278 205 287 214 270 197 277 204 288 215 258 185 288 215 274 201 258 185 285 212 253 180 282 209 289 216 269 196 266 193 290 217 289 216 266 193 267 194 290 217 266 193 289 216 291 218 269 196 291 218 268 195 269 196 291 218 292 219 268 195 292 219 273 200 268 195 293 220 283 210 280 207 255 182 293 220 280 207 294 221 279 206 259 186 274 201 294 221 259 186 275 202 295 222 276 203 295 222 296 223 276 203 296 223 278 205 276 203 281 208 297 224 275 202 297 224 295 222 275 202 298 225 290 217 267 194 272 199 298 225 267 194 299 226 277 204 264 191 284 211 299 226 264 191 292 219 300 227 273 200 300 227 281 208 273 200 285 212 286 213 253 180 286 213 301 228 253 180 301 228 302 229 253 180 303 230 293 220 255 182 304 231 305 232 255 182 305 232 306 233 255 182 306 233 303 230 255 182 303 230 283 210 293 220 307 234 287 214 278 205 296 223 307 234 278 205 308 235 298 225 272 199 279 206 308 235 272 199 306 233 283 210 303 230 300 227 309 236 281 208 309 236 297 224 281 208 287 214 301 228 286 213 310 237 294 221 274 201 288 215 310 237 274 201 306 233 311 238 283 210 312 239 284 211 283 210 311 238 312 239 283 210 299 226 313 240 277 204 313 240 288 215 277 204 314 241 296 223 295 222 297 224 315 242 295 222 315 242 314 241 295 222 316 243 301 228 287 214 307 234 316 243 287 214 314 241 317 244 296 223 317 244 307 234 296 223 318 245 308 235 279 206 294 221 318 245 279 206 316 243 319 246 301 228 319 246 302 229 301 228 305 232 311 238 306 233 309 236 320 247 297 224 320 247 315 242 297 224 321 248 299 226 284 211 312 239 321 248 284 211 322 249 291 218 289 216 323 250 322 249 289 216 324 251 323 250 289 216 290 217 324 251 289 216 322 249 292 219 291 218 322 249 325 252 292 219 325 252 300 227 292 219 326 253 324 251 290 217 298 225 326 253 290 217 323 250 327 254 322 249 327 254 325 252 322 249 328 255 316 243 307 234 317 244 328 255 307 234 325 252 329 256 300 227 329 256 309 236 300 227 330 257 311 238 305 232 304 231 330 257 305 232 331 258 310 237 288 215 313 240 331 258 288 215 332 259 326 253 298 225 308 235 332 259 298 225 333 260 318 245 294 221 310 237 333 260 294 221 334 261 317 244 314 241 315 242 335 262 314 241 335 262 334 261 314 241 329 256 336 263 309 236 336 263 320 247 309 236 316 243 337 264 319 246 337 264 302 229 319 246 321 248 338 265 299 226 338 265 313 240 299 226 320 247 339 266 315 242 339 266 335 262 315 242 330 257 340 267 311 238 341 268 312 239 311 238 340 267 341 268 311 238 334 261 342 269 317 244 342 269 328 255 317 244 343 270 344 271 316 243 344 271 337 264 316 243 328 255 343 270 316 243 345 272 332 259 308 235 318 245 345 272 308 235 344 271 302 229 337 264 336 263 346 273 320 247 346 273 339 266 320 247 347 274 340 267 330 257 304 231 347 274 330 257 348 275 321 248 312 239 341 268 348 275 312 239 349 276 343 270 328 255 342 269 349 276 328 255 350 277 333 260 310 237 331 258 350 277 310 237 351 278 331 258 313 240 338 265 351 278 313 240 344 271 352 279 302 229 352 279 353 280 302 229 353 280 354 281 302 229 355 282 347 274 304 231 356 283 357 284 304 231 357 284 358 285 304 231 358 285 355 282 304 231 355 282 340 267 347 274 343 270 352 279 344 271 339 266 359 286 335 262 359 286 360 287 335 262 360 287 334 261 335 262 361 288 342 269 334 261 360 287 361 288 334 261 358 285 340 267 355 282 362 289 345 272 318 245 333 260 362 289 318 245 343 270 353 280 352 279 346 273 363 290 339 266 363 290 359 286 339 266 348 275 364 291 321 248 364 291 338 265 321 248 358 285 365 292 340 267 366 293 341 268 340 267 365 292 366 293 340 267 361 288 367 294 342 269 367 294 349 276 342 269 368 295 353 280 343 270 349 276 368 295 343 270 323 250 369 296 327 254 369 296 325 252 327 254 370 297 350 277 331 258 351 278 370 297 331 258 368 295 371 298 353 280 371 298 354 281 353 280 372 299 348 275 341 268 366 293 372 299 341 268 357 284 365 292 358 285 373 300 362 289 333 260 350 277 373 300 333 260 359 286 374 301 360 287 374 301 375 302 360 287 375 302 361 288 360 287 376 303 351 278 338 265 364 291 376 303 338 265 377 304 368 295 349 276 367 294 377 304 349 276 363 290 378 305 359 286 378 305 374 301 359 286 379 306 367 294 361 288 375 302 379 306 361 288 380 307 369 296 323 250 381 308 380 307 323 250 382 309 381 308 323 250 324 251 382 309 323 250 369 296 383 310 325 252 383 310 329 256 325 252 380 307 383 310 369 296 384 311 365 292 357 284 356 283 384 311 357 284 385 312 382 309 324 251 326 253 385 312 324 251 386 313 336 263 329 256 383 310 386 313 329 256 372 299 387 314 348 275 387 314 364 291 348 275 368 295 388 315 371 298 388 315 354 281 371 298 389 316 385 312 326 253 332 259 389 316 326 253 379 306 390 317 367 294 390 317 377 304 367 294 384 311 391 318 365 292 392 319 366 293 365 292 391 318 392 319 365 292 386 313 393 320 336 263 393 320 346 273 336 263 394 321 395 322 368 295 395 322 388 315 368 295 377 304 394 321 368 295 396 323 373 300 350 277 370 297 396 323 350 277 397 324 370 297 351 278 376 303 397 324 351 278 398 325 375 302 374 301 378 305 399 326 374 301 399 326 398 325 374 301 400 327 389 316 332 259 345 272 400 327 332 259 398 325 401 328 375 302 401 328 379 306 375 302 393 320 402 329 346 273 402 329 363 290 346 273 403 330 372 299 366 293 392 319 403 330 366 293 404 331 376 303 364 291 387 314 404 331 364 291 395 322 354 281 388 315 405 332 391 318 384 311 356 283 405 332 384 311 406 333 394 321 377 304 390 317 406 333 377 304 407 334 390 317 379 306 401 328 407 334 379 306 408 335 400 327 345 272 362 289 408 335 345 272 409 336 391 318 405 332 356 283 409 336 405 332 402 329 410 337 363 290 410 337 378 305 363 290 395 322 411 338 354 281 411 338 412 339 354 281 412 339 413 340 354 281 413 340 414 341 354 281 415 342 409 336 356 283 416 343 417 344 356 283 417 344 418 345 356 283 418 345 415 342 356 283 419 346 391 318 409 336 415 342 419 346 409 336 394 321 411 338 395 322 403 330 420 347 372 299 420 347 387 314 372 299 394 321 412 339 411 338 421 348 396 323 370 297 397 324 421 348 370 297 407 334 422 349 390 317 422 349 406 333 390 317 423 350 392 319 391 318 419 346 423 350 391 318 424 351 401 328 398 325 399 326 425 352 398 325 425 352 424 351 398 325 426 353 397 324 376 303 404 331 426 353 376 303 427 354 413 340 394 321 413 340 412 339 394 321 406 333 427 354 394 321 424 351 428 355 401 328 428 355 407 334 401 328 429 356 408 335 362 289 373 300 429 356 362 289 410 337 430 357 378 305 430 357 399 326 378 305 431 358 404 331 387 314 420 347 431 358 387 314 432 359 403 330 392 319 423 350 432 359 392 319 433 360 422 349 407 334 428 355 433 360 407 334 434 361 427 354 406 333 422 349 434 361 406 333 418 345 419 346 415 342 381 308 435 362 380 307 435 362 383 310 380 307 436 363 419 346 418 345 417 344 436 363 418 345 437 364 421 348 397 324 426 353 437 364 397 324 438 365 435 362 381 308 439 366 438 365 381 308 382 309 439 366 381 308 435 362 440 367 383 310 440 367 386 313 383 310 438 365 441 368 435 362 441 368 440 367 435 362 432 359 442 369 403 330 442 369 420 347 403 330 443 370 439 366 382 309 385 312 443 370 382 309 444 371 429 356 373 300 396 323 444 371 373 300 445 372 393 320 386 313 440 367 445 372 386 313 427 354 446 373 413 340 446 373 414 341 413 340 447 374 428 355 424 351 425 352 448 375 424 351 448 375 447 374 424 351 430 357 449 376 399 326 449 376 425 352 399 326 433 360 450 377 422 349 450 377 434 361 422 349 451 378 443 370 385 312 389 316 451 378 385 312 452 379 426 353 404 331 431 358 452 379 404 331 445 372 453 380 393 320 453 380 402 329 393 320 454 381 423 350 419 346 436 363 454 381 419 346 447 374 455 382 428 355 455 382 433 360 428 355 456 383 457 384 427 354 457 384 446 373 427 354 434 361 456 383 427 354 458 385 451 378 389 316 400 327 458 385 389 316 453 380 459 386 402 329 459 386 410 337 402 329 460 387 431 358 420 347 442 369 460 387 420 347 461 388 432 359 423 350 454 381 461 388 423 350 462 389 450 377 433 360 455 382 462 389 433 360 463 390 456 383 434 361 450 377 463 390 434 361 464 391 444 371 396 323 421 348 464 391 396 323 457 384 414 341 446 373 465 392 458 385 400 327 408 335 465 392 400 327 466 393 436 363 417 344 416 343 466 393 417 344 449 376 467 394 425 352 467 394 448 375 425 352 459 386 468 395 410 337 468 395 430 357 410 337 469 396 437 364 426 353 452 379 469 396 426 353 470 397 436 363 466 393 416 343 470 397 466 393 471 398 455 382 447 374 448 375 472 399 447 374 472 399 471 398 447 374 461 388 473 400 432 359 473 400 442 369 432 359 456 383 474 401 457 384 474 401 414 341 457 384 475 402 452 379 431 358 460 387 475 402 431 358 462 389 476 403 450 377 476 403 463 390 450 377 474 401 477 404 414 341 477 404 478 405 414 341 478 405 479 406 414 341 480 407 481 408 416 343 481 408 470 397 416 343 482 409 480 407 416 343 483 410 482 409 416 343 484 411 436 363 470 397 481 408 484 411 470 397 456 383 477 404 474 401 485 412 465 392 408 335 429 356 485 412 408 335 486 413 454 381 436 363 484 411 486 413 436 363 471 398 487 414 455 382 487 414 462 389 455 382 468 395 488 415 430 357 488 415 449 376 430 357 478 405 477 404 456 383 489 416 478 405 456 383 463 390 489 416 456 383 490 417 464 391 421 348 437 364 490 417 421 348 473 400 460 387 442 369 467 394 491 418 448 375 491 418 472 399 448 375 492 419 461 388 454 381 486 413 492 419 454 381 438 365 493 420 441 368 493 420 440 367 441 368 494 421 476 403 462 389 487 414 494 421 462 389 495 422 489 416 463 390 476 403 495 422 463 390 496 423 485 412 429 356 444 371 496 423 429 356 497 424 469 396 452 379 475 402 497 424 452 379 488 415 498 425 449 376 498 425 467 394 449 376 480 407 484 411 481 408 499 426 493 420 438 365 500 427 499 426 438 365 439 366 500 427 438 365 493 420 501 428 440 367 501 428 445 372 440 367 502 429 487 414 471 398 472 399 503 430 471 398 503 430 502 429 471 398 499 426 504 431 493 420 504 431 501 428 493 420 505 432 500 427 439 366 443 370 505 432 439 366 506 433 453 380 445 372 501 428 506 433 445 372 507 434 484 411 480 407 482 409 507 434 480 407 508 435 505 432 443 370 451 378 508 435 443 370 492 419 509 436 461 388 509 436 473 400 461 388 489 416 510 437 478 405 510 437 479 406 478 405 506 433 511 438 453 380 511 438 459 386 453 380 473 400 475 402 460 387 494 421 512 439 476 403 512 439 495 422 476 403 502 429 513 440 487 414 513 440 494 421 487 414 514 441 508 435 451 378 458 385 514 441 451 378 515 442 486 413 484 411 507 434 515 442 484 411 511 438 516 443 459 386 516 443 468 395 459 386 517 444 490 417 437 364 469 396 517 444 437 364 518 445 510 437 489 416 495 422 518 445 489 416 519 446 496 423 444 371 464 391 519 446 444 371 491 418 520 447 472 399 520 447 503 430 472 399 498 425 521 448 467 394 521 448 491 418 467 394 522 449 514 441 458 385 465 392 522 449 458 385 509 436 523 450 473 400 523 450 524 451 473 400 524 451 475 402 473 400 516 443 525 452 468 395 525 452 488 415 468 395 526 453 492 419 486 413 515 442 526 453 486 413 527 454 512 439 494 421 513 440 527 454 494 421 499 426 528 455 504 431 528 455 501 428 504 431 529 456 497 424 475 402 524 451 529 456 475 402 530 457 528 455 499 426 531 458 530 457 499 426 500 427 531 458 499 426 528 455 532 459 501 428 532 459 506 433 501 428 533 460 518 445 495 422 512 439 533 460 495 422 530 457 534 461 528 455 534 461 532 459 528 455 535 462 531 458 500 427 505 432 535 462 500 427 536 463 537 464 538 465 539 466 536 463 538 465 540 467 539 466 538 465 541 468 542 469 543 470 542 469 544 471 543 470 544 471 545 472 543 470 546 473 547 474 545 472 544 471 546 473 545 472 548 475 539 466 540 467 549 476 539 466 548 475 550 477 551 478 549 476 551 478 539 466 549 476 552 479 542 469 541 468 536 463 553 480 537 464 554 481 542 469 552 479 555 482 554 481 552 479 556 483 557 484 558 485 557 484 559 486 558 485 546 473 560 487 547 474 536 463 561 488 553 480 561 488 562 489 553 480 562 489 563 490 553 480 564 491 565 492 556 483 565 492 557 484 556 483 566 493 565 492 564 491 567 494 566 493 564 491 557 484 568 495 559 486 568 495 569 496 559 486 570 497 566 493 567 494 571 498 572 499 570 497 572 499 566 493 570 497 573 500 574 501 571 498 574 501 572 499 571 498 575 502 576 503 573 500 576 503 574 501 573 500 577 504 578 505 575 502 578 505 576 503 575 502 579 506 578 505 577 504 580 507 578 505 579 506 581 508 578 505 580 507 582 509 581 508 580 507 583 510 581 508 582 509 584 511 581 508 583 510 585 512 584 511 583 510 586 513 585 512 583 510 587 514 588 515 586 513 588 515 585 512 586 513 589 516 588 515 587 514 590 517 588 515 589 516 591 518 590 517 589 516 592 519 590 517 591 518 593 520 590 517 592 519 594 521 590 517 593 520 595 522 594 521 593 520 596 523 594 521 595 522 597 524 596 523 595 522 598 525 596 523 597 524 599 526 598 525 597 524 600 527 598 525 599 526 601 528 598 525 600 527 602 529 601 528 600 527 603 530 601 528 602 529 604 531 601 528 603 530 605 532 606 533 604 531 607 534 601 528 604 531 606 533 607 534 604 531 608 535 606 533 605 532 609 536 610 537 608 535 610 537 606 533 608 535 611 538 610 537 609 536 612 539 610 537 611 538 613 540 610 537 612 539 614 541 613 540 612 539 615 542 614 541 612 539 616 543 617 544 615 542 617 544 614 541 615 542 618 545 617 544 616 543 619 546 617 544 618 545 620 547 617 544 619 546 621 548 620 547 619 546 622 549 620 547 621 548 623 550 620 547 622 549 624 551 623 550 622 549 625 552 623 550 624 551 626 553 625 552 624 551 627 554 625 552 626 553 562 489 628 555 563 490 629 556 630 557 627 554 631 558 629 556 627 554 630 557 632 559 627 554 632 559 625 552 627 554 633 560 634 561 627 554 634 561 635 562 627 554 636 563 631 558 627 554 637 564 636 563 627 554 635 562 637 564 627 554 562 489 638 565 628 555 638 565 639 566 628 555 639 566 640 567 628 555 641 568 642 569 628 555 640 567 641 568 628 555 642 569 643 570 628 555 643 570 644 571 628 555 644 571 645 572 628 555 646 573 647 574 633 560 647 574 648 575 633 560 648 575 649 576 633 560 649 576 650 577 633 560 650 577 634 561 633 560 651 578 652 579 645 572 652 579 653 580 645 572 653 580 654 581 645 572 644 571 655 582 645 572 655 582 651 578 645 572 656 583 657 584 646 573 657 584 658 585 646 573 658 585 647 574 646 573 659 586 660 587 654 581 653 580 661 588 654 581 661 588 659 586 654 581 662 589 663 590 656 583 663 590 657 584 656 583 664 591 665 592 656 583 665 592 666 593 656 583 666 593 662 589 656 583 667 594 668 595 660 587 669 596 667 594 660 587 659 586 670 597 660 587 670 597 671 598 660 587 671 598 672 599 660 587 672 599 669 596 660 587 673 600 674 601 664 591 674 601 665 592 664 591 675 602 673 600 664 591 676 603 675 602 664 591 677 604 678 605 668 595 678 605 679 606 668 595 679 606 680 607 668 595 667 594 677 604 668 595 681 608 675 602 676 603 682 609 683 610 676 603 683 610 684 611 676 603 684 611 685 612 676 603 685 612 681 608 676 603 686 613 687 614 676 603 687 614 688 615 676 603 688 615 682 609 676 603 689 616 690 617 680 607 690 617 691 618 680 607 679 606 692 619 680 607 692 619 689 616 680 607 693 620 694 621 686 613 694 621 695 622 686 613 695 622 696 623 686 613 696 623 697 624 686 613 697 624 687 614 686 613 698 625 699 626 691 618 699 626 700 627 691 618 700 627 701 628 691 618 701 628 693 620 691 618 690 617 702 629 691 618 702 629 698 625 691 618 703 630 704 631 693 620 704 631 705 632 693 620 705 632 694 621 693 620 701 628 706 633 693 620 706 633 703 630 693 620 546 473 707 634 560 487 708 635 709 636 569 496 568 495 708 635 569 496 710 637 711 638 712 639 711 638 713 640 712 639 713 640 714 641 712 639 715 642 551 478 550 477 716 643 715 642 550 477 713 640 717 644 714 641 717 644 718 645 714 641 719 646 715 642 716 643 720 647 721 648 722 649 721 648 723 650 722 649 723 650 719 646 722 649 723 650 715 642 719 646 724 651 725 652 709 636 708 635 724 651 709 636 546 473 726 653 707 634 726 653 727 654 707 634 727 654 711 638 710 637 726 653 711 638 727 654 728 655 721 648 720 647 717 644 728 655 718 645 717 644 721 648 728 655 729 656 730 657 555 482 730 657 554 481 555 482 724 651 729 656 725 652 724 651 730 657 729 656 731 658 511 438 506 433 532 459 731 658 506 433 574 501 732 659 572 499 732 659 566 493 572 499 566 493 557 484 565 492 503 430 733 660 502 429 733 660 513 440 502 429 584 511 578 505 581 508 708 635 730 657 724 651 734 661 535 462 505 432 508 435 734 661 505 432 731 658 735 662 511 438 735 662 516 443 511 438 518 445 736 663 510 437 736 663 479 406 510 437 737 664 522 449 465 392 485 412 737 664 465 392 738 665 507 434 482 409 483 410 738 665 482 409 739 666 507 434 738 665 483 410 739 666 738 665 525 452 740 667 488 415 740 667 498 425 488 415 732 659 557 484 566 493 551 478 536 463 539 466 741 668 614 541 617 544 620 547 741 668 617 544 742 669 576 503 578 505 584 511 742 669 578 505 743 670 730 657 708 635 568 495 743 670 708 635 744 671 734 661 508 435 514 441 744 671 508 435 526 453 745 672 492 419 745 672 509 436 492 419 518 445 746 673 736 663 746 673 479 406 736 663 747 674 519 446 464 391 490 417 747 674 464 391 735 662 748 675 516 443 748 675 525 452 516 443 527 454 749 676 512 439 749 676 533 460 512 439 521 448 750 677 491 418 750 677 520 447 491 418 751 678 517 444 469 396 497 424 751 678 469 396 752 679 574 501 576 503 742 669 752 679 576 503 753 680 743 670 568 495 557 484 753 680 568 495 739 666 754 681 507 434 755 682 515 442 507 434 754 681 755 682 507 434 520 447 756 683 503 430 756 683 733 660 503 430 757 684 588 515 590 517 594 521 757 684 590 517 542 469 758 685 544 471 758 685 759 686 544 471 759 686 546 473 544 471 760 687 744 671 514 441 522 449 760 687 514 441 759 686 726 653 546 473 596 523 761 688 594 521 761 688 762 689 594 521 762 689 757 684 594 521 757 684 763 690 588 515 763 690 585 512 588 515 764 691 758 685 542 469 554 481 764 691 542 469 748 675 765 692 525 452 765 692 740 667 525 452 746 673 766 693 479 406 767 694 739 666 483 410 768 695 754 681 739 666 767 694 768 695 739 666 518 445 769 696 746 673 769 696 766 693 746 673 561 488 638 565 562 489 632 559 623 550 625 552 770 697 769 696 518 445 533 460 770 697 518 445 771 698 737 664 485 412 496 423 771 698 485 412 772 699 711 638 726 653 759 686 772 699 726 653 598 525 773 700 596 523 773 700 761 688 596 523 774 701 584 511 585 512 763 690 774 701 585 512 730 657 775 702 554 481 775 702 764 691 554 481 740 667 776 703 498 425 776 703 521 448 498 425 531 458 777 704 530 457 777 704 778 705 530 457 778 705 534 461 530 457 778 705 777 704 532 459 777 704 779 706 532 459 534 461 778 705 532 459 779 706 731 658 532 459 780 707 781 708 574 501 781 708 732 659 574 501 752 679 780 707 574 501 732 659 782 709 557 484 782 709 753 680 557 484 783 710 713 640 711 638 772 699 783 710 711 638 601 528 784 711 598 525 784 711 773 700 598 525 785 712 777 704 531 458 786 713 785 712 531 458 535 462 786 713 531 458 774 701 787 714 584 511 787 714 742 669 584 511 788 715 775 702 730 657 743 670 788 715 730 657 779 706 735 662 731 658 745 672 789 716 509 436 789 716 523 450 509 436 790 717 786 713 535 462 734 661 790 717 535 462 779 706 791 718 735 662 791 718 748 675 735 662 792 719 526 453 515 442 755 682 792 719 515 442 781 708 782 709 732 659 513 440 793 720 527 454 793 720 749 676 527 454 794 721 760 687 522 449 737 664 794 721 522 449 795 722 717 644 713 640 783 710 795 722 713 640 607 534 796 723 601 528 796 723 784 711 601 528 797 724 752 679 742 669 787 714 797 724 742 669 798 725 788 715 743 670 753 680 798 725 743 670 799 726 529 456 524 451 523 450 799 726 524 451 765 692 800 727 740 667 800 727 776 703 740 667 801 728 770 697 533 460 749 676 801 728 533 460 802 729 790 717 734 661 744 671 802 729 734 661 733 660 803 730 513 440 803 730 793 720 513 440 791 718 804 731 748 675 804 731 765 692 748 675 805 732 747 674 490 417 517 444 805 732 490 417 806 733 721 648 717 644 795 722 806 733 717 644 606 533 807 734 607 534 807 734 796 723 607 534 808 735 780 707 752 679 797 724 808 735 752 679 782 709 809 736 753 680 809 736 798 725 753 680 810 737 782 709 781 708 780 707 810 737 781 708 762 689 811 738 757 684 811 738 763 690 757 684 812 739 759 686 758 685 764 691 812 739 758 685 750 677 813 740 520 447 813 740 756 683 520 447 814 741 771 698 496 423 519 446 814 741 496 423 811 738 815 742 763 690 815 742 774 701 763 690 775 702 816 743 764 691 816 743 812 739 764 691 817 744 818 745 766 693 769 696 817 744 766 693 819 746 768 695 767 694 820 747 819 746 767 694 770 697 817 744 769 696 819 746 754 681 768 695 821 748 802 729 744 671 760 687 821 748 744 671 822 749 787 714 774 701 815 742 822 749 774 701 823 750 816 743 775 702 788 715 823 750 775 702 776 703 824 751 521 448 824 751 750 677 521 448 551 478 825 752 536 463 825 752 826 753 536 463 826 753 561 488 536 463 623 550 741 668 620 547 827 754 818 745 817 744 770 697 827 754 817 744 804 731 828 755 765 692 828 755 800 727 765 692 792 719 829 756 526 453 829 756 745 672 526 453 830 757 751 678 497 424 529 456 830 757 497 424 831 758 794 721 737 664 771 698 831 758 737 664 822 749 832 759 787 714 832 759 797 724 787 714 833 760 823 750 788 715 798 725 833 760 788 715 785 712 834 761 777 704 834 761 779 706 777 704 835 762 836 763 834 761 785 712 835 762 834 761 836 763 779 706 834 761 837 764 838 765 780 707 838 765 839 766 780 707 839 766 810 737 780 707 808 735 837 764 780 707 810 737 839 766 782 709 839 766 840 767 782 709 840 767 809 736 782 709 841 768 723 650 721 648 806 733 841 768 721 648 610 537 842 769 606 533 842 769 807 734 606 533 843 770 835 762 785 712 844 771 843 770 785 712 845 772 844 771 785 712 786 713 845 772 785 712 836 763 846 773 779 706 846 773 847 774 779 706 847 774 848 775 779 706 848 775 849 776 779 706 849 776 791 718 779 706 756 683 850 777 733 660 850 777 803 730 733 660 800 727 851 778 776 703 851 778 824 751 776 703 852 779 845 772 786 713 853 780 852 779 786 713 790 717 853 780 786 713 854 781 855 782 791 718 855 782 856 783 791 718 856 783 804 731 791 718 849 776 857 784 791 718 857 784 854 781 791 718 819 746 755 682 754 681 858 785 808 735 797 724 832 759 858 785 797 724 809 736 859 786 798 725 859 786 833 760 798 725 860 787 821 748 760 687 794 721 860 787 760 687 838 765 840 767 839 766 801 728 827 754 770 697 861 788 853 780 790 717 802 729 862 789 790 717 862 789 863 790 790 717 863 790 861 788 790 717 828 755 864 791 800 727 864 791 851 778 800 727 865 792 828 755 804 731 856 783 866 793 804 731 866 793 865 792 804 731 867 794 715 642 723 650 841 768 867 794 723 650 613 540 868 795 610 537 868 795 842 769 610 537 858 785 837 764 808 735 840 767 869 796 809 736 869 796 859 786 809 736 816 743 870 797 812 739 870 797 871 798 812 739 871 798 759 686 812 739 872 799 815 742 811 738 762 689 872 799 811 738 872 799 873 800 815 742 873 800 822 749 815 742 874 801 870 797 816 743 823 750 874 801 816 743 829 756 875 802 745 672 875 802 789 716 745 672 820 747 876 803 819 746 876 803 877 804 819 746 877 804 755 682 819 746 878 805 818 745 827 754 801 728 878 805 827 754 878 805 879 806 818 745 879 806 880 807 818 745 881 808 882 809 820 747 882 809 883 810 820 747 883 810 876 803 820 747 761 688 884 811 762 689 884 811 885 812 762 689 885 812 872 799 762 689 871 798 772 699 759 686 886 813 814 741 519 446 747 674 886 813 519 446 887 814 832 759 822 749 873 800 887 814 822 749 888 815 874 801 823 750 833 760 888 815 823 750 889 816 890 817 802 729 890 817 862 789 802 729 821 748 891 818 802 729 891 818 892 819 802 729 892 819 889 816 802 729 893 820 805 732 517 444 751 678 893 820 517 444 894 821 831 758 771 698 814 741 894 821 771 698 793 720 895 822 749 676 895 822 896 823 749 676 896 823 801 728 749 676 877 804 792 719 755 682 897 824 783 710 772 699 871 798 897 824 772 699 773 700 898 825 761 688 898 825 884 811 761 688 824 751 899 826 750 677 899 826 813 740 750 677 900 827 864 791 828 755 901 828 900 827 828 755 865 792 902 829 828 755 902 829 901 828 828 755 903 830 799 726 523 450 789 716 903 830 523 450 887 814 904 831 832 759 904 831 858 785 832 759 859 786 905 832 833 760 905 832 888 815 833 760 906 833 907 834 836 763 835 762 906 833 836 763 907 834 846 773 836 763 907 834 908 835 846 773 908 835 847 774 846 773 843 770 909 836 835 762 909 836 906 833 835 762 908 835 910 837 847 774 910 837 848 775 847 774 844 771 909 836 843 770 911 838 912 839 837 764 912 839 838 765 837 764 913 840 911 838 837 764 858 785 913 840 837 764 838 765 912 839 840 767 912 839 914 841 840 767 914 841 869 796 840 767 845 772 909 836 844 771 851 778 915 842 824 751 915 842 899 826 824 751 910 837 849 776 848 775 906 833 916 843 907 834 916 843 908 835 907 834 813 740 917 844 756 683 917 844 850 777 756 683 879 806 878 805 801 728 918 845 879 806 801 728 896 823 918 845 801 728 910 837 857 784 849 776 919 846 909 836 845 772 852 779 919 846 845 772 920 847 860 787 794 721 831 758 920 847 794 721 803 730 921 848 793 720 921 848 895 822 793 720 922 849 919 846 852 779 853 780 922 849 852 779 906 833 923 850 916 843 923 850 908 835 916 843 924 851 795 722 783 710 897 824 924 851 783 710 784 711 925 852 773 700 925 852 898 825 773 700 926 853 854 781 857 784 910 837 926 853 857 784 926 853 855 782 854 781 867 794 927 854 715 642 927 854 551 478 715 642 614 541 868 795 613 540 904 831 928 855 858 785 929 856 913 840 858 785 928 855 929 856 858 785 869 796 930 857 859 786 930 857 905 832 859 786 919 846 906 833 909 836 864 791 931 858 851 778 931 858 915 842 851 778 932 859 856 783 855 782 926 853 932 859 855 782 861 788 922 849 853 780 911 838 914 841 912 839 932 859 866 793 856 783 926 853 933 860 932 859 933 860 866 793 932 859 923 850 910 837 908 835 863 790 922 849 861 788 862 789 922 849 863 790 860 787 934 861 821 748 934 861 935 862 821 748 935 862 891 818 821 748 933 860 865 792 866 793 883 810 877 804 876 803 936 863 806 733 795 722 924 851 936 863 795 722 796 723 937 864 784 711 937 864 925 852 784 711 938 865 931 858 864 791 900 827 938 865 864 791 914 841 939 866 869 796 939 866 930 857 869 796 940 867 830 757 529 456 799 726 940 867 529 456 941 868 877 804 883 810 882 809 941 868 883 810 942 869 880 807 879 806 918 845 942 869 879 806 872 799 943 870 873 800 943 870 944 871 873 800 944 871 887 814 873 800 945 872 946 873 874 801 888 815 945 872 874 801 946 873 870 797 874 801 877 804 829 756 792 719 885 812 943 870 872 799 946 873 871 798 870 797 947 874 904 831 887 814 944 871 947 874 887 814 905 832 948 875 888 815 948 875 945 872 888 815 949 876 923 850 906 833 950 877 949 876 906 833 951 878 950 877 906 833 919 846 951 878 906 833 923 850 949 876 910 837 949 876 952 879 910 837 952 879 926 853 910 837 890 817 922 849 862 789 933 860 902 829 865 792 850 777 953 880 803 730 953 880 921 848 803 730 889 816 954 881 890 817 955 882 922 849 890 817 954 881 955 882 890 817 892 819 954 881 889 816 956 883 914 841 911 838 913 840 956 883 911 838 891 818 954 881 892 819 947 874 928 855 904 831 930 857 957 884 905 832 957 884 948 875 905 832 929 856 956 883 913 840 956 883 939 866 914 841 933 860 958 885 902 829 958 885 901 828 902 829 958 885 900 827 901 828 826 753 638 565 561 488 632 559 630 557 623 550 630 557 959 886 623 550 959 886 741 668 623 550 960 887 841 768 806 733 936 863 960 887 806 733 807 734 961 888 796 723 961 888 937 864 796 723 955 882 919 846 922 849 962 889 958 885 933 860 926 853 962 889 933 860 950 877 963 890 949 876 963 890 952 879 949 876 964 891 894 821 814 741 886 813 964 891 814 741 965 892 929 856 928 855 947 874 965 892 928 855 966 893 957 884 930 857 939 866 967 894 930 857 967 894 966 893 930 857 968 895 920 847 831 758 894 821 968 895 831 758 969 896 886 813 747 674 805 732 969 896 747 674 952 879 970 897 926 853 970 897 962 889 926 853 971 898 939 866 956 883 929 856 971 898 956 883 951 878 972 899 950 877 972 899 973 900 950 877 973 900 963 890 950 877 963 890 970 897 952 879 920 847 974 901 860 787 974 901 975 902 860 787 975 902 934 861 860 787 976 903 813 740 899 826 915 842 977 904 899 826 977 904 976 903 899 826 978 905 951 878 919 846 955 882 978 905 919 846 931 858 979 906 915 842 979 906 977 904 915 842 976 903 917 844 813 740 980 907 979 906 931 858 981 908 982 909 931 858 982 909 983 910 931 858 983 910 980 907 931 858 938 865 981 908 931 858 958 885 938 865 900 827 935 862 954 881 891 818 984 911 954 881 935 862 934 861 984 911 935 862 985 912 986 913 971 898 986 913 939 866 971 898 929 856 985 912 971 898 973 900 970 897 963 890 987 914 867 794 841 768 960 887 987 914 841 768 842 769 961 888 807 734 988 915 981 908 938 865 958 885 988 915 938 865 972 899 989 916 973 900 989 916 970 897 973 900 978 905 990 917 951 878 990 917 972 899 951 878 991 918 958 885 962 889 970 897 991 918 962 889 992 919 986 913 985 912 993 920 992 919 985 912 929 856 993 920 985 912 994 921 893 820 751 678 830 757 994 921 751 678 995 922 993 920 929 856 996 923 995 922 929 856 965 892 996 923 929 856 997 924 967 894 939 866 986 913 998 925 939 866 998 925 997 924 939 866 988 915 982 909 981 908 999 926 965 892 947 874 1000 927 999 926 947 874 944 871 1001 928 947 874 1001 928 1000 927 947 874 957 884 1002 929 948 875 1002 929 1003 930 948 875 1003 930 945 872 948 875 1003 930 1004 931 945 872 1004 931 946 873 945 872 943 870 1001 928 944 871 972 899 1005 932 989 916 1006 933 970 897 989 916 1005 932 1007 934 989 916 1007 934 1006 933 989 916 991 918 988 915 958 885 966 893 1002 929 957 884 877 804 1008 935 829 756 1008 935 1009 936 829 756 1009 936 875 802 829 756 1010 937 983 910 982 909 988 915 1010 937 982 909 975 902 984 911 934 861 885 812 1001 928 943 870 1004 931 1011 938 946 873 1011 938 871 798 946 873 1012 939 996 923 965 892 967 894 1013 940 966 893 1013 940 1002 929 966 893 1014 941 1005 932 972 899 990 917 1015 942 972 899 1015 942 1016 943 972 899 1016 943 1014 941 972 899 1006 933 1017 944 970 897 1017 944 991 918 970 897 917 844 1018 945 850 777 1018 945 953 880 850 777 1019 946 992 919 993 920 1020 947 1019 946 993 920 995 922 1020 947 993 920 992 919 998 925 986 913 1019 946 998 925 992 919 1021 948 825 752 551 478 927 854 1021 948 551 478 1022 949 868 795 614 541 741 668 1023 950 614 541 1023 950 1024 951 614 541 1024 951 1022 949 614 541 895 822 1025 952 896 823 1025 952 1026 953 896 823 1026 953 918 845 896 823 941 868 1027 954 877 804 1027 954 1008 935 877 804 1028 955 903 830 789 716 875 802 1028 955 789 716 1011 938 897 824 871 798 884 811 1029 956 885 812 1030 957 1001 928 885 812 1029 956 1030 957 885 812 1031 958 995 922 996 923 1012 939 1031 958 996 923 1032 959 1033 960 967 894 1033 960 1013 940 967 894 1005 932 1034 961 1007 934 1034 961 1006 933 1007 934 1035 962 998 925 1019 946 1020 947 1035 962 1019 946 1036 963 988 915 991 918 1017 944 1036 963 991 918 1037 964 1034 961 1005 932 1038 965 1037 964 1005 932 1014 941 1038 965 1005 932 1034 961 1039 966 1006 933 1039 966 1017 944 1006 933 1037 964 1040 967 1034 961 1040 967 1039 966 1034 961 826 753 639 566 638 565 1041 968 1020 947 995 922 1031 958 1041 968 995 922 998 925 1042 969 1032 959 1042 969 1033 960 1032 959 1043 970 1044 971 918 845 1044 971 942 869 918 845 1026 953 1043 970 918 845 921 848 1045 972 895 822 1045 972 1025 952 895 822 1046 973 927 854 867 794 987 914 1046 973 867 794 868 795 1022 949 842 769 1022 949 961 888 842 769 1047 974 1040 967 1037 964 1038 965 1048 975 1037 964 1048 975 1049 976 1037 964 1049 976 1047 974 1037 964 1050 977 1017 944 1039 966 1040 967 1051 978 1039 966 1051 978 1050 977 1039 966 1052 979 924 851 897 824 1011 938 1052 979 897 824 898 825 1029 956 884 811 974 901 984 911 975 902 1047 974 1051 978 1040 967 1053 980 1054 981 1020 947 1054 981 1035 962 1020 947 1041 968 1042 969 1020 947 1042 969 1053 980 1020 947 1053 980 1042 969 998 925 1054 981 1053 980 998 925 1035 962 1054 981 998 925 1049 976 1055 982 1047 974 1055 982 1051 978 1047 974 1048 975 1055 982 1049 976 1055 982 1056 983 1051 978 1056 983 1050 977 1051 978 1016 943 1057 984 1014 941 1057 984 1038 965 1014 941 1050 977 1058 985 1017 944 1058 985 1036 963 1017 944 1059 986 1060 987 920 847 1060 987 974 901 920 847 1061 988 1059 986 920 847 968 895 1061 988 920 847 1048 975 1042 969 1055 982 1042 969 1056 983 1055 982 1048 975 1062 989 1042 969 1041 968 1063 990 1042 969 1063 990 1056 983 1042 969 1062 989 1033 960 1042 969 1060 987 984 911 974 901 1010 937 980 907 983 910 1064 991 954 881 984 911 1060 987 1064 991 984 911 1065 992 980 907 1010 937 1066 993 1065 992 1010 937 988 915 1066 993 1010 937 1057 984 1062 989 1038 965 1062 989 1048 975 1038 965 1067 994 1058 985 1050 977 1056 983 1067 994 1050 977 1059 986 1064 991 1060 987 1068 995 1031 958 1012 939 1000 927 1068 995 1012 939 1013 940 1069 996 1002 929 1069 996 1070 997 1002 929 1070 997 1071 998 1002 929 1071 998 1003 930 1002 929 1063 990 1041 968 1031 958 1072 999 1063 990 1031 958 1033 960 1062 989 1013 940 1062 989 1069 996 1013 940 1063 990 1067 994 1056 983 1073 1000 955 882 954 881 1064 991 1073 1000 954 881 1065 992 979 906 980 907 1074 1001 968 895 894 821 964 891 1074 1001 894 821 1075 1002 978 905 955 882 1073 1000 1075 1002 955 882 1036 963 1076 1003 988 915 1076 1003 1066 993 988 915 1001 928 1077 1004 1000 927 1077 1004 1068 995 1000 927 1071 998 1078 1005 1003 930 1078 1005 1004 931 1003 930 1065 992 1079 1006 979 906 1079 1006 1080 1007 979 906 1080 1007 977 904 979 906 1075 1002 1081 1008 978 905 1081 1008 990 917 978 905 1057 984 1069 996 1062 989 1072 999 1067 994 1063 990 1066 993 1079 1006 1065 992 1081 1008 1082 1009 990 917 1082 1009 1015 942 990 917 1083 1010 1076 1003 1036 963 1058 985 1083 1010 1036 963 1084 1011 964 891 886 813 969 896 1084 1011 886 813 881 808 1085 1012 882 809 1085 1012 941 868 882 809 1016 943 1086 1013 1057 984 1086 1013 1069 996 1057 984 1087 1014 1058 985 1067 994 1072 999 1088 1015 1067 994 1088 1015 1089 1016 1067 994 1089 1016 1087 1014 1067 994 1090 1017 976 903 977 904 1080 1007 1090 1017 977 904 1086 1013 1016 943 1015 942 1091 1018 1086 1013 1015 942 1092 1019 1091 1018 1015 942 1082 1009 1092 1019 1015 942 1093 1020 940 867 799 726 903 830 1093 1020 799 726 1094 1021 936 863 924 851 1052 979 1094 1021 924 851 1095 1022 1029 956 898 825 925 852 1095 1022 898 825 1087 1014 1083 1010 1058 985 1044 971 880 807 942 869 1086 1013 1070 997 1069 996 1096 1023 1097 1024 1004 931 1078 1005 1096 1023 1004 931 1097 1024 1011 938 1004 931 1098 1025 1077 1004 1001 928 1030 957 1098 1025 1001 928 1099 1026 880 807 1044 971 1043 970 1099 1026 1044 971 1100 1027 917 844 976 903 1090 1017 1100 1027 976 903 1091 1018 1071 998 1070 997 1086 1013 1091 1018 1070 997 1077 1004 1088 1015 1072 999 1101 1028 969 896 805 732 893 820 1101 1028 805 732 953 880 1102 1029 921 848 1102 1029 1045 972 921 848 881 808 1103 1030 1085 1012 1103 1030 941 868 1085 1012 1046 973 1021 948 927 854 1104 1031 1078 1005 1071 998 1091 1018 1104 1031 1071 998 1089 1016 1105 1032 1087 1014 1105 1032 1083 1010 1087 1014 1100 1027 1018 945 917 844 1094 1021 960 887 936 863 937 864 1095 1022 925 852 1106 1033 1107 1034 1088 1015 1107 1034 1108 1035 1088 1015 1108 1035 1089 1016 1088 1015 1077 1004 1106 1033 1088 1015 1109 1036 1096 1023 1078 1005 1104 1031 1109 1036 1078 1005 1098 1025 1106 1033 1077 1004 1110 1037 1076 1003 1083 1010 1105 1032 1110 1037 1083 1010 1111 1038 1066 993 1076 1003 1110 1037 1111 1038 1076 1003 1061 988 1064 991 1059 986 1112 1039 1097 1024 1096 1023 1109 1036 1112 1039 1096 1023 1092 1019 1104 1031 1091 1018 1108 1035 1113 1040 1089 1016 1113 1040 1105 1032 1089 1016 1111 1038 1114 1041 1066 993 1114 1041 1115 1042 1066 993 1115 1042 1079 1006 1066 993 1116 1043 1064 991 1061 988 1117 1044 1116 1043 1061 988 968 895 1117 1044 1061 988 1115 1042 1080 1007 1079 1006 1074 1001 1118 1045 968 895 1118 1045 1119 1046 968 895 1119 1046 1117 1044 968 895 1120 1047 994 921 830 757 940 867 1120 1047 830 757 1109 1036 1104 1031 1092 1019 1121 1048 1109 1036 1092 1019 1122 1049 1121 1048 1092 1019 1082 1009 1122 1049 1092 1019 1123 1050 987 914 960 887 1094 1021 1123 1050 960 887 961 888 1124 1051 937 864 1124 1051 1095 1022 937 864 1125 1052 1011 938 1097 1024 1112 1039 1125 1052 1097 1024 1126 1053 1106 1033 1098 1025 1030 957 1126 1053 1098 1025 1114 1041 1080 1007 1115 1042 1126 1053 1127 1054 1106 1033 1127 1054 1128 1055 1106 1033 1128 1055 1107 1034 1106 1033 1114 1041 1129 1056 1080 1007 1129 1056 1130 1057 1080 1007 1130 1057 1090 1017 1080 1007 1131 1058 1122 1049 1082 1009 1081 1008 1131 1058 1082 1009 1132 1059 1110 1037 1105 1032 1113 1040 1132 1059 1105 1032 1107 1034 1133 1060 1108 1035 1133 1060 1113 1040 1108 1035 1018 945 1134 1061 953 880 1134 1061 1102 1029 953 880 1135 1062 1074 1001 964 891 1084 1011 1135 1062 964 891 1136 1063 1009 936 1008 935 1027 954 1136 1063 1008 935 1075 1002 1137 1064 1081 1008 1137 1064 1131 1058 1081 1008 1021 948 1138 1065 825 752 1138 1065 826 753 825 752 959 886 1139 1066 741 668 1139 1066 1023 950 741 668 1140 1067 1052 979 1011 938 1125 1052 1140 1067 1011 938 1029 956 1126 1053 1030 957 1025 952 1141 1068 1026 953 1141 1068 1142 1069 1026 953 1142 1069 1043 970 1026 953 1143 1070 1100 1027 1090 1017 1130 1057 1143 1070 1090 1017 1103 1030 1144 1071 941 868 1144 1071 1145 1072 941 868 1145 1072 1027 954 941 868 1146 1073 1137 1064 1075 1002 1073 1000 1146 1073 1075 1002 1147 1074 1111 1038 1110 1037 1132 1059 1147 1074 1110 1037 1148 1075 1028 955 875 802 1009 936 1148 1075 875 802 1121 1048 1112 1039 1109 1036 1128 1055 1149 1076 1107 1034 1149 1076 1133 1060 1107 1034 881 808 1150 1077 1103 1030 1150 1077 1144 1071 1103 1030 1151 1078 1084 1011 969 896 1101 1028 1151 1078 969 896 1152 1079 880 807 1099 1026 1043 970 1152 1079 1099 1026 1123 1050 1046 973 987 914 1022 949 1124 1051 961 888 1152 1079 1153 1080 880 807 1153 1080 1154 1081 880 807 1155 1082 1156 1083 881 808 1156 1083 1157 1084 881 808 1157 1084 1150 1077 881 808 1064 991 1158 1085 1073 1000 1158 1085 1146 1073 1073 1000 1153 1080 1152 1079 1043 970 1159 1086 1153 1080 1043 970 1142 1069 1159 1086 1043 970 1045 972 1160 1087 1025 952 1160 1087 1141 1068 1025 952 1119 1046 1116 1043 1117 1044 1161 1088 1129 1056 1114 1041 1111 1038 1161 1088 1114 1041 1162 1089 1132 1059 1113 1040 1133 1060 1162 1089 1113 1040 1163 1090 1094 1021 1052 979 1140 1067 1163 1090 1052 979 1127 1054 1126 1053 1029 956 1095 1022 1164 1091 1029 956 1164 1091 1165 1092 1029 956 1165 1092 1127 1054 1029 956 1116 1043 1158 1085 1064 991 1166 1093 1161 1088 1111 1038 1147 1074 1166 1093 1111 1038 1167 1094 1018 945 1100 1027 1143 1070 1167 1094 1100 1027 1118 1045 1116 1043 1119 1046 1168 1095 1101 1028 893 820 994 921 1168 1095 893 820 1169 1096 1170 1097 1121 1048 1170 1097 1112 1039 1121 1048 1122 1049 1169 1096 1121 1048 1170 1097 1125 1052 1112 1039 1127 1054 1171 1098 1128 1055 1171 1098 1149 1076 1128 1055 1161 1088 1172 1099 1129 1056 1172 1099 1130 1057 1129 1056 1173 1100 1116 1043 1118 1045 1074 1001 1173 1100 1118 1045 1174 1101 1093 1020 903 830 1028 955 1174 1101 903 830 1157 1084 1144 1071 1150 1077 1175 1102 1158 1085 1116 1043 1173 1100 1175 1102 1116 1043 1166 1093 1176 1103 1161 1088 1176 1103 1177 1104 1161 1088 1177 1104 1172 1099 1161 1088 1178 1105 1175 1102 1173 1100 1074 1001 1178 1105 1173 1100 1167 1094 1134 1061 1018 945 1177 1104 1130 1057 1172 1099 1179 1106 1154 1081 1153 1080 1180 1107 1179 1106 1153 1080 1159 1086 1180 1107 1153 1080 1102 1029 1181 1108 1045 972 1181 1108 1160 1087 1045 972 1182 1109 1147 1074 1132 1059 1162 1089 1182 1109 1132 1059 1183 1110 1178 1105 1074 1001 1135 1062 1183 1110 1074 1001 1184 1111 1169 1096 1122 1049 1131 1058 1184 1111 1122 1049 1185 1112 1162 1089 1133 1060 1149 1076 1185 1112 1133 1060 1176 1103 1130 1057 1177 1104 1156 1083 1186 1113 1157 1084 1186 1113 1144 1071 1157 1084 1170 1097 1187 1114 1125 1052 1187 1114 1140 1067 1125 1052 1165 1092 1171 1098 1127 1054 1176 1103 1188 1115 1130 1057 1188 1115 1143 1070 1130 1057 1163 1090 1123 1050 1094 1021 1124 1051 1164 1091 1095 1022 1189 1116 1184 1111 1131 1058 1137 1064 1189 1116 1131 1058 1190 1117 1135 1062 1084 1011 1151 1078 1190 1117 1084 1011 1182 1109 1166 1093 1147 1074 1191 1118 1120 1047 940 867 1093 1020 1191 1118 940 867 1123 1050 1192 1119 1046 973 1192 1119 1021 948 1046 973 1193 1120 1124 1051 1022 949 1024 951 1194 1121 1022 949 1194 1121 1195 1122 1022 949 1195 1122 1193 1120 1022 949 1196 1123 1167 1094 1143 1070 1188 1115 1196 1123 1143 1070 1197 1124 1185 1112 1149 1076 1171 1098 1197 1124 1149 1076 1134 1061 1198 1125 1102 1029 1198 1125 1181 1108 1102 1029 1146 1073 1199 1126 1137 1064 1199 1126 1189 1116 1137 1064 1200 1127 1182 1109 1162 1089 1185 1112 1200 1127 1162 1089 1169 1096 1187 1114 1170 1097 1183 1110 1175 1102 1178 1105 1201 1128 1136 1063 1027 954 1145 1072 1201 1128 1027 954 1202 1129 1151 1078 1101 1028 1168 1095 1202 1129 1101 1028 1166 1093 1203 1130 1176 1103 1203 1130 1188 1115 1176 1103 1141 1068 1204 1131 1142 1069 1204 1131 1205 1132 1142 1069 1205 1132 1159 1086 1142 1069 1186 1113 1206 1133 1144 1071 1206 1133 1145 1072 1144 1071 640 567 639 566 826 753 1207 1134 640 567 826 753 1208 1135 1207 1134 826 753 1138 1065 1208 1135 826 753 630 557 629 556 959 886 629 556 1139 1066 959 886 1209 1136 1134 1061 1167 1094 1196 1123 1209 1136 1167 1094 1210 1137 1148 1075 1009 936 1136 1063 1210 1137 1009 936 1211 1138 1199 1126 1146 1073 1158 1085 1211 1138 1146 1073 1212 1139 1213 1140 1183 1110 1213 1140 1175 1102 1183 1110 1135 1062 1212 1139 1183 1110 1205 1132 1180 1107 1159 1086 1187 1114 1214 1141 1140 1067 1214 1141 1163 1090 1140 1067 1215 1142 1171 1098 1165 1092 1164 1091 1215 1142 1165 1092 1160 1087 1216 1143 1141 1068 1216 1143 1204 1131 1141 1068 1184 1111 1187 1114 1169 1096 1215 1142 1197 1124 1171 1098 1217 1144 1168 1095 994 921 1120 1047 1217 1144 994 921 1190 1117 1218 1145 1135 1062 1218 1145 1219 1146 1135 1062 1219 1146 1212 1139 1135 1062 1175 1102 1211 1138 1158 1085 1220 1147 1166 1093 1182 1109 1200 1127 1220 1147 1182 1109 1209 1136 1198 1125 1134 1061 1163 1090 1221 1148 1123 1050 1221 1148 1192 1119 1123 1050 1193 1120 1164 1091 1124 1051 1222 1149 1200 1127 1185 1112 1197 1124 1222 1149 1185 1112 1155 1082 1223 1150 1156 1083 1223 1150 1186 1113 1156 1083 1166 1093 1224 1151 1203 1130 1224 1151 1188 1115 1203 1130 1224 1151 1225 1152 1188 1115 1225 1152 1226 1153 1188 1115 1226 1153 1196 1123 1188 1115 1227 1154 1174 1101 1028 955 1148 1075 1227 1154 1028 955 1228 1155 1154 1081 1179 1106 1180 1107 1228 1155 1179 1106 1181 1108 1229 1156 1160 1087 1229 1156 1216 1143 1160 1087 1230 1157 1154 1081 1228 1155 1180 1107 1230 1157 1228 1155 1231 1158 1187 1114 1184 1111 1189 1116 1231 1158 1184 1111 1232 1159 1190 1117 1151 1078 1202 1129 1232 1159 1151 1078 1155 1082 1233 1160 1223 1150 1233 1160 1186 1113 1223 1150 1234 1161 1211 1138 1175 1102 1213 1140 1234 1161 1175 1102 1235 1162 1224 1151 1166 1093 1220 1147 1235 1162 1166 1093 1235 1162 1225 1152 1224 1151 1219 1146 1213 1140 1212 1139 1192 1119 1236 1163 1021 948 1236 1163 1138 1065 1021 948 1023 950 1237 1164 1024 951 1237 1164 1194 1121 1024 951 1238 1165 1209 1136 1196 1123 1226 1153 1238 1165 1196 1123 1218 1145 1213 1140 1219 1146 1239 1166 1191 1118 1093 1020 1174 1101 1239 1166 1093 1020 1214 1141 1221 1148 1163 1090 1240 1167 1215 1142 1164 1091 1193 1120 1240 1167 1164 1091 1235 1162 1241 1168 1225 1152 1241 1168 1226 1153 1225 1152 1242 1169 1231 1158 1189 1116 1199 1126 1242 1169 1189 1116 1243 1170 1222 1149 1197 1124 1215 1142 1243 1170 1197 1124 1222 1149 1220 1147 1200 1127 1198 1125 1244 1171 1181 1108 1244 1171 1229 1156 1181 1108 1245 1172 1202 1129 1168 1095 1217 1144 1245 1172 1168 1095 1246 1173 1213 1140 1218 1145 1190 1117 1246 1173 1218 1145 1246 1173 1247 1174 1213 1140 1247 1174 1234 1161 1213 1140 1248 1175 1241 1168 1235 1162 1220 1147 1249 1176 1235 1162 1249 1176 1248 1175 1235 1162 1250 1177 1201 1128 1145 1072 1206 1133 1250 1177 1145 1072 1231 1158 1251 1178 1187 1114 1251 1178 1214 1141 1187 1114 1240 1167 1243 1170 1215 1142 1252 1179 1198 1125 1209 1136 1238 1165 1252 1179 1209 1136 1233 1160 1253 1180 1186 1113 1253 1180 1254 1181 1186 1113 1254 1181 1206 1133 1186 1113 1204 1131 1255 1182 1205 1132 1255 1182 1256 1183 1205 1132 1256 1183 1180 1107 1205 1132 1257 1184 1247 1174 1246 1173 1190 1117 1257 1184 1246 1173 1248 1175 1226 1153 1241 1168 1211 1138 1242 1169 1199 1126 1258 1185 1210 1137 1136 1063 1201 1128 1258 1185 1136 1063 1221 1148 1259 1186 1192 1119 1259 1186 1236 1163 1192 1119 1260 1187 1261 1188 1180 1107 1261 1188 1230 1157 1180 1107 1256 1183 1260 1187 1180 1107 1262 1189 1257 1184 1190 1117 1232 1159 1262 1189 1190 1117 1216 1143 1263 1190 1204 1131 1263 1190 1255 1182 1204 1131 1264 1191 1217 1144 1120 1047 1191 1118 1264 1191 1120 1047 1248 1175 1265 1192 1226 1153 1265 1192 1266 1193 1226 1153 1266 1193 1238 1165 1226 1153 1267 1194 641 568 640 567 1207 1134 1267 1194 640 567 1268 1195 1139 1066 629 556 631 558 1268 1195 629 556 1155 1082 1269 1196 1233 1160 1269 1196 1253 1180 1233 1160 1261 1188 1154 1081 1230 1157 1261 1188 1270 1197 1154 1081 1270 1197 1271 1198 1154 1081 1272 1199 1273 1200 1155 1082 1273 1200 1274 1201 1155 1082 1274 1201 1275 1202 1155 1082 1275 1202 1269 1196 1155 1082 1252 1179 1244 1171 1198 1125 1249 1176 1265 1192 1248 1175 1275 1202 1253 1180 1269 1196 1234 1161 1276 1203 1211 1138 1276 1203 1242 1169 1211 1138 1277 1204 1220 1147 1222 1149 1243 1170 1277 1204 1222 1149 1278 1205 1227 1154 1148 1075 1210 1137 1278 1205 1148 1075 1260 1187 1270 1197 1261 1188 1229 1156 1279 1206 1216 1143 1279 1206 1263 1190 1216 1143 1280 1207 1232 1159 1202 1129 1245 1172 1280 1207 1202 1129 1214 1141 1281 1208 1221 1148 1281 1208 1259 1186 1221 1148 1282 1209 1283 1210 1193 1120 1283 1210 1240 1167 1193 1120 1195 1122 1284 1211 1193 1120 1284 1211 1282 1209 1193 1120 1285 1212 1271 1198 1270 1197 1260 1187 1285 1212 1270 1197 1262 1189 1247 1174 1257 1184 1286 1213 1208 1135 1138 1065 1236 1163 1286 1213 1138 1065 1139 1066 1287 1214 1023 950 1287 1214 1237 1164 1023 950 1288 1215 1252 1179 1238 1165 1266 1193 1288 1215 1238 1165 1289 1216 1253 1180 1275 1202 1274 1201 1289 1216 1275 1202 1249 1176 1290 1217 1265 1192 1290 1217 1266 1193 1265 1192 1291 1218 1251 1178 1231 1158 1242 1169 1291 1218 1231 1158 1283 1210 1277 1204 1243 1170 1240 1167 1283 1210 1243 1170 1251 1178 1281 1208 1214 1141 1292 1219 1239 1166 1174 1101 1227 1154 1292 1219 1174 1101 1293 1220 1245 1172 1217 1144 1264 1191 1293 1220 1217 1144 1244 1171 1294 1221 1229 1156 1294 1221 1279 1206 1229 1156 1247 1174 1276 1203 1234 1161 1277 1204 1295 1222 1220 1147 1295 1222 1296 1223 1220 1147 1296 1223 1249 1176 1220 1147 1297 1224 1298 1225 1262 1189 1298 1225 1247 1174 1262 1189 1232 1159 1297 1224 1262 1189 1299 1226 1250 1177 1206 1133 1254 1181 1299 1226 1206 1133 1300 1227 1244 1171 1252 1179 1288 1215 1300 1227 1252 1179 1289 1216 1301 1228 1253 1180 1301 1228 1254 1181 1253 1180 1255 1182 1302 1229 1256 1183 1302 1229 1303 1230 1256 1183 1303 1230 1260 1187 1256 1183 1280 1207 1304 1231 1232 1159 1304 1231 1305 1232 1232 1159 1305 1232 1297 1224 1232 1159 1306 1233 1285 1212 1260 1187 1303 1230 1306 1233 1260 1187 1307 1234 1258 1185 1201 1128 1250 1177 1307 1234 1201 1128 1308 1235 1309 1236 1266 1193 1309 1236 1310 1237 1266 1193 1290 1217 1308 1235 1266 1193 1310 1237 1288 1215 1266 1193 1263 1190 1311 1238 1255 1182 1311 1238 1302 1229 1255 1182 1312 1239 1264 1191 1191 1118 1239 1166 1312 1239 1191 1118 1273 1200 1289 1216 1274 1201 1300 1227 1294 1221 1244 1171 1305 1232 1298 1225 1297 1224 1249 1176 1313 1240 1290 1217 1313 1240 1308 1235 1290 1217 1314 1241 1271 1198 1285 1212 1306 1233 1314 1241 1285 1212 1315 1242 1236 1163 1259 1186 1281 1208 1315 1242 1259 1186 1194 1121 1316 1243 1195 1122 1316 1243 1284 1211 1195 1122 1317 1244 1278 1205 1210 1137 1258 1185 1317 1244 1210 1137 1313 1240 1309 1236 1308 1235 1318 1245 1276 1203 1247 1174 1298 1225 1318 1245 1247 1174 1296 1223 1319 1246 1249 1176 1319 1246 1313 1240 1249 1176 1320 1247 1280 1207 1245 1172 1293 1220 1320 1247 1245 1172 1279 1206 1321 1248 1263 1190 1321 1248 1311 1238 1263 1190 1304 1231 1298 1225 1305 1232 1276 1203 1322 1249 1242 1169 1322 1249 1291 1218 1242 1169 1283 1210 1323 1250 1277 1204 1323 1250 1295 1222 1277 1204 1324 1251 1271 1198 1314 1241 1306 1233 1324 1251 1314 1241 1325 1252 1300 1227 1288 1215 1310 1237 1325 1252 1288 1215 1313 1240 1326 1253 1309 1236 1326 1253 1310 1237 1309 1236 1272 1199 1327 1254 1273 1200 1328 1255 1289 1216 1273 1200 1327 1254 1328 1255 1273 1200 1329 1256 1207 1134 1208 1135 1286 1213 1329 1256 1208 1135 1268 1195 1330 1257 1139 1066 1330 1257 1287 1214 1139 1066 1291 1218 1331 1258 1251 1178 1331 1258 1281 1208 1251 1178 1282 1209 1323 1250 1283 1210 1332 1259 1292 1219 1227 1154 1278 1205 1332 1259 1227 1154 1333 1260 1299 1226 1254 1181 1301 1228 1333 1260 1254 1181 1334 1261 1293 1220 1264 1191 1312 1239 1334 1261 1264 1191 1328 1255 1335 1262 1289 1216 1335 1262 1301 1228 1289 1216 1294 1221 1336 1263 1279 1206 1336 1263 1321 1248 1279 1206 1302 1229 1337 1264 1303 1230 1337 1264 1338 1265 1303 1230 1338 1265 1306 1233 1303 1230 1339 1266 1324 1251 1306 1233 1338 1265 1339 1266 1306 1233 1340 1267 1341 1268 1298 1225 1304 1231 1342 1269 1298 1225 1342 1269 1340 1267 1298 1225 1341 1268 1318 1245 1298 1225 1319 1246 1343 1270 1313 1240 1343 1270 1326 1253 1313 1240 1344 1271 1294 1221 1300 1227 1325 1252 1344 1271 1300 1227 1340 1267 1342 1269 1280 1207 1342 1269 1304 1231 1280 1207 1345 1272 1340 1267 1280 1207 1320 1247 1345 1272 1280 1207 1346 1273 1307 1234 1250 1177 1299 1226 1346 1273 1250 1177 1311 1238 1347 1274 1302 1229 1347 1274 1337 1264 1302 1229 1326 1253 1343 1270 1310 1237 1343 1270 1348 1275 1310 1237 1348 1275 1325 1252 1310 1237 1272 1199 1349 1276 1327 1254 1349 1276 1328 1255 1327 1254 1350 1277 1271 1198 1324 1251 1339 1266 1350 1277 1324 1251 1351 1278 1312 1239 1239 1166 1292 1219 1351 1278 1239 1166 1352 1279 1286 1213 1236 1163 1315 1242 1352 1279 1236 1163 1237 1164 1353 1280 1194 1121 1353 1280 1316 1243 1194 1121 1318 1245 1322 1249 1276 1203 1323 1250 1354 1281 1295 1222 1354 1281 1355 1282 1295 1222 1355 1282 1296 1223 1295 1222 1272 1199 1356 1283 1349 1276 1356 1283 1328 1255 1349 1276 1357 1284 1271 1198 1350 1277 1339 1266 1357 1284 1350 1277 1357 1284 1358 1285 1271 1198 1358 1285 1359 1286 1271 1198 1360 1287 1361 1288 1272 1199 1361 1288 1362 1289 1272 1199 1362 1289 1356 1283 1272 1199 1344 1271 1336 1263 1294 1221 1363 1290 1317 1244 1258 1185 1307 1234 1363 1290 1258 1185 1321 1248 1364 1291 1311 1238 1364 1291 1347 1274 1311 1238 1339 1266 1358 1285 1357 1284 1345 1272 1341 1268 1340 1267 1365 1292 1320 1247 1293 1220 1334 1261 1365 1292 1293 1220 1362 1289 1366 1293 1356 1283 1366 1293 1328 1255 1356 1283 1319 1246 1367 1294 1343 1270 1367 1294 1348 1275 1343 1270 1368 1295 1344 1271 1325 1252 1348 1275 1368 1295 1325 1252 1319 1246 1369 1296 1367 1294 1369 1296 1348 1275 1367 1294 1370 1297 1331 1258 1291 1218 1322 1249 1370 1297 1291 1218 1282 1209 1371 1298 1323 1250 1371 1298 1354 1281 1323 1250 1372 1299 1333 1260 1301 1228 1335 1262 1372 1299 1301 1228 1366 1293 1373 1300 1328 1255 1373 1300 1335 1262 1328 1255 1331 1258 1315 1242 1281 1208 1284 1211 1371 1298 1282 1209 1337 1264 1374 1301 1338 1265 1374 1301 1375 1302 1338 1265 1375 1302 1339 1266 1338 1265 1376 1303 1377 1304 1339 1266 1377 1304 1358 1285 1339 1266 1375 1302 1376 1303 1339 1266 1378 1305 1267 1194 1207 1134 1379 1306 1378 1305 1207 1134 1329 1256 1379 1306 1207 1134 631 558 1330 1257 1268 1195 1380 1307 1332 1259 1278 1205 1317 1244 1380 1307 1278 1205 1381 1308 1334 1261 1312 1239 1351 1278 1381 1308 1312 1239 1336 1263 1382 1309 1321 1248 1382 1309 1364 1291 1321 1248 1383 1310 1346 1273 1299 1226 1333 1260 1383 1310 1299 1226 1384 1311 1322 1249 1318 1245 1341 1268 1384 1311 1318 1245 1355 1282 1385 1312 1296 1223 1385 1312 1319 1246 1296 1223 1347 1274 1386 1313 1337 1264 1386 1313 1374 1301 1337 1264 1387 1314 1336 1263 1344 1271 1368 1295 1387 1314 1344 1271 1361 1288 1366 1293 1362 1289 1388 1315 1345 1272 1320 1247 1365 1292 1389 1316 1320 1247 1389 1316 1390 1317 1320 1247 1390 1317 1388 1315 1320 1247 1391 1318 1359 1286 1358 1285 1377 1304 1391 1318 1358 1285 1369 1296 1392 1319 1348 1275 1392 1319 1393 1320 1348 1275 1393 1320 1368 1295 1348 1275 1394 1321 1329 1256 1286 1213 1352 1279 1394 1321 1286 1213 1287 1214 1395 1322 1237 1164 1395 1322 1353 1280 1237 1164 1396 1323 1392 1319 1369 1296 1319 1246 1396 1323 1369 1296 1397 1324 1341 1268 1345 1272 1388 1315 1397 1324 1345 1272 1398 1325 1351 1278 1292 1219 1332 1259 1398 1325 1292 1219 1390 1317 1397 1324 1388 1315 1399 1326 1400 1327 1377 1304 1400 1327 1391 1318 1377 1304 1376 1303 1399 1326 1377 1304 1400 1327 1359 1286 1391 1318 1401 1328 1363 1290 1307 1234 1346 1273 1401 1328 1307 1234 1387 1314 1382 1309 1336 1263 1364 1291 1402 1329 1347 1274 1402 1329 1386 1313 1347 1274 1360 1287 1403 1330 1361 1288 1403 1330 1404 1331 1361 1288 1404 1331 1366 1293 1361 1288 636 563 1405 1332 631 558 1405 1332 1330 1257 631 558 1378 1305 641 568 1267 1194 1404 1331 1406 1333 1366 1293 1406 1333 1373 1300 1366 1293 1389 1316 1397 1324 1390 1317 1407 1334 1372 1299 1335 1262 1373 1300 1407 1334 1335 1262 1408 1335 1365 1292 1334 1261 1381 1308 1408 1335 1334 1261 1409 1336 1399 1326 1376 1303 1375 1302 1410 1337 1376 1303 1410 1337 1409 1336 1376 1303 1374 1301 1411 1338 1375 1302 1411 1338 1410 1337 1375 1302 1384 1311 1412 1339 1322 1249 1412 1339 1370 1297 1322 1249 1371 1298 1413 1340 1354 1281 1414 1341 1355 1282 1354 1281 1413 1340 1414 1341 1354 1281 1396 1323 1415 1342 1392 1319 1415 1342 1393 1320 1392 1319 1416 1343 1387 1314 1368 1295 1393 1320 1416 1343 1368 1295 1417 1344 1418 1345 1341 1268 1397 1324 1417 1344 1341 1268 1418 1345 1384 1311 1341 1268 1385 1312 1419 1346 1319 1246 1419 1346 1396 1323 1319 1246 1420 1347 1352 1279 1315 1242 1331 1258 1420 1347 1315 1242 1413 1340 1371 1298 1284 1211 1316 1243 1421 1348 1284 1211 1421 1348 1422 1349 1284 1211 1422 1349 1413 1340 1284 1211 1360 1287 1423 1350 1403 1330 1423 1350 1404 1331 1403 1330 1424 1351 1383 1310 1333 1260 1372 1299 1424 1351 1333 1260 1425 1352 1380 1307 1317 1244 1363 1290 1425 1352 1317 1244 1426 1353 1359 1286 1400 1327 1399 1326 1426 1353 1400 1327 1370 1297 1420 1347 1331 1258 1396 1323 1427 1354 1415 1342 1427 1354 1393 1320 1415 1342 1386 1313 1428 1355 1374 1301 1428 1355 1411 1338 1374 1301 1382 1309 1429 1356 1364 1291 1429 1356 1402 1329 1364 1291 1430 1357 1381 1308 1351 1278 1398 1325 1430 1357 1351 1278 1360 1287 1431 1358 1423 1350 1431 1358 1404 1331 1423 1350 1432 1359 1359 1286 1426 1353 1399 1326 1432 1359 1426 1353 1432 1359 1433 1360 1359 1286 1433 1360 1434 1361 1359 1286 1435 1362 1436 1363 1360 1287 1436 1363 1437 1364 1360 1287 1437 1364 1431 1358 1360 1287 1438 1365 1433 1360 1399 1326 1433 1360 1432 1359 1399 1326 1409 1336 1438 1365 1399 1326 1439 1366 1382 1309 1387 1314 1416 1343 1439 1366 1387 1314 1408 1335 1440 1367 1365 1292 1440 1367 1441 1368 1365 1292 1441 1368 1389 1316 1365 1292 1442 1369 1404 1331 1431 1358 1437 1364 1442 1369 1431 1358 1427 1354 1443 1370 1393 1320 1443 1370 1416 1343 1393 1320 1442 1369 1444 1371 1404 1331 1444 1371 1445 1372 1404 1331 1445 1372 1406 1333 1404 1331 1446 1373 1401 1328 1346 1273 1383 1310 1446 1373 1346 1273 1447 1374 1438 1365 1409 1336 1410 1337 1448 1375 1409 1336 1448 1375 1447 1374 1409 1336 1449 1376 1407 1334 1373 1300 1406 1333 1449 1376 1373 1300 1450 1377 1379 1306 1329 1256 1394 1321 1450 1377 1329 1256 1330 1257 1451 1378 1287 1214 1451 1378 1395 1322 1287 1214 1452 1379 1398 1325 1332 1259 1380 1307 1452 1379 1332 1259 1402 1329 1453 1380 1386 1313 1453 1380 1428 1355 1386 1313 1411 1338 1454 1381 1410 1337 1454 1381 1448 1375 1410 1337 1455 1382 1456 1383 1397 1324 1457 1384 1417 1344 1397 1324 1456 1383 1457 1384 1397 1324 1389 1316 1441 1368 1397 1324 1441 1368 1440 1367 1397 1324 1440 1367 1455 1382 1397 1324 1458 1385 1427 1354 1396 1323 1459 1386 1458 1385 1396 1323 1419 1346 1460 1387 1396 1323 1460 1387 1459 1386 1396 1323 1439 1366 1429 1356 1382 1309 1436 1363 1442 1369 1437 1364 1461 1388 1412 1339 1384 1311 1418 1345 1461 1388 1384 1311 1462 1389 1385 1312 1355 1282 1414 1341 1462 1389 1355 1282 1463 1390 1434 1361 1433 1360 1438 1365 1463 1390 1433 1360 1464 1391 1424 1351 1372 1299 1407 1334 1464 1391 1372 1299 1465 1392 1408 1335 1381 1308 1430 1357 1465 1392 1381 1308 1428 1355 1466 1393 1411 1338 1466 1393 1454 1381 1411 1338 1436 1363 1467 1394 1442 1369 1467 1394 1468 1395 1442 1369 1468 1395 1444 1371 1442 1369 1469 1396 1470 1397 1438 1365 1470 1397 1463 1390 1438 1365 1447 1374 1469 1396 1438 1365 1471 1398 1439 1366 1416 1343 1443 1370 1471 1398 1416 1343 1458 1385 1443 1370 1427 1354 1472 1399 1425 1352 1363 1290 1401 1328 1472 1399 1363 1290 1473 1400 1394 1321 1352 1279 1420 1347 1473 1400 1352 1279 1353 1280 1474 1401 1316 1243 1474 1401 1421 1348 1316 1243 1470 1397 1434 1361 1463 1390 1429 1356 1475 1402 1402 1329 1475 1402 1453 1380 1402 1329 1408 1335 1455 1382 1440 1367 1459 1386 1476 1403 1458 1385 1476 1403 1443 1370 1458 1385 1468 1395 1477 1404 1444 1371 1477 1404 1445 1372 1444 1371 1435 1362 1478 1405 1436 1363 1478 1405 1467 1394 1436 1363 1479 1406 1469 1396 1447 1374 1448 1375 1480 1407 1447 1374 1480 1407 1479 1406 1447 1374 1481 1408 1420 1347 1370 1297 1412 1339 1481 1408 1370 1297 1482 1409 1414 1341 1413 1340 1422 1349 1482 1409 1413 1340 1483 1410 1449 1376 1406 1333 1445 1372 1483 1410 1406 1333 1454 1381 1484 1411 1448 1375 1484 1411 1480 1407 1448 1375 1485 1412 1430 1357 1398 1325 1452 1379 1485 1412 1398 1325 1486 1413 1446 1373 1383 1310 1424 1351 1486 1413 1383 1310 1487 1414 1429 1356 1439 1366 1471 1398 1487 1414 1439 1366 1435 1362 1488 1415 1478 1405 1488 1415 1467 1394 1478 1405 1489 1416 1434 1361 1470 1397 1469 1396 1489 1416 1470 1397 1453 1380 1490 1417 1428 1355 1490 1417 1466 1393 1428 1355 1491 1418 1443 1370 1476 1403 1459 1386 1491 1418 1476 1403 1492 1419 1456 1383 1455 1382 1408 1335 1492 1419 1455 1382 1465 1392 1492 1419 1408 1335 1488 1415 1493 1420 1467 1394 1493 1420 1494 1421 1467 1394 1494 1421 1468 1395 1467 1394 1495 1422 1496 1423 1469 1396 1496 1423 1497 1424 1469 1396 1497 1424 1489 1416 1469 1396 1479 1406 1495 1422 1469 1396 1498 1425 1452 1379 1380 1307 1425 1352 1498 1425 1380 1307 1499 1426 1464 1391 1407 1334 1449 1376 1499 1426 1407 1334 1491 1418 1500 1427 1443 1370 1500 1427 1471 1398 1443 1370 1466 1393 1501 1428 1454 1381 1501 1428 1484 1411 1454 1381 1435 1362 1502 1429 1488 1415 1502 1429 1493 1420 1488 1415 1497 1424 1434 1361 1489 1416 1497 1424 1496 1423 1434 1361 1496 1423 1503 1430 1434 1361 1504 1431 1505 1432 1435 1362 1505 1432 1506 1433 1435 1362 1506 1433 1502 1429 1435 1362 1417 1344 1507 1434 1418 1345 1507 1434 1508 1435 1418 1345 1508 1435 1509 1436 1418 1345 1509 1436 1461 1388 1418 1345 1510 1437 1511 1438 1385 1312 1511 1438 1419 1346 1385 1312 1462 1389 1512 1439 1385 1312 1512 1439 1513 1440 1385 1312 1513 1440 1510 1437 1385 1312 1487 1414 1475 1402 1429 1356 1514 1441 1378 1305 1379 1306 1515 1442 1514 1441 1379 1306 1450 1377 1515 1442 1379 1306 1405 1332 1516 1443 1330 1257 1516 1443 1517 1444 1330 1257 1517 1444 1451 1378 1330 1257 1494 1421 1518 1445 1468 1395 1518 1445 1477 1404 1468 1395 1519 1446 1495 1422 1479 1406 1480 1407 1520 1447 1479 1406 1520 1447 1519 1446 1479 1406 1506 1433 1493 1420 1502 1429 1521 1448 1483 1410 1445 1372 1477 1404 1521 1448 1445 1372 1484 1411 1522 1449 1480 1407 1522 1449 1520 1447 1480 1407 1523 1450 1493 1420 1506 1433 1505 1432 1523 1450 1506 1433 1524 1451 1503 1430 1496 1423 1495 1422 1524 1451 1496 1423 1525 1452 1491 1418 1459 1386 1526 1453 1525 1452 1459 1386 1460 1387 1526 1453 1459 1386 1527 1454 1465 1392 1430 1357 1485 1412 1527 1454 1430 1357 1528 1455 1472 1399 1401 1328 1446 1373 1528 1455 1401 1328 1523 1450 1529 1456 1493 1420 1529 1456 1494 1421 1493 1420 1530 1457 1524 1451 1495 1422 1519 1446 1530 1457 1495 1422 1492 1419 1457 1384 1456 1383 1531 1458 1457 1384 1492 1419 1465 1392 1531 1458 1492 1419 1475 1402 1532 1459 1453 1380 1532 1459 1490 1417 1453 1380 1500 1427 1487 1414 1471 1398 1525 1452 1500 1427 1491 1418 1533 1460 1450 1377 1394 1321 1473 1400 1533 1460 1394 1321 1395 1322 1534 1461 1353 1280 1534 1461 1474 1401 1353 1280 1535 1462 1503 1430 1524 1451 1530 1457 1535 1462 1524 1451 1536 1463 1486 1413 1424 1351 1464 1391 1536 1463 1424 1351 1529 1456 1537 1464 1494 1421 1537 1464 1518 1445 1494 1421 1538 1465 1530 1457 1519 1446 1520 1447 1539 1466 1519 1446 1539 1466 1538 1465 1519 1446 1490 1417 1540 1467 1466 1393 1540 1467 1501 1428 1466 1393 1504 1431 1541 1468 1505 1432 1541 1468 1523 1450 1505 1432 1461 1388 1542 1469 1412 1339 1542 1469 1481 1408 1412 1339 1482 1409 1543 1470 1414 1341 1544 1471 1462 1389 1414 1341 1543 1470 1544 1471 1414 1341 1545 1472 1499 1426 1449 1376 1483 1410 1545 1472 1449 1376 1546 1473 1417 1344 1457 1384 1531 1458 1546 1473 1457 1384 1419 1346 1526 1453 1460 1387 1501 1428 1547 1474 1484 1411 1547 1474 1522 1449 1484 1411 1504 1431 1548 1475 1541 1468 1549 1476 1523 1450 1541 1468 1548 1475 1549 1476 1541 1468 1550 1477 1503 1430 1535 1462 1530 1457 1550 1477 1535 1462 1551 1478 641 568 1378 1305 1514 1441 1551 1478 1378 1305 1552 1479 1553 1480 1405 1332 636 563 1552 1479 1405 1332 1553 1480 1516 1443 1405 1332 1554 1481 1485 1412 1452 1379 1498 1425 1554 1481 1452 1379 1555 1482 1521 1448 1477 1404 1518 1445 1555 1482 1477 1404 1522 1449 1556 1483 1520 1447 1556 1483 1539 1466 1520 1447 1549 1476 1557 1484 1523 1450 1557 1484 1529 1456 1523 1450 1558 1485 1550 1477 1530 1457 1538 1465 1558 1485 1530 1457 1511 1438 1526 1453 1419 1346 1546 1473 1507 1434 1417 1344 1559 1486 1473 1400 1420 1347 1481 1408 1559 1486 1420 1347 1560 1487 1482 1409 1422 1349 1421 1348 1560 1487 1422 1349 1510 1437 1526 1453 1511 1438 1546 1473 1508 1435 1507 1434 1504 1431 1561 1488 1548 1475 1561 1488 1549 1476 1548 1475 1562 1489 1503 1430 1550 1477 1558 1485 1562 1489 1550 1477 1562 1489 1563 1490 1503 1430 1563 1490 1564 1491 1503 1430 1564 1491 1565 1492 1504 1431 1565 1492 1566 1493 1504 1431 1566 1493 1561 1488 1504 1431 1558 1485 1563 1490 1562 1489 1557 1484 1567 1494 1529 1456 1567 1494 1537 1464 1529 1456 1568 1495 1558 1485 1538 1465 1539 1466 1569 1496 1538 1465 1569 1496 1568 1495 1538 1465 1566 1493 1549 1476 1561 1488 1513 1440 1570 1497 1510 1437 1570 1497 1526 1453 1510 1437 1571 1498 1564 1491 1563 1490 1558 1485 1571 1498 1563 1490 1572 1499 1549 1476 1566 1493 1565 1492 1572 1499 1566 1493 1472 1399 1498 1425 1425 1352 1527 1454 1573 1500 1465 1392 1573 1500 1531 1458 1465 1392 1572 1499 1574 1501 1549 1476 1574 1501 1557 1484 1549 1476 1575 1502 1571 1498 1558 1485 1568 1495 1575 1502 1558 1485 1487 1414 1576 1503 1475 1402 1576 1503 1532 1459 1475 1402 1546 1473 1509 1436 1508 1435 1525 1452 1577 1504 1500 1427 1577 1504 1578 1505 1500 1427 1578 1505 1487 1414 1500 1427 1579 1506 1564 1491 1571 1498 1575 1502 1579 1506 1571 1498 1564 1491 1580 1507 1565 1492 1580 1507 1572 1499 1565 1492 1581 1508 1564 1491 1579 1506 1575 1502 1582 1509 1579 1506 1582 1509 1581 1508 1579 1506 1564 1491 1581 1508 1580 1507 1582 1509 1572 1499 1580 1507 1581 1508 1582 1509 1580 1507 1583 1510 1555 1482 1518 1445 1537 1464 1583 1510 1518 1445 1556 1483 1584 1511 1539 1466 1584 1511 1569 1496 1539 1466 1574 1501 1585 1512 1557 1484 1585 1512 1567 1494 1557 1484 1586 1513 1575 1502 1568 1495 1569 1496 1587 1514 1568 1495 1587 1514 1586 1513 1568 1495 1582 1509 1574 1501 1572 1499 1588 1515 1582 1509 1575 1502 1586 1513 1588 1515 1575 1502 1589 1516 1545 1472 1483 1410 1521 1448 1589 1516 1483 1410 1547 1474 1590 1517 1522 1449 1590 1517 1556 1483 1522 1449 1591 1518 1528 1455 1446 1373 1486 1413 1591 1518 1446 1373 1592 1519 1536 1463 1464 1391 1499 1426 1592 1519 1464 1391 1588 1515 1574 1501 1582 1509 1532 1459 1593 1520 1490 1417 1593 1520 1540 1467 1490 1417 1540 1467 1594 1521 1501 1428 1594 1521 1547 1474 1501 1428 1595 1522 1551 1478 1514 1441 1515 1442 1595 1522 1514 1441 1553 1480 1517 1444 1516 1443 1588 1515 1596 1523 1574 1501 1596 1523 1585 1512 1574 1501 1596 1523 1588 1515 1586 1513 1597 1524 1596 1523 1586 1513 1587 1514 1598 1525 1586 1513 1598 1525 1597 1524 1586 1513 1597 1524 1585 1512 1596 1523 1599 1526 1527 1454 1485 1412 1554 1481 1599 1526 1485 1412 1552 1479 1600 1527 1553 1480 1600 1527 1517 1444 1553 1480 1601 1528 641 568 1551 1478 1602 1529 1601 1528 1551 1478 1595 1522 1602 1529 1551 1478 1603 1530 1525 1452 1526 1453 1570 1497 1603 1530 1526 1453 1604 1531 1605 1532 1546 1473 1605 1532 1606 1533 1546 1473 1606 1533 1509 1436 1546 1473 1531 1458 1573 1500 1546 1473 1573 1500 1604 1531 1546 1473 1607 1534 1583 1510 1537 1464 1567 1494 1607 1534 1537 1464 1584 1511 1608 1535 1569 1496 1608 1535 1587 1514 1569 1496 1578 1505 1576 1503 1487 1414 1512 1439 1570 1497 1513 1440 1609 1536 1461 1388 1509 1436 1606 1533 1609 1536 1509 1436 1610 1537 1515 1442 1450 1377 1533 1460 1610 1537 1450 1377 1451 1378 1611 1538 1395 1322 1611 1538 1534 1461 1395 1322 1603 1530 1577 1504 1525 1452 1612 1539 1604 1531 1573 1500 1527 1454 1612 1539 1573 1500 1613 1540 1578 1505 1577 1504 1603 1530 1613 1540 1577 1504 1609 1536 1614 1541 1461 1388 1614 1541 1542 1469 1461 1388 1544 1471 1615 1542 1462 1389 1615 1542 1512 1439 1462 1389 1616 1543 1589 1516 1521 1448 1555 1482 1616 1543 1521 1448 1590 1517 1617 1544 1556 1483 1617 1544 1584 1511 1556 1483 1472 1399 1554 1481 1498 1425 1618 1545 1607 1534 1567 1494 1585 1512 1618 1545 1567 1494 1608 1535 1619 1546 1587 1514 1619 1546 1598 1525 1587 1514 1615 1542 1570 1497 1512 1439 1544 1471 1570 1497 1615 1542 1606 1533 1614 1541 1609 1536 1620 1547 1618 1545 1585 1512 1597 1524 1620 1547 1585 1512 1620 1547 1597 1524 1598 1525 1621 1548 1620 1547 1598 1525 1619 1546 1622 1549 1598 1525 1622 1549 1621 1548 1598 1525 1623 1550 1592 1519 1499 1426 1545 1472 1623 1550 1499 1426 1528 1455 1624 1551 1472 1399 1624 1551 1625 1552 1472 1399 1625 1552 1554 1481 1472 1399 1594 1521 1626 1553 1547 1474 1626 1553 1590 1517 1547 1474 1627 1554 1604 1531 1612 1539 1628 1555 1627 1554 1612 1539 1527 1454 1628 1555 1612 1539 1576 1503 1629 1556 1532 1459 1629 1556 1593 1520 1532 1459 1630 1557 1631 1558 1481 1408 1631 1558 1559 1486 1481 1408 1542 1469 1630 1557 1481 1408 1560 1487 1632 1559 1482 1409 1632 1559 1633 1560 1482 1409 1633 1560 1543 1470 1482 1409 1634 1561 1533 1460 1473 1400 1559 1486 1634 1561 1473 1400 1635 1562 1560 1487 1421 1348 1474 1401 1635 1562 1421 1348 1636 1563 1591 1518 1486 1413 1536 1463 1636 1563 1486 1413 1621 1548 1618 1545 1620 1547 1593 1520 1637 1564 1540 1467 1637 1564 1594 1521 1540 1467 1638 1565 1616 1543 1555 1482 1583 1510 1638 1565 1555 1482 1639 1566 1628 1555 1527 1454 1640 1567 1639 1566 1527 1454 1599 1526 1640 1567 1527 1454 1617 1544 1641 1568 1584 1511 1641 1568 1608 1535 1584 1511 1606 1533 1542 1469 1614 1541 1606 1533 1630 1557 1542 1469 1642 1569 1643 1570 1578 1505 1643 1570 1644 1571 1578 1505 1613 1540 1642 1569 1578 1505 1644 1571 1576 1503 1578 1505 1543 1470 1570 1497 1544 1471 1603 1530 1642 1569 1613 1540 1645 1572 1638 1565 1583 1510 1607 1534 1645 1572 1583 1510 1641 1568 1646 1573 1608 1535 1646 1573 1619 1546 1608 1535 1543 1470 1647 1574 1570 1497 1647 1574 1648 1575 1570 1497 1648 1575 1603 1530 1570 1497 1649 1576 1630 1557 1606 1533 1650 1577 1649 1576 1606 1533 1605 1532 1650 1577 1606 1533 1651 1578 1642 1569 1603 1530 1648 1575 1651 1578 1603 1530 1627 1554 1652 1579 1604 1531 1652 1579 1605 1532 1604 1531 1653 1580 1623 1550 1545 1472 1589 1516 1653 1580 1545 1472 1654 1581 1599 1526 1554 1481 1625 1552 1654 1581 1554 1481 1626 1553 1655 1582 1590 1517 1655 1582 1617 1544 1590 1517 1644 1571 1629 1556 1576 1503 1639 1566 1627 1554 1628 1555 1651 1578 1643 1570 1642 1569 1656 1583 1645 1572 1607 1534 1618 1545 1656 1583 1607 1534 1646 1573 1657 1584 1619 1546 1657 1584 1622 1549 1619 1546 1658 1585 1627 1554 1639 1566 1640 1567 1658 1585 1639 1566 1649 1576 1631 1558 1630 1557 1633 1560 1647 1574 1543 1470 1659 1586 1660 1587 1515 1442 1660 1587 1661 1588 1515 1442 1661 1588 1595 1522 1515 1442 1662 1589 1659 1586 1515 1442 1610 1537 1662 1589 1515 1442 1517 1444 1663 1590 1451 1378 1663 1590 1664 1591 1451 1378 1664 1591 1665 1592 1451 1378 1665 1592 1666 1593 1451 1378 1666 1593 1611 1538 1451 1378 1667 1594 1636 1563 1536 1463 1592 1519 1667 1594 1536 1463 1621 1548 1656 1583 1618 1545 1668 1595 1621 1548 1622 1549 1657 1584 1669 1596 1622 1549 1669 1596 1668 1595 1622 1549 1670 1597 1644 1571 1643 1570 1651 1578 1670 1597 1643 1570 1637 1564 1671 1598 1594 1521 1671 1598 1626 1553 1594 1521 1591 1518 1672 1599 1528 1455 1672 1599 1624 1551 1528 1455 1668 1595 1656 1583 1621 1548 1629 1556 1673 1600 1593 1520 1673 1600 1637 1564 1593 1520 1674 1601 1653 1580 1589 1516 1616 1543 1674 1601 1589 1516 1655 1582 1675 1602 1617 1544 1675 1602 1641 1568 1617 1544 1634 1561 1676 1603 1533 1460 1676 1603 1677 1604 1533 1460 1677 1604 1678 1605 1533 1460 1678 1605 1610 1537 1533 1460 1534 1461 1679 1606 1474 1401 1679 1606 1680 1607 1474 1401 1680 1607 1681 1608 1474 1401 1682 1609 1635 1562 1474 1401 1681 1608 1682 1609 1474 1401 1683 1610 1640 1567 1599 1526 1684 1611 1683 1610 1599 1526 1654 1581 1684 1611 1599 1526 1670 1597 1685 1612 1644 1571 1685 1612 1686 1613 1644 1571 1686 1613 1629 1556 1644 1571 1631 1558 1687 1614 1559 1486 1688 1615 1634 1561 1559 1486 1687 1614 1688 1615 1559 1486 1635 1562 1689 1616 1560 1487 1689 1616 1632 1559 1560 1487 1632 1559 1647 1574 1633 1560 1690 1617 1674 1601 1616 1543 1638 1565 1690 1617 1616 1543 1675 1602 1691 1618 1641 1568 1691 1618 1646 1573 1641 1568 1692 1619 1667 1594 1592 1519 1623 1550 1692 1619 1592 1519 1671 1598 1693 1620 1626 1553 1693 1620 1655 1582 1626 1553 1647 1574 1694 1621 1648 1575 1694 1621 1695 1622 1648 1575 1695 1622 1651 1578 1648 1575 1696 1623 1650 1577 1605 1532 1652 1579 1696 1623 1605 1532 1697 1624 1670 1597 1651 1578 1695 1622 1697 1624 1651 1578 1698 1625 1652 1579 1627 1554 1658 1585 1698 1625 1627 1554 1699 1626 1654 1581 1625 1552 1624 1551 1699 1626 1625 1552 1686 1613 1673 1600 1629 1556 1689 1616 1647 1574 1632 1559 1649 1576 1687 1614 1631 1558 1697 1624 1685 1612 1670 1597 1635 1562 1647 1574 1689 1616 1649 1576 1688 1615 1687 1614 1683 1610 1658 1585 1640 1567 1700 1627 1690 1617 1638 1565 1645 1572 1700 1627 1638 1565 1691 1618 1701 1628 1646 1573 1701 1628 1657 1584 1646 1573 1649 1576 1634 1561 1688 1615 1636 1563 1702 1629 1591 1518 1702 1629 1672 1599 1591 1518 1669 1596 1703 1630 1668 1595 1703 1630 1656 1583 1668 1595 1673 1600 1704 1631 1637 1564 1704 1631 1671 1598 1637 1564 1684 1611 1658 1585 1683 1610 1705 1632 1700 1627 1645 1572 1656 1583 1705 1632 1645 1572 1701 1628 1706 1633 1657 1584 1706 1633 1669 1596 1657 1584 1707 1634 1686 1613 1685 1612 1697 1624 1707 1634 1685 1612 1703 1630 1705 1632 1656 1583 1706 1633 1708 1635 1669 1596 1708 1635 1703 1630 1669 1596 1709 1636 1692 1619 1623 1550 1653 1580 1709 1636 1623 1550 1710 1637 1602 1529 1595 1522 1711 1638 1710 1637 1595 1522 1661 1588 1712 1639 1595 1522 1712 1639 1711 1638 1595 1522 1600 1527 1713 1640 1517 1444 1713 1640 1714 1641 1517 1444 1714 1641 1715 1642 1517 1444 1715 1642 1663 1590 1517 1444 1693 1620 1716 1643 1655 1582 1716 1643 1675 1602 1655 1582 1708 1635 1705 1632 1703 1630 1649 1576 1676 1603 1634 1561 1682 1609 1717 1644 1635 1562 1717 1644 1647 1574 1635 1562 1718 1645 1658 1585 1684 1611 1719 1646 1718 1645 1684 1611 1654 1581 1719 1646 1684 1611 1699 1626 1720 1647 1654 1581 1720 1647 1721 1648 1654 1581 1721 1648 1719 1646 1654 1581 1722 1649 1723 1650 1686 1613 1723 1650 1724 1651 1686 1613 1707 1634 1722 1649 1686 1613 1724 1651 1673 1600 1686 1613 1725 1652 1662 1589 1610 1537 1726 1653 1725 1652 1610 1537 1678 1605 1727 1654 1610 1537 1727 1654 1726 1653 1610 1537 1611 1538 1728 1655 1534 1461 1728 1655 1729 1656 1534 1461 1729 1656 1730 1657 1534 1461 1730 1657 1731 1658 1534 1461 1731 1658 1679 1606 1534 1461 1732 1659 1677 1604 1676 1603 1649 1576 1732 1659 1676 1603 1681 1608 1717 1644 1682 1609 1680 1607 1717 1644 1681 1608 1733 1660 1702 1629 1636 1563 1667 1594 1733 1660 1636 1563 1734 1661 1709 1636 1653 1580 1674 1601 1734 1661 1653 1580 1735 1662 1699 1626 1624 1551 1672 1599 1735 1662 1624 1551 1716 1643 1736 1663 1675 1602 1736 1663 1691 1618 1675 1602 1704 1631 1737 1664 1671 1598 1737 1664 1693 1620 1671 1598 1694 1621 1738 1665 1695 1622 1738 1665 1739 1666 1695 1622 1739 1666 1697 1624 1695 1622 1698 1625 1696 1623 1652 1579 1740 1667 1707 1634 1697 1624 1739 1666 1740 1667 1697 1624 1741 1668 1698 1625 1658 1585 1718 1645 1741 1668 1658 1585 1732 1659 1678 1605 1677 1604 1724 1651 1704 1631 1673 1600 1679 1606 1717 1644 1680 1607 1732 1659 1727 1654 1678 1605 1717 1644 1694 1621 1647 1574 1742 1669 1732 1659 1649 1576 1650 1577 1742 1669 1649 1576 1721 1648 1718 1645 1719 1646 1740 1667 1722 1649 1707 1634 1740 1667 1723 1650 1722 1649 1743 1670 1734 1661 1674 1601 1690 1617 1743 1670 1674 1601 1736 1663 1744 1671 1691 1618 1744 1671 1701 1628 1691 1618 1552 1479 1713 1640 1600 1527 1745 1672 1601 1528 1602 1529 1710 1637 1745 1672 1602 1529 1746 1673 1718 1645 1721 1648 1720 1647 1746 1673 1721 1648 1747 1674 1724 1651 1723 1650 1740 1667 1747 1674 1723 1650 1732 1659 1726 1653 1727 1654 1731 1658 1717 1644 1679 1606 1730 1657 1748 1675 1731 1658 1748 1675 1717 1644 1731 1658 1749 1676 1733 1660 1667 1594 1692 1619 1749 1676 1667 1594 1750 1677 1743 1670 1690 1617 1700 1627 1750 1677 1690 1617 1737 1664 1751 1678 1693 1620 1751 1678 1716 1643 1693 1620 1732 1659 1752 1679 1726 1653 1752 1679 1725 1652 1726 1653 1735 1662 1753 1680 1699 1626 1753 1680 1754 1681 1699 1626 1754 1681 1720 1647 1699 1626 1747 1674 1755 1682 1724 1651 1755 1682 1704 1631 1724 1651 1705 1632 1750 1677 1700 1627 1756 1683 1735 1662 1672 1599 1702 1629 1756 1683 1672 1599 1757 1684 1662 1589 1725 1652 1752 1679 1757 1684 1725 1652 1729 1656 1748 1675 1730 1657 1758 1685 1759 1686 1704 1631 1759 1686 1737 1664 1704 1631 1755 1682 1758 1685 1704 1631 1760 1687 1750 1677 1705 1632 1708 1635 1760 1687 1705 1632 1757 1684 1761 1688 1662 1589 1761 1688 1659 1586 1662 1589 1666 1593 1762 1689 1611 1538 1762 1689 1728 1655 1611 1538 1706 1633 1760 1687 1708 1635 1763 1690 1764 1691 1739 1666 1738 1665 1765 1692 1739 1666 1765 1692 1763 1690 1739 1666 1764 1691 1740 1667 1739 1666 1766 1693 1696 1623 1698 1625 1767 1694 1766 1693 1698 1625 1741 1668 1767 1694 1698 1625 1768 1695 1747 1674 1740 1667 1764 1691 1768 1695 1740 1667 1746 1673 1769 1696 1718 1645 1769 1696 1741 1668 1718 1645 1728 1655 1748 1675 1729 1656 1768 1695 1755 1682 1747 1674 1754 1681 1746 1673 1720 1647 1748 1675 1770 1697 1717 1644 1770 1697 1694 1621 1717 1644 1742 1669 1771 1698 1732 1659 1771 1698 1752 1679 1732 1659 1762 1689 1772 1699 1728 1655 1772 1699 1748 1675 1728 1655 1752 1679 1761 1688 1757 1684 1773 1700 1659 1586 1761 1688 1752 1679 1773 1700 1761 1688 1770 1697 1738 1665 1694 1621 1774 1701 1742 1669 1650 1577 1696 1623 1774 1701 1650 1577 1666 1593 1772 1699 1762 1689 1665 1592 1775 1702 1666 1593 1775 1702 1772 1699 1666 1593 1776 1703 1749 1676 1692 1619 1709 1636 1776 1703 1692 1619 1773 1700 1660 1587 1659 1586 1777 1704 1661 1588 1660 1587 1773 1700 1777 1704 1660 1587 1751 1678 1778 1705 1716 1643 1778 1705 1736 1663 1716 1643 1664 1591 1775 1702 1665 1592 1663 1590 1775 1702 1664 1591 1777 1704 1712 1639 1661 1588 1779 1706 1746 1673 1754 1681 1753 1680 1779 1706 1754 1681 1715 1642 1780 1707 1663 1590 1780 1707 1775 1702 1663 1590 1781 1708 1711 1638 1712 1639 1777 1704 1781 1708 1712 1639 1768 1695 1758 1685 1755 1682 1714 1641 1780 1707 1715 1642 1713 1640 1782 1709 1714 1641 1782 1709 1783 1710 1714 1641 1783 1710 1780 1707 1714 1641 1781 1708 1710 1637 1711 1638 1784 1711 1745 1672 1710 1637 1785 1712 1784 1711 1710 1637 1781 1708 1785 1712 1710 1637 1552 1479 1782 1709 1713 1640 1786 1713 1601 1528 1745 1672 1784 1711 1786 1713 1745 1672 1787 1714 1782 1709 1552 1479 1788 1715 1787 1714 1552 1479 636 563 1788 1715 1552 1479 1786 1713 641 568 1601 1528 1789 1716 642 569 641 568 1786 1713 1789 1716 641 568 1789 1716 643 570 642 569 1789 1716 1790 1717 643 570 1790 1717 1791 1718 643 570 1791 1718 644 571 643 570 1791 1718 655 582 644 571 1792 1719 651 578 655 582 1791 1718 1792 1719 655 582 1792 1719 652 579 651 578 1793 1720 653 580 652 579 1794 1721 1793 1720 652 579 1792 1719 1794 1721 652 579 1793 1720 661 588 653 580 1793 1720 1795 1722 661 588 1795 1722 659 586 661 588 1795 1722 1796 1723 659 586 1796 1723 670 597 659 586 1796 1723 1797 1724 670 597 1797 1724 671 598 670 597 1797 1724 672 599 671 598 1797 1724 1798 1725 672 599 1798 1725 669 596 672 599 1798 1725 1799 1726 669 596 1799 1726 667 594 669 596 1799 1726 677 604 667 594 1800 1727 678 605 677 604 1799 1726 1800 1727 677 604 1800 1727 1801 1728 678 605 1801 1728 679 606 678 605 1801 1728 692 619 679 606 1802 1729 689 616 692 619 1801 1728 1802 1729 692 619 1802 1729 690 617 689 616 1803 1730 702 629 690 617 1804 1731 1803 1730 690 617 1802 1729 1804 1731 690 617 1805 1732 698 625 702 629 1803 1730 1805 1732 702 629 1805 1732 699 626 698 625 1805 1732 700 627 699 626 1806 1733 701 628 700 627 1805 1732 1806 1733 700 627 1807 1734 706 633 1808 1735 1809 1736 1807 1734 1808 1735 637 564 1788 1715 636 563 635 562 1788 1715 637 564 634 561 1810 1737 635 562 1810 1737 1788 1715 635 562 650 577 1810 1737 634 561 649 576 1811 1738 650 577 1811 1738 1810 1737 650 577 648 575 1811 1738 649 576 647 574 1812 1739 648 575 1813 1740 1811 1738 648 575 1812 1739 1813 1740 648 575 658 585 1812 1739 647 574 657 584 1814 1741 658 585 1814 1741 1812 1739 658 585 663 590 1814 1741 657 584 662 589 1815 1742 663 590 1815 1742 1814 1741 663 590 666 593 1816 1743 662 589 1816 1743 1815 1742 662 589 665 592 1817 1744 666 593 1817 1744 1816 1743 666 593 674 601 1817 1744 665 592 673 600 1818 1745 674 601 1819 1746 1817 1744 674 601 1818 1745 1819 1746 674 601 675 602 1818 1745 673 600 681 608 1818 1745 675 602 1820 1747 1818 1745 681 608 1821 1748 1820 1747 681 608 685 612 1821 1748 681 608 684 611 1821 1748 685 612 683 610 1821 1748 684 611 1822 1749 1821 1748 683 610 1823 1750 1822 1749 683 610 682 609 1823 1750 683 610 688 615 1823 1750 682 609 1824 1751 1823 1750 688 615 1825 1752 1824 1751 688 615 1826 1753 1824 1751 1825 1752 1827 1754 1828 1755 1829 1756 1830 1757 1828 1755 1827 1754 695 622 1828 1755 1830 1757 694 621 1831 1758 695 622 1831 1758 1828 1755 695 622 1832 1759 1833 1760 694 621 1834 1761 1832 1759 694 621 705 632 1834 1761 694 621 1835 1762 1836 1763 1837 1764 1836 1763 1838 1765 706 633 1838 1765 703 630 706 633 1839 1766 1834 1761 705 632 704 631 1839 1766 705 632 1838 1765 1839 1766 703 630 1839 1766 704 631 703 630 1840 1767 1776 1703 1709 1636 1734 1661 1840 1767 1709 1636 1778 1705 1841 1768 1736 1663 1841 1768 1744 1671 1736 1663 1733 1660 1756 1683 1702 1629 1756 1683 1842 1769 1735 1662 1842 1769 1843 1770 1735 1662 1843 1770 1753 1680 1735 1662 1759 1686 1844 1771 1737 1664 1844 1771 1845 1772 1737 1664 1845 1772 1751 1678 1737 1664 1846 1773 1834 1761 1839 1766 1838 1765 1846 1773 1839 1766 1833 1760 1824 1751 1826 1753 1847 1774 1804 1731 1802 1729 1801 1728 1847 1774 1802 1729 1848 1775 1820 1747 1821 1748 1822 1749 1848 1775 1821 1748 1772 1699 1849 1776 1748 1675 1849 1776 1770 1697 1748 1675 1771 1698 1773 1700 1752 1679 1850 1777 1824 1751 1833 1760 1851 1778 1850 1777 1833 1760 1832 1759 1851 1778 1833 1760 1806 1733 1836 1763 1835 1762 1852 1779 1759 1686 1758 1685 1768 1695 1852 1779 1758 1685 1843 1770 1779 1706 1753 1680 1853 1780 1840 1767 1734 1661 1743 1670 1853 1780 1734 1661 1841 1768 1854 1781 1744 1671 1854 1781 1701 1628 1744 1671 1855 1782 1852 1779 1768 1695 1764 1691 1855 1782 1768 1695 1856 1783 1769 1696 1746 1673 1779 1706 1856 1783 1746 1673 1814 1741 1857 1784 1812 1739 1857 1784 1813 1740 1812 1739 1794 1721 1858 1785 1793 1720 1858 1785 1795 1722 1793 1720 1787 1714 1783 1710 1782 1709 1785 1712 1786 1713 1784 1711 1763 1690 1859 1786 1764 1691 1859 1786 1855 1782 1764 1691 1769 1696 1860 1787 1741 1668 1860 1787 1767 1694 1741 1668 1803 1730 1806 1733 1805 1732 1850 1777 1823 1750 1824 1751 1846 1773 1832 1759 1834 1761 1836 1763 1861 1788 1838 1765 1861 1788 1846 1773 1838 1765 1862 1789 1863 1790 1766 1693 1863 1790 1696 1623 1766 1693 1767 1694 1862 1789 1766 1693 1810 1737 1787 1714 1788 1715 1849 1776 1864 1791 1770 1697 1864 1791 1738 1665 1770 1697 1774 1701 1865 1792 1742 1669 1865 1792 1771 1698 1742 1669 1864 1791 1765 1692 1738 1665 1866 1793 1774 1701 1696 1623 1863 1790 1866 1793 1696 1623 1867 1794 1847 1774 1801 1728 1800 1727 1867 1794 1801 1728 1868 1795 1818 1745 1820 1747 1848 1775 1868 1795 1820 1747 1775 1702 1869 1796 1772 1699 1869 1796 1849 1776 1772 1699 1870 1797 1777 1704 1773 1700 1771 1698 1870 1797 1773 1700 1871 1798 1872 1799 1810 1737 1872 1799 1787 1714 1810 1737 1811 1738 1871 1798 1810 1737 1873 1800 1792 1719 1791 1718 1790 1717 1873 1800 1791 1718 1874 1801 1875 1802 1846 1773 1875 1802 1832 1759 1846 1773 1861 1788 1874 1801 1846 1773 1876 1803 1853 1780 1743 1670 1750 1677 1876 1803 1743 1670 1854 1781 1877 1804 1701 1628 1877 1804 1706 1633 1701 1628 1878 1805 1879 1806 1783 1710 1787 1714 1878 1805 1783 1710 1879 1806 1780 1707 1783 1710 1880 1807 1857 1784 1814 1741 1815 1742 1880 1807 1814 1741 1858 1785 1881 1808 1795 1722 1881 1808 1796 1723 1795 1722 1785 1712 1882 1809 1786 1713 1882 1809 1883 1810 1786 1713 1883 1810 1789 1716 1786 1713 1884 1811 1756 1683 1733 1660 1749 1676 1885 1812 1733 1660 1885 1812 1886 1813 1733 1660 1886 1813 1884 1811 1733 1660 1887 1814 1888 1815 1751 1678 1888 1815 1778 1705 1751 1678 1845 1772 1889 1816 1751 1678 1889 1816 1887 1814 1751 1678 1890 1817 1875 1802 1874 1801 1891 1818 1890 1817 1874 1801 1861 1788 1891 1818 1874 1801 1892 1819 1867 1794 1800 1727 1799 1726 1892 1819 1800 1727 1893 1820 1819 1746 1818 1745 1868 1795 1893 1820 1818 1745 1875 1802 1851 1778 1832 1759 1806 1733 1894 1821 1836 1763 1894 1821 1861 1788 1836 1763 1895 1822 1779 1706 1843 1770 1842 1769 1895 1822 1843 1770 1896 1823 1876 1803 1750 1677 1760 1687 1896 1823 1750 1677 1897 1824 1896 1823 1706 1633 1896 1823 1760 1687 1706 1633 1877 1804 1898 1825 1706 1633 1898 1825 1897 1824 1706 1633 1852 1779 1899 1826 1759 1686 1899 1826 1844 1771 1759 1686 1816 1743 1900 1827 1815 1742 1900 1827 1880 1807 1815 1742 1881 1808 1901 1828 1796 1723 1901 1828 1797 1724 1796 1723 1902 1829 1869 1796 1775 1702 1780 1707 1902 1829 1775 1702 1903 1830 1781 1708 1777 1704 1870 1797 1903 1830 1777 1704 1884 1811 1904 1831 1756 1683 1904 1831 1842 1769 1756 1683 1804 1731 1905 1832 1803 1730 1905 1832 1906 1833 1803 1730 1906 1833 1894 1821 1803 1730 1894 1821 1806 1733 1803 1730 1907 1834 1822 1749 1823 1750 1908 1835 1907 1834 1823 1750 1850 1777 1908 1835 1823 1750 1851 1778 1908 1835 1850 1777 1909 1836 1892 1819 1799 1726 1798 1725 1909 1836 1799 1726 1910 1837 1817 1744 1819 1746 1893 1820 1910 1837 1819 1746 1878 1805 1911 1838 1879 1806 1911 1838 1780 1707 1879 1806 1781 1708 1882 1809 1785 1712 1817 1744 1910 1837 1816 1743 1910 1837 1900 1827 1816 1743 1901 1828 1909 1836 1797 1724 1909 1836 1798 1725 1797 1724 1911 1838 1912 1839 1780 1707 1912 1839 1913 1840 1780 1707 1913 1840 1914 1841 1780 1707 1914 1841 1902 1829 1780 1707 1915 1842 1916 1843 1781 1708 1916 1843 1917 1844 1781 1708 1917 1844 1882 1809 1781 1708 1903 1830 1915 1842 1781 1708 1872 1799 1878 1805 1787 1714 1883 1810 1918 1845 1789 1716 1918 1845 1919 1846 1789 1716 1919 1846 1790 1717 1789 1716 1878 1805 1920 1847 1911 1838 1920 1847 1912 1839 1911 1838 1917 1844 1883 1810 1882 1809 1921 1848 1871 1798 1811 1738 1813 1740 1921 1848 1811 1738 1922 1849 1794 1721 1792 1719 1873 1800 1922 1849 1792 1719 1923 1850 1875 1802 1890 1817 1924 1851 1923 1850 1890 1817 1891 1818 1924 1851 1890 1817 1899 1826 1845 1772 1844 1771 1925 1852 1851 1778 1875 1802 1923 1850 1925 1852 1875 1802 1894 1821 1891 1818 1861 1788 1904 1831 1895 1822 1842 1769 1847 1774 1926 1853 1804 1731 1926 1853 1905 1832 1804 1731 1927 1854 1848 1775 1822 1749 1907 1834 1927 1854 1822 1749 1928 1855 1929 1856 1749 1676 1929 1856 1885 1812 1749 1676 1930 1857 1928 1855 1749 1676 1776 1703 1930 1857 1749 1676 1931 1858 1932 1859 1778 1705 1932 1859 1933 1860 1778 1705 1933 1860 1841 1768 1778 1705 1888 1815 1934 1861 1778 1705 1934 1861 1931 1858 1778 1705 1935 1862 1899 1826 1852 1779 1855 1782 1935 1862 1852 1779 1936 1863 1856 1783 1779 1706 1895 1822 1936 1863 1779 1706 1906 1833 1937 1864 1894 1821 1937 1864 1938 1865 1894 1821 1938 1865 1891 1818 1894 1821 1939 1866 1908 1835 1851 1778 1925 1852 1939 1866 1851 1778 1859 1786 1935 1862 1855 1782 1940 1867 1860 1787 1769 1696 1856 1783 1940 1867 1769 1696 1941 1868 1923 1850 1924 1851 1942 1869 1941 1868 1924 1851 1891 1818 1942 1869 1924 1851 1869 1796 1943 1870 1849 1776 1943 1870 1864 1791 1849 1776 1865 1792 1870 1797 1771 1698 1944 1871 1921 1848 1813 1740 1857 1784 1944 1871 1813 1740 1922 1849 1945 1872 1794 1721 1945 1872 1858 1785 1794 1721 1916 1843 1883 1810 1917 1844 1920 1847 1913 1840 1912 1839 1765 1692 1946 1873 1763 1690 1946 1873 1947 1874 1763 1690 1947 1874 1859 1786 1763 1690 1860 1787 1948 1875 1767 1694 1948 1875 1862 1789 1767 1694 1897 1824 1876 1803 1896 1823 1872 1799 1920 1847 1878 1805 1864 1791 1949 1876 1765 1692 1949 1876 1946 1873 1765 1692 1950 1877 1866 1793 1863 1790 1862 1789 1950 1877 1863 1790 1920 1847 1951 1878 1913 1840 1951 1878 1914 1841 1913 1840 1867 1794 1952 1879 1847 1774 1952 1879 1926 1853 1847 1774 1953 1880 1868 1795 1848 1775 1927 1854 1953 1880 1848 1775 1943 1870 1949 1876 1864 1791 1866 1793 1954 1881 1774 1701 1954 1881 1865 1792 1774 1701 1955 1882 1956 1883 1872 1799 1956 1883 1920 1847 1872 1799 1871 1798 1955 1882 1872 1799 1957 1884 1873 1800 1790 1717 1919 1846 1957 1884 1790 1717 1958 1885 1895 1822 1904 1831 1884 1811 1958 1885 1904 1831 1916 1843 1918 1845 1883 1810 1959 1886 1925 1852 1923 1850 1941 1868 1959 1886 1923 1850 1960 1887 1942 1869 1891 1818 1961 1888 1960 1887 1891 1818 1938 1865 1961 1888 1891 1818 1880 1807 1962 1889 1857 1784 1962 1889 1944 1871 1857 1784 1945 1872 1963 1890 1858 1785 1963 1890 1881 1808 1858 1785 1899 1826 1889 1816 1845 1772 1964 1891 1918 1845 1916 1843 1915 1842 1964 1891 1916 1843 1902 1829 1965 1892 1869 1796 1965 1892 1943 1870 1869 1796 1966 1893 1903 1830 1870 1797 1865 1792 1966 1893 1870 1797 1967 1894 1930 1857 1776 1703 1968 1895 1967 1894 1776 1703 1840 1767 1968 1895 1776 1703 1969 1896 1854 1781 1841 1768 1933 1860 1970 1897 1841 1768 1970 1897 1969 1896 1841 1768 1892 1819 1971 1898 1867 1794 1971 1898 1952 1879 1867 1794 1972 1899 1893 1820 1868 1795 1953 1880 1972 1899 1868 1795 1899 1826 1887 1814 1889 1816 1905 1832 1973 1900 1906 1833 1973 1900 1937 1864 1906 1833 1974 1901 1907 1834 1908 1835 1939 1866 1974 1901 1908 1835 1975 1902 1962 1889 1880 1807 1900 1827 1975 1902 1880 1807 1963 1890 1976 1903 1881 1808 1976 1903 1901 1828 1881 1808 1909 1836 1977 1904 1892 1819 1977 1904 1971 1898 1892 1819 1978 1905 1910 1837 1893 1820 1972 1899 1978 1905 1893 1820 1910 1837 1978 1905 1900 1827 1978 1905 1975 1902 1900 1827 1976 1903 1977 1904 1901 1828 1977 1904 1909 1836 1901 1828 1979 1906 1980 1907 1920 1847 1980 1907 1981 1908 1920 1847 1981 1908 1951 1878 1920 1847 1956 1883 1979 1906 1920 1847 1964 1891 1982 1909 1918 1845 1982 1909 1983 1910 1918 1845 1983 1910 1919 1846 1918 1845 1984 1911 1965 1892 1902 1829 1914 1841 1984 1911 1902 1829 1985 1912 1915 1842 1903 1830 1966 1893 1985 1912 1903 1830 1886 1813 1958 1885 1884 1811 1899 1826 1986 1913 1887 1814 1986 1913 1888 1815 1887 1814 1987 1914 1955 1882 1871 1798 1921 1848 1987 1914 1871 1798 1988 1915 1922 1849 1873 1800 1957 1884 1988 1915 1873 1800 1989 1916 1941 1868 1942 1869 1960 1887 1990 1917 1942 1869 1991 1918 1968 1895 1840 1767 1992 1919 1991 1918 1840 1767 1853 1780 1992 1919 1840 1767 1993 1920 1877 1804 1854 1781 1969 1896 1994 1921 1854 1781 1994 1921 1993 1920 1854 1781 1995 1922 1996 1923 1990 1917 1960 1887 1995 1922 1990 1917 1997 1924 1998 1925 1914 1841 1981 1908 1997 1924 1914 1841 1951 1878 1981 1908 1914 1841 1998 1925 1984 1911 1914 1841 1999 1926 1964 1891 1915 1842 1985 1912 2000 1927 1915 1842 2000 1927 2001 1928 1915 1842 2001 1928 1999 1926 1915 1842 1999 1926 1982 1909 1964 1891 1926 1853 2002 1929 1905 1832 2002 1929 1973 1900 1905 1832 2003 1930 1927 1854 1907 1834 1974 1901 2003 1930 1907 1834 2004 1931 1961 1888 1938 1865 1937 1864 2004 1931 1938 1865 2005 1932 1939 1866 1925 1852 1959 1886 2005 1932 1925 1852 2006 1933 1986 1913 1899 1826 1935 1862 2006 1933 1899 1826 2007 1934 1936 1863 1895 1822 1958 1885 2007 1934 1895 1822 2008 1935 2006 1933 1935 1862 1859 1786 2008 1935 1935 1862 2009 1936 1940 1867 1856 1783 1936 1863 2009 1936 1856 1783 2010 1937 1992 1919 1853 1780 2011 1938 2010 1937 1853 1780 1876 1803 2011 1938 1853 1780 2012 1939 1898 1825 1877 1804 1993 1920 2013 1940 1877 1804 2013 1940 2012 1939 1877 1804 2014 1941 1987 1914 1921 1848 1944 1871 2014 1941 1921 1848 1988 1915 2015 1942 1922 1849 2015 1942 1945 1872 1922 1849 1986 1913 2016 1943 1888 1815 2016 1943 1934 1861 1888 1815 1885 1812 1958 1885 1886 1813 2017 1944 1959 1886 1941 1868 1989 1916 2017 1944 1941 1868 2018 1945 1995 1922 1960 1887 2019 1946 2020 1947 1960 1887 2020 1947 2018 1945 1960 1887 1961 1888 2019 1946 1960 1887 1947 1874 2008 1935 1859 1786 2021 1948 1948 1875 1860 1787 1940 1867 2021 1948 1860 1787 1980 1907 1997 1924 1981 1908 2001 1928 1982 1909 1999 1926 1980 1907 2022 1949 1997 1924 2022 1949 1998 1925 1997 1924 1965 1892 2023 1950 1943 1870 2023 1950 1949 1876 1943 1870 1954 1881 1966 1893 1865 1792 1952 1879 2024 1951 1926 1853 2024 1951 2002 1929 1926 1853 2025 1952 1953 1880 1927 1854 2003 1930 2025 1952 1927 1854 1955 1882 2026 1953 1956 1883 2026 1953 1979 1906 1956 1883 2027 1954 1957 1884 1919 1846 1983 1910 2027 1954 1919 1846 2028 1955 2011 1938 1876 1803 2029 1956 2028 1955 1876 1803 1897 1824 2029 1956 1876 1803 2030 1957 1897 1824 1898 1825 2012 1939 2031 1958 1898 1825 2031 1958 2030 1957 1898 1825 1949 1876 2032 1959 1946 1873 2032 1959 1947 1874 1946 1873 2033 1960 1950 1877 1862 1789 1948 1875 2033 1960 1862 1789 2034 1961 1958 1885 1885 1812 1929 1856 2034 1961 1885 1812 2035 1962 2029 1956 1897 1824 2030 1957 2035 1962 1897 1824 2036 1963 1982 1909 2001 1928 2000 1927 2036 1963 2001 1928 2023 1950 2032 1959 1949 1876 1950 1877 2037 1964 1866 1793 2037 1964 1954 1881 1866 1793 2038 1965 2014 1941 1944 1871 1962 1889 2038 1965 1944 1871 2015 1942 2039 1966 1945 1872 2039 1966 1963 1890 1945 1872 1973 1900 2040 1967 1937 1864 2040 1967 2004 1931 1937 1864 2041 1968 1974 1901 1939 1866 2005 1932 2041 1968 1939 1866 1971 1898 2042 1969 1952 1879 2042 1969 2024 1951 1952 1879 2043 1970 1972 1899 1953 1880 2025 1952 2043 1970 1953 1880 1928 1855 2034 1961 1929 1856 2016 1943 1931 1858 1934 1861 1975 1902 2044 1971 1962 1889 2044 1971 2038 1965 1962 1889 2039 1966 2045 1972 1963 1890 2045 1972 1976 1903 1963 1890 2046 1973 2047 1974 1980 1907 2047 1974 2048 1975 1980 1907 2048 1975 2022 1949 1980 1907 1979 1906 2046 1973 1980 1907 2049 1976 2050 1977 1982 1909 2036 1963 2049 1976 1982 1909 2050 1977 2051 1978 1982 1909 2051 1978 1983 1910 1982 1909 1984 1911 2052 1979 1965 1892 2052 1979 2023 1950 1965 1892 1954 1881 1985 1912 1966 1893 2053 1980 1978 1905 1972 1899 2043 1970 2053 1980 1972 1899 1977 1904 2054 1981 1971 1898 2054 1981 2042 1969 1971 1898 2053 1980 2044 1971 1975 1902 1978 1905 2053 1980 1975 1902 2045 1972 2054 1981 1976 1903 2054 1981 1977 1904 1976 1903 2018 1945 1996 1923 1995 1922 2055 1982 2026 1953 1955 1882 1987 1914 2055 1982 1955 1882 2056 1983 1988 1915 1957 1884 2027 1954 2056 1983 1957 1884 2057 1984 2005 1932 1959 1886 2017 1944 2057 1984 1959 1886 2058 1985 2019 1946 1961 1888 2004 1931 2058 1985 1961 1888 2059 1986 2034 1961 1928 1855 1930 1857 2059 1986 1928 1855 2060 1987 1989 1916 2018 1945 2020 1947 2060 1987 2018 1945 2016 1943 1932 1859 1931 1858 2002 1929 2061 1988 1973 1900 2061 1988 2040 1967 1973 1900 2062 1989 2003 1930 1974 1901 2041 1968 2062 1989 1974 1901 2016 1943 2063 1990 1932 1859 2063 1990 1933 1860 1932 1859 2064 1991 2052 1979 1984 1911 1998 1925 2064 1991 1984 1911 1954 1881 2065 1992 1985 1912 2065 1992 2000 1927 1985 1912 2060 1987 2017 1944 1989 1916 2019 1946 2060 1987 2020 1947 2066 1993 2016 1943 1986 1913 2006 1933 2066 1993 1986 1913 2034 1961 2067 1994 1958 1885 2067 1994 2007 1934 1958 1885 2022 1949 2048 1975 1998 1925 2048 1975 2068 1995 1998 1925 2068 1995 2069 1996 1998 1925 2069 1996 2064 1991 1998 1925 2070 1997 2071 1998 2000 1927 2072 1999 2070 1997 2000 1927 2071 1998 2049 1976 2000 1927 2049 1976 2036 1963 2000 1927 2065 1992 2072 1999 2000 1927 2073 2000 2055 1982 1987 1914 2014 1941 2073 2000 1987 1914 2056 1983 2074 2001 1988 1915 2074 2001 2015 1942 1988 1915 2075 2002 2066 1993 2006 1933 2008 1935 2075 2002 2006 1933 2076 2003 2009 1936 1936 1863 2007 1934 2076 2003 1936 1863 2077 2004 2046 1973 1979 1906 2026 1953 2077 2004 1979 1906 2078 2005 2027 1954 1983 1910 2051 1978 2078 2005 1983 1910 2047 1974 2068 1995 2048 1975 2063 1990 1970 1897 1933 1860 2024 1951 2079 2006 2002 1929 2079 2006 2061 1988 2002 1929 2080 2007 2025 1952 2003 1930 2062 1989 2080 2007 2003 1930 1967 1894 2059 1986 1930 1857 1947 1874 2081 2008 2008 1935 2081 2008 2075 2002 2008 1935 2082 2009 2021 1948 1940 1867 2009 1936 2082 2009 1940 1867 2083 2010 2017 1944 2060 1987 2019 1946 2083 2010 2060 1987 2071 1998 2050 1977 2049 1976 2047 1974 2084 2011 2068 1995 2084 2011 2069 1996 2068 1995 2070 1997 2050 1977 2071 1998 2085 2012 2058 1985 2004 1931 2040 1967 2085 2012 2004 1931 2086 2013 2041 1968 2005 1932 2057 1984 2086 2013 2005 1932 2052 1979 2087 2014 2023 1950 2087 2014 2032 1959 2023 1950 2037 1964 2088 2015 1954 1881 2088 2015 2065 1992 1954 1881 2032 1959 2089 2016 1947 1874 2089 2016 2081 2008 1947 1874 2090 2017 2033 1960 1948 1875 2021 1948 2090 2017 1948 1875 2063 1990 2091 2018 1970 1897 2091 2018 1969 1896 1970 1897 2092 2019 2073 2000 2014 1941 2038 1965 2092 2019 2014 1941 2074 2001 2093 2020 2015 1942 2093 2020 2039 1966 2015 1942 2087 2014 2089 2016 2032 1959 2033 1960 2094 2021 1950 1877 2094 2021 2037 1964 1950 1877 2042 1969 2095 2022 2024 1951 2095 2022 2079 2006 2024 1951 2096 2023 2043 1970 2025 1952 2080 2007 2096 2023 2025 1952 2097 2024 2084 2011 2047 1974 2046 1973 2097 2024 2047 1974 2070 1997 2051 1978 2050 1977 2098 2025 2059 1986 1967 1894 1968 1895 2098 2025 1967 1894 2083 2010 2099 2026 2017 1944 2099 2026 2100 2027 2017 1944 2100 2027 2057 1984 2017 1944 2101 2028 2083 2010 2019 1946 2058 1985 2101 2028 2019 1946 2102 2029 2092 2019 2038 1965 2044 1971 2102 2029 2038 1965 2093 2020 2103 2030 2039 1966 2103 2030 2045 1972 2039 1966 2104 2031 2053 1980 2043 1970 2096 2023 2104 2031 2043 1970 2054 1981 2105 2032 2042 1969 2105 2032 2095 2022 2042 1969 2055 1982 2106 2033 2026 1953 2106 2033 2077 2004 2026 1953 2107 2034 2056 1983 2027 1954 2078 2005 2107 2034 2027 1954 2053 1980 2104 2031 2044 1971 2104 2031 2102 2029 2044 1971 2103 2030 2105 2032 2045 1972 2105 2032 2054 1981 2045 1972 1991 1918 2098 2025 1968 1895 2064 1991 2108 2035 2052 1979 2108 2035 2087 2014 2052 1979 2061 1988 2109 2036 2040 1967 2109 2036 2085 2012 2040 1967 2110 2037 2062 1989 2041 1968 2086 2013 2110 2037 2041 1968 2101 2028 2099 2026 2083 2010 2091 2018 1994 1921 1969 1896 2111 2038 2098 2025 1991 1918 1992 1919 2111 2038 1991 1918 2112 2039 2100 2027 2099 2026 2101 2028 2112 2039 2099 2026 2091 2018 2113 2040 1994 1921 2113 2040 1993 1920 1994 1921 2114 2041 2063 1990 2016 1943 2066 1993 2114 2041 2016 1943 2115 2042 2067 1994 2034 1961 2059 1986 2115 2042 2034 1961 2069 1996 2108 2035 2064 1991 2088 2015 2072 1999 2065 1992 2116 2043 2117 2044 2046 1973 2118 2045 2119 2046 2046 1973 2117 2044 2118 2045 2046 1973 2119 2046 2097 2024 2046 1973 2077 2004 2116 2043 2046 1973 2120 2047 2121 2048 2051 1978 2070 1997 2120 2047 2051 1978 2122 2049 2078 2005 2051 1978 2121 2048 2122 2049 2051 1978 2113 2040 2013 1940 1993 1920 2072 1999 2120 2047 2070 1997 2123 2050 2106 2033 2055 1982 2073 2000 2123 2050 2055 1982 2107 2034 2124 2051 2056 1983 2124 2051 2074 2001 2056 1983 2097 2024 2069 1996 2084 2011 2100 2027 2125 2052 2057 1984 2125 2052 2086 2013 2057 1984 2126 2053 2127 2054 2058 1985 2127 2054 2101 2028 2058 1985 2085 2012 2126 2053 2058 1985 2079 2006 2128 2055 2061 1988 2128 2055 2109 2036 2061 1988 2129 2056 2080 2007 2062 1989 2110 2037 2129 2056 2062 1989 2130 2057 2012 1939 2013 1940 2113 2040 2130 2057 2013 1940 2010 1937 2111 2038 1992 1919 2131 2058 2111 2038 2010 1937 2011 1938 2131 2058 2010 1937 2119 2046 2069 1996 2097 2024 2132 2059 2114 2041 2066 1993 2075 2002 2132 2059 2066 1993 2067 1994 2133 2060 2007 1934 2133 2060 2076 2003 2007 1934 2028 1955 2131 2058 2011 1938 2119 2046 2118 2045 2069 1996 2118 2045 2134 2061 2069 1996 2134 2061 2135 2062 2069 1996 2135 2062 2108 2035 2069 1996 2136 2063 2137 2064 2072 1999 2137 2064 2120 2047 2072 1999 2088 2015 2136 2063 2072 1999 2029 1956 2138 2065 2028 1955 2138 2065 2131 2058 2028 1955 2130 2057 2031 1958 2012 1939 2137 2064 2121 2048 2120 2047 2130 2057 2030 1957 2031 1958 2138 2065 2035 1962 2030 1957 2130 2057 2138 2065 2030 1957 2139 2066 2140 2067 2101 2028 2140 2067 2112 2039 2101 2028 2127 2054 2139 2066 2101 2028 2117 2044 2134 2061 2118 2045 2081 2008 2141 2068 2075 2002 2141 2068 2132 2059 2075 2002 2142 2069 2082 2009 2009 1936 2076 2003 2142 2069 2009 1936 2143 2070 2121 2048 2137 2064 2136 2063 2143 2070 2137 2064 2144 2071 2123 2050 2073 2000 2092 2019 2144 2071 2073 2000 2124 2051 2145 2072 2074 2001 2145 2072 2093 2020 2074 2001 2035 1962 2138 2065 2029 1956 2146 2073 2096 2023 2080 2007 2129 2056 2146 2073 2080 2007 2095 2022 2147 2074 2079 2006 2147 2074 2128 2055 2079 2006 2089 2016 2148 2075 2081 2008 2148 2075 2141 2068 2081 2008 2149 2076 2090 2017 2021 1948 2082 2009 2149 2076 2021 1948 2150 2077 2151 2078 2087 2014 2108 2035 2150 2077 2087 2014 2151 2078 2089 2016 2087 2014 2094 2021 2152 2079 2037 1964 2152 2079 2088 2015 2037 1964 2151 2078 2148 2075 2089 2016 2090 2017 2153 2080 2033 1960 2153 2080 2094 2021 2033 1960 2154 2081 2116 2043 2077 2004 2106 2033 2154 2081 2077 2004 2155 2082 2107 2034 2078 2005 2122 2049 2155 2082 2078 2005 2156 2083 2144 2071 2092 2019 2102 2029 2156 2083 2092 2019 2145 2072 2157 2084 2093 2020 2157 2084 2103 2030 2093 2020 2158 2085 2104 2031 2096 2023 2146 2073 2158 2085 2096 2023 2105 2032 2159 2086 2095 2022 2159 2086 2147 2074 2095 2022 2125 2052 2160 2087 2086 2013 2160 2087 2110 2037 2086 2013 2161 2088 2126 2053 2085 2012 2109 2036 2161 2088 2085 2012 2162 2089 2091 2018 2063 1990 2114 2041 2162 2089 2063 1990 2163 2090 2115 2042 2059 1986 2098 2025 2163 2090 2059 1986 2158 2085 2156 2083 2102 2029 2104 2031 2158 2085 2102 2029 2157 2084 2159 2086 2103 2030 2159 2086 2105 2032 2103 2030 2164 2091 2165 2092 2117 2044 2165 2092 2134 2061 2117 2044 2166 2093 2164 2091 2117 2044 2167 2094 2166 2093 2117 2044 2116 2043 2167 2094 2117 2044 2168 2095 2169 2096 2121 2048 2143 2070 2168 2095 2121 2048 2170 2097 2122 2049 2121 2048 2169 2096 2170 2097 2121 2048 2140 2067 2100 2027 2112 2039 2171 2098 2100 2027 2140 2067 2139 2066 2171 2098 2140 2067 2123 2050 2172 2099 2106 2033 2172 2099 2154 2081 2106 2033 2155 2082 2173 2100 2107 2034 2173 2100 2124 2051 2107 2034 2160 2087 2174 2101 2110 2037 2174 2101 2129 2056 2110 2037 2128 2055 2175 2102 2109 2036 2175 2102 2161 2088 2109 2036 2171 2098 2125 2052 2100 2027 2127 2054 2171 2098 2139 2066 2135 2062 2176 2103 2108 2035 2176 2103 2150 2077 2108 2035 2152 2079 2136 2063 2088 2015 2177 2104 2162 2089 2114 2041 2132 2059 2177 2104 2114 2041 2178 2105 2133 2060 2067 1994 2115 2042 2178 2105 2067 1994 2165 2092 2135 2062 2134 2061 2179 2106 2113 2040 2091 2018 2162 2089 2179 2106 2091 2018 2180 2107 2163 2090 2098 2025 2111 2038 2180 2107 2098 2025 2181 2108 2172 2099 2123 2050 2144 2071 2181 2108 2123 2050 2173 2100 2182 2109 2124 2051 2182 2109 2145 2072 2124 2051 2174 2101 2183 2110 2129 2056 2184 2111 2146 2073 2129 2056 2185 2112 2184 2111 2129 2056 2183 2110 2185 2112 2129 2056 2147 2074 2186 2113 2128 2055 2186 2113 2175 2102 2128 2055 2164 2091 2187 2114 2135 2062 2165 2092 2164 2091 2135 2062 2187 2114 2176 2103 2135 2062 2188 2115 2189 2116 2136 2063 2189 2116 2168 2095 2136 2063 2168 2095 2143 2070 2136 2063 2152 2079 2188 2115 2136 2063 2190 2117 2167 2094 2116 2043 2154 2081 2190 2117 2116 2043 2191 2118 2155 2082 2122 2049 2170 2097 2191 2118 2122 2049 2141 2068 2192 2119 2132 2059 2192 2119 2177 2104 2132 2059 2133 2060 2193 2120 2076 2003 2193 2120 2142 2069 2076 2003 2189 2116 2169 2096 2168 2095 2194 2121 2125 2052 2171 2098 2127 2054 2194 2121 2171 2098 2166 2093 2195 2122 2164 2091 2195 2122 2187 2114 2164 2091 2188 2115 2169 2096 2189 2116 2150 2077 2196 2123 2151 2078 2196 2123 2148 2075 2151 2078 2153 2080 2197 2124 2094 2021 2197 2124 2152 2079 2094 2021 2148 2075 2198 2125 2141 2068 2198 2125 2192 2119 2141 2068 2199 2126 2149 2076 2082 2009 2142 2069 2199 2126 2082 2009 2200 2127 2181 2108 2144 2071 2156 2083 2200 2127 2144 2071 2182 2109 2201 2128 2145 2072 2201 2128 2157 2084 2145 2072 2202 2129 2158 2085 2146 2073 2184 2111 2202 2129 2146 2073 2159 2086 2203 2130 2147 2074 2203 2130 2186 2113 2147 2074 2196 2123 2198 2125 2148 2075 2149 2076 2204 2131 2090 2017 2204 2131 2153 2080 2090 2017 2205 2132 2130 2057 2113 2040 2179 2106 2205 2132 2113 2040 2206 2133 2180 2107 2111 2038 2131 2058 2206 2133 2111 2038 2202 2129 2200 2127 2156 2083 2158 2085 2202 2129 2156 2083 2201 2128 2203 2130 2157 2084 2203 2130 2159 2086 2157 2084 2207 2134 2195 2122 2166 2093 2167 2094 2207 2134 2166 2093 2188 2115 2170 2097 2169 2096 2194 2121 2160 2087 2125 2052 2126 2053 2194 2121 2127 2054 2208 2135 2131 2058 2138 2065 2130 2057 2208 2135 2138 2065 2209 2136 2208 2135 2130 2057 2205 2132 2209 2136 2130 2057 2208 2135 2206 2133 2131 2058 2210 2137 2190 2117 2154 2081 2172 2099 2210 2137 2154 2081 2191 2118 2211 2138 2155 2082 2211 2138 2173 2100 2155 2082 2212 2139 2213 2140 2150 2077 2176 2103 2212 2139 2150 2077 2213 2140 2214 2141 2150 2077 2214 2141 2196 2123 2150 2077 2215 2142 2179 2106 2162 2089 2177 2104 2215 2142 2162 2089 2216 2143 2178 2105 2115 2042 2163 2090 2216 2143 2115 2042 2181 2108 2217 2144 2172 2099 2217 2144 2210 2137 2172 2099 2211 2138 2218 2145 2173 2100 2218 2145 2182 2109 2173 2100 2187 2114 2212 2139 2176 2103 2219 2146 2220 2147 2152 2079 2197 2124 2219 2146 2152 2079 2220 2147 2188 2115 2152 2079 2220 2147 2170 2097 2188 2115 2221 2148 2207 2134 2167 2094 2222 2149 2221 2148 2167 2094 2190 2117 2223 2150 2167 2094 2223 2150 2224 2151 2167 2094 2224 2151 2222 2149 2167 2094 2220 2147 2219 2146 2170 2097 2225 2152 2191 2118 2170 2097 2219 2146 2225 2152 2170 2097 2186 2113 2226 2153 2175 2102 2226 2153 2227 2154 2175 2102 2227 2154 2161 2088 2175 2102 2228 2155 2229 2156 2194 2121 2229 2156 2160 2087 2194 2121 2126 2053 2228 2155 2194 2121 2207 2134 2187 2114 2195 2122 2229 2156 2174 2101 2160 2087 2230 2157 2231 2158 2126 2053 2231 2158 2228 2155 2126 2053 2161 2088 2230 2157 2126 2053 2221 2148 2187 2114 2207 2134 2221 2148 2222 2149 2187 2114 2222 2149 2212 2139 2187 2114 2192 2119 2232 2159 2177 2104 2232 2159 2215 2142 2177 2104 2233 2160 2193 2120 2133 2060 2178 2105 2233 2160 2133 2060 2234 2161 2217 2144 2181 2108 2200 2127 2234 2161 2181 2108 2218 2145 2235 2162 2182 2109 2235 2162 2201 2128 2182 2109 2236 2163 2202 2129 2184 2111 2185 2112 2236 2163 2184 2111 2203 2130 2237 2164 2186 2113 2237 2164 2226 2153 2186 2113 2214 2141 2198 2125 2196 2123 2204 2131 2238 2165 2153 2080 2238 2165 2197 2124 2153 2080 2239 2166 2225 2152 2219 2146 2197 2124 2239 2166 2219 2146 2198 2125 2240 2167 2192 2119 2240 2167 2232 2159 2192 2119 2241 2168 2199 2126 2142 2069 2193 2120 2241 2168 2142 2069 2236 2163 2234 2161 2200 2127 2202 2129 2236 2163 2200 2127 2235 2162 2237 2164 2201 2128 2237 2164 2203 2130 2201 2128 2214 2141 2240 2167 2198 2125 2199 2126 2242 2169 2149 2076 2242 2169 2204 2131 2149 2076 2243 2170 2205 2132 2179 2106 2215 2142 2243 2170 2179 2106 2244 2171 2216 2143 2163 2090 2180 2107 2244 2171 2163 2090 2210 2137 2245 2172 2190 2117 2245 2172 2223 2150 2190 2117 2225 2152 2246 2173 2191 2118 2246 2173 2211 2138 2191 2118 2229 2156 2247 2174 2174 2101 2247 2174 2183 2110 2174 2101 2227 2154 2248 2175 2161 2088 2248 2175 2230 2157 2161 2088 2249 2176 2209 2136 2205 2132 2243 2170 2249 2176 2205 2132 2250 2177 2244 2171 2180 2107 2206 2133 2250 2177 2180 2107 2217 2144 2251 2178 2210 2137 2251 2178 2245 2172 2210 2137 2246 2173 2252 2179 2211 2138 2252 2179 2218 2145 2211 2138 2247 2174 2253 2180 2183 2110 2253 2180 2185 2112 2183 2110 2254 2181 2248 2175 2227 2154 2226 2153 2254 2181 2227 2154 2255 2182 2229 2156 2228 2155 2231 2158 2255 2182 2228 2155 2238 2165 2256 2183 2197 2124 2256 2183 2239 2166 2197 2124 2257 2184 2206 2133 2208 2135 2209 2136 2257 2184 2208 2135 2258 2185 2257 2184 2209 2136 2259 2186 2258 2185 2209 2136 2249 2176 2259 2186 2209 2136 2257 2184 2258 2185 2206 2133 2258 2185 2250 2177 2206 2133 2232 2159 2260 2187 2215 2142 2260 2187 2243 2170 2215 2142 2261 2188 2233 2160 2178 2105 2216 2143 2261 2188 2178 2105 2234 2161 2262 2189 2217 2144 2262 2189 2251 2178 2217 2144 2252 2179 2263 2190 2218 2145 2263 2190 2235 2162 2218 2145 2253 2180 2264 2191 2185 2112 2264 2191 2236 2163 2185 2112 2237 2164 2265 2192 2226 2153 2265 2192 2254 2181 2226 2153 2236 2163 2266 2193 2234 2161 2266 2193 2262 2189 2234 2161 2263 2190 2267 2194 2235 2162 2267 2194 2237 2164 2235 2162 2268 2195 2240 2167 2214 2141 2213 2140 2268 2195 2214 2141 2242 2169 2238 2165 2204 2131 2264 2191 2266 2193 2236 2163 2267 2194 2265 2192 2237 2164 2240 2167 2269 2196 2232 2159 2269 2196 2260 2187 2232 2159 2270 2197 2241 2168 2193 2120 2233 2160 2270 2197 2193 2120 2256 2183 2225 2152 2239 2166 2224 2151 2271 2198 2222 2149 2271 2198 2212 2139 2222 2149 2224 2151 2272 2199 2271 2198 2272 2199 2212 2139 2271 2198 2268 2195 2269 2196 2240 2167 2273 2200 2242 2169 2199 2126 2241 2168 2273 2200 2199 2126 2274 2201 2229 2156 2255 2182 2231 2158 2274 2201 2255 2182 2223 2150 2272 2199 2224 2151 2256 2183 2246 2173 2225 2152 2212 2139 2275 2202 2213 2140 2275 2202 2276 2203 2213 2140 2276 2203 2268 2195 2213 2140 2274 2201 2247 2174 2229 2156 2230 2157 2274 2201 2231 2158 2277 2204 2246 2173 2256 2183 2238 2165 2277 2204 2256 2183 2260 2187 2278 2205 2243 2170 2278 2205 2249 2176 2243 2170 2279 2206 2261 2188 2216 2143 2244 2171 2279 2206 2216 2143 2280 2207 2275 2202 2212 2139 2272 2199 2280 2207 2212 2139 2281 2208 2277 2204 2238 2165 2282 2209 2281 2208 2238 2165 2242 2169 2282 2209 2238 2165 2223 2150 2280 2207 2272 2199 2245 2172 2283 2210 2223 2150 2283 2210 2280 2207 2223 2150 2277 2204 2281 2208 2246 2173 2281 2208 2284 2211 2246 2173 2284 2211 2252 2179 2246 2173 2278 2205 2285 2212 2249 2176 2285 2212 2259 2186 2249 2176 2286 2213 2279 2206 2244 2171 2250 2177 2286 2213 2244 2171 2274 2201 2287 2214 2247 2174 2287 2214 2288 2215 2247 2174 2288 2215 2253 2180 2247 2174 2289 2216 2287 2214 2230 2157 2287 2214 2274 2201 2230 2157 2290 2217 2291 2218 2230 2157 2291 2218 2289 2216 2230 2157 2248 2175 2290 2217 2230 2157 2269 2196 2292 2219 2260 2187 2292 2219 2278 2205 2260 2187 2293 2220 2270 2197 2233 2160 2261 2188 2293 2220 2233 2160 2276 2203 2269 2196 2268 2195 2273 2200 2282 2209 2242 2169 2276 2203 2292 2219 2269 2196 2270 2197 2273 2200 2241 2168 2294 2221 2250 2177 2258 2185 2259 2186 2294 2221 2258 2185 2285 2212 2295 2222 2259 2186 2295 2222 2294 2221 2259 2186 2294 2221 2286 2213 2250 2177 2251 2178 2296 2223 2245 2172 2296 2223 2283 2210 2245 2172 2284 2211 2297 2224 2252 2179 2297 2224 2263 2190 2252 2179 2288 2215 2298 2225 2253 2180 2298 2225 2264 2191 2253 2180 2254 2181 2299 2226 2248 2175 2299 2226 2290 2217 2248 2175 2283 2210 2275 2202 2280 2207 2262 2189 2300 2227 2251 2178 2300 2227 2296 2223 2251 2178 2297 2224 2267 2194 2263 2190 2292 2219 2301 2228 2278 2205 2301 2228 2285 2212 2278 2205 2279 2206 2293 2220 2261 2188 2282 2209 2284 2211 2281 2208 2298 2225 2302 2229 2264 2191 2302 2229 2266 2193 2264 2191 2303 2230 2299 2226 2254 2181 2265 2192 2303 2230 2254 2181 2289 2216 2288 2215 2287 2214 2266 2193 2304 2231 2262 2189 2304 2231 2300 2227 2262 2189 2297 2224 2305 2232 2267 2194 2305 2232 2265 2192 2267 2194 2302 2229 2304 2231 2266 2193 2305 2232 2303 2230 2265 2192 2306 2233 2301 2228 2276 2203 2301 2228 2292 2219 2276 2203 2275 2202 2307 2234 2276 2203 2307 2234 2306 2233 2276 2203 2308 2235 2282 2209 2273 2200 2309 2236 2308 2235 2273 2200 2270 2197 2309 2236 2273 2200 2293 2220 2309 2236 2270 2197 2296 2223 2310 2237 2283 2210 2310 2237 2275 2202 2283 2210 2311 2238 2297 2224 2284 2211 2282 2209 2311 2238 2284 2211 2312 2239 2313 2240 2289 2216 2291 2218 2312 2239 2289 2216 2301 2228 2295 2222 2285 2212 2314 2241 2293 2220 2279 2206 2286 2213 2314 2241 2279 2206 2296 2223 2315 2242 2310 2237 2315 2242 2275 2202 2310 2237 2316 2243 2297 2224 2311 2238 2282 2209 2316 2243 2311 2238 2317 2244 2307 2234 2275 2202 2315 2242 2317 2244 2275 2202 2318 2245 2316 2243 2282 2209 2308 2235 2318 2245 2282 2209 2319 2246 2286 2213 2294 2221 2295 2222 2319 2246 2294 2221 2301 2228 2320 2247 2295 2222 2320 2247 2321 2248 2295 2222 2321 2248 2319 2246 2295 2222 2321 2248 2314 2241 2286 2213 2319 2246 2321 2248 2286 2213 2318 2245 2297 2224 2316 2243 2296 2223 2317 2244 2315 2242 2322 2249 2323 2250 2291 2218 2323 2250 2312 2239 2291 2218 2290 2217 2322 2249 2291 2218 2306 2233 2324 2251 2301 2228 2324 2251 2320 2247 2301 2228 2325 2252 2309 2236 2293 2220 2314 2241 2325 2252 2293 2220 2296 2223 2326 2253 2317 2244 2326 2253 2307 2234 2317 2244 2327 2254 2297 2224 2318 2245 2308 2235 2327 2254 2318 2245 2312 2239 2323 2250 2313 2240 2323 2250 2328 2255 2298 2225 2328 2255 2302 2229 2298 2225 2329 2256 2330 2257 2290 2217 2330 2257 2322 2249 2290 2217 2299 2226 2329 2256 2290 2217 2331 2258 2326 2253 2296 2223 2332 2259 2331 2258 2296 2223 2300 2227 2333 2260 2296 2223 2333 2260 2334 2261 2296 2223 2334 2261 2332 2259 2296 2223 2327 2254 2335 2262 2297 2224 2335 2262 2336 2263 2297 2224 2336 2263 2305 2232 2297 2224 2307 2234 2337 2264 2306 2233 2337 2264 2324 2251 2306 2233 2338 2265 2308 2235 2309 2236 2325 2252 2338 2265 2309 2236 2304 2231 2339 2266 2300 2227 2339 2266 2333 2260 2300 2227 2336 2263 2340 2267 2305 2232 2340 2267 2303 2230 2305 2232 2328 2255 2341 2268 2302 2229 2341 2268 2304 2231 2302 2229 2303 2230 2342 2269 2299 2226 2342 2269 2329 2256 2299 2226 2324 2251 2343 2270 2320 2247 2343 2270 2321 2248 2320 2247 2343 2270 2325 2252 2314 2241 2321 2248 2343 2270 2314 2241 2341 2268 2339 2266 2304 2231 2340 2267 2342 2269 2303 2230 2331 2258 2332 2259 2307 2234 2332 2259 2344 2271 2307 2234 2344 2271 2337 2264 2307 2234 2326 2253 2331 2258 2307 2234 2345 2272 2346 2273 2308 2235 2346 2273 2347 2274 2308 2235 2347 2274 2335 2262 2308 2235 2335 2262 2327 2254 2308 2235 2338 2265 2345 2272 2308 2235 2347 2274 2336 2263 2335 2262 2334 2261 2344 2271 2332 2259 2346 2273 2336 2263 2347 2274 2348 2275 2343 2270 2324 2251 2337 2264 2349 2276 2324 2251 2349 2276 2348 2275 2324 2251 2349 2276 2338 2265 2325 2252 2348 2275 2349 2276 2325 2252 2343 2270 2348 2275 2325 2252 2334 2261 2350 2277 2344 2271 2350 2277 2337 2264 2344 2271 2333 2260 2350 2277 2334 2261 2346 2273 2345 2272 2336 2263 2351 2278 2352 2279 2336 2263 2352 2279 2340 2267 2336 2263 2322 2249 2328 2255 2323 2250 2353 2280 2328 2255 2322 2249 2330 2257 2353 2280 2322 2249 2353 2280 2341 2268 2328 2255 2329 2256 2353 2280 2330 2257 2354 2281 2341 2268 2353 2280 2329 2256 2354 2281 2353 2280 2339 2266 2350 2277 2333 2260 2352 2279 2342 2269 2340 2267 2355 2282 2349 2276 2337 2264 2350 2277 2355 2282 2337 2264 2356 2283 2345 2272 2338 2265 2349 2276 2356 2283 2338 2265 2357 2284 2339 2266 2341 2268 2354 2281 2357 2284 2341 2268 2357 2284 2354 2281 2329 2256 2342 2269 2357 2284 2329 2256 2358 2285 2352 2279 2351 2278 2359 2286 2360 2287 2339 2266 2360 2287 2355 2282 2339 2266 2355 2282 2350 2277 2339 2266 2357 2284 2359 2286 2339 2266 2359 2286 2357 2284 2342 2269 2360 2287 2356 2283 2349 2276 2355 2282 2360 2287 2349 2276 2360 2287 2359 2286 2356 2283 2361 2288 2362 2288 2363 2288 2364 60 2361 60 2363 60 2365 2289 2364 2289 2363 2289 2365 60 2366 60 2364 60 2367 2290 2362 2290 2361 2290 2368 2291 2366 2291 2365 2291 2367 60 2369 60 2362 60 2368 60 2370 60 2366 60 2371 60 2369 60 2367 60 2372 60 2370 60 2368 60 2371 60 2373 60 2369 60 2372 60 2374 60 2370 60 2375 60 2373 60 2371 60 2376 2292 2374 2292 2372 2292 2375 2293 2377 2293 2373 2293 2376 60 2378 60 2374 60 2379 60 2377 60 2375 60 2380 60 2378 60 2376 60 2379 60 2381 60 2377 60 2380 60 2382 60 2378 60 2383 60 2381 60 2379 60 2384 60 2382 60 2380 60 2383 60 2385 60 2381 60 2384 2294 2386 2294 2382 2294 2387 2295 2385 2295 2383 2295 2388 2296 2386 2296 2384 2296 2387 2297 2389 2297 2385 2297 2388 60 2390 60 2386 60 2391 60 2389 60 2387 60 2392 60 2390 60 2388 60 2391 60 2393 60 2389 60 2394 60 2390 60 2392 60 2394 2298 2395 2298 2390 2298 2396 2299 2397 2299 2391 2299 2397 60 2393 60 2391 60 2398 60 2395 60 2394 60 2399 60 2400 60 2397 60 2398 2300 2401 2300 2395 2300 2402 2301 2400 2301 2399 2301 2403 2302 2401 2302 2398 2302 2402 2303 2404 2303 2400 2303 2403 60 2405 60 2401 60 2406 2304 2404 2304 2402 2304 2407 60 2405 60 2403 60 2406 60 2408 60 2404 60 2407 60 2409 60 2405 60 2410 60 2408 60 2406 60 2411 2305 2409 2305 2407 2305 2410 2293 2412 2293 2408 2293 2411 60 2413 60 2409 60 2414 2306 2412 2306 2410 2306 2415 60 2413 60 2411 60 2414 60 2416 60 2412 60 2415 60 2417 60 2413 60 2418 2307 2416 2307 2414 2307 2419 2308 2417 2308 2415 2308 2418 60 2420 60 2416 60 2419 60 2421 60 2417 60 2422 60 2420 60 2418 60 2423 2309 2421 2309 2419 2309 2422 2288 2423 2288 2420 2288 2423 60 2422 60 2421 60 2424 2310 2425 2311 2426 2310 2427 2312 2424 2310 2426 2310 2428 2313 2427 2312 2426 2310 2429 2314 2430 2315 2425 2311 2424 2310 2429 2314 2425 2311 2431 2316 2430 2315 2429 2314 2432 2317 2427 2312 2428 2313 2433 2318 2432 2317 2428 2313 2431 2316 2434 2319 2430 2315 2435 2320 2434 2319 2431 2316 2436 2321 2432 2317 2433 2318 2437 2322 2436 2321 2433 2318 2435 2320 2438 2323 2434 2319 2439 2324 2438 2323 2435 2320 2440 2325 2436 2321 2437 2322 2441 2326 2440 2325 2437 2322 2439 2324 2442 2327 2438 2323 2443 2328 2442 2327 2439 2324 2444 2329 2440 2325 2441 2326 2445 2330 2446 2331 2441 2326 2443 2328 2447 2332 2442 2327 2448 2333 2447 2332 2443 2328 2449 2334 2446 2331 2445 2330 2450 2335 2449 2334 2445 2330 2448 2333 2451 2336 2447 2332 2452 2337 2451 2336 2448 2333 2453 2338 2449 2334 2450 2335 2454 2339 2453 2338 2450 2335 2452 2337 2455 2340 2451 2336 2456 2341 2455 2340 2452 2337 2457 2342 2453 2338 2454 2339 2458 2343 2457 2342 2454 2339 2456 2341 2459 2344 2455 2340 2460 2345 2459 2344 2456 2341 2461 2346 2457 2342 2458 2343 2462 2347 2461 2346 2458 2343 2460 2345 2463 2348 2459 2344 2464 2349 2463 2348 2460 2345 2465 2350 2461 2346 2462 2347 2466 2351 2465 2350 2462 2347 2464 2349 2467 2352 2463 2348 2468 2353 2467 2352 2464 2349 2469 2354 2465 2350 2466 2351 2470 2355 2469 2354 2466 2351 2468 2353 2471 2356 2467 2352 2472 2357 2471 2356 2468 2353 2473 2358 2469 2354 2470 2355 2474 2359 2473 2358 2470 2355 2472 2357 2475 2360 2471 2356 2476 2361 2475 2360 2472 2357 2476 2361 2473 2358 2474 2359 2475 2360 2476 2361 2474 2359 2477 60 2478 60 2479 60 2478 60 2480 60 2479 60 2478 2362 2481 2362 2480 2362 2482 60 2478 60 2477 60 2478 2363 2483 2363 2481 2363 2484 60 2478 60 2482 60 2485 2364 2486 2364 2483 2364 2487 2365 2478 2365 2484 2365 2485 2366 2488 2366 2486 2366 2489 60 2478 60 2487 60 2485 2367 2490 2367 2488 2367 2485 60 2491 60 2490 60 2492 2368 2491 2368 2485 2368 2492 60 2493 60 2491 60 2493 60 2494 60 2491 60 2494 2369 2495 2369 2491 2369 2495 2370 2496 2370 2491 2370 2495 60 2497 60 2496 60 2498 60 2499 60 2497 60 2498 60 2500 60 2499 60 2501 60 2500 60 2498 60 2501 60 2502 60 2500 60 2502 60 2503 60 2500 60 2503 2371 2504 2371 2500 2371 2505 2372 2506 2373 2507 2374 2506 2373 2508 2375 2507 2374 2509 2376 2505 2372 2507 2374 2510 2377 2511 2378 2509 2376 2511 2378 2505 2372 2509 2376 2506 2373 2512 2379 2508 2375 2512 2379 2513 2380 2508 2375 2514 2381 2515 2377 2510 2377 2515 2377 2511 2378 2510 2377 2512 2379 2516 2382 2513 2380 2516 2382 2517 2383 2513 2380 2518 2384 2519 2385 2514 2381 2519 2385 2515 2377 2514 2381 2516 2382 2520 2386 2517 2383 2520 2386 2521 2387 2517 2383 2522 2388 2523 2389 2518 2384 2523 2389 2519 2385 2518 2384 2520 2386 2524 2390 2521 2387 2524 2390 2525 2391 2521 2387 2526 2392 2527 2393 2522 2388 2527 2393 2523 2389 2522 2388 2524 2390 2528 2394 2525 2391 2528 2394 2529 2395 2525 2391 2530 2396 2531 2397 2526 2392 2531 2397 2527 2393 2526 2392 2528 2394 2532 2398 2529 2395 2532 2398 2533 2398 2529 2395 2534 2399 2535 2400 2530 2396 2535 2400 2531 2397 2530 2396 2536 2401 2537 2402 2538 2401 2537 2402 2539 2403 2538 2401 2540 2404 2541 2405 2534 2399 2541 2405 2535 2400 2534 2399 2537 2402 2542 2406 2539 2403 2542 2406 2543 2407 2539 2403 2544 2408 2545 2409 2540 2404 2545 2409 2541 2405 2540 2404 2542 2406 2546 2410 2543 2407 2546 2410 2547 2411 2543 2407 2548 2412 2549 2413 2544 2408 2549 2413 2545 2409 2544 2408 2546 2410 2550 2414 2547 2411 2550 2414 2551 2415 2547 2411 2552 2416 2553 2417 2548 2412 2553 2417 2549 2413 2548 2412 2550 2414 2554 2418 2551 2415 2554 2418 2555 2419 2551 2415 2556 2420 2557 2421 2552 2416 2557 2421 2553 2417 2552 2416 2554 2418 2558 2422 2555 2419 2558 2422 2559 2423 2555 2419 2560 2424 2561 2425 2556 2420 2561 2425 2557 2421 2556 2420 2558 2422 2562 2426 2559 2423 2562 2426 2563 2427 2559 2423 2563 2427 2564 2428 2560 2424 2564 2428 2561 2425 2560 2424 2562 2426 2564 2428 2563 2427 2565 2429 2566 2429 2567 2429 2566 2430 2568 2430 2567 2430 2568 2431 2569 2431 2567 2431 2568 2432 2570 2432 2569 2432 2570 2431 2571 2431 2569 2431 2572 2433 2573 2433 2565 2433 2573 2434 2566 2434 2565 2434 2570 2435 2574 2435 2571 2435 2574 2436 2575 2436 2571 2436 2576 2437 2577 2437 2572 2437 2577 2438 2573 2438 2572 2438 2574 2439 2578 2439 2575 2439 2578 2440 2579 2440 2575 2440 2580 2431 2581 2431 2582 2431 2581 2441 2583 2441 2582 2441 2583 2442 2584 2442 2576 2442 2584 2443 2577 2443 2576 2443 2578 2431 2585 2431 2579 2431 2585 2444 2586 2444 2579 2444 2587 2431 2581 2431 2580 2431 2585 2445 2588 2445 2586 2445 2589 2446 2581 2446 2587 2446 2590 2431 2588 2431 2585 2431 2590 2447 2591 2447 2588 2447 2592 2431 2591 2431 2590 2431 2593 2431 2594 2431 2583 2431 2595 2431 2581 2431 2589 2431 2592 2431 2596 2431 2591 2431 2597 2431 2596 2431 2592 2431 2593 2431 2598 2431 2594 2431 2599 2431 2600 2431 2593 2431 2600 2431 2601 2431 2593 2431 2601 2431 2598 2431 2593 2431 2602 2431 2603 2431 2599 2431 2603 2431 2600 2431 2599 2431 2604 2431 2605 2431 2597 2431 2605 2448 2596 2448 2597 2448 2606 2449 2600 2449 2603 2449 2607 2450 2608 2450 2604 2450 2608 2431 2605 2431 2604 2431 2609 2431 2610 2431 2607 2431 2610 2431 2608 2431 2607 2431 2606 2451 2611 2451 2600 2451 2611 2431 2612 2431 2600 2431 2613 2431 2614 2431 2615 2431 2614 2431 2616 2431 2609 2431 2616 2452 2610 2452 2609 2452 2611 2453 2617 2453 2612 2453 2617 2454 2618 2454 2612 2454 2619 2455 2620 2455 2613 2455 2620 2456 2614 2456 2613 2456 2617 2457 2621 2457 2618 2457 2621 2431 2622 2431 2618 2431 2623 2431 2624 2431 2619 2431 2624 2458 2620 2458 2619 2458 2621 2459 2625 2459 2622 2459 2625 2460 2623 2460 2622 2460 2625 2461 2624 2461 2623 2461 2626 2462 2627 2463 2628 83 2629 2464 2626 2462 2628 83 2630 2465 2629 2464 2628 83 2631 2466 2632 2467 2627 2463 2626 2462 2631 2466 2627 2463 2633 2468 2629 2464 2630 2465 2634 2469 2633 2468 2630 2465 2635 2470 2636 2471 2632 2467 2631 2466 2635 2470 2632 2467 2637 2472 2633 2468 2634 2469 2638 2473 2637 2472 2634 2469 2639 2474 2640 2475 2636 2471 2635 2470 2639 2474 2636 2471 2641 2476 2637 2472 2638 2473 2642 2477 2641 2476 2638 2473 2643 2478 2644 2479 2640 2475 2639 2474 2643 2478 2640 2475 2645 2480 2641 2476 2642 2477 2646 2481 2645 2480 2642 2477 2647 2482 2648 2483 2644 2479 2643 2478 2647 2482 2644 2479 2649 2484 2645 2480 2646 2481 2650 2485 2649 2484 2646 2481 2651 2486 2652 2487 2648 2483 2647 2482 2651 2486 2648 2483 2653 2488 2649 2484 2650 2485 2654 2489 2653 2488 2650 2485 2655 2487 2656 2490 2652 2487 2651 2486 2655 2487 2652 2487 2657 2491 2653 2488 2654 2489 2658 2492 2657 2491 2654 2489 2659 2493 2660 2494 2656 2490 2655 2487 2659 2493 2656 2490 2661 2495 2657 2491 2658 2492 2662 2496 2661 2495 2658 2492 2663 2497 2664 2498 2660 2494 2659 2493 2663 2497 2660 2494 2665 2499 2661 2495 2662 2496 2666 2500 2665 2499 2662 2496 2667 2501 2668 2502 2664 2498 2663 2497 2667 2501 2664 2498 2669 2503 2665 2499 2666 2500 2670 2504 2669 2503 2666 2500 2671 2505 2672 2506 2668 2502 2667 2501 2671 2505 2668 2502 2673 2507 2669 2503 2670 2504 2674 2508 2673 2507 2670 2504 2675 2509 2676 2510 2672 2506 2671 2505 2675 2509 2672 2506 2677 2511 2673 2507 2674 2508 2676 2510 2677 2511 2674 2508 2675 2509 2677 2511 2676 2510 2678 2512 2679 2512 2680 2512 2681 2513 2678 2513 2680 2513 2678 2513 2682 2513 2679 2513 2683 83 2684 83 2685 83 2686 83 2683 83 2685 83 2687 60 2688 60 2689 60 2687 60 2690 60 2688 60 2691 2514 2692 2514 2693 2514 2694 2514 2691 2514 2695 2514 2696 2514 2694 2514 2695 2514 2697 2514 2692 2514 2691 2514 2698 2515 2694 2515 2699 2515 2700 2514 2698 2514 2699 2514 2697 2514 2701 2514 2692 2514 2702 2514 2701 2514 2697 2514 2703 2516 2698 2516 2700 2516 2702 2514 2704 2514 2701 2514 2703 2517 2705 2517 2698 2517 2706 2514 2704 2514 2702 2514 2707 2518 2705 2518 2703 2518 2706 2519 2708 2519 2704 2519 2707 2520 2709 2520 2705 2520 2710 2514 2708 2514 2706 2514 2711 2514 2709 2514 2707 2514 2710 2514 2712 2514 2708 2514 2711 2514 2713 2514 2709 2514 2714 2514 2712 2514 2710 2514 2715 2514 2713 2514 2711 2514 2714 2521 2716 2521 2712 2521 2715 2514 2717 2514 2713 2514 2718 2522 2716 2522 2714 2522 2719 2514 2717 2514 2715 2514 2718 2514 2720 2514 2716 2514 2719 2514 2721 2514 2717 2514 2722 2514 2723 2514 2718 2514 2723 2514 2720 2514 2718 2514 2724 2514 2721 2514 2719 2514 2724 2514 2725 2514 2721 2514 2726 2514 2727 2514 2728 2514 2726 2514 2729 2514 2727 2514 2726 2514 2730 2514 2729 2514 2731 2514 2725 2514 2724 2514 2731 2514 2732 2514 2725 2514 2733 2523 2730 2523 2726 2523 2733 2524 2734 2524 2730 2524 2735 2514 2732 2514 2731 2514 2735 2514 2736 2514 2732 2514 2737 2525 2738 2525 2733 2525 2738 2526 2734 2526 2733 2526 2739 2514 2736 2514 2735 2514 2739 2527 2740 2527 2736 2527 2741 2514 2742 2514 2737 2514 2742 2528 2738 2528 2737 2528 2743 2514 2740 2514 2739 2514 2743 2529 2744 2529 2740 2529 2745 2514 2746 2514 2741 2514 2746 2530 2742 2530 2741 2530 2747 2514 2744 2514 2743 2514 2747 2514 2748 2514 2744 2514 2749 2514 2750 2514 2745 2514 2750 2531 2746 2531 2745 2531 2751 2514 2748 2514 2747 2514 2751 2514 2752 2514 2748 2514 2752 2514 2753 2514 2749 2514 2753 2532 2750 2532 2749 2532 2753 2514 2752 2514 2751 2514 2754 2533 2755 2533 2756 2533 2757 2534 2754 2534 2756 2534 2758 2535 2759 2535 2760 2535 2759 2536 2761 2536 2760 2536 2762 2537 2763 2537 2758 2537 2763 2538 2759 2538 2758 2538 2754 2539 2764 2539 2755 2539 2754 2540 2765 2540 2764 2540 2766 2541 2767 2541 2765 2541 2754 2542 2766 2542 2765 2542 2759 2543 2768 2543 2761 2543 2769 2544 2754 2544 2757 2544 2759 2545 2770 2545 2768 2545 2771 2546 2772 2546 2773 2546 2772 2547 2774 2547 2773 2547 2775 2548 2763 2548 2762 2548 2776 2549 2754 2549 2769 2549 2777 2550 2776 2550 2769 2550 2772 2551 2778 2551 2774 2551 2772 2552 2779 2552 2778 2552 2780 2553 2781 2553 2771 2553 2781 2554 2772 2554 2771 2554 2772 2431 2782 2431 2779 2431 2772 2555 2783 2555 2782 2555 2772 2556 2784 2556 2783 2556 2784 2557 2785 2557 2783 2557 2784 2431 2786 2431 2785 2431 2784 2431 2787 2431 2786 2431 2784 2558 2788 2558 2787 2558 2784 2431 2789 2431 2788 2431 2790 2559 2789 2559 2784 2559 2780 2560 2791 2560 2781 2560 2791 2561 2792 2561 2781 2561 2792 2562 2759 2562 2781 2562 2790 2563 2793 2563 2789 2563 2790 2564 2794 2564 2793 2564 2790 2431 2795 2431 2794 2431 2790 2565 2796 2565 2795 2565 2790 2431 2797 2431 2796 2431 2790 2431 2798 2431 2797 2431 2799 2566 2800 2566 2790 2566 2800 2431 2801 2431 2790 2431 2801 2431 2798 2431 2790 2431 2792 2567 2802 2567 2759 2567 2802 2568 2770 2568 2759 2568 2799 2569 2803 2569 2800 2569 2799 2431 2804 2431 2803 2431 2799 2431 2805 2431 2804 2431 2806 2431 2807 2431 2799 2431 2807 2570 2808 2570 2799 2570 2808 2431 2809 2431 2799 2431 2809 2431 2805 2431 2799 2431 2810 2571 2811 2571 2763 2571 2775 2572 2812 2572 2763 2572 2812 2573 2810 2573 2763 2573 2811 2574 2813 2574 2763 2574 2813 2575 2814 2575 2763 2575 2814 2576 2815 2576 2763 2576 2806 2431 2816 2431 2807 2431 2806 2577 2817 2577 2816 2577 2818 2578 2819 2578 2806 2578 2819 2431 2820 2431 2806 2431 2820 2431 2821 2431 2806 2431 2821 2579 2817 2579 2806 2579 2822 2580 2823 2580 2815 2580 2814 2581 2824 2581 2815 2581 2824 2582 2822 2582 2815 2582 2823 2583 2825 2583 2815 2583 2825 2584 2826 2584 2815 2584 2826 2585 2766 2585 2815 2585 2818 2431 2827 2431 2819 2431 2818 2586 2828 2586 2827 2586 2829 2431 2830 2431 2818 2431 2830 2431 2831 2431 2818 2431 2831 2431 2832 2431 2818 2431 2832 2587 2828 2587 2818 2587 2826 2588 2833 2588 2766 2588 2833 2589 2767 2589 2766 2589 2829 2590 2834 2590 2830 2590 2835 2431 2836 2431 2829 2431 2837 2431 2835 2431 2829 2431 2836 2591 2834 2591 2829 2591 2837 2431 2838 2431 2835 2431 2837 2592 2839 2592 2838 2592 2840 2593 2839 2593 2837 2593 2841 2594 2842 2594 2776 2594 2777 2431 2841 2431 2776 2431 2840 2431 2843 2431 2839 2431 2844 2595 2842 2595 2841 2595 2845 2596 2843 2596 2840 2596 2844 2431 2846 2431 2842 2431 2845 2431 2847 2431 2843 2431 2848 2431 2846 2431 2844 2431 2849 2597 2847 2597 2845 2597 2848 2431 2850 2431 2846 2431 2849 2431 2851 2431 2847 2431 2852 2431 2850 2431 2848 2431 2853 2598 2851 2598 2849 2598 2852 2431 2854 2431 2850 2431 2853 2431 2855 2431 2851 2431 2856 2431 2854 2431 2852 2431 2857 2431 2858 2431 2853 2431 2858 2599 2855 2599 2853 2599 2856 2600 2859 2600 2854 2600 2860 2431 2859 2431 2856 2431 2861 2431 2862 2431 2857 2431 2862 2601 2858 2601 2857 2601 2860 2602 2863 2602 2859 2602 2864 2603 2863 2603 2860 2603 2865 2431 2866 2431 2861 2431 2866 2604 2862 2604 2861 2604 2864 2605 2865 2605 2863 2605 2866 2431 2865 2431 2864 2431 2867 2431 2868 2431 2869 2431 2870 2606 2867 2606 2869 2606 2871 2607 2870 2607 2869 2607 2872 2608 2873 2608 2869 2608 2873 2431 2874 2431 2869 2431 2874 2609 2871 2609 2869 2609 2867 2431 2875 2431 2868 2431 2875 2431 2876 2431 2868 2431 2876 2431 2877 2431 2868 2431 2877 2431 2878 2431 2868 2431 2878 2610 2879 2610 2868 2610 2879 2431 2880 2431 2868 2431 2880 2611 2881 2611 2868 2611 2882 2431 2873 2431 2872 2431 2880 2612 2883 2612 2881 2612 2884 2613 2873 2613 2882 2613 2880 2614 2885 2614 2883 2614 2886 2431 2873 2431 2884 2431 2880 2431 2887 2431 2885 2431 2888 2431 2873 2431 2886 2431 2880 2431 2889 2431 2887 2431 2890 2431 2873 2431 2888 2431 2880 2431 2891 2431 2889 2431 2892 2431 2873 2431 2890 2431 2893 2514 2894 2514 2895 2514 2893 2514 2896 2514 2894 2514 2897 2513 2898 2513 2899 2513 2900 2513 2897 2513 2899 2513 2900 2513 2901 2513 2897 2513 2902 2431 2903 2431 2904 2431 2905 2431 2902 2431 2904 2431 2906 2615 2907 2615 2908 2615 2909 2616 2910 2616 2911 2616</p>
        </triangles>
      </mesh>
    </geometry>
  </library_geometries>
  <library_visual_scenes>
    <visual_scene id="Scene" name="Scene">
      <node id="Mesh_002" name="Mesh.002" type="NODE">
        <matrix sid="transform">0.001 0 0 0 0 0.001 0 0 0 0 0.001 0 0 0 0 1</matrix>
        <instance_geometry url="#mesh-a2fa84d3-c511-429d-83b0-94eb7ee48360-mesh" name="Mesh.002">
          <bind_material>
            <technique_common>
              <instance_material symbol="Material-橡胶-material" target="#Material-橡胶-material"/>
            </technique_common>
          </bind_material>
        </instance_geometry>
      </node>
      <node id="Mesh_001" name="Mesh.001" type="NODE">
        <matrix sid="transform">0.001 0 0 0 0 0.001 0 0 0 0 0.001 0 0 0 0 1</matrix>
        <instance_geometry url="#mesh-a11cedac-09ea-49e3-8033-2e4449e1e0ce-mesh" name="Mesh.001">
          <bind_material>
            <technique_common>
              <instance_material symbol="Material-橡胶环-material" target="#Material-橡胶环-material"/>
            </technique_common>
          </bind_material>
        </instance_geometry>
      </node>
      <node id="Mesh" name="Mesh" type="NODE">
        <matrix sid="transform">0.001 0 0 0 0 0.001 0 0 0 0 0.001 0 0 0 0 1</matrix>
        <instance_geometry url="#mesh-af70735e-33a2-411b-b108-c49b61af9f17-mesh" name="Mesh">
          <bind_material>
            <technique_common>
              <instance_material symbol="Material-外壳-material" target="#Material-外壳-material"/>
            </technique_common>
          </bind_material>
        </instance_geometry>
      </node>
      <node id="View-Right" name="View-Right" type="NODE">
        <matrix sid="transform">-4.37114e-11 4.37114e-11 0.001 30.56814 0.001 0 4.37114e-11 0.02058622 0 0.001 -4.37114e-11 0.0337549 0 0 0 1</matrix>
        <instance_camera url="#View-Right-camera"/>
      </node>
      <node id="View-Left" name="View-Left" type="NODE">
        <matrix sid="transform">-4.37114e-11 -4.37114e-11 -0.001 -8.46651 -0.001 0 4.37114e-11 -0.01260386 0 0.001 -4.37114e-11 0.03536116 0 0 0 1</matrix>
        <instance_camera url="#View-Left-camera"/>
      </node>
      <node id="View-Top" name="View-Top" type="NODE">
        <matrix sid="transform">0.001 0 0 0.02700088 0 0.001 0 -0.09804676 0 0 0.001 36.84161 0 0 0 1</matrix>
        <instance_camera url="#View-Top-camera"/>
      </node>
      <node id="View-Perspective" name="View-Perspective" type="NODE">
        <matrix sid="transform">5.83552e-4 -1.43809e-4 7.99241e-4 0.4841886 8.12076e-4 1.0334e-4 -5.74329e-4 -0.3024849 1.01523e-10 9.84195e-4 1.77088e-4 0.04608269 0 0 0 1</matrix>
        <instance_camera url="#View-Perspective-camera"/>
      </node>
    </visual_scene>
  </library_visual_scenes>
  <scene>
    <instance_visual_scene url="#Scene"/>
  </scene>
</COLLADA>