<?xml version="1.0" encoding="utf-8"?>
<COLLADA xmlns="http://www.collada.org/2005/11/COLLADASchema" version="1.4.1" xmlns:xsi="http://www.w3.org/2001/XMLSchema-instance">
  <asset>
    <contributor>
      <author>Blender User</author>
      <authoring_tool>Blender 3.2.2 commit date:2022-08-02, commit time:18:15, hash:bcfdb14560e7</authoring_tool>
    </contributor>
    <created>2024-04-19T14:47:05</created>
    <modified>2024-04-19T14:47:05</modified>
    <unit name="meter" meter="1"/>
    <up_axis>Z_UP</up_axis>
  </asset>
  <library_cameras>
    <camera id="View-Right-camera" name="Camera-Right">
      <optics>
        <technique_common>
          <orthographic>
            <xmag sid="xmag">1</xmag>
            <aspect_ratio>1.777778</aspect_ratio>
            <znear sid="znear">30261.59</znear>
            <zfar sid="zfar">30625.69</zfar>
          </orthographic>
        </technique_common>
      </optics>
      <extra>
        <technique profile="blender">
          <shiftx sid="shiftx" type="float">0</shiftx>
          <shifty sid="shifty" type="float">0</shifty>
          <dof_distance sid="dof_distance" type="float">10</dof_distance>
        </technique>
      </extra>
    </camera>
    <camera id="View-Left-camera" name="Camera-Left">
      <optics>
        <technique_common>
          <orthographic>
            <xmag sid="xmag">1</xmag>
            <aspect_ratio>1.777778</aspect_ratio>
            <znear sid="znear">8408.958</znear>
            <zfar sid="zfar">8773.061</zfar>
          </orthographic>
        </technique_common>
      </optics>
      <extra>
        <technique profile="blender">
          <shiftx sid="shiftx" type="float">0</shiftx>
          <shifty sid="shifty" type="float">0</shifty>
          <dof_distance sid="dof_distance" type="float">10</dof_distance>
        </technique>
      </extra>
    </camera>
    <camera id="View-Top-camera" name="Camera-Top">
      <optics>
        <technique_common>
          <orthographic>
            <xmag sid="xmag">1</xmag>
            <aspect_ratio>1.777778</aspect_ratio>
            <znear sid="znear">36787.16</znear>
            <zfar sid="zfar">36951.05</zfar>
          </orthographic>
        </technique_common>
      </optics>
      <extra>
        <technique profile="blender">
          <shiftx sid="shiftx" type="float">0</shiftx>
          <shifty sid="shifty" type="float">0</shifty>
          <dof_distance sid="dof_distance" type="float">10</dof_distance>
        </technique>
      </extra>
    </camera>
    <camera id="View-Perspective-camera" name="Camera-Perspective">
      <optics>
        <technique_common>
          <perspective>
            <xfov sid="xfov">50.88674</xfov>
            <aspect_ratio>1.777778</aspect_ratio>
            <znear sid="znear">610.1423</znear>
            <zfar sid="zfar">736.0891</zfar>
          </perspective>
        </technique_common>
      </optics>
      <extra>
        <technique profile="blender">
          <shiftx sid="shiftx" type="float">0</shiftx>
          <shifty sid="shifty" type="float">0</shifty>
          <dof_distance sid="dof_distance" type="float">10</dof_distance>
        </technique>
      </extra>
    </camera>
  </library_cameras>
  <library_effects>
    <effect id="Material-橡胶环-effect">
      <profile_COMMON>
        <technique sid="common">
          <lambert>
            <emission>
              <color sid="emission">0 0 0 1</color>
            </emission>
            <diffuse>
              <color sid="diffuse">0 0 0 1</color>
            </diffuse>
            <reflectivity>
              <float sid="specular">0.322857</float>
            </reflectivity>
            <index_of_refraction>
              <float sid="ior">1.45</float>
            </index_of_refraction>
          </lambert>
        </technique>
      </profile_COMMON>
    </effect>
    <effect id="Material-橡胶-effect">
      <profile_COMMON>
        <technique sid="common">
          <lambert>
            <emission>
              <color sid="emission">0 0 0 1</color>
            </emission>
            <diffuse>
              <color sid="diffuse">0 0 0 1</color>
            </diffuse>
            <reflectivity>
              <float sid="specular">0.322857</float>
            </reflectivity>
            <index_of_refraction>
              <float sid="ior">1.45</float>
            </index_of_refraction>
          </lambert>
        </technique>
      </profile_COMMON>
    </effect>
    <effect id="Material-外壳-effect">
      <profile_COMMON>
        <technique sid="common">
          <lambert>
            <emission>
              <color sid="emission">0 0 0 1</color>
            </emission>
            <diffuse>
              <color sid="diffuse">0.988235 0.988235 0.988235 1</color>
            </diffuse>
            <reflectivity>
              <float sid="specular">0.197605</float>
            </reflectivity>
            <index_of_refraction>
              <float sid="ior">1.45</float>
            </index_of_refraction>
          </lambert>
        </technique>
      </profile_COMMON>
    </effect>
  </library_effects>
  <library_images/>
  <library_materials>
    <material id="Material-橡胶环-material" name="Material-橡胶环">
      <instance_effect url="#Material-橡胶环-effect"/>
    </material>
    <material id="Material-橡胶-material" name="Material-橡胶">
      <instance_effect url="#Material-橡胶-effect"/>
    </material>
    <material id="Material-外壳-material" name="Material-外壳">
      <instance_effect url="#Material-外壳-effect"/>
    </material>
  </library_materials>
  <library_geometries>
    <geometry id="mesh-e2c9de60-f28f-4031-a678-7755bbea941d-mesh" name="mesh-e2c9de60-f28f-4031-a678-7755bbea941d">
      <mesh>
        <source id="mesh-e2c9de60-f28f-4031-a678-7755bbea941d-mesh-positions">
          <float_array id="mesh-e2c9de60-f28f-4031-a678-7755bbea941d-mesh-positions-array" count="156">10.17716 -125.5 26.83498 10.17716 -119.5 26.83498 3.4594 -119.5 28.49073 3.4594 -125.5 28.49073 -3.459403 -119.5 28.49073 -3.459403 -125.5 28.49073 -10.17716 -119.5 26.83498 -10.17716 -125.5 26.83498 16.30346 -125.5 23.61963 16.30346 -119.5 23.61963 -16.30346 -119.5 23.61963 -16.30346 -125.5 23.61963 21.48226 -125.5 19.03162 21.48226 -119.5 19.03162 -21.48226 -119.5 19.03162 -21.48226 -125.5 19.03162 25.41259 -125.5 13.33756 25.41259 -119.5 13.33756 -25.41259 -119.5 13.33756 -25.41259 -125.5 13.33756 27.86603 -125.5 6.868372 27.86603 -119.5 6.868372 -27.86603 -119.5 6.868372 -27.86603 -125.5 6.868372 28.7 -125.5 9.25867e-6 28.7 -119.5 9.25867e-6 -28.7 -119.5 9.25867e-6 -28.7 -125.5 9.25867e-6 27.86603 -125.5 -6.868352 27.86603 -119.5 -6.868352 -27.86603 -119.5 -6.868352 -27.86603 -125.5 -6.868352 25.41259 -125.5 -13.33756 25.41259 -119.5 -13.33756 -25.41259 -119.5 -13.33756 -25.41259 -125.5 -13.33756 21.48226 -125.5 -19.03162 21.48226 -119.5 -19.03162 -21.48226 -119.5 -19.03162 -21.48226 -125.5 -19.03162 16.30346 -125.5 -23.61964 16.30346 -119.5 -23.61964 -16.30346 -119.5 -23.61964 -16.30346 -125.5 -23.61964 10.17716 -125.5 -26.83497 10.17716 -119.5 -26.83497 -10.17716 -119.5 -26.83497 -10.17716 -125.5 -26.83497 3.4594 -125.5 -28.49074 3.4594 -119.5 -28.49074 -3.459403 -119.5 -28.49074 -3.459403 -125.5 -28.49074</float_array>
          <technique_common>
            <accessor source="#mesh-e2c9de60-f28f-4031-a678-7755bbea941d-mesh-positions-array" count="52" stride="3">
              <param name="X" type="float"/>
              <param name="Y" type="float"/>
              <param name="Z" type="float"/>
            </accessor>
          </technique_common>
        </source>
        <source id="mesh-e2c9de60-f28f-4031-a678-7755bbea941d-mesh-normals">
          <float_array id="mesh-e2c9de60-f28f-4031-a678-7755bbea941d-mesh-normals-array" count="156">0.3546043 0 0.9350165 0.3546041 0 0.9350166 0.1205351 0 0.9927092 0.1205352 0 0.9927091 -0.1205356 0 0.9927091 -0.1205353 0 0.9927091 -0.3546044 0 0.9350165 -0.3546038 0 0.9350168 0.5680648 0 0.8229839 0.5680651 0 0.8229836 -0.5680644 0 0.8229842 -0.5680645 0 0.8229842 0.7485103 0 0.6631232 0.7485104 0 0.6631231 -0.74851 0 0.6631236 -0.7485104 0 0.6631231 0.8854562 0 0.4647231 0.8854558 0 0.4647237 -0.8854558 0 0.4647236 -0.885456 0 0.4647234 0.9709419 0 0.2393156 0.9709418 0 0.2393159 -0.9709419 0 0.2393156 -0.9709419 0 0.2393156 1 0 0 1 0 0 -1 0 0 -1 0 0 0.9709421 0 -0.2393149 0.970942 0 -0.239315 -0.970942 0 -0.2393153 -0.970942 0 -0.2393153 0.8854563 0 -0.4647227 0.885456 0 -0.4647233 -0.8854559 0 -0.4647236 -0.885456 0 -0.4647233 0.7485103 0 -0.6631233 0.7485103 0 -0.6631231 -0.7485103 0 -0.6631233 -0.7485107 0 -0.6631227 0.5680649 0 -0.8229838 0.5680653 0 -0.8229835 -0.5680649 0 -0.8229838 -0.5680651 0 -0.8229836 0.3546045 0 -0.9350164 0.3546044 0 -0.9350165 -0.3546045 0 -0.9350164 -0.354604 0 -0.9350167 0.1205361 0 -0.992709 0.1205359 0 -0.992709 -0.1205363 0 -0.992709 -0.1205359 0 -0.992709</float_array>
          <technique_common>
            <accessor source="#mesh-e2c9de60-f28f-4031-a678-7755bbea941d-mesh-normals-array" count="52" stride="3">
              <param name="X" type="float"/>
              <param name="Y" type="float"/>
              <param name="Z" type="float"/>
            </accessor>
          </technique_common>
        </source>
        <vertices id="mesh-e2c9de60-f28f-4031-a678-7755bbea941d-mesh-vertices">
          <input semantic="POSITION" source="#mesh-e2c9de60-f28f-4031-a678-7755bbea941d-mesh-positions"/>
        </vertices>
        <triangles material="Material-橡胶环-material" count="52">
          <input semantic="VERTEX" source="#mesh-e2c9de60-f28f-4031-a678-7755bbea941d-mesh-vertices" offset="0"/>
          <input semantic="NORMAL" source="#mesh-e2c9de60-f28f-4031-a678-7755bbea941d-mesh-normals" offset="1"/>
          <p>0 0 1 1 2 2 3 3 0 0 2 2 4 4 3 3 2 2 5 5 3 3 4 4 6 6 5 5 4 4 6 6 7 7 5 5 8 8 9 9 1 1 0 0 8 8 1 1 10 10 7 7 6 6 10 10 11 11 7 7 12 12 13 13 9 9 8 8 12 12 9 9 14 14 11 11 10 10 14 14 15 15 11 11 16 16 17 17 13 13 12 12 16 16 13 13 18 18 15 15 14 14 18 18 19 19 15 15 20 20 21 21 17 17 16 16 20 20 17 17 22 22 19 19 18 18 22 22 23 23 19 19 24 24 25 25 21 21 20 20 24 24 21 21 26 26 23 23 22 22 26 26 27 27 23 23 28 28 29 29 25 25 24 24 28 28 25 25 30 30 27 27 26 26 30 30 31 31 27 27 32 32 33 33 29 29 28 28 32 32 29 29 34 34 31 31 30 30 34 34 35 35 31 31 36 36 37 37 33 33 32 32 36 36 33 33 38 38 35 35 34 34 38 38 39 39 35 35 40 40 41 41 37 37 36 36 40 40 37 37 42 42 39 39 38 38 42 42 43 43 39 39 44 44 45 45 41 41 40 40 44 44 41 41 46 46 43 43 42 42 46 46 47 47 43 43 48 48 49 49 45 45 44 44 48 48 45 45 50 50 47 47 46 46 50 50 51 51 47 47 51 51 50 50 49 49 48 48 51 51 49 49</p>
        </triangles>
      </mesh>
    </geometry>
    <geometry id="mesh-c9a6f4e6-ed8a-40bd-b7c1-2ff8968795f4-mesh" name="mesh-c9a6f4e6-ed8a-40bd-b7c1-2ff8968795f4">
      <mesh>
        <source id="mesh-c9a6f4e6-ed8a-40bd-b7c1-2ff8968795f4-mesh-positions">
          <float_array id="mesh-c9a6f4e6-ed8a-40bd-b7c1-2ff8968795f4-mesh-positions-array" count="5367">21.17743 21.17675 34.92854 19.70314 22.62278 34.92854 20.06937 22.31233 34.96969 -10.28391 8.884866 42.80583 -9.893036 9.210784 42.82693 -10.05816 9.202797 43.10644 -10.33787 8.934189 43.0967 -10.4583 8.73946 42.79641 -10.53225 8.747508 43.0899 -10.57399 8.707424 43.08844 -10.69905 8.197386 42.83527 -10.6721 8.459379 43.10844 -10.76094 8.234788 43.12652 -10.60541 8.408238 42.82016 -10.57399 8.707424 43.08844 -10.4583 8.73946 42.79641 -9.804177 9.230782 42.83986 -9.230792 9.359826 42.92343 -9.363892 9.418 43.19868 -9.853414 9.266277 43.13365 -9.893036 9.210784 42.82693 -10.05816 9.202797 43.10644 10.43507 8.432199 43.20384 10.46777 8.225937 42.92176 10.52928 8.260389 43.21358 10.37745 8.388002 42.91282 10.43376 8.434583 43.20369 10.11354 8.861531 42.88668 10.1769 8.903016 43.17713 -9.363892 9.418 43.19868 -9.230792 9.359826 42.92343 -9.288235 9.404083 43.21442 -9.230792 9.359826 42.92343 -9.194548 9.367992 42.9287 -9.288235 9.404083 43.21442 9.514979 9.262789 42.92852 9.633927 9.272505 43.21426 9.5774 9.31098 43.21811 9.57994 9.219219 42.92399 10.07131 8.889843 42.88963 10.12578 8.937795 43.18062 10.1769 8.903016 43.17713 10.11354 8.861531 42.88668 8.789493 9.346028 43.0401 9.052126 9.375442 43.29825 8.849396 9.400298 43.32918 9.002342 9.32159 43.00738 9.338928 9.340246 43.2545 9.514979 9.262789 42.92852 9.5774 9.31098 43.21811 -8.668015 9.225537 43.04529 -8.497721 9.179492 43.08299 -8.660635 9.288747 43.34501 -8.710465 9.297897 43.33464 -9.194548 9.367992 42.9287 -9.288235 9.404083 43.21442 8.241153 9.140034 43.16602 8.495263 9.270151 43.41004 8.2954 9.196688 43.45567 8.448592 9.217967 43.1184 8.849396 9.400298 43.32918 8.789493 9.346028 43.0401 -3.615101 9.254714 43.65677 -3.436783 9.363909 43.95396 -3.716973 9.257902 43.95438 -3.391602 9.322305 43.65907 -3.408362 9.374668 43.9539 -3.209805 9.37732 43.66098 -3.032145 9.517033 43.95336 -2.891706 9.473522 43.66425 2.492642 9.471644 43.69683 2.590334 9.512682 43.98949 2.516648 9.527345 43.9908 2.575694 9.45573 43.69525 3.133116 9.404798 43.97983 2.90457 9.392787 43.68905 3.18615 9.394277 43.97888 3.168835 9.342213 43.68407 3.253682 9.380837 43.97768 3.217435 9.332915 43.68314 -4.056313 8.835662 43.69742 -3.909067 9.060819 43.97441 -4.084957 8.880336 43.99279 -3.881206 9.001959 43.68127 -3.716973 9.257902 43.95438 -3.615101 9.254714 43.65677 -2.803997 9.457369 43.67185 -2.212161 9.348293 43.72305 -2.286979 9.437997 44.00865 -2.821521 9.494682 43.96898 -2.891706 9.473522 43.66425 -3.032145 9.517033 43.95336 -9.647502 -1.030754 43.69277 -9.544602 -0.7232836 43.717 -9.606133 -0.7338038 44.01056 -9.705796 -1.033973 43.98704 -9.868479 -1.523923 43.94869 -9.810726 -1.518439 43.65436 -9.847476 -6.709228 43.69707 -9.800876 -4.10391 43.56784 -9.790918 -6.685983 43.40336 -9.794651 -5.718123 43.465 -9.845967 -6.729048 43.69578 -9.685269 -7.165085 43.38417 -9.739435 -7.189374 43.67823 -9.671776 -7.22627 43.38173 -9.723085 -7.260006 43.67552 -2.257825 9.418626 44.01339 -2.212161 9.348293 43.72305 -2.23192 9.4014 44.01762 -2.286979 9.437997 44.00865 -2.212161 9.348293 43.72305 -2.165699 9.33971 43.72708 -2.23192 9.4014 44.01762 3.653898 8.989085 43.71566 3.807856 8.86779 43.72714 3.843656 8.901377 44.02397 3.672822 9.040225 44.01056 3.217435 9.332915 43.68314 3.253682 9.380837 43.97768 1.7708 9.257514 43.7657 1.97327 9.370763 44.0419 1.79082 9.318222 44.05904 1.989214 9.322305 43.74487 1.999503 9.378334 44.03944 2.516648 9.527345 43.9908 2.492642 9.471644 43.69683 9.45401 -1.001011 43.76969 9.525096 -1.087229 44.06027 9.504503 -0.9961536 44.06551 9.471594 -1.082759 43.76514 9.620606 -1.509737 44.03592 9.566708 -1.524936 43.74046 9.622394 -1.535725 44.03508 9.554758 -4.116606 43.65353 9.595862 -6.723028 43.78287 9.567066 -1.530181 43.74028 9.546748 -5.710613 43.55181 9.54177 -6.699662 43.48872 9.515493 -6.818663 43.484 9.4408 -7.187228 43.77196 9.539386 -6.710659 43.48826 9.387335 -7.160764 43.47805 9.32963 -7.52003 43.76412 9.243874 -7.543754 43.4714 -10.55391 7.045704 43.02708 -6.803756 3.466446 44.05475 -6.615625 3.635425 44.06992 -6.514726 3.873903 44.06467 -6.425773 4.271377 44.04292 -6.415994 4.107255 44.05958 -7.208375 3.12819 44.01985 -7.166621 3.140528 44.02548 -10.55391 7.045704 43.02708 -6.43113 4.361231 44.03383 -6.473368 5.070049 43.96198 -10.64521 7.26952 42.98485 -7.720185 2.977032 43.95063 -7.862748 8.457799 43.30853 -9.396176 8.722265 43.00476 -10.60541 8.408238 42.82016 -10.69905 8.197386 42.83527 -8.266094 3.04978 43.85636 -7.763077 2.964337 43.94481 -8.488818 3.087629 43.8172 -8.78439 3.308047 43.75059 -9.264677 3.884841 43.62348 -9.202095 3.760982 43.6444 -9.181617 3.722537 43.65102 -9.02618 3.488351 43.69608 -7.99281 8.702595 43.24737 -8.20501 8.903016 43.17827 -8.497721 9.179492 43.08299 -8.668015 9.225537 43.04529 -9.194548 9.367992 42.9287 -9.230792 9.359826 42.92343 -9.804177 9.230782 42.83986 -10.28391 8.884866 42.80583 -9.893036 9.210784 42.82693 -10.4583 8.73946 42.79641 -8.488818 3.087629 43.8172 -8.834618 3.32253 44.04608 -8.687636 3.180403 44.08199 -8.78439 3.308047 43.75059 -9.031715 3.513116 43.99795 -9.02618 3.488351 43.69608 -9.192484 3.668565 43.9587 -9.202095 3.760982 43.6444 -9.319107 3.907431 43.91757 -9.181617 3.722537 43.65102 -9.264677 3.884841 43.62348 -10.1316 5.901534 43.54153 -10.55391 7.045704 43.02708 -10.70562 7.310379 43.27584 -10.64521 7.26952 42.98485 -10.76094 8.234788 43.12652 -10.69905 8.197386 42.83527 -2.64276 -11.31387 43.79711 -3.025239 -11.31401 44.07618 -2.660097 -11.35553 44.09362 -3.005554 -11.26961 43.78015 -3.343233 -11.27787 44.06101 -3.345927 -11.22809 43.76421 -3.618961 -11.15404 44.05791 -3.596635 -11.11374 43.76156 -3.790622 -11.05339 44.04998 -4.844261 -10.4358 44.00129 -4.815021 -10.39843 43.70526 -5.470046 -10.01386 43.67498 -6.398772 -9.524596 43.92943 -6.360898 -9.490859 43.6338 -7.836325 -8.681935 43.86297 -7.8761 -8.60126 43.56373 -7.911788 -8.637707 43.85949 -9.170836 -7.89253 43.72109 -9.118098 -7.865201 43.42706 -9.419895 -7.607292 43.70052 -9.435157 -7.499319 43.4011 -9.49076 -7.526111 43.69468 -9.723085 -7.260006 43.67552 -9.671776 -7.22627 43.38173 -1.731032 8.997906 43.80626 -1.581722 8.880485 43.83347 -1.675622 9.031673 44.10813 -1.727903 9.066422 44.09963 -2.165699 9.33971 43.72708 -2.23192 9.4014 44.01762 2.654313 -11.2613 43.81282 2.411431 -11.31205 43.81973 2.412363 -11.35213 44.11725 2.669646 -11.29953 44.1098 3.357118 -11.15895 44.08983 6.139053 -9.533536 43.97998 5.217372 -10.02 43.74123 4.432915 -10.53361 44.08986 4.399023 -10.50038 43.79383 3.765664 -10.92146 44.08983 3.337449 -11.11854 43.7933 7.551915 -8.705389 43.88899 6.10376 -9.499681 43.68425 7.802008 -8.558792 43.8729 7.508947 -8.674812 43.59392 8.91707 -7.905196 43.80107 8.866815 -7.877718 43.50663 8.934698 -7.893066 43.7992 9.232378 -7.553946 43.47248 9.236752 -7.607769 43.77238 9.275822 -7.570874 43.76889 9.243874 -7.543754 43.4714 9.32963 -7.52003 43.76412 10.31821 7.027645 43.11985 6.262919 3.922749 44.1191 6.523451 3.448982 44.12228 6.56846 3.418852 44.11808 10.31821 7.027645 43.11985 6.175323 4.082013 44.11802 7.060958 3.089119 44.07222 6.172179 4.187096 44.10887 10.07131 8.889843 42.88963 9.57994 9.219219 42.92399 10.41365 7.260222 43.0767 10.48194 7.823069 42.98008 10.37745 8.388002 42.91282 10.11354 8.861531 42.88668 9.514979 9.262789 42.92852 9.002342 9.32159 43.00738 6.163022 4.493434 44.08223 8.789493 9.346028 43.0401 8.448592 9.217967 43.1184 6.205333 4.774947 44.05154 6.154268 4.786152 44.05678 7.12814 3.044117 44.06595 7.64141 2.98791 43.9924 6.23708 5.062003 44.01887 8.448592 9.217967 43.1184 7.634124 8.448143 43.37639 7.858408 2.964128 43.96129 8.199645 3.094394 43.8982 8.411354 3.175188 43.85904 9.025013 3.876138 43.7047 8.241153 9.140034 43.16602 10.49233 7.527667 43.02285 10.46777 8.225937 42.92176 1.330955 8.840073 43.85383 1.511155 9.056647 44.11448 1.344366 8.900631 44.14753 1.503243 9.003598 43.81932 1.79082 9.318222 44.05904 1.7708 9.257514 43.7657 9.025013 3.876138 43.7047 8.411354 3.175188 43.85904 8.444554 3.18401 44.15763 9.077018 3.898729 43.99923 9.234122 4.281987 43.92815 9.977972 6.096709 43.59157 10.31821 7.027645 43.11985 10.08132 6.348807 43.54481 10.47165 7.301081 43.3682 10.41365 7.260222 43.0767 10.49233 7.527667 43.02285 10.55412 7.585574 43.31106 10.48194 7.823069 42.98008 10.54377 7.866908 43.27045 10.46777 8.225937 42.92176 10.52928 8.260389 43.21358 -1.955443 -11.05748 43.86703 -2.468364 -11.28397 44.1131 -1.966008 -11.09652 44.16422 -2.452598 -11.24294 43.81645 -2.660097 -11.35553 44.09362 -2.64276 -11.31387 43.79711 2.183779 -11.24809 43.8383 1.834033 -11.1498 43.86685 1.829325 -11.18253 44.16547 2.197026 -11.28949 44.13507 2.411431 -11.31205 43.81973 2.412363 -11.35213 44.11725 -7.763077 2.964337 43.94481 -8.310141 3.071446 44.15224 -7.987248 2.978224 44.21232 -8.266094 3.04978 43.85636 -8.687636 3.180403 44.08199 -8.488818 3.087629 43.8172 1.346393 -10.70006 43.94308 1.285216 -10.64364 43.95265 1.282154 -10.66653 44.25234 1.357092 -10.73722 44.24045 1.773617 -11.12999 44.17429 1.765384 -11.08648 43.87757 1.834033 -11.1498 43.86685 1.829325 -11.18253 44.16547 -1.466596 -10.50864 43.95954 -1.568304 -10.65461 44.2389 -1.483524 -10.5604 44.25482 -1.933099 -11.03238 43.87126 -1.945251 -11.07345 44.16812 -1.559996 -10.61348 43.94186 -1.966008 -11.09652 44.16422 -1.955443 -11.05748 43.86703 8.199645 3.094394 43.8982 7.858408 2.964128 43.96129 7.88494 2.97888 44.26042 8.248402 3.112126 44.19366 8.411354 3.175188 43.85904 8.444554 3.18401 44.15763 -7.720185 2.977032 43.95063 -7.771773 3.023375 44.2431 -7.272193 3.127981 44.31448 -7.208375 3.12819 44.01985 -7.763077 2.964337 43.94481 -7.987248 2.978224 44.21232 -7.166621 3.140528 44.02548 -7.208375 3.12819 44.01985 -7.2537 3.14321 44.31609 -7.208375 3.12819 44.01985 -7.272193 3.127981 44.31448 -7.2537 3.14321 44.31609 -4.376819 3.814746 44.29701 -4.377586 3.392059 44.33063 -4.350973 3.641862 44.33266 1.057012 -10.00662 44.34255 1.039548 -9.950947 44.04772 1.043989 -9.968441 44.34777 1.046552 -9.970706 44.04501 1.241459 -10.54726 44.26865 1.23675 -10.50697 43.9714 1.285216 -10.64364 43.95265 1.282154 -10.66653 44.25234 -1.28694 -9.779823 44.05794 -1.304613 -9.865921 44.34896 -1.29565 -9.831112 44.3537 -1.435788 -10.38362 43.9764 -1.447709 -10.42138 44.27368 -1.298913 -9.8284 44.05139 -1.483524 -10.5604 44.25482 -1.466596 -10.50864 43.95954 -6.425773 4.271377 44.04292 -6.415994 4.107255 44.05958 -6.452677 4.150082 44.35477 -6.467697 4.387695 44.33054 -6.43113 4.361231 44.03383 -6.512759 5.100418 44.25783 -6.473368 5.070049 43.96198 -6.755007 5.691666 44.14383 -7.093825 6.518591 43.98436 -7.90813 8.50596 43.60107 -7.862748 8.457799 43.30853 -7.99281 8.702595 43.24737 -8.100653 8.844126 43.5142 -8.20501 8.903016 43.17827 -8.243884 8.957852 43.47093 -8.497721 9.179492 43.08299 -8.660635 9.288747 43.34501 -6.621899 3.768522 44.36189 -6.615625 3.635425 44.06992 -6.695379 3.602822 44.365 -6.514726 3.873903 44.06467 -6.562927 3.901471 44.35939 -6.415994 4.107255 44.05958 -6.452677 4.150082 44.35477 -6.615625 3.635425 44.06992 -6.840219 3.483582 44.3523 -6.695379 3.602822 44.365 -6.803756 3.466446 44.05475 -7.2537 3.14321 44.31609 -7.166621 3.140528 44.02548 7.64141 2.98791 43.9924 7.12814 3.044117 44.06595 7.1474 3.071297 44.36511 7.686963 3.003676 44.28852 7.858408 2.964128 43.96129 7.88494 2.97888 44.26042 6.175323 4.082013 44.11802 6.172179 4.187096 44.10887 6.209096 4.116941 44.41426 6.200364 4.476745 44.38264 6.163022 4.493434 44.08223 6.199299 4.520435 44.37882 6.192027 4.820097 44.35251 6.154268 4.786152 44.05678 6.266607 5.067903 44.31842 6.23708 5.062003 44.01887 6.273983 5.092431 44.31505 7.208986 7.360745 43.88473 7.634124 8.448143 43.37639 7.677084 8.496334 43.66932 7.894171 8.742233 43.59431 8.2954 9.196688 43.45567 8.241153 9.140034 43.16602 6.56846 3.418852 44.11808 6.523451 3.448982 44.12228 6.555921 3.477294 44.41933 6.608887 3.440935 44.41447 7.060958 3.089119 44.07222 6.93906 3.214318 44.38422 6.971469 3.192056 44.38123 7.100469 3.103513 44.36941 7.12814 3.044117 44.06595 7.1474 3.071297 44.36511 6.523451 3.448982 44.12228 6.320639 3.911216 44.4159 6.555921 3.477294 44.41933 6.262919 3.922749 44.1191 6.30132 3.946859 44.4156 6.209096 4.116941 44.41426 6.175323 4.082013 44.11802 -1.425186 -9.190063 44.12405 -1.381361 -9.45152 44.39641 -1.429813 -9.236973 44.42058 -1.372108 -9.416502 44.09865 -1.29565 -9.831112 44.3537 -1.28694 -9.779823 44.05794 1.118614 -9.410393 44.11126 1.147679 -9.211701 44.13459 1.161566 -9.228926 44.43431 1.126981 -9.446483 44.40887 1.043989 -9.968441 44.34777 1.039548 -9.950947 44.04772 -6.734589 -2.57067 44.14741 -6.773436 -4.131656 44.37906 -6.776591 -2.580356 44.44424 -6.731731 -4.116397 44.08247 -6.767852 -5.681466 44.28519 -6.726575 -5.660634 43.98883 -2.427922 -8.239668 44.18454 -2.057084 -8.501661 44.47761 -2.453448 -8.265388 44.48239 -3.565942 -7.599097 44.43151 -1.588346 -8.999836 44.13874 -1.60163 -9.035569 44.43619 -2.043077 -8.469623 44.17968 -1.429813 -9.236973 44.42058 -4.384813 -7.065605 44.09546 -3.873372 -7.414978 44.41748 -1.425186 -9.190063 44.12405 -4.412842 -7.091891 44.3928 -5.584405 -6.345909 44.04084 -5.650827 -6.350469 44.33624 -6.767852 -5.681466 44.28519 -6.63941 -5.712937 43.99279 -5.61575 -6.327104 44.0394 -6.726575 -5.660634 43.98883 1.785187 -8.472901 44.19786 2.69693 -7.928025 44.17566 1.796401 -8.504968 44.49589 2.713738 -7.957857 44.47354 1.563175 -8.637052 44.18785 1.554063 -8.685541 44.48474 1.363395 -8.91335 44.16225 1.367433 -8.943927 44.46078 3.313726 -7.599991 44.4589 1.147679 -9.211701 44.13459 1.161566 -9.228926 44.43431 3.846994 -7.28194 44.44591 4.130317 -7.071417 44.1407 4.155716 -7.097822 44.4384 5.887291 -6.065052 44.3962 5.326493 -6.356578 44.11155 6.411663 -5.705427 44.05404 6.512275 -5.689095 44.34568 5.887291 -6.065052 44.3962 5.861408 -6.036919 44.0985 6.473532 -5.668145 44.04903 6.480886 -4.124414 44.14273 6.485401 -2.579193 44.20779 6.524882 -2.588968 44.50495 6.520053 -4.142564 44.43956 6.473532 -5.668145 44.04903 6.520053 -4.142564 44.43956 6.512275 -5.689095 44.34568 -2.186873 -2.738844 44.5878 -3.959344 -5.080145 44.34321 -1.73092 -3.027212 44.59924 -3.447333 -5.474847 44.35874 -1.669542 -3.130328 44.59701 -1.34758 -3.671091 44.58517 -2.330811 -2.647798 44.58416 -2.813475 -2.593349 44.55594 -3.447333 -5.474847 44.35874 -1.344384 -3.693711 44.58413 -2.420807 -4.991096 44.46125 -1.286255 -4.104298 44.56491 -1.387352 -4.507016 44.53773 -2.975178 -2.57511 44.54646 -3.437114 -2.743613 44.50519 -1.686284 -5.072664 44.4907 -1.466596 -4.822682 44.51645 -4.282398 -4.510056 44.34941 -3.840884 -3.216307 44.45449 -3.675909 -2.830725 44.48382 -1.939633 -5.361002 44.46102 -3.944074 -3.129374 44.44805 -2.81286 -5.603474 44.3942 -2.190517 -5.456965 44.44069 -3.351757 -5.536895 44.36219 -4.242101 -3.688346 44.39608 -4.343485 -4.093986 44.36681 -4.163453 -3.373663 44.41876 -3.944074 -3.129374 44.44805 -2.631897 -5.625855 44.40496 -3.898257 -5.182069 44.34235 -4.276348 -4.551243 44.34768 1.437432 -3.132801 44.6109 1.948206 -2.747785 44.60657 1.703864 -2.837907 44.61447 2.534425 -3.89738 44.52834 1.216105 -3.377746 44.60791 1.136376 -3.691356 44.59432 2.403377 -2.579879 44.59188 1.033163 -4.097324 44.57674 2.572982 -2.599757 44.58094 3.079972 -2.659213 44.54831 1.092343 -4.513484 44.55158 1.097931 -4.552763 44.54923 1.41321 -5.083304 44.5064 3.201319 -2.737831 44.53648 3.653152 -3.03052 44.49246 1.923738 -5.477499 44.46051 2.557291 -5.607199 44.41986 2.742386 -5.629729 44.40866 3.180853 -5.461704 44.39155 3.68747 -5.077373 44.38073 3.907552 -4.828077 44.37992 3.988533 -4.511159 44.39134 4.035084 -3.697645 44.43151 4.031552 -3.671955 44.43312 3.714046 -3.133755 44.48289 1.473783 -5.185228 44.49818 2.023368 -5.5422 44.45217 1.923738 -5.477499 44.46051 4.091507 -4.108172 44.40588 3.43374 -5.364787 44.38165 -3.959344 -5.080145 44.34321 -4.276348 -4.551243 44.34768 -4.30941 -4.552644 44.64633 -3.984848 -5.099338 44.6415 -3.898257 -5.182069 44.34235 -3.923589 -5.202513 44.64057 -3.351757 -5.536895 44.36219 -3.464249 -5.484682 44.65801 -3.305068 -5.582463 44.66407 -3.447333 -5.474847 44.35874 -3.92037 -5.20448 44.64073 -3.898257 -5.182069 44.34235 -3.923589 -5.202513 44.64057 -4.379438 2.374429 44.4116 -1.501025 0.6481001 44.66487 -1.492017 0.6572792 44.66516 -4.377586 3.392059 44.33063 -1.349719 1.145113 44.65827 -4.53609 2.285529 44.4007 -1.607799 0.5392024 44.66123 -5.16442 1.925517 44.32289 -2.023102 0.115622 44.64714 -1.276018 1.397778 44.6547 -3.639454 4.351426 44.33424 -4.350973 3.641862 44.33266 -1.275019 2.457012 44.59817 -2.821082 4.919995 44.33603 -5.16442 1.925517 44.32289 -2.119133 0.06138175 44.64228 -2.223977 0.002164542 44.637 -5.30455 -1.0996e-5 44.37406 -2.227807 -1.0996e-5 44.63679 -5.703242 -1.980733 44.28587 -1.274244 3.278244 44.55436 -1.840407 5.362768 44.33817 -1.270072 5.463768 44.29547 -5.674822 -1.0996e-5 44.32032 -1.295434 8.236338 43.95318 -1.41658 8.50891 43.90252 -1.265319 7.950235 44.00093 -1.731032 8.997906 43.80626 -2.165699 9.33971 43.72708 -2.803997 9.457369 43.67185 -3.209805 9.37732 43.66098 -2.212161 9.348293 43.72305 -3.391602 9.322305 43.65907 -3.615101 9.254714 43.65677 -3.881206 9.001959 43.68127 -4.056313 8.835662 43.69742 -4.363672 7.943351 43.82009 -4.374364 5.165953 44.18952 -4.364663 7.685591 43.85436 -4.376819 3.814746 44.29701 -7.034188 0.8542129 44.09135 -8.525061 -1.0996e-5 43.90673 -5.605796 0.8904526 44.32992 -5.752472 -1.0996e-5 44.30906 -5.542954 1.708616 44.27603 -6.076177 -2.193283 44.24823 -6.734589 -2.57067 44.14741 -4.384813 -7.065605 44.09546 -1.588346 -8.999836 44.13874 -2.427922 -8.239668 44.18454 -2.043077 -8.469623 44.17968 -9.544602 -0.7232836 43.717 -9.647502 -1.030754 43.69277 -9.810726 -1.518439 43.65436 -6.731731 -4.116397 44.08247 -8.837263 -0.1810899 43.85135 -9.149535 -0.3615728 43.79386 -9.152154 -0.3633609 43.79339 -9.483902 -0.6676129 43.72883 -1.372108 -9.416502 44.09865 -1.425186 -9.190063 44.12405 -5.584405 -6.345909 44.04084 -1.28694 -9.779823 44.05794 -9.800876 -4.10391 43.56784 -6.726575 -5.660634 43.98883 -1.298913 -9.8284 44.05139 -1.435788 -10.38362 43.9764 -5.61575 -6.327104 44.0394 -6.360898 -9.490859 43.6338 -5.470046 -10.01386 43.67498 -4.815021 -10.39843 43.70526 -3.596635 -11.11374 43.76156 -3.345927 -11.22809 43.76421 -3.005554 -11.26961 43.78015 -2.452598 -11.24294 43.81645 -1.933099 -11.03238 43.87126 -1.559996 -10.61348 43.94186 -1.466596 -10.50864 43.95954 -6.63941 -5.712937 43.99279 -7.8761 -8.60126 43.56373 -9.794651 -5.718123 43.465 -9.790918 -6.685983 43.40336 -9.685269 -7.165085 43.38417 -9.435157 -7.499319 43.4011 -1.581722 8.880485 43.83347 -1.955443 -11.05748 43.86703 -2.64276 -11.31387 43.79711 -2.891706 9.473522 43.66425 -9.118098 -7.865201 43.42706 -9.671776 -7.22627 43.38173 1.374087 0.5272815 44.67518 4.945068 1.904417 44.36181 1.228704 0.6780812 44.67863 4.134065 2.369482 44.45133 1.114658 0.9709188 44.67527 4.133834 3.43417 44.36631 4.133774 3.706951 44.34452 1.058257 1.115758 44.6736 1.773244 0.1132378 44.66567 1.027702 1.396258 44.666 3.436192 4.312087 44.36723 1.028574 2.699364 44.5611 4.133774 3.706951 44.34452 1.97333 -1.0996e-5 44.65745 5.044727 -1.0996e-5 44.4235 2.576625 -0.3432741 44.62612 5.435815 -1.978826 44.32014 1.624858 5.272198 44.36326 1.030354 5.380977 44.3453 2.577102 4.876126 44.36535 5.419484 0.9963701 44.37158 5.486062 -1.0996e-5 44.36336 5.435815 -1.978826 44.32014 5.114979 1.806993 44.34306 6.615458 0.9465703 44.17745 8.060626 0.1178572 44.01792 5.508593 -1.0996e-5 44.36029 4.128864 7.829178 43.8726 4.133454 5.160887 44.22841 4.133402 5.190063 44.22454 4.128864 7.829178 43.8726 1.030719 5.921532 44.30178 3.168835 9.342213 43.68407 2.90457 9.392787 43.68905 2.575694 9.45573 43.69525 1.989214 9.322305 43.74487 1.7708 9.257514 43.7657 1.503243 9.003598 43.81932 1.330955 8.840073 43.85383 1.02914 7.948417 44.01136 4.128678 7.938195 43.85806 4.09635 8.228083 43.81383 3.974302 8.498718 43.77714 3.653898 8.989085 43.71566 3.217435 9.332915 43.68314 8.264347 -1.0996e-5 43.98481 8.264347 -1.0996e-5 43.98481 6.485401 -2.579193 44.20779 8.585377 -0.1864543 43.93066 9.242838 -0.7585397 43.81001 9.566708 -1.524936 43.74046 9.471594 -1.082759 43.76514 9.45401 -1.001011 43.76969 6.480886 -4.124414 44.14273 9.554758 -4.116606 43.65353 9.567066 -1.530181 43.74028 4.399023 -10.50038 43.79383 2.69693 -7.928025 44.17566 1.785187 -8.472901 44.19786 1.563175 -8.637052 44.18785 1.363395 -8.91335 44.16225 4.399023 -10.50038 43.79383 4.130317 -7.071417 44.1407 1.147679 -9.211701 44.13459 6.473532 -5.668145 44.04903 9.546748 -5.710613 43.55181 5.217372 -10.02 43.74123 5.326493 -6.356578 44.11155 1.118614 -9.410393 44.11126 6.10376 -9.499681 43.68425 5.861408 -6.036919 44.0985 1.039548 -9.950947 44.04772 7.508947 -8.674812 43.59392 8.866815 -7.877718 43.50663 6.411663 -5.705427 44.05404 9.232378 -7.553946 43.47248 9.243874 -7.543754 43.4714 9.387335 -7.160764 43.47805 9.515493 -6.818663 43.484 9.539386 -6.710659 43.48826 9.54177 -6.699662 43.48872 1.046552 -9.970706 44.04501 1.23675 -10.50697 43.9714 1.285216 -10.64364 43.95265 1.947551 -10.88424 43.89874 1.346393 -10.70006 43.94308 1.765384 -11.08648 43.87757 8.906363 -0.372242 43.8743 2.183779 -11.24809 43.8383 2.654313 -11.2613 43.81282 1.834033 -11.1498 43.86685 3.337449 -11.11854 43.7933 2.411431 -11.31205 43.81973 3.807856 8.86779 43.72714 2.492642 9.471644 43.69683 3.68747 -5.077373 44.38073 3.43374 -5.364787 44.38165 3.457038 -5.384486 44.68013 3.710932 -5.096894 44.67917 3.895534 -4.887771 44.67848 3.933242 -4.845064 44.67834 3.907552 -4.828077 44.37992 3.180853 -5.461704 44.39155 2.742386 -5.629729 44.40866 2.834646 -5.640637 44.70367 3.202742 -5.489152 44.68972 3.43374 -5.364787 44.38165 3.457038 -5.384486 44.68013 -2.631897 -5.625855 44.40496 -2.833234 -5.616914 44.69306 -2.5706 -5.636077 44.70921 -2.81286 -5.603474 44.3942 -3.305068 -5.582463 44.66407 -3.351757 -5.536895 44.36219 -4.53609 2.285529 44.4007 -4.379438 2.374429 44.4116 -4.408219 2.389718 44.70981 -4.58402 2.28988 44.69753 -5.16442 1.925517 44.32289 -5.493467 1.76825 44.58469 -6.990993 0.9093472 44.39891 -7.034188 0.8542129 44.09135 -5.493467 1.76825 44.58469 -5.542954 1.708616 44.27603 -8.576452 -1.0996e-5 44.20222 -8.525061 -1.0996e-5 43.90673 -8.837263 -0.1810899 43.85135 -8.890252 -0.1818051 44.14657 -9.149535 -0.3615728 43.79386 -9.204051 -0.3629139 44.08882 -9.152154 -0.3633609 43.79339 -9.223142 -0.3758779 44.08521 -9.483902 -0.6676129 43.72883 -9.538977 -0.6710401 44.02364 -9.544602 -0.7232836 43.717 -9.606133 -0.7338038 44.01056 -4.379438 2.374429 44.4116 -4.407776 2.540488 44.69526 -4.408219 2.389718 44.70981 -4.403529 3.97994 44.55629 -4.377586 3.392059 44.33063 -4.376819 3.814746 44.29701 -4.398753 5.598921 44.39998 -4.374364 5.165953 44.18952 -4.394719 6.966549 44.26796 -4.364663 7.685591 43.85436 -4.391984 7.562685 44.179 -4.390025 7.99026 44.11519 -4.363672 7.943351 43.82009 -4.125593 8.761783 44.0091 -4.056313 8.835662 43.69742 -4.084957 8.880336 43.99279 -4.270376 -3.702622 44.6944 -4.242101 -3.688346 44.39608 -4.191706 -3.38785 44.71711 -4.163453 -3.373663 44.41876 -4.372132 -4.109811 44.66505 -4.343485 -4.093986 44.36681 -4.282398 -4.510056 44.34941 -4.312934 -4.527759 44.64737 -4.276348 -4.551243 44.34768 -4.30941 -4.552644 44.64633 4.031552 -3.671955 44.43312 4.05988 -3.712128 44.73013 4.055342 -3.679704 44.73216 4.035084 -3.697645 44.43151 4.117502 -4.124056 44.70433 4.091507 -4.108172 44.40588 4.014118 -4.528593 44.68975 3.988533 -4.511159 44.39134 3.933242 -4.845064 44.67834 3.907552 -4.828077 44.37992 2.557291 -5.607199 44.41986 2.023368 -5.5422 44.45217 2.100392 -5.586129 44.74662 2.572826 -5.621206 44.71899 2.742386 -5.629729 44.40866 2.834646 -5.640637 44.70367 4.160448 2.585132 44.73776 4.134065 2.369482 44.45133 4.160216 2.384801 44.74977 4.133834 3.43417 44.36631 4.16114 3.202517 44.70075 4.160723 3.432531 44.67443 4.158801 4.494268 44.55293 4.133774 3.706951 44.34452 4.156722 5.648364 44.42084 4.133454 5.160887 44.22841 4.155768 6.174225 44.36064 4.133402 5.190063 44.22454 4.154196 7.045586 44.26092 4.128864 7.829178 43.8726 4.152498 7.985134 44.1534 4.128678 7.938195 43.85806 4.09635 8.228083 43.81383 4.118538 8.28426 44.10777 4.004686 8.539875 44.07305 3.974302 8.498718 43.77714 4.000111 8.550127 44.07165 3.807856 8.86779 43.72714 3.843656 8.901377 44.02397 4.134065 2.369482 44.45133 4.752836 2.044667 44.68447 4.160216 2.384801 44.74977 4.945068 1.904417 44.36181 5.586705 1.566041 44.59257 5.114979 1.806993 44.34306 6.473338 1.057137 44.49487 6.615458 0.9465703 44.17745 7.388732 0.531722 44.39396 8.060626 0.1178572 44.01792 7.541647 0.4439542 44.37712 8.095792 0.1259038 44.31606 8.060626 0.1178572 44.01792 8.313207 -1.0996e-5 44.28071 8.264347 -1.0996e-5 43.98481 8.63584 -0.1871398 44.22632 8.585377 -0.1864543 43.93066 8.958457 -0.3736129 44.16967 9.242838 -0.7585397 43.81001 9.297787 -0.7604769 44.10494 8.906363 -0.372242 43.8743 9.504503 -0.9961536 44.06551 9.45401 -1.001011 43.76969 -1.939633 -5.361002 44.46102 -2.204323 -5.48489 44.73934 -1.951472 -5.380522 44.76017 -2.190517 -5.456965 44.44069 -2.5706 -5.636077 44.70921 -2.631897 -5.625855 44.40496 -3.960533 -3.130328 44.74795 -3.675909 -2.830725 44.48382 -3.702672 -2.843093 44.78238 -3.970621 -3.141593 44.74662 -3.944074 -3.129374 44.44805 -4.191706 -3.38785 44.71711 -4.163453 -3.373663 44.41876 3.653152 -3.03052 44.49246 3.736904 -3.146868 44.78172 3.671034 -3.036629 44.79197 3.714046 -3.133755 44.48289 3.922744 -3.457825 44.75278 4.031552 -3.671955 44.43312 4.055342 -3.679704 44.73216 1.923738 -5.477499 44.46051 1.473783 -5.185228 44.49818 1.477218 -5.199205 44.79796 1.942454 -5.488049 44.75964 2.023368 -5.5422 44.45217 2.100392 -5.586129 44.74662 -1.466596 -4.822682 44.51645 -1.69848 -5.092513 44.7898 -1.476312 -4.83961 44.81581 -1.686284 -5.072664 44.4907 -1.951472 -5.380522 44.76017 -1.939633 -5.361002 44.46102 -3.437114 -2.743613 44.50519 -2.975178 -2.57511 44.54646 -3.119652 -2.602529 44.83626 -3.462997 -2.744209 44.80451 -3.675909 -2.830725 44.48382 -3.702672 -2.843093 44.78238 1.41321 -5.083304 44.5064 1.097931 -4.552763 44.54923 1.097991 -4.546653 44.85021 1.421823 -5.103868 44.80559 1.473783 -5.185228 44.49818 1.477218 -5.199205 44.79796 3.079972 -2.659213 44.54831 3.218553 -2.755474 44.83533 3.056525 -2.654802 44.85089 3.201319 -2.737831 44.53648 3.671034 -3.036629 44.79197 3.653152 -3.03052 44.49246 -2.813475 -2.593349 44.55594 -2.330811 -2.647798 44.58416 -2.372713 -2.650004 44.88239 -2.832913 -2.620768 44.85396 -2.975178 -2.57511 44.54646 -3.119652 -2.602529 44.83626 2.403377 -2.579879 44.59188 2.590483 -2.624105 44.87932 2.30988 -2.605598 44.89643 2.572982 -2.599757 44.58094 3.056525 -2.654802 44.85089 3.079972 -2.659213 44.54831 -2.186873 -2.738844 44.5878 -1.73092 -3.027212 44.59924 -1.751044 -3.031861 44.89872 -2.204315 -2.753448 44.88683 -2.330811 -2.647798 44.58416 -2.372713 -2.650004 44.88239 -1.73092 -3.027212 44.59924 -1.682983 -3.143798 44.89637 -1.751044 -3.031861 44.89872 -1.669542 -3.130328 44.59701 -1.361804 -3.672074 44.8852 -1.34758 -3.671091 44.58517 -1.356424 -3.708672 44.88347 -1.344384 -3.693711 44.58413 -1.295911 -4.12057 44.8643 -1.286255 -4.104298 44.56491 -1.397343 -4.524868 44.83703 -1.387352 -4.507016 44.53773 -1.476312 -4.83961 44.81581 -1.466596 -4.822682 44.51645 1.136376 -3.691356 44.59432 1.216105 -3.377746 44.60791 1.22325 -3.392946 44.90746 1.143603 -3.706019 44.8939 1.033163 -4.097324 44.57674 1.039921 -4.113566 44.87622 1.092343 -4.513484 44.55158 1.096001 -4.531842 44.8511 1.097931 -4.552763 44.54923 1.097991 -4.546653 44.85021 1.437432 -3.132801 44.6109 1.703864 -2.837907 44.61447 1.712716 -2.850991 44.91404 1.446916 -3.145288 44.91047 1.216105 -3.377746 44.60791 1.22325 -3.392946 44.90746 1.703864 -2.837907 44.61447 1.959144 -2.749752 44.90677 1.712716 -2.850991 44.91404 1.948206 -2.747785 44.60657 2.30988 -2.605598 44.89643 2.403377 -2.579879 44.59188 -1.492017 0.6572792 44.66516 -1.501025 0.6481001 44.66487 -1.523489 0.6542096 44.96358 -1.464644 0.8405337 44.96131 -1.492017 0.6572792 44.66516 -1.523489 0.6542096 44.96358 -1.366714 1.150657 44.95753 -1.349719 1.145113 44.65827 -1.285569 1.407582 44.95439 -1.276018 1.397778 44.6547 -1.285435 1.578082 44.94441 -1.284683 2.547968 44.88746 -1.275019 2.457012 44.59817 -1.283848 3.628392 44.82401 -1.274244 3.278244 44.55436 -1.283722 3.789294 44.81456 -1.283707 3.810037 44.81334 -1.270072 5.463768 44.29547 -1.274744 7.497002 44.35874 -1.265319 7.950235 44.00093 -1.273522 7.998038 44.29696 -1.295434 8.236338 43.95318 -1.325802 8.394469 44.23011 -1.41658 8.50891 43.90252 -1.416774 8.56017 44.1984 -1.581722 8.880485 43.83347 -1.584345 8.865406 44.13995 -1.675622 9.031673 44.10813 -1.501025 0.6481001 44.66487 -1.607799 0.5392024 44.66123 -1.546749 0.5805681 44.96447 -1.573139 0.554342 44.96358 -1.833463 0.2958366 44.95466 -2.023102 0.115622 44.64714 -1.960055 0.1701304 44.95034 -2.037839 0.1164267 44.94676 -2.119133 0.06138175 44.64228 -2.134459 0.06170958 44.942 -2.140814 0.0581333 44.9417 -2.223977 0.002164542 44.637 -2.240026 0.002164542 44.93654 -2.243878 -1.0996e-5 44.93634 -2.227807 -1.0996e-5 44.63679 -3.992671 -0.9947827 44.75847 -5.703242 -1.980733 44.28587 -6.178767 -2.238285 44.53615 -6.076177 -2.193283 44.24823 -6.776591 -2.580356 44.44424 -6.734589 -2.57067 44.14741 -1.523489 0.6542096 44.96358 -1.501025 0.6481001 44.66487 -1.546749 0.5805681 44.96447 1.228704 0.6780812 44.67863 1.114658 0.9709188 44.67527 1.195057 0.750024 44.97848 1.141912 0.9447524 44.97505 1.198186 0.7466266 44.97838 1.247844 0.6931315 44.97728 1.374087 0.5272815 44.67518 1.333667 0.600625 44.97541 1.468053 0.4557857 44.97243 1.093476 1.122255 44.97192 1.773244 0.1132378 44.66567 1.605688 0.3074595 44.96939 1.773244 0.1132378 44.66567 1.058257 1.115758 44.6736 1.0434 1.305748 44.9687 1.743613 0.1588056 44.96635 1.027702 1.396258 44.666 1.042722 1.308221 44.96867 1.027702 1.396258 44.666 1.03437 1.406092 44.96575 1.78515 0.1140425 44.96542 1.034787 2.059628 44.91428 1.885793 0.0569114 44.96143 1.986562 -1.0996e-5 44.95714 1.97333 -1.0996e-5 44.65745 2.576625 -0.3432741 44.62612 2.605921 -0.351589 44.92483 3.95882 -1.123976 44.77987 1.035458 3.130931 44.82988 1.028574 2.699364 44.5611 1.035629 3.395785 44.80902 1.036188 4.285831 44.73889 5.435815 -1.978826 44.32014 6.524882 -2.588968 44.50495 1.030354 5.380977 44.3453 1.036941 5.47557 44.6452 1.030719 5.921532 44.30178 1.037142 5.784769 44.62081 1.030719 5.921532 44.30178 1.035182 7.588167 44.36526 6.485401 -2.579193 44.20779 1.02914 7.948417 44.01136 1.034735 7.99622 44.30745 1.344366 8.900631 44.14753 1.330955 8.840073 43.85383 1.035629 3.395785 44.80902 0.7557408 3.62875 44.84407 -0.01094627 -1.0996e-5 45 0.3505707 3.691185 44.84317 1.605688 0.3074595 44.96939 1.468053 0.4557857 44.97243 -0.01094627 -1.0996e-5 45 1.333667 0.600625 44.97541 1.743613 0.1588056 44.96635 1.247844 0.6931315 44.97728 1.198186 0.7466266 44.97838 1.141912 0.9447524 44.97505 1.093476 1.122255 44.97192 1.0434 1.305748 44.9687 1.195057 0.750024 44.97848 1.035458 3.130931 44.82988 1.034787 2.059628 44.91428 1.03437 1.406092 44.96575 1.042722 1.308221 44.96867 0.9774702 -1.0996e-5 44.99033 -0.01116234 0.6898829 44.99418 1.143603 -3.706019 44.8939 1.22325 -3.392946 44.90746 -0.009910643 -7.588636 44.52709 1.096001 -4.531842 44.8511 1.039921 -4.113566 44.87622 1.446916 -3.145288 44.91047 1.712716 -2.850991 44.91404 -1.366714 1.150657 44.95753 -1.464644 0.8405337 44.96131 -1.573139 0.554342 44.96358 -1.833463 0.2958366 44.95466 -1.283848 3.628392 44.82401 -1.284683 2.547968 44.88746 -1.285435 1.578082 44.94441 -1.285569 1.407582 44.95439 -0.01116234 0.6898829 44.99418 -0.7087826 3.938216 44.81614 -1.114645 -1.0996e-5 44.98289 -1.546749 0.5805681 44.96447 -1.523489 0.6542096 44.96358 -2.204315 -2.753448 44.88683 -1.751044 -3.031861 44.89872 -1.682983 -3.143798 44.89637 -1.361804 -3.672074 44.8852 -1.356424 -3.708672 44.88347 -0.01177328 3.706504 44.8055 1.986562 -1.0996e-5 44.95714 1.885793 0.0569114 44.96143 1.78515 0.1140425 44.96542 1.959144 -2.749752 44.90677 -2.243878 -1.0996e-5 44.93634 -2.832913 -2.620768 44.85396 -2.372713 -2.650004 44.88239 -1.960055 0.1701304 44.95034 -2.037839 0.1164267 44.94676 -2.134459 0.06170958 44.942 -2.140814 0.0581333 44.9417 -2.240026 0.002164542 44.93654 2.30988 -2.605598 44.89643 2.605921 -0.351589 44.92483 -3.992671 -0.9947827 44.75847 -3.119652 -2.602529 44.83626 2.590483 -2.624105 44.87932 3.95882 -1.123976 44.77987 -1.295911 -4.12057 44.8643 3.056525 -2.654802 44.85089 -1.397343 -4.524868 44.83703 1.097991 -4.546653 44.85021 3.218553 -2.755474 44.83533 1.421823 -5.103868 44.80559 1.036941 5.47557 44.6452 1.036188 4.285831 44.73889 -0.01183289 3.997732 44.7873 1.037142 5.784769 44.62081 0.7366524 7.626284 44.37075 -0.01201915 4.894842 44.73118 -1.476312 -4.83961 44.81581 -3.462997 -2.744209 44.80451 3.671034 -3.036629 44.79197 -1.283722 3.789294 44.81456 -1.274744 7.497002 44.35874 -1.283707 3.810037 44.81334 -1.69848 -5.092513 44.7898 1.477218 -5.199205 44.79796 -3.702672 -2.843093 44.78238 1.942454 -5.488049 44.75964 3.736904 -3.146868 44.78172 -1.951472 -5.380522 44.76017 -3.960533 -3.130328 44.74795 3.922744 -3.457825 44.75278 6.524882 -2.588968 44.50495 -2.204323 -5.48489 44.73934 2.100392 -5.586129 44.74662 -6.178767 -2.238285 44.53615 -3.970621 -3.141593 44.74662 4.055342 -3.679704 44.73216 4.752836 2.044667 44.68447 4.160448 2.585132 44.73776 4.160216 2.384801 44.74977 -4.191706 -3.38785 44.71711 2.572826 -5.621206 44.71899 -3.565942 -7.599097 44.43151 -2.5706 -5.636077 44.70921 6.320639 3.911216 44.4159 6.30132 3.946859 44.4156 4.16114 3.202517 44.70075 6.555921 3.477294 44.41933 4.05988 -3.712128 44.73013 -0.01208621 7.655609 44.32145 6.520053 -4.142564 44.43956 4.117502 -4.124056 44.70433 3.313726 -7.599991 44.4589 2.834646 -5.640637 44.70367 3.313726 -7.599991 44.4589 -4.270376 -3.702622 44.6944 -4.407776 2.540488 44.69526 -4.58402 2.28988 44.69753 -4.408219 2.389718 44.70981 -2.833234 -5.616914 44.69306 6.512275 -5.689095 44.34568 4.117502 -4.124056 44.70433 4.014118 -4.528593 44.68975 3.202742 -5.489152 44.68972 6.209096 4.116941 44.41426 4.160723 3.432531 44.67443 -6.695379 3.602822 44.365 -6.840219 3.483582 44.3523 -5.493467 1.76825 44.58469 -4.403529 3.97994 44.55629 -6.562927 3.901471 44.35939 -4.407776 2.540488 44.69526 -6.621899 3.768522 44.36189 -6.776591 -2.580356 44.44424 -4.372132 -4.109811 44.66505 -3.305068 -5.582463 44.66407 -3.873372 -7.414978 44.41748 5.887291 -6.065052 44.3962 3.933242 -4.845064 44.67834 3.846994 -7.28194 44.44591 3.457038 -5.384486 44.68013 6.608887 3.440935 44.41447 4.752836 2.044667 44.68447 5.586705 1.566041 44.59257 6.957671 3.189732 44.38437 6.93906 3.214318 44.38422 3.710932 -5.096894 44.67917 3.895534 -4.887771 44.67848 4.155716 -7.097822 44.4384 5.409217 5.417902 44.38097 4.158801 4.494268 44.55293 5.952297 4.813839 44.38216 -6.773436 -4.131656 44.37906 -4.312934 -4.527759 44.64737 -3.464249 -5.484682 44.65801 -3.92037 -5.20448 44.64073 -6.767852 -5.681466 44.28519 -4.30941 -4.552644 44.64633 -3.984848 -5.099338 44.6415 -5.650827 -6.350469 44.33624 -3.923589 -5.202513 44.64057 -4.412842 -7.091891 44.3928 1.035182 7.588167 44.36526 6.473338 1.057137 44.49487 7.276742 2.371986 44.38508 -7.2537 3.14321 44.31609 -7.272193 3.127981 44.31448 -7.771773 3.023375 44.2431 -7.987248 2.978224 44.21232 -8.310141 3.071446 44.15224 -8.687636 3.180403 44.08199 -9.130816 3.252138 43.99837 -9.558483 1.609702 43.99741 -6.990993 0.9093472 44.39891 -6.467697 4.387695 44.33054 -6.452677 4.150082 44.35477 -4.398753 5.598921 44.39998 -6.755007 5.691666 44.14383 -6.512759 5.100418 44.25783 4.805243 5.961079 44.37966 4.156722 5.648364 44.42084 -2.453448 -8.265388 44.48239 -2.057084 -8.501661 44.47761 1.126981 -9.446483 44.40887 1.161566 -9.228926 44.43431 -0.009627521 -9.626788 44.40007 1.367433 -8.943927 44.46078 1.554063 -8.685541 44.48474 1.796401 -8.504968 44.49589 2.713738 -7.957857 44.47354 -1.60163 -9.035569 44.43619 -1.429813 -9.236973 44.42058 7.388732 0.531722 44.39396 7.495506 1.546133 44.38555 4.155768 6.174225 44.36064 -1.381361 -9.45152 44.39641 6.200364 4.476745 44.38264 1.043989 -9.968441 44.34777 -0.007541358 -15.19914 43.4467 1.282154 -10.66653 44.25234 1.241459 -10.54726 44.26865 1.057012 -10.00662 44.34255 -1.29565 -9.831112 44.3537 -1.447709 -10.42138 44.27368 -1.304613 -9.865921 44.34896 -4.394719 6.966549 44.26796 -6.261737 7.395166 44.00466 -9.693197 -1.0996e-5 43.99711 -8.576452 -1.0996e-5 44.20222 7.541647 0.4439542 44.37712 7.618314 0.7294306 44.38583 11.72326 1.121838 43.60435 11.53439 2.377827 43.60393 11.19795 3.647942 43.60322 8.248402 3.112126 44.19366 7.88494 2.97888 44.26042 7.686963 3.003676 44.28852 7.1474 3.071297 44.36511 7.100469 3.103513 44.36941 8.444554 3.18401 44.15763 6.971469 3.192056 44.38123 6.199299 4.520435 44.37882 6.266607 5.067903 44.31842 6.192027 4.820097 44.35251 6.273983 5.092431 44.31505 7.208986 7.360745 43.88473 4.154196 7.045586 44.26092 7.396972 9.167691 43.59487 8.095792 0.1259038 44.31606 1.034735 7.99622 44.30745 1.139788 11.72863 43.58116 -0.01213836 9.636868 44.02742 -1.273522 7.998038 44.29696 -1.325802 8.394469 44.23011 8.313207 -1.0996e-5 44.28071 10.45067 -1.0996e-5 43.88804 1.344366 8.900631 44.14753 8.63584 -0.1871398 44.22632 -1.483524 -10.5604 44.25482 -4.391984 7.562685 44.179 -4.874696 8.37322 44.0077 6.239696 9.992291 43.59234 4.152498 7.985134 44.1534 -1.568304 -10.65461 44.2389 1.357092 -10.73722 44.24045 1.773617 -11.12999 44.17429 -1.945251 -11.07345 44.16812 -1.416774 8.56017 44.1984 8.958457 -0.3736129 44.16967 -8.890252 -0.1818051 44.14657 -1.584345 8.865406 44.13995 -4.390025 7.99026 44.11519 1.829325 -11.18253 44.16547 9.297787 -0.7604769 44.10494 -1.966008 -11.09652 44.16422 2.197026 -11.28949 44.13507 -2.468364 -11.28397 44.1131 9.077018 3.898729 43.99923 4.118538 8.28426 44.10777 1.511155 9.056647 44.11448 -9.204051 -0.3629139 44.08882 -7.093825 6.518591 43.98436 -0.01213091 9.684016 44.01655 -1.699464 9.535718 44.01464 -1.675622 9.031673 44.10813 2.412363 -11.35213 44.11725 3.659888 -15.22444 43.43057 2.669646 -11.29953 44.1098 -4.125593 8.761783 44.0091 1.79082 9.318222 44.05904 -2.660097 -11.35553 44.09362 -3.685036 -15.22265 43.41409 3.357118 -11.15895 44.08983 -1.727903 9.066422 44.09963 4.004686 8.539875 44.07305 11.77472 -1.0996e-5 43.59517 9.504503 -0.9961536 44.06551 -2.23192 9.4014 44.01762 -3.025239 -11.31401 44.07618 7.484621 -15.23818 43.04627 6.139053 -9.533536 43.97998 4.432915 -10.53361 44.08986 3.765664 -10.92146 44.08983 -9.223142 -0.3758779 44.08521 -9.538977 -0.6710401 44.02364 -8.834618 3.32253 44.04608 -3.343233 -11.27787 44.06101 5.008994 10.66344 43.58963 4.000111 8.550127 44.07165 3.843656 8.901377 44.02397 12.20952 -1.0996e-5 43.499 9.525096 -1.087229 44.06027 -3.618961 -11.15404 44.05791 9.620606 -1.509737 44.03592 2.427196 11.53033 43.58396 1.97327 9.370763 44.0419 -3.790622 -11.05339 44.04998 -7.518554 -15.23645 43.01087 -4.844261 -10.4358 44.00129 -9.031715 3.513116 43.99795 1.999503 9.378334 44.03944 2.516648 9.527345 43.9908 9.622394 -1.535725 44.03508 9.595862 -6.723028 43.78287 11.80026 -7.613967 43.26136 3.672822 9.040225 44.01056 -9.606133 -0.7338038 44.01056 -2.257825 9.418626 44.01339 -0.01183289 11.77435 43.53404 -2.648161 14.9027 42.70819 -2.286979 9.437997 44.00865 3.725579 11.17762 43.58682 3.253682 9.380837 43.97768 -12.24397 -1.0996e-5 43.3808 -9.705796 -1.033973 43.98704 -4.084957 8.880336 43.99279 -7.610516 13.08595 42.69732 -2.821521 9.494682 43.96898 -9.778234 11.55742 42.69255 -7.90813 8.50596 43.60107 -8.100653 8.844126 43.5142 -6.398772 -9.524596 43.92943 9.234122 4.281987 43.92815 -14.26211 5.082537 42.68272 -14.93048 2.515692 42.68125 -9.192484 3.668565 43.9587 -3.909067 9.060819 43.97441 2.590334 9.512682 43.98949 3.133116 9.404798 43.97983 -9.868479 -1.523923 43.94869 7.551915 -8.705389 43.88899 3.18615 9.394277 43.97888 -3.716973 9.257902 43.95438 -3.032145 9.517033 43.95336 -9.319107 3.907431 43.91757 -5.209246 14.21257 42.70256 -3.436783 9.363909 43.95396 -3.408362 9.374668 43.9539 -9.847476 -6.709228 43.69707 -7.836325 -8.681935 43.86297 10.70724 4.90554 43.60214 9.977972 6.096709 43.59157 -10.1316 5.901534 43.54153 -13.1559 7.493306 42.68516 7.802008 -8.558792 43.8729 7.677084 8.496334 43.66932 8.91707 -7.905196 43.80107 -7.911788 -8.637707 43.85949 -11.31842 -15.25436 42.35084 -9.170836 -7.89253 43.72109 8.934698 -7.893066 43.7992 11.27698 -15.25606 42.4065 9.236752 -7.607769 43.77238 9.4408 -7.187228 43.77196 9.275822 -7.570874 43.76889 9.32963 -7.52003 43.76412 -9.419895 -7.607292 43.70052 -11.84662 -7.613133 43.20232 -9.49076 -7.526111 43.69468 -9.845967 -6.729048 43.69578 -9.739435 -7.189374 43.67823 -9.723085 -7.260006 43.67552 7.894171 8.742233 43.59431 12.61385 -1.0996e-5 43.40956 15.62546 3.22013 42.5031 15.88123 1.519222 42.50366 15.16984 4.940171 42.50208 14.5053 6.643254 42.50062 10.08132 6.348807 43.54481 8.2954 9.196688 43.45567 8.455208 13.53188 42.48736 10.02242 12.41516 42.49082 6.78855 14.44079 42.48373 5.050509 15.1371 42.47991 3.292194 15.61474 42.47603 1.548751 15.88329 42.47222 -0.01147526 14.24976 42.96268 13.57179 8.387674 42.4986 10.47165 7.301081 43.3682 -10.70562 7.310379 43.27584 -8.243884 8.957852 43.47093 -8.660635 9.288747 43.34501 8.495263 9.270151 43.41004 -0.006051242 -19.1613 42.76878 3.452948 -22.73909 41.8608 -3.470686 -22.73638 41.84577 -7.094619 -22.75581 41.53931 8.849396 9.400298 43.32918 15.90694 -1.0996e-5 42.35742 15.70044 -7.624279 42.24921 -15.14102 -1.0996e-5 42.68081 10.55412 7.585574 43.31106 -8.710465 9.297897 43.33464 -9.288235 9.404083 43.21442 9.052126 9.375442 43.29825 10.54377 7.866908 43.27045 11.28032 11.28389 42.49356 9.338928 9.340246 43.2545 -10.76094 8.234788 43.12652 10.52928 8.260389 43.21358 9.5774 9.31098 43.21811 9.633927 9.272505 43.21426 -9.363892 9.418 43.19868 10.12578 8.937795 43.18062 10.43507 8.432199 43.20384 12.4114 10.02579 42.49603 10.43376 8.434583 43.20369 10.1769 8.903016 43.17713 -15.75236 -7.623445 42.16758 -15.07816 -15.27251 41.41334 -9.853414 9.266277 43.13365 -10.05816 9.202797 43.10644 -11.64581 9.673913 42.68846 -10.6721 8.459379 43.10844 -10.57399 8.707424 43.08844 -10.33787 8.934189 43.0967 -10.53225 8.747508 43.0899 7.068171 -22.75844 41.57198 -10.69761 -22.78001 40.99745 -0.01119214 15.12654 42.68668 -0.004069387 -22.70813 41.86511 -0.01093137 15.94649 42.42862 -0.0101267 18.46903 41.63463 -3.488855 19.66475 41.05795 -6.868311 18.75411 41.05053 -10.03689 17.26745 41.04359 -12.89728 15.25049 41.03732 -15.36163 12.76513 41.03193 -17.35426 9.887715 41.02755 -18.81396 6.706644 41.02436 -19.6959 3.31958 41.02243 -16.24813 -1.0996e-5 42.30074 16.16073 -1.0996e-5 42.27633 19.95004 1.907993 41.08066 19.62881 4.044224 41.07994 19.0566 6.204444 41.07869 18.22199 8.343358 41.07687 17.04957 10.53425 41.07428 15.59222 12.59156 41.07109 14.17168 14.17162 41.068 12.59186 15.59244 41.06454 10.62356 16.99494 41.06021 8.530377 18.13643 41.05562 6.347543 19.01095 41.05083 4.139243 19.61081 41.046 1.949622 19.94812 41.0412 10.66358 -22.78255 41.04916 15.03096 -15.27418 41.49086 -14.2693 -22.80269 40.17247 -19.97371 -1.0996e-5 41.0218 20.02822 -1.0996e-5 41.04066 20.06189 -1.0996e-5 41.02991 19.4992 -7.631522 40.94938 -19.55442 -7.630627 40.84364 -18.74723 -15.28276 40.16275 -0.004069387 -22.71084 41.8644 6.04422e-6 -30.00001 40.00724 1.614718 -29.96023 40.00447 -3.597488 -29.79229 39.99716 4.27164 -29.67531 39.9859 5.028507 -29.59416 39.98063 -6.687996 -29.23445 39.94403 -4.271982 -29.67055 39.98557 -0.00936675 19.95577 41.02725 8.828654 -28.66186 39.85212 8.311538 -28.84502 39.8871 6.667888 -29.22006 39.93392 -7.072238 -29.16507 39.93741 -10.19957 -28.20266 39.77627 -8.832156 -28.62347 39.84672 14.22944 -22.80519 40.24506 18.69666 -15.28458 40.26402 -17.75083 -22.8128 39.0077 20.56337 -1.0996e-5 40.86966 23.38861 4.817981 39.33118 23.77129 2.273042 39.33201 22.70691 7.391501 39.32968 21.71262 9.93966 39.32751 20.31588 12.54972 39.32444 18.57971 15.00066 39.32062 16.88739 16.88303 39.31693 15.0053 18.57569 39.31278 12.66041 20.24653 39.30766 10.16675 21.60641 39.30218 -0.009329497 20.02748 40.99796 -0.008234262 22.15772 40.12773 -4.194041 23.66524 39.18815 -8.260997 22.56935 39.17924 7.566279 22.64826 39.29648 4.935479 23.36289 39.2907 -12.07418 20.78026 39.17087 10.16591 -28.18821 39.76167 11.5 -27.71566 39.67143 13.54854 -26.71472 39.42076 2.326919 23.76469 39.28498 -15.51647 18.35297 39.16333 -18.48216 15.36201 39.15683 -20.88015 11.89922 39.15156 23.51907 -3.744702 39.42237 23.16508 -7.628541 39.3065 -22.63681 8.070995 39.14771 -23.69816 3.994871 39.14539 -20.12675 -1.0996e-5 40.95102 -13.81851 -26.61194 39.3996 -13.54612 -26.76914 39.44338 -13.53207 -26.77725 39.44564 -10.39912 -28.14127 39.76599 -23.82775 -1.0996e-5 39.23935 23.71973 -1.0996e-5 39.27321 -23.22064 -7.627439 39.17432 -22.27882 -15.27203 38.52848 19.44807 -22.80302 38.28118 20.32843 -22.08502 38.06148 20.98647 -21.40112 37.86177 22.22828 -15.2743 38.65612 17.7078 -22.81554 39.10343 15.18483 -25.84354 39.18982 14.70491 -26.1497 39.27928 13.76593 -26.60851 39.39417 -15.14928 -25.84393 39.18574 -17.54366 -24.28864 38.7365 -16.45984 -25.08755 38.97513 -21.40324 -21.00064 37.74977 -20.99129 -21.38169 37.86439 -0.006960213 23.85818 39.2415 26.02016 -1.0996e-5 38.10967 23.82335 -1.0996e-5 39.22078 26.9796 -3.735464 37.35889 27.18142 2.598722 37.25422 26.7439 5.508263 37.25326 25.96454 8.450497 37.25157 24.82779 11.36376 37.24906 23.23095 14.34775 37.24557 21.24601 17.14986 37.24123 19.31123 19.30191 37.23696 17.1595 21.23707 37.23226 14.47865 23.14731 37.22639 11.62771 24.70203 37.22013 25.50261 -15.23165 36.58927 26.10112 -11.43829 36.98248 26.59802 -7.608455 37.24504 8.65466 25.89314 37.2136 5.646942 26.71017 37.20701 2.664647 27.16954 37.20049 -0.003778815 27.28226 37.16898 -0.00589478 25.27733 38.50189 -0.006841003 24.01479 39.15987 -24.03249 -1.0996e-5 39.14464 17.46446 -24.38919 38.76496 -4.759492 26.87927 37.18478 -9.378786 25.63452 37.17465 -13.70984 23.60247 37.16517 -27.03107 -3.734748 37.19593 -26.64853 -7.606965 37.08369 -26.14919 -11.43606 36.82319 -17.61964 20.84552 37.15659 -20.9881 17.44836 37.1492 -23.71176 13.51528 37.14324 -25.70699 9.167124 37.13886 -26.91249 4.537422 37.1362 -27.27326 -1.0996e-5 37.14708 -27.29223 -1.0996e-5 37.13537 17.64233 -24.2757 38.73182 18.44764 -23.61892 38.53083 -19.43969 -22.817 38.2962 -19.04615 -23.18106 38.40572 -18.45012 -23.62041 38.53694 22.7714 -19.54601 37.32006 22.87623 -19.40833 37.28551 23.61221 -18.44163 37.04295 24.94632 -16.68928 36.60328 21.29824 -21.07711 37.76715 -25.54702 -15.22867 36.43254 -25.47416 -15.79909 36.38998 -23.82971 -18.2278 36.96809 -23.60359 -18.49068 37.04185 -22.81346 -19.40937 37.29955 -21.60685 -20.81229 37.69309 27.14829 -1.0996e-5 37.21765 29.7641 -3.715079 34.98292 29.80053 -3.506016 34.97306 27.22702 -1.0996e-5 37.15539 29.71436 -4.000496 34.9964 29.97331 1.269032 34.92848 29.81608 2.849866 34.92848 29.63615 4.659075 34.92848 28.91054 8.011777 34.92848 29.33714 6.040622 34.92848 29.62888 4.692633 34.92848 28.48742 9.255429 34.92851 28.48324 9.267707 34.92851 27.7981 11.28151 34.92851 26.30589 14.42244 34.92851 26.69516 13.60308 34.92851 27.23674 12.46311 34.92851 24.44643 17.38902 34.92854 25.48297 15.73532 34.92851 29.22171 -6.827425 35.12982 29.30666 -6.339919 35.10681 28.28626 -10.00635 35.42021 29.0023 -7.573019 35.19792 24.25797 17.62347 34.92854 23.30523 18.80871 34.92854 22.23771 20.13676 34.92854 21.17743 21.17675 34.92854 20.06937 22.31233 34.96969 21.18497 21.16935 34.92854 16.87138 24.80646 34.92856 18.82966 23.29635 34.92854 17.60852 24.23804 34.92856 13.77886 26.64857 34.92856 15.88861 25.39187 34.92856 10.68414 28.03304 34.92856 12.76337 27.10285 34.92856 13.61583 26.7215 34.92856 9.499355 28.40357 34.9286 9.254402 28.48019 34.9286 7.192275 29.12511 34.9286 10.68414 28.03304 34.92856 3.565615 29.78738 34.9286 4.68435 29.58309 34.9286 6.201563 29.30604 34.9286 -0.003190219 27.84144 36.79723 2.930774 29.82523 34.9286 -29.73258 -3.6817 34.98993 -29.72726 -3.722232 34.99124 -29.30945 -6.339293 35.1013 -29.46259 -5.739134 35.05603 -29.91984 -2.254676 34.94406 -4.692619 29.62874 34.92863 -5.220951 29.51442 34.92863 -8.011727 28.91042 34.9286 -4.659032 29.63602 34.92863 -10.29009 28.13529 34.9286 -11.28146 27.79801 34.9286 -9.255408 28.48731 34.9286 -1.268999 29.97314 34.92863 -14.42238 26.30581 34.9286 -15.04759 25.91394 34.9286 -17.38896 24.44636 34.9286 -13.60303 26.69506 34.9286 -19.33638 22.88099 34.9286 -20.13671 22.23768 34.9286 -21.1767 21.1774 34.9286 -17.62342 24.25792 34.9286 30.01931 -1.0996e-5 34.94755 -23.04192 19.15954 34.9286 -24.238 17.60848 34.9286 -24.80643 16.87135 34.9286 -22.62275 19.70311 34.9286 -26.64855 13.77885 34.9286 -26.72148 13.61581 34.9286 -28.03304 10.68412 34.9286 -26.02043 14.83332 34.9286 -29.12513 7.192272 34.92856 -28.48019 9.254415 34.92856 -28.2261 10.06683 34.9286 -29.78739 3.565628 34.92856 -29.5831 4.684348 34.92856 -29.52928 4.979123 34.92856 -29.98071 -1.0996e-5 34.90932 -28.9915 -7.585387 35.19533 -28.60167 -9.113144 35.31057 25.8375 -15.21645 36.27056 26.17626 -14.65658 36.14408 26.37021 -14.26456 36.0798 27.04597 -12.89855 35.85581 27.68165 -11.61356 35.6451 27.75934 -11.40706 35.61619 -27.71915 -11.41812 35.60433 -27.42004 -12.19935 35.7039 -27.05797 -12.8958 35.83164 -26.37505 -14.20937 36.07255 2.930774 29.82523 34.9286 6.04422e-6 29.99999 34.92863 25.33969 -16.03917 36.45641 -25.79471 -15.32568 36.2773 -25.84333 -15.23213 36.26016 19.70314 22.62278 34.92854 6.04422e-6 30.16462 34.73959 3.565615 29.78738 34.9286 4.720567 29.80449 34.74951 4.720567 29.80449 34.74951 9.324899 28.69909 34.74951 7.192275 29.12511 34.9286 9.324899 28.69909 34.74951 13.69962 26.88702 34.74951 17.73702 24.41289 34.74951 17.73702 24.41289 34.74951</float_array>
          <technique_common>
            <accessor source="#mesh-c9a6f4e6-ed8a-40bd-b7c1-2ff8968795f4-mesh-positions-array" count="1789" stride="3">
              <param name="X" type="float"/>
              <param name="Y" type="float"/>
              <param name="Z" type="float"/>
            </accessor>
          </technique_common>
        </source>
        <source id="mesh-c9a6f4e6-ed8a-40bd-b7c1-2ff8968795f4-mesh-normals">
          <float_array id="mesh-c9a6f4e6-ed8a-40bd-b7c1-2ff8968795f4-mesh-normals-array" count="5346">0.5346837 0.5450876 -0.6457499 0.6258614 -0.7350499 0.2607666 0.5939951 -0.7337056 0.3299182 0.6196668 -0.7247765 0.3011845 0.6595491 -0.7164301 0.2274269 0.6466748 -0.7317838 0.2151842 0.6765919 -0.7114289 0.1899801 0.6765996 -0.7114227 0.1899757 0.8969317 -0.3599754 0.2567711 0.9017744 -0.3452205 0.2600499 0.9097616 -0.3407725 0.2370828 0.8882764 -0.3637039 0.2805078 0.8893671 -0.3534477 0.2900016 0.8776624 -0.3677699 0.307334 0.2178375 -0.9599895 0.1759747 0.1712856 -0.9439051 0.2823196 0.2011211 -0.9477301 0.2477059 0.2672304 -0.9519367 0.1496818 0.2247735 -0.9635198 0.1452807 0.2767863 -0.9512112 0.1363328 -0.8578512 -0.4571181 0.2348074 -0.853693 -0.4625568 0.2392687 -0.8559656 -0.4574347 0.2409908 -0.853695 -0.4625336 0.2393065 -0.8571466 -0.45701 0.2375743 -0.854332 -0.45706 0.2474129 -0.8546229 -0.454375 0.2513229 -0.2015994 -0.9734653 0.108273 0.1904518 -0.9642524 0.1842433 -0.5332193 -0.8083608 0.2494599 -0.5277607 -0.8125855 0.2473326 -0.5276364 -0.8126691 0.2473232 -0.5323154 -0.8132212 0.2351846 -0.531204 -0.8106711 0.2462412 -0.5359427 -0.8111817 0.2339869 -0.5353011 -0.8116643 0.2337815 -0.5304142 -0.8153302 0.2321586 -0.08477491 -0.9766244 0.1975298 -0.08805191 -0.9763295 0.1975541 -0.08884298 -0.9754461 0.2015239 -0.08442366 -0.9774824 0.1933926 -0.08763831 -0.9781866 0.1883366 -0.08722913 -0.9787723 0.1854615 -0.09222918 -0.9788202 0.1827701 -0.2922019 -0.9357349 0.1975302 -0.2973482 -0.9327154 0.2040249 -0.2414751 -0.9483028 0.2059407 -0.2409941 -0.9539247 0.1787445 -0.2231141 -0.9697921 0.09860748 -0.192602 -0.9794062 0.0605635 0.3653024 -0.9240856 0.112339 0.3687212 -0.923669 0.1043095 0.3672784 -0.9245688 0.1013866 0.3660254 -0.9242685 0.1084124 0.3686615 -0.923224 0.1083799 0.3694397 -0.924184 0.09694546 0.3162273 -0.9360693 0.1541902 0.3350539 -0.9275799 0.165331 0.3510184 -0.9272878 0.1300907 0.2852396 -0.9413915 0.1800567 0.3357226 -0.9211412 0.1969504 0.3044782 -0.9251698 0.2266142 0.3100364 -0.917285 0.2499314 0.2759334 -0.9216681 0.2727428 -0.1879247 -0.9620915 0.1976474 -0.1834182 -0.9637947 0.1935402 -0.1869761 -0.9641887 0.1880958 -0.1872698 -0.9624593 0.1964746 -0.1820765 -0.9635729 0.195897 -0.1817345 -0.9662813 0.1824091 -0.1869103 -0.9651667 0.1830787 -0.1888616 -0.9650804 0.1815244 -0.181553 -0.9665141 0.1813536 -0.1815382 -0.9668356 0.1796465 0.6975422 -0.6907131 0.1906577 0.7064434 -0.6804773 0.1946496 0.7142048 -0.6785043 0.1718823 0.689527 -0.6918973 0.2140811 0.6942104 -0.6841351 0.2236765 0.680057 -0.6926929 0.2402064 -0.165127 -0.9769151 0.1355358 -0.1962463 -0.9490203 0.2466738 -0.1730643 -0.9621905 0.2103288 -0.1198164 -0.9869648 0.1074456 -0.1626042 -0.981027 0.105574 -0.1119838 -0.9892078 0.09448623 0.9278929 -0.3249371 0.1828406 0.9291445 -0.3226416 0.1805352 0.9677805 -0.1670629 0.1883901 0.9288532 -0.3235679 0.1803764 0.9291458 -0.3226397 0.1805322 0.9683337 -0.1654958 0.1869255 0.9810007 0.02733153 0.1920695 0.9763355 -0.006548821 0.2161626 0.9752568 0.09438198 0.1999159 0.9820512 -0.008217871 0.188436 0.9701416 0.1376447 0.1996979 0.9583762 0.2069537 0.1966859 0.9576625 0.2135571 0.1930695 0.9593734 0.2054675 0.1933543 0.9577321 0.2143169 0.1918795 -0.5627589 -0.8192743 0.1099641 -0.56238 -0.8195204 0.1100687 -0.1928063 -0.967845 0.1615603 -0.6200771 -0.7660725 0.1692262 -0.6181241 -0.7692908 0.1616001 -0.6252521 -0.7621201 0.1680258 -0.6250414 -0.7603714 0.1765179 -0.6241881 -0.7575874 0.1909208 -0.6273408 -0.7527114 0.1996725 0.2923912 -0.940811 0.1714121 0.2894096 -0.9417873 0.1711106 0.2876144 -0.9415795 0.1752318 0.2922338 -0.941672 0.1668927 0.2877548 -0.9426315 0.1692427 0.2922099 -0.9429613 0.1594914 0.2945138 -0.9430528 0.1546388 -0.9609161 -0.2182465 0.1703199 -0.9593793 -0.2257083 0.1692548 -0.9594785 -0.2266004 0.1674912 -0.9600211 -0.2195155 0.1737021 -0.9717546 -0.1503807 0.1818755 -0.9724652 -0.1420896 0.1847215 -0.9821195 -0.03792428 0.1843993 -0.9785212 -0.005029201 0.2060851 -0.9744401 0.1415591 0.1744348 -0.9822883 -0.03713595 0.1836599 -0.9835864 -0.006562292 0.1803191 -0.9774727 0.09697824 0.1874628 -0.9440531 0.2775576 0.178117 -0.9296805 0.3169306 0.1877479 -0.9601522 0.2025404 0.1925753 -0.9207659 0.3306387 0.2070468 -0.9192298 0.3248196 0.2225058 -0.9105688 0.3369315 0.2394614 -0.1628111 0.1173011 0.9796596 -0.1705603 0.1023639 0.9800158 -0.1733832 0.09940582 0.9798249 -0.1760959 0.09481966 0.9797956 -0.1777763 0.09166067 0.9797928 -0.1620194 0.09007769 0.9826677 -0.1667686 0.1027843 0.9806241 -0.1587773 0.08842962 0.9833464 -0.1470894 0.1175894 0.9821088 -0.1818301 0.08854436 0.9793354 -0.1794463 0.09714895 0.9789592 -0.1541185 0.1402834 0.978043 -0.160999 0.1068825 0.9811501 -0.1717156 0.1288139 0.9766887 -0.1772472 0.1428359 0.9737461 -0.1719728 0.1364478 0.9756062 -0.1550055 0.1427528 0.9775454 -0.1537742 0.115306 0.9813552 -0.1584839 0.08509582 0.9836878 -0.1479127 0.1188141 0.9818377 -0.1218746 0.1304865 0.9839308 -0.07944941 0.1509795 0.9853391 -0.1548972 0.08781021 0.9840205 -0.1572764 0.08566647 0.9838321 -0.1596176 0.08331459 0.9836569 -0.1752712 0.1499916 0.9730275 -0.1662491 0.1577116 0.9733902 -0.167027 0.1617884 0.9725875 -0.1699081 0.1673765 0.9711418 -0.1751653 0.1488807 0.9732171 -0.1742358 0.1660204 0.9706077 -0.1794288 0.1702377 0.9689296 -0.1871021 0.1572015 0.9696807 -0.1844543 0.1650939 0.968876 -0.1758644 0.1479151 0.9732384 0.6123182 0.7808743 0.1237009 0.6498984 0.7522742 0.108239 0.64664 0.7270438 0.2307906 0.6168459 0.7863097 0.03490251 0.6718223 0.7405683 -0.01461458 0.7008696 0.7132688 0.005436003 0.8092255 0.5835065 0.06836849 0.8716452 0.4754194 0.1192103 0.8904146 0.4368193 0.1278708 0.84742 0.5170383 0.1206268 0.8930786 0.4300586 0.1321375 0.9083179 0.395901 0.134986 0.908693 0.3955547 0.133468 0.955682 0.2443698 0.1641806 0.9550676 0.2467446 0.1642037 0.9767916 0.08848565 0.1950602 0.9765837 0.08829551 0.1961843 0.1082586 0.9829103 0.1488876 0.1067701 0.9825559 0.1522632 0.1049783 0.9839357 0.1443961 0.1102352 0.9814787 0.156678 0.2515009 0.9552675 0.1556004 0.2697545 0.9498108 0.1584047 0.4502907 0.8798328 0.1520936 0.4526739 0.8783262 0.1537189 0.4944136 0.8555616 0.1535239 0.4945238 0.8549103 0.1567632 0.4946336 0.8548439 0.156779 0.4946271 0.8548477 0.1567786 0.4938411 0.8549872 0.1584862 0.4941517 0.8543751 0.1608021 0.4935778 0.8547132 0.1607686 0.4937326 0.8538967 0.1645865 0.493034 0.8542643 0.1647727 0.4912351 0.8553012 0.1647661 0.6187449 0.7642593 0.1818312 0.4910172 0.8554446 0.1646722 0.6187201 0.7639902 0.1830427 0.7325826 0.6517413 0.1963572 0.7326911 0.6509236 0.1986514 0.7313084 0.6526542 0.1980673 0.731267 0.652703 0.1980589 0.7328938 0.6494827 0.2025806 -0.6239902 -0.7577362 0.1909766 -0.6279399 -0.7522815 0.1994096 -0.5847914 -0.7872958 0.1954085 -0.5865167 -0.7923805 0.1677244 -0.5798088 -0.8100829 0.0871073 -0.5583354 -0.8281912 0.04859 -0.1964059 0.9711225 0.135447 -0.1991822 0.9711057 0.1314541 -0.1966856 0.9713334 0.1335153 -0.1947155 0.9715057 0.1351397 -0.351652 0.9243633 0.1479647 -0.1947248 0.971504 0.1351383 -0.4921835 0.8566568 0.1545787 -0.4930027 0.8565418 0.1525929 -0.4966403 0.8544065 0.1527683 -0.4949437 0.8554494 0.1524367 -0.3523916 0.923833 0.1495084 -0.4973125 0.8543807 0.1507115 -0.4918876 0.8564323 0.1567494 -0.4924548 0.8561002 0.1567829 -0.4914683 0.8560213 0.1602704 -0.4920272 0.8556903 0.1603237 -0.519295 0.8381497 0.1668474 -0.5656462 0.8056997 0.1757625 -0.4917417 0.8557354 0.1609568 -0.4918658 0.8557572 0.1604614 -0.6031721 0.7790716 0.1709704 -0.6560113 0.7401561 0.1477101 -0.6732247 0.7260408 0.1401185 -0.6730154 0.7263887 0.1393193 -0.6532218 0.7444791 0.1380294 -0.6736513 0.7259501 0.1385295 0.1445647 0.1143317 0.9828679 0.1665438 0.09821921 0.9811301 0.163858 0.1011086 0.9812889 0.161135 0.1040334 0.981434 0.1524095 0.1191499 0.9811089 0.168534 0.09540557 0.9810678 0.1611386 0.1040567 0.981431 0.1754632 0.09687083 0.9797086 0.1534592 0.126787 0.9799875 0.1534786 0.1268272 0.9799792 0.1343389 0.146495 0.9800471 0.1377646 0.145043 0.9797875 0.1445309 0.1381798 0.9798047 0.1493176 0.1303274 0.9801627 0.1578872 0.1238551 0.9796589 0.1647943 0.1198658 0.9790174 0.2132112 0.08888566 0.9729544 0.1692203 0.1185362 0.9784241 0.1838054 0.1103488 0.9767491 0.1970655 0.0799933 0.9771214 0.12215 0.09440755 0.9880115 0.1580902 0.1065514 0.981659 0.1502904 0.1098262 0.9825229 0.2290149 0.08526271 0.9696817 0.1908834 0.1243728 0.9737017 0.217155 0.09580135 0.9714246 0.1503639 0.08325791 0.9851188 0.139737 0.1141806 0.9835834 0.1492893 0.08618551 0.9850304 0.09632408 0.1421275 0.9851505 0.1676768 0.1491996 0.9744865 0.1674924 0.1470203 0.9748494 0.1672419 0.1470185 0.9748927 0.6936177 -0.7116211 0.111759 0.6916742 -0.7135694 0.1113802 0.6906734 -0.7138587 0.1156551 0.6941405 -0.7117923 0.1073347 0.6932802 -0.7130927 0.104218 0.6953863 -0.7116697 0.09982132 -0.8357021 0.5391631 0.1044282 -0.7439839 0.6652145 0.06306934 -0.7427645 0.6662682 0.06623899 -0.8338045 0.5418537 0.1056634 -0.9087287 0.3966106 0.1300464 -0.9091602 0.3965986 0.1270327 -0.9091863 0.3966335 0.1267367 -0.9094938 0.3961949 0.1258999 -0.9270825 0.3499239 0.1344293 -0.9262372 0.3518981 0.1351021 -0.9094942 0.3961991 0.1258835 -0.9714693 0.1569384 0.1778138 -0.9730711 0.1452319 0.1789982 -0.9778364 -0.004499733 0.2093223 -0.9779852 -0.005375564 0.2086052 -0.977934 -0.004158437 0.2088729 -0.9783302 -0.006107628 0.2069608 -0.3572567 0.9276053 0.1091608 -0.3573006 0.9275689 0.1093264 -0.3571594 0.9276217 0.1093399 -0.3571343 0.9276165 0.1094662 0.2800643 0.9527143 0.1178962 0.2771626 0.9546228 0.1089789 0.2812457 0.9528702 0.1137514 0.2846371 0.9508343 0.1220483 0.2813625 0.9516576 0.1232191 0.2867546 0.9495437 0.1270382 0.2121651 0.9756409 0.05577409 0.2411222 0.9704918 -0.002410054 0.2468242 0.9562261 0.1571924 0.2120595 0.9746889 -0.07079815 0.2495917 0.9639921 -0.09177857 0.1967698 0.9619995 -0.1893114 0.6857637 0.7246765 0.06761872 0.6818684 0.7287894 0.0626226 0.6887332 0.722116 0.06477016 0.6901317 0.7207366 0.06524741 0.6871606 0.7215289 0.08489048 0.6827414 0.7254104 0.08743089 0.6841077 0.7240813 0.08776676 0.6908371 0.7174476 0.08951598 -0.7474259 0.6603305 0.07292699 -0.7492204 0.6594288 0.06182605 -0.747049 0.6619647 0.06099689 -0.7489716 0.6589323 0.06964051 -0.7507164 0.6569104 0.06995594 -0.7506844 0.6569465 0.06995952 -0.7470772 0.6619336 0.06098878 -0.7504855 0.658177 0.05978918 -0.3532 0.9355467 -0.001482069 -0.3588927 0.9332711 -0.01419258 -0.3524859 0.9357845 -0.007820725 -0.3461351 0.9381771 0.003795504 -0.3507366 0.936457 0.005684554 -0.3423995 0.939498 0.01031416 -0.2322625 0.9578714 -0.1689283 -0.1789776 0.965302 -0.1901556 -0.2442545 0.9645993 -0.0994392 -0.2754045 0.9595177 -0.0589773 -0.2282487 0.953787 -0.1954298 -0.1741935 0.9649932 -0.1960737 -0.2710601 0.9583393 -0.09006828 -0.6229504 0.7706311 -0.1343899 -0.6405014 0.06204503 0.7654466 0.9466349 0.3222724 0.004781067 0.9442865 0.3289713 0.01004892 0.9431477 0.3323027 0.006881713 0.9465609 0.3224829 0.005243599 0.945319 0.3249753 0.02762496 0.9433515 0.3304499 0.02984833 0.9443892 0.3273724 0.03092283 0.9472882 0.3185725 0.03401058 -0.9710492 0.2385967 0.01162081 -0.9696975 0.2441067 0.009931921 -0.9687798 0.2475053 0.01439088 -0.9694723 0.2451153 -0.00648576 -0.9681302 0.2503488 -0.007024526 -0.9712316 0.2378645 0.01138907 -0.9687525 0.2478771 -0.008700013 -0.970444 0.2409547 -0.01338922 -0.9910964 -0.0705282 -0.1129326 -0.9906592 -0.07427948 -0.1143549 -0.9907485 -0.07078403 -0.1157891 -0.9667465 -0.2338252 -0.1035727 -0.9905307 -0.07224315 -0.1167474 -0.990601 -0.07401466 -0.1150287 -0.9661704 -0.2358641 -0.1043216 -0.9166033 -0.3913305 -0.08184647 -0.9167288 -0.391388 -0.08014959 -0.8931519 -0.4438346 -0.07273733 -0.8977292 -0.4353151 -0.06769895 -0.8107545 -0.5853546 -0.006086468 -0.7500135 -0.6612011 0.01711428 -0.6850152 -0.725878 0.06209266 -0.6472733 -0.76153 0.03330975 -0.6387292 -0.7691316 -0.0214883 -0.611515 -0.7895886 -0.05098474 -0.9002751 0.3907308 -0.1919225 -0.9027174 0.3838272 -0.1943661 -0.8972492 0.3941568 -0.1989582 -0.9052336 0.3816376 -0.1868283 -0.901988 0.3924163 -0.1800751 -0.9045897 0.3877063 -0.1772045 -0.9020513 0.3968803 -0.1696752 -0.6475158 0.7541452 -0.1094909 -0.6333453 0.7658118 -0.1113833 -0.6288723 0.7728955 -0.08457082 -0.6448282 0.7522804 -0.1351701 -0.6386492 0.7500642 -0.1718454 -0.6456845 0.736871 -0.2002816 0.103549 0.9919174 -0.07333064 0.09472739 0.9908521 -0.09611988 0.101319 0.9910056 -0.08742064 0.1116181 0.9915212 -0.06653738 0.1053807 0.9923239 -0.06471604 0.1157884 0.9915102 -0.0591675 0.9931086 0.01965016 -0.1155397 0.9930512 0.01382941 -0.1168677 0.9928815 0.0175634 -0.1178041 0.9921351 0.01720017 -0.1239844 0.9925415 0.01511371 -0.1209677 0.9923639 0.01350229 -0.1226034 0.9835906 -0.1448715 -0.1075261 0.9923661 0.01340883 -0.122596 0.9841103 -0.1395365 -0.1098023 0.950578 -0.2978559 -0.0876556 0.9348799 -0.3456332 -0.08085465 0.9351052 -0.3449712 -0.08107525 0.9172253 -0.3919239 -0.07136839 0.8454024 -0.5328202 -0.0373848 0.8441408 -0.5349252 -0.03579771 0.7494962 -0.6620078 -9.87076e-4 0.7498918 -0.6614981 -0.009091317 0.7499822 -0.6613649 -0.0111007 0.5420073 0.8289239 -0.1382509 0.5491777 0.8250679 -0.1329167 0.5428963 0.828568 -0.1368895 0.550914 0.8232761 -0.1367859 0.548577 0.8279407 -0.1165229 0.5552143 0.8238989 -0.1137014 0.5553263 0.8238343 -0.1136215 0.5545212 0.8245511 -0.1123469 0.5469166 0.829593 -0.1125066 0.5555767 0.824072 -0.1106352 0.8694546 0.4726872 -0.1435818 0.8687946 0.4723119 -0.14872 0.8708862 0.4710946 -0.1400969 0.8671721 0.4743269 -0.1517455 0.869586 0.4701747 -0.1508513 0.8695286 0.4702812 -0.1508498 0.8660883 0.4753229 -0.1547878 -0.9742662 -0.2189736 -0.05344283 -0.9749385 -0.2158624 -0.05383855 -0.9754325 -0.2147368 -0.04918909 -0.9739146 -0.2192993 -0.05829268 -0.9740328 -0.2177565 -0.0619859 -0.9730641 -0.2206102 -0.0669133 0.9882633 -0.1460991 -0.04461836 0.9889237 -0.1383417 -0.05377286 0.9879866 -0.1465529 -0.04903793 0.9873674 -0.1515809 -0.04614114 0.9889602 -0.1450632 -0.03023785 0.989594 -0.1420494 -0.02292793 -0.9901463 0.003867447 -0.1399831 -0.9902808 0.004850864 -0.1389977 -0.9902791 0.004011332 -0.1390373 -0.9904754 0.005036294 -0.1375978 -0.5081652 -0.8532534 -0.1171619 -0.6431867 -0.757353 -0.1128159 -0.5079227 -0.8533897 -0.1172212 -0.5063218 -0.8543478 -0.1171671 -0.7596413 -0.6408449 -0.1107382 -0.7603319 -0.6400086 -0.110835 -0.6434032 -0.7573358 -0.1116902 -0.7603206 -0.6400219 -0.1108356 -0.5061648 -0.8536312 -0.1229267 -0.5065678 -0.853729 -0.1205648 -0.5057317 -0.8538569 -0.1231426 -0.7584456 -0.6418017 -0.113362 -0.5057395 -0.8538506 -0.1231544 -0.5064122 -0.8534474 -0.1231842 -0.505388 -0.8535235 -0.1268096 -0.505071 -0.8532269 -0.1300289 -0.5060362 -0.8531173 -0.1269575 -0.5060619 -0.8531026 -0.1269547 -0.5057685 -0.852758 -0.1303918 0.5511942 -0.827129 -0.1097394 0.5069509 -0.8543809 -0.1141672 0.5530284 -0.8257533 -0.1108656 0.5068307 -0.8544513 -0.1141741 0.7064931 -0.7017264 -0.09191155 0.7181758 -0.689915 -0.09077984 0.8115191 -0.5800858 -0.07026493 0.8116457 -0.5798802 -0.07050079 0.5068447 -0.8544424 -0.1141787 0.8114454 -0.5801721 -0.07040405 0.8117081 -0.5797408 -0.07092797 0.5068402 -0.8544529 -0.11412 0.5066465 -0.8539016 -0.1190017 0.5070677 -0.8538067 -0.1178837 0.5064281 -0.8540368 -0.1189616 0.5064538 -0.8540213 -0.1189632 0.5067359 -0.8530358 -0.1246947 0.5058404 -0.8536199 -0.1243329 0.5038638 -0.854548 -0.1259725 0.5046036 -0.8543115 -0.1246075 0.5067335 -0.8530405 -0.1246727 0.5044666 -0.8541578 -0.1262058 0.9912962 0.002645134 -0.1316244 0.9914227 0.002419233 -0.1306723 0.9914263 0.003206014 -0.1306287 0.9916022 0.002860963 -0.1292945 -0.06267005 -0.05762451 0.9963694 -0.06902229 -0.05155599 0.9962821 -0.06092101 -0.0565595 0.9965389 -0.06726825 -0.05071258 0.9964454 -0.0588333 -0.05669432 0.9966567 -0.05946654 -0.0558741 0.9966654 -0.06543922 -0.06365311 0.9958243 -0.0652036 -0.05651414 0.9962704 -0.07628351 -0.04902791 0.9958801 -0.05936682 -0.05219453 0.9968708 -0.06978064 -0.04530793 0.996533 -0.04887908 -0.05404877 0.9973413 -0.04827392 -0.0557329 0.997278 -0.06559491 -0.0641241 0.9957838 -0.06775921 -0.05342692 0.9962702 -0.0680958 -0.05384117 0.9962249 -0.04730951 -0.05892342 0.9971409 -0.05646693 -0.05301392 0.9969961 -0.07366061 -0.05257189 0.9958968 -0.07359206 -0.05082666 0.9959924 -0.0738545 -0.05312335 0.9958531 -0.0753836 -0.0435369 0.9962038 -0.04947489 -0.06498229 0.9966593 -0.09441721 -0.03839451 0.9947922 -0.06454992 -0.06483739 0.9958059 -0.05575877 -0.07008302 0.9959816 -0.07143956 -0.05887609 0.9957058 -0.08532536 -0.04999572 0.9950981 -0.08086568 -0.05313152 0.995308 -0.07350492 -0.05338865 0.9958649 -0.07350492 -0.05338865 0.9958649 -0.06451559 -0.04235816 0.9970174 -0.06837308 -0.0493983 0.9964362 -0.07400006 -0.05261617 0.9958693 0.04262399 -0.04860961 0.997908 0.04655689 -0.04621905 0.9978459 0.0550543 -0.06175768 0.9965717 0.05527186 -0.05248785 0.9970908 0.04000252 -0.05133253 0.9978802 0.03925263 -0.05320763 0.9978118 0.05386668 -0.04275763 0.9976323 0.03936576 -0.05404955 0.997762 0.05933362 -0.042194 0.9973462 0.06356078 -0.04409205 0.9970035 0.03927475 -0.05440956 0.9977461 0.03977102 -0.05546337 0.9976683 0.04312169 -0.05725163 0.9974281 0.06744563 -0.04579585 0.9966714 0.06936579 -0.04829162 0.9964218 0.04765152 -0.06084924 0.997009 0.05207377 -0.0620622 0.9967129 0.05751389 -0.06193107 0.9964219 0.06361907 -0.05934435 0.9962083 0.06695872 -0.0577948 0.9960805 0.06978094 -0.055875 0.9959963 0.07090008 -0.05367249 0.9960384 0.07101643 -0.05292975 0.9960699 0.07110339 -0.05161052 0.9961329 0.07096415 -0.05035716 0.9962069 0.05094283 -0.05019909 0.9974392 0.05503904 -0.04398524 0.9975149 0.05503904 -0.04398524 0.997515 0.06682336 -0.05302447 0.9963549 0.05703222 -0.04724168 0.997254 0.8542032 0.5093203 0.1045466 0.8540589 0.5110632 0.09694367 0.8544785 0.5098648 0.09952133 0.8551484 0.5073483 0.1063908 0.853319 0.51054 0.1058096 0.8553076 0.5068674 0.1073986 0.5353001 0.8428832 0.054789 0.5236456 0.8502312 0.05387198 0.5214864 0.8519118 0.04794222 0.5345923 0.8425918 0.06519424 0.5243985 0.8461503 0.0950582 0.5388677 0.8361022 0.1027368 0.5152042 0.8509651 0.1020941 -0.05925488 0.0476858 0.9971033 -0.06774491 0.03374296 0.997132 -0.07012981 0.03926223 0.996765 -0.08696401 0.02492529 0.9958996 -0.0805785 0.03897851 0.9959859 -0.0966925 -0.01421767 0.9952129 -0.07400339 0.0339936 0.9966785 -0.10205 -0.01908415 0.9945962 -0.07733422 0.04421293 0.9960244 -0.0824424 0.04386669 0.99563 -0.07625448 0.08142459 0.9937582 -0.1054913 0.07453745 0.9916229 -0.0839889 0.05318289 0.9950465 -0.06061333 0.1037998 0.9927496 -0.1061962 0.04417616 0.9933634 -0.07629793 0.04601103 0.9960229 -0.07926875 0.04519885 0.9958281 -0.1131538 0.00641185 0.9935569 -0.08500951 0.0418117 0.9955025 -0.09416753 -0.01764756 0.9954 -0.06611961 0.06460869 0.9957178 -0.008884072 0.1202876 0.9926993 0.053465 0.1173652 0.9916487 -0.1380475 -1.96482e-4 0.9904256 -0.08365529 0.1478952 0.9854587 -0.074247 0.147301 0.9863011 -0.0981189 0.1500315 0.9838005 -0.06544214 0.1477316 0.98686 -0.06026101 0.1467797 0.987332 -0.0567708 0.1482355 0.9873213 -0.05538392 0.1479285 0.9874461 -0.05832409 0.1469542 0.9874224 -0.05495679 0.1478298 0.9874848 -0.05313861 0.1486488 0.9874613 -0.05109608 0.1495884 0.9874273 -0.04974925 0.1504244 0.9873691 -0.05322831 0.1469426 0.9877119 -0.08150851 0.1142022 0.9901082 -0.07250076 0.1317344 0.9886302 -0.1539853 0.143747 0.9775609 -0.1661583 0.07752597 0.983047 -0.1556226 -0.007674336 0.9877868 -0.06516188 0.0215739 0.9976416 -0.1421924 -0.005295038 0.9898249 -0.1661196 0.07750046 0.9830554 -0.1299221 -0.009645223 0.9914774 -0.1608505 -0.02600133 0.9866364 -0.1844287 -0.2354403 0.9542296 -0.1224322 -0.1623038 0.9791159 -0.2146078 -0.2931808 0.9316591 -0.06792914 -0.13463 0.9885649 -0.1656424 -0.02225071 0.9859349 -0.1656359 -0.0222392 0.9859363 -0.166406 -0.02833598 0.9856501 -0.1672185 -0.04917162 0.9846929 -0.1651982 -0.02320849 0.9859874 -0.1670565 -0.0248897 0.9856332 -0.1652569 -0.02200633 0.9860051 -0.1679657 -0.02592355 0.985452 -0.1681275 -0.02614569 0.9854186 -0.1111691 -0.1400376 0.9838857 -0.05566996 -0.1241375 0.9907022 -0.1032707 -0.1050876 0.9890864 -0.09768342 -0.1173127 0.9882792 -0.165908 -0.04802745 0.9849711 -0.1634767 -0.1445533 0.9758994 -0.09246659 -0.1107947 0.9895325 -0.09249019 -0.1108366 0.9895256 -0.1060856 -0.1017234 0.9891402 -0.1055864 -0.1019507 0.9891702 -0.1055762 -0.1019546 0.9891709 -0.1055676 -0.101952 0.9891721 -0.05864793 -0.08273154 0.9948447 -0.05393749 -0.08111882 0.9952439 -0.05971425 -0.08536535 0.9945588 -0.06514835 -0.09011322 0.9937985 -0.07144862 -0.09667146 0.9927486 -0.07865995 -0.09717601 0.992154 -0.08397287 -0.1024013 0.9911925 -0.09244465 -0.1107602 0.9895384 -0.1358925 -0.1080152 0.9848178 -0.1295008 -0.09035384 0.9874542 -0.1656544 -0.06405055 0.9841017 -0.1625018 -0.06989371 0.9842298 -0.1626276 -0.0737152 0.9839301 -0.1591196 -0.07265317 0.9845824 -0.05470573 0.1588599 0.9857844 -0.05762588 -0.1157982 0.9915997 -0.05980306 -0.1102314 0.9921051 -0.05695068 0.154726 0.9863146 -0.1382651 -0.0496357 0.9891508 -0.168459 -0.07631397 0.9827501 0.07017457 0.04479801 0.9965284 0.09214055 0.03056204 0.995277 0.06581747 0.03381145 0.9972587 0.06606566 0.02502018 0.9975016 0.06185346 0.04072254 0.9972543 0.03701943 0.07956367 0.9961422 0.04100519 0.07516652 0.9963276 0.07430291 0.03837418 0.9964971 0.07206004 0.04598307 0.9963397 0.06492382 0.04623532 0.9968186 0.06926494 0.07994133 0.9943902 0.02496045 0.07691699 0.9967251 0.08239412 0.05763971 0.9949316 0.07582122 0.05849832 0.9954041 0.1008583 -0.002252399 0.9948983 0.07815438 0.02633953 0.9965933 0.08659249 -0.034891 0.9956327 0.02350264 0.1045119 0.994246 -0.01545512 0.08022892 0.9966567 0.05110836 0.09990721 0.9936833 0.1129186 0.04911595 0.9923896 0.1349174 -0.01210922 0.9907829 0.1234685 -0.008325338 0.9923136 0.1633329 0.09589636 0.9818993 0.1633605 0.09588366 0.981896 0.1365562 -0.03066951 0.9901576 0.1343841 -0.01249164 0.9908507 0.06173604 0.1270681 0.9899709 0.05104237 0.1202901 0.9914258 0.03648543 0.1320513 0.9905712 0.05853968 0.1325507 0.9894461 0.03656446 0.1273154 0.9911882 0.04692661 0.1470763 0.9880114 0.04678666 0.1471349 0.9880093 0.04825437 0.1478152 0.9878371 0.05045551 0.146472 0.9879273 0.05328547 0.1461651 0.9878241 0.05941259 0.1458927 0.9875148 0.06238657 0.1461103 0.9872992 0.07731872 0.1468817 0.9861276 0.04067331 0.1489964 0.9880009 0.03752005 0.1522121 0.9876355 0.04016065 0.1508173 0.9877456 0.04290157 0.1498165 0.9877826 0.04526472 0.1477188 0.9879931 0.1348665 -0.04493027 0.9898447 0.1440902 -0.01792073 0.9894023 0.1399737 -0.0174694 0.9900012 0.1569571 -0.02356576 0.9873243 0.1590777 -0.02546292 0.9869377 0.1570855 -0.02204734 0.9873389 0.1570188 -0.02130001 0.9873659 0.1581047 -0.02339577 0.9871452 0.1576393 -0.05174732 0.9861401 0.1585113 -0.04996615 0.9860921 0.1587695 -0.02739071 0.9869357 0.06088906 -0.1083928 0.9922417 0.08041054 -0.09408783 0.9923112 0.06311839 -0.1161558 0.9912235 0.05214798 -0.1300038 0.9901412 0.05238801 -0.1296487 0.9901751 0.1056624 -0.09188199 0.9901481 0.08647054 -0.09862774 0.9913605 0.05346864 -0.1269991 0.9904606 0.1574905 -0.1026225 0.9821738 0.1576169 -0.0634638 0.985459 0.1154726 -0.09641325 0.9886205 0.09218746 -0.1082919 0.9898355 0.05453997 -0.1243742 0.9907354 0.1235074 -0.1059132 0.9866755 0.1177399 -0.1049859 0.9874793 0.05506908 -0.1211735 0.9911026 0.1273679 -0.1090212 0.9858458 0.1443674 -0.08688551 0.9857023 0.1444651 -0.09460914 0.9849767 0.1559585 -0.07211935 0.9851273 0.1550391 -0.07351511 0.9851693 0.1540965 -0.07484537 0.985217 0.1543978 -0.07402133 0.9852321 0.1545985 -0.07358318 0.9852334 0.1558734 -0.06962442 0.9853203 0.05589097 -0.1162865 0.991642 0.05125772 -0.1132195 0.9922471 0.05590152 -0.1162866 0.9916413 0.03542786 -0.124708 0.9915609 0.04727244 -0.1125127 0.9925253 0.03230196 -0.1328918 0.9906041 0.03228992 -0.1327859 0.9906187 0.1577071 -0.02687525 0.9871202 0.04822397 -0.13125 0.9901757 0.05334872 -0.1240293 0.9908434 0.03770387 -0.1350129 0.9901262 0.05777943 -0.1040881 0.9928884 0.05074769 -0.107609 0.9928973 0.04931098 0.1559019 0.986541 0.04840493 0.1544406 0.9868157 -0.7456167 0.6585741 0.1016663 -0.7456148 0.6585718 0.1016954 -0.7456321 0.6585519 0.1016972 -0.745562 0.6586342 0.1016782 -0.7456245 0.658566 0.101661 -0.3580244 0.926194 0.118251 -0.3492504 0.9259828 0.1434577 -0.358367 0.9241589 0.1323008 -0.3696941 0.9230656 0.1061895 -0.3633602 0.9261134 0.1014075 -0.3761437 0.9221582 0.09022355 0.09833306 0.9944332 0.03785783 0.07899248 0.9960639 0.04021215 0.0715897 0.9972516 0.01908034 0.102649 0.9925356 0.06585031 0.1001281 0.9893558 0.1055921 0.1138886 0.9848138 0.1310395 0.4866672 -0.8687811 0.09151297 0.4869266 -0.8686518 0.09135955 0.4865232 -0.8688842 0.09129953 0.4870601 -0.8686861 0.09031611 0.4874452 -0.8687804 0.08728033 0.4867598 -0.8689046 0.0898329 0.4867218 -0.8689245 0.0898447 0.4877901 -0.8688288 0.08483695 0.4870771 -0.868978 0.08736902 0.4885933 -0.8683641 0.08497327 0.4880528 -0.8686167 0.08549612 0.5179228 -0.8504986 0.09169572 0.4875307 -0.8689326 0.0852648 0.4872681 -0.869055 0.0855174 0.5166485 -0.8512796 0.09163868 0.6019595 -0.790576 0.1124035 0.6073113 -0.7866447 0.11119 0.6608858 -0.7412315 0.1174989 0.6656638 -0.7373864 0.1146877 0.6606374 -0.7419539 0.1142923 0.6665294 -0.7368175 0.1133069 0.9953859 0.006314635 0.09574562 0.9953858 0.006307065 0.09574687 0.9951018 0.006040334 0.09867197 0.9951025 0.006041109 0.09866529 0.9951311 0.006559073 0.09834194 0.9947378 0.006328046 0.1022586 0.994845 0.006460368 0.1012015 0.996231 0.007612764 0.08640575 0.9948416 0.006759285 0.1012147 0.9961732 0.008152484 0.08702033 0.9961708 0.008415341 0.08702367 0.9823228 -0.1503921 0.1114649 0.9961706 0.008418083 0.08702486 0.9823534 -0.1497855 0.1120098 0.942471 -0.3050775 0.1366611 0.9423276 -0.3053298 0.1370853 0.9426416 -0.3042047 0.1374282 0.9657031 -0.2471119 0.07970738 0.9657073 -0.2470986 0.07969778 0.9940322 -0.05536878 0.09399193 0.9942068 -0.05454063 0.09261876 0.9657056 -0.2471053 0.07969677 0.9657042 -0.2471088 0.0797044 0.9844889 0.1385009 0.1076994 0.9847868 0.1351057 0.1092775 0.9841176 0.1399807 0.1091692 0.9847766 0.1348749 0.109653 -0.9869222 -0.142786 0.07481116 -0.9870823 -0.1411589 0.07578223 -0.9947143 0.05170273 0.08871567 -0.9869251 -0.1427052 0.07492804 -0.9872326 -0.1404367 0.07516241 -0.9946148 0.05240947 0.08941203 -0.9651325 0.2431403 0.09696471 -0.9651376 0.2431272 0.09694719 -0.9651316 0.2431477 0.09695541 -0.9651399 0.2431261 0.09692698 0.1089397 0.9925712 0.05417066 0.1268463 0.9853701 0.1138234 0.110997 0.9896098 0.09138935 0.08420354 0.9959082 0.03281348 0.1017374 0.9944093 0.02827823 0.07478821 0.9971083 0.01347869 -0.9961912 0.006368279 0.08696478 -0.9962112 0.006707549 0.08670902 -0.9963033 0.006255686 0.08567798 -0.996177 0.008141636 0.08697789 -0.995688 0.007531881 0.09245997 -0.9960554 0.007776081 0.08839273 -0.996152 0.007870554 0.08728957 -0.9961881 0.006728291 0.08697152 -0.9952589 0.009287953 0.09681713 -0.9953613 0.009252369 0.09576296 -0.9959237 0.0100001 0.08964431 -0.9955791 0.0104736 0.09334158 -0.9952774 0.00927335 0.0966283 -0.995573 0.01062345 0.09339028 -0.9967818 0.007355511 0.07982474 -0.996398 0.009456813 0.08427178 -0.9951595 -0.04566967 0.0870167 -0.9951791 -0.04384309 0.08772921 -0.9623895 -0.2433323 0.1208141 -0.9614654 -0.2474209 0.1198632 -0.9103116 -0.3872676 0.1461395 -0.9089652 -0.389855 0.1476325 -0.9105461 -0.3863008 0.1472333 -0.9089295 -0.3899066 0.1477164 -0.9102495 -0.3846334 0.1533072 -0.9096991 -0.3868619 0.1509486 -0.9100091 -0.3870406 0.1486039 -0.4886278 -0.8681066 0.08737152 -0.4883903 -0.8683313 0.08646172 -0.4887946 -0.8681364 0.08613431 -0.4885573 -0.8683788 0.08502995 -0.488842 -0.8681399 0.08582949 -0.4887367 -0.8684104 0.08366644 -0.4891457 -0.8682038 0.08341884 -0.4889138 -0.8684498 0.08220922 -0.4894047 -0.8682752 0.08112412 -0.4893966 -0.8682765 0.0811606 -0.4895874 -0.868167 0.08118069 -0.4892793 -0.8683769 0.0807932 -0.4898507 -0.8680463 0.08088266 -0.4891924 -0.8683462 0.08164364 -0.6203984 -0.7769994 0.1066683 -0.4890322 -0.8684687 0.08130025 -0.4901923 -0.8677814 0.08165234 -0.7350353 -0.6649618 0.1324726 -0.7340911 -0.6660202 0.1323912 -0.6213338 -0.7763455 0.1059812 -0.734091 -0.6660201 0.1323922 -0.7356939 -0.6634231 0.1364707 -0.7349343 -0.6646597 0.1345324 -0.3722151 0.9263115 0.058335 -0.3795821 0.9230451 0.0624932 -0.3843137 0.9221073 0.04495823 -0.3687691 0.9263544 0.0766614 -0.3709113 0.9241569 0.09142714 -0.3627667 0.9260362 0.1041982 0.7412648 -0.6700968 0.03868728 0.7421413 -0.669131 0.03860253 0.7412182 -0.6701566 0.03854542 0.7412832 -0.6700969 0.03833299 0.7411713 -0.6702128 0.03847235 -0.8560536 -0.5152906 0.04059678 -0.8558338 -0.5154733 0.04284876 -0.8587606 -0.5105454 0.04328644 -0.8548631 -0.5159687 0.05463939 -0.857817 -0.5120105 0.04466897 -0.8566803 -0.5132023 0.05217546 -0.8567787 -0.5132795 0.04974466 0.5389292 0.8423489 0.001949906 0.5463725 0.8369015 0.03275823 0.5402538 0.8412377 0.02110219 0.5291884 0.8484814 -0.006242752 0.5385535 0.8425651 -0.006666362 0.5268651 0.8498774 -0.01102966 -0.7518712 0.6591845 0.01286965 -0.7519084 0.6591379 0.01308172 -0.7517642 0.6593019 0.01309996 -0.7518192 0.6592361 0.01325947 0.3503388 -0.9357884 0.03953242 0.3354405 -0.9387928 0.07840776 0.3506901 -0.9344415 0.0619319 0.3711243 -0.9283558 0.02055209 0.3592963 -0.9331303 0.01320058 0.3817247 -0.9242672 -0.004072785 0.8616826 0.5073974 0.007160902 0.8592405 0.5114629 -0.01055163 0.8609463 0.5086749 -0.004639685 0.8643583 0.5027527 0.01115959 0.8611173 0.5082868 0.01102781 0.865032 0.5015358 0.01347249 -0.5395362 -0.8416807 -0.02178126 -0.5315008 -0.8467561 -0.02260804 -0.5295379 -0.8478016 -0.02867233 -0.5392138 -0.8420663 -0.01314854 -0.5382935 -0.8427478 0.004058003 -0.5425587 -0.8398793 0.01525998 -0.09146261 -0.9923115 -0.08338105 -0.1107431 -0.9935852 -0.0229057 -0.09218555 -0.9945778 -0.04813504 -0.0643748 -0.9924287 -0.1046001 -0.08303046 -0.9906044 -0.1086696 -0.05554151 -0.991042 -0.121454 -0.0986365 -0.991198 -0.08830362 -0.07911306 -0.9931371 -0.08613842 -0.0718643 -0.9917851 -0.1058198 -0.1039451 -0.9927449 -0.06044095 -0.1009599 -0.9946479 -0.0219739 -0.1161236 -0.9932197 0.005479156 -0.5282991 -0.8463059 -0.0683133 -0.5330019 -0.8446982 -0.04892885 -0.5290732 -0.846705 -0.05632305 -0.5223734 -0.8494582 -0.07447564 -0.527632 -0.8461696 -0.074844 -0.5202553 -0.8503134 -0.07938295 -0.8569585 -0.5115848 -0.06247627 -0.8539456 -0.5165324 -0.06301689 -0.8532354 -0.5174135 -0.06536573 -0.856648 -0.512543 -0.0587694 -0.9392972 -0.3396586 -0.04850727 -0.9444875 -0.32538 -0.04551196 -0.9886111 -0.14293 -0.04710859 -0.989198 -0.139408 -0.04530763 -0.9981186 0.05302703 -0.03078371 -0.9981006 0.05424439 -0.02920293 -0.9694887 0.2444875 -0.01782089 -0.9694981 0.244453 -0.01778388 -0.969478 0.2445357 -0.01774406 -0.9694739 0.2445596 -0.01763457 0.9689248 -0.2447904 -0.03553318 0.96889 -0.2449524 -0.03536349 0.9982837 -0.05275589 -0.0254299 0.968917 -0.2448403 -0.03540068 0.9689025 -0.2449097 -0.03531867 0.9982594 -0.05421733 -0.02321362 0.9903103 0.1387515 -0.005803465 0.991041 0.1335136 -0.003445684 0.9899976 0.1410427 -0.003446817 0.9910771 0.1332581 -0.002901375 0.7413408 -0.6691785 -0.05112838 0.7414526 -0.6690365 -0.05136305 0.7413071 -0.6691977 -0.05136466 0.7414598 -0.669008 -0.05163049 0.3606778 -0.9320746 -0.03388983 0.3715313 -0.9279911 -0.02823287 0.3782024 -0.9242872 -0.05154019 0.3555958 -0.9345942 -0.009238481 0.3583949 -0.9335085 0.01072967 0.3467329 -0.9375675 0.02726894 -0.7110111 0.6999061 -0.06778484 -0.9534861 0.2899677 -0.08236008 -0.9542738 0.2855387 -0.08848321 -0.9494141 0.2986538 -0.09705102 -0.9538627 0.2952734 -0.05440288 -0.956565 0.2841236 -0.06524759 -0.9876695 0.152249 -0.03645986 -0.9885452 0.1450574 -0.04167491 -0.999486 -9.12425e-4 -0.03204882 -0.9994542 -0.001163423 -0.0330187 -0.9994562 -9.80145e-4 -0.03296077 -0.9994211 -0.001225173 -0.03400331 -0.9994509 -8.23942e-4 -0.03312635 -0.9994204 -0.001211881 -0.03402185 -0.9994243 -0.001266658 -0.0339027 -0.9994692 -0.001944541 -0.03252351 -0.9995306 -0.001344084 -0.0306074 -0.9984009 -0.05317312 -0.01919424 -0.9995307 -0.001383185 -0.03060317 -0.9996029 -0.001337051 -0.02815067 -0.9977855 -0.06194615 -0.0242241 -0.9732031 -0.2275787 0.03292298 -0.9464725 -0.3189982 0.0492959 -0.9102548 -0.4049182 0.08647215 -0.8911522 -0.4504139 0.05454635 -0.8890364 -0.4578365 -1.84257e-5 -0.8736121 -0.4856112 -0.03136813 -0.8736194 -0.4855979 -0.03136682 -0.7139979 0.6984683 0.04846841 -0.7108935 0.7019746 0.04315179 -0.7074317 0.7052689 0.04621994 -0.7048248 0.7079305 0.04535019 -0.7094768 0.7040442 0.03105705 -0.5926638 0.8054324 -0.005323529 -0.6517357 0.7584457 -8.30738e-4 -0.5297235 0.8477028 -0.0281645 -0.4907268 0.8709186 -0.02622967 -0.4904719 0.8710682 -0.02603262 -0.4893161 0.8717197 -0.02597403 -0.4901291 0.8712543 -0.02626037 -0.4906305 0.8709775 -0.02607697 -0.4905236 0.8710317 -0.02628099 -0.4927237 0.8697842 -0.02643537 -0.4922417 0.8700579 -0.02640891 -0.4911707 0.8702471 -0.0377013 -0.4924893 0.8699094 -0.02668488 -0.4913316 0.8701564 -0.03769892 -0.4923736 0.8697928 -0.03207427 -0.4916875 0.8698871 -0.03924256 -0.4917778 0.8698345 -0.03927767 -0.492097 0.869562 -0.04125982 -0.9509578 0.2994193 -0.07763546 0.8243389 0.5646504 -0.04044115 0.9433851 0.3262259 -0.06001162 0.8780134 0.4762095 -0.04813694 0.9629875 0.2616629 -0.06471198 0.7311185 0.6774851 -0.08049786 0.7275069 0.6817794 -0.07688105 0.7215527 0.6889382 -0.06874597 0.7307172 0.6793273 -0.06757855 0.7256008 0.6856935 -0.05768913 0.9560319 0.2758867 -0.09944695 0.7179388 0.6935028 -0.06014937 0.7323846 0.6801881 -0.03093558 0.5924581 0.8051989 -0.02546089 0.961537 0.2608218 -0.08613288 0.9747756 0.2208325 -0.032337 0.7323721 0.6802028 -0.03090977 0.9938895 0.1087268 -0.01903396 0.9811981 0.1928613 0.007414162 0.9996753 0.01180052 -0.02258974 0.9988558 0.04160398 -0.02358502 0.6195591 0.7844952 -0.02671587 0.9997511 -0.002375304 -0.02218526 0.4919166 0.8703719 -0.02169829 0.4910138 0.8708821 -0.02168005 0.4925965 0.8699892 -0.02161955 0.4935759 0.8694298 -0.02179205 0.492559 0.8699456 -0.02409237 0.4939289 0.8690293 -0.02868127 0.4932633 0.8695455 -0.02412766 0.4931355 0.8696172 -0.02415812 0.9997592 -0.002372384 -0.02181863 0.9997594 -0.00236392 -0.02181041 0.9997611 -0.002407371 -0.02172458 0.9997586 -0.002349317 -0.02185171 0.4929132 0.8694332 -0.03350335 0.493141 0.8691876 -0.03639823 0.999772 -0.002304196 -0.0212301 0.9997667 -0.002391934 -0.0214737 0.9997743 -0.002315878 -0.0211187 0.9997724 -0.002382099 -0.02120512 0.9997792 -0.00187993 -0.02093237 0.4932004 0.8691313 -0.0369355 0.9997825 -0.00188601 -0.02077251 0.9868376 -0.1615927 0.006265342 0.9998163 -0.001865327 -0.01907974 0.9866449 -0.1627079 0.007622838 0.9480087 -0.3173139 0.02432322 0.9481545 -0.3170425 0.02207577 0.1307349 0.0380395 0.9906874 0.0909115 0.06482183 0.9937471 0.1384358 0.02642983 0.9900187 -0.03574812 0.07190757 0.9967705 0.01939916 -0.002463579 0.9998088 0.01940429 -0.002509117 0.9998086 -0.01139229 -0.002429366 0.9999322 0.01938182 -0.00246787 0.9998091 0.02609169 0.007766604 0.9996294 0.0193699 -0.002434909 0.9998095 0.02024352 -0.004364192 0.9997856 0.005892217 0.0192207 0.9997979 0.005928218 0.01918417 0.9997984 0.01094913 0.01564699 0.9998176 0.01339429 0.006631612 0.9998883 -0.07284027 0.07835394 0.994261 -0.07286077 0.07837462 0.9942579 -0.05803275 0.0673688 0.996039 -0.001105785 0.02497017 0.9996877 0.01539754 0.03719025 0.9991897 0.3275215 0.008069455 0.9448093 -0.02599239 -0.03669899 0.9989883 -0.01464354 -0.03257471 0.9993621 -0.003353297 -0.0760833 0.9970959 -0.1197304 -0.06436318 0.990718 -0.2092186 -0.08276754 0.9743599 0.01192736 -0.0229234 0.9996662 0.02160167 -0.0207836 0.9995507 -0.01654624 0.01741331 0.9997115 -0.01652932 0.01740437 0.9997119 -0.02608531 -0.007988154 0.9996278 -0.03264987 0.004054307 0.9994587 -0.008756399 0.05101495 0.9986595 0.02902007 0.05857741 0.997861 0.02896416 0.05853408 0.9978652 0.01507639 0.0460329 0.9988262 -0.191668 0.01371568 0.981364 -0.004826605 0.0813229 0.9966762 -0.02228629 0.01213729 0.999678 -0.02174144 0.003490507 0.9997575 -0.01656514 0.01736891 0.9997119 -0.03447693 -0.01769298 0.999249 -0.02070283 -0.0214892 0.9995548 -0.01038014 -0.02741998 0.9995702 0.02005577 -0.03876358 0.9990472 0.08453577 -0.05597746 0.9948469 -0.03240782 0.06237226 0.9975267 0.03571611 -0.01822704 0.9991958 0.0328195 -0.01627296 0.9993289 0.03181344 -0.006990134 0.9994695 0.03635567 -0.01796156 0.9991775 -0.05516141 -0.01797538 0.9983157 -0.06007587 -0.01483547 0.9980835 -0.0512157 -0.01355826 0.9985956 -0.03943228 -0.004817545 0.9992107 -0.04077738 -0.01330882 0.9990797 -0.04096329 -0.01475358 0.9990518 -0.04054754 -0.01150453 0.9991114 -0.04105371 -0.01756393 0.9990026 -0.04118287 -0.02123987 0.9989259 0.04682821 -0.01935076 0.9987155 0.06045472 -0.01902067 0.9979898 -0.09850209 -0.005307853 0.9951227 -0.08256548 -0.008085012 0.9965529 0.06837701 -0.01176369 0.9975903 0.0952422 -0.01409596 0.9953544 0.1918734 -0.02425134 0.9811201 0.07449418 0.00237447 0.9972186 0.04775208 -0.07911795 0.9957209 -0.0768907 -0.07799017 0.9939846 0.0909416 -0.007402837 0.9958288 -0.02753645 -0.09565818 0.9950333 0.08334851 0.08008837 0.993297 0.1868132 0.07701563 0.979372 -0.03239667 0.06237989 0.9975265 -0.04050183 0.1210126 0.9918244 -0.01069045 0.1494609 0.9887099 0.01017123 0.1118068 0.9936779 0.03231859 -0.08732861 0.9956552 -0.0914219 -0.001468718 0.9958112 0.1185189 -0.01154971 0.9928847 -0.01796394 0.05868059 0.9981152 0.004936933 0.1319254 0.9912474 -0.02411067 0.08617007 0.9959887 0.001511752 -0.1036494 0.9946128 -0.01196891 -0.1052775 0.9943709 -0.1124308 -0.004787147 0.9936481 0.008602499 -0.1179366 0.9929839 0.1317089 -0.01353913 0.991196 -0.01412403 -0.1172423 0.993003 -0.1240085 -0.006757974 0.9922582 0.107297 -0.02036404 0.9940185 0.1053795 -0.02996569 0.9939805 -0.02768701 -0.1277359 0.9914217 0.03240752 -0.1425991 0.9892498 -0.1142245 -0.03764241 0.9927417 -0.1066266 -0.01372224 0.9942045 0.1084131 -0.03855288 0.9933581 0.1221535 0.03610265 0.9918545 0.1224119 0.05063807 0.9911868 0.142762 0.05907803 0.9879923 -0.1101388 -0.03401535 0.993334 0.03682178 -0.1268433 0.9912391 -0.06127136 -0.08430665 0.9945543 -0.04251515 -0.1187683 0.9920114 0.1072635 0.06617593 0.9920259 0.108295 0.06605207 0.9919221 0.1028602 0.07926017 0.991533 0.1131559 0.04818814 0.992408 0.1103777 -0.04587757 0.9928304 -0.02291738 0.1461495 0.9889971 0.1093513 -0.05176436 0.9926544 0.1090593 -0.04693925 0.9929265 0.08225041 -0.1045507 0.9911126 0.06435996 -0.1081901 0.9920447 0.02015686 -0.08309525 0.9963378 -0.1172004 -0.04311639 0.9921719 -0.1104796 0.08550137 0.9901939 -0.1184046 0.06571114 0.9907889 -0.1233151 0.0956552 0.9877467 -0.07061487 -0.1071409 0.991733 0.1102387 -0.05733633 0.99225 0.1077886 -0.06242185 0.9922123 0.1072927 -0.06317502 0.9922183 0.08120101 -0.1049273 0.9911593 0.1049522 0.076671 0.9915174 0.08344757 0.1071989 0.9907295 -0.1190989 0.05791252 0.9911921 -0.1246846 0.04117846 0.9913415 -0.1402794 0.02572429 0.9897778 -0.09426063 0.09781229 0.9907309 -0.101486 0.07037258 0.9923449 -0.0938425 0.09594666 0.9909531 -0.1115317 0.0680688 0.991427 -0.1178737 -0.04205954 0.9921375 -0.1198503 -0.04662448 0.9916965 -0.08478569 -0.1070159 0.9906356 -0.1004864 -0.09839826 0.9900608 0.1014049 -0.06891703 0.9924553 0.1066009 -0.06210327 0.9923606 0.100292 -0.07859098 0.9918493 0.08676123 -0.1016423 0.9910305 0.101944 -0.1012068 0.9896285 0.1164782 0.03712081 0.9924993 0.1215882 0.0261175 0.992237 0.1181023 0.02228748 0.9927513 0.1459323 0.09884536 0.9843441 0.1126803 0.07167804 0.9910427 0.1151261 -0.09835422 0.9884698 0.1105204 -0.09547901 0.9892771 0.08264911 -0.09780901 0.9917675 0.102003 0.1113675 0.9885306 0.05021703 0.1089228 0.9927811 0.1083481 0.09265327 0.989786 -0.1177872 -0.05116742 0.9917199 -0.1181514 -0.05882346 0.9912518 -0.1176972 -0.04997855 0.9917911 -0.1002717 -0.1020779 0.9897099 -0.1061052 -0.101719 0.9891386 -0.1128119 -0.07627046 0.9906848 -0.1152899 -0.06611639 0.9911292 -0.114911 -0.08108007 0.9900614 -0.1061387 -0.1009138 0.9892174 -0.1138499 -0.09226644 0.9892044 -0.1064038 -0.1021559 0.9890615 0.03607058 0.1402425 0.98946 0.1096487 0.00979191 0.9939222 0.1370733 0.03814905 0.9898261 -0.1199645 0.04038137 0.9919566 -0.1347282 0.02073079 0.9906658 -0.1433272 0.009192168 0.9896327 -0.2147967 -0.1455203 0.9657568 -0.2296372 -0.1789002 0.9566929 -0.1984033 -0.08246421 0.9766452 -0.1941621 0.0563746 0.9793483 -0.1919578 0.03279316 0.9808552 -0.1478557 0.03707218 0.9883139 -0.08956456 0.09546804 0.991395 -0.09127348 0.07667565 0.9928696 -0.1071456 0.09924691 0.9892776 -0.1052038 0.1213405 0.9870201 -0.06100493 0.1480869 0.9870911 0.06723034 0.1245155 0.9899374 0.008253991 0.1137268 0.9934778 -0.02225196 0.01430952 0.99965 -0.002667546 -0.04815822 0.9988362 -0.01020872 -0.09423583 0.9954976 -0.05365145 -0.09456288 0.9940721 -0.00306487 -0.111148 0.9937992 -0.02515888 -0.07434463 0.9969153 -0.01592957 -0.06124299 0.9979959 0.01065361 -0.01305198 0.9998582 0.02053308 0.006447911 0.9997684 0.007537901 -0.07094109 0.9974521 -0.003095626 -0.0816363 0.9966574 0.07850778 -0.02024328 0.996708 0.1395888 0.02661633 0.9898518 0.008238792 0.1137219 0.9934784 -0.01744121 -0.1157611 0.993124 0.1200022 0.08969396 0.9887136 0.007974982 -0.1273666 0.9918237 0.002932071 -0.1774438 0.9841266 -0.01374715 -0.164507 0.9862802 0.006001472 -0.133457 0.9910364 0.005947887 -0.1334201 0.9910418 -0.0160616 -0.1241852 0.9921292 0.01118505 -0.1558082 0.987724 -0.01499021 -0.1307361 0.9913039 -0.1119002 0.1173275 0.9867689 -0.1279885 0.1454216 0.9810564 -0.2051199 0.009972095 0.9786861 -0.1799552 0.08671987 0.9798448 0.1408519 -0.03036087 0.9895651 0.1256648 -0.02108842 0.9918486 0.2200431 0.02618759 0.9751387 0.2171553 0.04538583 0.9750815 0.214448 0.06848514 0.9743315 0.1688004 0.03320407 0.9850909 0.1634135 0.03874444 0.9857966 0.1471229 0.0554108 0.987565 0.1334832 0.05293333 0.9896364 0.1350131 0.05536097 0.9892961 0.1953997 0.002405285 0.9807208 0.1940551 0.1535112 0.9689051 0.1196001 0.08935475 0.988793 0.1152788 0.1025663 0.9880238 0.1197263 0.09532868 0.9882197 0.1196431 0.1180702 0.9857713 0.1167623 0.1437392 0.9827032 0.09287005 0.1438979 0.9852252 0.1286497 0.1777454 0.9756311 0.1691374 0.08436983 0.9819748 -0.01911717 0.1818898 0.9831331 0.009020984 0.2265296 0.9739626 -0.001345098 0.1936113 0.9810775 0.0217486 0.1507955 0.9883258 0.005726158 0.1647444 0.9863197 0.1805778 0.03420078 0.982966 0.1995553 -0.002385854 0.9798837 -0.03957241 0.1934649 0.9803089 0.1808373 0.02365833 0.9832285 0.04838287 -0.1564452 0.9865009 -0.1018339 0.1472821 0.9838383 -0.1110239 0.1772513 0.9778832 0.1196905 0.1894336 0.9745712 0.142352 0.126389 0.9817137 0.004268169 -0.1703126 0.9853809 -0.006961345 -0.1730882 0.9848817 -0.006954133 -0.1730585 0.984887 0.004109025 -0.1703439 0.9853762 -0.01732361 0.1788012 0.9837327 0.1829662 0.01025158 0.9830659 -0.1810501 0.008850216 0.9834341 -0.01679772 0.1803346 0.9834619 -0.09679424 0.1535434 0.9833897 0.00868982 -0.1799947 0.9836292 0.193145 -0.001508712 0.9811692 -0.01166462 -0.1776242 0.9840294 0.02657073 -0.187857 0.981837 -0.02686446 -0.1757619 0.9840661 0.1909818 0.06895697 0.9791685 0.1036276 0.1671881 0.980464 0.009947538 0.1970566 0.9803417 -0.1834732 0.001229047 0.983024 -0.1557402 0.1251497 0.979838 -0.0303502 0.223486 0.9742346 -0.03111183 0.2063397 0.9779857 -0.01882863 0.1814779 0.9832148 0.03459233 -0.1715095 0.984575 0.0536704 -0.1838113 0.9814953 0.06037569 -0.1554029 0.9860044 -0.1137798 0.1888418 0.9753938 0.01954281 0.1987256 0.9798603 -0.04940557 -0.1601345 0.985858 -0.0616675 -0.1768089 0.9823114 0.07700747 -0.1540032 0.985065 -0.03991371 0.1804091 0.9827816 0.09633731 0.1766183 0.9795536 0.2156329 -0.0147078 0.9763638 0.2033464 5.20991e-4 0.9791067 -0.04005485 0.1808114 0.9827019 -0.06478065 -0.1560221 0.985627 0.1325142 -0.1696234 0.9765592 0.1383414 -0.1281093 0.9820641 0.115018 -0.1413216 0.9832594 0.08889544 -0.152978 0.9842233 -0.1861543 -0.002356171 0.9825178 -0.1874229 -0.004242062 0.9822703 -0.1743624 0.06784963 0.9823412 -0.07340252 -0.1551987 0.9851526 0.0971347 0.209336 0.9730074 0.09744322 0.1768903 0.9793951 0.08972573 0.1820224 0.9791921 0.217477 -0.01862108 0.9758878 0.2082388 -0.009250283 0.9780343 -0.1151635 -0.1534312 0.9814257 0.2106679 -0.01387542 0.9774593 0.04552084 0.2272819 0.9727646 0.03433007 0.2004179 0.9791089 -0.1224867 -0.144465 0.9818997 -0.1362774 -0.1665314 0.9765736 -0.1238886 -0.1338335 0.9832295 -0.2067255 0.06418079 0.9762917 0.03446173 0.2004092 0.9791061 0.04583215 0.2008062 0.9785583 0.2200725 -0.03425163 0.9748821 0.2044447 -0.06584388 0.9766612 0.2262672 -0.08735257 0.9701406 0.07749736 0.1909925 0.9785275 -0.221368 -0.00404179 0.9751819 -0.04000544 0.1803889 0.9827815 -0.03461503 0.2247787 0.9737948 -0.05294978 0.2757468 0.9597709 -0.04626876 0.2182232 0.9748014 0.07201856 0.2209165 0.9726302 0.06914162 0.1946835 0.9784262 -0.2371191 -0.006396532 0.9714595 -0.2319847 8.50436e-4 0.9727191 -0.1283051 0.1921024 0.9729515 -0.1436913 0.2427344 0.9593919 -0.04792475 0.2282404 0.9724246 -0.1836995 0.2225601 0.9574558 -0.1212854 0.1752661 0.9770219 -0.06560128 0.247915 0.9665582 -0.123905 -0.1338305 0.9832279 0.1862173 0.09777426 0.9776315 -0.2674094 0.09384942 0.9590019 -0.2784305 0.04719132 0.9592964 -0.2435585 0.002038598 0.9698841 -0.1106244 0.206719 0.9721264 0.056122 0.1999118 0.9782054 0.05676352 0.1979523 0.9785668 -0.2499496 -0.02897214 0.9678253 0.1382857 -0.1281102 0.9820718 0.05673336 0.1979548 0.978568 -0.09761774 0.2136868 0.9720128 -0.06876778 0.2293769 0.9709054 -0.2295303 0.05890274 0.9715175 -0.09879171 0.2645471 0.9592993 -0.081788 0.2209066 0.9718596 -0.0802074 0.2252172 0.9710016 -0.2218807 -0.05280792 0.9736428 -0.1373444 -0.1441501 0.9799783 0.2033987 0.1031285 0.9736497 0.1691545 0.1122692 0.9791744 -0.2270164 0.09036791 0.9696893 -0.2542542 0.1389029 0.9571107 0.1383236 -0.1281118 0.9820662 0.1102185 0.1548472 0.9817711 0.1825858 -0.1358989 0.9737526 -0.1597782 -0.1405196 0.9771004 -0.204316 -0.1571086 0.9662153 -0.1938163 -0.120557 0.9736023 0.1942437 -0.1266348 0.9727451 0.1998597 -0.1588717 0.9668588 0.1959801 -0.1193651 0.973316 0.1954112 -0.08825594 0.9767422 0.1939686 -0.1134601 0.9744245 0.1944825 -0.1047685 0.9752949 -0.1997677 -0.1042152 0.9742854 -0.2305636 -0.08293974 0.9695161 -0.1997646 -0.104275 0.9742797 -0.2047179 -0.08106327 0.9754585 -0.2033351 -0.0843935 0.9754653 -0.2012525 -0.09602159 0.9748217 0.1455926 0.1688414 0.9748309 0.2520157 -0.01352185 0.9676287 0.2871164 0.05986756 0.956023 0.3022794 -0.01314234 0.9531289 0.2787072 0.09165525 0.9559926 0.2651641 0.1238862 0.9562115 0.2116464 0.1150363 0.9705527 0.1433784 0.2033903 0.9685428 0.1546432 0.2504568 0.9556972 0.1827222 0.233099 0.9551322 0.1237906 0.2672782 0.9556351 0.09170931 0.2801221 0.9555737 0.05920034 0.2889429 0.9555141 0.02470237 0.2944416 0.9553502 -0.006758928 0.2589925 0.9658558 0.2516968 0.1538324 0.9555022 0.2383505 0.09359389 0.9666588 -0.2250109 0.1115754 0.9679469 -0.1172619 0.2207004 0.968267 -0.1293269 0.2147014 0.9680795 0.1422333 0.2134427 0.9665464 0.01787161 -0.1971956 0.9802013 0.04357755 -0.229256 0.9723902 -0.04595041 -0.2330212 0.9713855 -0.1116713 -0.2195302 0.9691936 0.1528382 0.209115 0.9658734 0.3039036 -0.05401855 0.9511702 0.2880147 -0.07814568 0.9544323 -0.2815436 -0.007170379 0.9595217 0.2237973 0.1356693 0.965147 -0.1649245 0.1966825 0.9664967 -0.164892 0.1967065 0.9664974 0.172816 0.2020099 0.964016 0.2204315 0.1473755 0.9642046 0.2106655 0.2138108 0.9538894 0.1721705 0.2052174 0.9634538 -0.2208666 0.1518704 0.9634072 0.2192937 0.1623142 0.9620625 0.1804902 0.1980269 0.9634358 0.1930313 0.1871161 0.9631857 -0.1750578 0.194424 0.9651705 0.1959018 0.1879272 0.9624479 0.2121106 0.1696718 0.9624036 0.2343612 0.1884312 0.953713 0.2060509 0.1709781 0.9634882 0.2016796 0.1823979 0.9623183 -0.2924416 -0.07985258 0.9529436 -0.2793884 -0.1527803 0.9479454 -0.1874045 0.1916308 0.9634092 -0.2092121 0.1933665 0.9585614 -0.2304681 0.1901643 0.9543176 -0.213446 0.1620369 0.9634235 -0.2080221 0.1680244 0.9635843 -0.2019928 0.1845444 0.9618433 -0.2017527 0.1750249 0.9636712 0.1077772 -0.2186636 0.96983 -0.1810218 -0.2093767 0.9609332 -0.0161094 0.3002029 0.9537394 -0.002192318 -0.2506718 0.9680696 -0.0161038 0.3001919 0.953743 -0.007597565 0.3384171 0.9409655 -0.07073503 0.3667407 0.9276303 -0.1303196 0.3503989 0.9274899 -0.1895188 0.3226264 0.9273591 -0.2429615 0.2849413 0.9272423 -0.2890075 0.2385029 0.9271414 -0.3262391 0.1847429 0.9270589 -0.3535101 0.1253076 0.9269998 -0.3697975 0.06280052 0.9269877 -0.3246864 -0.005312085 0.9458068 0.3109596 -0.04680645 0.9492699 0.3624535 0.02857857 0.9315636 0.3656519 0.07610732 0.9276348 0.3549539 0.1165162 0.9275947 0.3391034 0.1571616 0.9275285 0.317477 0.1975901 0.9274516 0.2913431 0.2344712 0.9274386 0.2634636 0.2654448 0.9274299 0.2328551 0.2929991 0.9273242 0.1972191 0.3183987 0.9272146 0.1579968 0.3397872 0.9271363 0.1172255 0.3561177 0.9270591 0.07589834 0.3673382 0.9269855 0.03647303 0.3732534 0.9270123 0.1767908 -0.2113941 0.9612792 0.2729375 -0.1526628 0.9498417 -0.2632246 -0.2007427 0.9436181 -0.3748515 -0.005111396 0.9270707 0.3043248 -0.01463091 0.9524561 0.317642 -0.03236538 0.9476583 0.3650748 -0.0793963 0.9275866 -0.3719047 -0.08164209 0.9246737 -0.3668892 -0.1538552 0.9174535 -0.002878367 -0.2522501 0.9676578 -0.004476726 -0.2468962 0.9690317 0.01709109 -0.2512453 0.9677726 -0.03614485 -0.2502537 0.9675054 0.03429698 -0.2570126 0.9657993 0.05900931 -0.2529387 0.9656811 -0.06432986 -0.2463646 0.96704 -0.06206691 -0.2519078 0.9657589 -0.01428592 0.3781675 0.925627 0.1471809 -0.238174 0.9600057 0.1151111 -0.2431001 0.9631468 0.08447706 -0.2497676 0.9646139 -0.08741754 -0.2418358 0.9663714 -0.1260491 -0.2341834 0.9639864 -0.1237728 -0.2410199 0.9625953 0.2573996 -0.2079413 0.9436662 0.3619625 -0.1565306 0.9189568 -0.3455325 -0.1957955 0.9177535 0.3614597 -0.04250484 0.9314184 0.4592033 0.09544712 0.8831887 0.4637962 0.03430575 0.8852775 0.4457827 0.1461299 0.883133 0.4259002 0.1970995 0.8830407 0.3987654 0.2477997 0.8829392 0.3659976 0.2940651 0.8829335 0.3310428 0.3329199 0.8829355 0.2926498 0.3674663 0.8827937 0.2479574 0.3993142 0.8826469 0.1987655 0.4261403 0.8825513 -0.0142858 0.3781612 0.9256296 -0.008275806 0.4214465 0.9068155 -0.0886389 0.465764 0.8804585 -0.1647943 0.4448559 0.8803102 0.1476371 0.4466225 0.8824578 0.095797 0.4606987 0.8823716 -0.2399557 0.4095888 0.8801468 0.1505994 -0.2421503 0.9584796 0.18377 -0.2353799 0.9543715 0.2247436 -0.2329754 0.9461569 0.04752212 0.4700865 0.8813402 -0.307804 0.3617499 0.8799965 -0.3662618 0.3027947 0.879868 -0.4135276 0.2345395 0.8797648 0.4443739 -0.04614561 0.8946523 0.4570477 -0.09536629 0.884315 -0.4481526 0.1590856 0.879688 -0.4688429 0.07973128 0.8796758 -0.4197896 -0.00464034 0.9076096 -0.2550647 -0.20503 0.9449363 -0.2590203 -0.1844872 0.9480891 -0.232108 -0.204682 0.9509107 -0.1492593 -0.2292441 0.961857 -0.4194186 -0.003569006 0.907786 0.4513573 -0.01097697 0.8922759 -0.4626479 -0.08990538 0.8819717 -0.4669865 -0.1574348 0.8701368 0.4080912 -0.2052265 0.889575 0.4097967 -0.190584 0.8920451 0.4465712 -0.1866989 0.8750531 0.4676594 -0.1643863 0.8684883 0.362782 -0.2133982 0.9071111 0.3117051 -0.2260343 0.9229022 0.2648582 -0.2325785 0.9358192 0.2322325 -0.2392225 0.9427835 -0.2785655 -0.2225239 0.9342828 -0.3302595 -0.2004761 0.9223546 -0.3082852 -0.1926232 0.9315882 -0.41636 -0.1833577 0.8905192 -0.4052655 -0.1818546 0.895929 -0.01529651 0.4621446 0.8866727 0.538914 -4.10996e-4 0.8423607 0.451353 -0.01097774 0.8922781 0.5878144 -0.04922693 0.8074968 0.591865 0.04878622 0.8045595 0.5761866 0.1196302 0.8085158 0.5590752 0.183066 0.8086543 0.5337533 0.2464584 0.8089288 0.4992258 0.309633 0.8092595 0.4579638 0.367829 0.8093029 0.4144597 0.4135026 0.8107027 0.3639066 0.4585343 0.8107517 0.3096936 0.497811 0.8101075 0.2481182 0.5303909 0.8106311 0.6075592 -0.1956267 0.7698065 0.5586178 -0.1564536 0.8145357 0.578853 -0.104052 0.808766 0.1841663 0.5556725 0.810747 0.1193904 0.5727906 0.8109606 0.055839 0.5793833 0.8131402 -0.0266115 0.56419 0.8252161 0.006019055 0.5192034 0.8546296 -0.01529711 0.4621346 0.8866779 -0.4725567 3.67117e-4 0.8813002 0.327434 -0.2468044 0.9120717 -0.1019797 0.5756512 0.8113112 -0.2018988 0.5451215 0.8136827 -0.2919728 0.5019038 0.8141526 -0.5695829 -0.05359429 0.8201848 -0.5692023 -0.102831 0.8157417 -0.5593612 -0.1433537 0.8164343 -0.3760113 0.4415146 0.8146658 -0.445562 0.3704268 0.8150205 -0.5038229 0.2850113 0.815433 -0.544996 0.1950649 0.8154319 -0.5698917 0.09654778 0.8160282 -0.5250635 0.01073414 0.8509954 -0.5805164 0.01008194 0.8141862 0.3551383 -0.2454814 0.9020065 0.4159536 -0.2417666 0.8766593 -0.3840848 -0.1406759 0.9125182 -0.3772005 -0.1633859 0.9116056 -0.359906 -0.217257 0.9073407 0.4903647 -0.2027597 0.847603 0.5257087 -0.1923347 0.8286361 0.5257158 -0.1923314 0.8286324 0.5388448 -0.1976303 0.8188948 0.4748661 -0.2071424 0.8553328 -0.5222921 -0.1392847 0.841315 -0.5266453 -0.1407901 0.8383454 -0.5095472 -0.1771464 0.8420101 -0.4951822 -0.1879592 0.8482133 -0.4951893 -0.1879581 0.8482095 -0.4361132 -0.1856633 0.8805309 0.62022 -0.00864762 0.7843804 0.6474927 -0.07706254 0.7581652 0.63998 -0.04350715 0.7671589 0.6266747 -0.01040858 0.7792115 0.645555 -0.07905489 0.7596113 0.637426 0.03397405 0.7697622 0.6568669 0.06532806 0.7511712 0.6484971 0.1020348 0.7543478 0.6321994 0.1752564 0.7547245 0.6449412 0.1395812 0.7513775 0.6449552 0.1395436 0.7513723 0.6243484 0.2124143 0.751711 0.6243451 0.2124233 0.7517111 0.6073994 0.246546 0.7551697 0.5739805 0.3146857 0.755989 0.5953544 0.2828449 0.7520318 0.5953575 0.2828443 0.7520297 0.5326913 0.3792811 0.756562 0.5583182 0.3499484 0.7522081 0.6413483 -0.09133088 0.7617947 0.6393434 -0.07530194 0.7652253 0.6368604 -0.1287766 0.7601482 0.6445776 -0.120718 0.7549484 0.5131126 0.4124533 0.7527269 0.5131137 0.4124572 0.752724 0.4847363 0.4394643 0.756242 0.472279 0.4574785 0.7534361 0.4383132 0.4887423 0.7543292 0.4603176 0.4694404 0.753481 0.408274 0.6407005 0.6502425 0.393393 0.5143858 0.7620034 0.3946807 0.511815 0.763068 0.3252322 0.6072763 0.7248721 0.380576 0.6295435 0.677375 0.3102606 0.7422181 0.5940124 0.275375 0.6155633 0.7384108 0.2753714 0.6155942 0.7383864 0.1892781 0.6051412 0.7732905 0.1892685 0.6051413 0.7732927 0.1547833 0.6275389 0.7630447 0.1934609 0.6185242 0.7615778 0.07947093 0.6402291 0.7640622 0.114573 0.6274353 0.7701936 0.114582 0.6274676 0.7701658 -0.1093367 0.5872596 0.8019798 0.04150611 0.6470981 0.7612762 -0.6321139 -0.05802702 0.7726999 -0.632113 -0.05801397 0.7727015 -0.618741 -0.09371119 0.7799857 -0.6193397 -0.08226042 0.780802 -0.6316931 -0.03190875 0.7745616 -0.1365683 0.6303854 0.7641749 -0.1364192 0.6303947 0.7641938 -0.1700518 0.6140664 0.7707172 -0.09221667 0.6299391 0.7711503 -0.2077485 0.6106348 0.7641765 -0.2442567 0.5871683 0.7717331 -0.2077453 0.6106347 0.7641775 -0.04732394 0.6401641 0.7667794 -0.3018526 0.5592326 0.7721037 -0.3411118 0.544218 0.7664657 -0.3675795 0.5165245 0.7733614 -0.2709048 0.5702273 0.775533 -0.4021058 0.5002454 0.7668543 -0.4288233 0.4645964 0.774765 -0.4474757 0.4400711 0.7785261 -0.4020832 0.5002456 0.766866 0.6202332 0.00101453 0.7844169 -0.5062113 0.3903619 0.7690044 -0.5062112 0.3903602 0.7690053 -0.5219042 0.3555285 0.775381 -0.4745829 0.4185423 0.7743343 -0.561032 0.2835469 0.7777174 -0.5677191 0.2539777 0.7830648 -0.5869886 0.2280627 0.7768087 -0.5499541 0.3275904 0.7682676 -0.6115489 0.1521241 0.7764446 -0.6082248 0.1902131 0.7706373 -0.6082226 0.1902113 0.7706394 -0.6282128 0.07039248 0.7748508 -0.6291557 0.1148877 0.7687419 -0.6291555 0.1148866 0.7687422 -0.6377061 0.0124458 0.7701792 -0.6248795 -0.1010389 0.7741556 -0.6155205 -0.1192868 0.7790412 0.6647751 -0.2051191 0.7183316 0.6056662 -0.1873247 0.7733551 0.6230242 -0.1835333 0.7603661 0.6230338 -0.183531 0.7603587 0.6286051 -0.1517408 0.7627782 0.631902 -0.1308142 0.763929 -0.608714 -0.1333848 0.7820971 -0.6015979 -0.1491301 0.7847548 -0.5943863 -0.1646434 0.7871451 -0.56627 -0.1659317 0.8073445 0.05809074 0.810656 0.5826341 0.01359891 0.7068901 0.7071927 0.6733782 -0.250311 0.6956337 -0.4956681 -0.1125642 0.8611867 -0.4993506 -0.1018255 0.8603956 0.5337845 0.6921255 0.4858359 0.01662832 0.7565273 0.6537508 0.05367016 0.900215 0.4321255 0.1057505 0.8714093 0.4790229 0.11208 0.6137874 0.781475 0.2875517 0.8444786 0.4518517 0.2115401 0.8810959 0.4229905 0.1834031 0.5863972 0.7889878 0.3144404 0.64065 0.7004961 0.4216115 0.687994 0.5906845 0.3918814 0.5151156 0.7622894</float_array>
          <technique_common>
            <accessor source="#mesh-c9a6f4e6-ed8a-40bd-b7c1-2ff8968795f4-mesh-normals-array" count="1782" stride="3">
              <param name="X" type="float"/>
              <param name="Y" type="float"/>
              <param name="Z" type="float"/>
            </accessor>
          </technique_common>
        </source>
        <vertices id="mesh-c9a6f4e6-ed8a-40bd-b7c1-2ff8968795f4-mesh-vertices">
          <input semantic="POSITION" source="#mesh-c9a6f4e6-ed8a-40bd-b7c1-2ff8968795f4-mesh-positions"/>
        </vertices>
        <triangles material="Material-橡胶-material" count="1825">
          <input semantic="VERTEX" source="#mesh-c9a6f4e6-ed8a-40bd-b7c1-2ff8968795f4-mesh-vertices" offset="0"/>
          <input semantic="NORMAL" source="#mesh-c9a6f4e6-ed8a-40bd-b7c1-2ff8968795f4-mesh-normals" offset="1"/>
          <p>0 0 1 0 2 0 3 1 4 2 5 3 6 4 3 1 5 3 7 5 3 1 6 4 8 6 7 5 6 4 9 7 7 5 8 6 10 8 11 9 12 10 13 11 14 12 11 9 10 8 13 11 11 9 13 11 15 13 14 12 16 14 17 15 18 16 19 17 16 14 18 16 20 18 16 14 19 17 21 19 20 18 19 17 22 20 23 20 24 20 25 21 23 21 22 21 26 22 25 23 22 24 27 25 25 23 26 22 28 26 27 25 26 22 29 27 30 27 31 27 32 28 33 28 34 28 35 29 36 29 37 29 35 30 38 30 36 30 38 31 39 32 36 33 39 32 40 34 36 33 39 32 41 35 40 34 39 32 42 36 41 35 43 37 44 38 45 39 46 40 47 41 44 38 43 37 46 40 44 38 48 42 49 43 47 41 46 40 48 42 47 41 50 44 51 45 52 46 53 47 50 44 52 46 54 48 50 44 53 47 55 49 54 48 53 47 56 50 57 50 58 50 59 51 60 52 57 53 56 54 59 51 57 53 59 51 61 55 60 52 62 56 63 57 64 58 65 59 66 60 63 57 62 56 65 59 63 57 67 61 68 62 66 60 65 59 67 61 66 60 67 61 69 63 68 62 70 64 71 64 72 64 73 65 74 66 71 67 70 68 73 65 71 67 75 69 76 70 74 66 73 65 75 69 74 66 77 71 78 71 76 71 75 72 77 72 76 72 77 73 79 73 78 73 80 74 81 75 82 76 83 77 84 78 81 75 80 74 83 77 81 75 83 77 85 79 84 78 86 80 87 81 88 82 89 83 86 80 88 82 90 84 86 80 89 83 91 85 90 84 89 83 92 86 93 86 94 86 95 87 92 87 94 87 96 88 92 89 95 90 97 91 92 89 96 88 98 92 99 93 96 88 99 93 97 91 96 88 100 94 101 95 98 92 101 95 99 93 98 92 102 96 100 94 98 92 103 97 100 94 102 96 104 98 103 97 102 96 105 99 103 97 104 98 106 100 105 99 104 98 107 101 108 101 109 101 110 102 108 102 107 102 111 103 112 103 113 103 114 104 115 105 116 106 117 107 114 104 116 106 118 108 114 104 117 107 119 109 118 108 117 107 120 110 121 111 122 112 123 113 124 114 121 111 120 110 123 113 121 111 123 113 125 115 124 114 123 113 126 116 125 115 127 117 128 118 129 119 130 120 131 121 128 118 127 117 130 120 128 118 132 122 133 123 131 121 130 120 132 122 131 121 134 124 135 125 133 123 136 126 134 124 133 123 132 122 136 126 133 123 137 127 138 128 135 125 134 124 137 127 135 125 139 129 140 130 135 125 141 131 139 129 135 125 138 128 141 131 135 125 142 132 143 133 140 130 139 129 142 132 140 130 142 132 144 134 143 133 145 135 146 136 147 137 148 138 145 135 147 137 149 139 145 135 148 138 150 140 149 139 148 138 151 141 152 142 146 136 153 143 151 141 146 136 154 144 145 135 149 139 155 145 156 146 154 144 156 146 145 135 154 144 153 143 157 147 151 141 158 148 159 149 155 145 159 149 160 150 155 145 160 150 161 151 155 145 161 151 156 146 155 145 153 143 162 152 157 147 162 152 163 153 157 147 153 143 164 154 162 152 153 143 165 155 164 154 166 156 167 157 165 155 167 157 168 158 165 155 168 158 169 159 165 155 153 143 166 156 165 155 170 160 171 161 158 148 171 161 159 149 158 148 172 162 159 149 171 161 173 163 159 149 172 162 174 164 175 165 173 163 175 165 159 149 173 163 175 165 176 166 159 149 177 167 160 150 159 149 178 168 177 167 159 149 176 166 178 168 159 149 177 167 179 169 160 150 180 170 181 171 182 172 183 173 184 174 181 171 180 170 183 173 181 171 185 175 186 176 184 174 183 173 185 175 184 174 187 177 188 178 186 176 189 179 187 177 186 176 185 175 189 179 186 176 190 180 191 181 188 178 187 177 190 180 188 178 192 182 191 181 190 180 192 182 193 183 191 181 194 184 195 185 193 183 192 182 194 184 193 183 194 184 196 186 195 185 197 187 198 188 199 189 200 190 201 191 198 188 197 187 200 190 198 188 202 192 203 193 201 191 200 190 202 192 201 191 202 192 204 194 203 193 204 194 205 195 203 193 204 194 206 196 205 195 204 194 207 197 206 196 207 198 208 198 206 198 208 199 209 199 206 199 208 200 210 200 209 200 210 201 211 201 209 201 210 202 212 202 211 202 212 203 213 203 211 203 212 204 214 205 213 206 215 207 216 208 214 205 212 204 215 207 214 205 215 207 217 209 216 208 217 210 218 210 216 210 217 211 219 211 218 211 217 212 220 212 219 212 221 213 222 214 223 215 224 216 221 213 223 215 225 217 221 213 224 216 226 218 225 217 224 216 227 219 228 220 229 221 230 222 227 222 229 222 231 223 227 219 230 224 232 225 233 225 234 225 233 226 235 226 234 226 235 227 236 227 234 227 235 228 237 229 236 230 237 229 231 223 236 230 237 229 227 219 231 223 238 231 239 231 232 231 239 232 233 232 232 232 240 233 241 233 238 233 241 234 239 234 238 234 242 235 243 236 240 237 243 236 241 238 240 237 244 239 243 236 242 235 245 240 243 236 244 239 246 241 245 240 244 239 247 242 245 240 246 241 248 243 245 240 247 242 249 244 248 243 247 242 250 245 251 246 252 247 253 248 250 245 252 247 254 249 255 250 251 246 256 251 250 245 253 248 254 249 257 252 255 250 258 253 259 254 257 252 260 255 261 256 257 252 254 249 260 255 257 252 261 256 262 257 257 252 262 257 263 258 257 252 263 258 258 253 257 252 259 254 264 259 257 252 264 259 265 260 257 252 265 260 266 261 257 252 265 260 267 262 266 261 267 262 268 263 266 261 268 263 269 264 266 261 269 264 270 265 266 261 271 266 250 245 256 251 272 267 250 245 271 266 269 264 273 268 270 265 268 263 273 268 269 264 274 269 275 270 273 268 276 271 277 272 272 267 277 272 250 245 272 267 278 273 279 274 277 272 279 274 250 245 277 272 274 269 280 275 275 270 281 276 261 256 260 255 282 277 262 257 261 256 283 278 284 279 285 280 286 281 287 282 284 279 283 278 286 281 284 279 286 281 288 283 287 282 289 284 290 285 291 286 292 287 289 284 291 286 293 288 289 284 292 287 294 289 289 284 293 288 294 289 295 290 289 284 296 291 295 291 294 291 297 292 298 293 296 294 298 293 295 290 296 294 299 295 298 293 297 292 300 296 299 295 297 292 301 297 299 295 300 296 302 298 301 297 300 296 303 299 301 299 302 299 304 300 303 300 302 300 305 301 306 301 307 301 308 302 309 302 306 302 305 303 308 303 306 303 308 304 310 304 309 304 311 305 312 306 313 307 314 308 311 305 313 307 315 309 311 305 314 308 316 310 315 309 314 308 317 311 318 312 319 313 320 314 321 315 318 312 317 311 320 314 318 312 320 314 322 316 321 315 323 317 324 318 325 319 326 320 323 317 325 319 327 321 323 317 326 320 328 322 323 317 327 321 329 323 328 322 327 321 330 324 329 323 327 321 331 325 332 325 333 325 334 326 335 327 332 328 336 329 334 326 332 328 331 330 336 330 332 330 334 331 337 331 335 331 334 332 338 332 337 332 339 333 340 334 341 335 342 336 339 333 341 335 343 337 339 333 342 336 344 338 343 337 342 336 345 339 346 340 347 341 348 342 345 339 347 341 349 343 350 344 346 340 345 339 349 343 346 340 351 345 352 345 353 345 354 346 355 346 356 346 357 347 358 347 359 347 360 348 361 348 362 348 363 349 361 350 360 351 364 352 363 349 360 351 365 353 363 349 364 352 366 354 365 353 364 352 367 355 366 354 364 352 368 356 369 357 370 358 371 359 372 360 369 357 373 361 371 359 369 357 368 356 373 361 369 357 371 359 374 362 372 360 371 359 375 363 374 362 376 364 377 364 378 364 379 365 376 365 378 365 380 366 376 366 379 366 381 367 380 368 379 369 382 370 380 368 381 367 383 371 382 370 381 367 384 372 382 370 383 371 385 373 386 374 384 372 386 374 382 370 384 372 387 375 386 374 385 373 388 376 387 375 385 373 389 377 387 375 388 376 390 378 389 377 388 376 391 379 389 377 390 378 392 380 391 379 390 378 393 381 394 382 395 383 396 384 394 382 393 381 397 385 396 384 393 381 398 386 396 384 397 385 399 387 398 386 397 385 400 388 401 389 402 390 400 388 403 391 401 389 403 391 404 392 401 389 403 391 405 393 404 392 406 394 407 395 408 396 409 397 406 394 408 396 410 398 406 394 409 397 411 399 410 398 409 397 412 400 413 400 414 400 413 401 415 401 414 401 413 402 416 403 415 404 416 405 417 405 415 405 416 403 418 406 417 407 416 403 419 408 418 406 419 408 420 409 418 406 419 408 421 410 420 409 421 410 422 411 420 409 421 410 423 412 422 411 424 413 423 412 421 410 424 413 425 414 423 412 424 413 426 415 425 414 424 413 427 416 426 415 424 413 428 417 427 416 429 418 430 418 431 418 432 419 429 420 431 421 433 422 429 420 432 419 434 423 433 422 432 419 435 424 433 422 434 423 436 425 433 422 435 424 437 426 433 422 436 425 438 427 437 426 436 425 439 428 440 429 441 430 442 431 443 432 440 429 439 428 442 431 440 429 442 433 444 433 443 433 442 434 445 434 444 434 446 435 447 436 448 437 449 438 450 439 447 436 446 435 449 438 447 436 449 438 451 440 450 439 452 441 453 442 454 443 455 444 452 441 454 443 456 445 452 441 455 444 457 446 452 441 456 445 458 447 459 447 460 447 461 448 462 448 459 448 458 449 461 449 459 449 461 450 463 450 462 450 464 451 465 452 466 453 467 454 464 454 466 454 468 455 469 456 465 452 470 457 468 455 465 452 464 451 470 457 465 452 468 458 471 458 469 458 472 459 464 451 467 460 473 461 472 461 467 461 468 462 474 462 471 462 475 463 472 463 473 463 476 464 472 464 475 464 477 465 476 465 475 465 478 466 479 466 477 466 480 467 476 467 477 467 479 468 480 468 477 468 481 469 479 469 478 469 482 470 483 471 484 472 483 471 485 473 484 472 486 474 482 470 484 472 487 475 486 474 484 472 488 476 486 474 487 475 489 477 488 476 487 475 483 478 490 478 485 478 491 479 488 479 489 479 492 480 491 480 489 480 483 481 493 481 490 481 483 471 494 482 493 483 494 484 495 484 493 484 494 485 496 485 495 485 494 482 497 486 496 487 498 488 499 488 500 488 501 489 498 489 496 489 497 490 501 490 496 490 498 491 502 491 499 491 503 492 504 492 505 492 506 493 503 493 505 493 507 494 503 494 508 494 509 495 507 495 508 495 510 496 511 497 512 498 511 497 513 499 512 498 513 499 514 500 512 498 513 499 515 501 514 500 516 502 517 503 510 496 517 503 511 497 510 496 518 504 519 505 515 501 520 506 521 507 519 505 518 504 520 506 519 505 520 506 522 508 521 507 523 509 524 510 517 503 524 511 511 511 517 511 525 512 526 513 522 508 520 506 525 512 522 508 527 514 511 514 524 514 528 515 527 516 524 510 529 517 528 515 524 510 520 506 530 518 525 512 531 519 528 515 529 517 532 520 533 521 520 506 534 522 532 520 520 506 518 504 534 522 520 506 533 521 530 518 520 506 531 519 535 523 528 515 535 523 536 524 528 515 536 524 527 516 528 515 537 525 535 523 538 526 532 520 539 527 533 521 511 497 540 528 513 499 541 529 511 497 527 516 542 530 543 531 544 532 545 533 543 531 542 530 546 534 545 533 542 530 547 535 545 533 546 534 545 533 548 536 543 531 549 537 545 533 547 535 545 533 550 538 548 536 545 533 551 539 550 538 552 540 545 533 549 537 553 541 545 533 552 540 554 542 545 533 553 541 545 533 555 543 551 539 545 533 556 544 555 543 554 542 557 545 545 533 557 545 558 546 545 533 558 546 559 547 545 533 559 547 560 548 545 533 560 548 561 549 545 533 561 549 562 550 545 533 562 550 563 551 545 533 564 552 565 553 545 533 563 551 564 552 545 533 565 553 566 554 545 533 566 554 556 544 545 533 567 555 557 545 554 542 568 556 558 546 569 557 563 558 570 558 564 558 571 559 561 549 560 548 572 560 573 561 574 562 575 563 572 560 574 562 576 564 572 564 575 564 577 565 576 565 575 565 578 566 579 567 580 568 581 569 582 570 579 567 578 566 581 569 579 567 583 571 584 572 582 570 581 569 583 571 582 570 585 573 586 574 587 575 588 576 585 573 587 575 589 577 588 576 587 575 590 578 591 579 586 574 585 573 590 578 586 574 592 580 593 581 591 579 590 578 592 580 591 579 594 582 595 583 589 577 596 584 588 576 589 577 595 583 596 584 589 577 597 585 598 586 594 582 598 586 595 583 594 582 599 587 600 588 593 581 599 587 601 589 600 588 599 587 602 590 601 589 602 590 603 591 601 589 602 590 604 592 603 591 605 593 598 586 597 585 606 594 598 586 605 593 607 595 606 594 605 593 599 587 608 596 602 590 608 596 604 592 602 590 609 597 610 598 606 594 611 599 609 597 606 594 612 600 613 601 606 594 610 598 612 600 606 594 614 602 615 603 606 594 616 604 614 602 606 594 613 601 616 604 606 594 607 595 611 599 606 594 615 603 617 605 606 594 617 605 618 606 606 594 618 606 619 607 606 594 619 607 620 608 606 594 620 608 621 609 606 594 621 609 598 586 606 594 622 610 595 583 598 586 621 609 623 611 598 586 623 611 622 610 598 586 624 612 596 584 595 583 622 610 624 612 595 583 625 613 626 614 627 615 626 614 628 616 627 615 628 616 608 596 627 615 608 596 599 587 627 615 599 587 629 617 627 615 629 617 625 613 627 615 628 616 604 592 608 596 630 618 604 592 628 616 626 614 630 618 628 616 626 614 631 619 630 618 632 620 633 621 634 622 633 621 635 623 634 622 636 624 637 624 631 624 637 625 638 626 631 619 638 626 639 627 631 619 626 614 640 628 631 619 640 629 641 629 631 629 641 630 642 630 631 630 642 631 643 631 631 631 643 632 636 632 631 632 644 633 645 634 633 621 632 620 644 633 633 621 646 635 647 636 644 633 632 620 646 635 644 633 638 626 648 637 639 627 648 637 649 638 639 627 646 635 650 639 647 636 646 640 651 640 650 640 652 641 653 642 646 635 653 642 654 643 646 635 654 643 655 644 646 635 655 644 656 645 646 635 656 645 657 646 646 635 657 646 658 647 646 635 658 647 659 648 646 635 659 648 660 649 646 635 660 649 661 650 646 635 661 650 662 651 646 635 662 651 651 652 646 635 663 653 664 654 652 641 664 654 653 642 652 641 649 638 665 655 663 653 665 655 666 656 663 653 666 656 667 657 663 653 667 657 668 658 663 653 668 658 664 654 663 653 648 637 665 655 649 638 669 659 612 600 610 598 659 648 670 660 660 649 658 647 671 661 659 648 672 662 615 603 614 602 668 658 673 663 664 654 667 657 674 664 668 658 675 665 676 666 677 667 676 666 678 668 677 667 678 668 679 669 677 667 678 668 680 670 679 669 680 670 681 671 679 669 681 671 682 672 679 669 683 673 676 666 675 665 681 671 684 674 682 672 685 675 686 676 684 674 687 677 685 675 684 674 688 678 689 679 683 673 689 679 676 666 683 673 690 680 689 679 688 678 691 681 689 679 690 680 692 682 693 683 686 676 694 684 692 682 686 676 685 675 694 684 686 676 695 685 676 666 689 679 696 686 695 685 689 679 697 687 696 686 689 679 698 688 676 666 695 685 699 689 698 688 695 685 700 690 699 689 695 685 701 691 700 690 695 685 696 686 701 691 695 685 702 692 694 684 685 675 687 677 703 693 685 675 703 693 704 694 685 675 704 694 702 692 685 675 705 695 692 682 694 684 697 687 701 691 696 686 706 696 693 683 692 682 707 697 708 698 692 682 708 698 709 699 692 682 709 699 710 700 692 682 710 700 711 701 692 682 711 701 712 702 692 682 712 702 713 703 692 682 713 703 714 704 692 682 714 704 706 696 692 682 705 695 715 705 692 682 715 705 716 706 692 682 716 706 717 707 692 682 717 707 718 708 692 682 718 708 719 709 692 682 719 709 707 697 692 682 720 710 700 690 701 691 697 687 721 711 701 691 722 712 721 711 697 687 723 713 721 711 722 712 724 714 723 713 722 712 725 715 726 716 722 712 726 716 727 717 722 712 727 717 724 714 722 712 728 718 729 719 722 712 729 719 730 720 722 712 730 720 725 715 722 712 731 721 732 722 733 723 734 724 731 721 733 723 735 725 731 721 734 724 736 726 737 727 732 722 738 728 731 721 735 725 739 729 740 730 728 718 740 730 729 719 728 718 736 726 741 731 737 727 741 731 742 732 737 727 743 733 731 721 738 728 741 731 744 734 742 732 744 734 745 735 742 732 746 736 731 721 743 733 744 734 747 737 745 735 747 737 748 738 745 735 748 738 749 739 745 735 748 738 750 740 749 739 750 740 751 741 749 739 751 741 752 742 749 739 752 742 753 743 749 739 753 743 754 744 749 739 754 744 755 745 749 739 755 745 740 730 749 739 740 730 739 729 749 739 756 746 731 746 746 746 757 747 731 721 756 748 758 749 759 750 757 747 759 750 731 721 757 747 760 751 759 750 758 749 761 752 759 750 760 751 724 753 762 753 723 753 763 754 764 755 759 750 765 756 763 754 759 750 761 752 765 756 759 750 764 755 766 757 759 750 766 757 731 721 759 750 767 758 764 755 763 754 768 759 718 708 717 707 709 699 769 760 710 700 770 761 771 761 772 761 773 762 770 762 772 762 774 763 770 763 773 763 775 764 776 764 774 764 776 765 770 765 774 765 777 766 778 767 779 768 780 769 777 766 779 768 781 770 777 766 780 769 782 771 781 770 780 769 783 772 784 773 785 774 786 775 787 776 784 773 783 772 786 775 784 773 786 775 788 777 787 776 789 778 790 778 791 778 792 779 789 779 791 779 793 780 789 780 792 780 794 781 793 781 792 781 795 782 796 782 797 782 798 783 793 783 797 783 796 784 798 784 797 784 799 785 800 785 795 785 800 786 796 786 795 786 801 787 800 787 799 787 802 788 801 788 799 788 803 789 801 790 802 791 804 792 803 789 802 791 805 793 803 789 804 792 806 794 805 793 804 792 807 795 805 793 806 794 808 796 807 795 806 794 809 797 807 795 808 796 810 798 809 797 808 796 811 799 812 799 813 799 811 800 814 800 812 800 811 801 815 801 814 801 815 802 816 802 814 802 816 803 817 803 814 803 816 804 818 804 817 804 818 805 819 806 817 807 818 805 820 808 819 806 820 809 821 809 819 809 820 808 822 810 821 811 823 812 824 813 822 810 820 808 823 812 822 810 823 812 825 814 824 813 825 815 826 815 824 815 827 816 828 816 829 816 828 817 830 817 829 817 831 818 832 819 827 820 832 819 828 821 827 820 833 822 832 819 831 818 834 823 833 822 831 818 835 824 833 824 834 824 836 825 835 825 834 825 837 826 838 826 839 826 840 827 841 828 838 829 837 830 840 830 838 830 840 827 842 831 841 828 842 831 843 832 841 828 842 831 844 833 843 832 844 834 845 834 843 834 844 835 846 835 845 835 847 836 848 837 849 838 850 839 847 836 849 838 851 840 847 836 850 839 852 841 851 840 850 839 853 842 854 842 855 842 856 843 854 843 853 843 857 844 856 844 853 844 858 845 856 845 857 845 859 846 860 847 858 848 860 849 856 849 858 849 861 850 862 850 859 850 862 851 860 847 859 846 863 852 864 853 861 854 864 855 862 855 861 855 865 856 866 857 863 852 866 857 864 853 863 852 867 858 868 859 865 856 868 859 866 857 865 856 869 860 868 859 867 858 870 861 869 860 867 858 871 862 869 860 870 861 872 863 869 860 871 862 873 864 872 864 871 864 874 865 872 865 873 865 875 866 874 867 873 868 876 869 877 869 878 869 876 870 879 870 877 870 879 871 880 871 877 871 879 872 881 872 880 872 881 873 882 873 880 873 881 874 883 874 882 874 883 875 884 875 882 875 883 876 885 876 884 876 885 877 886 877 884 877 885 878 887 878 886 878 888 879 889 879 887 879 888 880 890 880 889 880 890 881 891 881 889 881 892 882 893 883 891 884 890 885 892 885 891 885 894 886 895 887 893 883 896 888 894 886 893 883 892 882 896 888 893 883 894 889 897 889 895 889 894 886 898 890 897 891 899 892 900 893 901 894 902 895 903 896 900 893 899 892 902 895 900 893 902 895 904 897 903 896 905 898 906 898 907 898 908 899 909 899 905 899 909 900 906 900 905 900 910 901 911 901 908 901 911 902 909 902 908 902 912 903 913 903 914 903 915 904 916 904 913 904 912 905 915 905 913 905 917 906 918 906 916 906 915 907 917 908 916 909 919 910 920 911 921 912 922 913 919 910 921 912 923 914 919 910 922 913 924 915 923 914 922 913 925 916 926 916 927 916 928 917 929 917 926 917 925 918 928 918 926 918 928 919 930 919 929 919 931 920 932 921 933 922 934 923 931 920 933 922 935 924 931 920 934 923 936 925 935 924 934 923 937 926 938 927 939 928 940 929 937 926 939 928 941 930 937 926 940 929 942 931 941 930 940 929 943 932 944 933 945 934 946 935 947 936 944 933 943 932 946 935 944 933 946 935 948 937 947 936 949 938 950 939 951 940 952 941 949 938 951 940 953 942 949 938 952 941 954 943 953 942 952 941 955 944 956 945 957 946 958 947 959 948 956 945 955 944 958 947 956 945 958 947 960 949 959 948 961 950 962 951 963 952 964 953 961 950 963 952 965 954 961 950 964 953 966 955 965 954 964 953 967 956 968 957 969 958 970 959 971 960 968 957 967 956 970 959 968 957 972 961 973 962 971 960 970 959 972 961 971 960 974 963 975 964 973 962 972 961 974 963 973 962 976 965 977 966 975 964 974 963 976 965 975 964 978 967 979 967 977 967 976 965 978 968 977 966 978 969 980 969 979 969 981 970 982 970 983 970 984 971 981 971 983 971 985 972 981 973 984 974 986 975 985 972 984 974 987 976 985 972 986 975 988 977 987 976 986 975 989 978 987 978 988 978 990 979 989 979 988 979 991 980 992 980 993 980 994 981 991 981 993 981 995 982 991 982 994 982 996 983 995 983 994 983 997 984 998 985 999 986 1000 987 1001 988 998 985 997 984 1000 987 998 985 1000 987 1002 989 1001 988 1003 990 1004 990 1005 990 1006 991 1007 992 1008 993 1009 994 1010 995 1006 991 1010 995 1007 992 1006 991 1011 996 1012 997 1009 994 1012 997 1010 995 1009 994 1013 998 1012 997 1011 996 1014 999 1015 999 1013 999 1015 1000 1012 997 1013 998 1016 1001 1017 1001 1014 1001 1017 1002 1015 1002 1014 1002 1018 1003 1017 1003 1016 1003 1019 1004 1017 1004 1018 1004 1020 1005 1017 1005 1019 1005 1021 1006 1020 1006 1019 1006 1022 1007 1020 1008 1021 1009 1023 1010 1022 1007 1021 1009 1024 1011 1022 1007 1023 1010 1025 1012 1024 1011 1023 1010 1026 1013 1024 1011 1025 1012 1027 1014 1026 1013 1025 1012 1028 1015 1026 1013 1027 1014 1029 1016 1028 1015 1027 1014 1030 1017 1028 1015 1029 1016 1031 1018 1032 1019 1033 1020 1032 1019 1034 1021 1033 1020 1032 1019 1035 1022 1034 1021 1036 1023 1037 1024 1035 1022 1032 1019 1036 1023 1035 1022 1036 1023 1038 1025 1037 1024 1039 1026 1040 1027 1038 1025 1036 1023 1039 1026 1038 1025 1039 1028 1041 1028 1040 1028 1042 1029 1043 1029 1041 1029 1039 1030 1042 1030 1041 1030 1042 1031 1044 1031 1043 1031 1042 1032 1045 1032 1044 1032 1045 1033 1046 1033 1044 1033 1047 1034 1048 1034 1046 1034 1045 1035 1047 1036 1046 1037 1049 1038 1050 1038 1048 1038 1047 1039 1049 1039 1048 1039 1049 1040 1051 1040 1050 1040 1052 1041 1053 1041 1054 1041 1055 1042 1056 1043 1057 1044 1056 1043 1058 1045 1057 1044 1059 1046 1055 1042 1057 1044 1060 1047 1055 1042 1059 1046 1061 1048 1055 1042 1060 1047 1062 1049 1061 1048 1060 1047 1063 1050 1061 1048 1062 1049 1056 1043 1064 1051 1058 1045 1065 1052 1061 1048 1063 1050 1066 1053 1067 1054 1063 1050 1068 1055 1069 1056 1064 1051 1056 1043 1068 1055 1064 1051 1070 1057 1067 1054 1066 1053 1071 1058 1072 1059 1069 1056 1068 1055 1071 1058 1069 1056 1073 1060 1074 1061 1072 1059 1075 1062 1067 1054 1070 1057 1073 1060 1076 1063 1074 1061 1077 1064 1067 1054 1075 1062 1078 1065 1079 1065 1077 1065 1079 1066 1067 1054 1077 1064 1080 1067 1079 1067 1078 1067 1081 1068 1080 1068 1078 1068 1082 1069 1080 1070 1081 1071 1073 1060 1083 1072 1076 1063 1084 1073 1085 1073 1083 1073 1073 1060 1084 1074 1083 1072 1084 1075 1086 1075 1085 1075 1087 1076 1080 1070 1082 1069 1088 1077 1087 1076 1082 1069 1089 1078 1090 1078 1086 1078 1084 1079 1089 1079 1086 1079 1091 1080 1092 1080 1090 1080 1089 1081 1091 1081 1090 1081 1093 1082 1094 1082 1092 1082 1095 1083 1087 1083 1088 1083 1093 1084 1096 1085 1094 1086 1096 1085 1097 1087 1094 1086 1096 1085 1098 1088 1097 1087 1096 1085 1099 1089 1098 1088 1100 1090 1101 1091 1102 1092 1101 1091 1103 1093 1102 1092 1104 1094 1105 1095 1106 1096 1105 1095 1107 1097 1106 1096 1108 1098 1104 1094 1106 1096 1109 1099 1110 1100 1106 1096 1111 1101 1112 1102 1106 1096 1112 1102 1113 1103 1106 1096 1114 1104 1111 1101 1106 1096 1115 1105 1100 1090 1102 1092 1116 1106 1115 1105 1106 1096 1117 1107 1116 1106 1106 1096 1118 1108 1117 1107 1106 1096 1113 1103 1118 1108 1106 1096 1110 1100 1114 1104 1106 1096 1107 1097 1109 1099 1106 1096 1119 1109 1108 1098 1106 1096 1103 1093 1120 1110 1102 1092 1121 1111 1122 1112 1106 1096 1123 1113 1124 1114 1106 1096 1124 1114 1125 1115 1106 1096 1125 1115 1121 1111 1106 1096 1122 1112 1126 1116 1106 1096 1126 1116 1127 1117 1106 1096 1127 1117 1119 1109 1106 1096 1128 1118 1129 1119 1106 1096 1130 1120 1131 1121 1106 1096 1132 1122 1133 1123 1106 1096 1133 1123 1134 1124 1106 1096 1135 1125 1128 1118 1106 1096 1134 1124 1135 1125 1106 1096 1136 1126 1137 1127 1106 1096 1137 1127 1132 1122 1106 1096 1131 1121 1138 1128 1106 1096 1139 1129 1130 1120 1106 1096 1140 1130 1139 1129 1106 1096 1129 1119 1140 1130 1106 1096 1138 1128 1141 1131 1106 1096 1141 1131 1142 1132 1106 1096 1142 1132 1143 1133 1106 1096 1143 1133 1144 1134 1106 1096 1144 1134 1145 1135 1106 1096 1145 1135 1123 1113 1106 1096 1103 1093 1146 1136 1136 1126 1146 1136 1137 1127 1136 1126 1147 1137 1148 1138 1119 1109 1148 1138 1149 1139 1119 1109 1149 1139 1108 1098 1119 1109 1127 1117 1150 1140 1119 1109 1150 1140 1147 1137 1119 1109 1151 1141 1152 1142 1138 1128 1152 1142 1153 1143 1138 1128 1153 1143 1141 1131 1138 1128 1131 1121 1154 1144 1138 1128 1154 1144 1155 1145 1138 1128 1155 1146 1156 1146 1138 1146 1156 1147 1157 1148 1138 1128 1157 1148 1158 1149 1138 1128 1158 1149 1151 1141 1138 1128 1150 1140 1159 1150 1147 1137 1159 1150 1160 1151 1147 1137 1161 1152 1162 1153 1151 1141 1162 1153 1152 1142 1151 1141 1159 1150 1163 1154 1160 1151 1163 1154 1164 1155 1160 1151 1165 1156 1123 1113 1145 1135 1166 1157 1164 1155 1163 1154 1167 1158 1123 1113 1165 1156 1123 1113 1168 1159 1124 1114 1169 1160 1164 1155 1166 1157 1123 1113 1170 1161 1168 1159 1171 1162 1103 1093 1101 1091 1172 1163 1171 1162 1101 1091 1100 1090 1172 1163 1101 1091 1173 1164 1146 1136 1103 1093 1171 1162 1174 1165 1103 1093 1174 1165 1175 1166 1103 1093 1175 1166 1176 1167 1103 1093 1176 1167 1173 1164 1103 1093 1177 1168 1123 1113 1167 1158 1161 1152 1178 1169 1162 1153 1179 1170 1164 1155 1169 1160 1137 1127 1180 1171 1132 1122 1181 1172 1182 1173 1137 1127 1182 1173 1180 1171 1137 1127 1176 1167 1181 1172 1137 1127 1173 1164 1176 1167 1137 1127 1146 1136 1173 1164 1137 1127 1183 1174 1123 1113 1177 1168 1123 1113 1184 1175 1170 1161 1161 1152 1185 1176 1178 1169 1123 1113 1186 1177 1184 1175 1187 1178 1164 1155 1179 1170 1188 1179 1123 1113 1183 1174 1161 1152 1189 1180 1185 1176 1190 1181 1164 1155 1187 1178 1190 1181 1191 1182 1164 1155 1192 1183 1123 1113 1188 1179 1123 1113 1193 1184 1186 1177 1194 1185 1195 1186 1161 1152 1195 1186 1189 1180 1161 1152 1196 1187 1191 1182 1190 1181 1197 1188 1198 1189 1199 1190 1194 1185 1200 1191 1195 1186 1123 1113 1201 1192 1193 1184 1202 1193 1123 1113 1192 1183 1203 1194 1202 1193 1192 1183 1204 1195 1205 1196 1198 1189 1205 1196 1206 1197 1198 1189 1207 1198 1204 1195 1198 1189 1197 1188 1207 1198 1198 1189 1208 1199 1191 1182 1196 1187 1175 1166 1209 1200 1176 1167 1209 1200 1181 1172 1176 1167 1210 1201 1191 1182 1208 1199 1211 1202 1210 1202 1208 1202 1212 1203 1213 1204 1201 1192 1123 1113 1214 1205 1201 1192 1194 1185 1215 1206 1200 1191 1216 1207 1217 1208 1218 1209 1219 1210 1202 1193 1203 1194 1220 1211 1210 1201 1221 1212 1222 1213 1220 1213 1221 1213 1212 1203 1223 1214 1213 1204 1205 1196 1224 1215 1206 1197 1224 1215 1225 1216 1206 1197 1216 1207 1226 1217 1217 1208 1226 1217 1227 1218 1217 1208 1227 1218 1228 1219 1217 1208 1229 1220 1230 1221 1231 1222 1230 1221 1232 1223 1216 1207 1232 1223 1226 1217 1216 1207 1233 1224 1234 1224 1215 1224 1194 1185 1233 1225 1215 1206 1235 1226 1236 1227 1219 1210 1236 1227 1202 1193 1219 1210 1237 1228 1220 1211 1222 1229 1238 1230 1237 1228 1222 1229 1212 1203 1239 1231 1223 1214 1239 1231 1240 1232 1223 1214 1241 1233 1207 1198 1242 1234 1243 1235 1244 1236 1242 1234 1244 1236 1245 1237 1242 1234 1245 1237 1241 1233 1242 1234 1239 1231 1246 1238 1240 1232 1239 1231 1247 1239 1246 1238 1248 1240 1238 1230 1247 1239 1239 1231 1248 1240 1247 1239 1248 1240 1237 1228 1238 1230 1249 1241 1250 1242 1225 1216 1251 1243 1249 1241 1225 1216 1224 1215 1251 1243 1225 1216 1252 1244 1253 1245 1234 1246 1233 1225 1252 1244 1234 1246 1254 1247 1236 1227 1235 1226 1255 1248 1236 1227 1254 1247 1252 1244 1256 1249 1253 1245 1256 1249 1257 1250 1253 1245 1256 1249 1258 1251 1257 1250 1259 1252 1260 1253 1258 1251 1256 1249 1259 1252 1258 1251 1261 1254 1236 1227 1255 1248 1260 1253 1261 1254 1255 1248 1259 1252 1261 1254 1260 1253 1262 1255 1175 1166 1174 1165 1263 1256 1264 1257 1243 1235 1264 1257 1244 1236 1243 1235 1227 1218 1265 1258 1228 1219 1265 1258 1266 1259 1228 1219 1266 1259 1267 1260 1228 1219 1267 1260 1268 1261 1228 1219 1268 1261 1269 1262 1228 1219 1269 1262 1270 1263 1228 1219 1270 1263 1271 1264 1228 1219 1271 1264 1272 1265 1228 1219 1272 1265 1273 1266 1228 1219 1274 1267 1275 1268 1229 1220 1275 1268 1230 1221 1229 1220 1276 1269 1277 1270 1229 1220 1277 1270 1278 1271 1229 1220 1278 1271 1274 1267 1229 1220 1279 1272 1280 1273 1250 1242 1249 1241 1279 1272 1250 1242 1202 1193 1281 1274 1123 1113 1281 1274 1282 1275 1123 1113 1283 1276 1284 1277 1123 1113 1285 1278 1283 1276 1123 1113 1284 1277 1286 1279 1123 1113 1286 1279 1287 1280 1123 1113 1287 1280 1288 1281 1123 1113 1289 1282 1214 1205 1123 1113 1288 1281 1289 1282 1123 1113 1282 1275 1290 1283 1123 1113 1290 1283 1291 1284 1123 1113 1291 1284 1285 1278 1123 1113 1292 1285 1293 1286 1263 1256 1293 1286 1264 1257 1263 1256 1279 1272 1294 1287 1280 1273 1295 1288 1285 1278 1291 1284 1296 1289 1251 1243 1224 1215 1285 1278 1297 1290 1283 1276 1298 1291 1299 1292 1285 1278 1299 1292 1300 1293 1285 1278 1300 1293 1301 1294 1285 1278 1301 1294 1297 1290 1285 1278 1295 1288 1302 1295 1285 1278 1303 1296 1298 1291 1285 1278 1304 1297 1303 1296 1285 1278 1302 1295 1304 1297 1285 1278 1305 1298 1306 1299 1276 1269 1306 1299 1277 1270 1276 1269 1272 1265 1307 1300 1273 1266 1307 1300 1308 1301 1273 1266 1309 1302 1310 1303 1292 1285 1310 1303 1293 1286 1292 1285 1309 1302 1311 1304 1310 1303 1311 1304 1312 1305 1310 1303 1312 1305 1293 1286 1310 1303 1312 1305 1313 1306 1293 1286 1313 1306 1264 1257 1293 1286 1314 1307 1315 1308 1264 1257 1315 1308 1316 1309 1264 1257 1316 1309 1317 1310 1264 1257 1317 1310 1318 1311 1264 1257 1318 1311 1244 1236 1264 1257 1313 1306 1319 1312 1264 1257 1319 1312 1314 1307 1264 1257 1318 1311 1320 1313 1244 1236 1320 1313 1245 1237 1244 1236 1321 1314 1251 1243 1296 1289 1322 1315 1249 1241 1251 1243 1321 1314 1323 1316 1251 1243 1323 1316 1322 1315 1251 1243 1322 1315 1324 1317 1249 1241 1324 1317 1325 1318 1249 1241 1325 1318 1279 1272 1249 1241 1326 1319 1294 1287 1279 1272 1325 1318 1327 1320 1279 1272 1327 1320 1326 1319 1279 1272 1328 1321 1311 1304 1309 1302 1329 1322 1330 1323 1175 1166 1262 1255 1329 1322 1175 1166 1330 1323 1331 1324 1175 1166 1331 1324 1209 1200 1175 1166 1209 1200 1332 1325 1181 1172 1331 1324 1333 1326 1209 1200 1333 1326 1332 1325 1209 1200 1334 1327 1335 1328 1328 1321 1335 1328 1311 1304 1328 1321 1336 1329 1330 1323 1329 1322 1337 1330 1335 1328 1334 1327 1338 1331 1298 1291 1303 1296 1339 1332 1340 1333 1305 1298 1340 1333 1306 1299 1305 1298 1327 1320 1341 1334 1326 1319 1341 1334 1342 1335 1326 1319 1343 1336 1298 1291 1338 1331 1298 1291 1344 1337 1299 1292 1298 1291 1345 1338 1344 1337 1346 1339 1298 1291 1343 1336 1331 1324 1347 1340 1333 1326 1348 1341 1335 1328 1337 1330 1307 1300 1349 1342 1308 1301 1331 1324 1350 1343 1347 1340 1351 1344 1340 1333 1339 1332 1298 1291 1352 1345 1345 1338 1353 1346 1335 1328 1348 1341 1354 1347 1298 1291 1346 1339 1298 1291 1355 1348 1352 1345 1356 1349 1298 1291 1354 1347 1313 1306 1357 1350 1319 1312 1341 1334 1358 1351 1342 1335 1359 1352 1330 1323 1336 1329 1307 1300 1360 1353 1349 1342 1306 1299 1361 1354 1277 1270 1331 1324 1362 1355 1350 1343 1363 1356 1364 1357 1350 1343 1362 1355 1363 1356 1350 1343 1298 1291 1365 1358 1355 1348 1366 1359 1367 1360 1365 1358 1298 1291 1366 1359 1365 1358 1368 1361 1340 1333 1351 1344 1369 1362 1330 1323 1359 1352 1370 1363 1371 1364 1356 1349 1371 1364 1298 1291 1356 1349 1366 1359 1372 1365 1367 1360 1363 1356 1373 1366 1364 1357 1341 1334 1374 1367 1358 1351 1375 1368 1335 1328 1353 1346 1376 1369 1375 1368 1353 1346 1363 1356 1377 1370 1373 1366 1378 1371 1371 1364 1370 1363 1379 1372 1380 1373 1381 1374 1366 1359 1379 1372 1381 1374 1382 1375 1366 1359 1381 1374 1372 1365 1366 1359 1382 1375 1307 1300 1383 1376 1360 1353 1307 1300 1384 1377 1383 1376 1385 1378 1271 1264 1270 1263 1386 1379 1371 1364 1378 1371 1387 1380 1388 1381 1374 1367 1341 1334 1387 1380 1374 1367 1387 1380 1389 1382 1388 1381 1390 1383 1375 1368 1376 1369 1391 1384 1390 1383 1376 1369 1392 1385 1371 1364 1386 1379 1393 1386 1390 1383 1391 1384 1394 1387 1330 1323 1369 1362 1395 1388 1394 1387 1369 1362 1396 1389 1371 1364 1392 1385 1397 1390 1371 1364 1396 1389 1398 1391 1397 1390 1396 1389 1399 1392 1271 1264 1385 1378 1400 1393 1394 1387 1395 1388 1401 1394 1394 1387 1400 1393 1402 1395 1390 1383 1393 1386 1403 1396 1404 1397 1402 1395 1404 1397 1390 1383 1402 1395 1330 1323 1362 1355 1331 1324 1387 1380 1405 1398 1389 1382 1307 1300 1406 1399 1384 1377 1363 1356 1407 1400 1377 1370 1330 1323 1408 1401 1362 1355 1409 1402 1363 1356 1362 1355 1408 1401 1409 1402 1362 1355 1409 1402 1410 1403 1363 1356 1410 1403 1407 1400 1363 1356 1387 1380 1411 1404 1405 1398 1411 1404 1412 1405 1405 1398 1413 1406 1414 1407 1406 1399 1307 1300 1413 1406 1406 1399 1415 1408 1416 1409 1368 1361 1416 1409 1340 1333 1368 1361 1409 1402 1417 1410 1410 1403 1416 1409 1418 1411 1340 1333 1418 1411 1306 1299 1340 1333 1419 1412 1361 1354 1306 1299 1418 1411 1420 1413 1306 1299 1420 1413 1419 1412 1306 1299 1421 1414 1397 1390 1398 1391 1313 1306 1422 1415 1357 1350 1399 1392 1423 1416 1271 1264 1423 1416 1424 1417 1271 1264 1424 1417 1272 1265 1271 1264 1425 1418 1423 1416 1399 1392 1424 1417 1413 1406 1272 1265 1413 1406 1307 1300 1272 1265 1426 1419 1416 1409 1415 1408 1427 1420 1394 1387 1401 1394 1411 1404 1394 1387 1427 1420 1428 1421 1411 1404 1427 1420 1413 1406 1429 1422 1414 1407 1379 1372 1430 1423 1380 1373 1431 1424 1411 1404 1428 1421 1412 1405 1411 1404 1431 1424 1432 1425 1416 1409 1426 1419 1409 1402 1433 1426 1417 1410 1434 1427 1423 1416 1425 1418 1435 1428 1416 1409 1432 1425 1436 1429 1435 1428 1432 1425 1437 1430 1435 1428 1436 1429 1433 1426 1409 1402 1437 1430 1409 1402 1435 1428 1437 1430 1413 1406 1438 1431 1429 1422 1439 1432 1397 1390 1421 1414 1440 1433 1441 1434 1422 1415 1313 1306 1440 1433 1422 1415 1442 1435 1443 1436 1434 1427 1443 1436 1423 1416 1434 1427 1379 1372 1444 1437 1430 1423 1375 1368 1311 1304 1335 1328 1445 1438 1327 1320 1325 1318 1379 1372 1446 1439 1444 1437 1447 1440 1448 1441 1439 1432 1448 1441 1397 1390 1439 1432 1449 1442 1448 1441 1447 1440 1379 1372 1450 1443 1446 1439 1451 1444 1452 1445 1450 1443 1379 1372 1451 1444 1450 1443 1453 1446 1404 1397 1403 1396 1404 1397 1454 1447 1452 1445 1451 1444 1404 1397 1452 1445 1455 1448 1404 1397 1453 1446 1404 1397 1455 1448 1454 1447 1456 1449 1457 1450 1449 1442 1457 1450 1448 1441 1449 1442 1458 1451 1457 1450 1456 1449 1457 1450 1459 1452 1438 1431 1413 1406 1457 1450 1438 1431 1457 1450 1460 1453 1459 1452 1461 1454 1457 1450 1458 1451 1457 1450 1461 1454 1460 1453 1462 1455 1327 1320 1445 1438 1375 1368 1390 1383 1311 1304 1390 1383 1463 1456 1311 1304 1464 1457 1312 1305 1311 1304 1465 1458 1464 1457 1311 1304 1463 1456 1465 1458 1311 1304 1466 1459 1313 1306 1312 1305 1464 1457 1466 1459 1312 1305 1467 1460 1440 1433 1313 1306 1466 1459 1467 1460 1313 1306 1468 1461 1441 1434 1440 1433 1467 1460 1468 1461 1440 1433 1462 1455 1469 1462 1327 1320 1470 1463 1341 1334 1327 1320 1471 1464 1470 1463 1327 1320 1469 1462 1471 1464 1327 1320 1472 1465 1387 1380 1341 1334 1470 1463 1472 1465 1341 1334 1473 1466 1411 1404 1387 1380 1472 1465 1473 1466 1387 1380 1474 1467 1394 1387 1411 1404 1473 1466 1474 1467 1411 1404 1475 1468 1330 1323 1394 1387 1474 1467 1475 1468 1394 1387 1476 1469 1408 1401 1330 1323 1475 1468 1476 1469 1330 1323 1477 1470 1478 1471 1468 1461 1467 1460 1477 1470 1468 1461 1479 1472 1443 1436 1442 1435 1476 1469 1409 1402 1408 1401 1418 1411 1480 1473 1420 1413 1404 1397 1463 1456 1390 1383 1418 1411 1481 1474 1480 1473 1482 1475 1471 1464 1469 1462 1483 1476 1484 1477 1298 1291 1484 1477 1366 1359 1298 1291 1371 1364 1483 1476 1298 1291 1484 1477 1379 1372 1366 1359 1485 1478 1483 1476 1371 1364 1486 1479 1485 1478 1371 1364 1397 1390 1486 1479 1371 1364 1487 1480 1471 1464 1482 1475 1488 1481 1465 1458 1463 1456 1404 1397 1489 1482 1463 1456 1489 1482 1488 1481 1463 1456 1424 1417 1490 1483 1413 1406 1490 1483 1457 1450 1413 1406 1477 1470 1491 1484 1478 1471 1418 1411 1492 1485 1481 1474 1418 1411 1493 1486 1492 1485 1494 1487 1471 1464 1487 1480 1477 1470 1495 1488 1491 1484 1496 1489 1471 1464 1494 1487 1497 1490 1496 1489 1494 1487 1498 1491 1443 1436 1479 1472 1477 1470 1499 1492 1495 1488 1451 1444 1489 1482 1404 1397 1500 1493 1496 1489 1497 1490 1501 1494 1496 1489 1500 1493 1418 1411 1502 1495 1493 1486 1503 1496 1496 1489 1501 1494 1477 1470 1504 1497 1499 1492 1505 1498 1506 1499 1504 1497 1477 1470 1505 1498 1504 1497 1505 1498 1507 1500 1506 1499 1490 1483 1508 1501 1457 1450 1509 1502 1448 1441 1457 1450 1508 1501 1509 1502 1457 1450 1418 1411 1510 1503 1502 1495 1507 1500 1505 1498 1503 1496 1505 1498 1496 1489 1503 1496 1418 1411 1511 1504 1510 1503 1512 1505 1443 1436 1498 1491 1513 1506 1512 1505 1498 1491 1514 1507 1512 1505 1513 1506 1418 1411 1515 1508 1511 1504 1512 1505 1516 1509 1515 1508 1418 1411 1512 1505 1515 1508 1512 1505 1514 1507 1516 1509 1517 1510 1451 1444 1379 1372 1484 1477 1517 1510 1379 1372 1518 1511 1486 1479 1397 1390 1448 1441 1518 1511 1397 1390 1475 1468 1519 1512 1476 1469 1519 1512 1409 1402 1476 1469 1520 1513 1484 1477 1483 1476 1485 1478 1520 1513 1483 1476 1519 1512 1521 1514 1409 1402 1521 1514 1522 1515 1409 1402 1522 1515 1523 1516 1409 1402 1523 1516 1524 1517 1409 1402 1524 1517 1435 1428 1409 1402 1524 1517 1525 1518 1435 1428 1525 1518 1416 1409 1435 1428 1525 1518 1526 1519 1416 1409 1526 1519 1418 1411 1416 1409 1526 1519 1527 1520 1418 1411 1527 1520 1512 1505 1418 1411 1527 1520 1528 1521 1512 1505 1528 1521 1443 1436 1512 1505 1475 1468 1521 1514 1519 1512 1528 1521 1529 1522 1443 1436 1529 1522 1423 1416 1443 1436 1529 1522 1530 1523 1423 1416 1530 1523 1424 1417 1423 1416 1530 1523 1531 1524 1424 1417 1531 1524 1490 1483 1424 1417 1531 1524 1508 1501 1490 1483 1488 1481 1532 1525 1465 1458 1532 1525 1533 1526 1465 1458 1533 1526 1534 1527 1465 1458 1534 1527 1464 1457 1465 1458 1534 1527 1535 1528 1464 1457 1535 1528 1466 1459 1464 1457 1535 1528 1536 1529 1466 1459 1536 1529 1467 1460 1466 1459 1536 1529 1537 1530 1467 1460 1537 1530 1477 1470 1467 1460 1537 1530 1538 1531 1477 1470 1538 1531 1505 1498 1477 1470 1538 1531 1539 1532 1505 1498 1539 1532 1496 1489 1505 1498 1539 1532 1540 1533 1496 1489 1540 1533 1471 1464 1496 1489 1540 1533 1541 1534 1471 1464 1541 1534 1470 1463 1471 1464 1541 1534 1542 1535 1470 1463 1542 1535 1472 1465 1470 1463 1542 1535 1543 1536 1472 1465 1543 1536 1473 1466 1472 1465 1543 1536 1544 1537 1473 1466 1544 1537 1474 1467 1473 1466 1544 1537 1545 1538 1474 1467 1545 1538 1475 1468 1474 1467 1545 1538 1522 1515 1475 1468 1522 1515 1521 1514 1475 1468 1546 1539 1547 1540 1451 1444 1517 1510 1546 1539 1451 1444 1547 1540 1489 1482 1451 1444 1489 1482 1532 1525 1488 1481 1548 1541 1518 1511 1448 1441 1509 1502 1548 1541 1448 1441 1530 1523 1549 1542 1531 1524 1549 1542 1508 1501 1531 1524 1550 1543 1533 1526 1532 1525 1489 1482 1550 1543 1532 1525 1551 1544 1550 1543 1489 1482 1552 1545 1551 1544 1489 1482 1547 1540 1552 1545 1489 1482 1549 1542 1553 1546 1508 1501 1554 1547 1509 1502 1508 1501 1553 1546 1554 1547 1508 1501 1555 1548 1484 1477 1520 1513 1485 1478 1555 1548 1520 1513 1556 1549 1557 1550 1555 1548 1557 1550 1484 1477 1555 1548 1558 1551 1556 1549 1555 1548 1485 1478 1558 1551 1555 1548 1557 1550 1559 1552 1484 1477 1559 1552 1560 1553 1484 1477 1560 1553 1517 1510 1484 1477 1486 1479 1561 1554 1485 1478 1562 1555 1558 1551 1485 1478 1561 1554 1562 1555 1485 1478 1545 1538 1563 1556 1522 1515 1563 1556 1523 1516 1522 1515 1564 1557 1546 1539 1517 1510 1565 1558 1564 1557 1517 1510 1560 1553 1566 1559 1517 1510 1566 1559 1565 1558 1517 1510 1567 1560 1561 1554 1486 1479 1518 1511 1568 1561 1486 1479 1568 1561 1569 1562 1486 1479 1569 1562 1567 1560 1486 1479 1570 1563 1571 1564 1547 1540 1546 1539 1570 1563 1547 1540 1571 1564 1552 1545 1547 1540 1572 1565 1548 1541 1509 1502 1554 1547 1572 1565 1509 1502 1550 1543 1551 1544 1533 1526 1551 1544 1573 1566 1533 1526 1574 1567 1534 1527 1533 1526 1575 1568 1574 1567 1533 1526 1573 1566 1575 1568 1533 1526 1576 1569 1535 1528 1534 1527 1574 1567 1576 1569 1534 1527 1577 1570 1536 1529 1535 1528 1576 1569 1577 1570 1535 1528 1578 1571 1537 1530 1536 1529 1577 1570 1578 1571 1536 1529 1579 1572 1538 1531 1537 1530 1578 1571 1579 1572 1537 1530 1580 1573 1539 1532 1538 1531 1579 1572 1580 1573 1538 1531 1581 1574 1540 1533 1539 1532 1580 1573 1581 1574 1539 1532 1582 1575 1541 1534 1540 1533 1581 1574 1582 1575 1540 1533 1583 1576 1542 1535 1541 1534 1582 1575 1583 1576 1541 1534 1563 1556 1584 1577 1523 1516 1584 1577 1585 1578 1523 1516 1585 1578 1586 1579 1523 1516 1586 1579 1587 1580 1523 1516 1587 1580 1524 1517 1523 1516 1588 1581 1543 1536 1542 1535 1583 1576 1588 1581 1542 1535 1589 1582 1544 1537 1543 1536 1588 1581 1589 1582 1543 1536 1587 1580 1590 1583 1524 1517 1590 1583 1525 1518 1524 1517 1591 1584 1592 1585 1546 1539 1592 1585 1593 1586 1546 1539 1593 1586 1570 1563 1546 1539 1564 1557 1591 1584 1546 1539 1594 1587 1545 1538 1544 1537 1589 1582 1594 1587 1544 1537 1590 1583 1595 1588 1525 1518 1595 1588 1526 1519 1525 1518 1585 1578 1584 1577 1545 1538 1584 1577 1563 1556 1545 1538 1594 1587 1585 1578 1545 1538 1595 1588 1596 1589 1526 1519 1596 1589 1527 1520 1526 1519 1596 1589 1597 1590 1527 1520 1597 1590 1528 1521 1527 1520 1598 1591 1573 1566 1551 1544 1599 1592 1598 1591 1551 1544 1552 1545 1599 1592 1551 1544 1597 1590 1600 1593 1528 1521 1600 1593 1529 1522 1528 1521 1600 1593 1601 1594 1529 1522 1601 1594 1530 1523 1529 1522 1601 1594 1602 1595 1530 1523 1602 1595 1549 1542 1530 1523 1602 1595 1553 1546 1549 1542 1548 1541 1603 1596 1518 1511 1603 1596 1604 1597 1518 1511 1604 1597 1605 1598 1518 1511 1605 1598 1606 1599 1518 1511 1606 1599 1568 1561 1518 1511 1601 1594 1607 1600 1602 1595 1607 1600 1553 1546 1602 1595 1571 1564 1599 1592 1552 1545 1608 1601 1575 1568 1573 1566 1598 1591 1608 1601 1573 1566 1607 1600 1609 1602 1553 1546 1610 1603 1554 1547 1553 1546 1609 1602 1610 1603 1553 1546 1611 1604 1612 1605 1571 1564 1612 1605 1613 1606 1571 1564 1613 1606 1614 1607 1571 1564 1615 1608 1611 1604 1571 1564 1570 1563 1615 1608 1571 1564 1614 1607 1599 1592 1571 1564 1616 1609 1615 1608 1570 1563 1617 1610 1616 1609 1570 1563 1593 1586 1618 1611 1570 1563 1618 1611 1617 1610 1570 1563 1619 1612 1603 1596 1548 1541 1572 1565 1620 1613 1548 1541 1620 1613 1621 1614 1548 1541 1621 1614 1619 1612 1548 1541 1610 1603 1622 1615 1554 1547 1623 1616 1572 1565 1554 1547 1622 1615 1623 1616 1554 1547 1594 1587 1624 1617 1585 1578 1624 1617 1586 1579 1585 1578 1625 1618 1626 1619 1598 1591 1626 1619 1608 1601 1598 1591 1627 1620 1625 1618 1598 1591 1599 1592 1627 1620 1598 1591 1608 1601 1626 1619 1575 1568 1626 1619 1625 1618 1575 1568 1625 1618 1628 1621 1575 1568 1628 1621 1629 1622 1575 1568 1629 1622 1574 1567 1575 1568 1629 1622 1630 1623 1574 1567 1630 1623 1576 1569 1574 1567 1630 1623 1631 1624 1576 1569 1631 1624 1577 1570 1576 1569 1631 1624 1632 1625 1577 1570 1632 1625 1578 1571 1577 1570 1632 1625 1633 1626 1578 1571 1633 1626 1579 1572 1578 1571 1633 1626 1634 1627 1579 1572 1634 1627 1580 1573 1579 1572 1634 1627 1635 1628 1580 1573 1635 1628 1581 1574 1580 1573 1635 1628 1636 1629 1581 1574 1636 1629 1582 1575 1581 1574 1636 1629 1637 1630 1582 1575 1637 1630 1583 1576 1582 1575 1638 1631 1639 1632 1599 1592 1639 1632 1640 1633 1599 1592 1640 1633 1627 1620 1599 1592 1614 1607 1638 1631 1599 1592 1637 1630 1641 1634 1583 1576 1641 1634 1588 1581 1583 1576 1641 1634 1642 1635 1588 1581 1642 1635 1589 1582 1588 1581 1642 1635 1643 1636 1589 1582 1643 1636 1594 1587 1589 1582 1644 1637 1645 1638 1594 1587 1645 1638 1646 1639 1594 1587 1646 1639 1624 1617 1594 1587 1643 1636 1644 1637 1594 1587 1646 1639 1586 1579 1624 1617 1601 1594 1647 1640 1607 1600 1647 1640 1609 1602 1607 1600 1648 1641 1615 1608 1616 1609 1646 1639 1645 1638 1586 1579 1645 1638 1649 1642 1586 1579 1649 1642 1650 1643 1586 1579 1650 1643 1587 1580 1586 1579 1650 1643 1651 1644 1587 1580 1651 1644 1590 1583 1587 1580 1652 1645 1653 1646 1609 1602 1647 1640 1652 1645 1609 1602 1654 1647 1610 1603 1609 1602 1653 1646 1654 1647 1609 1602 1651 1644 1655 1648 1590 1583 1655 1648 1595 1588 1590 1583 1655 1648 1656 1649 1595 1588 1656 1649 1596 1589 1595 1588 1656 1649 1657 1650 1596 1589 1657 1650 1597 1590 1596 1589 1657 1650 1658 1651 1597 1590 1658 1651 1600 1593 1597 1590 1658 1651 1659 1652 1600 1593 1659 1652 1601 1594 1600 1593 1660 1653 1647 1640 1601 1594 1659 1652 1661 1654 1601 1594 1661 1654 1660 1653 1601 1594 1660 1653 1652 1645 1647 1640 1662 1655 1663 1656 1615 1608 1648 1641 1662 1655 1615 1608 1663 1656 1611 1604 1615 1608 1623 1616 1664 1657 1572 1565 1664 1657 1665 1658 1572 1565 1665 1658 1666 1659 1572 1565 1666 1659 1620 1613 1572 1565 1667 1660 1668 1661 1614 1607 1668 1661 1669 1662 1614 1607 1669 1662 1670 1663 1614 1607 1613 1606 1671 1664 1614 1607 1671 1664 1667 1660 1614 1607 1670 1663 1638 1631 1614 1607 1672 1665 1673 1666 1610 1603 1654 1647 1672 1665 1610 1603 1673 1666 1674 1667 1610 1603 1674 1667 1675 1668 1610 1603 1675 1668 1676 1669 1610 1603 1676 1669 1677 1670 1610 1603 1677 1670 1622 1615 1610 1603 1644 1637 1649 1642 1645 1638 1678 1671 1628 1621 1625 1618 1627 1620 1678 1671 1625 1618 1679 1672 1680 1673 1627 1620 1681 1674 1678 1671 1627 1620 1680 1673 1681 1674 1627 1620 1640 1633 1682 1675 1627 1620 1682 1675 1679 1672 1627 1620 1683 1676 1684 1677 1628 1621 1684 1677 1685 1678 1628 1621 1685 1678 1629 1622 1628 1621 1681 1674 1683 1676 1628 1621 1678 1671 1681 1674 1628 1621 1686 1679 1630 1623 1629 1622 1687 1680 1686 1679 1629 1622 1685 1678 1688 1681 1629 1622 1688 1681 1687 1680 1629 1622 1689 1682 1690 1683 1630 1623 1690 1683 1691 1684 1630 1623 1691 1684 1631 1624 1630 1623 1686 1679 1689 1682 1630 1623 1692 1685 1632 1625 1631 1624 1693 1686 1692 1685 1631 1624 1691 1684 1694 1687 1631 1624 1694 1687 1693 1686 1631 1624 1695 1688 1633 1626 1632 1625 1696 1689 1695 1688 1632 1625 1692 1685 1696 1689 1632 1625 1697 1690 1698 1691 1640 1633 1698 1691 1682 1675 1640 1633 1639 1632 1699 1692 1640 1633 1699 1692 1700 1693 1640 1633 1700 1693 1697 1690 1640 1633 1701 1694 1702 1695 1633 1626 1702 1695 1703 1696 1633 1626 1703 1696 1634 1627 1633 1626 1695 1688 1701 1694 1633 1626 1704 1697 1705 1698 1634 1627 1705 1698 1635 1628 1634 1627 1703 1696 1706 1699 1634 1627 1706 1699 1704 1697 1634 1627 1707 1700 1636 1629 1635 1628 1705 1698 1708 1701 1635 1628 1708 1701 1709 1702 1635 1628 1709 1702 1707 1700 1635 1628 1710 1703 1637 1630 1636 1629 1707 1700 1711 1704 1636 1629 1711 1704 1710 1703 1636 1629 1712 1705 1641 1634 1637 1630 1713 1706 1712 1705 1637 1630 1710 1703 1714 1707 1637 1630 1714 1707 1713 1706 1637 1630 1715 1708 1716 1709 1641 1634 1716 1709 1717 1710 1641 1634 1717 1710 1642 1635 1641 1634 1718 1711 1715 1708 1641 1634 1719 1712 1643 1636 1642 1635 1720 1713 1719 1712 1642 1635 1717 1710 1721 1714 1642 1635 1721 1714 1720 1713 1642 1635 1722 1715 1644 1637 1643 1636 1723 1716 1722 1715 1643 1636 1719 1712 1723 1716 1643 1636 1724 1717 1725 1718 1652 1645 1726 1719 1653 1646 1652 1645 1727 1720 1726 1719 1652 1645 1725 1718 1727 1720 1652 1645 1660 1653 1661 1654 1652 1645 1728 1721 1724 1717 1652 1645 1661 1654 1728 1721 1652 1645 1729 1722 1730 1723 1649 1642 1730 1723 1731 1724 1649 1642 1731 1724 1650 1643 1649 1642 1732 1725 1729 1722 1649 1642 1644 1637 1732 1725 1649 1642 1733 1726 1734 1727 1650 1643 1734 1727 1651 1644 1650 1643 1731 1724 1735 1728 1650 1643 1735 1728 1733 1726 1650 1643 1736 1729 1732 1725 1644 1637 1722 1715 1736 1729 1644 1637 1737 1730 1738 1731 1651 1644 1738 1731 1739 1732 1651 1644 1739 1732 1655 1648 1651 1644 1734 1727 1740 1733 1651 1644 1740 1733 1737 1730 1651 1644 1741 1734 1742 1735 1655 1648 1742 1735 1743 1736 1655 1648 1743 1736 1656 1649 1655 1648 1739 1732 1744 1737 1655 1648 1744 1737 1741 1734 1655 1648 1745 1738 1683 1676 1681 1674 1680 1673 1745 1738 1681 1674 1746 1739 1747 1740 1656 1649 1747 1740 1748 1741 1656 1649 1748 1741 1657 1650 1656 1649 1743 1736 1749 1742 1656 1649 1749 1742 1746 1739 1656 1649 1750 1743 1751 1744 1657 1650 1751 1744 1752 1745 1657 1650 1752 1745 1658 1651 1657 1650 1748 1741 1753 1746 1657 1650 1753 1746 1750 1743 1657 1650 1754 1747 1659 1652 1658 1651 1755 1748 1754 1747 1658 1651 1752 1745 1756 1749 1658 1651 1756 1749 1755 1748 1658 1651 1757 1750 1661 1654 1659 1652 1758 1751 1757 1750 1659 1652 1759 1752 1758 1751 1659 1652 1754 1747 1759 1752 1659 1652 1757 1750 1760 1753 1661 1654 1760 1753 1728 1721 1661 1654 1726 1719 1761 1754 1653 1646 1762 1755 1654 1647 1653 1646 1761 1754 1762 1755 1653 1646 1763 1756 1764 1757 1639 1632 1764 1757 1765 1758 1639 1632 1765 1758 1766 1759 1639 1632 1766 1759 1767 1760 1639 1632 1767 1760 1768 1761 1639 1632 1768 1761 1699 1692 1639 1632 1638 1631 1763 1756 1639 1632 1762 1755 1769 1762 1654 1647 1769 1762 1770 1763 1654 1647 1770 1763 1771 1764 1654 1647 1771 1764 1772 1765 1654 1647 1772 1765 1672 1665 1654 1647 1773 1766 1774 1767 1722 1715 1774 1767 1736 1729 1722 1715 1775 1768 1638 1631 1670 1663 1775 1768 1763 1756 1638 1631 1776 1769 1673 1666 1672 1665 1772 1765 1777 1770 1672 1665 1777 1770 1776 1769 1672 1665 1778 1771 1708 1701 1705 1698 1773 1766 1779 1772 1774 1767 1779 1772 1736 1729 1774 1767 1780 1773 1781 1774 1773 1766 1781 1774 1779 1772 1773 1766 1720 1713 1782 1775 1719 1712 1721 1714 1782 1775 1720 1713 1717 1710 1782 1775 1721 1714 1783 1776 1781 1774 1784 1777 1716 1709 1785 1778 1717 1710 1715 1708 1785 1778 1716 1709 1718 1711 1785 1778 1715 1708 1713 1706 1786 1779 1712 1705 1786 1779 1783 1776 1712 1705 1714 1707 1786 1779 1713 1706 1710 1703 1786 1779 1714 1707 1711 1704 1786 1779 1710 1703 1787 1780 1786 1779 1711 1704 1707 1700 1788 1781 1711 1704 1709 1702 1788 1781 1707 1700 1708 1701 1788 1781 1709 1702 1778 1771 1788 1781 1708 1701</p>
        </triangles>
      </mesh>
    </geometry>
    <geometry id="mesh-ac59ab76-f433-4129-916a-afcfaac69657-mesh" name="mesh-ac59ab76-f433-4129-916a-afcfaac69657">
      <mesh>
        <source id="mesh-ac59ab76-f433-4129-916a-afcfaac69657-mesh-positions">
          <float_array id="mesh-ac59ab76-f433-4129-916a-afcfaac69657-mesh-positions-array" count="7200">-31 3.08156e-6 16.46109 -29.9437 8.023392 26.46108 -31 3.08156e-6 26.46108 -29.9437 -8.02339 26.46108 -29.9437 -8.02339 16.46109 -29.9437 8.023392 16.46109 -26.84679 15.5 26.46108 -26.84679 -15.5 26.46108 -26.84679 -15.5 16.46109 -26.84679 15.5 16.46109 -21.9203 21.92031 26.46108 -21.9203 -21.92031 26.46108 -21.9203 -21.92031 16.46109 -21.9203 21.92031 16.46109 -15.5 26.84679 26.46108 -15.5 -26.84679 26.46108 -15.5 -26.84679 16.46109 -15.5 26.84679 16.46109 -8.023391 29.9437 26.46108 -8.023391 -29.9437 26.46108 -8.023391 -29.9437 16.46109 -8.023391 29.9437 16.46109 5.18964e-6 31 26.46108 5.18965e-6 -31 26.46108 5.18965e-6 -31 16.46109 5.18964e-6 31 16.46109 8.023387 29.9437 26.46108 8.023387 -29.9437 26.46108 8.023387 -29.9437 16.46109 8.023387 29.9437 16.46109 15.5 26.84679 26.46108 15.5 -26.84679 26.46108 15.5 -26.84679 16.46109 15.5 26.84679 16.46109 21.92032 21.92031 26.46108 21.92032 -21.92031 26.46108 21.92032 -21.92031 16.46109 21.92032 21.92031 16.46109 21.92032 21.92031 26.46108 26.84679 15.5 26.46108 26.84679 -15.5 26.46108 26.84679 -15.5 16.46109 26.84679 15.5 16.46109 29.9437 8.023392 26.46108 29.9437 -8.02339 26.46108 29.9437 -8.02339 16.46109 29.9437 8.023392 16.46109 30.99999 3.08157e-6 26.46108 30.99999 3.08157e-6 16.46109 -29.9437 8.023392 26.46108 26.84679 -15.5 26.46108 -31 3.08156e-6 26.46108 26.84679 -15.5 26.46108 -29.9437 -8.02339 26.46108 -26.84679 15.5 26.46108 -26.84679 -15.5 26.46108 29.9437 8.023392 26.46108 30.99999 3.08157e-6 26.46108 -26.84679 15.5 26.46108 26.84679 15.5 26.46108 29.9437 -8.02339 26.46108 -21.9203 21.92031 26.46108 -21.9203 -21.92031 26.46108 -15.5 26.84679 26.46108 -15.5 -26.84679 26.46108 8.023387 29.9437 26.46108 15.5 26.84679 26.46108 -15.5 26.84679 26.46108 -8.023391 29.9437 26.46108 21.92032 21.92031 26.46108 -8.023391 -29.9437 26.46108 5.18964e-6 31 26.46108 21.92032 -21.92031 26.46108 15.5 -26.84679 26.46108 8.023387 -29.9437 26.46108 5.18965e-6 -31 26.46108 46.72064 27.88086 24.25658 46.8705 27.81952 24.18758 45.73849 27.9094 24.42197 46.89445 27.87581 24.22732 49.99986 27.29622 21.49078 10.71376 -39.0572 19.47108 11.39637 -38.74365 19.47186 9.702271 -39.26604 19.47192 8.611179 -39.57395 19.47108 7.516866 -39.75704 19.47113 14.15723 -37.89231 19.47178 14.82112 -37.69064 19.47108 15.63494 -37.3017 19.47142 17.05073 -36.73584 19.47108 6.484007 -39.97759 19.47108 6.912534 -39.86756 19.47078 2.376725 -40.4302 19.47108 2.023747 -40.43077 19.47057 0.9999924 -40.48708 19.47108 3.750687 -40.32595 19.47108 3.165891 -40.36793 19.46999 5.120312 -40.17502 19.47108 4.251783 -40.26199 19.46965 6.484007 -39.97759 19.47108 5.883132 -40.04436 19.47016 5.339523 -40.12464 19.46987 6.887217 -39.87219 19.47076 6.427204 -39.95631 19.47049 9.248218 39.42994 19.47108 11.41891 38.77932 19.47126 12.42929 38.48407 19.47137 13.71888 38.10567 19.47108 14.7367 37.67732 19.47131 13.71888 38.10567 19.47108 15.64061 37.30957 19.47122 10.13601 39.15421 19.47112 17.05073 36.73584 19.47108 4.654949 40.2316 19.47108 4.420241 40.24275 19.47108 5.742107 40.06592 19.47113 6.963124 39.89693 19.47108 6.902536 39.85969 19.47113 6.963124 39.89693 19.47108 6.908288 39.85867 19.47113 7.803117 39.69964 19.47112 7.803117 39.69964 19.47112 2.013435 40.40252 19.47105 2.331336 40.43284 19.47108 5.18964e-6 40.49999 19.47108 3.494595 40.34895 19.47108 3.67627 40.32202 19.47101 -0.9999968 -40.48765 19.47108 -0.9999968 -40.48765 16.46109 -0.9999968 -40 19.47108 -0.9999968 -40 16.46109 -0.9999968 -40 16.46109 1.000007 -40 19.47108 -0.9999968 -40 19.47108 1.000007 -40 16.46109 1.000007 -40 19.47108 0.9999924 -40.48708 19.47108 -0.9999968 -40 19.47108 5.18965e-6 -40.49999 19.47108 -0.9999968 -40.48765 19.47108 1.000007 -40 19.47108 1.000007 -40.48765 16.46109 0.9999924 -40.48708 19.47108 1.000007 -40 16.46109 16.6134 36.93569 16.51226 16.62817 36.92905 16.49672 13.71888 38.10567 19.47108 14.82112 -37.69064 16.46109 16.77825 -36.8611 16.48258 16.65819 -36.91551 16.48663 16.70555 36.8941 16.48355 13.71888 38.10567 16.46109 16.6771 36.90697 16.48438 22.02541 33.9154 16.47206 22.05788 33.96615 16.46109 20.92405 34.62004 16.4723 22.72747 33.46623 16.47191 23.66987 32.86328 16.4717 22.48292 -33.68632 16.46109 22.45899 -33.65234 16.4719 21.56923 -34.27862 16.47209 22.72419 -33.46568 16.47183 29.12029 -28.1471 16.46109 29.12029 -28.1471 16.46109 24.47458 -32.23363 16.47146 22.72419 -33.46568 16.47183 24.98992 -31.87089 16.47134 26.12269 -30.88312 16.47132 27.74256 -29.47059 16.4713 28.17429 -29.09412 16.47129 29.12029 -28.1471 16.46109 29.08506 -28.11436 16.47127 28.17429 -29.09412 16.47129 29.25301 -27.9337 16.47127 34.43079 -21.32535 16.46109 38.17246 -13.53192 16.46109 38.12865 -13.51775 16.47111 37.84703 -14.38803 16.47113 38.37326 -12.76181 16.47111 38.65531 -11.89023 16.47109 34.86005 20.61618 16.46109 29.23129 28.0318 16.46109 34.65382 20.8602 16.47111 34.82278 20.59264 16.47111 35.38151 19.70783 16.4711 29.19318 27.99391 16.47099 29.23129 28.0318 16.46109 27.73175 29.46354 16.47111 29.25373 27.93304 16.47099 30.2334 26.94785 16.47091 38.43115 12.70639 16.47108 38.64673 12.11115 16.46109 38.30622 13.14871 16.47108 38.60279 12.09874 16.47108 38.65999 11.89617 16.47108 39.52478 8.834305 16.47106 40.33667 2.963136 16.4708 40.39124 2.966146 16.46109 40.25456 4.452396 16.47108 40.49972 0.005628228 16.47026 40.06184 -5.941432 16.47105 40.17481 -5.121913 16.46109 40.09086 -5.627647 16.47106 40.13796 -5.118501 16.47106 40.47266 -1.501095 16.47106 40.5 3.08157e-6 16.46109 40.49988 -0.005890309 16.47026 40.47266 -1.501095 16.47106 40.5 5.54424e-4 16.47026 40.49972 0.005628228 16.47026 40.39124 2.966146 16.46109 34.43079 -21.32535 16.46109 38.17246 -13.53192 16.46109 34.64748 -20.85433 16.47105 34.385 -21.29828 16.47104 34.43079 -21.32535 16.46109 34.64748 -20.85433 16.47105 33.67069 -22.50635 16.47101 10.61548 -55.45129 31.27409 10.23818 -51.2988 32.71348 10.14981 -51.00141 32.78867 -32.85718 -3.004562 30.70132 -32.52442 -6.290804 30.61939 -32.86696 4.86086e-5 30.89801 6.04422e-6 20.22805 13.23594 5.698903 19.40869 23.23596 6.04422e-6 20.22805 23.23596 -5.698902 19.40869 23.23596 -5.698902 19.40869 13.23594 5.698903 19.40869 13.23594 10.93612 17.01694 23.23596 -10.93611 17.01694 23.23596 -10.93611 17.01694 13.23594 10.93612 17.01694 13.23594 15.28735 13.24655 23.23596 -15.28734 13.24655 23.23596 -15.28734 13.24655 13.23594 15.28735 13.24655 13.23594 18.40009 8.403052 23.23596 -18.40009 8.403052 23.23596 -18.40009 8.403052 13.23594 18.40009 8.403052 13.23594 20.02218 2.878744 23.23596 -20.02217 2.878744 23.23596 -20.02217 2.878744 13.23594 20.02218 2.878744 13.23594 20.02218 -2.878766 23.23596 -20.02217 -2.878766 23.23596 -20.02217 -2.878766 13.23594 20.02218 -2.878766 13.23594 18.40009 -8.403044 23.23596 -18.40009 -8.403044 23.23596 -18.40009 -8.403044 13.23594 18.40009 -8.403044 13.23594 15.28735 -13.24658 23.23596 -15.28734 -13.24658 23.23596 -15.28734 -13.24658 13.23594 15.28735 -13.24658 13.23594 10.93612 -17.01693 23.23596 -10.93611 -17.01693 23.23596 -10.93611 -17.01693 13.23594 10.93612 -17.01693 13.23594 5.698903 -19.40868 23.23596 -5.698902 -19.40868 23.23596 -5.698902 -19.40868 13.23594 5.698903 -19.40868 13.23594 6.04422e-6 -20.22807 23.23596 6.04422e-6 -20.22807 13.23594 5.698903 19.40869 23.23596 -5.698902 -19.40868 23.23596 6.04422e-6 20.22805 23.23596 -5.698902 19.40869 23.23596 6.04422e-6 -20.22807 23.23596 5.698903 -19.40868 23.23596 10.93612 17.01694 23.23596 -10.93611 -17.01693 23.23596 -10.93611 17.01694 23.23596 10.93612 -17.01693 23.23596 10.93612 17.01694 23.23596 15.28735 13.24655 23.23596 -18.40009 -8.403044 23.23596 -20.02217 -2.878766 23.23596 -15.28734 -13.24658 23.23596 -20.02217 2.878744 23.23596 -18.40009 8.403052 23.23596 -15.28734 13.24655 23.23596 18.40009 8.403052 23.23596 20.02218 2.878744 23.23596 20.02218 -2.878766 23.23596 15.28735 -13.24658 23.23596 18.40009 -8.403044 23.23596 29.72549 -16.50313 13.27751 29.69405 -16.45411 13.23594 30.87949 -14.29398 14.99648 -33.69767 -0.9999981 13.23594 -33.69767 -0.9999981 14.23595 -33.69767 1.000006 14.23595 -33.69767 1.000006 13.23594 -33.98529 1.000006 13.23594 -33.69767 1.000006 13.23594 -33.69767 1.000006 14.23595 -33.98527 1.000006 14.23595 -34.00465 2.87027e-4 14.23595 -33.98527 1.000006 14.23595 -33.69767 1.000006 14.23595 -33.69767 -0.9999981 14.23595 -33.98741 -0.9999981 14.23595 -33.69767 -0.9999981 13.23594 -33.98741 -0.9999981 14.23595 -33.69767 -0.9999981 14.23595 -33.98335 -0.9999981 13.23594 28.7363 -18.18274 13.23594 29.64941 -16.53467 13.23594 29.72549 -16.50313 13.27751 29.69405 -16.45411 13.23594 6.04422e-6 -30.00001 40.00724 1.614718 -29.96023 40.00447 -3.597488 -29.79229 39.99716 4.27164 -29.67531 39.9859 5.028507 -29.59416 39.98063 -6.687996 -29.23445 39.94403 -4.271982 -29.67055 39.98557 8.828654 -28.66186 39.85212 8.311538 -28.84502 39.8871 6.667888 -29.22006 39.93392 -7.072238 -29.16507 39.93741 -10.19957 -28.20266 39.77627 -8.832156 -28.62347 39.84672 10.16591 -28.18821 39.76167 11.5 -27.71566 39.67143 13.54854 -26.71472 39.42076 -13.81851 -26.61194 39.3996 -13.54612 -26.76914 39.44338 -13.53207 -26.77725 39.44564 -10.39912 -28.14127 39.76599 19.44807 -22.80302 38.28118 20.32843 -22.08502 38.06148 20.98647 -21.40112 37.86177 15.18483 -25.84354 39.18982 14.70491 -26.1497 39.27928 13.76593 -26.60851 39.39417 -15.14928 -25.84393 39.18574 -17.54366 -24.28864 38.7365 -16.45984 -25.08755 38.97513 -21.40324 -21.00064 37.74977 -20.99129 -21.38169 37.86439 6.04422e-6 -38.47797 37.45786 3.885588 -38.49466 37.41816 -3.885799 -38.49498 37.41807 7.956548 -38.52309 37.14654 -7.956991 -38.52339 37.1464 -11.99076 -38.54991 36.46016 11.9901 -38.54961 36.46044 -15.85947 -38.55244 35.17634 -18.1043 -25.84447 38.13014 15.85866 -38.55215 35.17682 18.1033 -25.84429 38.13062 17.46446 -24.38919 38.76496 17.64233 -24.2757 38.73182 18.44764 -23.61892 38.53083 -19.43969 -22.817 38.2962 -19.04615 -23.18106 38.40572 -18.45012 -23.62041 38.53694 22.7714 -19.54601 37.32006 22.87623 -19.40833 37.28551 23.61221 -18.44163 37.04295 24.94632 -16.68928 36.60328 21.29824 -21.07711 37.76715 -20.21902 -25.82822 37.0861 -25.47416 -15.79909 36.38998 -23.82971 -18.2278 36.96809 -23.60359 -18.49068 37.04185 -22.81346 -19.40937 37.29955 -21.60685 -20.81229 37.69309 20.21795 -25.82808 37.08673 -17.67161 -38.53465 34.25035 -22.20039 -25.79199 35.8238 22.19929 -25.79184 35.82463 -23.44505 -19.3984 36.91743 6.04422e-6 -40.45201 36.86426 5.010268 -51.00069 33.54452 4.782928 -51.00066 33.56863 3.315887 -51.00046 33.60677 -3.315744 -51.00051 33.59816 6.04422e-6 -51.00001 33.69299 -5.490476 -51.00084 33.50488 -5.120904 -51.00078 33.54654 29.7641 -3.715079 34.98292 29.80053 -3.506016 34.97306 29.71436 -4.000496 34.9964 23.44385 -19.39834 36.91825 29.97331 1.269032 34.92848 29.63615 4.659075 34.92848 28.91054 8.011777 34.92848 29.33714 6.040622 34.92848 29.62888 4.692633 34.92848 28.48742 9.255429 34.92851 28.48324 9.267707 34.92851 27.7981 11.28151 34.92851 26.30589 14.42244 34.92851 26.69516 13.60308 34.92851 27.23674 12.46311 34.92851 24.44643 17.38902 34.92854 25.48297 15.73532 34.92851 29.22171 -6.827425 35.12982 29.30666 -6.339919 35.10681 28.28626 -10.00635 35.42021 29.0023 -7.573019 35.19792 24.25797 17.62347 34.92854 23.30523 18.80871 34.92854 22.23771 20.13676 34.92854 21.17743 21.17675 34.92854 21.18497 21.16935 34.92854 -29.73258 -3.6817 34.98993 -29.72726 -3.722232 34.99124 -29.30945 -6.339293 35.1013 -29.46259 -5.739134 35.05603 -29.91984 -2.254676 34.94406 -4.692619 29.62874 34.92863 -5.220951 29.51442 34.92863 -8.011727 28.91042 34.9286 -4.659032 29.63602 34.92863 -10.29009 28.13529 34.9286 -11.28146 27.79801 34.9286 -9.255408 28.48731 34.9286 -1.268999 29.97314 34.92863 -14.42238 26.30581 34.9286 -15.04759 25.91394 34.9286 -17.38896 24.44636 34.9286 -13.60303 26.69506 34.9286 -19.33638 22.88099 34.9286 -20.13671 22.23768 34.9286 -21.1767 21.1774 34.9286 -17.62342 24.25792 34.9286 30.01931 -1.0996e-5 34.94755 -23.04192 19.15954 34.9286 -24.238 17.60848 34.9286 -24.80643 16.87135 34.9286 -22.62275 19.70311 34.9286 6.763375 -51.00093 33.35864 7.668687 -51.00105 33.26265 8.259533 -51.00114 33.19997 -8.115734 -51.00126 33.20897 -6.763798 -51.00105 33.36135 -10.15028 -51.00159 32.78894 -8.407476 -51.00132 33.17607 -26.64855 13.77885 34.9286 -26.72148 13.61581 34.9286 -28.03304 10.68412 34.9286 -26.02043 14.83332 34.9286 -29.12513 7.192272 34.92856 -28.48019 9.254415 34.92856 -28.2261 10.06683 34.9286 -29.78739 3.565628 34.92856 -29.5831 4.684348 34.92856 -29.52928 4.979123 34.92856 -29.98071 -1.0996e-5 34.90932 17.67074 -38.53435 34.25098 -19.33899 -38.4994 33.11313 -28.9915 -7.585387 35.19533 -28.60167 -9.113144 35.31057 -25.40939 -19.35272 35.41223 25.8375 -15.21645 36.27056 26.17626 -14.65658 36.14408 26.37021 -14.26456 36.0798 27.04597 -12.89855 35.85581 27.68165 -11.61356 35.6451 27.75934 -11.40706 35.61619 25.40818 -19.35263 35.4133 -23.99434 -25.73628 34.3324 -27.71915 -11.41812 35.60433 -27.42004 -12.19935 35.7039 -27.05797 -12.8958 35.83164 -26.37505 -14.20937 36.07255 25.33969 -16.03917 36.45641 10.19645 -51.00141 32.77851 11.27541 -51.00156 32.54375 12.56682 -51.00177 32.08766 10.14981 -51.00141 32.78867 -12.93218 -51.00204 31.95945 -11.35011 -51.00177 32.52242 -10.60468 -51.00165 32.688 -25.79471 -15.32568 36.2773 -25.84333 -15.23213 36.26016 28.51201 -12.86532 34.47685 27.16216 -19.29642 33.66262 -28.51329 -12.86535 34.47548 23.99328 -25.73613 34.33347 19.33812 -38.4991 33.11393 -20.81009 -38.44775 31.76586 -27.1633 -19.29648 33.66128 -25.55805 -25.66932 32.60875 29.48885 -6.339025 34.94317 -29.4902 -6.338995 34.94183 13.39134 -51.00189 31.79646 13.9241 -51.00197 31.60829 14.75523 -51.0021 31.17875 -14.62304 -44.91068 33.48786 -16.28724 -44.89891 32.66407 31.20984 -6.316107 32.92597 -31.67113 1.88063e-5 32.95795 -31.21104 -6.316047 32.9243 30.18119 -1.0996e-5 34.75384 31.63842 1.88063e-5 33.01004 -31.43752 1.88063e-5 33.2276 -30.13438 -12.82157 32.4598 6.04422e-6 30.16462 34.73959 6.04422e-6 31.46251 33.24924 -4.921818 31.07514 33.24924 4.720567 29.80449 34.74951 9.324899 28.69909 34.74951 -9.722444 29.92262 33.24924 -14.28367 28.03327 33.24924 -18.49319 25.4537 33.24924 -22.24734 22.24733 33.24924 -25.45369 18.4932 33.24924 -28.03329 14.28367 33.24924 -29.92261 9.72246 33.24924 13.69962 26.88702 34.74951 17.73702 24.41289 34.74951 -31.07514 4.921813 33.24924 21.33766 21.33765 34.74951 19.70314 22.62278 34.92854 21.33766 21.33765 34.74951 19.70314 22.62278 34.92854 24.41291 17.73702 34.74951 26.88702 13.69961 34.74951 28.69909 9.324897 34.74951 27.7981 11.28151 34.92851 29.80449 4.720558 34.74951 29.81608 2.849866 34.92848 5.014932 31.66299 32.39313 9.906373 30.48866 32.39313 14.55389 28.56361 32.39313 18.84304 25.93522 32.39313 22.6682 22.6682 32.39313 25.93522 18.84305 32.39313 28.56361 14.55389 32.39313 30.48867 9.906371 32.39313 31.663 5.014915 32.39313 30.13328 -12.82157 32.46147 -28.61358 -19.23702 31.67323 25.55708 -25.66917 32.61009 20.80928 -38.44745 31.7669 22.05234 -38.38737 30.22833 23.81454 -32.02052 31.42882 -23.81536 -32.02073 31.42751 14.91983 -51.00212 31.0937 16.21552 -51.00236 30.42407 17.82572 -44.87608 31.65872 -17.82649 -44.87644 31.65797 6.04422e-6 -51.28763 33.61619 28.61264 -19.23696 31.67487 -26.81209 -25.6011 30.68129 -5.509128 -51.2913 33.43058 -1.40636e-6 -55.46952 32.49962 2.353875 -55.46297 32.42839 5.210867 -55.46052 32.25 -13.94643 -51.00222 31.59854 -13.39189 -51.00212 31.7959 -15.07388 -51.00242 31.01403 -8.142645 -51.29579 33.1246 -1.40636e-6 -55.4765 32.49777 -8.44104 -55.46129 31.79122 -5.711002 -55.46666 32.19787 7.976768 -55.45522 31.88003 6.04422e-6 32.00026 32.35847 -10.16024 31.27002 30.90254 -5.143446 32.47444 30.90254 -14.92686 29.29561 30.90254 -19.32594 26.59987 30.90254 -23.24914 23.24914 30.90254 -26.59987 19.32593 30.90254 -29.29563 14.92687 30.90254 -31.27002 10.16026 30.90254 -32.47444 5.143453 30.90254 -31.69675 1.88063e-5 32.92835 10.61548 -55.45129 31.27409 -10.64722 -51.30989 32.60881 -11.03978 -55.45784 31.14701 -19.20101 -44.84413 30.47104 31.66517 1.88063e-5 32.95812 31.97766 1.88063e-5 32.35189 -32.52442 -6.290804 30.61939 -32.8155 4.86086e-5 31.03701 32.76831 1.88063e-5 30.81802 32.85626 -3.004621 30.70338 32.52353 -6.290864 30.62145 -31.34344 -12.77725 30.17701 10.23818 -51.2988 32.71348 12.626 -51.32217 32.00389 10.23818 -51.2988 32.71348 -16.2341 -51.00263 30.41254 26.81132 -25.60095 30.6829 -12.99335 -51.33475 31.8654 -13.47793 -55.45772 30.25878 -24.89338 -31.95248 29.60078 -1.40636e-6 -57.73128 31.89574 31.34265 -12.77725 30.17903 -29.65357 -19.18126 29.45761 2.448826 -63.68983 30.54158 5.145057 32.48458 30.88049 10.16342 31.27976 30.88049 14.93152 29.30476 30.88049 19.33197 26.60816 30.88049 23.25639 23.25638 30.88049 26.60817 19.33195 30.88049 29.30476 14.93152 30.88049 31.27977 10.16341 30.88049 32.48457 5.145062 30.88049 6.04422e-6 32.87925 30.90254 5.419573 -63.68334 30.25777 -2.956492 -59.6273 31.36573 6.04422e-6 -59.64226 31.5224 -8.651486 -59.60787 30.5926 -5.853155 -59.62075 31.09474 14.83248 -51.35558 31.06136 13.09629 -55.45057 30.42061 8.296586 -63.66807 29.71659 10.88234 -59.58797 29.98016 -15.15664 -51.36947 30.89158 -15.73138 -55.4616 29.13533 -11.31762 -59.59047 29.83366 19.20027 -44.84375 30.47193 -20.38892 -44.80697 29.11715 -22.05305 -38.38764 30.2271 29.65294 -19.18117 29.45955 -27.66888 -25.54147 28.57444 16.3897 -51.00239 30.29788 16.73964 -51.00245 30.04436 -16.39072 -51.00266 30.2978 -17.00809 -51.00281 29.84546 6.04422e-6 -63.71493 30.72674 24.89275 -31.95227 29.6023 -23.02089 -38.32991 28.54837 -3.000238 -63.69371 30.50677 -5.939403 -63.68578 30.17996 -13.82266 -59.57044 28.81969 -8.779499 -63.66897 29.5955 16.8366 -51.40064 29.88182 15.39378 -55.45379 29.32767 -32.86696 4.86086e-5 30.89801 -17.11713 -51.41641 29.68223 -16.2341 -51.00263 30.41254 6.04422e-6 33.73839 28.32291 -10.42574 32.08713 28.32291 -5.277847 33.32304 28.32291 -15.31692 30.06114 28.32291 -19.83094 27.29495 28.32291 -23.85666 23.85666 28.32291 -27.29494 19.83093 28.32291 -30.06114 15.31692 28.32291 -32.08713 10.42574 28.32291 -33.32302 5.277861 28.32291 -33.59148 7.84109e-5 28.9408 -32.95173 7.84109e-5 30.66901 -32.85718 -3.004562 30.70132 -17.11713 -51.41641 29.68223 -17.78067 -55.47238 27.77849 5.278035 33.32417 28.31734 10.4261 32.08824 28.31734 15.31744 30.06219 28.31734 19.83163 27.29588 28.31734 23.85748 23.85749 28.31734 27.29589 19.83162 28.31734 30.06218 15.31746 28.31734 32.08824 10.42609 28.31734 32.86817 1.88063e-5 30.62428 33.39395 1.88063e-5 29.60424 33.32419 5.27804 28.31734 6.04422e-6 -63.71939 30.72588 2.458727 -67.73419 29.87037 6.04422e-6 -67.73676 29.941 33.65946 -2.992552 28.15256 -33.65992 -2.992462 28.15021 -32.52442 -6.290804 30.61939 -32.85718 -3.004562 30.70132 27.66841 -25.54134 28.57629 -25.60345 -31.89666 27.64077 33.30953 -6.268363 28.0659 -33.30998 -6.268304 28.06352 -32.02902 -12.74214 27.67177 -11.48735 -63.64352 28.74563 -5.965793 -67.72966 29.45803 -3.012524 -67.73699 29.83172 20.38824 -44.80661 29.11822 17.73618 -51.00263 29.32243 18.50007 -51.00278 28.67664 18.17221 -51.00272 29.00652 -18.28162 -51.00308 28.91235 -17.73192 -51.00296 29.31509 -18.72598 -51.0032 28.45705 13.43055 -59.56811 29.00152 -16.14296 -59.5503 27.56525 5.443356 -67.72823 29.54621 23.02036 -38.32964 28.54974 -21.35809 -44.7721 27.64077 -8.82222 -67.7125 28.80679 32.02867 -12.74214 27.67409 -30.19308 -19.14258 27.06857 11.04525 -63.64382 28.90707 6.04422e-6 -67.74009 29.94034 6.04422e-6 -67.86199 29.91656 6.04422e-6 -71.86444 29.56096 2.440079 -71.85162 29.36755 18.62163 -51.46275 28.45673 17.48747 -55.46332 27.99917 -14.03457 -63.61193 27.6357 -2.990217 -71.85365 29.32594 -5.927978 -71.84805 28.91547 8.336386 -67.71286 28.93922 -18.85898 -51.48084 28.22987 -19.61049 -55.49432 26.18275 33.5981 1.88063e-5 28.29526 25.60311 -31.89645 27.64247 -23.67135 -38.28553 26.76983 -11.54933 -67.68561 27.89144 6.04422e-6 -71.8667 29.56076 2.393907 -76.05971 29.03221 6.04422e-6 -76.06823 29.18745 5.407801 -71.84739 29.01174 30.19288 -19.14249 27.07077 -8.776723 -71.83392 28.21503 -28.06597 -25.50603 26.34961 15.79531 -59.54773 27.77717 -5.828464 -76.05768 28.55677 -2.934528 -76.06072 28.9881 -1.40636e-6 -77.87616 29.02684 -18.25985 -59.53319 26.07916 18.96534 -51.00289 28.20845 21.35753 -44.77171 27.64202 -18.96751 -51.00325 28.20958 -20.05658 -51.00353 27.09372 3.692022 -79.99981 28.76751 5.315109 -76.05744 28.65715 2.328678 -79.99987 28.8533 -2.856777 -79.99987 28.82184 -0.3926768 -80 28.99534 6.04422e-6 -78.9494 29.00321 8.291661 -71.8347 28.3554 6.04422e-6 -79.99993 28.99981 13.63582 -63.61283 27.83282 -1.40636e-6 -119.5 29 -3.769056 -79.99981 28.75758 -7.085872 -119.5 28.121 7.085873 -119.5 28.121 -5.680782 -79.99993 28.38511 -33.70458 1.08213e-4 28.31678 11.1039 -67.68734 28.06307 -8.648103 -76.0494 27.83249 -16.39806 -63.57766 26.27848 -11.50492 -71.81169 27.2576 5.177161 -79.99993 28.48089 -14.11936 -67.6514 26.71666 7.084301 -80.00006 28.11284 8.166937 -76.05005 27.97658 28.06589 -25.50585 26.35167 -25.91146 -31.86898 25.61061 -7.084058 -80.00006 28.11168 23.67104 -38.28524 26.77137 -22.08666 -44.74679 26.07487 20.17519 -51.54188 26.79948 19.97045 -51.00314 27.19707 19.36112 -55.48365 26.42904 11.05872 -71.81365 27.43531 6.04422e-6 33.73899 28.31728 -3.268619 33.74274 25.73592 -5.31877 33.58139 25.73592 -6.551595 33.28543 25.73592 -12.97112 31.31508 25.73592 -10.50658 32.33592 25.73592 -9.819379 32.50091 25.73592 -15.43567 30.29423 25.73592 -16.03824 29.92495 25.73592 -21.54845 26.17099 25.73592 -19.98469 27.50658 25.73592 -18.90366 28.16903 25.73592 -24.04162 24.04164 25.73592 -24.36266 23.71623 25.73592 -26.71549 21.0305 25.73592 -27.46836 19.95789 25.73592 -28.19806 18.91829 25.7359 -28.85843 17.97747 25.7359 -26.22314 21.59251 25.73592 -30.26279 15.41843 25.7359 -30.6639 14.68753 25.7359 -31.36341 12.99124 25.7359 -29.92206 16.0393 25.7359 -32.30426 10.4975 25.73587 -32.49973 9.816843 25.73587 -32.10348 11.19663 25.73587 -33.73558 1.08213e-4 28.14577 -33.3184 6.56243 25.73587 -33.53012 5.310107 25.73587 -33.78988 3.773708 25.73583 -33.81738 3.275055 25.73583 -33.99801 1.38016e-4 25.73583 -33.93543 1.08213e-4 27.04311 -33.1524 7.544238 25.73587 5.318774 33.58139 25.73592 3.26862 33.74274 25.73592 9.819387 32.50091 25.73592 6.551599 33.28543 25.73592 10.50658 32.33592 25.73592 15.43568 30.29423 25.73592 12.97112 31.31508 25.73592 16.03824 29.92495 25.73592 18.90366 28.16903 25.73592 19.9847 27.50658 25.73592 24.04162 24.04164 25.73592 21.54846 26.17099 25.73592 26.22853 21.5969 25.7359 28.20001 18.91934 25.73583 27.46421 19.95458 25.73587 26.5614 21.22479 25.73587 29.92235 16.03924 25.73578 28.77681 18.10785 25.7358 30.26542 15.41974 25.73578 31.36348 12.99109 25.73572 30.61774 14.78352 25.73575 32.30149 10.49655 25.73569 32.06825 11.29712 25.73569 33.11794 7.694144 25.73563 32.49959 9.816606 25.73569 33.76147 4.020024 25.73557 33.5354 5.310703 25.7356 33.62362 1.88063e-5 28.13167 33.99689 0.457246 25.73551 33.81074 3.27437 25.73557 33.31628 6.561805 25.73563 6.04422e-6 34 25.73592 -20.37071 -51.56121 26.55257 -21.20942 -55.52751 24.37035 -11.36357 -76.03676 26.85566 33.86053 -2.984266 25.70642 33.8471 -3.277283 25.70356 33.83959 -3.441136 25.70195 33.4689 -6.249618 25.61624 33.82801 -3.693949 25.69951 -33.8838 -2.985339 25.71348 -33.88085 -3.062378 25.71292 -33.82397 -3.527652 25.70031 -33.69712 -4.565101 25.67218 33.99732 1.88063e-5 25.73548 7.98112 -80.00011 27.84012 7.205008 -80.00006 28.08953 13.74219 -119.5 25.53726 10.7117 -80.00017 26.93049 7.085873 -119.5 28.121 10.47535 -80.00017 27.03853 -13.74219 -119.5 25.53726 -7.227068 -80.00006 28.08381 -8.45273 -80.00011 27.68786 33.22033 -8.018654 25.55863 33.36669 -6.977003 25.59255 32.15066 -12.72668 25.29893 32.97401 -9.102863 25.49882 -33.49071 -6.253283 25.62643 -33.39675 -7.021766 25.6056 -33.36548 -7.173489 25.59803 13.71681 -67.6539 26.92408 17.95687 -59.52985 26.31778 10.91831 -76.038 27.03605 -14.08555 -71.78295 26.04512 16.04386 -63.57855 26.50596 -10.53856 -80.00017 27.01403 -20.15905 -59.52252 24.36296 31.68795 -14.30706 25.18884 32.1083 -12.91312 25.28865 30.30352 -18.89814 24.86006 31.53038 -14.82962 25.15141 -31.50957 -14.94143 25.14599 -32.58819 -10.94539 25.40989 -32.49842 -11.38101 25.38816 -32.29546 -12.11176 25.33845 -32.12668 -12.71946 25.29712 25.91144 -31.86874 25.61248 20.03823 -51.00314 27.10159 20.10406 -51.00317 27.00887 21.49094 -48.01626 25.83007 22.08624 -44.74641 26.07624 -23.99335 -38.26789 24.94721 -20.11266 -51.00355 27.01349 -16.50975 -67.61319 25.28689 -18.56011 -63.54434 24.68912 13.6807 -71.78563 26.25851 -13.94851 -76.02013 25.62726 30.22284 -19.1326 24.84114 29.05679 -22.52088 24.56741 29.78642 -20.40072 24.73868 -30.09954 -19.37 24.81146 -31.13468 -16.29124 25.0542 -30.31905 -18.71715 24.86293 -30.18391 -19.11906 24.83125 13.32904 -79.99993 25.73411 13.54181 -76.02192 25.84295 -11.14769 -80.00011 26.73499 -21.49149 -48.01668 25.82879 -20.21796 -51.00358 26.86284 21.0629 -51.00341 25.65829 16.15124 -67.61588 25.52564 -21.06152 -51.00382 25.65599 -21.64442 -51.65402 24.67407 21.48886 -51.63358 24.93672 21.00257 -55.51572 24.63428 23.99329 -38.26756 24.94888 -22.57542 -44.73923 24.45511 -13.66073 -79.99993 25.58366 -16.4963 -71.7497 24.57143 -22.56903 -55.57037 22.368 18.25051 -63.5447 24.94184 19.90006 -59.51799 24.62492 27.95703 -25.7165 24.30923 28.02905 -25.50725 24.32613 26.26266 -30.63996 23.91146 27.47192 -27.12611 24.19535 -28.49869 -24.13134 24.4361 -28.27296 -24.8027 24.38317 -28.20461 -25.00502 24.36657 -28.03389 -25.51047 24.32505 -18.70341 -67.57463 23.62264 16.13408 -71.75273 24.81712 -21.82925 -59.5196 22.43785 -20.50759 -63.51465 22.88214 22.7289 -45.83869 22.94848 22.75672 -45.33372 22.96026 22.64833 -47.30109 22.91448 22.64833 -47.30109 22.91448 22.57515 -44.73884 24.45657 -22.74222 -45.78266 22.95835 -16.38003 -75.99969 24.13652 13.74111 -79.99993 25.5355 16.01358 -76.00196 24.38481 13.67626 -79.99993 25.57541 22.5441 -49.19309 22.87046 22.60855 -48.02326 22.89767 21.30715 -51.0035 25.31425 21.4405 -51.00353 25.12641 22.56232 -50.82447 22.84343 -22.61799 -47.7306 22.905 -22.61343 -48.02195 22.89904 -21.48725 -51.00397 25.04692 -22.43813 -51.00412 23.10143 -22.63388 -46.7152 22.92568 3.040074 33.70701 13.23594 6.04422e-6 34 13.23594 -1.426624 33.97005 13.23594 -3.0409 33.75586 13.23594 6.18401 33.40401 13.23594 -6.174487 33.34003 13.23594 6.493239 33.37421 13.23594 -7.482053 33.16654 13.23594 9.317486 32.55667 13.23594 -9.317441 32.57071 13.23594 12.3389 31.68203 13.23594 -12.49167 31.54026 13.23594 12.507 31.59662 13.23594 -13.42542 31.23711 13.23594 15.54148 30.05495 13.23594 -15.54817 30.07748 13.23594 18.31169 28.64756 13.23594 18.58684 28.43426 13.23594 -18.58393 28.41904 13.23594 21.34985 26.29243 13.23594 -19.03122 28.17469 13.23594 23.17802 24.87527 13.23594 -21.33188 26.27688 13.23594 24.04163 24.04164 13.23594 -24.04163 24.04164 13.23594 -26.28225 21.33595 13.23594 -28.10163 19.13892 13.23594 26.55204 21.23721 13.23594 26.38675 21.42184 13.23594 -28.40776 18.5778 13.23594 -30.06447 15.54118 13.23594 -30.06447 15.54118 13.23594 -31.30314 13.27075 13.23594 -31.55246 12.4958 13.23594 28.43816 18.5911 13.23594 -32.57452 9.319026 13.23594 -33.16888 7.47161 13.23594 -33.33256 6.174166 13.23594 28.73137 18.17973 13.23594 -33.72817 3.038097 13.23594 -33.98527 1.000006 14.23595 -34.00465 2.87027e-4 14.23595 -33.9968 2.57225e-4 17.91612 -33.99589 2.57225e-4 18.33872 -33.99241 2.57225e-4 19.97633 -33.99361 2.27423e-4 21.20797 -33.99662 1.67818e-4 24.30425 30.17366 15.60037 13.23594 30.17366 15.60037 13.23594 30.53423 14.95554 13.23594 31.57445 12.49899 13.23594 31.98536 11.5286 13.23594 32.64295 9.341975 13.23594 33.03753 8.029957 13.23594 33.3832 6.177563 13.23594 33.7087 4.433352 13.23594 33.81697 3.051479 13.23594 33.99836 1.08213e-4 25.44076 33.99835 1.38016e-4 24.37575 -33.94234 -2.151113 23.39006 33.85468 -3.400336 25.63832 33.94683 -2.004962 23.22618 33.53216 -5.987506 24.07173 -33.63966 -4.938315 22.11011 -33.46315 -6.548445 24.73305 33.67109 -4.604231 21.70662 -13.74055 -79.99993 25.53461 25.88435 -31.88713 23.81308 26.11939 -31.1123 23.8742 24.74362 -35.64779 23.5164 25.74771 -32.33761 23.77753 -26.38186 -30.40124 23.9235 -25.8799 -31.88727 23.80149 -25.47363 -33.09003 23.70272 -26.41915 -30.29082 23.93256 -32.90255 -9.238255 23.25089 32.05714 -12.58619 23.0429 32.5827 -9.592366 18.45227 19.56545 -119.5 21.40544 16.64101 -80 23.75186 15.80337 -80 24.26708 -16.64475 -80 23.74924 -19.56545 -119.5 21.40544 -16.18185 -80 24.0338 18.38894 -67.57689 23.88538 -32.15803 -11.83872 21.61706 -31.76504 -13.94094 24.14713 -18.71972 -71.71506 22.86036 29.78355 -19.20892 21.59346 30.11579 -17.25985 19.33224 22.31338 -51.00367 23.35091 -30.83192 -16.45924 22.28669 23.71363 -39.77252 23.24046 24.05783 -38.29129 23.3338 24.43793 -36.65559 23.43688 23.01685 -43.62411 23.03926 23.39287 -41.15287 23.15346 -24.03349 -38.28628 23.32548 -23.93634 -38.63681 23.30003 -23.73078 -39.66917 23.24234 -24.8793 -35.23446 23.54703 20.2418 -63.51417 23.15537 22.55656 -51.73934 22.87955 22.40289 -55.55756 22.64542 -30.22912 -19.08941 24.71016 29.34026 -21.51163 23.88165 18.40032 -71.71787 23.12918 -29.17107 -21.48373 22.60111 -20.68773 -67.53857 21.75574 -22.67441 -51.76095 22.60525 -23.68281 -55.62408 20.18342 21.61304 -59.51406 22.71594 -18.63855 -75.97746 22.4065 28.21799 -23.7108 21.80908 22.84488 -44.75437 22.98702 22.98818 -43.81255 23.03056 -23.06259 -43.02515 23.05485 -22.97316 -43.79488 23.02791 -22.86148 -44.75616 22.99426 -23.31659 -41.74943 23.12614 18.31315 -75.97966 22.67785 -27.88309 -23.69816 20.36912 33.99829 3.46632e-4 18.70991 -23.26123 -59.52466 20.32862 -27.281 -26.78661 22.38275 -22.22941 -63.49069 20.87213 27.67493 -26.40043 23.93461 26.53515 -28.42558 21.68993 -18.46126 -80.00011 22.30258 26.84428 -25.72314 19.73978 -25.28253 -32.07446 21.36038 25.94556 -31.46265 23.46871 20.41652 -67.54011 22.03588 28.54613 -21.39036 19.62943 24.30912 -36.44938 22.15258 24.80112 -33.16672 20.96106 18.12755 -80.00011 22.57029 -20.74215 -71.68252 20.9601 -24.50846 -35.84848 22.38793 25.04322 -30.15173 19.45929 -33.97714 -0.92886 20.79661 22.56431 -51.00373 22.84045 23.629 -39.95339 22.91382 -33.12437 -7.624608 20.68723 -23.26334 -41.89379 22.69439 -23.6453 -39.84777 22.78499 22.00631 -63.48914 21.16118 20.4651 -71.68467 21.24361 -22.58819 -49.63563 22.86614 -22.56678 -51.00415 22.83822 -22.60228 -48.73474 22.8845 -22.97699 -43.94753 22.39416 22.97948 -44.15334 21.26701 -22.84189 -45.98508 21.89244 22.62453 -47.35012 22.7635 22.95836 -47.77689 20.68684 22.83818 -50.95521 21.94003 22.83818 -50.95521 21.94003 23.08917 -37.64455 19.29999 22.92137 -41.02869 19.62245 -22.90639 -47.97865 21.21023 -22.64102 -49.68578 22.57187 -23.19133 -49.89965 20.37303 -22.45145 -67.5071 19.69029 23.37438 -51.8599 20.64822 22.9132 -51.00263 21.6919 22.8413 -51.00287 21.92859 23.55523 -55.61019 20.47096 -22.79934 -50.99745 22.20992 -20.70716 -75.95665 20.48991 -23.10078 -42.29952 20.87204 -23.35256 -40.32479 21.05985 23.08611 -59.51805 20.61857 -22.94332 -44.27416 20.47191 20.42296 -75.95832 20.77521 -22.85429 -50.99733 22.00262 -23.45716 -51.88234 20.36787 -24.5461 -55.68881 17.8356 -29.70975 -18.86628 20.29611 -23.12432 -50.99685 20.98374 19.33375 -80.00017 21.61155 -23.71552 -63.47377 18.67665 -19.37222 -80.00017 21.5771 -19.55379 -80.00017 21.3939 -22.93044 -46.22374 19.86642 -23.96624 -36.44733 20.84855 -25.84781 -28.6401 19.87473 -24.44787 -59.53814 18.04523 -31.24276 -14.35224 19.84401 23.1483 -34.44714 18.51381 -33.74237 -3.726911 19.56053 22.22253 -67.50775 19.98688 -23.10403 -48.11964 19.07499 27.04634 -23.39645 17.70709 -22.5511 -71.65344 18.86515 33.14473 -7.423919 14.14002 33.88438 -2.357345 17.20421 23.05121 -51.00222 21.23753 25.1127 -27.46074 17.74625 -32.43403 -10.21851 19.1224 19.55183 -80.00017 21.39194 28.85195 -19.43795 17.46203 24.20262 -119.5 15.97602 21.79792 -79.99993 19.13 20.27644 -80.00006 20.6622 -21.79896 -79.99993 19.12881 -24.20263 -119.5 15.97602 -20.56622 -80.00006 20.37249 -23.60556 -33.3458 18.68738 22.8293 -44.53221 19.37867 22.31569 -71.65493 19.16594 23.38335 -51.0012 20.14411 -23.47824 -49.93365 18.12203 23.53356 -63.47114 18.97673 -22.87225 -40.6606 19.36312 -22.74004 -42.55853 19.06932 -23.43763 -50.99625 19.80157 23.05442 -31.49129 17.3699 -22.57028 -75.93758 18.38062 -23.98355 -67.48165 17.43288 -22.69653 -44.44857 18.56167 -23.25048 -36.9157 19.3565 -33.9919 -0.01488232 18.29569 22.32706 -75.93895 18.68317 -33.29492 -6.416957 18.19021 23.55166 -51.0043 19.00957 23.09135 -48.03218 18.5558 23.44389 -51.0023 19.736 23.94123 -51.99237 18.27664 24.45456 -55.67415 18.12787 24.31174 -59.53057 18.34358 -22.785 -46.30525 17.8463 -23.59597 -50.99733 18.75881 -23.49957 -50.99616 19.56783 -28.34406 -21.11463 18.21704 -26.24759 -25.63677 18.08719 -23.99195 -52.01501 17.99635 -25.15655 -55.76242 15.35798 -24.95845 -63.46393 16.31437 -30.13973 -16.76581 17.96002 -25.38407 -59.55971 15.60507 23.79557 -67.48129 17.74026 -23.85663 -30.07017 17.51814 -23.03967 -48.10042 16.94111 -31.586 -12.72805 17.4296 25.17066 -25.14194 15.91031 -24.13411 -71.62852 16.57123 27.30851 -21.44788 15.6611 22.32365 -41.36569 17.99346 -33.83272 -2.828579 17.09641 22.88712 -28.8396 15.96073 22.48883 -44.7614 17.48792 -22.16666 -42.68298 17.32681 -22.19225 -40.86537 17.73364 -22.35343 -37.26105 17.9475 30.46507 -15.63646 17.13059 29.23711 -17.8243 15.34177 21.24522 -38.36558 16.61588 20.90734 -35.30044 16.31904 23.93926 -71.62918 16.88285 22.23703 -79.99993 18.56379 -22.47802 -80 18.25292 -32.68597 -9.011459 16.68657 -23.46792 -49.80749 15.86954 -22.22028 -44.48579 16.70582 23.78668 -51.00865 17.42537 24.81556 -63.46041 16.62103 -24.21308 -75.92017 16.07192 -23.75277 -50.99926 17.44286 33.99829 3.46632e-4 18.61827 -22.51641 -33.80651 17.48101 23.93467 -80.00011 16.37481 24.01021 -75.92119 16.38509 -25.27585 -67.46251 15.01558 33.96451 -0.6081572 13.23614 33.99824 5.55248e-4 13.23617 33.98699 0.8814523 13.23594 -22.38845 -46.24883 15.87663 23.81276 -51.00916 17.2495 22.98833 -48.12307 16.40234 20.50939 -32.44329 15.60412 32.13321 -11.10603 13.23594 31.22146 -13.31852 13.23594 30.87949 -14.29398 14.99648 -23.93912 -80.00011 16.36828 25.2845 -59.55136 15.90697 24.25939 -52.13214 15.80159 23.81713 -51.00859 16.69411 25.0982 -55.7474 15.649 -28.78151 -19.0369 16.01316 -26.61084 -23.11445 16.1293 -33.4671 -5.530964 15.76943 -23.84723 -51.00043 16.65009 -24.05389 -27.18724 16.00144 -25.9531 -63.46035 13.80367 -24.28146 -52.1544 15.5263 -25.51472 -55.84175 12.78544 21.54313 -41.5749 16.40863 -30.55649 -15.14543 15.63961 -21.27255 -37.49348 16.64932 -21.30475 -40.95177 16.20318 -33.98741 -0.9999981 14.23595 -22.6973 -47.94551 14.85623 -26.06633 -59.58808 13.03715 22.78697 -26.54569 14.3743 25.12684 -67.46126 15.3277 -21.37061 -42.68766 15.67832 25.35755 -23.2038 14.02263 -22.62067 -30.62222 16.48812 21.93461 -44.85024 15.62239 -21.26034 -34.1611 16.3971 27.70697 -19.84928 13.63952 -25.4812 -71.60891 14.12384 -31.93474 -11.52242 15.06359 20.12899 -29.86197 14.55442 -21.50332 -44.40353 14.94051 33.78806 -3.792565 13.23594 29.72549 -16.50313 13.27751 -33.94008 -1.960795 13.23594 -33.94651 -1.817923 13.23594 -23.14807 -49.55215 13.66771 25.32527 -71.60879 14.43852 -21.73021 -46.07604 13.99616 23.83046 -51.00695 14.99904 -32.50497 -9.866011 13.23594 -32.95564 -8.136968 14.31541 -23.84424 -51.0001 16.44886 -20.20145 -40.93106 14.79355 -20.00551 -37.62243 15.4799 25.8469 -63.45613 14.11272 20.07276 -38.56553 15.38808 -25.6225 -75.90611 13.61341 -21.22877 -31.07456 15.5899 -21.23299 -28.33591 14.37507 -23.82225 -50.99783 14.96849 20.56658 -41.67033 14.8897 22.62092 -48.06707 14.26015 -19.84074 -34.41809 15.45037 24.18134 -80.00011 15.96327 25.4588 -75.90653 13.92884 -24.1814 -80.00011 15.96332 18.07444 -35.78843 14.51174 17.43825 -33.06372 14.27607 -26.32275 -67.44875 12.46069 -25.81907 -22.12594 13.23594 -24.30039 -24.75337 14.26924 -25.96554 -21.93488 13.23594 -27.02383 -21.07863 14.08816 -24.186 -80.00011 15.95561 -28.10412 -19.14517 13.23594 -28.75426 -18.06505 13.23594 -29.25962 -17.43169 13.80421 -22.23158 -25.66065 13.23594 25.47437 -80.00017 13.80599 27.37262 -119.5 9.578089 26.69906 -80 11.20532 25.71056 -80.00017 13.41195 -25.65697 -80.00017 13.49689 -25.72917 -80.00017 13.37622 -27.37262 -119.5 9.578089 19.88224 -27.61466 13.25736 22.78697 -26.54569 14.3743 22.79351 -25.15889 13.23594 24.0356 -24.02673 13.23594 26.00064 -59.57926 13.3372 -22.06981 -47.68107 12.86236 -23.80916 -50.99646 14.08679 24.33456 -52.27597 13.25161 23.8358 -51.00627 14.32041 25.48633 -55.82679 13.07047 -33.54395 -5.537432 13.23594 25.45821 -22.47004 13.23594 26.56589 -21.22406 13.23594 -30.03153 -15.94303 13.23594 -30.90238 -14.05669 13.23594 -31.00812 -13.9455 13.35276 21.14676 -44.81782 13.80865 -26.69524 -63.46208 11.16611 16.89663 -30.58068 13.62238 -19.68936 -31.43535 14.83557 -24.33156 -52.29757 12.98473 -25.624 -55.92443 10.14272 -18.86903 -40.81066 13.51527 -18.54587 -37.65399 14.44639 -18.25844 -34.58307 14.64472 18.72665 -38.6825 14.25857 -26.49251 -59.62164 10.37453 27.77155 -19.53463 13.23594 28.7363 -18.18274 13.23594 26.21043 -67.44678 12.77391 -31.58575 -12.57647 13.23594 -32.18449 -10.81101 13.23594 -26.58475 -71.59407 11.55085 29.69405 -16.45411 13.23594 30.61222 -14.79689 13.23594 30.87949 -14.29398 14.99648 -20.53426 -44.21676 13.29182 19.38233 -41.67695 13.45752 -22.51836 -49.19876 11.5626 -18.01011 -31.71061 14.22621 -19.29675 -43.93384 11.77321 -16.52371 -34.67549 13.9891 -16.89511 -37.61409 13.56394 16.69934 -29.5626 13.23594 18.39801 -28.60025 13.23594 17.20547 -38.74619 13.24711 14.69002 -36.07244 13.19612 13.9289 -33.48712 13.45671 -17.30072 -40.62376 12.39026 26.46574 -71.59336 11.86524 -22.23158 -25.66065 13.23594 -21.29673 -26.45267 13.23594 -20.473 -27.15055 13.23594 -17.86104 -29.13625 13.32907 19.85934 -27.54022 13.23594 22.78697 -26.54569 14.3743 19.85934 -27.54022 13.23594 21.4344 -26.39769 13.23594 23.83703 -51.00612 14.16431 -33.03755 -7.818561 13.23594 -32.73093 -9.19975 13.23594 13.78375 -31.0298 13.23594 -24.45886 -23.55085 13.23594 -23.3465 -24.71609 13.23594 23.64311 -51.00329 12.4884 21.96992 -47.89133 12.1626 -33.98529 1.000006 13.23594 -33.98335 -0.9999981 13.23594 -17.37175 -29.23481 13.23594 -14.31314 -32.07073 13.4562 -17.39967 -29.21603 13.23594 33.16448 -7.498394 13.23594 33.24429 -7.024091 13.23594 32.80119 -8.769286 13.23594 -26.78729 -75.89525 11.03682 26.62322 -63.45731 11.4731 -27.18156 -20.34862 13.23594 -23.80341 -50.99587 13.69945 24.23952 -23.84089 13.23594 -14.66203 -34.72666 13.49462 -15.07297 -37.54459 12.85298 26.66121 -75.89532 11.35094 20.11055 -44.69458 12.0726 -29.35108 -17.07349 13.23594 -27.11891 -67.43915 9.780595 -23.62179 -50.9967 12.38424 -23.58064 -50.99691 12.08622 27.2188 -20.30916 13.23594 15.1442 -30.44362 13.23594 16.69934 -29.5626 13.23594 -15.51084 -40.42349 11.44941 -17.77891 -43.59425 10.41288 -10.63799 -32.26919 13.23594 -10.66349 -34.78015 12.95591 -13.10543 -37.47294 12.31674 17.98151 -41.62944 12.13671 10.11269 -33.86183 13.10635 9.753978 -32.52579 13.23594 11.75734 -31.90295 13.23594 13.33499 -31.22316 13.23594 13.78375 -31.0298 13.23594 -13.89932 -31.03105 13.23594 -14.18343 -30.8841 13.23594 -26.83852 -80 10.89332 -31.58575 -12.57647 13.23594 -30.98347 -13.88107 13.23594 -31.00812 -13.9455 13.35276 26.45783 -59.61252 10.6679 -17.84532 -28.91652 13.23594 -19.9314 -46.88764 9.253363 -21.15161 -47.32646 10.98991 19.7474 -27.6214 13.23594 19.85934 -27.54022 13.23594 24.17443 -52.42328 10.65258 23.5782 -51.00233 11.92735 25.62214 -55.90976 10.41872 15.51514 -38.78788 12.36854 20.02218 2.878744 13.23594 33.98699 0.8814523 13.23594 33.99824 5.55248e-4 13.23617 33.96451 -0.6081572 13.23614 20.02218 -2.878766 13.23594 33.78806 -3.792565 13.23594 -31.55246 12.4958 13.23594 -31.30314 13.27075 13.23594 6.04422e-6 34 13.23594 -15.28734 13.24655 13.23594 -33.69767 1.000006 13.23594 -10.93611 17.01694 13.23594 -33.98529 1.000006 13.23594 -33.72817 3.038097 13.23594 -33.33256 6.174166 13.23594 -30.06447 15.54118 13.23594 -28.40776 18.5778 13.23594 -1.426624 33.97005 13.23594 -33.16888 7.47161 13.23594 -32.57452 9.319026 13.23594 3.040074 33.70701 13.23594 6.04422e-6 20.22805 13.23594 -5.698902 19.40869 13.23594 -3.0409 33.75586 13.23594 -6.174487 33.34003 13.23594 6.18401 33.40401 13.23594 5.698903 19.40869 13.23594 6.493239 33.37421 13.23594 9.317486 32.55667 13.23594 -7.482053 33.16654 13.23594 -9.317441 32.57071 13.23594 -12.49167 31.54026 13.23594 12.3389 31.68203 13.23594 12.507 31.59662 13.23594 15.54148 30.05495 13.23594 -13.42542 31.23711 13.23594 -15.54817 30.07748 13.23594 -28.10163 19.13892 13.23594 -26.28225 21.33595 13.23594 -21.33188 26.27688 13.23594 -18.58393 28.41904 13.23594 10.93612 17.01694 13.23594 18.31169 28.64756 13.23594 18.58684 28.43426 13.23594 21.34985 26.29243 13.23594 -19.03122 28.17469 13.23594 23.17802 24.87527 13.23594 -24.04163 24.04164 13.23594 15.28735 13.24655 13.23594 24.04163 24.04164 13.23594 26.38675 21.42184 13.23594 26.55204 21.23721 13.23594 18.40009 8.403052 13.23594 28.43816 18.5911 13.23594 28.73137 18.17973 13.23594 30.17366 15.60037 13.23594 30.53423 14.95554 13.23594 31.57445 12.49899 13.23594 -18.40009 8.403052 13.23594 31.98536 11.5286 13.23594 32.64295 9.341975 13.23594 33.03753 8.029957 13.23594 -20.02217 2.878744 13.23594 33.3832 6.177563 13.23594 33.7087 4.433352 13.23594 33.81697 3.051479 13.23594 -33.69767 -0.9999981 13.23594 -20.02217 -2.878766 13.23594 -33.94651 -1.817923 13.23594 -33.98335 -0.9999981 13.23594 -17.39967 -29.21603 13.23594 -17.84532 -28.91652 13.23594 -20.473 -27.15055 13.23594 -21.29673 -26.45267 13.23594 -2.238119 -33.90015 13.23594 -2.856855 -33.88286 13.23594 -6.359664 -33.39354 13.23594 -6.573771 -33.36362 13.23594 -10.20281 -32.43438 13.23594 -10.35684 -32.37591 13.23594 -31.58575 -12.57647 13.23594 -32.18449 -10.81101 13.23594 -30.98347 -13.88107 13.23594 -32.50497 -9.866011 13.23594 -32.73093 -9.19975 13.23594 -33.03755 -7.818561 13.23594 -22.23158 -25.66065 13.23594 -23.3465 -24.71609 13.23594 -24.45886 -23.55085 13.23594 -25.81907 -22.12594 13.23594 -25.96554 -21.93488 13.23594 -27.18156 -20.34862 13.23594 -28.10412 -19.14517 13.23594 -28.75426 -18.06505 13.23594 -29.35108 -17.07349 13.23594 -30.03153 -15.94303 13.23594 -30.90238 -14.05669 13.23594 -18.40009 -8.403044 13.23594 -15.28734 -13.24658 13.23594 -33.54395 -5.537432 13.23594 -33.94008 -1.960795 13.23594 33.24429 -7.024091 13.23594 33.16448 -7.498394 13.23594 32.80119 -8.769286 13.23594 32.13321 -11.10603 13.23594 18.40009 -8.403044 13.23594 30.61222 -14.79689 13.23594 29.69405 -16.45411 13.23594 31.22146 -13.31852 13.23594 29.64941 -16.53467 13.23594 28.7363 -18.18274 13.23594 15.28735 -13.24658 13.23594 27.2188 -20.30916 13.23594 26.56589 -21.22406 13.23594 25.45821 -22.47004 13.23594 24.23952 -23.84089 13.23594 24.0356 -24.02673 13.23594 22.79351 -25.15889 13.23594 21.4344 -26.39769 13.23594 10.93612 -17.01693 13.23594 27.77155 -19.53463 13.23594 -10.93611 -17.01693 13.23594 5.698903 -19.40868 13.23594 -5.698902 -19.40868 13.23594 8.329792 -32.96856 13.23594 4.655695 -33.68394 13.23594 6.04422e-6 -20.22807 13.23594 0.9074794 -33.98801 13.23594 1.887536 -33.9085 13.23594 -6.462449 -34.80689 12.85581 -2.219328 -34.77112 12.94206 6.099878 -34.24833 13.03084 1.974097 -34.59362 13.01388 13.66754 -38.83518 11.62777 10.85503 -36.33685 12.38529 -27.18003 -63.46864 8.430521 6.692796 -36.67335 11.95155 2.332261 -37.02925 11.7229 -24.14989 -52.44425 10.39816 -25.48957 -56.01002 7.452736 -6.630552 -37.33156 11.59728 -11.02197 -37.41295 11.94412 -2.127515 -37.24007 11.58873 -13.52583 -40.24357 10.70506 -26.6619 -59.65901 7.645378 27.041 -67.4367 10.09185 -27.43733 -71.58227 8.856932 -15.99163 -43.26175 9.251933 11.67941 -38.90945 11.02147 16.36469 -41.56462 10.94938 -11.38028 -40.09969 10.15354 21.0265 -47.63136 10.14114 23.11893 -50.78948 10.06422 23.54412 -51.00183 11.63287 18.81389 -44.51919 10.44334 -23.031 -50.6273 10.12124 -23.52811 -50.99715 11.70574 7.365665 -39.17752 10.16889 -6.766152 -39.91539 9.55827 -9.1135 -39.99336 9.779165 27.35322 -71.58119 9.169321 -18.39704 -46.40565 7.684091 2.760886 -39.53851 9.689073 -23.39052 -50.99777 10.70932 23.51662 -51.00144 11.39525 14.5429 -41.5167 9.910295 -1.978466 -39.77705 9.467522 -27.69717 -75.8862 8.346657 27.13973 -63.46339 8.7306 -13.96319 -42.97562 8.311371 23.17917 -51.01855 9.875963 23.11893 -50.78948 10.06422 27.13618 -79.99993 10.22957 27.6069 -75.88608 8.658061 -27.65711 -67.43373 6.997207 -27.14212 -79.99993 10.21383 10.36889 -41.57184 8.300225 12.53563 -41.51333 9.026985 -20.74071 -49.56571 6.128946 -22.04534 -50.12993 8.049707 17.25508 -44.33326 8.949558 -23.12784 -51.00788 9.700517 -11.73419 -42.75263 7.594296 26.65517 -59.64983 7.9285 23.78606 -52.57363 8.055459 22.87856 -51.0338 8.52258 25.5108 -55.99559 7.71595 19.78306 -47.32562 8.226881 -16.55757 -45.95317 6.331364 -23.74328 -52.59375 7.819334 -25.11649 -56.09883 4.767845 -27.40224 -63.48003 5.633066 27.34112 -79.99993 9.568344 -27.34182 -79.99993 9.568552 8.073202 -41.69504 7.724026 -9.352776 -42.59181 7.09025 -26.57596 -59.69948 4.875371 22.18306 -50.41088 7.788608 -22.57687 -51.02904 7.584522 27.61149 -67.43074 7.301697 15.44617 -44.17718 7.615188 -28.02983 -71.57321 6.055603 -6.869869 -42.47938 6.779203 3.227925 -42.05231 6.967733 28.88326 -119.5 2.599546 28.16702 -80 6.903538 27.67098 -79.99993 8.504014 -27.76741 -80 8.193384 -28.16858 -80 6.897101 -28.88326 -119.5 2.599546 -1.788573 -42.30831 6.633887 -19.10854 -48.96954 4.387358 -14.44353 -45.57381 5.223045 27.97867 -71.57172 6.361643 13.41039 -44.08488 6.458172 18.24017 -47.01681 6.452301 -28.34214 -75.87797 5.552271 27.39108 -63.47436 5.921343 28.28565 -75.87762 5.857268 22.4237 -51.03351 7.215539 -27.92844 -67.43342 4.155019 -12.10096 -45.28454 4.367748 11.17956 -44.07842 5.489001 20.92159 -49.99788 5.629132 23.1778 -52.72354 5.50727 25.15751 -56.08476 5.012194 -21.55086 -51.03351 4.950384 -22.32547 -51.03014 6.939093 -22.36212 -51.02999 7.033179 26.59387 -59.69031 5.144784 -23.12028 -52.7424 5.291173 -24.51149 -56.18812 2.132276 22.4214 -51.03348 7.208953 6.287164 -44.31937 4.110971 8.791438 -44.16255 4.709402 -17.15604 -48.42211 2.879748 -27.35936 -63.49505 2.80867 16.41282 -46.74954 4.848371 -9.585532 -45.08151 3.759036 -26.23951 -59.74174 2.104679 27.91289 -67.4299 4.446248 21.91614 -51.03315 5.757073 -6.956601 -44.94585 3.379652 -28.3517 -71.56832 3.195146 3.708592 -44.50298 3.67395 28.38294 -80.00011 5.718241 -28.43803 -80.00011 5.414406 -1.578682 -44.7614 3.211865 14.32787 -46.56322 3.441462 19.34165 -49.5875 3.616461 28.33139 -71.56623 3.487268 -14.91447 -47.97105 1.638839 -20.39969 -51.00597 2.752909 -21.13315 -51.02352 4.152993 -28.71273 -75.87136 2.69697 27.37415 -63.48926 3.081718 28.78927 -80.00029 3.487685 28.68771 -75.87076 2.988437 21.33096 -51.02323 4.556159 -27.9271 -67.43748 1.301775 -28.79148 -80.00029 3.469387 -28.84483 -80.00017 2.581695 -28.8439 -80.00017 2.597162 21.35274 -53.0063 0.6406102 20.59873 -51.01083 3.053525 24.56878 -56.17483 2.356062 12.02146 -46.48478 2.250561 -21.2762 -53.02207 0.4673395 -23.68519 -56.27413 -0.4368332 -12.4328 -47.63351 0.6770584 26.27849 -59.73281 2.355823 -27.05691 -63.50947 -0.0231769 17.46183 -49.22412 1.783976 -25.65916 -59.78388 -0.6276873 9.536406 -46.52158 1.284162 27.93857 -67.43373 1.576194 -19.1536 -50.98803 0.8292589 -19.55029 -50.99286 1.407811 -20.16368 -51.00034 2.302388 -9.771013 -47.40287 -0.009289026 -28.39562 -71.56737 0.3340635 6.919494 -46.65402 0.5373749 -6.993317 -47.25571 -0.4356113 4.218912 -46.82858 -0.01101756 19.89821 -51.0068 1.97334 20.49376 -51.01023 2.891669 28.82644 -80.00023 2.872536 28.40321 -71.56516 0.608215 15.31067 -48.95053 0.1633558 -4.161493 -47.15861 -0.6245282 -1.328142 -47.0751 -0.6016401 -28.80245 -75.86713 -0.1611617 27.09371 -63.50404 0.2330634 28.84308 -80.00017 2.597103 28.80598 -75.86635 0.1123342 -18.32161 -50.97897 -0.3239122 -18.49394 -50.97998 -0.1327899 -17.57226 -50.77032 -0.8644071 -27.65883 -67.43861 -1.563897 -29 -79.99993 9.25867e-6 29 -119.5 9.25867e-6 -29 -119.5 9.25867e-6 29 -79.99993 9.25867e-6 25.71568 -59.7753 -0.3970769 23.7551 -56.26185 -0.2342072 12.92495 -48.79863 -1.220008 -24.84329 -59.82418 -3.295174 -26.50273 -63.52157 -2.834668 19.23525 -51.00302 0.9510908 20.16563 -53.13409 -1.616707 18.78451 -51.00043 0.2560708 18.15538 -50.99625 -0.4856792 -14.67706 -50.98034 -3.859123 -15.22571 -50.97718 -3.393372 -16.28549 -50.97107 -2.49367 27.69314 -67.4354 -1.304707 -20.08442 -53.14831 -1.766583 -28.16555 -71.56277 -2.539894 10.34808 -48.78036 -2.351424 -12.26641 -51.0091 -5.414566 -12.58634 -51.00516 -5.21191 -12.96416 -51.00051 -4.972627 -14.54439 -50.98112 -3.971746 22.72995 -56.34309 -2.735933 28.19694 -71.56123 -2.280136 7.62832 -48.87835 -3.231576 -21.42361 -56.42796 -5.269041 -22.65097 -56.35441 -2.916088 -28.61171 -75.86063 -3.026297 26.55797 -63.51638 -2.598485 15.0373 -50.98228 -3.60932 17.11437 -50.98931 -1.713058 16.36149 -50.98678 -2.400389 16.07014 -50.98576 -2.666375 17.86537 -50.99431 -0.8276013 28.84406 -79.99993 -2.597174 28.64013 -75.86021 -2.76806 -28.98277 -79.99993 -0.273427 28.88326 -119.5 -2.599528 -28.88326 -119.5 -2.599528 -9.372837 -51.02248 -6.597002 -9.727007 -51.02215 -6.495257 -9.994609 -51.02191 -6.418397 -11.1991 -51.01512 -5.886158 -0.6455122 -50.98621 -7.688155 4.817164 -49.03687 -3.880789 -27.13222 -67.43509 -4.427125 -28.83637 -80 -2.596578 24.91374 -59.81607 -3.086558 -17.77832 -50.97581 -0.9265152 -18.73214 -53.26353 -3.830513 -7.437324 -51.02424 -7.153055 -7.487868 -51.02418 -7.138511 -6.736086 -51.01488 -7.250031 -4.624897 -50.98678 -7.542034 -23.80314 -59.86156 -5.869111 18.8152 -53.25083 -3.704389 -3.596802 -50.98663 -7.579794 -3.693943 -50.98663 -7.576218 -25.70301 -63.53319 -5.582293 -16.62594 -50.96913 -2.204647 -17.57007 -50.97462 -1.157483 13.70927 -50.98603 -4.515936 14.77287 -50.98302 -3.789833 27.18577 -67.43212 -4.187396 -27.66868 -71.55282 -5.420169 21.50827 -56.41771 -5.112758 -20.01807 -56.49454 -7.457604 -17.23318 -53.3664 -5.696943 27.72026 -71.55139 -5.179574 10.51155 -50.99795 -6.232162 11.10387 -50.99554 -5.947402 13.07272 -50.98785 -4.950484 12.82366 -50.98854 -5.120506 11.28246 -50.99479 -5.861511 17.31554 -53.35517 -5.59344 -28.14411 -75.85067 -5.889734 -28.80286 -80 -3.12834 28.82755 -79.99993 -2.872279 25.7732 -63.52807 -5.369117 28.79187 -79.99993 -3.466477 27.37262 -119.5 -9.5781 28.16952 -80.00052 -6.891837 28.38312 -80.00035 -5.716195 -28.77078 -80 -3.637394 -28.33641 -80.00035 -5.951902 -27.37262 -119.5 -9.5781 23.88388 -59.85398 -5.683829 28.1938 -75.85037 -5.651018 -26.35192 -67.43218 -7.226577 -22.55268 -59.89534 -8.316657 9.431785 -51.00305 -6.556114 8.297457 -51.00841 -6.896397 7.699175 -51.01124 -7.075896 7.540433 -51.01166 -7.100393 -24.6665 -63.54517 -8.227787 -15.60212 -53.45557 -7.352045 20.10535 -56.48519 -7.325491 15.68139 -53.44564 -7.269284 -18.44918 -56.55313 -9.455732 4.661372 -51.01908 -7.544776 3.621301 -51.00999 -7.594039 0.7422926 -50.98484 -7.730474 0.003016054 -50.98612 -7.711967 5.368649 -51.01726 -7.43561 -13.85595 -53.53059 -8.780232 26.42127 -67.42896 -7.010778 -26.90899 -71.54387 -8.235833 13.92994 -53.52182 -8.716365 22.64014 -59.88831 -8.155635 26.97726 -71.54215 -8.019677 -21.10755 -59.92473 -10.60677 24.748 -63.54017 -8.039049 -12.00926 -53.59085 -9.968332 -27.40376 -75.84149 -8.68856 -25.32482 -67.43218 -9.914732 18.53623 -56.54473 -9.346655 27.47103 -75.84096 -8.473864 -16.73221 -56.60267 -11.25019 12.07625 -53.58312 -9.920812 -23.40599 -63.55614 -10.74438 -28.13013 -80.00052 -7.051041 -10.07502 -53.6362 -10.91622 10.1335 -53.62929 -10.88202 27.67148 -80.00035 -8.502474 8.116504 -53.66165 -11.60725 25.40634 -67.42884 -9.72425 -27.60502 -80.00029 -8.715323 -8.067856 -53.66803 -11.6312 -25.8929 -71.53887 -10.93606 -6.002919 -53.68871 -12.12691 16.81644 -56.59504 -11.16239 21.19835 -59.91823 -10.46999 -14.88409 -56.64368 -12.82135 6.040721 -53.68272 -12.11022 -19.48387 -59.94881 -12.7164 -3.89325 -53.70069 -12.42602 3.919466 -53.69488 -12.41379 0.002948999 -53.72468 -12.56824 25.97414 -71.53685 -10.74547 23.49508 -63.55131 -10.58016 -24.0626 -67.43289 -12.47226 -26.3979 -75.8347 -11.37883 -21.93739 -63.56383 -13.11225 27.1427 -80.00011 -10.21255 26.47889 -75.83399 -11.189 27.34183 -80.00023 -9.568563 -27.33641 -80.00017 -9.566685 -27.08328 -80.00006 -10.36896 14.96312 -56.63676 -12.75334 -12.92032 -56.67616 -14.15246 19.57493 -59.94279 -12.60287 -17.69766 -59.96723 -14.62828 24.20262 -119.5 -15.97602 25.72881 -79.99958 -13.37842 26.69927 -79.99993 -11.20544 -26.61783 -79.99993 -11.39446 -25.64353 -79.99958 -13.54106 -24.20263 -119.5 -15.97602 24.15249 -67.42961 -12.30628 -24.63158 -71.535 -13.50792 12.99219 -56.66978 -14.10173 -10.85533 -56.69947 -15.24121 22.03049 -63.55936 -12.97203 -20.2778 -63.56729 -15.3106 -22.58101 -67.43068 -14.89072 24.72193 -71.53298 -13.34151 10.91829 -56.69357 -15.20485 -8.704664 -56.71496 -16.09056 -25.13747 -75.82856 -13.94842 17.78618 -59.96163 -14.53664 25.22825 -75.82778 -13.78231 -15.76521 -59.98147 -16.31901 8.75724 -56.70942 -16.06559 -6.484391 -56.7251 -16.70668 6.525373 -56.71967 -16.69014 -4.209374 -56.73171 -17.10252 22.67552 -67.42765 -14.74831 0.002948999 -53.73023 -12.57806 0.002934098 -54.24465 -13.49031 4.237866 -56.7264 -17.09147 -23.14009 -71.52851 -15.94928 20.37161 -63.56306 -15.19375 -18.44363 -63.56753 -17.31358 15.84866 -59.97617 -16.24785 -13.70286 -59.99166 -17.77103 -20.89739 -67.42478 -17.14922 23.23571 -71.52671 -15.80602 25.47313 -79.99963 -13.80556 0.002241194 -56.73958 -17.33912 -23.63633 -75.82099 -16.39128 -25.38237 -79.99963 -13.97148 24.18151 -80.00006 -15.96338 23.73303 -75.82033 -16.24826 -24.17593 -80.00006 -15.95982 13.77902 -59.9866 -17.71793 -11.5268 -59.99739 -18.97941 18.53522 -63.56341 -17.21927 -16.45038 -63.56597 -19.09635 20.99308 -67.42186 -17.03029 -21.43519 -71.51969 -18.23602 11.59373 -59.9925 -18.94156 -9.253448 -59.99977 -19.94268 -18.75054 -65.46111 -18.3631 21.53252 -71.51789 -18.11641 -21.91007 -75.81307 -18.67895 -23.84681 -80.00017 -16.50224 23.94134 -80.00017 -16.36464 19.56545 -119.5 -21.40545 22.23794 -80.00047 -18.56226 -22.13816 -80.00041 -18.68096 -19.56545 -119.5 -21.40545 9.309492 -59.99501 -19.91718 -6.899466 -60.0012 -20.66102 16.53708 -63.56198 -19.02296 22.00903 -75.81229 -18.55967 -14.31485 -63.56275 -20.64373 6.943269 -59.99644 -20.64495 -4.481537 -60.00317 -21.14011 19.12213 -67.41483 -19.11514 0.001257717 -59.21657 -20.56252 0.002226293 -56.80746 -17.44386 0.002241194 -56.74452 -17.34679 4.512033 -59.99846 -21.13043 -19.02833 -67.41781 -19.2109 -19.53357 -71.51199 -20.32261 -16.73327 -65.45551 -20.18004 14.39424 -63.55882 -20.58895 -12.05462 -63.55799 -21.94672 19.62936 -71.51003 -20.22652 -19.97554 -75.80735 -20.76649 -16.9892 -67.41006 -21.05369 21.80436 -80.00052 -19.12164 20.07332 -75.80645 -20.67061 -21.69825 -80.00047 -19.24189 12.12459 -63.55405 -21.90792 9.541272 -61.73719 -21.55356 -9.686748 -63.55286 -22.99882 14.64893 -65.44519 -21.70906 17.07832 -67.40714 -20.97898 -14.56825 -65.44865 -21.76443 20.27786 -79.99993 -20.66369 -17.45191 -71.50395 -22.19379 -20.17834 -79.99993 -20.75907 -7.22829 -63.54898 -23.79631 -14.79726 -67.40124 -22.66771 17.54319 -71.50204 -22.11852 -17.85156 -75.80186 -22.64521 9.07565e-4 -60.03679 -21.4278 -12.27354 -65.44126 -23.10454 7.119163 -61.73546 -22.32433 19.5544 -79.99963 -21.39451 19.3695 -79.99958 -21.58128 17.94495 -75.80091 -22.56979 -19.54814 -79.99969 -21.38812 -19.23054 -79.99958 -21.70514 14.87911 -67.39832 -22.61186 -15.20827 -71.49465 -23.8455 9.07565e-4 -60.04162 -21.4329 2.74265e-4 -61.5433 -23.01721 4.627614 -61.73564 -22.8452 -4.596268 -61.74011 -22.85417 13.74219 -119.5 -25.53727 16.64699 -80.00029 -23.74679 18.1271 -79.99987 -22.5695 -18.03323 -79.99987 -22.64584 -13.74219 -119.5 -25.53727 9.745485 -63.54887 -22.97319 12.34474 -65.4378 -23.06544 -12.47092 -67.3926 -24.03799 -9.866541 -65.43441 -24.1911 15.29231 -71.49268 -23.78907 -15.5576 -75.79547 -24.3117 7.274313 -63.54499 -23.78086 15.64373 -75.79453 -24.25503 12.54324 -67.38955 -23.99865 -16.51212 -80.00035 -23.84094 -12.82167 -71.48661 -25.25612 4.72959 -63.54374 -24.33241 2.085237 -61.7382 -23.12926 -2.11426 -63.54988 -24.6421 -4.697499 -63.5478 -24.34075 -2.068365 -61.74267 -23.13446 9.926392 -65.43083 -24.16549 -7.364669 -65.42922 -25.0192 1.99759e-4 -61.7528 -23.19195 -10.02805 -67.38515 -25.15248 2.131543 -63.54577 -24.63778 1.99759e-4 -61.7574 -23.19581 -4.48441e-4 -63.56389 -24.70256 15.80398 -80.00035 -24.26525 7.411605 -65.42559 -25.00407 12.89607 -71.48451 -25.21648 -4.786936 -65.42696 -25.58949 -15.71772 -80.00041 -24.32347 -13.11372 -75.79042 -25.73987 10.23733 -69.39955 -25.86167 10.0889 -67.38204 -25.12689 -7.48665 -67.37943 -26.0055 13.19006 -75.78939 -25.70008 13.7404 -80.00047 -25.53437 -13.73606 -80.00047 -25.52717 4.819682 -65.42326 -25.58169 -2.154642 -65.42862 -25.90895 -4.48441e-4 -63.56782 -24.70585 -5.52749e-4 -63.85065 -24.94178 2.172275 -65.42493 -25.90541 -9.10377e-4 -65.45712 -25.94639 7.534405 -67.37621 -25.99063 -4.86656 -67.37644 -26.5973 -10.17555 -69.40217 -25.88723 -7.597157 -69.3965 -26.75993 10.37416 -71.4782 -26.38281 -10.31148 -71.4804 -26.40835 -10.54165 -75.78702 -26.91056 -13.53833 -80.00047 -25.64729 13.67264 -80.00047 -25.57604 13.32984 -80.00035 -25.73346 7.085873 -119.5 -28.121 10.53342 -79.99951 -27.0177 10.71369 -79.99958 -26.9349 -13.25365 -80.00035 -25.77596 -10.64581 -79.99958 -26.9547 -10.35049 -79.99951 -27.08819 -7.085872 -119.5 -28.121 4.899895 -67.37316 -26.58998 -2.190316 -67.3777 -26.93205 10.60597 -75.78594 -26.88496 7.645665 -69.39376 -26.74525 -7.697829 -71.47521 -27.2961 -9.10377e-4 -65.46081 -25.94868 -0.001118957 -66.41896 -26.54786 2.208261 -67.37436 -26.92916 -4.938119 -69.39316 -27.3693 7.747045 -71.47301 -27.28157 -7.864652 -75.78398 -27.81785 -0.001171112 -67.39743 -26.97318 4.97198 -69.39037 -27.36234 -2.221981 -69.39389 -27.71657 -5.002571 -71.47176 -27.91948 7.915108 -75.78285 -27.80337 -0.001171112 -67.4007 -26.97463 -0.001245617 -69.0182 -27.67771 2.240209 -69.39109 -27.7142 7.981529 -79.99981 -27.84084 -7.92967 -79.99981 -27.85236 5.036919 -71.46944 -27.91277 -5.107039 -75.78135 -28.46002 -2.250069 -71.472 -28.2766 -0.001200914 -69.39996 -27.78112 -0.001200914 -69.40283 -27.7819 2.268551 -71.46968 -28.2746 -9.4018e-4 -71.47695 -28.34365 7.084197 -79.99993 -28.1124 5.14221 -75.78022 -28.45353 7.223933 -79.99987 -28.08522 -7.085216 -79.99993 -28.11893 -7.057229 -79.99993 -28.12777 -2.294467 -75.78076 -28.82867 5.178189 -80.00035 -28.48314 -1.40636e-6 -119.5 -29 2.328752 -80.00023 -28.85969 3.787263 -80.00065 -28.75369 -5.142534 -80.00029 -28.4873 -2.310009 -80.00041 -28.85782 -3.588838 -80.00058 -28.77905 -9.4018e-4 -71.47921 -28.34428 -8.88025e-4 -71.84083 -28.44222 2.313352 -75.77957 -28.82708 -2.10023e-4 -74.78125 -28.8473 -1.13165e-4 -75.78005 -28.88158 2.0721e-4 -79.19432 -28.99875 -1.40636e-6 -80 -29.00009 0.4579783 -79.99976 -28.99564 -28.98275 -128.5 -1.000008 -28.7 -128.5 -1.000008 -28.7 -125.5 -1.000008 -28.98275 -125.5 -1.000008 -28.7 -128.5 0.9999964 -28.98275 -125.5 0.9999964 -28.7 -125.5 0.9999964 -28.98275 -128.5 0.9999964 -28.7 -125.5 9.25867e-6 -28.7 -128.5 0.9999964 -28.7 -125.5 0.9999964 -28.7 -128.5 -1.000008 -28.7 -125.5 -1.000008 13.75208 -118.5 15.87073 8.723712 -118.5 19.10229 2.988613 -118.5 20.78627 17.66632 -118.5 11.35344 -2.988612 -118.5 20.78627 -8.723716 -118.5 19.10229 -13.75207 -118.5 15.87073 -17.66632 -118.5 11.35344 20.14935 -118.5 5.916396 -20.14935 -118.5 5.916396 21 -118.5 9.25867e-6 -21 -118.5 9.25867e-6 20.14935 -118.5 -5.916378 8.723712 -118.5 -19.10227 13.75208 -118.5 -15.87074 17.66632 -118.5 -11.35345 2.988613 -118.5 -20.78625 -20.14935 -118.5 -5.916378 -17.66632 -118.5 -11.35345 -13.75207 -118.5 -15.87074 -8.723716 -118.5 -19.10227 -2.988612 -118.5 -20.78625 8.723712 -118.5 19.10229 8.723712 -128.5 19.10229 2.988613 -118.5 20.78627 2.988613 -128.5 20.78627 -2.988612 -118.5 20.78627 -2.988612 -128.5 20.78627 -8.723716 -118.5 19.10229 -8.723716 -128.5 19.10229 13.75208 -118.5 15.87073 13.75208 -128.5 15.87073 -13.75207 -118.5 15.87073 -13.75207 -128.5 15.87073 17.66632 -118.5 11.35344 17.66632 -128.5 11.35344 -17.66632 -118.5 11.35344 -17.66632 -128.5 11.35344 20.14935 -118.5 5.916396 20.14935 -128.5 5.916396 -17.66632 -128.5 11.35344 -20.14935 -118.5 5.916396 -20.14935 -128.5 5.916396 21 -118.5 9.25867e-6 21 -128.5 9.25867e-6 -21 -118.5 9.25867e-6 -21 -128.5 9.25867e-6 20.14935 -118.5 -5.916378 20.14935 -128.5 -5.916378 -20.14935 -118.5 -5.916378 -20.14935 -128.5 -5.916378 17.66632 -118.5 -11.35345 17.66632 -128.5 -11.35345 -17.66632 -118.5 -11.35345 -17.66632 -128.5 -11.35345 13.75208 -118.5 -15.87074 13.75208 -128.5 -15.87074 -13.75207 -118.5 -15.87074 -13.75207 -128.5 -15.87074 8.723712 -118.5 -19.10227 8.723712 -128.5 -19.10227 -8.723716 -118.5 -19.10227 -8.723716 -128.5 -19.10227 2.988613 -118.5 -20.78625 2.988613 -128.5 -20.78625 -2.988612 -118.5 -20.78625 -2.988612 -128.5 -20.78625 -2.988612 -128.5 20.78627 2.988613 -128.5 20.78627 -1.40636e-6 -128.5 29 -6.313728 -128.5 28.30435 6.940155 -128.5 28.1573 -8.723716 -128.5 19.10229 -12.32455 -128.5 26.25082 13.47697 -128.5 25.67823 -13.75207 -128.5 15.87073 -12.32455 -128.5 26.25082 -17.74411 -128.5 22.9379 8.723712 -128.5 19.10229 19.23056 -128.5 21.7068 -22.31238 -128.5 18.52451 13.75208 -128.5 15.87073 23.86653 -128.5 16.47387 -25.81022 -128.5 13.22244 -17.66632 -128.5 11.35344 17.66632 -128.5 11.35344 27.11547 -128.5 10.28354 -28.06981 -128.5 7.285992 -20.14935 -128.5 5.916396 20.14935 -128.5 5.916396 28.78856 -128.5 3.495553 -28.98275 -128.5 0.9999964 -28.7 -128.5 0.9999964 21 -128.5 9.25867e-6 -21 -128.5 9.25867e-6 28.78856 -128.5 -3.495565 -28.7 -128.5 -1.000008 -20.14935 -128.5 -5.916378 20.14935 -128.5 -5.916378 27.11547 -128.5 -10.28353 -17.66632 -128.5 -11.35345 -28.7 -128.5 -1.000008 -13.75207 -128.5 -15.87074 -28.98275 -128.5 -1.000008 -28.06981 -128.5 -7.285973 17.66632 -128.5 -11.35345 23.86653 -128.5 -16.47388 -25.81022 -128.5 -13.22242 13.75208 -128.5 -15.87074 19.23056 -128.5 -21.70681 -22.31238 -128.5 -18.52452 8.723712 -128.5 -19.10227 13.47697 -128.5 -25.67823 -17.74411 -128.5 -22.93789 -8.723716 -128.5 -19.10227 2.988613 -128.5 -20.78625 6.940155 -128.5 -28.15732 -12.32455 -128.5 -26.25082 -2.988612 -128.5 -20.78625 -1.40636e-6 -128.5 -29 -6.313728 -128.5 -28.30436 6.940155 -125.5 28.1573 3.4594 -125.5 28.49073 -1.40636e-6 -125.5 29 -3.459403 -125.5 28.49073 -6.313728 -125.5 28.30435 10.17716 -125.5 26.83498 -10.17716 -125.5 26.83498 -12.32455 -125.5 26.25082 13.47697 -125.5 25.67823 16.30346 -125.5 23.61963 -16.30346 -125.5 23.61963 -17.74411 -125.5 22.9379 19.23056 -125.5 21.7068 21.48226 -125.5 19.03162 -21.48226 -125.5 19.03162 -22.31238 -125.5 18.52451 23.86653 -125.5 16.47387 25.41259 -125.5 13.33756 -25.41259 -125.5 13.33756 -25.81022 -125.5 13.22244 27.11547 -125.5 10.28354 27.86603 -125.5 6.868372 -27.86603 -125.5 6.868372 -28.06981 -125.5 7.285992 28.78856 -125.5 3.495553 -27.86603 -125.5 6.868372 -28.98275 -125.5 0.9999964 28.7 -125.5 9.25867e-6 -28.7 -125.5 9.25867e-6 -28.7 -125.5 0.9999964 28.78856 -125.5 -3.495565 27.86603 -125.5 -6.868352 -27.86603 -125.5 -6.868352 -28.7 -125.5 -1.000008 -28.7 -125.5 9.25867e-6 -28.06981 -125.5 -7.285973 -28.98275 -125.5 -1.000008 -27.86603 -125.5 -6.868352 27.11547 -125.5 -10.28353 25.41259 -125.5 -13.33756 -25.81022 -125.5 -13.22242 -25.41259 -125.5 -13.33756 23.86653 -125.5 -16.47388 -25.41259 -125.5 -13.33756 -22.31238 -125.5 -18.52452 21.48226 -125.5 -19.03162 -21.48226 -125.5 -19.03162 19.23056 -125.5 -21.70681 -17.74411 -125.5 -22.93789 16.30346 -125.5 -23.61964 -16.30346 -125.5 -23.61964 13.47697 -125.5 -25.67823 -12.32455 -125.5 -26.25082 10.17716 -125.5 -26.83497 -10.17716 -125.5 -26.83497 6.940155 -125.5 -28.15732 -6.313728 -125.5 -28.30436 3.4594 -125.5 -28.49074 -3.459403 -125.5 -28.49074 -1.40636e-6 -125.5 -29 -6.313728 -125.5 28.30435 -1.40636e-6 -128.5 29 -1.40636e-6 -125.5 29 6.940155 -128.5 28.1573 6.940155 -125.5 28.1573 -6.313728 -128.5 28.30435 -12.32455 -125.5 26.25082 -12.32455 -128.5 26.25082 13.47697 -128.5 25.67823 13.47697 -125.5 25.67823 -17.74411 -125.5 22.9379 -17.74411 -128.5 22.9379 19.23056 -128.5 21.7068 19.23056 -125.5 21.7068 -22.31238 -125.5 18.52451 -22.31238 -128.5 18.52451 23.86653 -128.5 16.47387 23.86653 -125.5 16.47387 -25.81022 -125.5 13.22244 -25.81022 -128.5 13.22244 27.11547 -128.5 10.28354 27.11547 -125.5 10.28354 -28.06981 -125.5 7.285992 -28.06981 -128.5 7.285992 28.78856 -128.5 3.495553 28.78856 -125.5 3.495553 -28.98275 -125.5 0.9999964 -28.98275 -128.5 0.9999964 28.78856 -128.5 -3.495565 28.78856 -125.5 -3.495565 -28.06981 -125.5 -7.285973 -28.98275 -128.5 -1.000008 -28.98275 -125.5 -1.000008 -28.06981 -128.5 -7.285973 27.11547 -128.5 -10.28353 27.11547 -125.5 -10.28353 -25.81022 -125.5 -13.22242 -25.81022 -128.5 -13.22242 23.86653 -128.5 -16.47388 23.86653 -125.5 -16.47388 -22.31238 -125.5 -18.52452 -22.31238 -128.5 -18.52452 19.23056 -128.5 -21.70681 19.23056 -125.5 -21.70681 -17.74411 -125.5 -22.93789 -17.74411 -128.5 -22.93789 13.47697 -128.5 -25.67823 13.47697 -125.5 -25.67823 -12.32455 -125.5 -26.25082 -12.32455 -128.5 -26.25082 6.940155 -128.5 -28.15732 6.940155 -125.5 -28.15732 -6.313728 -125.5 -28.30436 -6.313728 -128.5 -28.30436 -1.40636e-6 -128.5 -29 -1.40636e-6 -125.5 -29 3.4594 -119.5 28.49073 7.085873 -119.5 28.121 -1.40636e-6 -119.5 29 -3.459403 -119.5 28.49073 -7.085872 -119.5 28.121 10.17716 -119.5 26.83498 -7.085872 -119.5 28.121 -10.17716 -119.5 26.83498 13.74219 -119.5 25.53726 -13.74219 -119.5 25.53726 16.30346 -119.5 23.61963 -16.30346 -119.5 23.61963 19.56545 -119.5 21.40544 -19.56545 -119.5 21.40544 21.48226 -119.5 19.03162 -21.48226 -119.5 19.03162 24.20262 -119.5 15.97602 -24.20263 -119.5 15.97602 25.41259 -119.5 13.33756 -25.41259 -119.5 13.33756 27.37262 -119.5 9.578089 -27.37262 -119.5 9.578089 27.86603 -119.5 6.868372 -27.86603 -119.5 6.868372 28.88326 -119.5 2.599546 -28.88326 -119.5 2.599546 28.7 -119.5 9.25867e-6 -28.7 -119.5 9.25867e-6 29 -119.5 9.25867e-6 -29 -119.5 9.25867e-6 28.88326 -119.5 -2.599528 27.86603 -119.5 -6.868352 -28.88326 -119.5 -2.599528 -27.86603 -119.5 -6.868352 27.37262 -119.5 -9.5781 -27.37262 -119.5 -9.5781 25.41259 -119.5 -13.33756 -25.41259 -119.5 -13.33756 24.20262 -119.5 -15.97602 -24.20263 -119.5 -15.97602 21.48226 -119.5 -19.03162 -21.48226 -119.5 -19.03162 19.56545 -119.5 -21.40545 -19.56545 -119.5 -21.40545 16.30346 -119.5 -23.61964 -16.30346 -119.5 -23.61964 13.74219 -119.5 -25.53727 -13.74219 -119.5 -25.53727 10.17716 -119.5 -26.83497 -10.17716 -119.5 -26.83497 7.085873 -119.5 -28.121 -7.085872 -119.5 -28.121 3.4594 -119.5 -28.49074 -3.459403 -119.5 -28.49074 -1.40636e-6 -119.5 -29</float_array>
          <technique_common>
            <accessor source="#mesh-ac59ab76-f433-4129-916a-afcfaac69657-mesh-positions-array" count="2400" stride="3">
              <param name="X" type="float"/>
              <param name="Y" type="float"/>
              <param name="Z" type="float"/>
            </accessor>
          </technique_common>
        </source>
        <source id="mesh-ac59ab76-f433-4129-916a-afcfaac69657-mesh-normals">
          <float_array id="mesh-ac59ab76-f433-4129-916a-afcfaac69657-mesh-normals-array" count="6342">1 0 0 0.965926 -0.2588188 0 1 0 0 0.965926 0.2588187 0 0.9659259 0.2588188 0 0.965926 -0.2588188 0 0.8660254 -0.5 0 0.8660253 0.5000002 0 0.8660252 0.5000002 0 0.8660254 -0.5000001 0 0.7071067 -0.7071069 0 0.7071067 0.7071069 0 0.7071067 0.707107 0 0.7071067 -0.707107 0 0.5000001 -0.8660254 0 0.5000004 0.8660252 0 0.5 -0.8660254 0 0.2588192 -0.9659258 0 0.2588192 0.9659258 0 0.2588191 0.9659258 0 0.2588191 -0.9659258 0 -1.48308e-7 -1 0 0 1 0 0 1 0 -1.26779e-7 -1 0 -0.2588192 -0.9659259 0 -0.2588192 0.9659259 0 -0.2588192 0.9659258 0 -0.2588192 -0.9659258 0 -0.4999997 -0.8660256 0 -0.4999999 0.8660255 0 -0.4999999 0.8660256 0 -0.4999996 -0.8660258 0 -0.6087608 -0.7933539 0 -0.7071068 0.7071068 0 -0.7071068 -0.7071068 0 -0.7429226 -0.6693773 0 -0.8660257 -0.4999995 0 -0.8660256 0.4999997 0 -0.8660256 0.4999999 0 -0.8660258 -0.4999996 0 -0.9659259 -0.2588187 0 -0.9659259 0.2588188 0 -0.965926 0.2588186 0 -0.9659259 -0.258819 0 -1 1.77012e-7 0 -1 -2.48774e-7 0 0 0 -1 -2.54049e-7 0 -1 2.45392e-7 0 -1 0 0 -1 0 0 -1 -1.41298e-7 0 -1 -0.1150849 0.6050541 -0.787823 -0.2849252 0.6307587 -0.7217764 -0.1150907 0.6050466 -0.7878279 -0.2818579 0.6304833 -0.7232199 -0.4404739 0.6352473 -0.6343844 0.002484083 -0.007996141 0.999965 0.002413868 -0.007783889 0.9999668 0.004998624 -0.02033835 0.9997807 0.001260399 -0.007130026 0.9999738 3.14818e-4 -0.001773595 0.9999985 0.01183366 -0.03542196 0.9993024 0.003702521 -0.008718073 0.9999552 0.003660082 -0.008491992 0.9999573 0.01214063 -0.03640139 0.9992636 0.003660738 -0.00849229 0.9999573 -0.002310514 0.01056492 0.9999415 -0.003795742 0.0175023 0.9998397 -0.001556634 0.03700238 0.999314 -0.001506209 0.0365709 0.99933 -0.001505851 0.03657042 0.99933 -0.007978022 0.08500581 0.9963486 -0.03096044 0.4083315 0.9123086 -0.007276296 0.05566978 0.9984228 -0.0175662 0.1597186 0.9870064 -0.003822028 0.01813155 0.9998283 -0.006586074 0.0453822 0.998948 -0.01117354 0.07262384 0.9972968 -0.00415796 0.01780217 0.9998329 -0.003622174 0.01828265 0.9998264 1.30073e-4 5.75213e-4 0.9999999 -0.001504302 -0.00394845 0.9999911 0.02370768 0.0789631 0.9965956 0.02410835 0.08030682 0.9964786 0.009321689 0.02290636 0.9996942 0.001288533 0.003598332 0.9999927 0.009590148 0.02341139 0.9996799 -0.001022934 -0.003479719 0.9999935 0.009590387 0.02341163 0.99968 0 4.0144e-4 1 8.47357e-4 0.00568968 0.9999835 6.98637e-7 4.07e-4 1 8.34462e-4 0.005602359 0.999984 1.7977e-4 9.53646e-4 0.9999995 0 9.53793e-4 0.9999996 1.80415e-4 9.44001e-4 0.9999996 1.25929e-4 5.59582e-4 0.9999998 1.78011e-4 9.51494e-4 0.9999995 2.992e-4 0.001479148 0.9999989 -2.84986e-5 -9.18075e-4 0.9999997 -5.00185e-5 -6.8031e-4 0.9999998 -1.46355e-4 -0.003499388 0.9999939 -8.16654e-4 -0.007803797 0.9999693 6.94444e-5 0.001521229 0.9999989 1 0 0 0 -1 0 3.7188e-6 0 -1 -1 3.05723e-5 -4.93653e-6 -1 0 0 -0.5324349 0.4638221 -0.7080835 0.3391494 -0.7871947 -0.5150751 0.2483174 0.5992013 -0.7611151 0.09673774 0.150836 0.9838142 0.0966987 0.1508204 0.9838204 0.09682577 0.1509218 0.9837924 0.1494716 -0.2105212 0.9660948 0.1450054 -0.2057204 0.9678081 0.1450038 -0.2057231 0.9678078 0.3677871 -0.4420556 0.8181195 0.3762547 -0.450891 0.8094009 0.04450786 -0.0521208 -0.9976485 0.007857441 -0.01146531 -0.9999035 0.007859051 -0.01146483 -0.9999035 0.008164942 -0.01186972 -0.9998963 0.07223039 -0.0828337 -0.9939424 0.07236224 -0.08298081 -0.9939206 0.07227927 -0.08293837 -0.9939301 0.1567933 -0.1440943 0.9770633 0.1517772 -0.1410321 0.9783015 0.1518145 -0.1410295 0.978296 0.2764739 -0.2166558 0.9362813 0.2843634 -0.2213997 0.9328021 0.2024295 -0.06549304 0.9771044 0.2024299 -0.06549775 0.977104 0.2025528 -0.06552314 0.9770768 0.1921837 0.1224487 0.9736898 0.4094181 0.3107011 0.8578123 0.4004832 0.3028681 0.864803 0.187501 0.1184361 0.9750981 0.1875162 0.1184268 0.9750964 0.1286281 0.1278182 0.9834213 0.1286326 0.1278067 0.9834222 0.1285706 0.1278144 0.9834293 0.2057521 0.05808413 0.9768789 0.2056918 0.05809515 0.976891 0.2057139 0.05808568 0.9768868 0.205668 0.05808204 0.9768968 0.1748644 0.009462416 0.9845471 0.1748839 0.009458959 0.9845438 0.2592462 -0.02402305 0.9655125 0.2591692 -0.02397471 0.9655343 0.2591668 -0.02397793 0.965535 0.9999321 0.0113247 0.002774238 0.9998398 -0.01786559 0.001164257 0.9998336 -0.01820731 0.001192748 0.9997928 0.0203219 -0.001203835 0.9990813 0.04261702 0.004506945 0.9992935 0.03665947 0.008282005 0.6851629 -0.328961 0.6498743 0.1583001 -0.09360951 0.9829437 0.1583125 -0.09361112 0.9829416 -0.3904029 -0.3329914 0.8583137 -0.3814598 -0.06162106 0.9223292 -1.53343e-7 -1 0 -0.2817307 -0.9594935 0 -1.65323e-7 -1 0 0.2817307 -0.9594935 0 -0.2817307 -0.9594935 0 -0.5406417 -0.8412531 0 0.5406419 -0.8412529 0 0.540642 -0.8412529 0 -0.7557497 -0.6548608 0 0.7557497 -0.6548607 0 0.7557495 -0.6548609 0 -0.7557498 -0.6548606 0 -0.9096317 -0.4154158 0 0.9096318 -0.4154155 0 0.9096318 -0.4154155 0 -0.9096318 -0.4154154 0 -0.9898215 -0.1423147 0 0.9898216 -0.1423145 0 0.9898216 -0.1423143 0 -0.9898216 -0.1423147 0 -0.9898214 0.1423155 0 0.9898215 0.142315 0 0.9898215 0.1423152 0 -0.9096322 0.4154148 0 0.9096321 0.4154149 0 0.909632 0.4154149 0 -0.909632 0.4154151 0 -0.7557493 0.6548611 0 0.7557492 0.6548613 0 0.7557494 0.654861 0 -0.7557492 0.6548612 0 -0.5406398 0.8412541 0 0.5406401 0.841254 0 0.5406403 0.8412538 0 -0.5406401 0.8412541 0 -0.2817332 0.9594929 0 0.2817331 0.9594929 0 0.2817332 0.9594928 0 -0.2817333 0.9594929 0 -1.53343e-7 1 0 1.37953e-7 0 -1 5.29461e-7 0 -1 -5.51815e-7 0 -1 6.00459e-7 0 -1 -1.20092e-6 0 -1 1.02728e-6 0 -1 -1.36971e-6 0 -1 1.11946e-6 0 -1 -1.63388e-6 0 -1 1.16673e-6 0 -1 0.8128688 0.02806633 -0.5817701 -3.10666e-6 0 -1 0 1 0 0 1 -1.5322e-7 0.5509573 -0.3052561 -0.7767012 0.5509369 -0.3052851 -0.7767044 -0.04309833 -0.2841096 0.9578227 -6.47889e-4 -0.28718 0.9578765 -0.005417883 -0.2879644 0.9576258 0.0211203 -0.2848377 0.9583432 0.03598821 -0.2878418 0.9570016 0.03680896 -0.2808365 0.9590495 -0.06725597 -0.2814487 0.9572165 -0.03629136 -0.2860363 0.9575313 0.06421011 -0.2783495 0.9583312 -0.06639438 -0.2801873 0.9576466 0.1126478 -0.2855421 0.9517228 0.08988994 -0.2744063 0.9574033 -0.1024976 -0.2753823 0.9558551 -0.1126736 -0.2868106 0.9513382 -0.1327338 -0.2717253 0.9531775 0.132142 -0.2745545 0.9524486 0.1613028 -0.2743635 0.9480012 0.1609771 -0.2739934 0.9481636 -0.1373707 -0.2772437 0.9509287 -0.2320803 -0.2882817 0.9289955 -0.1779254 -0.2730577 0.9454005 -0.2731191 -0.2699397 0.9233301 0.2330904 -0.2860978 0.9294175 0.2105677 -0.2690247 0.9398335 0.2437904 -0.2654303 0.9327985 -0.3032856 -0.2712919 0.9134652 -0.3120118 -0.2734985 0.9098612 -0.3700848 -0.2898036 0.8826387 0.2542939 -0.2758451 0.9269543 -0.3202993 -0.3052767 0.8967801 -0.3838052 -0.2553297 0.8874122 0.3699989 -0.2911444 0.8822335 0.304661 -0.2734498 0.9123634 0.3324775 -0.2648443 0.9051609 0.3838889 -0.2553133 0.8873808 0.3301047 -0.251679 0.909774 -0.3343603 -0.2786423 0.900312 -0.3628677 -0.221959 0.90502 0.3723301 -0.2347312 0.8979262 -0.3943263 -0.2439791 0.8859916 0.4026641 -0.2220093 0.8880166 -0.4246609 -0.2461617 0.8712449 -0.4776133 -0.2588599 0.8395697 0.4169922 -0.2360793 0.8777153 -0.4520857 -0.2293894 0.861974 -0.4769809 -0.2484766 0.8430591 0.477413 -0.2581951 0.8398883 0.4722294 -0.2351672 0.8495269 -0.4898714 -0.2941684 0.8206649 0.4956452 -0.2325474 0.836814 -0.5719017 -0.269416 0.7748183 -0.474101 -0.2593414 0.8414098 0.5062618 -0.2408462 0.8280654 0.5699093 -0.2693825 0.7762967 0.5569131 -0.2412966 0.7947477 -0.5097203 -0.2453033 0.8246281 -0.509399 -0.2035751 0.836104 -0.5572943 -0.2250164 0.7992439 0.001382768 -0.2890743 0.9573057 0.0991922 -0.2823939 0.9541566 0.06607109 -0.2795543 0.957854 0.02424585 -0.2754213 0.9610179 -0.02938866 -0.3005339 0.9533182 -3.6987e-4 -0.2741565 0.9616851 -0.1057109 -0.2655732 0.9582777 -0.05715638 -0.3039378 0.9509758 0.5410479 -0.2299572 0.8089419 -0.5696162 -0.2337008 0.7879856 0.5596026 -0.2296742 0.7963007 0.5346132 -0.2010581 0.8208315 0.1033647 -0.2893715 0.9516197 0.1007875 -0.2931893 0.9507271 0.152171 -0.296293 0.9428969 -0.1074579 -0.2813423 0.9535719 -0.1088922 -0.2749124 0.9552831 -0.207134 -0.2570621 0.9439358 -0.1636325 -0.3009286 0.9395033 0.4884579 -0.2965789 0.8206399 -0.5959447 -0.2989827 0.7452914 0.6213908 -0.2238296 0.7508488 -0.5832428 -0.2499442 0.772888 -0.6437284 -0.248539 0.7237693 -0.5990675 -0.222544 0.7691505 0.6471803 -0.2437021 0.7223343 -0.6676187 -0.2832238 0.6885271 0.6379172 -0.2192202 0.7382441 0.206404 -0.2430719 0.947794 0.2710946 -0.4028009 0.8742193 0.3080396 -0.2549343 0.9165807 0.2044132 -0.2773411 0.9387743 -0.3223003 -0.2537997 0.9119805 -0.2679377 -0.3257522 0.9066945 -0.2093257 -0.2604428 0.9425244 0.6379268 -0.2192208 0.7382356 -0.6548712 -0.2180846 0.7235902 -0.6681523 -0.2168214 0.711731 0.6712759 -0.2199409 0.7078239 -0.6680123 -0.2167888 0.7118724 0.6771978 -0.2248249 0.7006119 0.7259857 -0.2052481 0.6563674 0.671561 -0.2159962 0.7087677 0.7360691 -0.2587211 0.6255124 -0.7270057 -0.2037107 0.6557169 -0.6679677 -0.2166925 0.7119435 0.6939159 -0.1883205 0.6949937 -0.677743 -0.195104 0.7089421 0.6670698 -0.2882749 0.6869611 0.595709 -0.3035771 0.7436208 -0.6967458 -0.3040486 0.6496921 -0.6872176 -0.1732026 0.7055018 0.7077894 -0.1703284 0.6855818 0.7332233 -0.1601627 0.6608566 -0.7674402 -0.1564506 0.6217384 0.7412201 -0.1576918 0.6524769 -0.7381753 -0.2642678 0.620693 -0.7601656 -0.2998726 0.5763893 -0.7306841 -0.1541357 0.6650887 0.7189812 -0.1094326 0.6863604 0.7356846 -0.1499941 0.6605073 -0.7177829 -0.1204428 0.6857706 -0.6575781 -0.1115775 0.7450783 0.3228786 -0.2447637 0.9142429 0.3709733 -0.3338701 0.8665504 0.444325 -0.2510591 0.8599678 -0.298489 -0.3002965 0.9059395 -0.4718713 -0.308879 0.8257914 0.6662105 -0.08111751 0.7413391 0.7499275 -0.09594076 0.654526 -0.7660333 -0.08602613 0.6370186 -0.78245 -0.08240097 0.6172376 0.8142537 -0.1219611 0.5675529 0.7502096 -0.09990221 0.6536095 -0.7737795 -0.06997668 0.6295781 -0.7841312 -0.0654326 0.6171361 -0.7592491 0.001506328 0.6507984 -0.8153738 -0.1237431 0.5655557 0.7703027 -0.06822949 0.6340178 0.7697445 0.004415929 0.6383368 0.7673355 -0.003303766 0.6412373 0.8340948 3.59204e-4 0.5516211 0.8956629 0.08668416 0.4362039 -0.7586704 0.01948142 0.6511833 -0.7556563 0.02121514 0.6546247 -0.8177525 -0.2164877 0.5333048 0.01840567 0.753994 0.6566233 -3.7859e-4 0.810472 0.5857772 -0.0597496 0.7688141 0.6366749 -0.11141 0.7490174 0.6531162 -0.1246286 0.8013982 0.5850034 -0.1595559 0.7371345 0.6566389 -0.1595278 0.7371426 0.6566367 -0.1960727 0.7335756 0.6507092 -0.2528296 0.7714454 0.5839086 -0.2395569 0.7041383 0.6684323 -0.2395592 0.7041364 0.6684335 -0.3184316 0.7205438 0.6159692 -0.3103386 0.6865966 0.6574763 -0.3639581 0.7226153 0.5876748 -0.3761692 0.6612071 0.6490777 -0.4091256 0.6527248 0.6376258 -0.4327398 0.6207891 0.6537257 -0.4759462 0.6573271 0.5842915 -0.470439 0.5852805 0.6604044 -0.4704497 0.5852723 0.6604042 -0.5053375 0.5669189 0.6505668 -0.5747662 0.5735482 0.5836834 -0.5303081 0.5201566 0.6694853 -0.6083698 0.4977829 0.6181412 -0.5958349 0.4853287 0.6398726 -0.6565549 0.4769003 0.5843815 -0.5900874 0.4550388 0.6668859 -0.6364099 0.417568 0.6485517 -0.6521655 0.3941455 0.6475566 -0.7228485 0.3696496 0.583823 -0.668435 0.3498683 0.6563436 -0.686821 0.307246 0.6586934 -0.7079507 0.275321 0.6503877 -0.7724267 0.2486546 0.584404 -0.7083687 0.2215415 0.670174 -0.7083678 0.2215355 0.670177 -0.772143 0.164086 0.6138982 -0.7384588 0.1520535 0.6569311 -0.79764 0.1300156 0.5889537 -0.7314149 0.1335571 0.6687263 -0.7626795 0.07175135 0.6427843 0.5589221 0.5578674 0.6135064 0.4624877 0.6338437 0.6199575 0.5875563 0.687936 0.4260537 0.4334161 0.4421818 0.7852553 0.4335297 0.4420064 0.7852913 0.4335314 0.4420056 0.7852908 0.4334194 0.4421751 0.7852572 0.6571217 0.5648764 0.4991051 0.5316482 0.4273625 0.7312399 0.5983601 0.4441269 0.6668708 0.5316723 0.4273751 0.7312148 0.6148668 0.4067873 0.6756204 0.6832185 0.4192352 0.5978749 0.6510922 0.324954 0.6859182 0.7144224 0.4395951 0.5443866 0.5783571 0.2747726 0.7681167 0.5783596 0.2747663 0.768117 0.5868226 0.2347093 0.7749521 0.6853044 0.2260618 0.6922817 0.8370031 0.3466952 0.4233538 0.5929588 0.201743 0.7795509 0.5929612 0.2017354 0.779551 0.830858 0.2030734 0.5181085 0.6938599 0.1501663 0.7042788 0.7415273 0.1211 0.6599031 0.693848 0.1502273 0.7042775 0.7055078 0.1073874 0.700519 0.788058 0.06438642 0.6122247 0.241473 0.743179 0.624 0.1296193 0.8253946 0.549475 0.1268731 0.767804 0.6279969 0.354758 0.6962525 0.6240026 0.2574678 0.7924054 0.5529955 0.3782564 0.7423722 0.5529971 0.489734 0.6740595 0.5529959 0.5891491 0.5891503 0.5529966 0.6740608 0.4897341 0.5529943 0.7423716 0.3782578 0.5529968 0.7924053 0.2574673 0.5529959 0.8268343 0.1264192 0.5480542 0.8179426 -0.214527 0.5338054 -0.8286353 -0.2818644 0.4836488 0.7578056 -0.3043136 0.5771691 0.6983283 -0.3076551 0.6462863 0.7875466 -0.3079288 0.5338073 0.7648528 -0.3192186 0.5595533 -0.7764765 -0.3132522 0.5467701 0.444345 -0.2511277 0.8599376 0.4919971 -0.3185091 0.8102413 0.5924711 -0.303043 0.7464201 -0.5763717 -0.3051692 0.7580683 -0.002079308 -0.2591524 0.9658343 0.828544 -0.2822045 0.4836068 -0.8443178 -0.3156137 0.4330306 -0.08641487 -0.269989 0.9589778 -6.35552e-4 -0.2566811 0.9664961 0.03766822 -0.2487566 0.9678333 0.09540116 -0.2532494 0.9626856 -0.3777604 -0.3338988 0.8636022 -0.323931 -0.2572064 0.910447 -0.4544968 -0.2574133 0.8527433 -0.1424425 -0.2905936 0.9461848 -0.00761336 -0.2595213 0.9657075 -0.1877331 -0.2760486 0.9426311 -0.1025115 -0.2636598 0.9591532 0.177564 -0.2672201 0.9471349 -0.003747224 0.8571909 0.5149851 -0.2808824 0.8644665 0.4168967 -0.1421914 0.8977631 0.4168972 -0.4126564 0.809883 0.4168985 -0.5342689 0.7353602 0.4168959 -0.6427278 0.6427265 0.4168978 -0.735359 0.5342703 0.4168964 -0.809884 0.4126569 0.416896 -0.864467 0.2808824 0.4168954 -0.8970158 0.1454145 0.4173937 -0.8145853 -0.001265347 0.5800425 0.2599129 -0.2861449 0.9222617 -0.2295768 -0.2771602 0.9329934 -0.2803666 -0.2843682 0.9168038 -0.6736714 -0.2950356 0.6775846 0.8889084 -0.007187545 0.4580288 0.8888387 -0.007178127 0.4581641 -0.8935796 -0.1530269 0.4220171 -0.9024596 3.49119e-4 0.4307746 0.8829241 0.01296019 0.4693368 0.8918458 -0.04793906 0.4497922 0.9089706 -0.1446495 0.3909591 -0.9053841 -0.2332274 0.3548021 0.2090984 -0.180786 0.9610381 0.3156505 -0.251495 0.9149399 0.2727524 -0.3119971 0.9100902 -0.5133076 -0.294097 0.8062396 0.8437302 -0.318158 0.4323136 -0.3323836 -0.274154 0.9024195 -0.3783867 -0.2867658 0.8801074 -0.8601216 -0.3195589 0.3975839 -0.01039648 -0.2226976 0.9748322 0.9057283 -0.2317517 0.3548907 -0.9046458 -0.297144 0.3054857 0.07843816 -0.1890913 0.9788217 0.1408993 0.9055408 0.4001792 0.2834432 0.8723498 0.398329 0.4164188 0.8172695 0.398329 0.5391441 0.7420651 0.3983255 0.6485878 0.6485886 0.3983301 0.7420659 0.5391416 0.3983271 0.8172693 0.4164191 0.398329 0.8723496 0.2834432 0.3983291 0.904057 0.1389283 0.4042026 -1.74975e-5 0.9088862 0.4170445 0.1369244 -0.2028247 0.9695948 -0.0721035 -0.2207169 0.9726691 0.01585769 -0.1956006 0.9805555 -0.2202565 -0.2433294 0.9446047 -0.1345574 -0.2350746 0.9626184 0.4336405 -0.2608934 0.8624909 0.3623341 -0.2880945 0.886406 0.2328044 -0.2084683 0.9499175 0.3047624 -0.2480034 0.9195729 -0.4611628 -0.2494425 0.8515323 -0.4798449 -0.2793825 0.8316816 -0.316327 -0.2503924 0.9150087 0.6745364 -0.2922972 0.6779108 -0.7654672 -0.2732062 0.5825963 -0.7893348 -0.3046227 0.5330625 0.9045769 -0.2979411 0.3049128 -0.9101219 -0.3241775 0.2580448 0.5689422 -0.2439619 0.7853581 0.5727484 -0.2389783 0.7841228 -0.5747901 -0.2322898 0.7846388 -0.5784856 -0.2271199 0.7834355 -3.37512e-4 -0.1886405 0.9820463 0.8589944 -0.3244265 0.3960759 -0.8675032 -0.2954406 0.4001914 -0.08882898 -0.1900996 0.977738 -0.154721 -0.1937965 0.9687644 -0.4142304 -0.2521772 0.8745398 -0.2470752 -0.2030459 0.9474841 0.5484218 -0.2499401 0.7979747 0.4643588 -0.2820719 0.8395276 -0.9377297 0.01263004 0.3471361 -0.4538818 -0.3690371 0.8110507 -0.3972116 -0.5049229 0.7663394 -7.0058e-4 0.977628 0.2103404 -0.3022286 0.9301635 0.2084557 -0.152996 0.9659916 0.2084528 -0.4440184 0.8714324 0.2084546 -0.5748728 0.7912454 0.2084518 -0.6897254 0.6925848 0.2111992 -0.7892158 0.5754109 0.2145715 -0.8707865 0.4423756 0.2145577 -0.9305985 0.2989722 0.211192 -0.9648896 0.1558793 0.2113999 -0.9641931 0.01986455 0.2644565 -0.9375661 0.02268391 0.3470668 -0.9374957 -0.02577054 0.3470416 -0.5666493 -0.2348636 0.7897771 -0.5847024 -0.2578333 0.7691848 0.1530372 0.9661453 0.2077087 0.3022748 0.9303098 0.2077347 0.4440879 0.8715699 0.2077307 0.5749641 0.7913686 0.2077311 0.6888535 0.6935901 0.2107457 0.7915402 0.5728276 0.2129147 0.8695738 0.4467023 0.2104721 0.9286975 0.3029783 0.2138342 0.8885758 0.0259816 0.4579936 0.9506371 0.02290481 0.3094584 0.9656486 0.151085 0.2114148 -0.0211023 -0.1905764 0.9814456 0.06990849 -0.1488674 0.986383 -0.007438778 -0.1888786 0.9819722 0.9814946 -0.06115859 0.1814612 -0.9776089 -0.08029812 0.1945071 -0.9497715 -0.1067515 0.2941738 -0.9505047 -0.08561098 0.2986834 0.9094037 -0.3271245 0.2568549 -0.9199324 -0.3174122 0.2301605 0.9720529 -0.1494293 0.1810637 -0.9701004 -0.1529397 0.1884538 -0.9562767 -0.2463923 0.1575621 -0.3442019 -0.2089401 0.9153519 -0.1732299 -0.151423 0.9731714 -0.08531212 -0.1400442 0.9864632 0.7686919 -0.2781274 0.5759844 0.5747896 -0.2792198 0.76919 0.695869 -0.2075805 0.6875149 0.6026242 -0.3027005 0.7383878 -0.6032472 -0.3188635 0.7310396 -0.5854063 -0.2657722 0.7659403 -0.7031051 -0.1987751 0.6827384 0.3982903 -0.2539553 0.8814032 -0.5116034 -0.2466483 0.8230594 0.1549441 -0.1505702 0.9763816 0.8660606 -0.3030057 0.3976514 -0.8483671 -0.2543017 0.4643319 -0.2680683 -0.1601698 0.9499921 0.9590281 -0.2408342 0.1492108 -0.9452369 -0.3077306 0.1087625 0.3278411 -0.2098727 0.9211263 -0.003607809 -0.1928282 0.981226 0.001223325 -0.1443691 0.9895232 0.003647148 -0.09289413 0.9956693 0.09313631 -0.09653663 0.9909623 0.6619969 -0.2136744 0.7184034 0.569895 -0.2623118 0.7787248 -0.4418898 -0.2099956 0.8721441 -0.1080794 -0.1035571 0.988734 -0.1881316 -0.1087006 0.97611 0.251867 -0.1598923 0.9544619 -0.6791375 -0.2043955 0.7049787 -0.6865812 -0.2205928 0.6927807 0.9875562 0.0317434 0.1540297 0.9185352 -0.3227414 0.2283227 -0.9276452 -0.2786735 0.2486274 -0.3639389 -0.1655116 0.9165995 -0.00821495 -0.0898118 0.9959249 0.08845669 -0.06554955 0.9939209 -0.002537965 -0.08734363 0.9961751 0.1694918 -0.1083828 0.9795538 0.9467136 -0.3036634 0.1073402 -0.2836612 -0.1164656 0.9518257 -0.9431464 -0.3234462 0.07653498 0.4967658 -0.2492911 0.8313108 -0.1943465 -0.06369644 0.9788628 -0.1033081 -0.06524854 0.9925071 -0.001874029 -0.04941976 0.9987764 -0.6083278 -0.2305296 0.7594692 0.7019047 -0.1926469 0.6857237 0.8444265 -0.2508095 0.4733272 -0.7065883 -0.202054 0.6781646 -0.740723 -0.2306113 0.6309897 0.1257748 -0.02165162 0.9918226 0.179502 -0.06110799 0.981858 0.0583043 -0.01898014 0.9981185 -0.06564027 -0.01771432 0.9976862 -0.04124349 -0.001887798 0.9991474 0.04527682 -0.01749956 0.9988213 0.2679314 -0.1166019 0.9563561 0.02572214 -0.001614987 0.9996678 0.4260089 -0.211953 0.879541 -2.79478e-6 -0.005375385 0.9999856 -0.1349817 -0.01447188 0.9907424 -0.2461546 -0.00256884 0.9692273 0.129274 -0.005262911 0.991595 -0.1867111 -0.0196942 0.9822175 -0.983707 0.02310109 0.1782891 0.3481842 -0.1663511 0.9225482 -0.2931237 -0.06465649 0.9538858 -0.5368068 -0.2058485 0.8182085 -0.3766832 -0.1215977 0.9183267 0.1894291 -0.02513378 0.9815728 -0.4608544 -0.1662737 0.8717605 0.1943284 -0.01613634 0.9808039 0.2795613 -0.06808882 0.9577105 0.9425005 -0.3263928 0.07183814 -0.9483881 -0.3113549 0.06015157 -0.2026405 -0.02145969 0.9790181 0.9258494 -0.2869281 0.245917 -0.9094722 -0.2394123 0.3399149 0.764283 -0.1682006 0.6225594 0.7410733 -0.2008414 0.6406818 0.6735408 -0.2266046 0.7035575 0.3615806 -0.122296 0.9242852 -0.001483142 0.9946004 0.1037693 -0.07944959 0.995504 0.05157083 -0.1566078 0.9864408 0.04907786 -0.2314424 0.9714863 0.05146652 -0.3812415 0.9229697 0.05274313 -0.3077607 0.9501875 0.04926586 -0.2349847 0.97067 0.05081409 -0.4560183 0.8886084 0.04922008 -0.5219761 0.851763 0.04517537 -0.648248 0.7599797 0.04696291 -0.5887072 0.8068726 0.04879206 -0.5200494 0.8527101 0.04933822 -0.6799337 0.7316163 0.04927313 -0.7342329 0.6766667 0.05499243 -0.7789971 0.6244621 0.05666422 -0.8177288 0.5739701 0.04333609 -0.818307 0.5732513 0.04191374 -0.8487828 0.5260349 0.05343288 -0.7514124 0.6566497 0.06473672 -0.8760005 0.4807397 0.03889381 -0.90212 0.4282935 0.05238682 -0.9229252 0.380125 0.06094384 -0.8760024 0.480736 0.03889364 -0.9603247 0.2757918 0.0414161 -0.9623855 0.2668236 0.0511806 -0.9416869 0.3325787 0.05115854 -0.9837061 0.02310097 0.1782943 -0.9853565 0.1658824 0.03944444 -0.9852812 0.1665784 0.03837716 -0.9931395 0.1008339 0.0592162 -0.9958811 0.05611735 0.07121551 -0.9993848 0.01697951 0.03069168 -0.9940235 0.02600634 0.1060235 -0.9693943 0.2341104 0.07394093 0.1551879 0.9866471 0.04944205 0.07834255 0.9957701 0.04800391 0.234789 0.9707717 0.04976469 0.2325882 0.9711756 0.05216133 0.3066994 0.9504754 0.05031943 0.4560515 0.8886578 0.0480026 0.3823029 0.9224774 0.05366653 0.5192326 0.8532517 0.04857194 0.5221685 0.8511793 0.05323433 0.5880457 0.8072726 0.05013501 0.6987065 0.7135516 0.05151242 0.6475597 0.7603316 0.05061942 0.7475388 0.6611284 0.06399339 0.8144152 0.5788718 0.04043918 0.814396 0.5789057 0.04034173 0.774003 0.630099 0.06240803 0.8690481 0.4917751 0.0539695 0.8504532 0.5206458 0.07521587 0.8739418 0.4840115 0.04425513 0.9217106 0.3831402 0.06044411 0.9012587 0.4300032 0.05320024 0.9591192 0.2796944 0.04314541 0.9400782 0.3366929 0.05376839 0.9722945 0.2268412 0.05645054 0.9591236 0.2795853 0.04375118 0.9920768 0.111061 0.05873107 0.9841071 0.1726208 0.04165655 0.9887089 0.0217216 0.1482667 0.9983561 0.04264205 0.03830081 0.9957579 0.06378936 0.06631237 0.9841665 0.1723766 0.04126489 0.001716017 0.9987048 0.05085295 -0.7773377 -0.1533577 0.6101046 -0.7778956 -0.1687585 0.6053091 -0.3856999 -0.07092046 0.9198945 0.9974591 -0.02993065 0.06465113 0.988749 -0.04670357 0.142107 0.9924254 -0.082569 0.09096318 0.9897618 -0.135565 0.04465317 0.9965317 -0.08316153 0.00295782 -0.998001 -0.04116111 0.04795491 -0.995429 -0.08568805 0.04217332 -0.9918451 -0.1222443 0.03605353 -0.9924911 -0.1161886 0.03823429 0.9966037 -0.02271676 0.07915163 0.3076374 -0.02177649 0.9512544 0.2438303 -0.01525753 0.969698 0.4737288 -0.005111396 0.880656 0.4140659 -0.02564907 0.9098855 0.3597222 -0.00493139 0.9330464 0.3611252 -0.02259689 0.9322435 -0.4722611 -0.002898335 0.8814539 -0.2400161 -0.02288174 0.9704993 -0.307267 -0.03031516 0.9511404 0.9796618 -0.1971136 0.03753763 0.9892975 -0.1403144 0.04003268 0.9762799 -0.216507 0.0015347 0.9741347 -0.2232488 0.03495007 -0.991634 -0.1223573 0.0411176 -0.9842987 -0.1730412 0.03482818 -0.9793394 -0.199381 0.03378862 0.4452045 -0.1681195 0.8795049 0.5948681 -0.2342814 0.7689241 0.3683294 -0.0727148 0.9268474 -0.4717455 -0.1226436 0.8731637 0.5223752 -0.208449 0.8268454 -0.360688 -0.02611893 0.9323207 -0.7005618 -0.2019068 0.6844318 0.9575065 -0.2883651 -0.005180776 0.9663684 -0.2571352 -0.003721415 0.9528048 -0.2990614 -0.0522055 0.9553337 -0.2947318 -0.02169513 -0.9624344 -0.2711905 0.01326006 -0.9786406 -0.20322 0.03105282 -0.9721533 -0.2341503 0.009583234 -0.9644705 -0.2641216 -0.006045162 -0.9633464 -0.2681291 0.008393585 0.9492851 -0.3085829 0.06028616 0.8039236 -0.1672382 0.5707349 0.8111527 -0.1560718 0.5636249 0.8918457 -0.1666573 0.4205195 0.9148471 -0.2162271 0.3410289 -0.9626468 -0.2552871 0.09022104 -0.8168596 -0.1434596 0.5587127 -0.5542535 -0.1630324 0.8162252 -0.6271169 -0.1944113 0.7542737 0.4566541 -0.1242241 0.8809287 -0.4753881 -0.07394313 0.8766634 0.9463117 -0.3189235 -0.05274462 0.9431858 -0.3258097 -0.06518214 0.9458698 -0.3227908 -0.03371095 -0.9366028 -0.350334 0.006431341 -0.957141 -0.2893157 -0.01333039 -0.9564032 -0.2919946 -0.005673944 -0.9370696 -0.3251072 0.1273028 0.4154414 -0.02344048 0.9093179 0.4601516 -0.07312643 0.8848239 -0.417638 -0.02380561 0.9083016 -0.887595 -0.1477149 0.4362974 -0.8142119 -0.1222751 0.5675454 0.8081236 -0.1307032 0.5743284 0.540259 -0.1655621 0.8250513 -0.8116073 -0.1393927 0.56733 -0.8590187 -0.08488363 0.504858 0.8486784 -0.09805071 0.5197414 0.7671726 -0.1756929 0.6169102 0.9615744 -0.2562187 0.09862405 -0.9490243 -0.216067 0.2294952 -0.4697801 -0.02182739 0.8825137 -0.5635865 -0.119909 0.8173078 -0.8558515 -0.1023563 0.5069926 0.6147323 -0.1977497 0.7635439 0.6886736 -0.2069137 0.6949211 0.9446426 -0.3188399 -0.07740604 0.9447033 -0.3172648 -0.08293944 0.9495306 -0.2980288 -0.09782874 0.9418402 -0.3216537 -0.09734505 -0.9476559 -0.3141024 -0.05734252 -0.9437812 -0.318267 -0.08934938 -0.9459734 -0.3105913 -0.09309989 -0.9457936 -0.3121739 -0.08956503 -0.6394935 -0.1547377 0.7530633 0.550179 -0.1223712 0.8260318 -0.7830212 -0.1621922 0.6004761 -0.7118481 -0.1731492 0.6806554 0.9839281 -0.05429345 0.1701108 0.98482 -0.1028239 0.1398464 0.9975199 -0.01285356 -0.069202 0.9310098 -0.1082958 0.3485582 0.9279791 -0.2891317 0.2350692 -0.9726001 -0.1371528 0.1877189 -0.5653398 -0.07234722 0.8216793 0.5222601 -0.02198809 0.8525028 0.5513883 -0.0701577 0.8312936 0.4716864 -0.02167469 0.8815 0.9308963 -0.03458493 0.3636426 0.9235259 -0.05969339 0.3788626 0.808498 -0.1297709 0.5740128 0.8538768 -0.1103819 0.5086356 0.9359682 -0.01076483 0.3519202 -0.9635429 -0.02201366 0.2666471 -0.9635528 -0.02259659 0.2665622 -0.8518567 -0.1148569 0.5110266 -0.9022033 -0.0313887 0.4301673 -0.9662101 -0.06720513 0.2488405 0.09359604 0.9956027 -0.003885447 0.03753483 0.9992954 0 -0.07595717 0.9971111 -6.92637e-5 -0.1288002 0.991657 -0.00519073 0.1003914 0.9949481 -2.51859e-4 -0.1348416 0.9908558 -0.00475347 0.183673 0.982987 9.59482e-4 -0.2188025 0.9757666 -0.002257823 0.2772571 0.9607619 -0.008071243 -0.3074261 0.9515285 -0.009106159 0.3708785 0.9286789 -0.002193272 -0.3138202 0.9494794 -0.002427518 0.4483901 0.8938314 -0.003447294 -0.3911324 0.9203329 -0.001716792 0.4541942 0.8908348 -0.01101368 -0.4838047 0.8751657 -0.004268527 0.5378171 0.8430578 -0.002538621 0.6098847 0.7924815 -0.003721594 -0.4808048 0.8767952 0.007549107 0.6146003 0.7888185 -0.005642354 -0.5564686 0.8308627 0.003150522 0.6550257 0.7556065 -4.35407e-4 -0.6374039 0.7705254 -0.002662599 0.720296 0.6936669 3.82842e-5 -0.7043254 0.7098654 -0.004121661 -0.7698181 0.6381809 -0.01026666 -0.8300883 0.557619 -0.003836929 0.7808938 0.6246639 1.05946e-4 0.7450739 0.666982 8.98402e-5 -0.8762707 0.4818074 -0.003392755 -0.8776456 0.479231 -0.008725047 -0.8777653 0.4789993 -0.009380936 -0.9204069 0.3909503 -0.003036737 -0.9507271 0.3100078 -0.003660976 0.8143348 0.5803956 2.10969e-4 -0.9528575 0.3033718 -0.005311906 -0.9760945 0.2173409 -0.001576662 -0.9917332 0.128125 -0.007023096 0.8447175 0.5352125 -4.32667e-5 -0.9924081 0.1226294 -0.009395599 -0.996478 0.08385425 4.02142e-4 -0.9999768 0.00374943 0.005685389 -0.9999646 -0.005313098 0.006531178 -0.9942657 -0.1069168 0.002126395 -0.9998631 0.01653474 6.23343e-4 -0.9998463 0.01753461 2.13916e-5 -0.999929 0.01187831 0.001037001 0.8728152 0.4880507 -3.66466e-4 0.8730878 0.4875626 6.36904e-4 0.8979719 0.4400529 -5.98652e-5 0.9209651 0.3896452 -2.234e-4 0.9405525 0.3396487 -1.00008e-4 0.9576763 0.2878474 -1.75789e-4 0.9716284 0.2365117 -5.89967e-4 0.9831549 0.1827744 -2.85799e-4 0.9912875 0.1317157 -3.85654e-4 0.9972162 0.07451343 0.002754688 0.9999937 -2.95765e-5 -0.003582715 0.9998732 0.01592355 -1.48362e-4 -0.9978264 -0.06555306 -0.006736576 0.9915009 -0.09105926 0.09292101 0.9981036 -0.06113445 -0.007200181 0.9880562 -0.1529498 -0.01874703 -0.9905833 -0.1349654 -0.02300369 -0.9881297 -0.1527087 -0.01672935 0.9906934 -0.1345672 -0.02045226 -0.5234462 -0.02362835 0.8517311 0.9549708 -0.2825192 -0.09062927 0.9549702 -0.282519 -0.09063649 0.9559837 -0.2823249 -0.07992362 0.9525641 -0.2817364 -0.1150931 -0.9443805 -0.3099852 -0.1097941 -0.9443815 -0.3099788 -0.1098029 -0.9530909 -0.2818797 -0.1102796 -0.9435321 -0.3148705 -0.1029755 -0.976264 -0.2123764 -0.04248559 0.9595257 -0.2724545 -0.07126742 0.9644669 -0.2630036 -0.02515631 0.6746692 -0.00530982 0.7381013 0.574504 -0.02402961 0.8181491 0.5237271 -0.02625948 0.8514813 -0.5760524 -0.02061587 0.8171528 -0.6746695 -0.005310475 0.738101 -0.5235503 -0.02384996 0.8516609 0.6280567 -0.1578559 0.7619884 -0.9621981 -0.2632835 -0.06968861 -0.9610036 -0.2706815 -0.05660229 -0.6448244 -0.1132494 0.7558943 0.9340034 -0.3244163 -0.1496393 0.9297872 -0.3441893 -0.1304976 0.8945457 -5.10545e-4 0.4469763 -0.9455995 -0.3078514 -0.1052101 0.9736996 -0.2234621 -0.04442846 0.9736998 -0.2233794 -0.04483771 0.9628529 -0.2600657 -0.07266438 0.9811643 -0.1773743 0.07651895 0.9861345 -0.1611491 0.03962254 -0.9624698 -0.2614779 -0.07267218 -0.9767065 -0.2145278 0.004733145 -0.9779526 -0.2066154 -0.03031486 -0.9628047 -0.2594739 -0.07536834 0.7007219 -0.1776852 0.6909536 0.9139041 -0.007502138 0.4058609 0.8474324 -0.1100618 0.5193695 -0.94273 -0.3257775 0.07162022 0.937327 -0.3254643 -0.1244631 0.6340383 -0.1161047 0.7645359 -0.9324009 -0.3317841 -0.1433459 -0.7183933 -0.1386644 0.6816768 -0.9189453 -0.004205584 0.3943629 -0.9163146 -0.02364313 0.3997607 0.7730459 -0.1678553 0.6117391 -0.6422441 -0.06683105 0.7635811 0.9174074 -0.337346 -0.211096 0.9827026 -0.1542612 0.1024659 0.9827029 -0.1542539 0.102474 -0.9824786 -0.1648923 0.08686935 -0.9864427 -0.1185754 0.1134496 -0.9848287 -0.109712 0.1344463 -0.9803601 -0.1962724 0.01927214 0.6355389 -0.06879454 0.7689979 -0.9040315 -0.3525788 -0.241693 0.9999991 0.001219511 6.06293e-4 -0.8539805 -0.1119806 0.5081118 -0.9262929 -0.3123323 -0.2107849 -0.7882725 -0.1433185 0.5984032 0.9329558 -0.3158198 -0.1727754 0.9075363 -0.3145766 -0.2782436 -0.6213867 -0.02193665 0.7831969 0.8737176 -0.3566563 -0.3307778 -0.9114978 -0.2808343 -0.3005059 0.9355136 -0.2807365 -0.2144791 0.7079252 -0.1428177 0.6916972 0.9001495 -0.3710876 -0.2280896 0.9394071 -0.2321463 -0.2522349 0.8967741 -0.2479932 -0.3664639 0.6268352 -0.01853024 0.7789316 -0.7190809 -0.1008535 0.687569 -0.9520615 -0.2359781 -0.1946622 0.8400482 -0.3055441 -0.4482876 -0.9987572 -0.04916256 -0.008194148 0.9308412 0.006918013 0.3653586 0.9726365 -0.1765815 -0.1509879 -0.9790544 -0.2002155 -0.03696441 -0.9848503 -0.1683478 -0.04158174 -0.9760035 -0.1917881 -0.1031238 0.7786166 -0.148529 0.6096683 0.7091934 -0.1041786 0.6972745 -0.9466878 -0.007452487 0.3220664 -0.9172626 -0.008121788 0.3982003 -0.9465544 -0.0139482 0.3222426 -0.9936724 -0.1075229 0.03246688 0.9974914 -0.06500822 -0.02801626 -0.9936814 -0.056876 0.09675973 0.9999781 0.003303766 -0.005748033 0.9934037 0.0471214 0.1045401 0.9772554 0.1005637 -0.1867055 0.9551289 -0.008286595 0.2960746 0.8983863 -0.09154808 -0.4295593 0.9669484 -0.05501502 -0.2489664 -0.9892425 0.02947551 0.1432847 -0.9777928 0.0183593 0.2087683 -0.9787886 0.08927875 0.1843974 -0.791061 -0.1155673 0.6007219 0.9529836 0.09911322 0.2863548 0.954153 0.06258291 0.2927038 0.9566918 -6.03677e-4 0.2911024 0.9104753 -0.03185141 0.4123353 -0.9583606 0.007934391 0.2854505 -0.714863 -0.05688774 0.6969468 -0.9886077 -0.08403193 -0.124874 -0.9730184 -0.1379671 -0.1849334 0.8461672 -0.1178506 0.5197234 -0.9973728 -0.0260297 -0.06760269 0.7058808 -0.06257539 0.7055613 -0.9599673 0.04372692 0.2766782 -0.9548814 0.1148079 0.2738991 -0.9551461 0.06177473 0.2896202 -0.9243894 -0.3454405 -0.1617876 -0.9600422 0.1263299 0.2497194 0.6623488 -0.01072371 0.749119 -0.8539139 -0.1064925 0.509402 -0.6713011 -0.01446914 0.7410436 -0.706961 -0.01489561 0.7070958 -0.9987234 0.04778593 -0.01637774 -0.9281475 -0.1755486 -0.3282148 -0.866836 -0.3213995 -0.3811794 -0.9112017 -0.05187255 0.4086818 -0.9452658 -0.3121282 -0.0951237 0.8002403 -0.182832 -0.5711287 -0.993144 -0.1163166 -0.01164263 0.7816767 -0.1204388 0.6119447 -0.9906986 0.1331426 0.02809387 0.8430062 -0.4186921 -0.3376944 -0.7892498 -0.08258998 0.608493 0.976924 -0.2126775 0.01969444 0.9962353 -0.08666294 0.002208232 0.9501268 0.1179137 0.2887136 0.7812886 -0.3776807 -0.4969361 -0.9648407 -0.2587407 -0.04621458 0.7094122 -0.02244961 0.7044363 0.8871089 -0.4164178 -0.1990829 0.8350079 -0.004176497 0.5502222 0.7492329 -0.01233255 0.6621919 0.7124485 -0.01782727 0.701498 -0.7523853 -0.01859307 0.6584609 -0.8345895 -0.005221188 0.5508478 -0.7100478 -0.02237433 0.703798 -0.8259199 -0.2247387 -0.5170578 0.9905304 0.04158073 -0.1308462 0.7802647 -0.08656227 0.6194304 0.9744588 0.09842926 0.201846 -0.979056 0.1916026 0.06883174 0.8464515 -0.1117241 0.5206127 -0.9460829 -0.05944681 -0.3184232 -0.9672919 0.008470535 -0.2535244 -0.9580531 0.1328038 0.2539636 0.7069478 -0.2719819 -0.6528789 -0.7835826 -0.04530191 0.6196338 -0.8532971 -0.0876559 0.5140044 -0.9789393 0.07360583 -0.1904206 -0.8880691 -0.1189072 -0.4440658 -0.9871714 -0.159656 0.001621782 0.7730541 -0.04768633 0.6325452 -0.9820493 -0.1882181 -0.01237332 0.9716392 0.1792218 0.154262 0.9874685 0.1577598 -0.004218935 0.9851673 0.09032338 0.145901 0.9642423 0.2021122 0.1714279 0.9518932 0.05355149 0.3017147 0.9055271 -0.05801135 0.420304 -0.9795801 0.1507887 -0.1329875 -0.96533 0.2338295 0.1160255 -0.968782 0.1696394 0.1807869 -0.8851147 -0.3959105 -0.2445956 -0.8282697 -0.3867362 -0.4054682 -0.9639013 0.2183175 0.1524198 -0.9720264 0.1486994 0.1818051 -0.9075006 -0.0624777 0.4153783 -0.9197834 -0.3700098 -0.1307337 -0.9518049 0.01491057 0.3063415 0.8461281 -0.09260183 0.5248734 -0.7537925 -0.309615 -0.5795994 -0.9683488 0.235362 -0.08309948 -0.9461517 -0.3192982 -0.05334687 0.7346945 -0.4748092 -0.4845413 -0.8495995 -0.06042379 0.5239559 0.8197699 -0.4938341 -0.2900088 0.9126038 0.0433374 -0.406542 -0.9949153 -0.1005426 0.005900382 0.6280366 -0.3832674 -0.6772564 0.9599238 0.1490033 -0.2373695 -0.9205982 0.112737 -0.3738842 -0.8948433 0.03293931 -0.4451633 -0.8151295 -0.05805432 -0.5763626 0.9278205 -0.3632045 -0.08503949 0.877224 -0.4606153 -0.1353204 0.7800208 0.05336892 -0.6234737 0.652442 -0.03532749 -0.7570149 0.8426792 -0.06459653 0.5345271 0.7900806 -0.0181725 0.6127334 -0.7901663 -0.0190013 0.612598 -0.9677919 -0.2517478 -0.00148338 -0.9525867 0.300799 -0.04581016 -0.9351232 0.1813218 -0.3044127 0.9645116 0.2223221 0.142444 0.9019597 -0.06791794 0.4264457 -0.8440147 -0.03296041 0.5353063 -0.967549 0.2270423 0.1109083 0.9999858 0.005318701 4.76077e-4 -0.7223684 -0.1752872 -0.6689233 0.8266915 -0.01140862 0.5625398 0.8366045 -0.03096479 0.5469316 -0.9039382 -0.05473303 0.4241462 0.9985364 -0.05405676 -0.001705467 0.9997734 -0.02129095 -9.32873e-6 0.9987891 0.04884147 0.005898654 -0.9360771 0.2568754 -0.2403636 0.9781021 0.2037357 0.04252326 0.9597068 0.2594891 -0.1078346 0.5256247 -0.2014209 -0.8265279 0.9421793 -0.3345498 0.01935923 0.93106 -0.3648538 -0.003011167 0.9326863 -0.358895 -0.03592616 -0.8268275 -0.01222246 0.5623229 0.9481825 0.008720874 0.3176068 0.9538962 0.2937416 0.06162679 0.9590752 0.2811307 0.03376847 0.9710335 0.1407828 0.1930651 -0.8742759 -0.4468243 -0.1897097 -0.8015785 -0.4671917 -0.3731003 -0.9856942 -0.1677967 0.01585215 -0.9583837 0.2804501 0.05337136 -0.67936 -0.4173619 -0.6035553 -0.9478235 -0.01270115 0.3185428 -0.9507039 0.3065823 0.04657822 -0.9691737 0.2331285 0.07970958 0.854237 0.1625465 -0.4938197 -0.9172381 -0.3924801 -0.06807142 -0.7262714 0.02401649 -0.6869884 -0.8154695 0.1276375 -0.5645515 -0.9988022 -0.04835486 0.007492303 -0.9238051 0.3352723 -0.1848694 -0.9751555 0.08487653 0.204616 0.5843093 -0.461794 -0.6673297 0.8985418 -0.05981308 0.4347932 -0.8407652 0.2318016 -0.4892666 0.7226793 -0.5381131 -0.4337846 -0.6343775 -0.2889534 -0.7169875 0.9069764 0.2598266 -0.3314875 -0.6222298 -0.1225669 -0.7731801 0.8189738 -0.5127874 -0.2575481 -0.8985044 -0.03491693 0.4375737 -0.9464316 -0.3229019 0.001336812 0.438002 -0.3574008 -0.8248751 -0.8617162 0.2952927 -0.4126105 0.9922131 -0.1228876 0.02029436 0.8842156 -0.4577454 -0.09290814 -0.9968091 -0.07830393 0.01549595 -0.9986492 -0.05099439 0.00996679 -0.9058077 0.398107 -0.144994 0.8931995 -0.03897047 0.4479689 -0.8682336 0.3700206 -0.330538 0.9370202 0.3491546 -0.009183585 -0.9535065 -0.299552 0.03307604 -0.9728298 -0.2303261 0.02349931 -0.944112 0.3293488 -0.01349413 -0.7409589 0.2403491 -0.6270664 -0.6246936 0.111397 -0.7728833 0.9439947 -0.01827037 0.3294544 0.6599876 0.1450219 -0.7371466 -0.8905025 -0.01755332 0.4546398 -0.5381432 -0.2662073 -0.7997098 -0.4787604 -0.4180526 -0.7720238 -0.9431284 0.332243 -0.01111334 0.774472 0.2733082 -0.5705224 0.9118277 0.3601438 -0.1971469 -0.5147002 -0.06214976 -0.8551148 0.8580783 -0.007364511 0.5134661 0.8851484 -0.01474291 0.4650755 -0.858448 -0.009842455 0.5128062 0.4511846 0.1319507 -0.882622 0.3345685 -0.09513032 -0.9375576 -0.9434234 -0.01725238 0.3311415 -0.7119026 -0.5663686 -0.4152365 -0.6434988 -0.5347836 -0.5476457 -0.7393873 -0.5545196 -0.3818567 -0.7869281 -0.5301337 -0.315757 -0.8593962 -0.007786691 0.511251 -0.8233494 -0.5296016 -0.2040051 -0.8421546 -0.506452 -0.1851541 -0.8649345 -0.4807262 -0.1441903 -0.5636617 -0.535678 -0.6287565 0.8577098 -0.005768775 0.5141019 0.9436324 -0.00402534 0.3309712 0.9121437 -0.005336701 0.409836 0.8878647 -0.005596399 0.4600707 -0.858128 -0.003380179 0.5134249 -0.8876224 -0.002545356 0.460565 -0.9438782 -0.005120813 0.3302539 0.3458962 -0.3038815 -0.8877004 0.5742872 -0.5321689 -0.6220857 0.5844323 -0.5580072 -0.5891239 0.6146181 -0.6220897 -0.4850249 0.9733604 0.07893174 0.2152659 -0.8596532 0.4290256 -0.277369 -0.9234765 0.3826568 -0.02765995 0.9275029 0.3720084 -0.03671801 0.9284877 0.3712871 0.007530868 0.9700282 0.2257246 0.08996635 -0.9866452 -0.1604805 0.02788096 0.7274304 -0.5733004 -0.3770565 0.7458581 -0.6018989 -0.2853305 -0.8881767 -0.4554846 -0.06063067 -0.8539074 -0.489879 -0.1756727 -0.879548 -0.4716929 -0.06245976 0.8345583 0.368101 -0.4098953 -0.9744095 0.04035651 0.2211276 0.2584843 -0.2636569 -0.929339 -0.4197201 -0.2347928 -0.8767597 -0.920804 0.3871454 -0.04731434 -0.9500718 0.3117111 -0.01413631 -0.6184684 0.3642237 -0.6963031 -0.518063 0.1986256 -0.8319607 -0.4077026 0.002575397 -0.9131111 0.5858864 0.2461335 -0.7721111 -0.9822033 0.1553689 0.1055331 0.8255671 -0.5201601 -0.2187978 0.8304046 -0.5473052 -0.1043322 0.9394719 -0.0224145 0.3418924 -0.9308888 -0.363889 0.03210872 -0.9470132 -0.3211645 0.004398524 -0.9377429 -0.006322979 0.3472726 0.874704 -0.4846248 0.005649507 0.8960734 -0.4438095 -0.009254276 0.9044316 -0.4263365 -0.01551467 -0.7972401 0.3842423 -0.4655814 0.6801201 0.3804514 -0.6266525 -0.8474881 0.4838562 -0.2182822 -0.3026355 -0.1936363 -0.9332292 -0.6796942 0.4928221 -0.5432699 -0.2953041 0.08230412 -0.9518517 -0.409803 0.2810344 -0.8678025 0.3075757 -0.3583981 -0.8814466 0.1553829 -0.2530242 -0.9549006 0.4597227 0.3400108 -0.8203948 0.2672772 0.289947 -0.9189634 0.1589912 0.02684277 -0.9869151 -0.5051621 0.4530071 -0.734572 0.9336826 -0.01021796 0.3579559 -0.4087435 -0.4824443 -0.7747105 -0.4087412 -0.4824448 -0.7747114 -0.3847082 -0.4950916 -0.7790277 -0.2802486 -0.3447874 -0.8958697 0.3993058 -0.1380066 -0.9063715 0.3993058 -0.1380066 -0.9063715 0.4578568 -0.631192 -0.6260702 0.4725174 -0.6057212 -0.6401789 0.9230653 0.3827033 -0.03858309 -0.9761838 -0.2167075 0.01014959 -0.9514003 -0.2940629 0.09145808 0.198651 -0.1715434 -0.9649407 -0.5946271 -0.5676322 -0.5693966 -0.5649623 -0.6204507 -0.5439288 0.8957447 0.4291231 -0.1161675 0.8455743 0.4563764 -0.2769922 -0.9921368 0.1251584 1.13738e-5 -0.9989785 -0.04500627 -0.00405842 -0.1083088 -0.1594023 -0.9812543 -0.1264826 -0.1071047 -0.9861698 -0.1261039 -0.1753592 -0.9763949 0.9739738 -0.2231651 0.03965485 0.9855259 -0.1658338 0.03518432 0.9605733 -0.2745866 0.04360264 -0.930676 0.002073824 0.3658385 0.9721735 0.03501397 0.2316311 -0.7432835 -0.5697983 -0.3505132 -0.9120107 0.4057306 -0.06015956 0.6409911 -0.6759987 -0.3635331 -0.1950789 0.155407 -0.9683971 -0.3049674 0.354633 -0.8838725 0.9264975 0.004651784 0.3762723 0.7457275 0.4695467 -0.4726693 -0.8421431 -0.5069032 -0.183968 -0.9714466 0.02272653 0.2361675 -0.8992925 0.4192631 -0.1244658 -0.8800047 0.4566514 -0.1306192 0.7746555 -0.5528315 -0.3070607 0.09043896 -0.1996423 -0.9756863 0.05260413 -0.09285497 -0.9942892 -0.3897328 0.5276651 -0.7547702 -0.5660877 0.5774751 -0.5882748 -0.02247595 0.02992826 -0.9992994 -0.08651059 0.2491819 -0.9645851 -0.2022544 0.4284283 -0.8806488 0.5750715 0.4783448 -0.663686 0.04515969 0.1914793 -0.9804573 0.009578168 0.0339232 -0.9993786 0.01685547 -0.04864102 -0.9986741 0.0188111 -0.04365795 -0.9988695 0.01054906 -0.02448201 -0.9996447 -0.04117906 -0.09180408 -0.9949253 -0.04479026 -0.08658808 -0.9952369 -0.9130107 -0.002050817 0.4079306 -0.8362626 -0.3860729 -0.3893748 -0.836254 -0.3860875 -0.389379 -0.8362508 -0.3860926 -0.3893804 0.9819548 0.1497494 0.1154989 -0.2443243 -0.3635418 -0.8989678 -0.6942468 0.5883322 -0.4145922 -0.7934857 0.5023352 -0.3435695 0.0827741 -0.114101 -0.9900149 0.04714596 -0.06499326 -0.9967713 0.8857475 0.4480013 -0.1214342 0.8856196 0.4542418 -0.09665584 0.9522861 0.3051651 -0.005043268 0.3820781 0.4296535 -0.8181774 -3.91439e-5 -2.7115e-4 -1 2.74869e-5 4.86342e-5 -1 1.47317e-5 0 -1 4.42184e-6 6.50479e-5 -1 3.1972e-6 0 -1 1.86858e-6 0 -1 -1.34454e-6 0 -1 5.02649e-7 0 -1 -2.0572e-7 0 -1 -7.79939e-7 0 -1 2.50068e-7 0 -1 -5.92608e-7 0 -1 -6.91266e-7 0 -1 3.84807e-7 0 -1 6.48323e-7 0 -1 5.33235e-7 0 -1 0 0 -1 -2.75142e-6 0 -1 2.00806e-6 0 -1 -8.25818e-6 0 -1 1.98709e-6 0 -1 3.32617e-6 0 -1 -1.64183e-6 0 -1 -1.92095e-7 0 -1 6.66646e-7 0 -1 -7.48918e-7 0 -1 7.98516e-7 0 -1 0 0 -1 0 0 -1 0 0 -1 7.93393e-6 0 -1 -1.34554e-6 0 -1 0.003165602 0.1630194 -0.9866178 0.01928311 0.1771998 -0.983986 0.01461452 0.1327864 -0.991037 0.02796566 0.1348023 -0.9904779 0.01071292 0.06744641 -0.9976654 0.02097624 0.05525398 -0.998252 9.52826e-6 0 -1 -1.26244e-5 0 -1 1.29425e-5 0 -1 -3.04918e-6 0 -1 2.10467e-7 0 -1 2.19857e-7 0 -1 -3.91828e-6 0 -1 -1.69611e-7 0 -1 5.84431e-7 0 -1 4.64514e-7 0 -1 -6.95179e-7 0 -1 -1.20224e-5 0 -1 0 0 -1 0 0 -1 0 0 -1 0 0 -1 -1.92892e-7 0 -1 2.94145e-7 0 -1 -0.0113936 0.05200588 -0.9985818 -0.011482 0.1454888 -0.9892933 -1.33618e-7 0 -1 0.001779556 0.1835298 -0.9830126 -0.01182174 0.1541679 -0.987974 0.007714629 0.3473578 -0.937701 0.01109707 0.4008079 -0.9160949 -0.006842136 0.3487263 -0.9371996 -0.01100349 0.387054 -0.9219914 0.263144 0.5007117 -0.8246473 0.1097505 0.4051476 -0.90764 -0.9876819 0.0948348 0.1244627 0.03374171 0.4977363 -0.8666719 0.004339098 0.5492753 -0.8356302 -0.8787432 0.4600034 -0.1273078 -0.9184563 0.3829081 -0.09909313 -0.03830575 0.5328757 -0.8453261 -0.1338114 0.4795256 -0.8672657 -0.00171566 0.560514 -0.8281432 -0.2828896 0.5857729 -0.7595024 -0.974594 0.2237191 0.01079279 0.9689155 0.01783394 0.2467486 -0.9671039 0.02372747 0.2532728 -0.445013 0.6474879 -0.6186462 0.1814314 0.583172 -0.791829 0.4655033 0.5626834 -0.6831502 -0.1919401 0.6284007 -0.7538379 0.7647653 0.5426498 -0.3473694 0.8417339 0.496053 -0.2131088 0.8730036 0.4734074 -0.1172614 0.6435806 0.561007 -0.5206489 -0.8363181 0.5043156 -0.2150299 -0.8334826 0.5403532 -0.115435 0.06648963 0.6512888 -0.7559115 -0.06111705 0.6793737 -0.7312428 -0.1197678 0.6586273 -0.7428767 0.9643168 0.0201143 0.2639862 -0.587166 0.6618178 -0.4660832 0.01550573 0.6834557 -0.7298274 -0.8342341 0.5302485 -0.1512946 0.781979 0.6132451 -0.1115328 0.3579275 0.6311175 -0.6881706 -0.01286393 0.6928881 -0.7209304 -0.962164 0.02159035 0.2716143 0.9868407 0.08985126 0.1344332 -0.3294237 0.699583 -0.6340849 0.8521533 0.4755483 -0.2183774 0.8595065 0.454597 -0.2336455 0.9360305 0.001341223 0.3519168 0.9591401 0.02387255 0.2819232 -0.988006 0.06347036 0.1407683 -0.9362089 0.002066969 0.3514381 0.1634108 0.7156733 -0.6790497 0.2675105 0.6766618 -0.6859788 -0.684562 0.6415855 -0.3460389 -0.762942 0.5808855 -0.2837103 0.533022 0.6396224 -0.553869 -0.842489 0.4951279 -0.2122756 -0.2287814 0.7351469 -0.6381366 0.9756305 0.2185029 0.02004307 0.8362903 0.5147122 -0.188918 0.7903265 0.5762773 -0.2080591 0.9215247 0.3774532 -0.09122282 0.6724917 0.6194077 -0.4050792 -0.4676471 0.7246361 -0.5061707 -0.8298072 0.5229429 -0.1948099 -0.8769996 0.4470629 -0.1760869 -0.9883837 0.1491319 0.02928245 0.9551731 0.002315759 0.2960391 -0.9552931 0.003054499 0.2956445 0.09162181 0.7492065 -0.6559689 -0.1474631 0.7577642 -0.6356478 -0.9546837 0.2872623 -0.07784223 0.7637233 0.5782907 -0.2868915 -0.7745758 0.579941 -0.2523903 0.9867891 0.059044 0.1508681 0.4199024 0.7034063 -0.5734995 -0.9860045 0.05349528 0.1579035 -0.07687193 0.7715135 -0.6315518 0.02168202 0.7723181 -0.6348659 0.9919428 -0.002016007 0.1266708 0.9717727 0.007356464 0.2358045 0.9551744 0.002314448 0.2960347 -0.9552929 0.003055393 0.2956454 -0.9718299 0.0075199 0.2355636 -0.9919419 -0.002028286 0.1266773 -0.01763814 0.7785978 -0.6272755 -0.5876649 0.7028864 -0.4007502 -0.3498142 0.7712947 -0.531728 0.9844722 0.05032801 0.1681718 0.3101267 0.7516711 -0.5820755 0.5696075 0.6873408 -0.4506772 -0.9841178 0.03874903 0.1732363 0.9887545 0.1444292 0.03879112 0.9818642 0.04207056 0.1848587 0.782507 0.5650341 -0.261571 -0.9935348 0.1041225 0.04524475 -0.2449097 0.8020551 -0.5447265 0.2097376 0.7852034 -0.5826369 0.6818108 0.6458346 -0.3435574 0.7767143 0.5705518 -0.2668064 0.8806995 0.4423768 -0.169326 -0.7108263 0.6191387 -0.3337562 -0.7413179 0.6053815 -0.2897605 -0.7413123 0.6053852 -0.2897672 0.9566063 0.2829253 -0.06969678 -0.7675672 0.5812247 -0.2702194 -0.8284729 0.5038174 -0.2445416 0.7542471 0.595337 -0.276921 0.05997264 0.8172882 -0.5730999 0.1294533 0.8038611 -0.5805594 -0.4748141 0.7591915 -0.4451739 -0.9777144 0.2005392 -0.06211805 0.4597259 0.7447338 -0.4837601 -0.1587314 0.8203007 -0.5494645 -0.924604 0.3457201 -0.1599532 0.9934669 0.1000244 0.05494362 0.7251071 0.6217291 -0.2960957 -0.08437174 0.8316289 -0.5488851 -0.9946823 0.08235615 0.0618447 0.02300947 0.8260982 -0.5630564 0.98378 0.007741272 0.1792123 -0.9838579 0.00762701 0.1787889 -0.01460516 0.834905 -0.5502004 0.3480032 0.7898429 -0.5050168 0.5914908 0.7033405 -0.3942725 0.9942529 0.07955944 0.07163608 -0.3584219 0.8041205 -0.4742616 -0.6563729 0.6737679 -0.3394283 -0.6910516 0.6382443 -0.3392521 -0.9953839 0.05337589 0.07976257 0.9790291 0.1965466 -0.05358731 0.9928588 0.01427733 0.1184379 0.9947376 0.05665636 0.08536535 0.6973417 0.6267327 -0.3477364 -0.9885764 0.1427699 -0.04830569 -0.9934126 0.02829009 0.1110457 -0.9975358 0.02212637 0.06657975 -0.9974315 0.03936743 0.05983757 0.680207 0.6501989 -0.3384672 0.6556733 0.6718097 -0.3446219 0.8239676 0.5109758 -0.2449104 0.2413133 0.8218809 -0.5160229 -0.6708815 0.6561557 -0.3455109 -0.772116 0.5583015 -0.3035398 -0.2504565 0.8348885 -0.4901357 0.9270914 0.3421871 -0.1530019 -0.9574242 0.2480186 -0.1477358 0.4915184 0.755151 -0.4337702 -0.8858048 0.3997709 -0.2356548 0.1480195 0.8418695 -0.5189856 0.9894815 0.1391989 -0.03937244 -0.5685123 0.7244855 -0.3897621 -0.5899938 0.7052417 -0.3931178 -0.6234271 0.6897545 -0.3682084 -0.1614302 0.8523853 -0.4973727 -0.9934156 0.1094876 -0.0337336 0.07770931 0.8528689 -0.5163102 -0.09317535 0.8617204 -0.4987548 0.0338332 0.8602041 -0.5088264 0.5902395 0.7078074 -0.3881059 0.6050518 0.6942363 -0.3898055 0.9980452 0.01642316 0.06030201 0.9939549 0.1070293 -0.0244624 0.3846185 0.8009431 -0.4588668 -0.04212146 0.8662093 -0.4979029 -0.003305852 0.865732 -0.5004969 -0.9972793 0.07072234 -0.02079695 0.9592967 0.2449654 -0.1405064 0.9981325 0.01855921 0.05819833 0.9974892 0.07021415 -0.009232938 -0.5090265 0.742554 -0.4353226 -0.5312263 0.7369697 -0.4179404 -0.4903879 0.7440869 -0.4537119 -0.9745262 0.177827 -0.1366615 -0.999781 0.02063322 -0.003486812 0.9999996 9.65207e-4 7.94121e-6 -0.9999999 5.40847e-4 2.76623e-4 0.9997252 0.02344125 -3.26866e-4 0.8889344 0.3964468 -0.229403 0.7782472 0.5566696 -0.2906032 0.2694328 0.8338904 -0.4816979 -0.8402341 0.4484969 -0.3047252 -0.9283177 0.2930355 -0.2288156 0.5784345 0.7257459 -0.372433 0.6043692 0.6935936 -0.3920025 0.5493286 0.7316907 -0.4035677 0.5022329 0.752296 -0.4263952 -0.3732868 0.8094257 -0.4533067 -0.38976 0.7972405 -0.4609717 -0.3931493 0.7982215 -0.4563727 0.976064 0.1751716 -0.1288948 -0.600399 0.6960991 -0.3936588 -0.983106 0.1332585 -0.1254781 0.1769326 0.855097 -0.487344 -0.2493336 0.8409982 -0.4801615 -0.2908015 0.830406 -0.4752476 -0.2907924 0.8304083 -0.4752493 -0.3392897 0.819384 -0.4620525 0.7246241 0.5923933 -0.3521222 0.9843947 0.1314893 -0.1169515 0.09608501 0.8681164 -0.4869719 -0.6620642 0.6317279 -0.4032256 -0.7208166 0.5953695 -0.3549065 -0.9900081 0.08345311 -0.1136646 0.9307793 0.2903603 -0.2221277 0.3672151 0.7969265 -0.4796471 0.4609395 0.7707916 -0.4397898 0.4295057 0.7785682 -0.4575549 0.4184212 0.7858567 -0.4553605 0.4894664 0.7692051 -0.4107873 0.9979426 0.02388197 -0.05949991 0.9908663 0.08488887 -0.104775 -0.9977705 0.0228976 -0.06268793 0.9919418 -0.002028048 -0.1266787 -0.9918703 -0.002045094 -0.1272367 -0.1383842 0.8617028 -0.4881783 -0.1466798 0.8567054 -0.494511 -0.1722275 0.8515877 -0.4951123 -0.208806 0.8501254 -0.4834117 -0.01120817 0.8759433 -0.4822838 0.04794657 0.8734311 -0.4845817 -0.9521744 0.2103271 -0.2216453 -0.9977115 0.02396166 -0.06322574 0.8438268 0.4455265 -0.299103 -0.5147578 0.7232727 -0.4603271 -0.5343971 0.7284551 -0.4286875 -0.1082989 0.8662705 -0.4876953 -0.1397521 0.8635628 -0.4844883 -0.08097577 0.868799 -0.4884991 -0.04577106 0.8703303 -0.4903367 -0.7895892 0.491269 -0.3677008 0.5374353 0.7273007 -0.4268454 -0.01814281 0.8739188 -0.4857333 -0.02077156 0.8724001 -0.4883511 -0.8908848 0.3352168 -0.3065194 -0.3777979 0.8363229 -0.3972818 -0.5147514 0.7232571 -0.4603588 0.3095551 0.8263744 -0.4704053 0.3374051 0.8081459 -0.4827609 0.9542633 0.2083721 -0.2143889 -0.9645929 0.153357 -0.2145749 0.6655973 0.6301428 -0.3998754 -0.5995634 0.6647987 -0.4456081 -0.4655691 0.7580237 -0.4567773 0.9664871 0.152366 -0.2066092 0.1824616 0.8499078 -0.4943323 0.228878 0.8450434 -0.4832354 0.305935 0.8381272 -0.4516044 0.2745906 0.8383806 -0.4708694 0.2344523 0.8418796 -0.4860771 0.4715054 0.7555081 -0.4548518 -0.9734681 0.09468972 -0.2083119 -0.9977233 0.02439194 -0.06287592 0.9979194 0.02382802 -0.05990833 0.893927 0.3328264 -0.3002018 0.9924284 0.02493953 -0.1202657 0.9438805 -0.005125761 -0.3302477 0.9711216 0.02577793 -0.2371883 0.9836309 0.02300268 -0.1787209 -0.9918817 0.02514874 -0.1246532 -0.9824591 0.02186727 -0.1851918 -0.9439659 -0.004668831 -0.3300099 0.7932028 0.4890221 -0.3628866 0.9750882 0.09558391 -0.2001671 -0.9211861 0.240505 -0.3058981 -0.7344295 0.5288647 -0.4253418 0.1487988 0.8579217 -0.4917614 0.1428567 0.8624352 -0.4855898 0.1067469 0.866342 -0.4879108 0.07228064 0.8689273 -0.4896335 -0.8464559 0.3729448 -0.3800326 -0.4012721 0.780515 -0.4793508 0.602829 0.6636582 -0.4428942 0.4046819 0.7789637 -0.4790076 -0.5342596 0.6942213 -0.4823108 0.0494703 0.8732721 -0.4847151 0.03254836 0.8750878 -0.4828687 0.002520561 0.8824525 -0.4703949 -0.01567453 0.8852259 -0.4648972 0.07458436 0.8721233 -0.4835681 -0.3308234 0.8023964 -0.4967052 0.9238461 0.2390142 -0.2989659 -0.9373421 0.1701696 -0.3040266 0.3339169 0.8007706 -0.4972587 0.7377626 0.527358 -0.421426 0.9398162 0.1696374 -0.2965954 -0.6746987 0.5626871 -0.4776662 0.8497088 0.3711372 -0.3745024 -0.2618952 0.8213253 -0.5067895 -0.9476674 0.1014226 -0.302721 -0.8822568 0.2670494 -0.3876952 0.5373218 0.6933604 -0.4801423 0.949971 0.1018603 -0.295262 -0.4666064 0.7202879 -0.5132873 0.2663177 0.819226 -0.5078815 -0.796494 0.4059828 -0.4480797 -0.9699985 0.0246033 -0.241863 -0.1994407 0.8356713 -0.5117393 0.2043297 0.8326872 -0.5146663 0.9550841 0.02442407 -0.2953268 0.1434089 0.8435884 -0.5174868 0.8852219 0.2660533 -0.381573 -0.953374 0.02450311 -0.3007949 -0.1433802 0.8451405 -0.5149561 -0.9016001 0.1834983 -0.3917216 -0.09114503 0.8520922 -0.5153947 0.4695256 0.719652 -0.5115143 0.6777981 0.5616243 -0.4745187 -0.396408 0.7432013 -0.5389922 0.09361088 0.8518404 -0.5153687 -0.6106542 0.5935028 -0.5242671 -0.04439741 0.8571755 -0.5131073 0.04727381 0.8564339 -0.5140877 -5.3809e-4 0.8706299 -0.4919384 0.9044711 0.1832427 -0.385168 0.7995436 0.4048843 -0.44362 -0.8372118 0.2894932 -0.4639723 -0.9127392 0.104932 -0.3948374 -0.7413827 0.4357296 -0.5103837 0.9354034 0.02653306 -0.3525856 0.9155604 0.1050504 -0.3882185 0.9550856 0.02442204 -0.2953221 -0.9533737 0.02450454 -0.3007958 -0.933292 0.02640855 -0.3581463 0.3990873 0.7427529 -0.5376313 -0.3254894 0.7627794 -0.5587704 0.6137263 0.5926846 -0.5215986 -0.5421851 0.6214503 -0.5655395 0.8344367 -0.004844367 -0.5510827 0.8867982 0.02704888 -0.4613646 0.9128093 0.02431541 -0.4076619 -0.910335 0.02399092 -0.4131767 -0.884036 0.02690523 -0.4666439 -0.8344607 -0.004812836 -0.5510466 0.8401098 0.2890883 -0.4589592 -0.8591688 0.193282 -0.4737839 0.3278356 0.7624609 -0.5578326 -0.2563214 0.7789629 -0.5722903 0.7442409 0.4351297 -0.5067226 -0.6817525 0.4656651 -0.5642425 -0.7866931 0.3089712 -0.534463 0.8621813 0.1934298 -0.4682185 0.258337 0.7787375 -0.5716904 -0.1901695 0.7919184 -0.5802593 -0.8701179 0.1053739 -0.4814469 0.5451239 0.6209297 -0.5632818 0.8732761 0.1051654 -0.4757407 -0.4691885 0.646597 -0.6014769 0.1919477 0.7917537 -0.5798985 -0.1285363 0.8017156 -0.5837215 0.1301048 0.8015962 -0.5835377 -0.06760245 0.809368 -0.5833982 0.7895329 0.3091223 -0.5301711 8.78957e-5 0.8709563 -0.4913607 1.12168e-4 0.8527938 -0.5222478 0.0704655 0.809252 -0.5832204 -0.8107178 0.2000513 -0.5501965 0.6832917 0.463059 -0.5645254 -0.6057071 0.5066174 -0.6135616 0.4718243 0.6463061 -0.5997252 -0.3935223 0.6687614 -0.630792 -0.7330988 0.3214866 -0.5993434 0.8138802 0.2007398 -0.5452547 0.8577194 0.02689737 -0.513414 9.73011e-5 0.8399724 -0.5426291 -0.8217046 0.1041471 -0.560317 -0.8546209 0.02690106 -0.5185551 0.8574049 0.02810668 -0.5138744 0.8243016 0.1015931 -0.5569614 -0.8543023 0.02804309 -0.5190196 0.395912 0.668573 -0.629495 -0.3175305 0.6876463 -0.6529295 0.6154974 0.4887947 -0.6182578 -0.5318645 0.5307765 -0.6598458 0.7319721 0.3271499 -0.5976536 -0.7539218 0.2043444 -0.624376 0.3234936 0.6909264 -0.6465081 -0.2423974 0.7031973 -0.6683989 -0.6466581 0.4140473 -0.6406232 0.7573522 0.2053867 -0.6198662 -0.7632632 0.1013354 -0.6380913 -0.8230029 0.02614903 -0.567435 0.8252851 0.02831488 -0.564006 0.6748686 -0.004917442 -0.7379216 0.7904718 0.02133429 -0.6121268 -0.7859948 0.01911967 -0.6179375 -0.6742979 -0.003823935 -0.7384495 0.2370393 0.7201708 -0.6520478 -0.1687986 0.7146149 -0.6788465 0.5441161 0.5155327 -0.6619395 0.7681657 0.09839397 -0.6326454 -0.4535689 0.5527319 -0.6991156 0.1669978 0.7312486 -0.6613526 -0.09700882 0.7301426 -0.6763735 0.6659415 0.3429665 -0.6624921 1.71246e-4 0.7596845 -0.6502919 1.57858e-4 0.8147264 -0.5798456 1.00332e-4 0.8398784 -0.5427747 0.09308636 0.7383531 -0.6679593 -0.6683452 0.3229425 -0.6700916 -0.6884811 0.2063053 -0.6952927 -0.5684922 0.434544 -0.6985615 0.4549005 0.554048 -0.6972061 -0.3724456 0.5720586 -0.7307758 0.6916343 0.2074802 -0.691805 -0.6959629 0.09656482 -0.7115554 -0.5957453 0.3351321 -0.7299138 0.7536594 0.01881909 -0.6569957 0.6994358 0.09526658 -0.7083176 -0.7497902 0.01881498 -0.6614081 0.3816305 0.5666742 -0.7302319 0.2781153 0.644697 -0.7120518 -0.2898965 0.5883395 -0.7548621 0.4978334 0.45262 -0.7397953 0.5989835 0.3504751 -0.7199903 -0.4892901 0.4532296 -0.7451028 0.7105808 0.01694023 -0.7034116 -0.6168996 0.2071618 -0.7592886 -0.7063704 0.01676255 -0.707644 -0.2117247 0.5995384 -0.7718333 -0.5166696 0.3470947 -0.7826735 0.6195881 0.2084354 -0.7567466 -0.6232132 0.09096318 -0.7767438 2.22456e-4 0.725965 -0.6877317 -0.4054339 0.4701043 -0.7839806 0.191724 0.6585509 -0.7277038 0.7105712 0.01694148 -0.7034213 0.6682405 0.01726561 -0.743745 0.6263798 0.08977955 -0.7743307 -0.7063652 0.01676279 -0.7076491 -0.6636789 0.0170449 -0.7478234 0.519219 0.3475427 -0.7807855 -0.5385749 0.2082926 -0.816426 -0.002896964 0.7242387 -0.6895433 -0.002713859 0.6911051 -0.7227492 0.1124661 0.6705266 -0.7333114 -0.1386747 0.6796472 -0.7203118 0.4738507 -0.005295097 -0.8805893 0.5749215 0.0139352 -0.8180899 0.6224442 0.01327306 -0.7825517 -0.6166631 0.0109651 -0.7871508 -0.4745205 -0.004232048 -0.8802344 0.2966039 0.5706421 -0.7657636 0.4078407 0.4701688 -0.7826923 -0.4311603 0.3580788 -0.828179 -0.3185582 0.4845305 -0.8147091 0.5411772 0.209631 -0.8143599 -0.5439789 0.08459883 -0.8348233 0.2129285 0.5837737 -0.7834985 0.5457443 0.08189898 -0.8339399 0.4378139 0.3631086 -0.8224787 -0.5714197 0.01164734 -0.8205754 -0.4563068 0.2073393 -0.8653292 0.1324292 0.5935786 -0.7938054 0.05412369 0.7587444 -0.649136 -0.05898094 0.6016399 -0.7965869 -0.1317864 0.5939894 -0.7936051 -0.05319315 0.7565981 -0.6517131 0.3205515 0.4847064 -0.8138222 -0.2309103 0.4963806 -0.8368314 1.95278e-4 0.641784 -0.7668855 -0.3464552 0.3830482 -0.8562962 0.06064689 0.6017118 -0.7964075 1.09304e-4 0.6418149 -0.7668597 2.93285e-5 0.64096 -0.7675744 0.5223075 0.01296281 -0.8526588 0.2324286 0.4966074 -0.8362764 0.460311 0.2055995 -0.8636218 -0.1451356 0.5056272 -0.8504568 -0.519118 0.0112282 -0.8546289 -0.4578812 0.07848012 -0.8855427 0.3617407 0.296194 -0.8839757 0.3400319 0.3916425 -0.8549821 -0.2473711 0.4004159 -0.8823121 0.4616262 0.07645905 -0.8837733 0.5237963 0.01750749 -0.8516638 -0.5176582 0.01468735 -0.8554615 0.1463975 0.50584 -0.8501139 -0.06611663 0.5129854 -0.8558474 8.71659e-5 0.6409372 -0.7675934 1.03178e-4 0.5880445 -0.8088287 0.06766802 0.5131251 -0.8556423 2.04317e-4 0.5288209 -0.8487334 0.2488635 0.4007114 -0.881758 -0.1572396 0.4081502 -0.8992715 -0.3753581 0.3045175 -0.8754287 -0.2597828 0.3018313 -0.9172846 0.3649303 0.1886073 -0.9117309 -0.3630314 0.1879898 -0.9126161 -0.3680924 0.0753656 -0.9267299 -0.4679341 0.01394098 -0.8836534 0.4733158 0.01424801 -0.8807776 0.4173023 0.01044803 -0.9087077 0.243785 -0.004481077 -0.969819 0.3638401 0.009464681 -0.9314134 0.4173083 0.01058018 -0.9087035 -0.4120815 0.01027905 -0.911089 -0.4118569 0.009658455 -0.9111974 -0.3580175 0.008995354 -0.9336716 -0.2437569 -0.004432618 -0.9698262 0.1584658 0.408411 -0.8989378 -0.07350701 0.4122104 -0.9081186 0.3700031 0.07490426 -0.926006 0.2612397 0.3021636 -0.9167612 -0.2687377 0.1895026 -0.9443882 2.04995e-4 0.5288633 -0.848707 1.29037e-4 0.4643785 -0.8856368 0.07492089 0.4124069 -0.9079139 -0.1666524 0.3072625 -0.9369188 0.270135 0.189876 -0.9439143 -0.2742523 0.07483625 -0.9587416 2.43943e-4 0.4018791 -0.9156927 0.1678512 0.3075489 -0.9366108 -0.07760971 0.3084121 -0.9480816 -0.1736296 0.1918313 -0.965947 0.2757213 0.07452207 -0.9583445 2.44565e-4 0.4018055 -0.9157251 1.56988e-4 0.3282929 -0.944576 0.07873302 0.3085459 -0.9479455 0.3069811 0.006540656 -0.9516931 -0.30102 0.006251633 -0.9535973 0.1748321 0.19211 -0.9656747 -0.1781175 0.07474398 -0.9811664 -0.08231073 0.1973201 -0.9768776 2.19459e-4 0.2611744 -0.9652916 3.16247e-4 0.2610693 -0.9653201 0.08320879 0.1975856 -0.9767478 2.93575e-4 0.2634998 -0.9646595 0.1947432 0.01179742 -0.9807834 0.1796629 0.07497334 -0.9808672 0.2462491 0.01249992 -0.9691261 -0.301031 0.00624752 -0.9535939 -0.2437424 0.007011532 -0.9698147 -0.08376663 0.07045865 -0.9939913 0.1909303 0.004368185 -0.9815939 -3.37381e-5 -0.003579795 -0.9999937 0.07004261 0.005961179 -0.9975262 0.1304163 0.003662347 -0.9914526 -0.1845505 0.003936827 -0.9828152 -0.06361597 5.86454e-4 -0.9979743 -0.1216533 0.00292623 -0.9925683 1.82141e-4 0.2635784 -0.9646381 1.34185e-4 0.189108 -0.9819564 0.08086484 0.06659245 -0.994498 8.82171e-5 0.09869349 -0.9951179 0.004089891 0.02984547 -0.9995462 0.001284956 0.01951915 -0.9998087 -0.02588927 8.33958e-4 -0.9996646 0.04603815 0.01162481 -0.9988721 0 0 1 -1 -1.27158e-6 0 0 -1 -1.21274e-5 0 -1 -3.49489e-6 0 -1 -4.09595e-6 0 -1 4.45701e-6 0 -1 3.93001e-6 0 -1 -1.04391e-6 0 -1 4.45701e-6 0 -1 -3.05926e-6 0 -1 3.93002e-6 0 -1 -5.49368e-6 0 -1 -8.30945e-6 -0.4154165 0 -0.9096314 -0.4154168 0 -0.9096312 -0.1423148 0 -0.9898215 -0.142315 0 -0.9898214 0.142315 0 -0.9898214 0.1423148 0 -0.9898215 0.4154168 0 -0.9096312 0.4154168 0 -0.9096313 -0.6548624 0 -0.7557482 -0.6548624 0 -0.7557482 0.6548623 0 -0.7557483 0.6548625 0 -0.7557481 -0.8412534 0 -0.5406411 -0.8412532 0 -0.5406414 0.841253 0 -0.5406417 0.75575 0 -0.6548603 -0.9594928 0 -0.2817336 -0.9594927 0 -0.2817338 0.9096313 0 -0.4154167 0.9594928 0 -0.2817336 0.9594928 0 -0.2817333 -1 0 0 -1 0 0 1 0 0 1 0 0 -0.959493 0 0.2817327 -0.9594929 0 0.281733 0.9594929 0 0.2817329 0.9594931 0 0.2817326 -0.8412541 0 0.5406401 -0.8412538 0 0.5406405 0.8412535 0 0.5406408 0.8412538 0 0.5406404 -0.6548609 0 0.7557495 -0.654861 0 0.7557495 0.6548607 0 0.7557497 0.6548609 0 0.7557496 -0.4154143 0 0.9096324 -0.415415 0 0.9096321 0.4154151 0 0.909632 0.4154148 0 0.9096321 -0.1423147 0 0.9898215 -0.142315 0 0.9898214 0.142315 0 0.9898215 0.1423147 0 0.9898215 0 -1 -2.24039e-6 0 -1 -1.2119e-6 0 -1 -4.21082e-6 0 -1 5.92274e-7 0 -1 5.34013e-6 0 -1 -2.45531e-6 0 -1 1.10938e-6 0 -1 4.99066e-6 0 -1 8.58487e-6 0 -1 1.31522e-6 0 -1 7.12133e-6 0 -1 -2.9714e-6 0 -1 6.41238e-7 0 -1 1.733e-6 0 -1 -2.206e-6 0 -1 2.52021e-6 0 -1 -2.40906e-6 0 -1 2.59385e-6 0 -1 1.12019e-6 0 -1 -1.17334e-6 0 1 9.85799e-5 0 1 1.73224e-5 0 1 1.75692e-5 0 1 -1.35864e-4 0 1 -1.83515e-5 0 1 9.8581e-5 0 1 -1.98219e-5 0 1 -9.8589e-5 0 1 2.90357e-5 0 1 1.81619e-5 0 1 -2.46457e-5 0 1 -4.29243e-6 0 1 2.46445e-5 0 1 1.06288e-5 0 1 -2.66549e-5 0 1 9.85792e-5 0 1 1.98229e-5 0 1 -9.85865e-5 0 1 1.83517e-5 0 1 1.35859e-4 0 1 -1.7569e-5 0 1 -9.85777e-5 -0.2177143 0 0.9760126 0.005546271 0 0.9999846 0.005546391 0 0.9999847 0.2393145 0 0.9709422 0.2393152 0 0.970942 -0.2177139 0 0.9760127 -0.4249827 0 0.9052015 -0.4249821 0 0.9052018 0.4647236 0 0.8854559 0.464724 0 0.8854556 -0.6118661 0 0.7909614 -0.6118653 0 0.790962 0.6631224 0 0.748511 0.6631228 0 0.7485106 -0.769393 0 0.6387758 -0.7693924 0 0.6387765 0.8229828 0 0.5680663 0.8229836 0 0.5680653 -0.8900074 0 0.4559462 -0.8900073 0 0.4559466 0.9350162 0 0.3546052 0.9350164 0 0.3546044 -0.9679248 0 0.2512405 -0.9679247 0 0.2512404 0.9927089 0 0.1205368 0.9927089 0 0.1205366 -0.9896176 0 0.1437261 0.9927088 0 -0.1205375 0.9927089 0 -0.1205374 -0.9679247 0 -0.2512409 -0.9896175 0 -0.1437267 -0.9896174 0 -0.1437267 -0.9679247 0 -0.2512408 0.9350157 0 -0.3546063 0.935016 0 -0.3546055 -0.8900085 0 -0.4559442 -0.8900083 0 -0.4559446 0.8229833 0 -0.5680656 0.8229839 0 -0.5680646 -0.7693932 0 -0.6387755 -0.7693925 0 -0.6387764 0.6631229 0 -0.7485105 0.6631233 0 -0.7485102 -0.6118654 0 -0.7909619 -0.6118646 0 -0.7909626 0.4647228 0 -0.8854562 0.4647234 0 -0.885456 -0.4249839 0 -0.9052009 -0.4249833 0 -0.9052012 0.2393158 0 -0.9709418 0.2393165 0 -0.9709417 -0.2177148 0 -0.9760124 -0.2177144 0 -0.9760126 0.005546987 0 -0.9999846 0.005547046 0 -0.9999846 0 -1 -1.73224e-5 0 -1 1.07497e-4 0 -1 1.73355e-5 0 -1 -2.1299e-4 0 -1 1.06493e-4 0 -1 -1.73759e-5 0 -1 2.08965e-4 0 -1 1.04484e-4 0 -1 1.74427e-5 0 -1 5.08072e-5 0 -1 -8.82979e-6 0 -1 -2.34714e-5 0 -1 4.89151e-6 0 -1 -4.89151e-6 0 -1 1.11324e-6 0 -1 2.3472e-5 0 -1 6.62222e-6 0 -1 -8.72125e-6 0 -1 -2.08965e-4 0 -1 -1.04484e-4 0 -1 1.73757e-5 0 -1 2.12973e-4 0 -1 -1.06484e-4 0 -1 -1.73357e-5 0 -1 -1.07506e-4 0 -1 1.73224e-5</float_array>
          <technique_common>
            <accessor source="#mesh-ac59ab76-f433-4129-916a-afcfaac69657-mesh-normals-array" count="2114" stride="3">
              <param name="X" type="float"/>
              <param name="Y" type="float"/>
              <param name="Z" type="float"/>
            </accessor>
          </technique_common>
        </source>
        <vertices id="mesh-ac59ab76-f433-4129-916a-afcfaac69657-mesh-vertices">
          <input semantic="POSITION" source="#mesh-ac59ab76-f433-4129-916a-afcfaac69657-mesh-positions"/>
        </vertices>
        <triangles material="Material-外壳-material" count="3661">
          <input semantic="VERTEX" source="#mesh-ac59ab76-f433-4129-916a-afcfaac69657-mesh-vertices" offset="0"/>
          <input semantic="NORMAL" source="#mesh-ac59ab76-f433-4129-916a-afcfaac69657-mesh-normals" offset="1"/>
          <p>0 0 1 1 2 2 3 3 4 4 2 2 4 4 0 0 2 2 0 0 5 5 1 1 5 5 6 6 1 1 7 7 8 8 3 3 8 8 4 4 3 3 5 5 9 9 6 6 9 9 10 10 6 6 11 11 12 12 7 7 12 12 8 8 7 7 9 9 13 13 10 10 13 13 14 14 10 10 15 15 16 15 11 11 16 15 12 12 11 11 13 13 17 16 14 14 17 16 18 17 14 14 19 18 20 19 15 15 20 19 16 15 15 15 17 16 21 20 18 17 21 20 22 21 18 17 23 22 24 23 19 18 24 23 20 19 19 18 21 20 25 24 22 21 25 24 26 25 22 21 27 26 28 27 23 22 28 27 24 23 23 22 25 24 29 28 26 25 29 28 30 29 26 25 31 30 32 31 27 26 32 31 28 27 27 26 29 28 33 32 30 29 33 32 34 33 30 29 35 34 36 34 31 30 36 34 32 31 31 30 33 32 37 35 38 36 37 35 39 37 38 36 40 38 41 39 35 34 41 39 36 34 35 34 37 35 42 40 39 37 42 40 43 41 39 37 44 42 45 43 40 38 45 43 41 39 40 38 42 40 46 44 43 41 46 44 47 45 43 41 47 45 48 46 44 42 48 46 45 43 44 42 46 44 48 46 47 45 49 47 50 47 51 47 52 47 53 47 51 47 54 47 50 47 49 47 52 47 55 47 53 47 56 47 57 47 58 47 59 47 56 47 58 47 57 48 60 48 54 48 60 49 50 49 54 49 61 47 59 47 58 47 52 47 62 47 55 47 63 50 59 50 61 50 52 51 64 51 62 51 65 47 66 47 67 47 68 47 65 47 67 47 69 47 59 47 63 47 66 47 69 47 63 47 52 52 70 52 64 52 71 47 65 47 68 47 72 47 73 47 70 47 73 47 74 47 70 47 74 47 75 47 70 47 52 47 72 47 70 47 76 53 77 54 78 55 79 56 77 54 76 53 80 57 77 54 79 56 81 58 82 59 83 60 84 61 81 58 83 60 85 62 84 61 83 60 81 58 86 63 82 59 87 64 88 65 86 63 81 66 87 66 86 66 87 64 89 67 88 65 90 68 84 61 85 62 91 69 90 68 85 62 92 70 93 71 94 72 95 73 96 74 92 70 96 74 93 71 92 70 97 75 98 76 95 73 98 76 96 74 95 73 99 77 100 78 97 75 100 78 101 79 97 75 101 79 98 76 97 75 91 69 102 80 99 77 102 80 103 81 99 77 103 81 100 78 99 77 104 82 105 83 106 84 107 85 104 82 106 84 108 86 109 87 106 84 110 88 109 87 108 86 104 82 111 89 105 83 112 90 109 87 110 88 113 91 114 91 115 91 116 92 113 93 115 94 117 95 118 95 115 95 119 96 118 96 117 96 120 97 118 97 119 97 111 89 104 82 121 98 104 82 118 99 120 100 122 101 123 101 124 101 122 102 125 102 123 102 122 103 126 103 125 103 126 104 113 104 125 104 113 105 126 105 114 105 127 106 128 106 129 106 128 106 130 106 129 106 131 107 132 107 133 107 131 107 134 107 132 107 135 47 136 47 137 47 136 108 138 108 137 108 138 47 139 47 137 47 140 109 141 109 142 109 143 110 141 110 140 110 144 111 145 111 146 111 147 112 148 112 149 112 150 113 151 113 152 113 153 114 154 114 155 114 156 115 154 115 153 115 157 116 154 116 156 116 158 117 159 118 160 119 158 117 161 120 159 118 158 117 162 121 161 120 163 122 164 123 165 124 163 122 166 125 164 123 163 122 167 126 166 125 163 122 168 127 167 126 163 122 169 128 168 127 170 129 171 130 172 131 170 129 173 132 171 130 170 129 174 133 173 132 175 134 176 134 177 134 175 135 178 135 176 135 175 136 179 136 178 136 180 137 181 138 182 139 183 140 180 137 182 139 184 141 180 137 183 140 185 142 186 142 187 142 188 143 186 143 185 143 189 144 186 144 188 144 190 145 191 145 192 145 193 146 191 146 190 146 194 147 191 147 193 147 195 148 191 148 194 148 196 149 197 149 198 149 199 150 197 150 196 150 200 151 201 151 202 151 201 152 203 152 202 152 201 153 204 153 203 153 205 154 206 155 207 156 208 157 205 154 209 158 205 154 210 159 209 158 205 154 208 157 206 155 211 160 212 160 213 160 214 161 215 161 216 161 217 162 215 162 214 162 218 163 219 163 220 163 221 164 222 164 223 164 224 165 225 166 226 167 227 168 228 168 226 167 228 168 224 165 226 167 224 165 229 169 225 166 229 169 230 170 225 166 231 171 232 172 227 168 232 172 228 168 227 168 229 169 233 170 230 170 233 170 234 173 230 170 235 174 236 175 231 171 236 175 232 172 231 171 233 170 237 176 234 173 237 176 238 177 234 173 239 178 240 179 235 174 240 179 236 175 235 174 237 176 241 180 238 177 241 180 242 181 238 177 243 182 244 183 239 178 244 183 240 179 239 178 241 180 245 184 242 181 245 184 246 185 242 181 247 186 248 187 243 182 248 187 244 183 243 182 245 184 249 185 246 185 249 185 250 188 246 185 251 189 252 190 247 186 252 190 248 187 247 186 249 185 253 191 250 188 253 191 254 192 250 188 255 193 256 194 251 189 256 194 252 190 251 189 253 191 257 195 254 192 257 195 258 196 254 192 259 197 260 198 255 193 260 198 256 194 255 193 257 195 261 199 258 196 261 199 262 200 258 196 263 201 264 202 259 197 264 202 260 198 259 197 261 199 265 203 262 200 265 203 266 204 262 200 266 204 267 204 263 201 267 204 264 202 263 201 265 203 267 204 266 204 268 47 269 47 270 47 269 205 271 205 270 205 272 206 269 206 268 206 273 207 272 207 268 207 274 208 273 208 268 208 269 209 275 209 271 209 275 210 276 210 271 210 277 211 273 211 278 211 279 47 277 47 278 47 280 47 281 47 276 47 275 47 282 47 276 47 282 47 280 47 276 47 281 47 283 47 276 47 283 212 284 212 276 212 284 213 285 213 276 213 286 47 277 47 279 47 287 47 277 47 286 47 288 214 277 214 287 214 289 47 277 47 288 47 290 47 289 47 288 47 291 215 292 215 293 215 294 110 295 110 296 110 297 110 294 110 296 110 298 107 299 107 300 107 301 107 298 107 300 107 302 47 303 47 304 47 305 216 302 216 304 216 305 47 306 47 302 47 307 217 308 217 309 217 307 218 310 218 308 218 311 219 312 219 313 219 312 220 314 220 313 220 317 221 346 222 315 223 346 222 316 224 315 223 346 222 347 225 316 224 347 225 318 226 316 224 321 227 348 228 317 221 348 228 346 222 317 221 347 225 319 229 318 226 320 230 348 228 321 227 349 231 324 232 319 229 347 225 349 231 319 229 325 233 350 234 320 230 350 234 348 228 320 230 327 235 350 234 325 233 349 231 323 236 324 232 349 231 322 237 323 236 349 231 328 238 322 237 326 239 350 234 327 235 351 240 350 234 326 239 334 241 351 240 326 239 333 242 351 240 334 241 352 243 329 244 328 238 349 231 352 243 328 238 352 243 330 245 329 244 332 246 351 240 333 242 331 247 353 248 332 246 353 248 351 240 332 246 352 243 340 249 330 245 341 250 354 251 331 247 354 251 353 248 331 247 352 243 355 252 340 249 355 252 339 253 340 249 355 252 338 254 339 253 356 255 357 256 338 254 355 252 356 255 338 254 343 257 354 251 341 250 342 258 354 251 343 257 356 255 358 259 357 256 362 260 354 251 342 258 356 255 359 261 358 259 361 262 368 263 362 260 368 263 354 251 362 260 356 255 335 264 359 261 360 265 368 263 361 262 345 266 368 263 360 265 374 267 336 268 335 264 356 255 374 267 335 264 355 252 374 267 356 255 368 263 375 269 354 251 375 269 353 248 354 251 374 267 337 270 336 268 376 271 368 263 345 266 344 272 376 271 345 266 374 267 367 273 337 270 377 274 363 275 367 273 374 267 377 274 367 273 373 276 376 271 344 272 372 277 378 278 373 276 378 278 376 271 373 276 348 228 379 279 346 222 379 279 347 225 346 222 380 280 349 231 347 225 381 281 380 280 347 225 382 282 381 281 347 225 379 279 382 282 347 225 383 283 384 284 348 228 384 284 379 279 348 228 350 234 385 285 348 228 385 285 386 286 348 228 386 286 383 283 348 228 377 274 364 287 363 275 371 288 378 278 372 277 377 274 390 289 364 287 390 289 365 290 364 287 439 291 440 292 349 231 440 292 441 293 349 231 441 293 352 243 349 231 380 280 439 291 349 231 442 294 443 295 350 234 443 295 385 285 350 234 351 240 444 296 350 234 444 296 445 297 350 234 445 297 442 294 350 234 457 298 377 274 374 267 355 252 457 298 374 267 458 299 375 269 368 263 376 271 458 299 368 263 390 289 366 300 365 290 370 301 461 302 371 288 461 302 378 278 371 288 369 303 461 302 370 301 377 274 468 304 390 289 468 304 366 300 390 289 461 302 469 305 378 278 469 305 376 271 378 278 384 284 382 282 379 279 468 304 474 306 366 300 475 307 476 308 352 243 476 308 477 309 352 243 441 293 478 310 352 243 478 310 475 307 352 243 477 309 355 252 352 243 479 311 480 312 351 240 353 248 479 311 351 240 480 312 481 313 351 240 481 313 444 296 351 240 468 304 462 314 474 306 482 315 461 302 369 303 483 316 461 302 482 315 468 304 463 317 462 314 473 318 461 302 483 316 468 304 464 319 463 317 484 320 465 321 464 319 485 322 484 320 464 319 468 304 485 322 464 319 486 323 461 302 473 318 472 324 486 323 473 318 484 320 466 325 465 321 471 326 486 323 472 324 487 327 468 304 377 274 488 328 487 327 377 274 457 298 488 328 377 274 469 305 489 329 376 271 489 329 458 299 376 271 470 330 486 323 471 326 484 320 467 331 466 325 484 320 406 332 467 331 460 333 486 323 470 330 484 320 407 334 406 332 487 327 485 322 468 304 486 323 490 335 461 302 490 335 491 336 461 302 491 336 469 305 461 302 459 337 486 323 460 333 492 338 404 339 407 334 484 320 492 338 407 334 493 340 486 323 459 337 415 341 493 340 459 337 477 309 494 342 355 252 494 342 495 343 355 252 495 343 496 344 355 252 496 344 457 298 355 252 497 345 479 311 353 248 375 269 498 346 353 248 498 346 497 345 353 248 492 338 405 347 404 339 492 338 389 348 405 347 416 349 493 340 415 341 414 350 493 340 416 349 499 351 387 352 389 348 492 338 499 351 389 348 413 353 493 340 414 350 417 354 500 355 413 353 500 355 501 356 413 353 501 356 493 340 413 353 499 351 388 357 387 352 502 358 434 359 388 357 503 360 502 358 388 357 499 351 503 360 388 357 502 358 391 361 434 359 456 362 504 363 417 354 504 363 500 355 417 354 484 320 499 351 492 338 501 356 505 364 493 340 505 364 486 323 493 340 506 365 507 366 425 367 507 366 421 368 425 367 508 369 418 370 421 368 507 366 508 369 421 368 508 369 419 371 418 370 508 369 420 372 419 371 511 373 424 374 420 372 508 369 511 373 420 372 511 373 422 375 424 374 511 373 423 376 422 375 511 373 429 377 423 376 512 378 426 379 429 377 511 373 512 378 429 377 512 378 427 380 426 379 512 378 428 381 427 380 513 382 433 383 428 381 512 378 513 382 428 381 513 382 430 384 433 383 513 382 431 385 430 384 514 386 432 387 431 385 513 382 514 386 431 385 514 386 438 388 432 387 514 386 435 389 438 388 515 390 436 391 435 389 514 386 515 390 435 389 515 390 437 392 436 391 515 390 449 393 437 392 515 390 516 394 449 393 516 394 446 395 449 393 516 394 447 396 446 395 516 394 448 397 447 396 517 398 452 399 448 397 516 394 517 398 448 397 517 398 451 400 452 399 517 398 450 401 451 400 517 398 455 402 450 401 520 403 454 404 455 402 517 398 520 403 455 402 520 403 453 405 454 404 520 403 456 362 453 405 521 406 519 407 522 408 411 409 523 410 524 411 412 412 523 410 411 409 410 413 523 410 412 412 409 414 525 415 410 413 525 415 521 406 410 413 408 416 525 415 409 414 402 417 525 415 408 416 403 418 525 415 402 417 526 419 525 415 403 418 399 420 526 419 403 418 400 421 526 419 399 420 401 422 526 419 400 421 398 423 526 419 401 422 527 424 526 419 528 425 397 426 527 424 398 423 396 427 527 424 397 426 393 428 527 424 396 427 394 429 529 430 393 428 529 430 527 424 393 428 395 431 529 430 394 429 392 432 529 430 395 431 530 433 529 430 392 432 502 358 529 430 530 433 391 361 502 358 530 433 520 403 504 363 456 362 503 360 529 430 502 358 510 434 531 435 509 436 531 435 507 366 509 436 507 366 506 365 509 436 518 437 532 438 510 434 532 438 531 435 510 434 519 407 533 439 518 437 533 439 532 438 518 437 521 406 534 440 519 407 534 440 533 439 519 407 525 415 535 441 521 406 535 441 534 440 521 406 526 419 536 442 525 415 536 442 535 441 525 415 527 424 537 443 526 419 537 443 536 442 526 419 529 430 538 444 527 424 538 444 537 443 527 424 503 360 539 445 529 430 539 445 538 444 529 430 485 322 540 446 484 320 540 446 499 351 484 320 505 364 541 447 486 323 541 447 490 335 486 323 542 448 485 322 487 327 488 328 543 449 487 327 543 449 544 450 487 327 544 450 545 451 487 327 545 451 542 448 487 327 491 336 546 452 469 305 546 452 489 329 469 305 496 344 547 453 457 298 547 453 548 454 457 298 549 455 488 328 457 298 548 454 549 455 457 298 550 456 498 346 375 269 458 299 550 456 375 269 383 283 551 457 384 284 551 457 382 282 384 284 542 448 552 458 485 322 552 458 540 446 485 322 541 447 553 459 490 335 553 459 491 336 490 335 383 283 554 460 551 457 554 460 555 461 551 457 555 461 556 462 551 457 556 462 382 282 551 457 556 462 381 281 382 282 386 286 554 460 383 283 556 462 557 463 381 281 557 463 380 280 381 281 385 285 554 460 386 286 557 463 439 291 380 280 443 295 554 460 385 285 558 464 559 465 497 345 559 465 479 311 497 345 498 346 560 466 497 345 560 466 558 464 497 345 443 295 561 467 554 460 562 468 555 461 554 460 561 467 563 469 554 460 563 469 564 470 554 460 564 470 562 468 554 460 442 294 561 467 443 295 565 471 440 292 439 291 557 463 565 471 439 291 565 471 441 293 440 292 531 435 566 472 507 366 566 472 508 369 507 366 567 473 511 373 508 369 568 474 567 473 508 369 566 472 568 474 508 369 569 475 512 378 511 373 567 473 569 475 511 373 570 476 513 382 512 378 569 475 570 476 512 378 571 477 514 386 513 382 570 476 571 477 513 382 572 478 515 390 514 386 571 477 572 478 514 386 573 479 516 394 515 390 572 478 573 479 515 390 574 480 517 398 516 394 573 479 574 480 516 394 575 481 520 403 517 398 574 480 575 481 517 398 576 482 500 355 520 403 500 355 504 363 520 403 575 481 576 482 520 403 445 297 561 467 442 294 577 483 478 310 441 293 565 471 577 483 441 293 578 484 561 467 445 297 444 296 578 484 445 297 578 484 579 485 561 467 579 485 563 469 561 467 549 455 543 449 488 328 489 329 580 486 458 299 580 486 550 456 458 299 499 351 581 487 503 360 581 487 539 445 503 360 499 351 582 488 581 487 582 488 539 445 581 487 576 482 501 356 500 355 583 489 501 356 576 482 584 490 583 489 576 482 575 481 584 490 576 482 585 491 582 488 499 351 586 492 585 491 499 351 587 493 586 492 499 351 540 446 587 493 499 351 588 494 505 364 501 356 583 489 588 494 501 356 481 313 578 484 444 296 589 495 475 307 478 310 589 495 476 308 475 307 590 496 477 309 591 497 477 309 476 308 591 497 577 483 590 496 591 497 480 312 578 484 481 313 592 498 560 466 498 346 550 456 592 498 498 346 545 451 593 499 542 448 593 499 552 458 542 448 480 312 594 500 578 484 594 500 595 501 578 484 595 501 579 485 578 484 553 459 596 502 491 336 596 502 546 452 491 336 479 311 594 500 480 312 562 468 556 462 555 461 564 470 597 503 562 468 597 503 556 462 562 468 598 504 587 493 540 446 552 458 598 504 540 446 599 505 541 447 505 364 588 494 599 505 505 364 597 503 600 506 556 462 600 506 557 463 556 462 532 438 601 507 531 435 601 507 566 472 531 435 533 439 602 508 532 438 602 508 601 507 532 438 534 440 603 509 533 439 603 509 602 508 533 439 535 441 604 510 534 440 604 510 603 509 534 440 536 442 605 511 535 441 605 511 604 510 535 441 537 443 606 512 536 442 606 512 605 511 536 442 538 444 607 513 537 443 607 513 606 512 537 443 539 445 608 514 538 444 608 514 607 513 538 444 582 488 585 491 539 445 585 491 609 515 539 445 609 515 608 514 539 445 601 507 610 516 566 472 610 516 568 474 566 472 600 506 611 517 557 463 611 517 565 471 557 463 612 518 613 519 564 470 613 519 597 503 564 470 563 469 614 520 564 470 614 520 615 521 564 470 615 521 612 518 564 470 590 496 494 342 477 309 616 522 495 343 590 496 495 343 494 342 590 496 577 483 617 523 590 496 617 523 616 522 590 496 559 465 594 500 479 311 613 519 600 506 597 503 611 517 618 524 565 471 618 524 619 525 565 471 619 525 577 483 565 471 559 465 558 464 594 500 558 464 620 526 594 500 620 526 621 527 594 500 621 527 595 501 594 500 579 485 622 528 563 469 622 528 614 520 563 469 549 455 623 529 543 449 623 529 544 450 543 449 624 530 580 486 489 329 546 452 625 531 489 329 625 531 624 530 489 329 626 532 598 504 552 458 593 499 626 532 552 458 627 533 553 459 541 447 599 505 627 533 541 447 628 534 629 535 549 455 629 535 623 529 549 455 548 454 628 534 549 455 630 536 592 498 550 456 580 486 631 537 550 456 631 537 630 536 550 456 616 522 496 344 495 343 560 466 620 526 558 464 612 518 632 538 613 519 632 538 600 506 613 519 544 450 633 539 545 451 633 539 593 499 545 451 596 502 634 540 546 452 634 540 625 531 546 452 635 541 632 538 612 518 615 521 636 542 612 518 636 542 635 541 612 518 619 525 617 523 577 483 616 522 547 453 496 344 595 501 637 543 579 485 637 543 622 528 579 485 638 544 636 542 615 521 614 520 638 544 615 521 616 522 548 454 547 453 639 545 548 454 616 522 617 523 640 546 616 522 640 546 639 545 616 522 641 547 583 489 584 490 575 481 641 547 584 490 642 548 620 526 560 466 643 549 642 548 560 466 601 507 644 550 610 516 644 550 568 474 610 516 645 551 567 473 568 474 646 552 645 551 568 474 644 550 646 552 568 474 647 553 569 475 567 473 645 551 647 553 567 473 648 554 570 476 569 475 647 553 648 554 569 475 649 555 571 477 570 476 648 554 649 555 570 476 650 556 572 478 571 477 649 555 650 556 571 477 651 557 573 479 572 478 650 556 651 557 572 478 652 558 574 480 573 479 651 557 652 558 573 479 653 559 575 481 574 480 652 558 653 559 574 480 654 560 655 561 575 481 655 561 641 547 575 481 653 559 654 560 575 481 655 561 656 562 641 547 657 563 658 564 620 526 658 564 621 527 620 526 602 508 659 565 601 507 659 565 644 550 601 507 603 509 660 566 602 508 660 566 659 565 602 508 604 510 661 567 603 509 661 567 660 566 603 509 605 511 662 568 604 510 662 568 661 567 604 510 606 512 663 569 605 511 663 569 662 568 605 511 607 513 664 570 606 512 664 570 663 569 606 512 608 514 665 571 607 513 665 571 664 570 607 513 609 515 666 572 608 514 666 572 665 571 608 514 585 491 667 573 609 515 667 573 668 574 609 515 668 574 669 575 609 515 669 575 666 572 609 515 586 492 667 573 585 491 635 541 670 576 632 538 670 576 671 577 632 538 671 577 600 506 632 538 635 541 672 578 670 576 672 578 671 577 670 576 587 493 673 579 586 492 673 579 668 574 586 492 668 574 667 573 586 492 655 561 654 560 656 562 674 580 675 581 676 582 654 560 674 580 676 582 677 583 626 532 593 499 633 539 677 583 593 499 678 584 596 502 553 459 627 533 678 584 553 459 598 504 679 585 587 493 679 585 673 579 587 493 674 580 680 586 675 581 680 586 681 587 583 489 681 587 588 494 583 489 682 588 638 544 614 520 622 528 682 588 614 520 671 577 611 517 600 506 636 542 683 589 635 541 683 589 684 590 635 541 684 590 672 578 635 541 685 591 544 450 623 529 629 535 686 592 623 529 687 593 685 591 623 529 688 594 687 593 623 529 686 592 688 594 623 529 689 595 690 596 580 486 690 596 631 537 580 486 624 530 691 597 580 486 691 597 689 595 580 486 639 545 628 534 548 454 619 525 692 598 617 523 692 598 640 546 617 523 630 536 657 563 592 498 639 545 629 535 628 534 631 537 657 563 630 536 621 527 693 599 595 501 693 599 637 543 595 501 694 600 618 524 611 517 671 577 694 600 611 517 685 591 695 601 544 450 695 601 633 539 544 450 634 540 696 602 625 531 696 602 624 530 625 531 638 544 697 603 636 542 697 603 683 589 636 542 626 532 698 604 598 504 698 604 679 585 598 504 681 587 699 605 588 494 699 605 599 505 588 494 639 545 686 592 629 535 618 524 700 606 619 525 700 606 692 598 619 525 684 590 701 607 672 578 701 607 671 577 672 578 684 590 702 608 701 607 702 608 671 577 701 607 684 590 703 609 702 608 704 610 671 577 702 608 703 609 704 610 702 608 705 611 686 592 639 545 640 546 706 612 639 545 706 612 705 611 639 545 704 610 694 600 671 577 690 596 657 563 631 537 707 613 682 588 622 528 637 543 707 613 622 528 708 614 703 609 684 590 709 615 708 614 684 590 683 589 709 615 684 590 710 616 700 606 618 524 694 600 710 616 618 524 690 596 711 617 657 563 711 617 712 618 657 563 712 618 658 564 657 563 673 579 713 619 668 574 713 619 669 575 668 574 714 620 677 583 633 539 695 601 714 620 633 539 715 621 634 540 596 502 678 584 715 621 596 502 682 588 716 622 638 544 716 622 697 603 638 544 708 614 717 623 703 609 717 623 718 624 703 609 718 624 704 610 703 609 708 614 719 625 717 623 719 625 718 624 717 623 720 626 710 616 694 600 704 610 720 626 694 600 677 583 721 627 626 532 721 627 698 604 626 532 722 628 709 615 683 589 697 603 722 628 683 589 699 605 723 629 599 505 723 629 627 533 599 505 718 624 720 626 704 610 692 598 724 630 640 546 724 630 706 612 640 546 709 615 725 631 708 614 725 631 726 632 708 614 726 632 719 625 708 614 705 611 688 594 686 592 689 595 711 617 690 596 726 632 727 633 719 625 727 633 718 624 719 625 658 564 728 634 621 527 728 634 693 599 621 527 687 593 729 635 685 591 729 635 730 636 685 591 730 636 695 601 685 591 731 637 691 597 624 530 696 602 732 638 624 530 732 638 731 637 624 530 733 639 734 640 718 624 735 641 733 639 718 624 727 633 735 641 718 624 734 640 720 626 718 624 726 632 736 642 727 633 736 642 737 643 727 633 737 643 738 644 727 633 738 644 735 641 727 633 739 645 710 616 720 626 734 640 739 645 720 626 705 611 687 593 688 594 737 643 740 646 738 644 740 646 735 641 738 644 700 606 741 647 692 598 741 647 724 630 692 598 735 641 740 646 742 648 740 646 737 643 742 648 737 643 736 642 742 648 736 642 743 649 742 648 743 649 744 650 742 648 733 639 735 641 742 648 745 651 733 639 742 648 725 631 746 652 726 632 746 652 743 649 726 632 743 649 736 642 726 632 747 653 674 580 654 560 653 559 747 653 654 560 739 645 748 654 710 616 748 654 700 606 710 616 722 628 749 655 709 615 749 655 725 631 709 615 691 597 711 617 689 595 748 654 741 647 700 606 750 656 707 613 637 543 693 599 750 656 637 543 751 657 722 628 697 603 716 622 751 657 697 603 752 658 734 640 733 639 745 651 752 658 733 639 746 652 744 650 743 649 707 613 753 659 682 588 753 659 716 622 682 588 705 611 729 635 687 593 754 660 755 661 734 640 752 658 754 660 734 640 755 661 739 645 734 640 714 620 756 662 677 583 756 662 721 627 677 583 723 629 757 663 627 533 757 663 678 584 627 533 749 655 758 664 725 631 758 664 746 652 725 631 759 665 714 620 695 601 730 636 759 665 695 601 760 666 696 602 634 540 715 621 760 666 634 540 745 651 754 660 752 658 731 637 711 617 691 597 761 667 762 668 705 611 762 668 729 635 705 611 706 612 763 669 705 611 763 669 761 667 705 611 758 664 744 650 746 652 764 670 748 654 739 645 755 661 764 670 739 645 659 565 765 671 644 550 766 672 646 552 644 550 765 671 766 672 644 550 766 672 767 673 646 552 767 673 768 674 646 552 768 674 645 551 646 552 769 675 647 553 645 551 770 676 769 675 645 551 768 674 771 677 645 551 771 677 770 676 645 551 772 678 773 679 647 553 773 679 648 554 647 553 769 675 772 678 647 553 774 680 649 555 648 554 775 681 774 680 648 554 773 679 776 682 648 554 776 682 775 681 648 554 777 683 778 684 649 555 778 684 650 556 649 555 774 680 777 683 649 555 779 685 780 686 650 556 780 686 781 687 650 556 781 687 782 688 650 556 782 688 651 557 650 556 778 684 783 689 650 556 783 689 779 685 650 556 784 690 785 691 651 557 785 691 786 692 651 557 786 692 652 558 651 557 782 688 787 693 651 557 787 693 784 690 651 557 788 694 789 695 652 558 789 695 653 559 652 558 786 692 790 696 652 558 790 696 788 694 652 558 791 697 747 653 653 559 792 698 793 699 653 559 793 699 794 700 653 559 794 700 795 701 653 559 795 701 796 702 653 559 796 702 797 703 653 559 797 703 791 697 653 559 789 695 798 704 653 559 798 704 792 698 653 559 799 705 800 706 659 565 660 566 801 707 659 565 801 707 802 708 659 565 802 708 799 705 659 565 800 706 765 671 659 565 803 709 801 707 660 566 661 567 804 710 660 566 804 710 805 711 660 566 805 711 803 709 660 566 806 712 804 710 661 567 807 713 806 712 661 567 662 568 807 713 661 567 808 714 807 713 662 568 663 569 809 715 662 568 809 715 810 716 662 568 810 716 808 714 662 568 664 570 811 717 663 569 811 717 809 715 663 569 812 718 813 719 664 570 813 719 814 720 664 570 814 720 811 717 664 570 665 571 815 721 664 570 815 721 816 722 664 570 816 722 812 718 664 570 817 723 815 721 665 571 666 572 818 724 665 571 818 724 819 725 665 571 819 725 817 723 665 571 820 726 821 727 666 572 821 727 818 724 666 572 669 575 822 728 666 572 822 728 823 729 666 572 823 729 820 726 666 572 824 730 825 731 669 575 713 619 826 732 669 575 826 732 827 733 669 575 827 733 828 734 669 575 828 734 824 730 669 575 825 731 829 735 669 575 829 735 822 728 669 575 800 706 830 736 765 671 830 736 766 672 765 671 791 697 674 580 747 653 673 579 826 732 713 619 731 637 831 737 711 617 831 737 832 738 711 617 832 738 712 618 711 617 751 657 833 739 722 628 833 739 749 655 722 628 732 638 831 737 731 637 762 668 730 636 729 635 834 740 826 732 673 579 835 741 834 740 673 579 836 742 835 741 673 579 679 585 837 743 673 579 837 743 838 744 673 579 838 744 836 742 673 579 839 745 840 746 674 580 840 746 841 747 674 580 797 703 839 745 674 580 791 697 797 703 674 580 841 747 842 748 674 580 842 748 680 586 674 580 834 740 843 749 826 732 843 749 827 733 826 732 844 750 845 751 745 651 845 751 754 660 745 651 846 752 847 753 848 754 847 753 849 755 848 754 849 755 844 750 848 754 758 664 850 756 744 650 845 751 755 661 754 660 749 655 851 757 758 664 851 757 850 756 758 664 844 750 755 661 845 751 749 655 852 758 851 757 852 758 850 756 851 757 853 759 854 760 679 585 854 760 837 743 679 585 698 604 855 761 679 585 855 761 856 762 679 585 856 762 853 759 679 585 842 748 857 763 680 586 857 763 858 764 680 586 858 764 859 765 680 586 859 765 681 587 680 586 764 670 860 766 748 654 860 766 741 647 748 654 724 630 861 767 706 612 861 767 763 669 706 612 844 750 862 768 755 661 862 768 764 670 755 661 863 769 751 657 716 622 753 659 863 769 716 622 849 755 862 768 844 750 864 770 724 630 741 647 860 766 864 770 741 647 865 771 852 758 749 655 833 739 865 771 749 655 712 618 866 772 658 564 866 772 728 634 658 564 864 770 861 767 724 630 865 771 850 756 852 758 867 773 868 774 698 604 868 774 855 761 698 604 721 627 869 775 698 604 869 775 870 776 698 604 870 776 867 773 698 604 871 777 699 605 681 587 859 765 872 778 681 587 872 778 873 779 681 587 873 779 874 780 681 587 874 780 875 781 681 587 875 781 871 777 681 587 759 665 876 782 714 620 876 782 756 662 714 620 762 668 877 783 730 636 877 783 878 784 730 636 878 784 879 785 730 636 880 786 759 665 730 636 879 785 880 786 730 636 757 663 881 787 678 584 881 787 715 621 678 584 882 788 732 638 696 602 760 666 882 788 696 602 750 656 883 789 707 613 883 789 753 659 707 613 884 790 750 656 693 599 728 634 884 790 693 599 885 791 860 766 764 670 862 768 885 791 764 670 863 769 886 792 751 657 886 792 833 739 751 657 761 667 877 783 762 668 761 667 878 784 877 783 882 788 831 737 732 638 887 793 869 775 721 627 756 662 888 794 721 627 888 794 889 795 721 627 889 795 887 793 721 627 890 796 723 629 699 605 871 777 891 797 699 605 891 797 892 798 699 605 892 798 893 799 699 605 893 799 890 796 699 605 796 702 839 745 797 703 847 753 862 768 849 755 894 800 895 801 862 768 847 753 894 800 862 768 895 801 885 791 862 768 833 739 896 802 865 771 896 802 850 756 865 771 897 803 898 804 882 788 760 666 897 803 882 788 898 804 831 737 882 788 899 805 879 785 878 784 761 667 899 805 878 784 846 752 894 800 847 753 885 791 900 806 860 766 900 806 864 770 860 766 897 803 901 807 898 804 902 808 831 737 898 804 901 807 902 808 898 804 886 792 896 802 833 739 903 809 899 805 761 667 763 669 904 810 761 667 904 810 903 809 761 667 880 786 905 811 759 665 905 811 876 782 759 665 881 787 906 812 715 621 906 812 760 666 715 621 886 792 907 813 896 802 907 813 850 756 896 802 908 814 863 769 753 659 883 789 908 814 753 659 902 808 909 815 831 737 909 815 832 738 831 737 910 816 861 767 864 770 900 806 910 816 864 770 861 767 911 817 763 669 911 817 904 810 763 669 912 818 913 819 756 662 913 819 888 794 756 662 876 782 914 820 756 662 914 820 915 821 756 662 915 821 912 818 756 662 890 796 916 822 723 629 916 822 917 823 723 629 917 823 918 824 723 629 918 824 919 825 723 629 919 825 757 663 723 629 910 816 911 817 861 767 884 790 920 826 750 656 920 826 883 789 750 656 921 827 900 806 885 791 895 801 921 827 885 791 832 738 922 828 712 618 922 828 866 772 712 618 923 829 884 790 728 634 866 772 923 829 728 634 924 830 925 831 880 786 926 832 924 830 880 786 879 785 927 833 880 786 925 831 928 834 880 786 928 834 905 811 880 786 906 812 929 835 760 666 929 835 897 803 760 666 908 814 930 836 863 769 930 836 886 792 863 769 931 837 932 838 895 801 933 839 931 837 895 801 894 800 933 839 895 801 932 838 921 827 895 801 934 840 935 841 879 785 936 842 937 843 879 785 938 844 934 840 879 785 937 843 938 844 879 785 899 805 936 842 879 785 935 841 927 833 879 785 939 845 940 846 897 803 941 847 901 807 897 803 942 848 941 847 897 803 940 846 942 848 897 803 929 835 943 849 897 803 943 849 939 845 897 803 944 850 945 851 830 736 800 706 944 850 830 736 946 852 766 672 830 736 945 851 946 852 830 736 799 705 944 850 800 706 947 853 767 673 766 672 946 852 947 853 766 672 948 854 944 850 799 705 802 708 948 854 799 705 949 855 768 674 767 673 947 853 949 855 767 673 950 856 948 854 802 708 801 707 950 856 802 708 951 857 771 677 768 674 949 855 951 857 768 674 952 858 950 856 801 707 803 709 952 858 801 707 953 859 770 676 771 677 951 857 953 859 771 677 954 860 952 858 803 709 805 711 954 860 803 709 955 861 769 675 770 676 953 859 955 861 770 676 956 862 954 860 805 711 804 710 956 862 805 711 957 863 772 678 769 675 955 861 957 863 769 675 958 864 956 862 804 710 806 712 958 864 804 710 959 865 773 679 772 678 957 863 959 865 772 678 960 866 958 864 806 712 807 713 960 866 806 712 959 865 776 682 773 679 961 867 960 866 807 713 808 714 961 867 807 713 962 868 775 681 776 682 959 865 962 868 776 682 963 869 961 867 808 714 810 716 963 869 808 714 964 870 774 680 775 681 962 868 964 870 775 681 965 871 963 869 810 716 809 715 965 871 810 716 966 872 777 683 774 680 964 870 966 872 774 680 811 717 967 873 809 715 967 873 965 871 809 715 966 872 968 874 777 683 968 874 778 684 777 683 968 874 783 689 778 684 968 874 969 875 783 689 969 875 779 685 783 689 969 875 970 876 779 685 970 876 780 686 779 685 970 876 781 687 780 686 814 720 971 877 811 717 971 877 972 878 811 717 972 878 967 873 811 717 970 876 973 879 781 687 973 879 782 688 781 687 973 879 974 880 782 688 974 880 787 693 782 688 974 880 784 690 787 693 975 881 785 691 784 690 976 882 786 692 785 691 975 881 976 882 785 691 977 883 790 696 786 692 976 882 977 883 786 692 813 719 971 877 814 720 978 884 971 877 813 719 812 718 978 884 813 719 979 885 788 694 790 696 977 883 979 885 790 696 979 885 789 695 788 694 979 885 798 704 789 695 979 885 980 886 798 704 980 886 792 698 798 704 980 886 981 887 792 698 981 887 793 699 792 698 981 887 794 700 793 699 982 888 978 884 812 718 816 722 982 888 812 718 981 887 983 889 794 700 983 889 795 701 794 700 983 889 984 890 795 701 984 890 985 891 795 701 985 891 986 892 795 701 986 892 987 893 795 701 987 893 988 894 795 701 988 894 989 895 795 701 989 895 990 896 795 701 990 896 796 702 795 701 990 896 839 745 796 702 991 897 982 888 816 722 815 721 992 898 816 722 817 723 992 898 815 721 993 899 992 898 817 723 819 725 993 899 817 723 994 900 993 899 819 725 818 724 994 900 819 725 995 901 994 900 818 724 821 727 995 901 818 724 820 726 995 901 821 727 996 902 995 901 820 726 823 729 996 902 820 726 997 903 996 902 823 729 822 728 997 903 823 729 998 904 997 903 822 728 829 735 998 904 822 728 825 731 998 904 829 735 824 730 999 905 825 731 999 905 998 904 825 731 828 734 1000 906 824 730 1000 906 999 905 824 730 827 733 1001 907 828 734 1001 907 1002 908 828 734 1002 908 1000 906 828 734 843 749 1001 907 827 733 834 740 1001 907 843 749 846 752 933 839 894 800 990 896 1003 909 839 745 1003 909 840 746 839 745 1003 909 841 747 840 746 835 741 1004 910 834 740 1004 910 1005 911 834 740 1005 911 1001 907 834 740 836 742 1004 910 835 741 1006 912 1004 910 836 742 838 744 1006 912 836 742 1003 909 842 748 841 747 837 743 1006 912 838 744 1003 909 1007 913 842 748 1007 913 1008 914 842 748 1008 914 857 763 842 748 903 809 936 842 899 805 941 847 902 808 901 807 1006 912 1009 915 1004 910 1009 915 1005 911 1004 910 1010 916 907 813 886 792 930 836 1010 916 886 792 1008 914 858 764 857 763 854 760 1006 912 837 743 1011 917 1012 918 876 782 1012 918 914 820 876 782 905 811 1013 919 876 782 1013 919 1014 920 876 782 1014 920 1011 917 876 782 1015 921 1016 922 757 663 1016 922 1017 923 757 663 1017 923 881 787 757 663 919 825 1018 924 757 663 1018 924 1015 921 757 663 1008 914 859 765 858 764 1008 914 1019 925 859 765 1019 925 872 778 859 765 853 759 1006 912 854 760 1010 916 850 756 907 813 846 752 931 837 933 839 856 762 1020 926 853 759 1020 926 1021 927 853 759 1021 927 1006 912 853 759 1022 928 1023 929 846 752 1023 929 1024 930 846 752 1024 930 931 837 846 752 1025 931 1026 932 850 756 1027 933 1025 931 850 756 1010 916 1027 933 850 756 1024 930 932 838 931 837 930 836 1027 933 1010 916 921 827 1028 934 900 806 1028 934 910 816 900 806 855 761 1020 926 856 762 1005 911 1002 908 1001 907 1019 925 873 779 872 778 1019 925 1029 935 873 779 1029 935 874 780 873 779 1029 935 1030 936 874 780 1030 936 875 781 874 780 903 809 937 843 936 842 868 774 1020 926 855 761 1030 936 871 777 875 781 867 773 1020 926 868 774 1031 937 908 814 883 789 920 826 1031 937 883 789 870 776 1020 926 867 773 869 775 1032 938 870 776 1032 938 1033 939 870 776 1033 939 1020 926 870 776 1030 936 891 797 871 777 1034 940 938 844 937 843 903 809 1034 940 937 843 1030 936 1035 941 891 797 1035 941 892 798 891 797 942 848 902 808 941 847 1036 942 1037 943 905 811 1037 943 1038 944 905 811 1038 944 1013 919 905 811 928 834 1039 945 905 811 1039 945 1040 946 905 811 1040 946 1036 942 905 811 1041 947 1042 948 881 787 1042 948 1043 949 881 787 1043 949 906 812 881 787 1017 923 1044 950 881 787 1044 950 1041 947 881 787 1045 951 911 817 910 816 1028 934 1045 951 910 816 1046 952 1034 940 903 809 904 810 1047 953 903 809 1047 953 1046 952 903 809 1048 954 893 799 892 798 1035 941 1048 954 892 798 887 793 1032 938 869 775 889 795 1049 955 887 793 1049 955 1032 938 887 793 1048 954 890 796 893 799 1050 956 1028 934 921 827 932 838 1050 956 921 827 1048 954 1051 957 890 796 1051 957 916 822 890 796 888 794 1049 955 889 795 1007 913 1019 925 1008 914 1035 941 1051 957 1048 954 923 829 1052 958 884 790 1052 958 920 826 884 790 942 848 1053 959 902 808 1053 959 1054 960 902 808 1054 960 909 815 902 808 911 817 1055 961 904 810 1055 961 1047 953 904 810 1045 951 1055 961 911 817 1031 937 1056 962 908 814 1056 962 930 836 908 814 1057 963 1049 955 888 794 913 819 1057 963 888 794 925 831 1058 964 928 834 1058 964 1059 965 928 834 1059 965 1039 945 928 834 1060 966 1061 967 906 812 1061 967 1062 968 906 812 1062 968 929 835 906 812 1043 949 1063 969 906 812 1063 969 1060 966 906 812 1051 957 917 823 916 822 1023 929 1064 970 932 838 1024 930 1023 929 932 838 1064 970 1050 956 932 838 1051 957 1065 971 917 823 1065 971 918 824 917 823 1005 911 1066 972 1002 908 1066 972 1000 906 1002 908 909 815 1067 973 832 738 1067 973 922 828 832 738 1065 971 1068 974 918 824 1068 974 919 825 918 824 1069 975 923 829 866 772 922 828 1069 975 866 772 912 818 1070 976 913 819 1070 976 1057 963 913 819 1068 974 1018 924 919 825 915 821 1070 976 912 818 989 895 1003 909 990 896 1071 977 1070 976 915 821 914 820 1071 977 915 821 1029 935 1035 941 1030 936 1056 962 1072 978 930 836 1072 978 1025 931 930 836 1025 931 1027 933 930 836 1021 927 1009 915 1006 912 1071 977 1073 979 1070 976 1073 979 1057 963 1070 976 1068 974 1074 980 1018 924 1074 980 1015 921 1018 924 1074 980 1016 922 1015 921 1012 918 1075 981 914 820 1075 981 1071 977 914 820 1050 956 1076 982 1028 934 1076 982 1045 951 1028 934 1077 983 1032 938 1049 955 1057 963 1077 983 1049 955 1011 917 1075 981 1012 918 1014 920 1075 981 1011 917 1074 980 1017 923 1016 922 1013 919 1078 984 1014 920 1079 985 1075 981 1014 920 1078 984 1079 985 1014 920 1080 986 1064 970 1023 929 1022 928 1080 986 1023 929 1072 978 1026 932 1025 931 1074 980 1044 950 1017 923 1081 987 1031 937 920 826 1052 958 1081 987 920 826 1082 988 1041 947 1044 950 1074 980 1082 988 1044 950 1038 944 1078 984 1013 919 1083 989 1071 977 1075 981 1079 985 1083 989 1075 981 1037 943 1078 984 1038 944 1084 990 1007 913 1003 909 989 895 1084 990 1003 909 1085 991 938 844 1034 940 1046 952 1085 991 1034 940 1086 992 1078 984 1037 943 1036 942 1086 992 1037 943 1082 988 1042 948 1041 947 1082 988 1043 949 1042 948 1087 993 1029 935 1019 925 1007 913 1087 993 1019 925 1088 994 1063 969 1043 949 1089 995 1088 994 1043 949 1082 988 1089 995 1043 949 1040 946 1086 992 1036 942 1009 915 1066 972 1005 911 1090 996 1055 961 1045 951 1076 982 1090 996 1045 951 1039 945 1086 992 1040 946 1091 997 1076 982 1050 956 1064 970 1091 997 1050 956 1088 994 1060 966 1063 969 1092 998 1093 999 942 848 1094 1000 1092 998 942 848 940 846 1094 1000 942 848 1093 999 1053 959 942 848 1095 1001 1061 967 1060 966 1088 994 1095 1001 1060 966 1033 939 1021 927 1020 926 1059 965 1096 1002 1039 945 1096 1002 1086 992 1039 945 1058 964 1096 1002 1059 965 1095 1001 1062 968 1061 967 1097 1003 929 835 1062 968 1095 1001 1097 1003 1062 968 925 831 1096 1002 1058 964 924 830 1096 1002 925 831 1097 1003 943 849 929 835 1098 1004 1099 1005 924 830 926 832 1098 1004 924 830 1099 1005 1096 1002 924 830 1097 1003 939 845 943 849 1100 1006 1098 1004 926 832 935 841 1101 1007 927 833 1102 1008 1078 984 1086 992 1103 1009 1102 1008 1086 992 1096 1002 1103 1009 1086 992 1104 1010 940 846 939 845 1097 1003 1104 1010 939 845 1104 1010 1094 1000 940 846 934 840 1101 1007 935 841 1105 1011 1092 998 1094 1000 1106 1012 1105 1011 1094 1000 1104 1010 1106 1012 1094 1000 1069 975 1107 1013 923 829 1107 1013 1052 958 923 829 1108 1014 1109 1015 1046 952 1109 1015 1110 1016 1046 952 1110 1016 1085 991 1046 952 1047 953 1111 1017 1046 952 1111 1017 1108 1014 1046 952 938 844 1101 1007 934 840 1112 1018 1093 999 1092 998 1105 1011 1112 1018 1092 998 1081 987 1113 1019 1031 937 1113 1019 1056 962 1031 937 1110 1016 1101 1007 938 844 1085 991 1110 1016 938 844 1112 1018 1053 959 1093 999 1114 1020 1088 994 1089 995 1115 1021 1114 1020 1089 995 1082 988 1115 1021 1089 995 1109 1015 1099 1005 1098 1004 1101 1007 1109 1015 1098 1004 1090 996 1116 1022 1055 961 1116 1022 1047 953 1055 961 1117 1023 1095 1001 1088 994 1114 1020 1117 1023 1088 994 1080 986 1118 1024 1064 970 1118 1024 1091 997 1064 970 1116 1022 1111 1017 1047 953 1112 1018 1119 1025 1053 959 1119 1025 1120 1026 1053 959 1120 1026 1121 1027 1053 959 1121 1027 1054 960 1053 959 1035 941 1122 1028 1051 957 1122 1028 1065 971 1051 957 1119 1025 1112 1018 1105 1011 1123 1029 1119 1025 1105 1011 1106 1012 1123 1029 1105 1011 1124 1030 1118 1024 1080 986 1022 928 1124 1030 1080 986 1125 1031 1069 975 922 828 1067 973 1125 1031 922 828 1126 1032 1072 978 1056 962 1127 1033 1126 1032 1056 962 1113 1019 1127 1033 1056 962 1128 1034 1097 1003 1095 1001 1117 1023 1128 1034 1095 1001 1129 1035 1115 1021 1082 988 1074 980 1129 1035 1082 988 1130 1036 1074 980 1068 974 1065 971 1130 1036 1068 974 1054 960 1131 1037 909 815 1131 1037 1067 973 909 815 1126 1032 1026 932 1072 978 1132 1038 1122 1028 1035 941 1029 935 1132 1038 1035 941 1133 1039 1079 985 1078 984 1102 1008 1133 1039 1078 984 1134 1040 1087 993 1007 913 1084 990 1134 1040 1007 913 1091 997 1135 1041 1076 982 1135 1041 1090 996 1076 982 1123 1029 1120 1026 1119 1025 1110 1016 1109 1015 1101 1007 1136 1042 1104 1010 1097 1003 1128 1034 1136 1042 1097 1003 1137 1043 1077 983 1057 963 1073 979 1137 1043 1057 963 1138 1044 1081 987 1052 958 1107 1013 1138 1044 1052 958 1021 927 1139 1045 1009 915 1139 1045 1140 1046 1009 915 1140 1046 1066 972 1009 915 1141 1047 1099 1005 1109 1015 1108 1014 1141 1047 1109 1015 1083 989 1142 1048 1071 977 1142 1048 1073 979 1071 977 1143 1049 1132 1038 1029 935 1087 993 1143 1049 1029 935 1144 1050 1118 1024 1124 1030 1022 928 1144 1050 1124 1030 1145 1051 1033 939 1032 938 1077 983 1145 1051 1032 938 1127 1033 1026 932 1126 1032 1146 1052 1147 1053 1022 928 1147 1053 1148 1054 1022 928 1148 1054 1144 1050 1022 928 1149 1055 1150 1056 1026 932 1151 1057 1149 1055 1026 932 1127 1033 1151 1057 1026 932 1113 1019 1151 1057 1127 1033 1148 1054 1118 1024 1144 1050 1130 1036 1152 1058 1074 980 1152 1058 1129 1035 1074 980 1153 1059 1103 1009 1096 1002 1099 1005 1153 1059 1096 1002 1154 1060 1135 1041 1091 997 1118 1024 1154 1060 1091 997 1155 1061 1099 1005 1141 1047 1108 1014 1155 1061 1141 1047 1156 1062 1106 1012 1104 1010 1136 1042 1156 1062 1104 1010 988 894 1084 990 989 895 1157 1063 1116 1022 1090 996 1135 1041 1157 1063 1090 996 1158 1064 1159 1065 1115 1021 1129 1035 1158 1064 1115 1021 1159 1065 1114 1020 1115 1021 1106 1012 1160 1066 1123 1029 1160 1066 1120 1026 1123 1029 1161 1067 1083 989 1079 985 1133 1039 1161 1067 1079 985 1138 1044 1162 1068 1081 987 1162 1068 1113 1019 1081 987 1125 1031 1163 1069 1069 975 1163 1069 1107 1013 1069 975 1164 1070 1117 1023 1114 1020 1159 1065 1164 1070 1114 1020 1152 1058 1165 1071 1129 1035 1165 1071 1158 1064 1129 1035 1166 1072 1134 1040 1084 990 988 894 1166 1072 1084 990 1148 1054 1167 1073 1118 1024 1167 1073 1154 1060 1118 1024 1168 1074 1143 1049 1087 993 1134 1040 1168 1074 1087 993 1169 1075 1170 1076 1099 1005 1155 1061 1171 1077 1099 1005 1171 1077 1169 1075 1099 1005 1170 1076 1153 1059 1099 1005 1147 1053 1167 1073 1148 1054 1172 1078 1169 1075 1108 1014 1169 1075 1171 1077 1108 1014 1171 1077 1155 1061 1108 1014 1111 1017 1173 1079 1108 1014 1173 1079 1172 1078 1108 1014 1157 1063 1174 1080 1116 1022 1174 1080 1111 1017 1116 1022 1149 1055 1151 1057 1113 1019 1162 1068 1149 1055 1113 1019 1175 1081 1128 1034 1117 1023 1164 1070 1175 1081 1117 1023 1174 1080 1173 1079 1111 1017 1156 1062 1176 1082 1106 1012 1176 1082 1177 1083 1106 1012 1177 1083 1160 1066 1106 1012 1122 1028 1178 1084 1065 971 1178 1084 1179 1085 1065 971 1179 1085 1130 1036 1065 971 1177 1083 1180 1086 1120 1026 1160 1066 1177 1083 1120 1026 1180 1086 1181 1087 1120 1026 1181 1087 1121 1027 1120 1026 1182 1088 1125 1031 1067 973 1131 1037 1182 1088 1067 973 1183 1089 1178 1084 1122 1028 1132 1038 1183 1089 1122 1028 1121 1027 1184 1090 1054 960 1184 1090 1131 1037 1054 960 1154 1060 1185 1091 1135 1041 1185 1091 1157 1063 1135 1041 987 893 1166 1072 988 894 1186 1092 1152 1058 1130 1036 1179 1085 1186 1092 1130 1036 1187 1093 1136 1042 1128 1034 1175 1081 1187 1093 1128 1034 1188 1094 1183 1089 1132 1038 1143 1049 1188 1094 1132 1038 1189 1095 1137 1043 1073 979 1142 1048 1189 1095 1073 979 1190 1096 1138 1044 1107 1013 1163 1069 1190 1096 1107 1013 1191 1097 1145 1051 1077 983 1137 1043 1191 1097 1077 983 1192 1098 1102 1008 1103 1009 1153 1059 1192 1098 1103 1009 1176 1082 1180 1086 1177 1083 1193 1099 1168 1074 1134 1040 1166 1072 1193 1099 1134 1040 1161 1067 1194 1100 1083 989 1194 1100 1142 1048 1083 989 1195 1101 1192 1098 1153 1059 1170 1076 1195 1101 1153 1059 1196 1102 1159 1065 1158 1064 1165 1071 1197 1103 1158 1064 1197 1103 1196 1102 1158 1064 1198 1104 1197 1103 1165 1071 1152 1058 1198 1104 1165 1071 1199 1105 1021 927 1033 939 1200 1106 1199 1105 1033 939 1145 1051 1200 1106 1033 939 1201 1107 1202 1108 1102 1008 1202 1108 1133 1039 1102 1008 1192 1098 1201 1107 1102 1008 1203 1109 1185 1091 1154 1060 1167 1073 1203 1109 1154 1060 1204 1110 1167 1073 1147 1053 1146 1052 1204 1110 1147 1053 1162 1068 1205 1111 1149 1055 1205 1111 1150 1056 1149 1055 1206 1112 1188 1094 1143 1049 1168 1074 1206 1112 1143 1049 1207 1113 1156 1062 1136 1042 1187 1093 1207 1113 1136 1042 1196 1102 1208 1114 1159 1065 1208 1114 1164 1070 1159 1065 1209 1115 1170 1076 1169 1075 1172 1078 1209 1115 1169 1075 1210 1116 1174 1080 1157 1063 1185 1091 1210 1116 1157 1063 1190 1096 1211 1117 1138 1044 1211 1117 1162 1068 1138 1044 1156 1062 1212 1118 1176 1082 1212 1118 1180 1086 1176 1082 1140 1046 1213 1119 1066 972 1213 1119 1000 906 1066 972 1186 1092 1214 1120 1152 1058 1214 1120 1198 1104 1152 1058 1215 1121 1216 1122 1167 1073 1204 1110 1215 1121 1167 1073 1216 1122 1203 1109 1167 1073 1182 1088 1217 1123 1125 1031 1217 1123 1163 1069 1125 1031 1218 1124 1219 1125 1213 1119 1140 1046 1218 1124 1213 1119 1220 1126 1000 906 1213 1119 1219 1125 1220 1126 1213 1119 1146 1052 1215 1121 1204 1110 1221 1127 1175 1081 1164 1070 1208 1114 1221 1127 1164 1070 1222 1128 1223 1129 1170 1076 1209 1115 1222 1128 1170 1076 1223 1129 1195 1101 1170 1076 1224 1130 1161 1067 1133 1039 1202 1108 1224 1130 1133 1039 1225 1131 1139 1045 1021 927 1226 1132 1225 1131 1021 927 1227 1133 1226 1132 1021 927 1199 1105 1227 1133 1021 927 1228 1134 1205 1111 1162 1068 1211 1117 1228 1134 1162 1068 1210 1116 1229 1135 1174 1080 1229 1135 1173 1079 1174 1080 986 892 1166 1072 987 893 986 892 1193 1099 1166 1072 1230 1136 1231 1137 1172 1078 1231 1137 1222 1128 1172 1078 1222 1128 1209 1115 1172 1078 1173 1079 1232 1138 1172 1078 1232 1138 1230 1136 1172 1078 1228 1134 1150 1056 1205 1111 1233 1139 1234 1140 1178 1084 1183 1089 1233 1139 1178 1084 1234 1140 1179 1085 1178 1084 1235 1141 1206 1112 1168 1074 1193 1099 1235 1141 1168 1074 1229 1135 1232 1138 1173 1079 1207 1113 1236 1142 1156 1062 1236 1142 1212 1118 1156 1062 1234 1140 1237 1143 1179 1085 1237 1143 1186 1092 1179 1085 1238 1144 1182 1088 1131 1037 1184 1090 1238 1144 1131 1037 1212 1118 1239 1145 1180 1086 1239 1145 1240 1146 1180 1086 1240 1146 1181 1087 1180 1086 1241 1147 1201 1107 1192 1098 1195 1101 1241 1147 1192 1098 1242 1148 1233 1139 1183 1089 1188 1094 1242 1148 1183 1089 1214 1120 1243 1149 1198 1104 1243 1149 1244 1150 1198 1104 1244 1150 1197 1103 1198 1104 985 891 1245 1151 986 892 1245 1151 1193 1099 986 892 1246 1152 1187 1093 1175 1081 1221 1127 1246 1152 1175 1081 1181 1087 1247 1153 1121 1027 1247 1153 1184 1090 1121 1027 1248 1154 1189 1095 1142 1048 1194 1100 1248 1154 1142 1048 1203 1109 1249 1155 1185 1091 1249 1155 1210 1116 1185 1091 1244 1150 1250 1156 1197 1103 1250 1156 1196 1102 1197 1103 1251 1157 1191 1097 1137 1043 1189 1095 1251 1157 1137 1043 1252 1158 1214 1120 1186 1092 1237 1143 1252 1158 1186 1092 1253 1159 1241 1147 1195 1101 1223 1129 1253 1159 1195 1101 1252 1158 1254 1160 1214 1120 1254 1160 1243 1149 1214 1120 1255 1161 1200 1106 1145 1051 1191 1097 1255 1161 1145 1051 1236 1142 1239 1145 1212 1118 1256 1162 1190 1096 1163 1069 1217 1123 1256 1162 1163 1069 1257 1163 1242 1148 1188 1094 1206 1112 1257 1163 1188 1094 1224 1130 1258 1164 1161 1067 1258 1164 1194 1100 1161 1067 1259 1165 1208 1114 1196 1102 1250 1156 1259 1165 1196 1102 1231 1137 1223 1129 1222 1128 1260 1166 1218 1124 1140 1046 1139 1045 1260 1166 1140 1046 1261 1167 1227 1133 1199 1105 1200 1106 1261 1167 1199 1105 1262 1168 1235 1141 1193 1099 1263 1169 1262 1168 1193 1099 1245 1151 1263 1169 1193 1099 1264 1170 1207 1113 1187 1093 1246 1152 1264 1170 1187 1093 1265 1171 1249 1155 1203 1109 1216 1122 1265 1171 1203 1109 1259 1165 1266 1172 1208 1114 1266 1172 1221 1127 1208 1114 1267 1173 1223 1129 1231 1137 1230 1136 1267 1173 1231 1137 1268 1174 1257 1163 1206 1112 1269 1175 1268 1174 1206 1112 1235 1141 1269 1175 1206 1112 1207 1113 1270 1176 1236 1142 1270 1176 1239 1145 1236 1142 1271 1177 1244 1150 1243 1149 1254 1160 1272 1178 1243 1149 1272 1178 1271 1177 1243 1149 1273 1179 1229 1135 1210 1116 1249 1155 1273 1179 1210 1116 1274 1180 1202 1108 1201 1107 1241 1147 1274 1180 1201 1107 1256 1162 1275 1181 1190 1096 1275 1181 1211 1117 1190 1096 1276 1182 1254 1160 1252 1158 1277 1183 1276 1182 1252 1158 1237 1143 1277 1183 1252 1158 1207 1113 1278 1184 1270 1176 1278 1184 1239 1145 1270 1176 1279 1185 1274 1180 1241 1147 1253 1159 1279 1185 1241 1147 1267 1173 1280 1186 1223 1129 1280 1186 1253 1159 1223 1129 1276 1182 1281 1187 1254 1160 1281 1187 1272 1178 1254 1160 1282 1188 1283 1189 1216 1122 1215 1121 1282 1188 1216 1122 1283 1189 1265 1171 1216 1122 1146 1052 1282 1188 1215 1121 1211 1117 1284 1190 1228 1134 1284 1190 1150 1056 1228 1134 1274 1180 1285 1191 1202 1108 1286 1192 1224 1130 1202 1108 1285 1191 1286 1192 1202 1108 1238 1144 1287 1193 1182 1088 1287 1193 1217 1123 1182 1088 1271 1177 1250 1156 1244 1150 1288 1194 1289 1195 1234 1140 1290 1196 1288 1194 1234 1140 1291 1197 1290 1196 1234 1140 1233 1139 1291 1197 1234 1140 1289 1195 1237 1143 1234 1140 1292 1198 1284 1190 1211 1117 1275 1181 1292 1198 1211 1117 1293 1199 1291 1197 1233 1139 1294 1200 1293 1199 1233 1139 1295 1201 1294 1200 1233 1139 1242 1148 1295 1201 1233 1139 1296 1202 1277 1183 1237 1143 1289 1195 1296 1202 1237 1143 1297 1203 1282 1188 1146 1052 1298 1204 1299 1205 1146 1052 1299 1205 1300 1206 1146 1052 1300 1206 1297 1203 1146 1052 1292 1198 1301 1207 1150 1056 1301 1207 1302 1208 1150 1056 1302 1208 1303 1209 1150 1056 1284 1190 1292 1198 1150 1056 1297 1203 1283 1189 1282 1188 1304 1210 1248 1154 1194 1100 1258 1164 1304 1210 1194 1100 1275 1181 1301 1207 1292 1198 1305 1211 1306 1212 1189 1095 1307 1213 1251 1157 1189 1095 1306 1212 1307 1213 1189 1095 1273 1179 1308 1214 1229 1135 1308 1214 1232 1138 1229 1135 1309 1215 1246 1152 1221 1127 1266 1172 1309 1215 1221 1127 1310 1216 1278 1184 1207 1113 1264 1170 1310 1216 1207 1113 1311 1217 1312 1218 1230 1136 1312 1218 1267 1173 1230 1136 1232 1138 1313 1219 1230 1136 1313 1219 1311 1217 1230 1136 1314 1220 1269 1175 1235 1141 1262 1168 1314 1220 1235 1141 1271 1177 1259 1165 1250 1156 1251 1157 1315 1221 1191 1097 1316 1222 1255 1161 1191 1097 1315 1221 1316 1222 1191 1097 1308 1214 1313 1219 1232 1138 1317 1223 1295 1201 1242 1148 1318 1224 1317 1223 1242 1148 1319 1225 1318 1224 1242 1148 1257 1163 1319 1225 1242 1148 1320 1226 1279 1185 1253 1159 1280 1186 1320 1226 1253 1159 1321 1227 1238 1144 1184 1090 1247 1153 1321 1227 1184 1090 1286 1192 1322 1228 1224 1130 1322 1228 1258 1164 1224 1130 1323 1229 1281 1187 1276 1182 1277 1183 1323 1229 1276 1182 1278 1184 1324 1230 1239 1145 1324 1230 1325 1231 1239 1145 1325 1231 1240 1146 1239 1145 1326 1232 1271 1177 1272 1178 1281 1187 1327 1233 1272 1178 1327 1233 1326 1232 1272 1178 1328 1234 1327 1233 1281 1187 1323 1229 1328 1234 1281 1187 1329 1235 1285 1191 1274 1180 1279 1185 1329 1235 1274 1180 1240 1146 1330 1236 1181 1087 1330 1236 1247 1153 1181 1087 1255 1161 1331 1237 1200 1106 1332 1238 1261 1167 1200 1106 1331 1237 1332 1238 1200 1106 1265 1171 1333 1239 1249 1155 1333 1239 1273 1179 1249 1155 1334 1240 1319 1225 1257 1163 1268 1174 1335 1241 1257 1163 1335 1241 1334 1240 1257 1163 1336 1242 1256 1162 1217 1123 1287 1193 1336 1242 1217 1123 1312 1218 1280 1186 1267 1173 1337 1243 1338 1244 1339 1245 1338 1244 1226 1132 1339 1245 1310 1216 1324 1230 1278 1184 1340 1246 1266 1172 1259 1165 1271 1177 1340 1246 1259 1165 1341 1247 1329 1235 1279 1185 1320 1226 1341 1247 1279 1185 1342 1248 1264 1170 1246 1152 1309 1215 1342 1248 1246 1152 1343 1249 1328 1234 1323 1229 1277 1183 1343 1249 1323 1229 1326 1232 1344 1250 1271 1177 1344 1250 1340 1246 1271 1177 1345 1251 1346 1252 1328 1234 1343 1249 1345 1251 1328 1234 1346 1252 1327 1233 1328 1234 1322 1228 1347 1253 1258 1164 1348 1254 1304 1210 1258 1164 1347 1253 1348 1254 1258 1164 1349 1255 1350 1256 1285 1191 1329 1235 1349 1255 1285 1191 1351 1257 1286 1192 1285 1191 1350 1256 1351 1257 1285 1191 1352 1258 1326 1232 1327 1233 1346 1252 1352 1258 1327 1233 1353 1259 1333 1239 1265 1171 1283 1189 1353 1259 1265 1171 1354 1260 1355 1261 1277 1183 1355 1261 1356 1262 1277 1183 1356 1262 1357 1263 1277 1183 1357 1263 1343 1249 1277 1183 1304 1210 1358 1264 1359 1265 1360 1266 1361 1267 1305 1211 1361 1267 1306 1212 1305 1211 1362 1268 1280 1186 1312 1218 1311 1217 1362 1268 1312 1218 1363 1269 1364 1270 1269 1175 1314 1220 1363 1269 1269 1175 1364 1270 1268 1174 1269 1175 1351 1257 1365 1271 1286 1192 1365 1271 1322 1228 1286 1192 1366 1272 1367 1273 1289 1195 1288 1194 1366 1272 1289 1195 1367 1273 1296 1202 1289 1195 1368 1274 1369 1275 1280 1186 1362 1268 1368 1274 1280 1186 1369 1275 1320 1226 1280 1186 1341 1247 1349 1255 1329 1235 983 889 1370 1276 984 890 1371 1277 1263 1169 1245 1151 1372 1278 1373 1279 1343 1249 1373 1279 1345 1251 1343 1249 1357 1263 1374 1280 1343 1249 1374 1280 1372 1278 1343 1249 1311 1217 1368 1274 1362 1268 1375 1281 1376 1282 1139 1045 1377 1283 1375 1281 1139 1045 1225 1131 1377 1283 1139 1045 1376 1282 1260 1166 1139 1045 1336 1242 1378 1284 1256 1162 1378 1284 1275 1181 1256 1162 1379 1285 1308 1214 1273 1179 1333 1239 1379 1285 1273 1179 1293 1199 1380 1286 1291 1197 1380 1286 1290 1196 1291 1197 1264 1170 1381 1287 1310 1216 1381 1287 1324 1230 1310 1216 1307 1213 1382 1288 1251 1157 1382 1288 1315 1221 1251 1157 1340 1246 1309 1215 1266 1172 1383 1289 1384 1290 1345 1251 1373 1279 1383 1289 1345 1251 1384 1290 1346 1252 1345 1251 1300 1206 1385 1291 1283 1189 1297 1203 1300 1206 1283 1189 1385 1291 1353 1259 1283 1189 1386 1292 1341 1247 1320 1226 1369 1275 1386 1292 1320 1226 1317 1223 1387 1293 1295 1201 1387 1293 1294 1200 1295 1201 1321 1227 1388 1294 1238 1144 1388 1294 1287 1193 1238 1144 1264 1170 1389 1295 1381 1287 1389 1295 1324 1230 1381 1287 1342 1248 1390 1296 1264 1170 1390 1296 1389 1295 1264 1170 1316 1222 1391 1297 1255 1161 1391 1297 1331 1237 1255 1161 1365 1271 1392 1298 1322 1228 1392 1298 1393 1299 1322 1228 1302 1208 1301 1207 1275 1181 1378 1284 1302 1208 1275 1181 1384 1290 1394 1300 1346 1252 1394 1300 1352 1258 1346 1252 1395 1301 1344 1250 1326 1232 1352 1258 1395 1301 1326 1232 1396 1302 1397 1303 1383 1289 1373 1279 1396 1302 1383 1289 1398 1304 1384 1290 1383 1289 1397 1303 1398 1304 1383 1289 1399 1305 1349 1255 1341 1247 1386 1292 1399 1305 1341 1247 1400 1306 1401 1307 1351 1257 1401 1307 1402 1308 1351 1257 1350 1256 1400 1306 1351 1257 1402 1308 1403 1309 1351 1257 1403 1309 1404 1310 1351 1257 1405 1311 1396 1302 1373 1279 1372 1278 1406 1312 1373 1279 1406 1312 1405 1311 1373 1279 1299 1205 1385 1291 1300 1206 1378 1284 1407 1313 1302 1208 1407 1313 1303 1209 1302 1208 1408 1314 1409 1314 1410 1314 1409 1315 1318 1224 1410 1316 1379 1285 1411 1317 1308 1214 1411 1317 1313 1219 1308 1214 1356 1262 1412 1318 1357 1263 1412 1318 1374 1280 1357 1263 1413 1319 1414 1320 1340 1246 1414 1320 1309 1215 1340 1246 1344 1250 1413 1319 1340 1246 1348 1254 1415 1321 1304 1210 1415 1321 1416 1322 1304 1210 1417 1323 1418 1324 1311 1217 1418 1324 1368 1274 1311 1217 1313 1219 1419 1325 1311 1217 1419 1325 1417 1323 1311 1217 1420 1326 1350 1256 1349 1255 1399 1305 1420 1326 1349 1255 1421 1327 1422 1327 1423 1327 1424 1328 1421 1328 1423 1328 1425 1329 1421 1329 1424 1329 1426 1330 1425 1330 1424 1330 1427 1331 1428 1331 1429 1331 1430 47 1431 47 1429 47 1432 1332 1430 1332 1429 1332 1431 47 1433 47 1429 47 1433 47 1434 47 1429 47 1434 47 1435 47 1429 47 1428 1333 1436 1333 1429 1333 1436 1334 1437 1334 1429 1334 1437 1335 1438 1335 1429 1335 1435 47 1439 47 1429 47 1439 47 1440 47 1429 47 1440 1336 1427 1336 1429 1336 1441 47 1442 47 1429 47 1442 47 1443 47 1429 47 1443 47 1432 47 1429 47 1437 1337 1444 1337 1438 1337 1437 1338 1445 1338 1444 1338 1446 1339 1447 1339 1441 1339 1447 1340 1442 1340 1441 1340 1448 47 1447 47 1446 47 1449 47 1447 47 1448 47 1437 1341 1450 1341 1445 1341 1437 1342 1451 1342 1450 1342 1437 1343 1452 1343 1451 1343 1453 47 1447 47 1449 47 1454 47 1447 47 1453 47 1455 47 1447 47 1454 47 1437 1344 1456 1344 1452 1344 1437 1345 1457 1345 1456 1345 1437 1346 1458 1346 1457 1346 1458 1347 1459 1347 1457 1347 1459 47 1460 47 1457 47 1460 47 1461 47 1457 47 1462 47 1447 47 1455 47 1463 47 1462 47 1455 47 1464 47 1462 47 1463 47 1465 47 1462 47 1464 47 1460 1348 1466 1348 1461 1348 1467 47 1462 47 1465 47 1459 1349 1468 1349 1460 1349 1469 47 1462 47 1467 47 1470 47 1469 47 1467 47 1471 47 1469 47 1470 47 1472 47 1469 47 1471 47 1473 1350 1469 1350 1472 1350 1474 1351 1473 1351 1472 1351 1475 47 1473 47 1474 47 1476 1352 1473 1352 1475 1352 1477 47 1473 47 1476 47 1478 47 1473 47 1477 47 1479 47 1431 47 1430 47 1480 47 1473 47 1478 47 1421 47 1473 47 1480 47 1481 47 1421 47 1480 47 1482 1353 1421 1353 1481 1353 1483 47 1431 47 1479 47 1484 47 1421 47 1482 47 1485 47 1421 47 1484 47 1486 47 1421 47 1485 47 1422 1354 1421 1354 1486 1354 1487 47 1431 47 1483 47 1488 1355 1487 1355 1483 1355 1489 47 1490 47 1487 47 1396 1302 1405 1311 1487 1356 1405 1311 1406 1312 1487 1356 1406 1312 1372 1278 1487 1356 1372 1278 1374 1280 1487 1356 1491 1357 1492 1357 1487 1357 1492 1358 1493 1358 1487 1358 1493 47 1494 47 1487 47 1495 1359 1496 1360 1487 1356 1496 1360 1497 1361 1487 1356 1497 1361 1498 1362 1487 1356 1498 1362 1499 1363 1487 1356 1499 1363 1500 1364 1487 1356 1500 1364 1396 1302 1487 1356 1501 1365 1502 1365 1487 1365 1503 47 1501 47 1487 47 1502 47 1504 47 1487 47 1504 1366 1505 1366 1487 1366 1505 1367 1506 1367 1487 1367 1494 47 1507 47 1487 47 1507 47 1508 47 1487 47 1508 47 1509 47 1487 47 1509 47 1510 47 1487 47 1510 47 1511 47 1487 47 1511 47 1512 47 1487 47 1512 1368 1513 1368 1487 1368 1513 47 1514 47 1487 47 1514 47 1515 47 1487 47 1515 47 1516 47 1487 47 1516 47 1517 47 1487 47 1517 47 1503 47 1487 47 1488 1369 1518 1369 1487 1369 1518 47 1519 47 1487 47 1519 1370 1495 1359 1487 1356 1506 1371 1520 1371 1487 1371 1520 47 1521 47 1487 47 1521 47 1489 47 1487 47 1522 47 1523 47 1425 47 1523 47 1524 47 1425 47 1524 47 1525 47 1425 47 1525 47 1526 47 1425 47 1426 1372 1522 1372 1425 1372 1527 1373 1528 1373 1526 1373 1525 1374 1529 1374 1526 1374 1529 1375 1527 1375 1526 1375 1528 1376 1530 1376 1526 1376 1530 47 1531 47 1526 47 1531 47 1532 47 1526 47 1533 47 1534 47 1532 47 1534 47 1535 47 1532 47 1535 47 1536 47 1532 47 1536 47 1537 47 1532 47 1537 47 1538 47 1532 47 1538 47 1539 47 1532 47 1539 1377 1540 1377 1532 1377 1531 47 1541 47 1532 47 1541 47 1533 47 1532 47 1542 1378 1495 1359 1519 1370 1415 1321 1348 1254 1540 1379 1539 1380 1416 1322 1540 1379 1416 1322 1415 1321 1540 1379 1348 1254 1393 1299 1540 1379 1393 1299 1392 1298 1540 1379 1392 1298 1543 1381 1540 1379 1544 1382 1495 1359 1542 1378 1545 1383 1546 1384 1543 1381 1546 1384 1547 1385 1543 1381 1403 1309 1402 1308 1543 1381 1402 1308 1401 1307 1543 1381 1401 1307 1545 1383 1543 1381 1392 1298 1404 1310 1543 1381 1404 1310 1403 1309 1543 1381 1547 1385 1548 1386 1544 1382 1548 1386 1495 1359 1544 1382 1546 1384 1549 1387 1547 1385 1549 1387 1548 1386 1547 1385 1500 1364 1397 1303 1396 1302 1499 1363 1397 1303 1500 1364 1550 1388 1397 1303 1499 1363 1498 1362 1550 1388 1499 1363 1400 1306 1545 1383 1401 1307 1400 1306 1546 1384 1545 1383 1497 1361 1550 1388 1498 1362 1551 1389 1550 1388 1497 1361 1496 1360 1551 1389 1497 1361 1552 1390 1549 1387 1546 1384 1400 1306 1552 1390 1546 1384 1495 1359 1551 1389 1496 1360 1553 1391 1551 1389 1495 1359 1548 1386 1553 1391 1495 1359 1553 1391 1548 1386 1549 1387 1552 1390 1553 1391 1549 1387 1554 1392 1555 1393 1350 1256 1420 1326 1554 1392 1350 1256 1555 1393 1400 1306 1350 1256 1555 1393 1552 1390 1400 1306 1411 1317 1419 1325 1313 1219 1556 1394 1321 1227 1247 1153 1330 1236 1556 1394 1247 1153 1555 1393 1557 1395 1552 1390 1557 1395 1553 1391 1552 1390 1558 1396 1551 1389 1553 1391 1557 1395 1558 1396 1553 1391 1389 1295 1390 1296 1324 1230 1390 1296 1559 1397 1324 1230 1559 1397 1560 1398 1324 1230 1560 1398 1325 1231 1324 1230 1550 1388 1561 1399 1397 1303 1562 1400 1398 1304 1397 1303 1561 1399 1562 1400 1397 1303 1563 1401 1550 1388 1551 1389 1558 1396 1563 1401 1551 1389 1414 1320 1342 1248 1309 1215 1563 1401 1561 1399 1550 1388 1398 1304 1564 1402 1384 1290 1564 1402 1394 1300 1384 1290 1325 1231 1565 1403 1240 1146 1565 1403 1330 1236 1240 1146 1353 1259 1566 1404 1333 1239 1566 1404 1379 1285 1333 1239 1418 1324 1369 1275 1368 1274 1567 1405 1336 1242 1287 1193 1388 1294 1567 1405 1287 1193 1568 1406 1395 1301 1352 1258 1394 1300 1568 1406 1352 1258 1554 1392 1569 1407 1555 1393 1569 1407 1557 1395 1555 1393 1399 1305 1570 1408 1420 1326 1570 1408 1554 1392 1420 1326 1562 1400 1571 1409 1398 1304 1571 1409 1564 1402 1398 1304 1572 1410 1386 1292 1369 1275 1573 1411 1572 1410 1369 1275 1574 1412 1573 1411 1369 1275 1418 1324 1574 1412 1369 1275 1386 1292 1575 1413 1399 1305 1575 1413 1570 1408 1399 1305 1576 1414 1577 1415 1390 1296 1342 1248 1576 1414 1390 1296 1577 1415 1559 1397 1390 1296 1572 1410 1575 1413 1386 1292 1569 1407 1578 1416 1557 1395 1578 1416 1558 1396 1557 1395 1561 1399 1579 1417 1562 1400 1579 1417 1580 1418 1562 1400 1580 1418 1571 1409 1562 1400 1417 1323 1574 1412 1418 1324 1581 1419 1566 1404 1353 1259 1385 1291 1581 1419 1353 1259 1395 1301 1582 1420 1344 1250 1582 1420 1413 1319 1344 1250 1583 1421 1563 1401 1558 1396 1578 1416 1583 1421 1558 1396 1576 1414 1584 1422 1577 1415 1584 1422 1559 1397 1577 1415 1585 1423 1573 1411 1574 1412 1417 1323 1585 1423 1574 1412 1570 1408 1586 1424 1554 1392 1586 1424 1569 1407 1554 1392 1587 1425 1579 1417 1561 1399 1563 1401 1587 1425 1561 1399 1583 1421 1587 1425 1563 1401 1414 1320 1576 1414 1342 1248 1567 1405 1588 1426 1336 1242 1588 1426 1378 1284 1336 1242 1589 1427 1411 1317 1379 1285 1566 1404 1589 1427 1379 1285 1564 1402 1590 1428 1394 1300 1590 1428 1568 1406 1394 1300 1591 1429 1592 1430 1585 1423 1417 1323 1591 1429 1585 1423 1593 1431 1594 1432 1385 1291 1299 1205 1593 1431 1385 1291 1594 1432 1581 1419 1385 1291 1298 1204 1593 1431 1299 1205 1556 1394 1595 1433 1321 1227 1595 1433 1388 1294 1321 1227 1596 1434 1407 1313 1378 1284 1588 1426 1596 1434 1378 1284 1597 1435 1578 1416 1569 1407 1586 1424 1598 1436 1569 1407 1598 1436 1597 1435 1569 1407 1413 1319 1599 1437 1414 1320 1599 1437 1600 1438 1414 1320 1600 1438 1576 1414 1414 1320 1575 1413 1601 1439 1570 1408 1601 1439 1586 1424 1570 1408 1596 1434 1303 1209 1407 1313 1576 1414 1602 1440 1584 1422 1602 1440 1559 1397 1584 1422 1571 1409 1603 1441 1564 1402 1603 1441 1590 1428 1564 1402 1589 1427 1604 1442 1411 1317 1604 1442 1419 1325 1411 1317 1605 1443 1606 1444 1417 1323 1606 1444 1591 1429 1417 1323 1419 1325 1607 1445 1417 1323 1607 1445 1605 1443 1417 1323 1572 1410 1608 1446 1575 1413 1608 1446 1601 1439 1575 1413 1604 1442 1607 1445 1419 1325 1609 1447 1582 1420 1395 1301 1568 1406 1609 1447 1395 1301 1602 1440 1610 1448 1559 1397 1610 1448 1611 1449 1559 1397 1611 1449 1560 1398 1559 1397 1612 1450 1556 1394 1330 1236 1565 1403 1612 1450 1330 1236 1613 1451 1594 1432 1593 1431 1298 1204 1613 1451 1593 1431 1588 1426 1614 1452 1596 1434 1614 1452 1303 1209 1596 1434 1597 1435 1615 1453 1578 1416 1615 1453 1583 1421 1578 1416 1580 1418 1616 1454 1571 1409 1616 1454 1603 1441 1571 1409 1560 1398 1617 1455 1325 1231 1617 1455 1565 1403 1325 1231 1618 1456 1608 1446 1572 1410 1592 1430 1618 1456 1572 1410 1600 1438 1619 1457 1576 1414 1619 1457 1602 1440 1576 1414 1581 1419 1620 1458 1566 1404 1620 1458 1589 1427 1566 1404 1591 1429 1618 1456 1592 1430 1601 1439 1621 1459 1586 1424 1621 1459 1598 1436 1586 1424 1606 1444 1618 1456 1591 1429 1622 1460 1567 1405 1388 1294 1595 1433 1622 1460 1388 1294 1623 1461 1616 1454 1580 1418 1579 1417 1623 1461 1580 1418 1619 1457 1610 1448 1602 1440 1624 1462 1587 1425 1583 1421 1615 1453 1624 1462 1583 1421 1625 1463 1626 1464 1298 1204 1626 1464 1627 1465 1298 1204 1627 1465 1613 1451 1298 1204 1614 1452 1628 1466 1303 1209 1628 1466 1629 1467 1303 1209 1629 1467 1630 1468 1303 1209 1588 1426 1628 1466 1614 1452 1627 1465 1594 1432 1613 1451 1587 1425 1631 1469 1579 1417 1631 1469 1623 1461 1579 1417 1624 1462 1631 1469 1587 1425 1632 1470 1599 1437 1413 1319 1582 1420 1632 1470 1413 1319 1633 1471 1609 1447 1568 1406 1590 1428 1633 1471 1568 1406 1634 1472 1620 1458 1581 1419 1594 1432 1634 1472 1581 1419 1621 1459 1635 1473 1598 1436 1635 1473 1597 1435 1598 1436 1608 1446 1636 1474 1601 1439 1636 1474 1621 1459 1601 1439 1622 1460 1637 1475 1567 1405 1637 1475 1588 1426 1567 1405 1638 1476 1604 1442 1589 1427 1620 1458 1638 1476 1589 1427 1627 1465 1626 1464 1594 1432 1626 1464 1639 1477 1594 1432 1639 1477 1634 1472 1594 1432 1640 1478 1618 1456 1606 1444 1605 1443 1640 1478 1606 1444 1612 1450 1641 1479 1556 1394 1641 1479 1595 1433 1556 1394 1637 1475 1629 1467 1588 1426 1629 1467 1628 1466 1588 1426 1603 1441 1642 1480 1590 1428 1642 1480 1633 1471 1590 1428 1635 1473 1643 1481 1597 1435 1643 1481 1615 1453 1597 1435 1644 1482 1636 1474 1608 1446 1618 1456 1644 1482 1608 1446 1645 1483 1640 1478 1605 1443 1607 1445 1646 1484 1605 1443 1646 1484 1645 1483 1605 1443 1647 1485 1648 1486 1600 1438 1648 1486 1649 1487 1600 1438 1649 1487 1619 1457 1600 1438 1599 1437 1647 1485 1600 1438 1638 1476 1650 1488 1604 1442 1650 1488 1607 1445 1604 1442 1619 1457 1651 1489 1610 1448 1651 1489 1652 1490 1610 1448 1652 1490 1611 1449 1610 1448 1640 1478 1653 1491 1618 1456 1653 1491 1644 1482 1618 1456 1654 1492 1624 1462 1615 1453 1643 1481 1655 1493 1615 1453 1655 1493 1654 1492 1615 1453 1650 1488 1646 1484 1607 1445 1609 1447 1656 1494 1582 1420 1656 1494 1632 1470 1582 1420 1657 1495 1612 1450 1565 1403 1617 1455 1657 1495 1565 1403 1636 1474 1658 1496 1621 1459 1658 1496 1635 1473 1621 1459 1616 1454 1659 1497 1603 1441 1659 1497 1642 1480 1603 1441 1649 1487 1651 1489 1619 1457 1611 1449 1660 1498 1560 1398 1660 1498 1617 1455 1560 1398 1634 1472 1661 1499 1620 1458 1661 1499 1638 1476 1620 1458 1645 1483 1653 1491 1640 1478 1662 1500 1644 1482 1653 1491 1645 1483 1662 1500 1653 1491 1623 1461 1663 1501 1616 1454 1663 1501 1659 1497 1616 1454 1648 1486 1651 1489 1649 1487 1664 1502 1622 1460 1595 1433 1641 1479 1664 1502 1595 1433 1665 1503 1631 1469 1624 1462 1654 1492 1665 1503 1624 1462 1647 1485 1651 1489 1648 1486 1666 1504 1639 1477 1626 1464 1625 1463 1666 1504 1626 1464 1637 1475 1667 1505 1629 1467 1667 1505 1630 1468 1629 1467 1668 1506 1663 1501 1623 1461 1631 1469 1668 1506 1623 1461 1665 1503 1668 1506 1631 1469 1658 1496 1669 1507 1635 1473 1669 1507 1643 1481 1635 1473 1670 1508 1658 1496 1636 1474 1644 1482 1670 1508 1636 1474 1671 1509 1661 1499 1634 1472 1639 1477 1671 1509 1634 1472 1672 1510 1656 1494 1609 1447 1633 1471 1672 1510 1609 1447 1673 1511 1674 1512 1599 1437 1632 1470 1673 1511 1599 1437 1674 1512 1647 1485 1599 1437 1664 1502 1675 1513 1622 1460 1675 1513 1637 1475 1622 1460 1676 1514 1650 1488 1638 1476 1661 1499 1676 1514 1638 1476 1677 1515 1678 1516 1639 1477 1666 1504 1677 1515 1639 1477 1678 1516 1671 1509 1639 1477 1679 1517 1644 1482 1662 1500 1645 1483 1679 1517 1662 1500 1625 1463 1677 1515 1666 1504 1657 1495 1680 1518 1612 1450 1680 1518 1641 1479 1612 1450 1679 1517 1670 1508 1644 1482 1681 1519 1667 1505 1637 1475 1675 1513 1682 1520 1637 1475 1682 1520 1683 1521 1637 1475 1683 1521 1681 1519 1637 1475 1684 1522 1685 1523 1645 1483 1685 1523 1679 1517 1645 1483 1646 1484 1686 1524 1645 1483 1686 1524 1684 1522 1645 1483 1669 1507 1687 1525 1643 1481 1687 1525 1655 1493 1643 1481 1681 1519 1630 1468 1667 1505 1647 1485 1674 1512 1651 1489 1674 1512 1688 1526 1651 1489 1688 1526 1689 1527 1651 1489 1689 1527 1652 1490 1651 1489 1690 1528 1672 1510 1633 1471 1642 1480 1690 1528 1633 1471 1676 1514 1691 1529 1650 1488 1691 1529 1646 1484 1650 1488 1691 1529 1686 1524 1646 1484 1692 1530 1657 1495 1617 1455 1660 1498 1692 1530 1617 1455 1693 1531 1669 1507 1658 1496 1670 1508 1693 1531 1658 1496 1652 1490 1694 1532 1611 1449 1694 1532 1660 1498 1611 1449 1687 1525 1695 1533 1655 1493 1695 1533 1654 1492 1655 1493 1685 1523 1670 1508 1679 1517 1671 1509 1696 1534 1661 1499 1696 1534 1676 1514 1661 1499 1697 1535 1698 1536 1632 1470 1698 1536 1699 1537 1632 1470 1699 1537 1673 1511 1632 1470 1656 1494 1697 1535 1632 1470 1659 1497 1700 1538 1642 1480 1700 1538 1690 1528 1642 1480 1701 1539 1664 1502 1641 1479 1680 1518 1701 1539 1641 1479 1673 1511 1688 1526 1674 1512 1695 1533 1702 1540 1654 1492 1702 1540 1665 1503 1654 1492 1663 1501 1703 1541 1659 1497 1703 1541 1700 1538 1659 1497 1702 1540 1704 1542 1665 1503 1704 1542 1668 1506 1665 1503 1705 1543 1693 1531 1670 1508 1706 1544 1705 1543 1670 1508 1685 1523 1706 1544 1670 1508 1707 1545 1678 1516 1677 1515 1625 1463 1707 1545 1677 1515 1708 1546 1696 1534 1671 1509 1678 1516 1708 1546 1671 1509 1683 1521 1630 1468 1681 1519 1709 1547 1687 1525 1669 1507 1693 1531 1709 1547 1669 1507 1668 1506 1710 1548 1663 1501 1710 1548 1703 1541 1663 1501 1704 1542 1711 1549 1668 1506 1711 1549 1710 1548 1668 1506 1701 1539 1712 1550 1664 1502 1712 1550 1675 1513 1664 1502 1713 1551 1691 1529 1676 1514 1696 1534 1713 1551 1676 1514 1684 1522 1706 1544 1685 1523 1714 1552 1715 1553 1678 1516 1707 1545 1714 1552 1678 1516 1715 1553 1708 1546 1678 1516 1684 1522 1705 1543 1706 1544 1716 1554 1717 1555 1656 1494 1718 1556 1716 1554 1656 1494 1672 1510 1718 1556 1656 1494 1717 1555 1697 1535 1656 1494 1625 1463 1714 1552 1707 1545 1692 1530 1719 1557 1657 1495 1719 1557 1680 1518 1657 1495 1699 1537 1688 1526 1673 1511 1712 1550 1720 1558 1675 1513 1720 1558 1682 1520 1675 1513 1721 1559 1714 1552 1625 1463 1683 1521 1722 1560 1630 1468 1682 1520 1722 1560 1683 1521 1723 1561 1715 1553 1714 1552 1721 1559 1723 1561 1714 1552 1720 1558 1722 1560 1682 1520 1691 1529 1724 1562 1686 1524 1724 1562 1725 1563 1686 1524 1725 1563 1684 1522 1686 1524 1713 1551 1724 1562 1691 1529 1698 1536 1688 1526 1699 1537 1726 1564 1695 1533 1687 1525 1709 1547 1726 1564 1687 1525 1689 1527 1727 1565 1652 1490 1727 1565 1694 1532 1652 1490 1728 1566 1692 1530 1660 1498 1694 1532 1728 1566 1660 1498 1729 1567 1693 1531 1705 1543 1730 1568 1729 1567 1705 1543 1684 1522 1730 1568 1705 1543 1729 1567 1731 1569 1693 1531 1731 1569 1732 1570 1693 1531 1732 1570 1709 1547 1693 1531 1733 1571 1734 1572 1672 1510 1734 1572 1735 1573 1672 1510 1735 1573 1718 1556 1672 1510 1690 1528 1733 1571 1672 1510 1708 1546 1736 1574 1696 1534 1736 1574 1713 1551 1696 1534 1697 1535 1737 1575 1698 1536 1737 1575 1688 1526 1698 1536 1738 1576 1701 1539 1680 1518 1719 1557 1738 1576 1680 1518 1739 1577 1702 1540 1695 1533 1726 1564 1739 1577 1695 1533 1730 1568 1731 1569 1729 1567 1717 1555 1737 1575 1697 1535 1740 1578 1741 1579 1690 1528 1741 1579 1742 1580 1690 1528 1742 1580 1743 1581 1690 1528 1743 1581 1733 1571 1690 1528 1700 1538 1740 1578 1690 1528 1725 1563 1744 1582 1684 1522 1744 1582 1730 1568 1684 1522 1745 1583 1736 1574 1708 1546 1715 1553 1745 1583 1708 1546 1746 1584 1704 1542 1702 1540 1739 1577 1746 1584 1702 1540 1737 1575 1747 1585 1688 1526 1747 1585 1748 1586 1688 1526 1748 1586 1689 1527 1688 1526 1738 1576 1749 1587 1701 1539 1749 1587 1712 1550 1701 1539 1730 1568 1732 1570 1731 1569 1750 1588 1724 1562 1713 1551 1736 1574 1750 1588 1713 1551 1751 1589 1726 1564 1709 1547 1752 1590 1753 1591 1709 1547 1753 1591 1754 1592 1709 1547 1754 1592 1751 1589 1709 1547 1732 1570 1755 1593 1709 1547 1755 1593 1752 1590 1709 1547 1756 1594 1757 1595 1715 1553 1723 1561 1756 1594 1715 1553 1757 1595 1745 1583 1715 1553 1721 1559 1756 1594 1723 1561 1758 1596 1722 1560 1720 1558 1712 1550 1758 1596 1720 1558 1759 1597 1756 1594 1721 1559 1758 1596 1760 1598 1722 1560 1761 1599 1762 1600 1700 1538 1762 1600 1763 1601 1700 1538 1763 1601 1764 1602 1700 1538 1703 1541 1761 1599 1700 1538 1764 1602 1740 1578 1700 1538 1765 1603 1711 1549 1704 1542 1766 1604 1765 1603 1704 1542 1746 1584 1766 1604 1704 1542 1728 1566 1767 1605 1692 1530 1767 1605 1719 1557 1692 1530 1716 1554 1737 1575 1717 1555 1749 1587 1768 1606 1712 1550 1768 1606 1758 1596 1712 1550 1769 1607 1744 1582 1725 1563 1724 1562 1769 1607 1725 1563 1768 1606 1760 1598 1758 1596 1718 1556 1770 1608 1716 1554 1771 1609 1737 1575 1716 1554 1770 1608 1771 1609 1716 1554 1750 1588 1769 1607 1724 1562 1772 1610 1773 1611 1703 1541 1774 1612 1772 1610 1703 1541 1710 1548 1775 1613 1703 1541 1775 1613 1774 1612 1703 1541 1773 1611 1761 1599 1703 1541 1748 1586 1776 1614 1689 1527 1776 1614 1727 1565 1689 1527 1730 1568 1777 1615 1732 1570 1777 1615 1755 1593 1732 1570 1765 1603 1778 1616 1711 1549 1778 1616 1710 1548 1711 1549 1779 1617 1775 1613 1710 1548 1778 1616 1779 1617 1710 1548 1780 1618 1728 1566 1694 1532 1727 1565 1780 1618 1694 1532 1777 1615 1752 1590 1755 1593 1781 1619 1782 1620 1718 1556 1782 1620 1770 1608 1718 1556 1735 1573 1781 1619 1718 1556 1782 1620 1771 1609 1770 1608 1781 1619 1771 1609 1782 1620 1783 1621 1739 1577 1726 1564 1751 1589 1784 1622 1726 1564 1784 1622 1783 1621 1726 1564 1745 1583 1785 1623 1736 1574 1785 1623 1750 1588 1736 1574 1786 1624 1738 1576 1719 1557 1767 1605 1786 1624 1719 1557 1744 1582 1787 1625 1730 1568 1787 1625 1777 1615 1730 1568 1777 1615 1753 1591 1752 1590 1771 1609 1788 1626 1737 1575 1788 1626 1747 1585 1737 1575 1735 1573 1789 1627 1781 1619 1789 1627 1771 1609 1781 1619 1790 1628 1785 1623 1745 1583 1757 1595 1790 1628 1745 1583 1791 1629 1746 1584 1739 1577 1792 1630 1791 1629 1739 1577 1783 1621 1793 1631 1739 1577 1793 1631 1794 1632 1739 1577 1794 1632 1795 1633 1739 1577 1795 1633 1792 1630 1739 1577 1796 1634 1754 1592 1753 1591 1777 1615 1796 1634 1753 1591 1734 1572 1789 1627 1735 1573 1786 1624 1797 1635 1738 1576 1797 1635 1749 1587 1738 1576 1798 1636 1760 1598 1768 1606 1749 1587 1798 1636 1768 1606 1759 1597 1799 1637 1756 1594 1799 1637 1757 1595 1756 1594 1800 1638 1769 1607 1750 1588 1785 1623 1800 1638 1750 1588 1801 1639 1799 1637 1759 1597 1802 1640 1803 1641 1759 1597 1803 1641 1804 1642 1759 1597 1804 1642 1801 1639 1759 1597 1798 1636 1805 1643 1760 1598 1805 1643 1806 1644 1760 1598 1806 1644 1807 1645 1760 1598 1796 1634 1751 1589 1754 1592 1808 1646 1787 1625 1744 1582 1769 1607 1808 1646 1744 1582 1801 1639 1809 1647 1757 1595 1799 1637 1801 1639 1757 1595 1809 1647 1790 1628 1757 1595 1780 1618 1810 1648 1728 1566 1810 1648 1767 1605 1728 1566 1747 1585 1811 1649 1748 1586 1811 1649 1776 1614 1748 1586 1797 1635 1805 1643 1749 1587 1805 1643 1798 1636 1749 1587 1800 1638 1808 1646 1769 1607 1812 1650 1813 1651 1746 1584 1813 1651 1814 1652 1746 1584 1814 1652 1815 1653 1746 1584 1815 1653 1766 1604 1746 1584 1791 1629 1812 1650 1746 1584 1816 1654 1780 1618 1727 1565 1776 1614 1816 1654 1727 1565 1733 1571 1817 1655 1734 1572 1817 1655 1789 1627 1734 1572 1804 1642 1809 1647 1801 1639 1796 1634 1784 1622 1751 1589 1797 1635 1806 1644 1805 1643 1787 1625 1818 1656 1777 1615 1818 1656 1796 1634 1777 1615 1819 1657 1783 1621 1784 1622 1796 1634 1819 1657 1784 1622 1789 1627 1820 1658 1771 1609 1820 1658 1788 1626 1771 1609 1743 1581 1817 1655 1733 1571 1821 1659 1822 1660 1766 1604 1822 1660 1823 1661 1766 1604 1823 1661 1824 1662 1766 1604 1815 1653 1825 1663 1766 1604 1825 1663 1821 1659 1766 1604 1824 1662 1765 1603 1766 1604 1742 1580 1826 1664 1743 1581 1826 1664 1817 1655 1743 1581 1790 1628 1827 1665 1785 1623 1827 1665 1800 1638 1785 1623 1828 1666 1786 1624 1767 1605 1810 1648 1828 1666 1767 1605 1829 1667 1793 1631 1783 1621 1819 1657 1829 1667 1783 1621 1829 1667 1794 1632 1793 1631 1741 1579 1826 1664 1742 1580 1830 1668 1818 1656 1787 1625 1808 1646 1830 1668 1787 1625 1829 1667 1795 1633 1794 1632 1831 1669 1827 1665 1790 1628 1809 1647 1831 1669 1790 1628 1740 1578 1826 1664 1741 1579 1788 1626 1832 1670 1747 1585 1832 1670 1811 1649 1747 1585 1833 1671 1808 1646 1800 1638 1827 1665 1833 1671 1800 1638 1834 1672 1826 1664 1740 1578 1764 1602 1834 1672 1740 1578 1828 1666 1835 1673 1786 1624 1835 1673 1797 1635 1786 1624 1816 1654 1836 1674 1780 1618 1836 1674 1810 1648 1780 1618 1818 1656 1837 1675 1796 1634 1837 1675 1819 1657 1796 1634 1803 1641 1838 1676 1809 1647 1804 1642 1803 1641 1809 1647 1838 1676 1831 1669 1809 1647 1833 1671 1830 1668 1808 1646 1817 1655 1839 1677 1789 1627 1839 1677 1820 1658 1789 1627 1840 1678 1792 1630 1795 1633 1829 1667 1840 1678 1795 1633 1841 1679 1816 1654 1776 1614 1811 1649 1841 1679 1776 1614 1763 1601 1834 1672 1764 1602 1835 1673 1842 1680 1797 1635 1842 1680 1806 1644 1797 1635 1840 1678 1791 1629 1792 1630 1842 1680 1807 1645 1806 1644 1840 1678 1812 1650 1791 1629 1762 1600 1834 1672 1763 1601 1761 1599 1843 1681 1762 1600 1843 1681 1834 1672 1762 1600 1840 1678 1844 1682 1812 1650 1844 1682 1813 1651 1812 1650 1773 1611 1843 1681 1761 1599 1802 1640 1845 1683 1803 1641 1845 1683 1838 1676 1803 1641 1846 1684 1814 1652 1813 1651 1844 1682 1846 1684 1813 1651 1831 1669 1847 1685 1827 1665 1847 1685 1833 1671 1827 1665 1848 1686 1807 1645 1842 1680 1835 1673 1848 1686 1842 1680 1846 1684 1815 1653 1814 1652 1846 1684 1825 1663 1815 1653 1772 1610 1849 1687 1773 1611 1849 1687 1843 1681 1773 1611 1774 1612 1849 1687 1772 1610 1850 1688 1828 1666 1810 1648 1836 1674 1850 1688 1810 1648 1851 1689 1849 1687 1774 1612 1775 1613 1851 1689 1774 1612 1837 1675 1852 1690 1819 1657 1852 1690 1829 1667 1819 1657 1853 1691 1837 1675 1818 1656 1830 1668 1853 1691 1818 1656 1826 1664 1854 1692 1817 1655 1854 1692 1839 1677 1817 1655 1855 1693 1821 1659 1825 1663 1846 1684 1855 1693 1825 1663 1820 1658 1856 1694 1788 1626 1856 1694 1832 1670 1788 1626 1779 1617 1851 1689 1775 1613 1855 1693 1822 1660 1821 1659 1857 1695 1851 1689 1779 1617 1778 1616 1857 1695 1779 1617 1765 1603 1857 1695 1778 1616 1858 1696 1823 1661 1822 1660 1855 1693 1858 1696 1822 1660 1859 1697 1857 1695 1765 1603 1824 1662 1859 1697 1765 1603 1823 1661 1859 1697 1824 1662 1858 1696 1859 1697 1823 1661 1860 1698 1847 1685 1831 1669 1838 1676 1860 1698 1831 1669 1861 1699 1830 1668 1833 1671 1847 1685 1861 1699 1833 1671 1861 1699 1853 1691 1830 1668 1841 1679 1862 1700 1816 1654 1862 1700 1836 1674 1816 1654 1850 1688 1863 1701 1828 1666 1863 1701 1835 1673 1828 1666 1864 1702 1841 1679 1811 1649 1832 1670 1864 1702 1811 1649 1865 1703 1866 1704 1838 1676 1867 1705 1865 1703 1838 1676 1845 1683 1867 1705 1838 1676 1866 1704 1860 1698 1838 1676 1802 1640 1867 1705 1845 1683 1868 1706 1848 1686 1835 1673 1869 1707 1868 1706 1835 1673 1863 1701 1869 1707 1835 1673 1868 1706 1807 1645 1848 1686 1852 1690 1870 1708 1829 1667 1870 1708 1840 1678 1829 1667 1834 1672 1871 1709 1826 1664 1871 1709 1854 1692 1826 1664 1872 1710 1852 1690 1837 1675 1853 1691 1872 1710 1837 1675 1839 1677 1873 1711 1820 1658 1873 1711 1856 1694 1820 1658 1869 1707 1807 1645 1868 1706 1802 1640 1865 1703 1867 1705 1874 1712 1875 1713 1802 1640 1875 1713 1876 1714 1802 1640 1876 1714 1865 1703 1802 1640 1869 1707 1877 1715 1807 1645 1877 1715 1878 1716 1807 1645 1878 1716 1879 1717 1807 1645 1860 1698 1880 1718 1847 1685 1880 1718 1861 1699 1847 1685 1881 1719 1850 1688 1836 1674 1862 1700 1881 1719 1836 1674 1882 1720 1844 1682 1840 1678 1870 1708 1882 1720 1840 1678 1843 1681 1883 1721 1834 1672 1883 1721 1871 1709 1834 1672 1876 1714 1866 1704 1865 1703 1863 1701 1877 1715 1869 1707 1884 1722 1872 1710 1853 1691 1861 1699 1884 1722 1853 1691 1880 1718 1884 1722 1861 1699 1885 1723 1864 1702 1832 1670 1856 1694 1885 1723 1832 1670 1864 1702 1886 1724 1841 1679 1886 1724 1862 1700 1841 1679 1887 1725 1880 1718 1860 1698 1866 1704 1887 1725 1860 1698 1882 1720 1888 1726 1844 1682 1888 1726 1846 1684 1844 1682 1849 1687 1889 1727 1843 1681 1889 1727 1883 1721 1843 1681 1881 1719 1890 1728 1850 1688 1890 1728 1863 1701 1850 1688 1891 1729 1870 1708 1852 1690 1872 1710 1891 1729 1852 1690 1875 1713 1892 1730 1866 1704 1876 1714 1875 1713 1866 1704 1892 1730 1887 1725 1866 1704 1854 1692 1893 1731 1839 1677 1893 1731 1873 1711 1839 1677 1878 1716 1877 1715 1863 1701 1890 1728 1878 1716 1863 1701 1894 1732 1855 1693 1846 1684 1888 1726 1894 1732 1846 1684 1851 1689 1895 1733 1849 1687 1895 1733 1889 1727 1849 1687 1896 1734 1858 1696 1855 1693 1894 1732 1896 1734 1855 1693 1857 1695 1897 1735 1851 1689 1897 1735 1895 1733 1851 1689 1887 1725 1898 1736 1880 1718 1898 1736 1884 1722 1880 1718 1899 1737 1859 1697 1858 1696 1900 1738 1899 1737 1858 1696 1901 1739 1900 1738 1858 1696 1896 1734 1901 1739 1858 1696 1859 1697 1899 1737 1857 1695 1899 1737 1900 1738 1857 1695 1900 1738 1897 1735 1857 1695 1902 1740 1881 1719 1862 1700 1886 1724 1902 1740 1862 1700 1903 1741 1891 1729 1872 1710 1884 1722 1903 1741 1872 1710 1904 1742 1885 1723 1856 1694 1873 1711 1904 1742 1856 1694 1891 1729 1905 1743 1870 1708 1905 1743 1882 1720 1870 1708 1871 1709 1906 1744 1854 1692 1906 1744 1893 1731 1854 1692 1898 1736 1903 1741 1884 1722 1885 1723 1907 1745 1864 1702 1907 1745 1886 1724 1864 1702 1908 1746 1898 1736 1887 1725 1892 1730 1908 1746 1887 1725 1874 1712 1909 1747 1875 1713 1909 1747 1892 1730 1875 1713 1910 1748 1897 1735 1900 1738 1901 1739 1910 1748 1900 1738 1902 1740 1911 1749 1881 1719 1911 1749 1890 1728 1881 1719 1912 1750 1879 1717 1878 1716 1890 1728 1912 1750 1878 1716 1913 1751 1914 1752 1892 1730 1909 1747 1913 1751 1892 1730 1914 1752 1908 1746 1892 1730 1874 1712 1913 1751 1909 1747 1915 1753 1912 1750 1890 1728 1911 1749 1915 1753 1890 1728 1915 1753 1879 1717 1912 1750 1916 1754 1888 1726 1882 1720 1905 1743 1916 1754 1882 1720 1883 1721 1917 1755 1871 1709 1917 1755 1906 1744 1871 1709 1918 1756 1905 1743 1891 1729 1903 1741 1918 1756 1891 1729 1919 1757 1904 1742 1873 1711 1893 1731 1919 1757 1873 1711 1908 1746 1920 1758 1898 1736 1920 1758 1903 1741 1898 1736 1921 1759 1902 1740 1886 1724 1907 1745 1921 1759 1886 1724 1920 1758 1918 1756 1903 1741 1916 1754 1922 1760 1888 1726 1922 1760 1894 1732 1888 1726 1889 1727 1923 1761 1883 1721 1923 1761 1917 1755 1883 1721 1904 1742 1924 1762 1885 1723 1924 1762 1907 1745 1885 1723 1925 1763 1920 1758 1908 1746 1914 1752 1925 1763 1908 1746 1921 1759 1926 1764 1902 1740 1926 1764 1911 1749 1902 1740 1927 1765 1879 1717 1915 1753 1911 1749 1927 1765 1915 1753 1874 1712 1928 1766 1913 1751 1928 1766 1914 1752 1913 1751 1929 1767 1930 1768 1874 1712 1930 1768 1928 1766 1874 1712 1927 1765 1931 1769 1879 1717 1931 1769 1932 1770 1879 1717 1933 1771 1896 1734 1894 1732 1922 1760 1933 1771 1894 1732 1895 1733 1934 1772 1889 1727 1934 1772 1923 1761 1889 1727 1918 1756 1935 1773 1905 1743 1935 1773 1916 1754 1905 1743 1930 1768 1936 1774 1914 1752 1928 1766 1930 1768 1914 1752 1936 1774 1925 1763 1914 1752 1937 1775 1919 1757 1893 1731 1906 1744 1937 1775 1893 1731 1926 1764 1927 1765 1911 1749 1926 1764 1931 1769 1927 1765 1938 1776 1901 1739 1896 1734 1933 1771 1938 1776 1896 1734 1897 1735 1939 1777 1895 1733 1939 1777 1934 1772 1895 1733 1925 1763 1940 1778 1920 1758 1940 1778 1918 1756 1920 1758 1941 1779 1942 1780 1901 1739 1942 1780 1943 1781 1901 1739 1943 1781 1910 1748 1901 1739 1944 1782 1941 1779 1901 1739 1938 1776 1944 1782 1901 1739 1910 1748 1943 1781 1897 1735 1943 1781 1942 1780 1897 1735 1942 1780 1941 1779 1897 1735 1941 1779 1939 1777 1897 1735 1924 1762 1945 1783 1907 1745 1946 1784 1921 1759 1907 1745 1945 1783 1946 1784 1907 1745 1940 1778 1935 1773 1918 1756 1919 1757 1947 1785 1904 1742 1947 1785 1924 1762 1904 1742 1948 1786 1922 1760 1916 1754 1935 1773 1948 1786 1916 1754 1949 1787 1937 1775 1906 1744 1917 1755 1949 1787 1906 1744 1950 1788 1940 1778 1925 1763 1936 1774 1950 1788 1925 1763 1946 1784 1951 1789 1921 1759 1951 1789 1926 1764 1921 1759 1947 1785 1952 1790 1924 1762 1952 1790 1945 1783 1924 1762 1953 1791 1954 1792 1936 1774 1930 1768 1953 1791 1936 1774 1954 1792 1950 1788 1936 1774 1929 1767 1953 1791 1930 1768 1955 1793 1931 1769 1926 1764 1951 1789 1955 1793 1926 1764 1955 1793 1932 1770 1931 1769 1956 1794 1957 1795 1922 1760 1948 1786 1956 1794 1922 1760 1957 1795 1933 1771 1922 1760 1958 1796 1949 1787 1917 1755 1923 1761 1958 1796 1917 1755 1959 1797 1948 1786 1935 1773 1960 1798 1959 1797 1935 1773 1940 1778 1960 1798 1935 1773 1937 1775 1961 1799 1919 1757 1961 1799 1947 1785 1919 1757 1950 1788 1960 1798 1940 1778 1929 1767 1962 1800 1953 1791 1962 1800 1954 1792 1953 1791 1963 1801 1946 1784 1945 1783 1952 1790 1963 1801 1945 1783 1964 1802 1932 1770 1955 1793 1951 1789 1964 1802 1955 1793 1957 1795 1938 1776 1933 1771 1965 1803 1958 1796 1923 1761 1934 1772 1965 1803 1923 1761 1961 1799 1966 1804 1947 1785 1966 1804 1952 1790 1947 1785 1967 1805 1960 1798 1950 1788 1954 1792 1967 1805 1950 1788 1963 1801 1968 1806 1946 1784 1968 1806 1951 1789 1946 1784 1969 1807 1939 1777 1941 1779 1944 1782 1969 1807 1941 1779 1959 1797 1956 1794 1948 1786 1949 1787 1970 1808 1937 1775 1970 1808 1961 1799 1937 1775 1971 1809 1944 1782 1938 1776 1957 1795 1971 1809 1938 1776 1939 1777 1965 1803 1934 1772 1929 1767 1972 1810 1962 1800 1972 1810 1954 1792 1962 1800 1972 1810 1973 1811 1954 1792 1973 1811 1974 1812 1954 1792 1974 1812 1967 1805 1954 1792 1975 1813 1932 1770 1964 1802 1951 1789 1975 1813 1964 1802 1968 1806 1976 1814 1951 1789 1976 1814 1975 1813 1951 1789 1967 1805 1977 1815 1960 1798 1977 1815 1959 1797 1960 1798 1978 1816 1963 1801 1952 1790 1966 1804 1978 1816 1952 1790 1979 1817 1969 1807 1944 1782 1980 1818 1979 1817 1944 1782 1981 1819 1980 1818 1944 1782 1971 1809 1981 1819 1944 1782 1982 1820 1965 1803 1939 1777 1979 1817 1982 1820 1939 1777 1969 1807 1979 1817 1939 1777 1976 1814 1932 1770 1975 1813 1929 1767 1973 1811 1972 1810 1983 1821 1984 1822 1929 1767 1984 1822 1985 1823 1929 1767 1985 1823 1973 1811 1929 1767 1976 1814 1986 1824 1932 1770 1986 1824 1987 1825 1932 1770 1980 1818 1982 1820 1979 1817 1988 1826 1971 1809 1957 1795 1956 1794 1988 1826 1957 1795 1985 1823 1974 1812 1973 1811 1968 1806 1986 1824 1976 1814 1989 1827 1956 1794 1959 1797 1977 1815 1989 1827 1959 1797 1970 1808 1990 1828 1961 1799 1990 1828 1966 1804 1961 1799 1989 1827 1988 1826 1956 1794 1958 1796 1991 1829 1949 1787 1991 1829 1970 1808 1949 1787 1992 1830 1977 1815 1967 1805 1974 1812 1992 1830 1967 1805 1978 1816 1993 1831 1963 1801 1993 1831 1968 1806 1963 1801 1994 1832 1981 1819 1971 1809 1988 1826 1994 1832 1971 1809 1984 1822 1974 1812 1985 1823 1984 1822 1995 1833 1974 1812 1995 1833 1992 1830 1974 1812 1992 1830 1996 1834 1977 1815 1996 1834 1989 1827 1977 1815 1993 1831 1997 1835 1968 1806 1997 1835 1986 1824 1968 1806 1997 1835 1987 1825 1986 1824 1998 1836 1978 1816 1966 1804 1990 1828 1998 1836 1966 1804 1999 1837 2000 1838 1981 1819 1994 1832 1999 1837 1981 1819 2000 1838 1980 1818 1981 1819 2001 1839 2002 1840 1982 1820 1980 1818 2003 1841 1982 1820 2003 1841 2001 1839 1982 1820 2002 1840 1965 1803 1982 1820 2004 1842 1994 1832 1988 1826 1989 1827 2004 1842 1988 1826 1965 1803 2005 1843 1958 1796 2005 1843 1991 1829 1958 1796 2006 1844 2003 1841 1980 1818 2000 1838 2006 1844 1980 1818 1996 1834 2004 1842 1989 1827 2007 1845 1990 1828 1970 1808 1991 1829 2007 1845 1970 1808 2008 1846 2009 1847 2000 1838 1999 1837 2008 1846 2000 1838 2009 1847 2006 1844 2000 1838 2006 1844 2009 1847 2003 1841 2009 1847 2010 1848 2003 1841 2010 1848 2001 1839 2003 1841 2008 1846 2010 1848 2009 1847 1983 1821 2011 1849 1984 1822 2011 1849 1995 1833 1984 1822 2012 1850 1999 1837 1994 1832 2004 1842 2012 1850 1994 1832 2013 1851 1996 1834 1992 1830 1995 1833 2013 1851 1992 1830 2002 1840 2014 1852 1965 1803 2014 1852 2005 1843 1965 1803 2015 1853 1987 1825 1997 1835 1993 1831 2015 1853 1997 1835 1998 1836 2016 1854 1978 1816 2016 1854 1993 1831 1978 1816 2017 1855 2018 1856 1996 1834 2013 1851 2017 1855 1996 1834 2018 1856 2004 1842 1996 1834 2007 1845 1998 1836 1990 1828 2018 1856 2012 1850 2004 1842 2005 1843 2019 1857 1991 1829 2019 1857 2007 1845 1991 1829 2011 1849 2020 1858 1995 1833 2020 1858 2013 1851 1995 1833 1983 1821 2021 1859 2011 1849 2021 1859 2020 1858 2011 1849 2016 1854 2022 1860 1993 1831 2022 1860 2015 1853 1993 1831 2022 1860 1987 1825 2015 1853 2023 1861 2008 1846 1999 1837 2012 1850 2023 1861 1999 1837 2001 1839 2024 1862 2002 1840 2024 1862 2014 1852 2002 1840 2025 1863 2010 1848 2008 1846 2026 1864 2025 1863 2008 1846 2027 1865 2026 1864 2008 1846 2023 1861 2027 1865 2008 1846 2010 1848 2025 1863 2001 1839 2025 1863 2026 1864 2001 1839 2026 1864 2024 1862 2001 1839 2028 1866 2024 1862 2026 1864 2027 1865 2028 1866 2026 1864 2029 1867 2023 1861 2012 1850 2018 1856 2029 1867 2012 1850 2014 1852 2030 1868 2005 1843 2030 1868 2019 1857 2005 1843 2017 1855 2029 1867 2018 1856 2031 1869 1998 1836 2007 1845 2032 1870 2031 1869 2007 1845 2019 1857 2032 1870 2007 1845 2033 1871 2017 1855 2013 1851 2020 1858 2033 1871 2013 1851 2031 1869 2034 1872 1998 1836 2034 1872 2035 1873 1998 1836 2035 1873 2016 1854 1998 1836 2036 1874 1987 1825 2022 1860 2016 1854 2036 1874 2022 1860 1983 1821 2037 1875 2021 1859 2037 1875 2020 1858 2021 1859 2038 1876 2037 1875 1983 1821 2039 1877 2040 1878 1983 1821 2040 1878 2041 1879 1983 1821 2041 1879 2038 1876 1983 1821 2036 1874 2042 1880 1987 1825 2042 1880 2043 1881 1987 1825 2043 1881 2044 1882 1987 1825 2044 1882 2045 1883 1987 1825 2038 1876 2020 1858 2037 1875 2046 1884 2027 1865 2023 1861 2029 1867 2046 1884 2023 1861 2024 1862 2047 1885 2014 1852 2047 1885 2030 1868 2014 1852 2016 1854 2042 1880 2036 1874 2038 1876 2041 1879 2020 1858 2041 1879 2048 1886 2020 1858 2048 1886 2033 1871 2020 1858 2035 1873 2042 1880 2016 1854 2035 1873 2043 1881 2042 1880 2049 1887 2029 1867 2017 1855 2033 1871 2049 1887 2017 1855 2032 1870 2050 1888 2031 1869 2050 1888 2034 1872 2031 1869 2051 1889 2028 1866 2027 1865 2052 1890 2051 1889 2027 1865 2053 1891 2052 1890 2027 1865 2046 1884 2053 1891 2027 1865 2028 1866 2051 1889 2024 1862 2051 1889 2052 1890 2024 1862 2052 1890 2047 1885 2024 1862 2049 1887 2046 1884 2029 1867 2054 1892 2032 1870 2019 1857 2030 1868 2054 1892 2019 1857 2055 1893 2049 1887 2033 1871 2048 1886 2055 1893 2033 1871 2050 1888 2056 1894 2034 1872 2056 1894 2035 1873 2034 1872 2057 1895 2047 1885 2052 1890 2053 1891 2057 1895 2052 1890 2058 1896 2053 1891 2046 1884 2049 1887 2058 1896 2046 1884 2059 1897 2054 1892 2030 1868 2047 1885 2059 1897 2030 1868 2055 1893 2058 1896 2049 1887 2054 1892 2060 1898 2032 1870 2060 1898 2050 1888 2032 1870 2041 1879 2040 1878 2048 1886 2040 1878 2061 1899 2048 1886 2061 1899 2055 1893 2048 1886 2056 1894 2044 1882 2035 1873 2044 1882 2043 1881 2035 1873 2062 1900 2057 1895 2053 1891 2063 1901 2062 1900 2053 1891 2064 1902 2063 1901 2053 1891 2058 1896 2064 1902 2053 1891 2057 1895 2062 1900 2047 1885 2063 1901 2059 1897 2047 1885 2062 1900 2063 1901 2047 1885 2039 1877 2065 1903 2040 1878 2065 1903 2061 1899 2040 1878 2066 1904 2045 1883 2044 1882 2056 1894 2066 1904 2044 1882 2067 1905 2058 1896 2055 1893 2061 1899 2067 1905 2055 1893 2060 1898 2068 1906 2050 1888 2068 1906 2056 1894 2050 1888 2067 1905 2064 1902 2058 1896 2059 1897 2069 1907 2054 1892 2069 1907 2060 1898 2054 1892 2070 1908 2059 1897 2063 1901 2064 1902 2070 1908 2063 1901 2071 1909 2070 1908 2064 1902 2072 1910 2071 1909 2064 1902 2067 1905 2072 1910 2064 1902 2070 1908 2071 1909 2059 1897 2071 1909 2073 1911 2059 1897 2073 1911 2069 1907 2059 1897 2072 1910 2073 1911 2071 1909 2074 1912 2075 1913 2061 1899 2076 1914 2074 1912 2061 1899 2065 1903 2076 1914 2061 1899 2075 1913 2067 1905 2061 1899 2077 1915 2066 1904 2056 1894 2078 1916 2077 1915 2056 1894 2068 1906 2078 1916 2056 1894 2039 1877 2076 1914 2065 1903 2077 1915 2045 1883 2066 1904 2075 1913 2072 1910 2067 1905 2069 1907 2079 1917 2060 1898 2079 1917 2068 1906 2060 1898 2039 1877 2074 1912 2076 1914 2039 1877 2080 1918 2074 1912 2080 1918 2075 1913 2074 1912 2078 1916 2045 1883 2077 1915 2081 1919 2082 1920 2039 1877 2082 1920 2083 1921 2039 1877 2083 1921 2080 1918 2039 1877 2078 1916 2084 1922 2045 1883 2085 1923 2081 1919 2045 1883 2086 1924 2085 1923 2045 1883 2084 1922 2086 1924 2045 1883 2068 1906 2084 1922 2078 1916 2087 1925 2073 1911 2072 1910 2088 1926 2087 1925 2072 1910 2089 1927 2088 1926 2072 1910 2075 1913 2089 1927 2072 1910 2073 1911 2087 1925 2069 1907 2087 1925 2088 1926 2069 1907 2088 1926 2079 1917 2069 1907 2090 1928 2079 1917 2088 1926 2089 1927 2090 1928 2088 1926 2083 1921 2089 1927 2075 1913 2080 1918 2083 1921 2075 1913 2086 1924 2084 1922 2068 1906 2079 1917 2086 1924 2068 1906 2082 1920 2089 1927 2083 1921 2079 1917 2085 1923 2086 1924 2082 1920 2091 1929 2089 1927 2091 1929 2090 1928 2089 1927 2091 1929 2092 1930 2079 1917 2092 1930 2085 1923 2079 1917 2090 1928 2091 1929 2079 1917 2093 1931 2081 1919 2085 1923 2092 1930 2093 1931 2085 1923 2081 1919 2094 1932 2082 1920 2094 1932 2091 1929 2082 1920 2094 1932 2092 1930 2091 1929 2081 1919 2093 1931 2094 1932 2093 1931 2092 1930 2094 1932 2095 1933 2096 1933 2097 1933 2098 1933 2095 1933 2097 1933 2099 47 2100 47 2101 47 2099 47 2102 47 2100 47 2103 110 2104 110 2105 110 2103 1934 2106 1934 2104 1934 2107 110 2106 110 2103 110 2108 1935 2109 1935 2110 1935 2111 107 2108 107 2110 107 2112 107 2111 107 2110 107 2113 107 2111 107 2112 107 2114 107 2111 107 2113 107 2115 107 2111 107 2114 107 2115 1936 2116 1936 2111 1936 2117 1937 2118 1937 2115 1937 2118 1938 2116 1938 2115 1938 2119 1939 2118 1939 2117 1939 2119 1940 2120 1940 2118 1940 2121 107 2122 107 2119 107 2122 1941 2123 1941 2119 1941 2123 107 2120 107 2119 107 2124 1942 2121 1942 2119 1942 2125 1943 2124 1943 2119 1943 2126 1944 2124 1944 2125 1944 2127 107 2124 107 2126 107 2128 107 2129 107 2127 107 2129 1945 2124 1945 2127 1945 2130 1946 2131 1947 2132 1948 2131 1947 2133 1949 2132 1948 2133 1949 2134 1950 2132 1948 2133 1949 2135 1951 2134 1950 2135 1951 2136 1952 2134 1950 2137 1953 2136 1952 2135 1951 2138 1954 2139 1955 2130 1946 2139 1955 2131 1947 2130 1946 2137 1953 2140 1956 2136 1952 2141 1957 2140 1956 2137 1953 2142 1958 2143 1959 2138 1954 2143 1959 2139 1955 2138 1954 2141 1957 2144 1960 2140 1956 2145 1961 2144 1960 2141 1957 2146 1962 2147 1963 2142 1958 2147 1963 2143 1959 2142 1958 2148 1964 2149 1965 2144 1960 2150 1966 2149 1965 2148 1964 2151 1967 2152 1968 2146 1962 2152 1968 2147 1963 2146 1962 2150 1966 2153 1969 2149 1965 2154 1970 2153 1969 2150 1966 2155 1971 2156 1972 2151 1967 2156 1972 2152 1968 2151 1967 2154 1970 2157 1973 2153 1969 2158 1974 2157 1973 2154 1970 2159 1975 2160 1976 2155 1971 2160 1976 2156 1972 2155 1971 2158 1974 2161 1977 2157 1973 2162 1978 2161 1977 2158 1974 2163 1979 2164 1980 2159 1975 2164 1980 2160 1976 2159 1975 2162 1978 2165 1981 2161 1977 2166 1982 2165 1981 2162 1978 2167 1983 2168 1984 2163 1979 2168 1984 2164 1980 2163 1979 2166 1982 2169 1985 2165 1981 2170 1986 2169 1985 2166 1982 2171 1987 2172 1988 2167 1983 2172 1988 2168 1984 2167 1983 2170 1986 2173 1989 2169 1985 2174 1990 2173 1989 2170 1986 2173 1989 2174 1990 2171 1987 2174 1990 2172 1988 2171 1987 2175 107 2176 107 2177 107 2178 107 2175 107 2177 107 2176 1991 2179 1991 2177 1991 2180 107 2175 107 2178 107 2181 1992 2180 1992 2178 1992 2176 1993 2182 1993 2179 1993 2183 107 2180 107 2184 107 2185 1994 2183 1994 2184 1994 2186 107 2187 107 2182 107 2176 1995 2186 1995 2182 1995 2188 107 2183 107 2185 107 2189 107 2190 107 2187 107 2186 107 2189 107 2187 107 2191 1996 2192 1996 2188 1996 2192 107 2183 107 2188 107 2193 1997 2194 1997 2190 1997 2189 107 2193 107 2190 107 2195 107 2196 107 2191 107 2196 1998 2192 1998 2191 1998 2197 107 2194 107 2193 107 2197 107 2198 107 2194 107 2199 1999 2200 1999 2195 1999 2200 107 2196 107 2195 107 2201 107 2198 107 2197 107 2200 2000 2202 2000 2196 2000 2201 107 2203 107 2198 107 2204 107 2205 107 2200 107 2205 107 2202 107 2200 107 2206 107 2207 107 2201 107 2207 107 2203 107 2201 107 2208 2001 2205 2001 2209 2001 2210 107 2208 107 2209 107 2211 107 2210 107 2209 107 2212 2002 2210 2002 2211 2002 2213 107 2214 107 2206 107 2214 107 2207 107 2206 107 2215 107 2210 107 2212 107 2216 2003 2217 2003 2213 2003 2217 107 2214 107 2213 107 2218 107 2210 107 2215 107 2219 2004 2220 2004 2216 2004 2220 2005 2217 2005 2216 2005 2221 2006 2222 2006 2210 2006 2218 107 2221 107 2210 107 2223 107 2224 107 2219 107 2224 107 2220 107 2219 107 2221 2007 2225 2007 2222 2007 2225 2008 2226 2008 2222 2008 2226 107 2227 107 2223 107 2227 2009 2224 2009 2223 2009 2225 2010 2228 2010 2226 2010 2228 107 2227 107 2226 107 2229 2011 2230 2011 2231 2011 2230 2012 2232 2012 2231 2012 2232 217 2233 217 2231 217 2229 217 2234 217 2230 217 2235 2013 2233 2013 2232 2013 2235 2014 2236 2014 2233 2014 2237 217 2234 217 2229 217 2237 217 2238 217 2234 217 2239 2015 2236 2015 2235 2015 2239 217 2240 217 2236 217 2241 2016 2238 2016 2237 2016 2241 217 2242 217 2238 217 2243 2017 2240 2017 2239 2017 2243 217 2244 217 2240 217 2245 2018 2242 2018 2241 2018 2245 217 2246 217 2242 217 2247 217 2248 217 2243 217 2248 2019 2244 2019 2243 2019 2249 217 2246 217 2245 217 2249 217 2250 217 2246 217 2251 217 2252 217 2247 217 2252 2020 2248 2020 2247 2020 2253 2021 2250 2021 2249 2021 2254 217 2255 217 2252 217 2253 217 2256 217 2250 217 2257 217 2258 217 2254 217 2258 217 2255 217 2254 217 2259 217 2256 217 2253 217 2259 217 2260 217 2256 217 2261 217 2262 217 2263 217 2264 2022 2265 2022 2262 2022 2266 217 2264 217 2262 217 2267 2023 2260 2023 2259 2023 2267 217 2268 217 2260 217 2269 2024 2264 2024 2266 2024 2270 2025 2269 2025 2266 2025 2271 217 2268 217 2267 217 2272 217 2273 217 2269 217 2271 217 2274 217 2268 217 2275 217 2273 217 2272 217 2276 2026 2274 2026 2271 2026 2275 217 2277 217 2273 217 2276 217 2278 217 2274 217 2279 2027 2277 2027 2275 2027 2280 2028 2278 2028 2276 2028 2279 217 2281 217 2277 217 2280 217 2282 217 2278 217 2283 2029 2281 2029 2279 2029 2284 217 2282 217 2280 217 2283 2030 2285 2030 2281 2030 2284 217 2286 217 2282 217 2287 2031 2285 2031 2283 2031 2288 2032 2286 2032 2284 2032 2287 217 2288 217 2285 217 2288 217 2287 217 2286 217 2289 2033 2290 2034 2291 2035 2292 2036 2293 2037 2291 2035 2290 2034 2292 2036 2291 2035 2289 2033 2294 2038 2290 2034 2295 2039 2294 2038 2289 2033 2295 2039 2296 2040 2294 2038 2297 2041 2298 2042 2293 2037 2292 2036 2297 2041 2293 2037 2299 2043 2296 2040 2295 2039 2299 2043 2300 2044 2296 2040 2301 2045 2302 2046 2298 2042 2297 2041 2301 2045 2298 2042 2303 2047 2300 2044 2299 2043 2303 2047 2304 2048 2300 2044 2305 2049 2306 2050 2302 2046 2301 2045 2305 2049 2302 2046 2307 2051 2304 2048 2303 2047 2307 2051 2308 2052 2304 2048 2309 2053 2310 2054 2306 2050 2305 2049 2309 2053 2306 2050 2311 2055 2308 2052 2307 2051 2311 2055 2312 2056 2308 2052 2313 2057 2314 2058 2310 2054 2309 2053 2313 2057 2310 2054 2315 2059 2312 2056 2311 2055 2315 2059 2316 2059 2312 2056 2317 2060 2318 2061 2314 2058 2313 2057 2317 2060 2314 2058 2319 2062 2320 2063 2321 2064 2319 2062 2322 2065 2320 2063 2323 2066 2324 2067 2318 2061 2317 2060 2323 2066 2318 2061 2325 2068 2322 2065 2319 2062 2325 2068 2326 2069 2322 2065 2327 2070 2328 2071 2324 2067 2323 2066 2327 2070 2324 2067 2329 2072 2326 2069 2325 2068 2329 2072 2330 2073 2326 2069 2331 2074 2332 2075 2328 2071 2327 2070 2331 2074 2328 2071 2333 2076 2330 2073 2329 2072 2333 2076 2334 2077 2330 2073 2335 2078 2336 2079 2332 2075 2331 2074 2335 2078 2332 2075 2337 2080 2334 2077 2333 2076 2337 2080 2338 2081 2334 2077 2339 2082 2340 2083 2336 2079 2335 2078 2339 2082 2336 2079 2341 2084 2338 2081 2337 2080 2341 2084 2342 2085 2338 2081 2343 2086 2344 2087 2340 2083 2339 2082 2343 2086 2340 2083 2344 2087 2342 2085 2341 2084 2344 2087 2343 2086 2342 2085 2345 107 2346 107 2347 107 2348 2088 2345 2088 2347 2088 2349 2089 2348 2089 2347 2089 2350 2090 2346 2090 2345 2090 2351 107 2352 107 2348 107 2350 2091 2353 2091 2346 2091 2354 2092 2352 2092 2351 2092 2355 2093 2353 2093 2350 2093 2354 107 2356 107 2352 107 2355 2094 2357 2094 2353 2094 2358 2095 2356 2095 2354 2095 2359 2096 2357 2096 2355 2096 2358 107 2360 107 2356 107 2359 107 2361 107 2357 107 2362 2097 2360 2097 2358 2097 2363 107 2361 107 2359 107 2362 107 2364 107 2360 107 2363 107 2365 107 2361 107 2366 107 2364 107 2362 107 2367 2098 2365 2098 2363 2098 2366 107 2368 107 2364 107 2367 107 2369 107 2365 107 2370 2099 2368 2099 2366 2099 2371 107 2369 107 2367 107 2370 107 2372 107 2368 107 2371 2100 2373 2100 2369 2100 2374 107 2372 107 2370 107 2371 2101 2375 2101 2373 2101 2376 2102 2375 2102 2371 2102 2374 107 2377 107 2372 107 2377 107 2378 107 2372 107 2376 107 2379 107 2375 107 2380 2103 2378 2103 2377 2103 2381 2104 2379 2104 2376 2104 2380 107 2382 107 2378 107 2381 107 2383 107 2379 107 2384 107 2382 107 2380 107 2385 107 2383 107 2381 107 2384 107 2386 107 2382 107 2385 107 2387 107 2383 107 2388 107 2386 107 2384 107 2389 2105 2387 2105 2385 2105 2388 107 2390 107 2386 107 2389 2106 2391 2106 2387 2106 2392 2107 2390 2107 2388 2107 2393 2108 2391 2108 2389 2108 2392 107 2394 107 2390 107 2393 2109 2395 2109 2391 2109 2396 2110 2394 2110 2392 2110 2397 2111 2395 2111 2393 2111 2396 107 2398 107 2394 107 2397 107 2399 107 2395 107 2399 2112 2398 2112 2396 2112 2398 2113 2399 2113 2397 2113</p>
        </triangles>
      </mesh>
    </geometry>
  </library_geometries>
  <library_visual_scenes>
    <visual_scene id="Scene" name="Scene">
      <node id="Mesh_002" name="Mesh.002" type="NODE">
        <matrix sid="transform">0.001 0 0 0 0 0.001 0 0 0 0 0.001 0 0 0 0 1</matrix>
        <instance_geometry url="#mesh-e2c9de60-f28f-4031-a678-7755bbea941d-mesh" name="Mesh.002">
          <bind_material>
            <technique_common>
              <instance_material symbol="Material-橡胶环-material" target="#Material-橡胶环-material"/>
            </technique_common>
          </bind_material>
        </instance_geometry>
      </node>
      <node id="Mesh_001" name="Mesh.001" type="NODE">
        <matrix sid="transform">0.001 0 0 0 0 0.001 0 0 0 0 0.001 0 0 0 0 1</matrix>
        <instance_geometry url="#mesh-c9a6f4e6-ed8a-40bd-b7c1-2ff8968795f4-mesh" name="Mesh.001">
          <bind_material>
            <technique_common>
              <instance_material symbol="Material-橡胶-material" target="#Material-橡胶-material"/>
            </technique_common>
          </bind_material>
        </instance_geometry>
      </node>
      <node id="Mesh" name="Mesh" type="NODE">
        <matrix sid="transform">0.001 0 0 0 0 0.001 0 0 0 0 0.001 0 0 0 0 1</matrix>
        <instance_geometry url="#mesh-ac59ab76-f433-4129-916a-afcfaac69657-mesh" name="Mesh">
          <bind_material>
            <technique_common>
              <instance_material symbol="Material-外壳-material" target="#Material-外壳-material"/>
            </technique_common>
          </bind_material>
        </instance_geometry>
      </node>
      <node id="View-Right" name="View-Right" type="NODE">
        <matrix sid="transform">-4.37114e-11 4.37114e-11 0.001 30.56814 0.001 0 4.37114e-11 0.02058622 0 0.001 -4.37114e-11 0.0337549 0 0 0 1</matrix>
        <instance_camera url="#View-Right-camera"/>
      </node>
      <node id="View-Left" name="View-Left" type="NODE">
        <matrix sid="transform">-4.37114e-11 -4.37114e-11 -0.001 -8.46651 -0.001 0 4.37114e-11 -0.01260386 0 0.001 -4.37114e-11 0.03536116 0 0 0 1</matrix>
        <instance_camera url="#View-Left-camera"/>
      </node>
      <node id="View-Top" name="View-Top" type="NODE">
        <matrix sid="transform">0.001 0 0 0.02700088 0 0.001 0 -0.09804676 0 0 0.001 36.84161 0 0 0 1</matrix>
        <instance_camera url="#View-Top-camera"/>
      </node>
      <node id="View-Perspective" name="View-Perspective" type="NODE">
        <matrix sid="transform">-1.04588e-5 -2.99027e-4 9.54187e-4 0.6551201 9.99945e-4 -3.12775e-6 9.98016e-6 -0.1064287 1.2776e-10 9.54239e-4 2.99043e-4 0.1800128 0 0 0 1</matrix>
        <instance_camera url="#View-Perspective-camera"/>
      </node>
    </visual_scene>
  </library_visual_scenes>
  <scene>
    <instance_visual_scene url="#Scene"/>
  </scene>
</COLLADA>