<?xml version="1.0" encoding="utf-8"?>
<COLLADA xmlns="http://www.collada.org/2005/11/COLLADASchema" version="1.4.1" xmlns:xsi="http://www.w3.org/2001/XMLSchema-instance">
  <asset>
    <contributor>
      <author>Blender User</author>
      <authoring_tool>Blender 3.2.2 commit date:2022-08-02, commit time:18:15, hash:bcfdb14560e7</authoring_tool>
    </contributor>
    <created>2024-04-19T14:48:12</created>
    <modified>2024-04-19T14:48:12</modified>
    <unit name="meter" meter="1"/>
    <up_axis>Z_UP</up_axis>
  </asset>
  <library_cameras>
    <camera id="View-Right-camera" name="Camera-Right">
      <optics>
        <technique_common>
          <orthographic>
            <xmag sid="xmag">1</xmag>
            <aspect_ratio>1.777778</aspect_ratio>
            <znear sid="znear">30261.59</znear>
            <zfar sid="zfar">30625.69</zfar>
          </orthographic>
        </technique_common>
      </optics>
      <extra>
        <technique profile="blender">
          <shiftx sid="shiftx" type="float">0</shiftx>
          <shifty sid="shifty" type="float">0</shifty>
          <dof_distance sid="dof_distance" type="float">10</dof_distance>
        </technique>
      </extra>
    </camera>
    <camera id="View-Left-camera" name="Camera-Left">
      <optics>
        <technique_common>
          <orthographic>
            <xmag sid="xmag">1</xmag>
            <aspect_ratio>1.777778</aspect_ratio>
            <znear sid="znear">8408.958</znear>
            <zfar sid="zfar">8773.061</zfar>
          </orthographic>
        </technique_common>
      </optics>
      <extra>
        <technique profile="blender">
          <shiftx sid="shiftx" type="float">0</shiftx>
          <shifty sid="shifty" type="float">0</shifty>
          <dof_distance sid="dof_distance" type="float">10</dof_distance>
        </technique>
      </extra>
    </camera>
    <camera id="View-Top-camera" name="Camera-Top">
      <optics>
        <technique_common>
          <orthographic>
            <xmag sid="xmag">1</xmag>
            <aspect_ratio>1.777778</aspect_ratio>
            <znear sid="znear">36787.16</znear>
            <zfar sid="zfar">36951.05</zfar>
          </orthographic>
        </technique_common>
      </optics>
      <extra>
        <technique profile="blender">
          <shiftx sid="shiftx" type="float">0</shiftx>
          <shifty sid="shifty" type="float">0</shifty>
          <dof_distance sid="dof_distance" type="float">10</dof_distance>
        </technique>
      </extra>
    </camera>
    <camera id="View-Perspective-camera" name="Camera-Perspective">
      <optics>
        <technique_common>
          <perspective>
            <xfov sid="xfov">50.88674</xfov>
            <aspect_ratio>1.777778</aspect_ratio>
            <znear sid="znear">581.7588</znear>
            <zfar sid="zfar">687.274</zfar>
          </perspective>
        </technique_common>
      </optics>
      <extra>
        <technique profile="blender">
          <shiftx sid="shiftx" type="float">0</shiftx>
          <shifty sid="shifty" type="float">0</shifty>
          <dof_distance sid="dof_distance" type="float">10</dof_distance>
        </technique>
      </extra>
    </camera>
  </library_cameras>
  <library_effects>
    <effect id="Material-橡胶环-effect">
      <profile_COMMON>
        <technique sid="common">
          <lambert>
            <emission>
              <color sid="emission">0 0 0 1</color>
            </emission>
            <diffuse>
              <color sid="diffuse">0 0 0 1</color>
            </diffuse>
            <reflectivity>
              <float sid="specular">0.322857</float>
            </reflectivity>
            <index_of_refraction>
              <float sid="ior">1.45</float>
            </index_of_refraction>
          </lambert>
        </technique>
      </profile_COMMON>
    </effect>
    <effect id="Material-橡胶-effect">
      <profile_COMMON>
        <technique sid="common">
          <lambert>
            <emission>
              <color sid="emission">0 0 0 1</color>
            </emission>
            <diffuse>
              <color sid="diffuse">0 0 0 1</color>
            </diffuse>
            <reflectivity>
              <float sid="specular">0.322857</float>
            </reflectivity>
            <index_of_refraction>
              <float sid="ior">1.45</float>
            </index_of_refraction>
          </lambert>
        </technique>
      </profile_COMMON>
    </effect>
    <effect id="Material-外壳-effect">
      <profile_COMMON>
        <technique sid="common">
          <lambert>
            <emission>
              <color sid="emission">0 0 0 1</color>
            </emission>
            <diffuse>
              <color sid="diffuse">0.988235 0.988235 0.988235 1</color>
            </diffuse>
            <reflectivity>
              <float sid="specular">0.197605</float>
            </reflectivity>
            <index_of_refraction>
              <float sid="ior">1.45</float>
            </index_of_refraction>
          </lambert>
        </technique>
      </profile_COMMON>
    </effect>
  </library_effects>
  <library_images/>
  <library_materials>
    <material id="Material-橡胶环-material" name="Material-橡胶环">
      <instance_effect url="#Material-橡胶环-effect"/>
    </material>
    <material id="Material-橡胶-material" name="Material-橡胶">
      <instance_effect url="#Material-橡胶-effect"/>
    </material>
    <material id="Material-外壳-material" name="Material-外壳">
      <instance_effect url="#Material-外壳-effect"/>
    </material>
  </library_materials>
  <library_geometries>
    <geometry id="mesh-a376a4a7-e63b-4ec6-902a-75a607d0886e-mesh" name="mesh-a376a4a7-e63b-4ec6-902a-75a607d0886e">
      <mesh>
        <source id="mesh-a376a4a7-e63b-4ec6-902a-75a607d0886e-mesh-positions">
          <float_array id="mesh-a376a4a7-e63b-4ec6-902a-75a607d0886e-mesh-positions-array" count="168">6.275087 -112.0251 27.49297 6.275087 -105.0252 27.49297 -9.91793e-7 -105.0252 28.2 -9.91793e-7 -112.0251 28.2 -6.275092 -105.0252 27.49297 -6.275092 -112.0251 27.49297 12.23552 -112.0251 25.40732 12.23552 -105.0252 25.40732 -12.23552 -105.0252 25.40732 -12.23552 -112.0251 25.40732 17.58242 -112.0251 22.04764 17.58242 -105.0252 22.04764 -17.58242 -105.0252 22.04764 -17.58242 -112.0251 22.04764 22.04764 -112.0251 17.58242 22.04764 -105.0252 17.58242 -22.04765 -105.0252 17.58242 -22.04765 -112.0251 17.58242 25.40732 -112.0251 12.23552 25.40732 -105.0252 12.23552 -25.40732 -105.0252 12.23552 -25.40732 -112.0251 12.23552 27.49297 -112.0251 6.275094 27.49297 -105.0252 6.275094 -27.49297 -105.0252 6.275094 -27.49297 -112.0251 6.275094 28.2 -112.0251 -1.12635e-6 28.2 -105.0252 -1.12635e-6 -28.2 -105.0252 -1.12678e-6 -28.2 -112.0251 -1.12678e-6 27.49297 -112.0251 -6.275088 27.49297 -105.0252 -6.275088 -27.49297 -105.0252 -6.275088 -27.49297 -112.0251 -6.275088 25.40732 -112.0251 -12.23552 25.40732 -105.0252 -12.23552 -25.40732 -105.0252 -12.23552 -25.40732 -112.0251 -12.23552 22.04764 -112.0251 -17.58242 22.04764 -105.0252 -17.58242 -22.04765 -105.0252 -17.58242 -22.04765 -112.0251 -17.58242 17.58242 -112.0251 -22.04765 17.58242 -105.0252 -22.04765 -17.58242 -105.0252 -22.04765 -17.58242 -112.0251 -22.04765 12.23552 -112.0251 -25.40732 12.23552 -105.0252 -25.40732 -12.23552 -105.0252 -25.40732 -12.23552 -112.0251 -25.40732 6.275087 -112.0251 -27.49297 6.275087 -105.0252 -27.49297 -6.275092 -105.0252 -27.49297 -6.275092 -112.0251 -27.49297 -9.91369e-7 -112.0251 -28.2 -9.91369e-7 -105.0252 -28.2</float_array>
          <technique_common>
            <accessor source="#mesh-a376a4a7-e63b-4ec6-902a-75a607d0886e-mesh-positions-array" count="56" stride="3">
              <param name="X" type="float"/>
              <param name="Y" type="float"/>
              <param name="Z" type="float"/>
            </accessor>
          </technique_common>
        </source>
        <source id="mesh-a376a4a7-e63b-4ec6-902a-75a607d0886e-mesh-normals">
          <float_array id="mesh-a376a4a7-e63b-4ec6-902a-75a607d0886e-mesh-normals-array" count="165">0.2225213 0 0.9749279 0.2225209 0 0.974928 0 0 1 0 0 1 -0.2225209 0 0.974928 -0.2225209 0 0.974928 0.433884 0 0.9009688 0.4338835 0 0.900969 -0.433884 0 0.9009688 -0.4338842 0 0.9009686 0.6234898 0 0.7818316 0.6234897 0 0.7818317 -0.6234897 0 0.7818317 -0.6234901 0 0.7818314 0.7818315 0 0.6234899 0.7818315 0 0.6234899 -0.7818314 0 0.6234901 -0.7818315 0 0.6234899 0.9009688 0 0.433884 0.9009687 0 0.4338842 -0.9009689 0 0.4338837 -0.9009689 0 0.4338839 0.9749279 0 0.222521 0.9749279 0 0.2225213 -0.9749279 0 0.222521 -0.974928 0 0.2225212 1 0 0 1 0 0 -1 0 0 -1 0 0 0.974928 0 -0.2225208 0.974928 0 -0.2225211 -0.974928 0 -0.2225208 -0.9749279 0 -0.222521 0.9009688 0 -0.4338839 0.9009687 0 -0.4338841 -0.9009689 0 -0.4338837 -0.9009689 0 -0.4338839 0.7818316 0 -0.6234897 -0.7818313 0 -0.6234901 -0.7818315 0 -0.6234899 0.62349 0 -0.7818314 0.62349 0 -0.7818313 -0.6234897 0 -0.7818316 -0.6234903 0 -0.7818311 0.4338838 0 -0.900969 0.4338837 0 -0.900969 -0.4338837 0 -0.9009689 -0.4338843 0 -0.9009686 0.2225206 0 -0.974928 0.2225205 0 -0.974928 -0.2225205 0 -0.974928 -0.222521 0 -0.974928 0 0 -1 0 0 -1</float_array>
          <technique_common>
            <accessor source="#mesh-a376a4a7-e63b-4ec6-902a-75a607d0886e-mesh-normals-array" count="55" stride="3">
              <param name="X" type="float"/>
              <param name="Y" type="float"/>
              <param name="Z" type="float"/>
            </accessor>
          </technique_common>
        </source>
        <vertices id="mesh-a376a4a7-e63b-4ec6-902a-75a607d0886e-mesh-vertices">
          <input semantic="POSITION" source="#mesh-a376a4a7-e63b-4ec6-902a-75a607d0886e-mesh-positions"/>
        </vertices>
        <triangles material="Material-橡胶环-material" count="56">
          <input semantic="VERTEX" source="#mesh-a376a4a7-e63b-4ec6-902a-75a607d0886e-mesh-vertices" offset="0"/>
          <input semantic="NORMAL" source="#mesh-a376a4a7-e63b-4ec6-902a-75a607d0886e-mesh-normals" offset="1"/>
          <p>0 0 1 1 2 2 3 3 0 0 2 2 4 4 3 3 2 2 4 4 5 5 3 3 6 6 7 7 1 1 0 0 6 6 1 1 8 8 5 5 4 4 8 8 9 9 5 5 10 10 11 11 7 7 6 6 10 10 7 7 12 12 9 9 8 8 12 12 13 13 9 9 14 14 15 15 11 11 10 10 14 14 11 11 16 16 13 13 12 12 16 16 17 17 13 13 18 18 19 19 15 15 14 14 18 18 15 15 20 20 17 17 16 16 20 20 21 21 17 17 22 22 23 23 19 19 18 18 22 22 19 19 24 24 21 21 20 20 24 24 25 25 21 21 26 26 27 27 23 23 22 22 26 26 23 23 28 28 25 25 24 24 28 28 29 29 25 25 30 30 31 31 27 27 26 26 30 30 27 27 32 32 29 29 28 28 32 32 33 33 29 29 34 34 35 35 31 31 30 30 34 34 31 31 36 36 33 33 32 32 36 36 37 37 33 33 38 38 39 38 35 35 34 34 38 38 35 35 40 39 37 37 36 36 40 39 41 40 37 37 42 41 43 42 39 38 38 38 42 41 39 38 44 43 41 40 40 39 44 43 45 44 41 40 46 45 47 46 43 42 42 41 46 45 43 42 48 47 45 44 44 43 48 47 49 48 45 44 50 49 51 50 47 46 46 45 50 49 47 46 52 51 49 48 48 47 52 51 53 52 49 48 54 53 55 54 51 50 50 49 54 53 51 50 55 54 53 52 52 51 55 54 54 53 53 52</p>
        </triangles>
      </mesh>
    </geometry>
    <geometry id="mesh-ae5b7fbf-5ac0-49d2-8b97-60cff680ba38-mesh" name="mesh-ae5b7fbf-5ac0-49d2-8b97-60cff680ba38">
      <mesh>
        <source id="mesh-ae5b7fbf-5ac0-49d2-8b97-60cff680ba38-mesh-positions">
          <float_array id="mesh-ae5b7fbf-5ac0-49d2-8b97-60cff680ba38-mesh-positions-array" count="5433">-8.289596 6.377416 38.4331 -8.292137 6.521361 38.71982 -8.342037 6.418961 38.72549 -8.239606 6.480353 38.42737 -8.148031 6.817179 38.70343 -8.097672 6.772595 38.41112 -8.021018 6.916659 38.71036 -7.70963 7.086532 38.43102 -7.72521 7.148223 38.72651 -8.001139 6.850677 38.41608 -8.051579 6.892698 38.70869 -8.097672 6.772595 38.41112 -8.148031 6.817179 38.70343 8.230037 6.509738 38.76557 8.191615 6.477671 38.46974 8.265599 6.45228 38.76771 7.938347 6.860035 38.45809 7.986052 6.903785 38.75092 7.983423 6.908017 38.75076 7.443964 7.164913 38.49289 7.579691 7.154124 38.77955 7.483891 7.212536 38.78637 7.533072 7.109957 38.48661 7.66383 7.102864 38.77355 7.983423 6.908017 38.75076 7.938347 6.860035 38.45809 -7.200845 7.259028 38.79418 -7.149202 7.222789 38.50104 -7.154082 7.268923 38.80022 -7.665832 7.160799 38.73418 -7.156362 7.22106 38.50015 -7.70963 7.086532 38.43102 -7.615306 7.10948 38.44281 -7.72521 7.148223 38.72651 6.960383 7.219272 38.55878 7.126286 7.254379 38.83487 7.020838 7.266717 38.84917 7.081776 7.205622 38.54224 7.483891 7.212536 38.78637 7.443964 7.164913 38.49289 -6.716442 7.116632 38.58314 -6.637876 7.09738 38.59805 -6.671336 7.136898 38.89365 -6.760505 7.161277 38.87639 -7.154082 7.268923 38.80022 -7.149202 7.222789 38.50104 6.565831 7.087247 38.6364 6.698227 7.160681 38.91236 6.600788 7.128613 38.93145 6.655788 7.117348 38.6187 6.772397 7.185059 38.89783 6.960383 7.219272 38.55878 7.020838 7.266717 38.84917 -1.937249 -8.894545 38.78933 -2.146156 -8.928937 39.07866 -1.946227 -8.947832 39.08436 -2.132976 -8.875651 38.78381 -2.447926 -8.900446 39.07004 -2.749779 -8.74762 38.77612 -3.116314 -8.59676 39.06896 -2.766625 -8.80037 39.07089 -2.433547 -8.846683 38.77532 -3.772919 -8.214516 39.06535 -4.206942 -7.899803 38.76782 -4.942846 -7.533354 39.05892 -3.749901 -8.165699 38.77043 -4.912538 -7.489246 38.7638 -6.41257 -6.67767 39.05084 -6.171306 -6.756825 38.75663 -6.383141 -6.633563 38.75542 -6.455996 -6.652159 39.04788 -6.90318 -6.389541 39.01732 -7.072386 -6.229085 38.70811 -7.116278 -6.264371 39.00276 -7.294358 -5.953235 38.7052 -7.330974 -5.981369 39.00152 -7.531629 -5.658311 38.70208 -7.56168 -5.677266 39.00018 -7.536733 -5.651993 38.70201 -7.609875 -5.613727 38.9999 3.341115 -8.358879 38.82016 3.130323 -8.54258 39.10511 3.371253 -8.402867 39.11535 4.12774 -7.899922 38.80462 4.861533 -7.532758 39.08589 2.68647 -8.799893 39.08624 2.176343 -8.831007 38.79772 1.865505 -8.883697 38.8017 1.883454 -8.938355 39.09616 2.188697 -8.885724 39.09238 2.671263 -8.747083 38.7914 4.832863 -7.488532 38.79069 5.980304 -6.879491 39.06376 5.944639 -6.839854 38.76873 6.993463 -6.227953 38.74801 6.508431 -6.571156 39.05331 6.819031 -6.38978 39.04717 7.035723 -6.263238 39.04289 7.252066 -6.093365 39.0314 7.255672 -6.001873 38.73618 1.764512 -8.850676 38.81091 1.445948 -8.746547 38.83995 1.45538 -8.801145 39.13473 1.774675 -8.903486 39.10596 1.865505 -8.883697 38.8017 1.883454 -8.938355 39.09616 -1.793654 -8.83512 38.80536 -1.804837 -8.889241 39.10017 -1.452507 -8.743208 39.13954 -1.44443 -8.690638 38.84436 -1.793654 -8.83512 38.80536 -1.946227 -8.947832 39.08436 -1.937249 -8.894545 38.78933 1.113086 -8.411867 38.90762 1.040405 -8.338732 38.92239 1.075095 -8.435947 39.20922 1.111678 -8.471055 39.20205 1.437208 -8.783679 39.13829 1.429482 -8.730036 38.8433 1.445948 -8.746547 38.83995 1.45538 -8.801145 39.13473 -1.103536 -8.31191 38.92142 -1.179532 -8.418066 39.20484 -1.071395 -8.28926 39.23071 -1.160272 -8.374912 38.90859 -1.452507 -8.743208 39.13954 -1.44443 -8.690638 38.84436 -5.0243 2.950507 39.2751 -5.261683 2.576964 39.27047 -5.17235 2.64992 39.2774 -4.978337 3.043848 39.27439 -4.984216 3.243642 39.25778 -8.178292 5.366641 38.57586 -5.538103 2.351242 39.249 -5.002131 3.852444 39.20721 -5.65038 2.322572 39.23536 -6.109321 2.208906 39.17937 -6.101244 2.207296 39.18063 -6.094252 6.505328 38.7627 -6.908313 2.564209 39.04132 -6.557507 2.298253 39.1097 -7.181954 2.934771 38.97489 -6.278747 6.767707 38.69919 -6.377184 6.858068 38.67147 -6.716442 7.116632 38.58314 -6.637876 7.09738 38.59805 -7.149202 7.222789 38.50104 -7.615306 7.10948 38.44281 -8.001139 6.850677 38.41608 -7.156362 7.22106 38.50015 -8.239606 6.480353 38.42737 -8.267974 5.585508 38.53994 -8.097672 6.772595 38.41112 -8.289596 6.377416 38.4331 -7.70963 7.086532 38.43102 -2.367378 7.256346 39.00294 -2.225258 7.297175 39.00448 -2.205157 7.347243 39.3015 -2.609075 7.186847 39.00031 -2.6268 7.232921 39.29602 -2.73616 7.15031 38.99893 -2.752126 7.198947 39.29438 8.096106 5.358236 38.62376 4.877678 3.202336 39.29302 4.885159 3.03598 39.30485 4.928074 2.963441 39.3047 5.155831 2.578454 39.30394 5.16761 2.570467 39.30297 5.561947 2.303319 39.27024 4.869043 3.394621 39.27935 8.189402 5.58539 38.58699 8.254788 6.039994 38.51803 8.255295 6.043511 38.5175 8.191615 6.477671 38.46974 7.938347 6.860035 38.45809 7.533072 7.109957 38.48661 7.443964 7.164913 38.49289 7.081776 7.205622 38.54224 6.960383 7.219272 38.55878 6.655788 7.117348 38.6187 4.863291 3.522592 39.27025 4.919751 3.852206 39.23603 5.573845 2.295273 39.26924 6.025381 2.226906 39.2134 6.014488 6.505089 38.79745 6.137765 2.209919 39.19949 6.452232 2.317267 39.14942 6.554923 2.352374 39.13307 7.100864 2.934711 39.01606 6.565831 7.087247 38.6364 0.8921688 -7.92734 39.29978 0.8729835 -7.858139 39.00777 0.8745332 -7.878286 39.30852 0.8806576 -7.880134 39.00386 1.038126 -8.333129 39.22752 1.021839 -8.285446 38.93187 1.040405 -8.338732 38.92239 1.075095 -8.435947 39.20922 -0.9431477 -7.762713 39.01865 -1.044975 -8.186979 39.24867 -0.9500097 -7.819396 39.31322 -1.050958 -8.131844 38.9533 -1.071395 -8.28926 39.23071 -1.103536 -8.31191 38.92142 -3.072315 6.848352 39.02374 -2.999102 6.977932 39.31251 -3.091839 6.894963 39.31932 -2.978937 6.932216 39.01685 -2.752126 7.198947 39.29438 -2.73616 7.15031 38.99893 1.593782 7.186788 39.05627 2.037621 7.299738 39.02141 2.074621 7.317143 39.32014 1.593782 7.186788 39.05627 2.074621 7.317143 39.32014 1.797675 7.318693 39.33207 7.534689 -1.284046 39.02747 7.583631 -1.291615 39.32335 7.5467 -1.02256 39.3356 7.47422 -0.9520477 39.04483 7.576971 -3.154678 39.22156 7.528758 -3.299696 38.93707 7.572658 -4.35893 39.15576 7.524042 -4.515213 38.83636 7.567159 -5.341155 39.0653 7.39391 -5.64192 38.75402 7.429897 -5.668802 39.05053 7.52095 -5.311174 38.77041 7.258548 -5.994362 38.73655 7.282793 -6.019992 39.03471 7.255672 -6.001873 38.73618 7.252066 -6.093365 39.0314 -1.666629 7.200079 39.04546 -1.64202 7.195847 39.04726 -1.640887 7.237988 39.34438 -1.678848 7.245379 39.34149 -2.157249 7.337945 39.30514 -2.143607 7.282989 39.01047 -2.17379 7.341163 39.30388 -2.225258 7.297175 39.00448 -2.205157 7.347243 39.3015 -7.387065 -0.6226724 39.33861 -7.351854 -0.5993074 39.04121 -7.356436 -0.5493587 39.3451 -7.53186 -0.9690946 39.30794 -7.356373 -0.6109899 39.04022 -7.666607 -1.291556 39.27938 -7.490517 -0.9587234 39.01106 -7.61601 -1.283986 38.98377 -7.66445 -2.194387 39.2487 -7.65957 -3.154558 39.17954 -7.609577 -3.299994 38.8936 -7.648454 -5.34187 39.02198 -7.604127 -4.522366 38.79259 -7.600606 -5.311889 38.72734 -7.609875 -5.613727 38.9999 -7.536733 -5.651993 38.70201 2.927444 6.975787 39.32919 2.985216 6.874757 39.03756 3.129489 6.7115 39.35675 2.914741 6.927865 39.03343 2.850129 7.076936 39.31865 2.060673 7.295149 39.02103 2.356059 7.315534 39.30802 2.074621 7.317143 39.32014 2.037621 7.299738 39.02141 2.560115 7.194953 39.01266 2.541198 7.226126 39.312 2.53672 7.199603 39.01304 2.349555 7.237154 39.01618 -1.024582 -7.336778 39.08546 -1.026885 -7.418735 39.37606 -1.034939 -7.376713 39.38265 -0.9551357 -7.700068 39.02849 -0.9635325 -7.748944 39.32427 -1.017929 -7.371587 39.08 -0.9500097 -7.819396 39.31322 -0.9431477 -7.762713 39.01865 0.9133508 -7.507903 39.06386 0.9338324 -7.330221 39.09232 0.943019 -7.367832 39.38992 0.9177839 -7.555944 39.35993 0.8745332 -7.878286 39.30852 0.8729835 -7.858139 39.00777 -6.908313 2.564209 39.04132 -6.932453 2.603906 39.33835 -6.681972 2.354758 39.39166 -6.557507 2.298253 39.1097 -7.113722 2.78421 39.29978 -7.181954 2.934771 38.97489 -7.229705 2.954202 39.27028 -7.418682 3.416019 39.19457 -8.181059 5.278962 38.88911 -8.178292 5.366641 38.57586 -8.321089 5.621152 38.83301 -8.267974 5.585508 38.53994 -8.342037 6.418961 38.72549 -8.289596 6.377416 38.4331 -1.291298 6.930309 39.10129 -1.220026 6.876367 39.11226 -1.226024 6.918089 39.40908 -1.301148 6.976026 39.39736 -1.64202 7.195847 39.04726 -1.640887 7.237988 39.34438 7.100864 2.934711 39.01606 6.554923 2.352374 39.13307 6.595812 2.367156 39.4298 6.977602 2.773779 39.348 7.146961 2.954202 39.31171 7.702618 4.308837 39.0926 8.19093 5.49932 38.90005 8.096106 5.358236 38.62376 8.240879 5.621093 38.88035 8.189402 5.58539 38.58699 8.296407 5.955236 38.82879 8.254788 6.039994 38.51803 8.296154 5.959289 38.82829 8.288823 6.077605 38.81375 8.255295 6.043511 38.5175 8.265599 6.45228 38.76771 8.191615 6.477671 38.46974 -6.109321 2.208906 39.17937 -6.413609 2.281564 39.43479 -6.196156 2.222257 39.46973 -6.557507 2.298253 39.1097 -6.59692 2.331572 39.40533 -6.681972 2.354758 39.39166 -2.156758 -6.376726 39.46627 -1.681604 -6.610674 39.17316 -1.703256 -6.647212 39.47031 -1.545833 -6.740314 39.46301 -3.193644 -5.758388 39.45706 -3.367268 -5.60574 39.15839 -1.501688 -6.739063 39.16106 -1.306609 -7.038278 39.42538 -1.534932 -6.697458 39.16633 -3.390309 -5.641086 39.45532 -4.326605 -5.082709 39.44699 -4.305237 -5.046589 39.15016 -4.297485 -5.051238 39.15023 -5.19798 -4.514379 39.14234 -5.234563 -4.541201 39.43893 -1.298131 -6.994111 39.1288 -1.034939 -7.376713 39.38265 -1.024582 -7.336778 39.08546 -6.101244 2.207296 39.18063 -6.109321 2.208906 39.17937 -6.153264 2.231377 39.47508 -6.109321 2.208906 39.17937 -6.196156 2.222257 39.46973 -6.153264 2.231377 39.47508 4.937029 -4.621489 39.18172 5.151241 -4.540724 39.46891 4.959352 -4.656 39.47905 4.224106 -5.04635 39.18035 3.28607 -5.605382 39.17853 3.307431 -5.640728 39.47559 3.207638 -5.700213 39.47538 2.330891 -6.174607 39.17668 2.345919 -6.213886 39.47357 2.072266 -6.377024 39.47299 1.463017 -6.740195 39.47171 1.453823 -6.69728 39.17497 1.220263 -6.919009 39.14902 1.308597 -6.883127 39.45534 5.117959 -4.512829 39.17212 1.030876 -7.190865 39.11153 1.039668 -7.239682 39.40721 0.9338324 -7.330221 39.09232 0.943019 -7.367832 39.38992 6.452232 2.317267 39.14942 6.137765 2.209919 39.19949 6.173833 2.224522 39.49689 6.494827 2.333003 39.44586 6.554923 2.352374 39.13307 6.595812 2.367156 39.4298 -5.538103 2.351242 39.249 -5.686992 2.331095 39.53321 -5.618811 2.345639 39.54171 -5.65038 2.322572 39.23536 -6.153264 2.231377 39.47508 -6.101244 2.207296 39.18063 5.755513 2.276497 39.54953 5.573845 2.295273 39.26924 5.677296 2.286213 39.55937 6.025381 2.226906 39.2134 6.064436 2.238112 39.51066 6.127923 2.230185 39.50267 6.137765 2.209919 39.19949 6.173833 2.224522 39.49689 -4.984216 3.243642 39.25778 -4.978337 3.043848 39.27439 -5.011284 3.072696 39.57124 -5.015161 3.196197 39.56094 -5.002131 3.852444 39.20721 -5.036582 3.87867 39.50406 -5.002131 3.852444 39.20721 -5.216078 4.315155 39.43092 -5.394706 4.749494 39.35815 -6.134083 6.547409 39.05691 -6.094252 6.505328 38.7627 -6.278747 6.767707 38.69919 -6.264184 6.735342 39.01192 -6.377184 6.858068 38.67147 -6.426265 6.895202 38.96483 -6.637876 7.09738 38.59805 -6.426265 6.895202 38.96483 -6.671336 7.136898 38.89365 -5.0243 2.950507 39.2751 -5.17235 2.64992 39.2774 -5.206195 2.670424 39.57474 -5.06042 2.971309 39.57213 -4.978337 3.043848 39.27439 -5.011284 3.072696 39.57124 -5.17235 2.64992 39.2774 -5.299551 2.596932 39.56727 -5.206195 2.670424 39.57474 -5.261683 2.576964 39.27047 -5.467967 2.464371 39.55379 -5.538103 2.351242 39.249 -5.618811 2.345639 39.54171 5.16761 2.570467 39.30297 5.155831 2.578454 39.30394 5.184538 2.602535 39.60166 5.203649 2.590316 39.60002 5.606881 2.331453 39.56541 5.573845 2.295273 39.26924 5.561947 2.303319 39.27024 5.677296 2.286213 39.55937 4.928074 2.963441 39.3047 4.885159 3.03598 39.30485 4.917494 3.060358 39.60208 4.961929 2.984183 39.60201 5.155831 2.578454 39.30394 5.088068 2.767938 39.60181 5.184538 2.602535 39.60166 4.877678 3.202336 39.29302 4.899412 3.417986 39.57695 4.917494 3.060358 39.60208 4.885159 3.03598 39.30485 4.869043 3.394621 39.27935 4.894762 3.510015 39.57048 4.863291 3.522592 39.27025 4.893898 3.527003 39.5693 4.952519 3.878491 39.53307 4.919751 3.852206 39.23603 5.043886 4.100161 39.49643 4.919751 3.852206 39.23603 5.511089 5.233484 39.30907 6.014488 6.505089 38.79745 6.052657 6.54717 39.09188 6.600788 7.128613 38.93145 6.565831 7.087247 38.6364 -1.691409 -2.341551 39.59616 -1.245597 -2.549393 39.60168 -1.292885 -2.469463 39.60518 -1.645275 -2.238674 39.6031 -2.138213 -2.133471 39.58346 -1.72601 -2.185804 39.60262 -0.989997 -2.985579 39.58248 -0.9907569 -2.980036 39.58285 -2.275229 -2.116007 39.57709 -2.625884 -2.246065 39.54762 -0.9467687 -3.304464 39.56077 -1.026199 -3.616912 39.53314 -2.824844 -2.319796 39.5309 -3.01977 -2.544088 39.50343 -2.625884 -2.246065 39.54762 -1.088821 -3.863258 39.51135 -1.260297 -4.057331 39.48775 -3.205505 -2.757771 39.47725 -3.034667 -4.062993 39.39152 -3.01977 -2.544088 39.50343 -2.633684 -4.366917 39.39116 -2.541319 -4.425508 39.39191 -2.140225 -4.473431 39.4099 -1.651929 -4.35738 39.44456 -1.463764 -4.287583 39.45974 -3.259485 -2.979738 39.45803 -3.336009 -3.29445 39.43077 -2.007694 -4.489285 39.41585 -3.289596 -3.618044 39.40987 -3.287674 -3.631455 39.409 -2.988317 -4.142029 39.38832 -5.206612 -2.108736 39.30904 -5.24011 -3.1514 39.54762 -5.243045 -2.122147 39.60647 -5.203773 -3.314478 39.24003 -5.239584 -3.33522 39.53712 -5.234563 -4.541201 39.43893 -5.19798 -4.514379 39.14234 1.183866 -2.545638 39.60802 1.579723 -2.247197 39.61107 1.378267 -2.322597 39.6154 1.925408 -2.72463 39.57025 1.929141 -2.116365 39.60355 0.9956871 -2.761525 39.60088 0.9413352 -2.98105 39.58689 2.067677 -2.133948 39.59526 2.560711 -2.236766 39.56275 2.484902 -2.186758 39.57028 0.8634617 -3.295583 39.56684 2.911559 -2.468032 39.52788 0.9084334 -3.618879 39.54044 0.9101843 -3.631396 39.53941 1.161656 -4.06347 39.49522 1.560553 -4.368169 39.4537 2.958446 -2.547962 39.51964 1.161656 -4.06347 39.49522 2.054072 -4.472894 39.42245 2.54289 -4.357082 39.40744 1.647166 -4.423601 39.44548 2.936265 -4.056615 39.41029 3.108329 -3.862721 39.41604 3.172307 -3.615779 39.43078 3.253325 -3.303034 39.44946 3.211766 -2.984089 39.47475 3.211043 -2.978546 39.47519 1.207656 -4.142506 39.48714 2.188384 -4.489166 39.41485 2.732224 -4.28657 39.40348 5.121424 -3.311736 39.27017 5.123696 -2.108616 39.33916 5.158453 -2.122027 39.63679 5.155994 -3.15134 39.57781 5.121424 -3.311736 39.27017 5.155562 -3.334922 39.56729 5.117974 -4.507346 39.17256 5.151241 -4.540724 39.46891 5.117959 -4.512829 39.17212 -1.148486 0.4027658 39.67649 -1.527974 -0.02084434 39.66593 -1.195402 0.2720528 39.67733 -1.497463 -0.001830458 39.66719 -1.142108 0.420528 39.67638 -3.976197 1.39572 39.44657 -0.9953167 0.8295351 39.67374 -3.362221 2.66953 39.44998 -3.363178 1.745539 39.51109 -3.278327 2.826469 39.44495 -2.770141 3.401416 39.45246 -0.9406741 0.9817653 39.67276 -2.087177 3.853576 39.45395 -0.9406517 1.755195 39.64362 -1.523421 -0.01857936 39.66611 -1.526685 -0.02322852 39.66599 -3.969927 -0.02513587 39.49401 -1.521439 -0.02513587 39.66621 -2.297618 -0.4637665 39.59282 -4.337312 0.7704669 39.44902 -4.008808 1.377123 39.44314 -0.9406443 1.872616 39.6392 -1.365841 4.160541 39.45553 -0.9385209 4.19839 39.41645 -3.349339 -1.058144 39.49337 -4.409005 -0.02513587 39.43957 -4.412719 -1.659078 39.39283 -2.367378 7.256346 39.00294 -2.609075 7.186847 39.00031 -2.978937 6.932216 39.01685 -3.072315 6.848352 39.02374 -1.008087 6.412344 39.18801 -1.291298 6.930309 39.10129 -0.9367849 6.103175 39.23401 -2.143607 7.282989 39.01047 -1.666629 7.200079 39.04546 -3.326361 6.175237 39.10294 -3.355351 6.098406 39.11198 -3.361103 3.746944 39.37873 -3.359941 4.221755 39.32486 -3.361952 2.926188 39.43301 -5.18765 0.7043654 39.31907 -6.466005 -0.02513587 39.18452 -4.467529 -0.02513587 39.43231 -5.038549 -2.012772 39.33365 -7.356373 -0.6109899 39.04022 -5.206612 -2.108736 39.30904 -7.096579 -0.3831214 39.08515 -7.490517 -0.9587234 39.01106 -5.203773 -3.314478 39.24003 -7.356373 -0.6109899 39.04022 -5.19798 -4.514379 39.14234 -1.220026 6.876367 39.11226 -4.245759 -6.747169 38.98254 -1.534932 -6.697458 39.16633 -1.681604 -6.610674 39.17316 -3.367268 -5.60574 39.15839 -1.501688 -6.739063 39.16106 -1.548075 -7.916135 38.97579 -1.298131 -6.994111 39.1288 -4.297485 -5.051238 39.15023 -4.305237 -5.046589 39.15016 -6.171306 -6.756825 38.75663 -7.604127 -4.522366 38.79259 -7.600606 -5.311889 38.72734 -7.531629 -5.658311 38.70208 -7.294358 -5.953235 38.7052 -6.383141 -6.633563 38.75542 -7.61601 -1.283986 38.98377 -7.609577 -3.299994 38.8936 -1.017929 -7.371587 39.08 -1.024582 -7.336778 39.08546 -1.64202 7.195847 39.04726 -7.351854 -0.5993074 39.04121 -0.9551357 -7.700068 39.02849 -1.050958 -8.131844 38.9533 -0.9431477 -7.762713 39.01865 -2.73616 7.15031 38.99893 -2.225258 7.297175 39.00448 -4.206942 -7.899803 38.76782 -3.749901 -8.165699 38.77043 -2.749779 -8.74762 38.77612 -2.433547 -8.846683 38.77532 -1.793654 -8.83512 38.80536 -2.132976 -8.875651 38.78381 -4.912538 -7.489246 38.7638 -1.160272 -8.374912 38.90859 -1.44443 -8.690638 38.84436 -1.103536 -8.31191 38.92142 -1.937249 -8.894545 38.78933 -7.072386 -6.229085 38.70811 -7.536733 -5.651993 38.70201 3.27827 2.63949 39.46898 0.8985242 0.7683212 39.68183 0.9465728 0.5533868 39.6852 3.279044 1.745539 39.53074 1.037418 0.4477673 39.68333 3.935515 1.371103 39.46542 1.114196 0.3584796 39.68175 3.278016 2.936261 39.44848 0.8575161 0.9517247 39.67895 1.438535 -0.01857936 39.67506 3.278016 2.936261 39.44848 0.8558025 0.9817653 39.67819 2.732425 3.355103 39.46939 0.8559813 1.86606 39.63363 3.88576 -0.02513587 39.51722 1.441977 -0.02334773 39.67494 1.436553 -0.02513587 39.67514 1.445039 -0.02990424 39.67483 1.444227 -0.0216788 39.67485 1.444227 -0.0216788 39.67485 4.281497 0.6997758 39.4728 3.264791 -1.058204 39.50878 2.092755 3.786164 39.468 0.8561974 2.926784 39.58018 1.33407 4.115181 39.46633 0.8554449 4.215794 39.44182 4.341467 -0.02513587 39.46333 4.280626 -1.632256 39.41609 4.1036 1.275259 39.44869 4.839487 0.8555824 39.37547 5.219384 0.6389195 39.33767 4.382848 -0.02513587 39.45844 3.273792 5.960422 39.1472 3.27704 4.031675 39.37145 3.277092 4.002886 39.3748 2.53672 7.199603 39.01304 2.349555 7.237154 39.01618 0.8543422 6.103116 39.23923 2.060673 7.295149 39.02103 2.037621 7.299738 39.02141 1.593782 7.186788 39.05627 1.22474 6.93609 39.10726 1.142709 6.864148 39.12088 3.273553 6.098288 39.13118 3.201208 6.407397 39.0927 2.914741 6.927865 39.03343 2.560115 7.194953 39.01266 4.002123 1.333135 39.45879 4.327892 -1.658959 39.41178 6.38379 -0.02513587 39.22181 5.123696 -2.108616 39.33916 7.4668 -0.9428686 39.04614 7.233871 -0.6545609 39.08728 5.121424 -3.311736 39.27017 7.014728 -0.3833003 39.12598 5.117974 -4.507346 39.17256 7.524042 -4.515213 38.83636 7.528758 -3.299696 38.93707 7.534689 -1.284046 39.02747 4.224106 -5.04635 39.18035 7.258548 -5.994362 38.73655 4.937029 -4.621489 39.18172 5.117959 -4.512829 39.17212 5.944639 -6.839854 38.76873 6.993463 -6.227953 38.74801 3.28607 -5.605382 39.17853 4.12774 -7.899922 38.80462 4.832863 -7.488532 38.79069 2.330891 -6.174607 39.17668 3.341115 -8.358879 38.82016 1.072242 -7.802111 39.0133 1.113086 -8.411867 38.90762 1.453823 -6.69728 39.17497 1.429482 -8.730036 38.8433 1.445948 -8.746547 38.83995 1.764512 -8.850676 38.81091 2.176343 -8.831007 38.79772 1.220263 -6.919009 39.14902 5.117959 -4.512829 39.17212 7.52095 -5.311174 38.77041 7.39391 -5.64192 38.75402 1.030876 -7.190865 39.11153 0.9338324 -7.330221 39.09232 1.476503 7.156925 39.06548 2.985216 6.874757 39.03756 0.9133508 -7.507903 39.06386 0.8729835 -7.858139 39.00777 7.47422 -0.9520477 39.04483 1.021839 -8.285446 38.93187 0.8806576 -7.880134 39.00386 1.040405 -8.338732 38.92239 2.671263 -8.747083 38.7914 1.865505 -8.883697 38.8017 7.255672 -6.001873 38.73618 -2.541319 -4.425508 39.39191 -2.648324 -4.387063 39.69002 -2.50692 -4.472537 39.69145 -2.633684 -4.366917 39.39116 -3.011883 -4.167301 39.68634 -2.988317 -4.142029 39.38832 2.54289 -4.357082 39.40744 2.188384 -4.489166 39.41485 2.283058 -4.50669 39.71008 2.561948 -4.392249 39.70502 2.732224 -4.28657 39.40348 2.750835 -4.314703 39.70157 3.108329 -3.862721 39.41604 2.956471 -4.083139 39.70843 3.129988 -3.887755 39.71421 2.936265 -4.056615 39.41029 2.750835 -4.314703 39.70157 2.732224 -4.28657 39.40348 -2.007694 -4.489285 39.41585 -2.157056 -4.493756 39.70864 -1.941123 -4.506809 39.71925 -2.140225 -4.473431 39.4099 -2.50692 -4.472537 39.69145 -2.541319 -4.425508 39.39191 2.054072 -4.472894 39.42245 1.647166 -4.423601 39.44548 1.718364 -4.473371 39.73947 2.067319 -4.493994 39.72131 2.188384 -4.489166 39.41485 2.283058 -4.50669 39.71008 3.253325 -3.303034 39.44946 3.265581 -3.364903 39.74541 3.275997 -3.32473 39.74781 3.172307 -3.615779 39.43078 3.194376 -3.639502 39.72903 3.129988 -3.887755 39.71421 3.108329 -3.862721 39.41604 -1.463764 -4.287583 39.45974 -1.663067 -4.392905 39.74248 -1.474322 -4.315598 39.75825 -1.651929 -4.35738 39.44456 -1.941123 -4.506809 39.71925 -2.007694 -4.489285 39.41585 -3.264689 -2.930505 39.7625 -3.205505 -2.757771 39.47725 -3.223685 -2.765281 39.77685 -3.259485 -2.979738 39.45803 -3.281929 -3.000004 39.75646 -3.318937 -3.149075 39.7435 -3.360388 -3.316087 39.72899 -3.336009 -3.29445 39.43077 -3.289596 -3.618044 39.40987 -3.360388 -3.316087 39.72899 -3.310871 -3.64135 39.70814 -3.287674 -3.631455 39.409 -3.305537 -3.676397 39.70588 -3.243566 -3.77999 39.70176 -3.034667 -4.062993 39.39152 -3.058039 -4.090113 39.68941 -2.988317 -4.142029 39.38832 -3.011883 -4.167301 39.68634 1.560553 -4.368169 39.4537 1.207656 -4.142506 39.48714 1.214481 -4.168672 39.78592 1.57672 -4.387719 39.75253 1.647166 -4.423601 39.44548 1.718364 -4.473371 39.73947 -3.363178 1.745539 39.51109 -3.387583 2.202707 39.77991 -3.388115 1.758354 39.80923 -3.386629 3.002005 39.72716 -3.362221 2.66953 39.44998 -3.361952 2.926188 39.43301 -3.385709 3.770607 39.67646 -3.361103 3.746944 39.37873 -3.385321 3.894763 39.66239 -3.359941 4.221755 39.32486 -3.380735 5.364316 39.49596 -3.355351 6.098406 39.11198 -3.379178 5.863445 39.43943 -3.378318 6.139235 39.4082 -3.326361 6.175237 39.10294 -3.125926 6.805079 39.32989 -3.072315 6.848352 39.02374 -3.091839 6.894963 39.31932 -3.976197 1.39572 39.44657 -3.363178 1.745539 39.51109 -3.388115 1.758354 39.80923 -3.697191 1.581805 39.77674 -4.008808 1.377123 39.44314 -4.545261 1.097339 39.68761 -5.18765 0.7043654 39.31907 -4.545261 1.097339 39.68761 -5.490967 0.5570823 39.58822 -6.466005 -0.02513587 39.18452 -5.490967 0.5570823 39.58822 -6.510184 -0.02513587 39.4811 -6.779638 -0.1773661 39.43981 -7.096579 -0.3831214 39.08515 -6.827858 -0.2046055 39.43242 -7.144392 -0.3853268 39.38127 -7.356436 -0.5493587 39.3451 -7.351854 -0.5993074 39.04121 -1.088821 -3.863258 39.51135 -1.270318 -4.08457 39.78633 -1.097181 -3.88859 39.81016 -1.260297 -4.057331 39.48775 -1.474322 -4.315598 39.75825 -1.463764 -4.287583 39.45974 2.911559 -2.468032 39.52788 2.978592 -2.565963 39.81838 2.923249 -2.475483 39.82784 2.958446 -2.547962 39.51964 3.224886 -2.968592 39.7763 3.211043 -2.978546 39.47519 3.230034 -3.004474 39.77343 3.211766 -2.984089 39.47475 3.250784 -3.149075 39.76186 3.253325 -3.303034 39.44946 3.26795 -3.268702 39.7523 3.275997 -3.32473 39.74781 3.302312 1.791137 39.82742 3.279044 1.745539 39.53074 3.30226 1.758354 39.829 3.302908 2.173799 39.80902 3.302372 2.436893 39.78371 3.27827 2.63949 39.46898 3.300502 3.354686 39.69542 3.278016 2.936261 39.44848 3.298445 4.361885 39.59851 3.277092 4.002886 39.3748 3.296188 5.468862 39.492 3.273792 5.960422 39.1472 3.298445 4.361885 39.59851 3.27704 4.031675 39.37145 3.296128 5.497234 39.48928 3.294824 6.139117 39.42752 3.273553 6.098288 39.13118 3.201208 6.407397 39.0927 3.144017 6.661193 39.36297 2.985216 6.874757 39.03756 3.129489 6.7115 39.35675 3.279044 1.745539 39.53074 3.920144 1.405614 39.76761 3.30226 1.758354 39.829 3.935515 1.371103 39.46542 4.030138 1.34285 39.75669 4.1036 1.275259 39.44869 4.644892 0.9918385 39.69561 4.002123 1.333135 39.45879 4.839487 0.8555824 39.37547 4.87282 0.8617216 39.67296 5.40836 0.5560094 39.61976 5.219384 0.6389195 39.33767 6.426319 -0.02513587 39.51861 6.38379 -0.02513587 39.22181 6.744131 -0.2047247 39.47173 7.014728 -0.3833003 39.12598 6.825267 -0.2510375 39.45908 7.060884 -0.3855056 39.42235 7.233871 -0.6545609 39.08728 7.272965 -0.6635612 39.38448 7.4668 -0.9428686 39.04614 7.499529 -0.9606904 39.34403 7.47422 -0.9520477 39.04483 7.5467 -1.02256 39.3356 -3.01977 -2.544088 39.50343 -2.824844 -2.319796 39.5309 -2.836809 -2.328975 39.83074 -3.042743 -2.561194 39.80205 -3.205505 -2.757771 39.47725 -3.223685 -2.765281 39.77685 -0.9467687 -3.304464 39.56077 -1.034469 -3.641469 39.83201 -0.9546365 -3.326995 39.85982 -1.026199 -3.616912 39.53314 -1.097181 -3.88859 39.81016 -1.088821 -3.863258 39.51135 -2.625884 -2.246065 39.54762 -2.275229 -2.116007 39.57709 -2.352104 -2.138359 39.87229 -2.64787 -2.254648 39.84693 -2.824844 -2.319796 39.5309 -2.836809 -2.328975 39.83074 2.484902 -2.186758 39.57028 2.572938 -2.26329 39.86126 2.427354 -2.175076 39.87514 2.560711 -2.236766 39.56275 2.923249 -2.475483 39.82784 2.911559 -2.468032 39.52788 -2.138213 -2.133471 39.58346 -1.72601 -2.185804 39.60262 -1.810335 -2.176148 39.89984 -2.153822 -2.152187 39.88238 -2.275229 -2.116007 39.57709 -2.352104 -2.138359 39.87229 0.9413352 -2.98105 39.58689 0.9956871 -2.761525 39.60088 1.008472 -2.769751 39.90073 0.9496277 -3.00203 39.886 0.912792 -3.147406 39.87677 0.8695637 -3.318054 39.86594 0.8634617 -3.295583 39.56684 0.9084334 -3.618879 39.54044 0.9173592 -3.643019 39.83927 0.9101843 -3.631396 39.53941 0.9223138 -3.676695 39.8365 1.161656 -4.06347 39.49522 1.168541 -4.091305 39.79388 1.207656 -4.142506 39.48714 1.214481 -4.168672 39.78592 -1.645275 -2.238674 39.6031 -1.292885 -2.469463 39.60518 -1.311817 -2.478165 39.90468 -1.664222 -2.264661 39.90126 -1.72601 -2.185804 39.60262 -1.810335 -2.176148 39.89984 -1.292885 -2.469463 39.60518 -1.256571 -2.567751 39.90088 -1.311817 -2.478165 39.90468 -1.245597 -2.549393 39.60168 -1.007662 -2.971453 39.88377 -0.9907569 -2.980036 39.58285 -1.002417 -3.00662 39.8814 -0.989997 -2.985579 39.58248 -0.9814139 -3.147406 39.87191 -0.9467687 -3.304464 39.56077 -0.9546365 -3.326995 39.85982 1.929141 -2.116365 39.60355 2.084038 -2.151174 39.89424 1.891835 -2.137763 39.90493 2.067677 -2.133948 39.59526 2.427354 -2.175076 39.87514 2.484902 -2.186758 39.57028 -0.9791266 6.711679 39.4473 -0.9437214 6.144779 39.53073 -0.3868351 2.58519 39.90938 1.183866 -2.545638 39.60802 1.378267 -2.322597 39.6154 1.398227 -2.331776 39.91483 1.192174 -2.563281 39.90738 0.9956871 -2.761525 39.60088 1.008472 -2.769751 39.90073 1.378267 -2.322597 39.6154 1.589565 -2.256555 39.91099 1.398227 -2.331776 39.91483 1.579723 -2.247197 39.61107 1.891835 -2.137763 39.90493 1.929141 -2.116365 39.60355 -1.540453 -0.02102315 39.96564 -1.526685 -0.02322852 39.66599 -1.539283 -0.02328813 39.9657 -1.527974 -0.02084434 39.66593 -1.530708 -0.02513587 39.888 -2.315716 -0.4669255 39.89209 -1.533964 -0.02513587 39.96592 -1.527698 -0.02513587 39.81607 -2.297618 -0.4637665 39.59282 -3.304661 -1.025719 39.7987 -1.521439 -0.02513587 39.66621 -3.349339 -1.058144 39.49337 -3.374518 -1.065237 39.7921 -5.064935 -2.020461 39.63245 -5.038549 -2.012772 39.33365 -5.243045 -2.122147 39.60647 -4.412719 -1.659078 39.39283 -5.206612 -2.108736 39.30904 -1.539283 -0.02328813 39.9657 -1.530708 -0.02513587 39.888 -1.533964 -0.02513587 39.96592 -1.526685 -0.02322852 39.66599 -1.527698 -0.02513587 39.81607 -1.521439 -0.02513587 39.66621 1.463636 -0.03425538 39.97434 1.441925 -0.02513587 39.82503 1.447297 -0.02513587 39.97492 1.439347 -0.02513587 39.75308 1.463636 -0.03425538 39.97434 1.445039 -0.02990424 39.67483 3.264791 -1.058204 39.50878 3.288238 -1.065297 39.80765 3.314606 -1.080198 39.80524 4.280626 -1.632256 39.41609 4.310428 -1.642866 39.71426 1.436553 -0.02513587 39.67514 4.327892 -1.658959 39.41178 4.310428 -1.642866 39.71426 5.158453 -2.122027 39.63679 5.123696 -2.108616 39.33916 1.441925 -0.02513587 39.82503 1.452765 -0.02328813 39.97472 1.447297 -0.02513587 39.97492 1.441977 -0.02334773 39.67494 1.444227 -0.0216788 39.67485 1.455038 -0.0216788 39.97463 1.439347 -0.02513587 39.75308 1.436553 -0.02513587 39.67514 -1.195402 0.2720528 39.67733 -1.338118 0.1557046 39.97264 -1.20128 0.2806359 39.97722 -1.512096 -0.003082156 39.96681 -1.497463 -0.001830458 39.66719 -1.535968 -0.01851975 39.96583 -1.523421 -0.01857936 39.66611 -1.527974 -0.02084434 39.66593 -1.540453 -0.02102315 39.96564 -1.187482 0.3193789 39.97696 -1.195402 0.2720528 39.67733 -1.20128 0.2806359 39.97722 -1.156756 0.4056269 39.97639 -1.148486 0.4027658 39.67649 -1.127095 0.4888946 39.97584 -1.142108 0.420528 39.67638 -1.063825 0.6664568 39.97467 -0.9953167 0.8295351 39.67374 -0.9991314 0.8480722 39.97348 -0.948676 0.9896928 39.97254 -0.9406741 0.9817653 39.67276 -0.9486611 1.096743 39.96772 -0.9406741 0.9817653 39.67276 -0.9485718 1.620072 39.94417 -0.9406517 1.755195 39.64362 -0.9484674 2.191442 39.91846 -0.9406443 1.872616 39.6392 -0.9484301 2.433377 39.90757 -0.9484226 2.490478 39.905 -0.9468804 3.689008 39.78226 -0.9385209 4.19839 39.41645 -0.9437214 6.144779 39.53073 -0.9367849 6.103175 39.23401 -1.008087 6.412344 39.18801 -0.9938713 6.367342 39.49787 -1.220026 6.876367 39.11226 -1.128876 6.687599 39.44623 -1.226024 6.918089 39.40908 0.9465728 0.5533868 39.6852 0.9316047 0.6621653 39.98337 0.9568845 0.5513007 39.98509 0.8938302 0.8278662 39.9808 0.8985242 0.7683212 39.68183 0.8637747 0.9596521 39.97875 0.8575161 0.9517247 39.67895 0.8620014 0.9896928 39.97801 0.8558025 0.9817653 39.67819 0.8620088 1.041966 39.97537 0.8620684 1.586872 39.94793 0.8559813 1.86606 39.63363 0.8621355 2.17815 39.91816 0.8622025 2.756315 39.88904 0.8561974 2.926784 39.58018 0.8622174 2.941328 39.87973 0.8561974 2.926784 39.58018 0.8621132 3.072875 39.86561 0.8608391 4.602569 39.70147 0.8554449 4.215794 39.44182 0.8595576 6.14472 39.53598 0.8543422 6.103116 39.23923 0.9468784 6.44453 39.49097 0.8543422 6.103116 39.23923 0.9916862 6.59837 39.46789 1.142709 6.864148 39.12088 1.243307 6.981628 39.40294 1.22474 6.93609 39.10726 1.314281 7.089751 39.38462 1.476503 7.156925 39.06548 1.521467 7.18786 39.3621 1.610755 7.230179 39.35239 1.593782 7.186788 39.05627 1.797675 7.318693 39.33207 0.9855692 0.5181009 39.98449 0.9465728 0.5533868 39.6852 0.9568845 0.5513007 39.98509 1.043907 0.4505687 39.98328 1.037418 0.4477673 39.68333 1.088581 0.3988915 39.98235 1.114196 0.3584796 39.68175 1.197732 0.2725893 39.98007 1.309155 0.1436644 39.97776 1.438535 -0.01857936 39.67506 1.449301 -0.01851975 39.97484 1.455038 -0.0216788 39.97463 1.444227 -0.0216788 39.67485 0.6568496 3.128963 39.86905 0.3038114 3.183501 39.86827 -0.01172816 -0.02513587 39.99999 1.309155 0.1436644 39.97776 1.197732 0.2725893 39.98007 1.088581 0.3988915 39.98235 1.043907 0.4505687 39.98328 0.9855692 0.5181009 39.98449 0.8620014 0.9896928 39.97801 0.8620088 1.041966 39.97537 0.8620684 1.586872 39.94793 0.8621355 2.17815 39.91816 0.8622025 2.756315 39.88904 0.8938302 0.8278662 39.9808 0.8637747 0.9596521 39.97875 0.9316047 0.6621653 39.98337 0.9568845 0.5513007 39.98509 0.7180114 -0.02513587 39.99438 -0.01204109 2.611416 39.89547 -0.3868351 2.58519 39.90938 -0.754499 2.5052 39.90858 -0.9484674 2.191442 39.91846 -0.9485718 1.620072 39.94417 -0.9486611 1.096743 39.96772 -0.9991314 0.8480722 39.97348 -1.063825 0.6664568 39.97467 -1.127095 0.4888946 39.97584 -0.948676 0.9896928 39.97254 -1.156756 0.4056269 39.97639 -1.187482 0.3193789 39.97696 -1.20128 0.2806359 39.97722 -1.338118 0.1557046 39.97264 -0.769199 -0.02513587 39.99056 1.398227 -2.331776 39.91483 1.192174 -2.563281 39.90738 -0.0115866 -3.137631 39.76195 0.9496277 -3.00203 39.886 1.008472 -2.769751 39.90073 -1.664222 -2.264661 39.90126 -1.256571 -2.567751 39.90088 -1.311817 -2.478165 39.90468 1.447297 -0.02513587 39.97492 1.448302 -0.02185761 39.97488 1.589565 -2.256555 39.91099 -1.533964 -0.02513587 39.96592 -1.810335 -2.176148 39.89984 -1.53497 -0.02185761 39.96586 -1.512096 -0.003082156 39.96681 -1.535968 -0.01851975 39.96583 1.449301 -0.01851975 39.97484 1.452765 -0.02328813 39.97472 1.589565 -2.256555 39.91099 1.463636 -0.03425538 39.97434 1.455038 -0.0216788 39.97463 1.891835 -2.137763 39.90493 2.084038 -2.151174 39.89424 3.288238 -1.065297 39.80765 -1.539283 -0.02328813 39.9657 -2.315716 -0.4669255 39.89209 -2.153822 -2.152187 39.88238 -1.540453 -0.02102315 39.96564 -0.9484301 2.433377 39.90757 -0.01209324 3.078418 39.87697 -0.01208579 3.198343 39.86242 -0.9791266 6.711679 39.4473 -0.9437214 6.144779 39.53073 -0.9468804 3.689008 39.78226 -0.9484226 2.490478 39.905 -1.007662 -2.971453 39.88377 2.427354 -2.175076 39.87514 -3.304661 -1.025719 39.7987 -2.64787 -2.254648 39.84693 -2.352104 -2.138359 39.87229 0.8622174 2.941328 39.87973 0.912792 -3.147406 39.87677 -1.002417 -3.00662 39.8814 -0.9814139 -3.147406 39.87191 0.8621132 3.072875 39.86561 0.8695637 -3.318054 39.86594 2.572938 -2.26329 39.86126 -0.9546365 -3.326995 39.85982 0.8608391 4.602569 39.70147 0.6289025 6.48387 39.49074 0.9173592 -3.643019 39.83927 -0.01189953 6.511765 39.46067 3.314606 -1.080198 39.80524 2.923249 -2.475483 39.82784 -1.034469 -3.641469 39.83201 -2.836809 -2.328975 39.83074 0.9223138 -3.676695 39.8365 1.168541 -4.091305 39.79388 -0.01144504 -6.370884 39.51468 -1.097181 -3.88859 39.81016 -3.042743 -2.561194 39.80205 3.920144 1.405614 39.76761 5.184538 2.602535 39.60166 3.30226 1.758354 39.829 5.088068 2.767938 39.60181 3.302312 1.791137 39.82742 2.978592 -2.565963 39.81838 3.302908 2.173799 39.80902 3.224886 -2.968592 39.7763 -1.270318 -4.08457 39.78633 -3.387583 2.202707 39.77991 -5.06042 2.971309 39.57213 -3.388115 1.758354 39.80923 -5.206195 2.670424 39.57474 -3.697191 1.581805 39.77674 4.961929 2.984183 39.60201 3.302372 2.436893 39.78371 3.230034 -3.004474 39.77343 3.27096 -3.149075 39.76066 4.310428 -1.642866 39.71426 -3.223685 -2.765281 39.77685 -3.264689 -2.930505 39.7625 -3.374518 -1.065237 39.7921 1.214481 -4.168672 39.78592 -5.064935 -2.020461 39.63245 -1.474322 -4.315598 39.75825 1.57672 -4.387719 39.75253 4.917494 3.060358 39.60208 4.899412 3.417986 39.57695 4.894762 3.510015 39.57048 3.300502 3.354686 39.69542 -5.011284 3.072696 39.57124 -3.386629 3.002005 39.72716 -5.036582 3.87867 39.50406 -3.387583 2.202707 39.77991 -5.015161 3.196197 39.56094 -5.467967 2.464371 39.55379 -4.545261 1.097339 39.68761 -5.299551 2.596932 39.56727 3.250784 -3.149075 39.76186 5.755513 2.276497 39.54953 5.677296 2.286213 39.55937 3.920144 1.405614 39.76761 5.606881 2.331453 39.56541 5.203649 2.590316 39.60002 4.030138 1.34285 39.75669 -3.281929 -3.000004 39.75646 3.26795 -3.268702 39.7523 5.155994 -3.15134 39.57781 -1.663067 -4.392905 39.74248 4.644892 0.9918385 39.69561 -5.243045 -2.122147 39.60647 -3.318937 -3.149075 39.7435 1.718364 -4.473371 39.73947 3.275997 -3.32473 39.74781 5.155562 -3.334922 39.56729 3.265581 -3.364903 39.74541 4.959352 -4.656 39.47905 3.194376 -3.639502 39.72903 3.207638 -5.700213 39.47538 3.307431 -5.640728 39.47559 -5.24011 -3.1514 39.54762 -3.360388 -3.316087 39.72899 -2.156758 -6.376726 39.46627 -1.941123 -4.506809 39.71925 2.067319 -4.493994 39.72131 3.129988 -3.887755 39.71421 -5.239584 -3.33522 39.53712 -3.310871 -3.64135 39.70814 -3.385709 3.770607 39.67646 -5.154197 4.431861 39.43814 -5.216078 4.315155 39.43092 2.072266 -6.377024 39.47299 2.283058 -4.50669 39.71008 2.072266 -6.377024 39.47299 -2.157056 -4.493756 39.70864 5.158453 -2.122027 39.63679 2.956471 -4.083139 39.70843 2.345919 -6.213886 39.47357 2.561948 -4.392249 39.70502 -3.193644 -5.758388 39.45706 -2.50692 -4.472537 39.69145 2.750835 -4.314703 39.70157 -5.234563 -4.541201 39.43893 -3.305537 -3.676397 39.70588 -4.326605 -5.082709 39.44699 -3.243566 -3.77999 39.70176 -3.058039 -4.090113 39.68941 -3.243566 -3.77999 39.70176 -3.390309 -5.641086 39.45532 0.8595576 6.14472 39.53598 4.87282 0.8617216 39.67296 6.309076 1.659411 39.50319 4.893898 3.527003 39.5693 4.952519 3.878491 39.53307 4.190243 4.987734 39.49855 3.298445 4.361885 39.59851 4.780664 4.426795 39.49984 -2.648324 -4.387063 39.69002 -3.011883 -4.167301 39.68634 -5.618811 2.345639 39.54171 -5.686992 2.331095 39.53321 -6.153264 2.231377 39.47508 -6.540884 1.892345 39.4351 -6.747302 0.9434397 39.43465 -5.490967 0.5570823 39.58822 -3.385321 3.894763 39.66239 -4.46754 5.118566 39.43965 5.40836 0.5560094 39.61976 6.461441 0.9175712 39.50353 -3.380735 5.364316 39.49596 6.426319 -0.02513587 39.51861 6.528153 -0.02513587 39.49644 3.509677 5.486982 39.49705 3.296188 5.468862 39.492 -6.78685 -0.02513587 39.43902 -6.510184 -0.02513587 39.4811 5.151241 -4.540724 39.46891 6.064436 2.238112 39.51066 0.9468784 6.44453 39.49097 5.043886 4.100161 39.49643 -0.9938713 6.367342 39.49787 -0.9437214 6.144779 39.53073 6.744131 -0.2047247 39.47173 -1.703256 -6.647212 39.47031 -1.545833 -6.740314 39.46301 1.463017 -6.740195 39.47171 -0.01142269 -6.829661 39.47959 1.039668 -7.239682 39.40721 1.308597 -6.883127 39.45534 -1.306609 -7.038278 39.42538 6.127923 2.230185 39.50267 6.83011 -0.02513587 39.43068 9.78674 1.40168 38.9047 9.556129 2.524572 38.9042 6.494827 2.333003 39.44586 6.173833 2.224522 39.49689 6.595812 2.367156 39.4298 5.511089 5.233484 39.30907 6.052657 6.54717 39.09188 6.349078 7.562296 38.89717 5.318991 8.317966 38.89491 -1.128876 6.687599 39.44623 3.296128 5.497234 39.48928 3.294824 6.139117 39.42752 -3.690154 5.700486 39.44135 -3.379178 5.863445 39.43943 0.9916862 6.59837 39.46789 -0.01188462 6.778376 39.42834 0.9586802 9.826857 38.88535 -0.01127368 9.866554 38.84552 -0.01185482 7.355648 39.35835 -6.779638 -0.1773661 39.43981 -0.00868833 -12.68743 38.22373 0.8921688 -7.92734 39.29978 0.8745332 -7.878286 39.30852 0.9177839 -7.555944 39.35993 0.943019 -7.367832 39.38992 -1.034939 -7.376713 39.38265 -1.026885 -7.418735 39.37606 -0.9635325 -7.748944 39.32427 -0.9500097 -7.819396 39.31322 -6.196156 2.222257 39.46973 6.825267 -0.2510375 39.45908 -6.413609 2.281564 39.43479 1.243307 6.981628 39.40294 7.060884 -0.3855056 39.42235 9.860857 -0.02513587 38.77063 -1.67025 11.53346 38.46815 -1.226024 6.918089 39.40908 -6.321658 9.798545 38.45796 -6.827858 -0.2046055 39.43242 -6.264184 6.735342 39.01192 -6.134083 6.547409 39.05691 -5.394706 4.749494 39.35815 -7.65545 8.800048 38.45503 -3.378318 6.139235 39.4082 -6.816578 -0.02513587 39.4345 -6.59692 2.331572 39.40533 -6.681972 2.354758 39.39166 -11.21276 3.264802 38.44723 -10.1775 -0.02513587 38.75233 -11.56692 1.636761 38.44646 -7.144392 -0.3853268 39.38127 6.977602 2.773779 39.348 3.144017 6.661193 39.36297 7.272965 -0.6635612 39.38448 -1.301148 6.976026 39.39736 -3.125926 6.805079 39.32989 -4.859348 10.59701 38.46116 1.314281 7.089751 39.38462 -1.640887 7.237988 39.34438 -6.932453 2.603906 39.33835 2.042643 9.659309 38.88772 1.521467 7.18786 39.3621 7.499529 -0.9606904 39.34403 -7.356436 -0.5493587 39.3451 4.216178 8.927185 38.89249 3.129489 6.7115 39.35675 1.610755 7.230179 39.35239 2.927444 6.975787 39.32919 1.797675 7.318693 39.33207 9.183674 3.647404 38.90338 7.146961 2.954202 39.31171 -7.387065 -0.6226724 39.33861 -1.678848 7.245379 39.34149 7.5467 -1.02256 39.3356 -2.157249 7.337945 39.30514 -7.53186 -0.9690946 39.30794 -7.113722 2.78421 39.29978 10.24424 -0.02513587 38.68714 7.583631 -1.291615 39.32335 2.074621 7.317143 39.32014 -3.091839 6.894963 39.31932 2.850129 7.076936 39.31865 10.05249 -3.162009 38.78016 7.576971 -3.154678 39.22156 3.135829 9.361405 38.89012 2.356059 7.315534 39.30802 -2.999102 6.977932 39.31251 2.541198 7.226126 39.312 -1.044975 -8.186979 39.24867 -2.752126 7.198947 39.29438 7.702618 4.308837 39.0926 -7.666607 -1.291556 39.27938 -3.298284 11.17928 38.46458 -2.17379 7.341163 39.30388 -2.205157 7.347243 39.3015 -2.6268 7.232921 39.29602 -7.229705 2.954202 39.27028 1.038126 -8.333129 39.22752 -7.66445 -2.194387 39.2487 -10.63052 4.825848 38.44851 -7.418682 3.416019 39.19457 -9.967817 -3.161711 38.75811 -7.65957 -3.154558 39.17954 -1.071395 -8.28926 39.23071 -1.179532 -8.418066 39.20484 1.075095 -8.435947 39.20922 7.572658 -4.35893 39.15576 1.111678 -8.471055 39.20205 -1.452507 -8.743208 39.13954 1.437208 -8.783679 39.13829 -8.181059 5.278962 38.88911 -7.648454 -5.34187 39.02198 9.813465 -6.404144 38.55399 7.567159 -5.341155 39.0653 -1.804837 -8.889241 39.10017 1.45538 -8.801145 39.13473 1.774675 -8.903486 39.10596 6.168595 -12.73547 38.02518 4.861533 -7.532758 39.08589 3.371253 -8.402867 39.11535 3.013267 -12.7149 38.2505 3.130323 -8.54258 39.10511 1.883454 -8.938355 39.09616 2.68647 -8.799893 39.08624 -1.946227 -8.947832 39.08436 2.188697 -8.885724 39.09238 8.672729 4.730957 38.90227 8.19093 5.49932 38.90005 6.600788 7.128613 38.93145 5.980304 -6.879491 39.06376 -2.997697 -12.71473 38.23881 -2.146156 -8.928937 39.07866 -2.447926 -8.900446 39.07004 -2.766625 -8.80037 39.07089 -3.116314 -8.59676 39.06896 -6.119517 -12.73487 38.00466 -3.772919 -8.214516 39.06535 -4.942846 -7.533354 39.05892 7.429897 -5.668802 39.05053 6.508431 -6.571156 39.05331 -6.41257 -6.67767 39.05084 6.819031 -6.38978 39.04717 -6.455996 -6.652159 39.04788 7.282793 -6.019992 39.03471 -9.225012 -12.76426 37.5945 -6.90318 -6.389541 39.01732 9.308218 -12.76527 37.61943 7.035723 -6.263238 39.04289 7.252066 -6.093365 39.0314 -9.729867 -6.403548 38.53123 -7.609875 -5.613727 38.9999 -7.116278 -6.264371 39.00276 -6.426265 6.895202 38.96483 -7.330974 -5.981369 39.00152 -7.56168 -5.677266 39.00018 -6.671336 7.136898 38.89365 6.698227 7.160681 38.91236 6.772397 7.185059 38.89783 12.79539 3.387468 38.08032 13.10406 1.884597 38.08099 12.29688 4.890399 38.07922 11.61301 6.3407 38.07773 8.240879 5.621093 38.88035 8.502915 10.1303 38.0709 7.020838 7.266717 38.84917 7.124177 11.14173 38.06789 5.64812 11.95713 38.06464 -6.760505 7.161277 38.87639 4.202119 12.53827 38.06148 2.738944 12.93703 38.05826 -9.832036 6.288128 38.45026 -8.321089 5.621152 38.83301 1.288107 13.16126 38.05508 -0.01090115 11.44417 38.52332 8.296407 5.955236 38.82879 -7.154082 7.268923 38.80022 7.126286 7.254379 38.83487 7.483891 7.212536 38.78637 -8.342037 6.418961 38.72549 8.296154 5.959289 38.82829 10.74246 7.720726 38.07581 8.288823 6.077605 38.81375 8.265599 6.45228 38.76771 -7.200845 7.259028 38.79418 -7.665832 7.160799 38.73418 7.579691 7.154124 38.77955 13.07067 -6.424052 37.79349 9.699039 8.993942 38.07352 7.66383 7.102864 38.77355 7.983423 6.908017 38.75076 8.230037 6.509738 38.76557 7.986052 6.903785 38.75092 -11.68578 -0.02513587 38.44619 -13.24992 -3.171784 37.94312 -12.95213 -6.423218 37.77239 -7.72521 7.148223 38.72651 -8.021018 6.916659 38.71036 -8.292137 6.521361 38.71982 -8.148031 6.817179 38.70343 -8.83357 7.621961 38.45244 -8.051579 6.892698 38.70869 13.23262 -0.02513587 38.03632 -12.31201 -12.79805 36.97141 -0.01081919 11.65016 38.46434 -0.01018589 13.21449 38.01639 -2.25822 15.64171 37.23317 -4.46491 15.16165 37.22834 -6.580822 14.37249 37.22369 -8.562887 13.29018 37.21935 -10.37075 11.9368 37.21539 -11.9676 10.33993 37.21189 -13.32095 8.532066 37.20891 -14.40324 6.550031 37.20655 -15.19244 4.434126 37.20482 -13.50955 -0.02513587 37.89974 -15.67247 2.227383 37.20376 -0.007675051 -14.85668 37.75866 13.64121 -0.02513587 37.94733 13.89842 -0.02513587 37.89132 16.35706 2.358096 37.0198 15.97187 4.233556 37.01895 15.34975 6.109076 37.01758 14.49634 7.918972 37.01572 13.40996 9.641129 37.01334 12.10785 11.22995 37.01048 10.61518 12.64806 37.00721 8.894622 13.91031 37.00344 7.052614 14.92776 36.9994 5.248113 15.65303 36.99545 3.422185 16.15061 36.99144 1.611656 16.43051 36.98748 -0.009418487 15.10944 37.47378 5.793287 -18.98299 36.44143 -0.004694819 -18.92839 36.51386 -5.740968 -18.98228 36.41999 -8.671747 -19.01726 36.1436 -15.83358 -0.02513587 37.2034 -16.09446 -6.442053 36.78388 16.49609 -0.02513587 36.92939 16.24629 -6.442947 36.79661 12.42885 -12.79948 36.99486 -15.33625 -12.82791 36.09016 8.756041 -19.01852 36.17031 -11.59253 -19.05553 35.65095 -0.009008705 15.79435 37.21573 -0.008584022 16.49727 36.95091 -0.00752604 18.26819 36.28373 -2.81277 19.5234 35.61173 -5.566203 18.92443 35.6057 -8.206369 17.9397 35.59991 -10.67952 16.58924 35.59449 -12.9353 14.90058 35.58954 -14.92781 12.90806 35.58517 -16.61647 10.65226 35.58147 -17.96691 8.179146 35.57851 -18.95165 5.538958 35.57635 -16.72809 -0.02513587 36.83154 -19.55062 2.785521 35.57504 16.86565 -0.02513587 36.79254 19.11262 -0.02513587 35.96047 19.01908 5.045014 35.6908 19.47767 2.812164 35.69181 18.27843 7.277923 35.68918 17.2624 9.432632 35.68695 15.96903 11.48297 35.68411 14.41881 13.37452 35.68071 12.64172 15.06289 35.67682 10.59332 16.56558 35.67232 8.400342 17.77692 35.66752 6.252005 18.64042 35.66281 4.078156 19.23277 35.65805 11.70835 -19.05714 35.6762 15.48526 -12.82923 36.10396 1.922644 19.56602 35.65332 -14.45263 -19.087 34.87469 -19.75164 -0.02513587 35.57459 -19.51893 -3.18901 35.6016 19.3302 -6.454033 35.50429 19.70301 -3.189248 35.596 -19.14719 -6.453735 35.5103 -18.27506 -12.84198 34.87638 0.9580915 -25.00801 34.65962 3.620862 -24.75272 34.72853 -2.3941e-4 -25.02511 34.64994 3.936223 -24.7225 34.73669 -3.01109 -24.85029 34.70776 -5.386495 -24.41893 34.78227 -3.447697 -24.77102 34.72145 5.443892 -24.38883 34.78115 6.804733 -24.08765 34.82128 6.874836 -24.06303 34.82165 7.317468 -23.90777 34.82395 -6.752593 -24.06387 34.81195 -5.925947 -24.321 34.7992 -8.228173 -23.60485 34.8347 -7.140567 -23.94317 34.81793 -0.006386101 19.64476 35.61692 11.1753 -22.34833 34.77359 9.622737 -23.09899 34.83589 8.314937 -23.55783 34.8291 -11.17217 -22.37104 34.78162 -10.9861 -22.45365 34.78642 -8.7812 -23.43284 34.84323 16.10684 -19.09004 34.24791 16.94386 -18.40745 34.11072 17.36008 -17.97376 34.01482 18.45332 -12.84198 34.86832 14.59821 -19.08825 34.88906 -17.44866 -17.86951 33.98984 -17.15555 -18.15103 34.05125 -16.22591 -19.04403 34.24604 19.67969 -0.02513587 35.685 20.01779 -0.02513587 35.52078 20.37476 -0.02513587 35.34737 22.3652 3.232258 34.05384 21.83873 5.795675 34.05269 20.98843 8.359093 34.05082 19.82198 10.8328 34.04827 18.33713 13.18671 34.04501 16.5574 15.35829 34.04111 14.51722 17.29663 34.03664 12.16557 19.02177 34.03148 12.13775 -21.88293 34.73498 11.28779 -22.29391 34.76909 9.647912 20.41252 34.02596 7.181524 21.40375 34.02055 4.685848 22.0839 34.01508 2.211212 22.46638 34.00966 -0.005320668 20.92232 34.99806 -0.006326496 19.70889 35.58584 -0.003487825 22.56169 33.98075 -11.49126 -22.2293 34.7734 -14.23095 -20.55518 34.53185 -13.8926 -20.81154 34.58033 -3.21506 22.34598 33.99686 -6.36606 21.66053 33.98994 -22.59972 -0.02513587 33.95435 -22.41926 -3.188116 33.96344 -19.83385 -0.02513587 35.52783 -9.387434 20.53364 33.98332 22.62389 -3.187639 33.92781 -12.21768 18.98821 33.97711 -14.79918 17.05571 33.97146 -17.07939 14.77547 33.96646 -19.01187 12.194 33.96222 -20.5573 9.363729 33.95883 -21.68422 6.342369 33.95636 -22.36968 3.191369 33.95486 -22.02691 -6.448669 33.88 -21.55874 -9.657365 33.63488 21.21301 -12.82094 33.20358 21.7587 -9.655339 33.59405 22.23047 -6.447476 33.84223 22.54448 -0.02513587 33.96533 14.58569 -20.33047 34.49723 15.22931 -19.80565 34.39174 14.37098 -20.46667 34.51808 -21.01846 -12.8238 33.24769 -20.87595 -13.71495 33.12121 -20.20161 -14.76232 33.31479 -19.35895 -15.78359 33.53632 -18.9899 -16.23086 33.63334 -18.36087 -16.99327 33.79872 -16.14352 -19.10643 34.25783 -15.03154 -19.94876 34.41715 19.03304 -16.23062 33.62934 19.08868 -16.17263 33.61653 19.5732 -15.52711 33.48271 20.88521 -13.77903 33.12034 17.6178 -17.70524 33.95544 7.302104 -24.06756 34.79082 -7.128217 -24.06554 34.80498 24.73552 3.575103 32.12396 24.47782 4.84361 32.12396 24.16631 6.376939 32.12395 22.86984 -0.02513587 33.75809 24.84433 2.378958 32.12396 24.74869 3.510373 32.12396 23.89812 7.191794 32.12395 24.1553 6.410377 32.12395 22.09189 11.67728 32.12395 23.08008 9.534139 32.12395 23.24466 9.177226 32.12395 21.91168 11.97322 32.12395 20.76752 13.85243 32.12395 20.53846 14.2286 32.12394 20.26769 14.57258 32.12394 18.67738 16.59276 32.12394 18.29845 16.96988 32.12394 17.64526 17.61998 32.12394 16.52905 18.7309 32.12393 19.29736 15.8052 32.12394 14.11875 20.60636 32.12393 15.83165 19.27354 32.12393 16.04261 19.10939 32.12393 13.88129 20.74827 32.12393 13.44178 21.01095 32.12393 11.48236 22.18195 32.12392 10.66307 22.55298 32.12392 9.558648 23.05325 32.12392 9.118378 23.25262 32.12392 11.75999 22.01601 32.12392 6.14234 24.20856 32.12392 7.214396 23.86417 32.12392 7.9334 23.63326 32.12392 5.179509 24.38892 32.12392 4.868395 24.44716 32.12392 3.045297 24.7887 32.12391 -0.002884328 23.09628 33.649 2.405568 24.8278 32.12391 2.44826 24.82517 32.12391 -6.402091 24.14121 32.12392 -3.907011 24.64815 32.12391 -3.535495 24.72361 32.12391 -3.552486 24.72015 32.12391 -7.02902 23.93486 32.12392 -7.711881 23.71015 32.12392 -9.202363 23.21954 32.12392 -11.70241 22.06679 32.12392 -11.34191 22.23303 32.12392 -10.36502 22.68346 32.12392 -13.49231 20.97698 32.12392 -14.25377 20.51331 32.12392 -14.67811 20.17929 32.12392 -16.61788 18.65228 32.12392 -17.64512 17.6201 32.12392 -18.75605 16.50389 32.12393 -16.35662 18.85791 32.12392 -18.88283 16.34099 32.12393 -24.98498 -0.9378022 32.12471 -24.78479 -3.178699 32.14492 -24.72997 -3.792328 32.15045 -24.68026 -4.026873 32.15898 -24.62564 -4.284603 32.16836 -22.71296 -0.02513587 33.8667 -20.63152 14.0936 32.12393 -21.00103 13.47532 32.12393 -22.20708 11.45722 32.12393 -20.19926 14.64911 32.12393 -23.27775 9.093243 32.12394 -22.70928 10.3484 32.12394 -22.26849 11.32162 32.12393 -23.72996 7.68538 32.12394 -23.94759 7.007795 32.12394 -24.23365 6.117182 32.12394 -24.81379 3.020125 32.12395 -24.71834 3.529745 32.12395 -24.65303 3.878372 32.12395 24.65532 -4.026038 32.16494 24.80945 -3.171546 32.14116 24.04797 -0.02513587 33.00765 24.30401 -5.973441 32.21911 -24.10919 -6.721062 32.25704 -23.61842 -8.142395 32.37247 -24.17013 -6.433529 32.24657 -23.13065 -9.555025 32.4872 -24.98499 -0.02513587 32.1081 -24.98499 -0.4544085 32.1159 24.16768 -6.41833 32.24892 23.47693 -8.672577 32.39993 23.63926 -8.142871 32.36444 -19.2816 -16.22818 33.47968 -9.91823e-7 24.97484 32.1239 -0.6697039 24.9659 32.12391 -23.0836 -9.651703 32.50024 -21.84008 -12.20624 32.84467 -21.81762 -12.25237 32.85088 -21.68441 -12.45926 32.88912 21.79798 -12.20672 32.85807 21.92775 -11.98314 32.82078 21.44901 -12.80783 32.95834 22.34213 -11.26937 32.70172 23.06035 -9.625894 32.51072 -21.44464 -12.83167 32.95795 21.0656 -13.46825 33.0685 25.01495 -0.02513587 32.13987 24.99097 0.6445819 32.12396 24.8219 -3.102583 32.13925 21.89095 -12.20528 32.80555 3.620862 -24.75272 34.72853 3.936223 -24.7225 34.73669 -0.004694819 -18.92839 36.51386 -3.447697 -24.77102 34.72145 -3.01109 -24.85029 34.70776 -15.03154 -19.94876 34.41715 -14.23095 -20.55518 34.53185 -14.45263 -19.087 34.87469</float_array>
          <technique_common>
            <accessor source="#mesh-ae5b7fbf-5ac0-49d2-8b97-60cff680ba38-mesh-positions-array" count="1811" stride="3">
              <param name="X" type="float"/>
              <param name="Y" type="float"/>
              <param name="Z" type="float"/>
            </accessor>
          </technique_common>
        </source>
        <source id="mesh-ae5b7fbf-5ac0-49d2-8b97-60cff680ba38-mesh-normals">
          <float_array id="mesh-ae5b7fbf-5ac0-49d2-8b97-60cff680ba38-mesh-normals-array" count="5340">0.8821077 -0.4177953 0.2175616 0.8822577 -0.4177445 0.2170504 0.8827876 -0.4166505 0.2169991 0.8830049 -0.4168591 0.2157108 0.6000078 -0.7722513 0.2088507 0.6024079 -0.7722339 0.2018899 0.5981387 -0.7775875 0.1938763 0.6072822 -0.76523 0.213615 0.5964031 -0.7729707 0.2163792 0.6041966 -0.7670047 0.215987 0.5938586 -0.7738107 0.2203388 -0.8350265 -0.5219975 0.1739233 -0.8266155 -0.5378335 0.1656559 -0.8413787 -0.5146251 0.1650546 -0.8311307 -0.5206465 0.1953185 -0.8341279 -0.5092191 0.2119591 -0.8338561 -0.5096585 0.2119723 -0.4989094 -0.842172 0.2045381 -0.4983311 -0.8420914 0.2062721 -0.5030184 -0.8392232 0.2065841 -0.4985772 -0.8419162 0.2063922 -0.5013272 -0.8398941 0.2079642 -0.5016614 -0.8380098 0.2146519 -0.5005668 -0.8394122 0.2117082 0.1856941 -0.9706114 0.1530727 0.2107418 -0.9649418 0.1564455 0.1856918 -0.9706687 0.1527116 0.1909977 -0.961486 0.1976482 0.20319 -0.9652643 0.1642516 0.2031197 -0.9574112 0.205198 0.2071242 -0.9567186 0.2044238 0.1765655 -0.9616099 0.2100739 -0.09038501 -0.9797087 0.1788893 -0.09065949 -0.980013 0.1770749 -0.08620071 -0.9805223 0.176481 -0.08699887 -0.9814073 0.1710872 -0.2664668 -0.9575787 0.1097196 -0.2546317 -0.9618777 0.0997706 -0.2763056 -0.9555871 0.1025114 -0.2808694 -0.9541959 0.1030663 -0.2685915 -0.9546762 0.128266 -0.2612913 -0.954617 0.1429447 0.3276365 -0.9402157 0.09299862 0.3270518 -0.9405632 0.09153246 0.3319996 -0.9389215 0.09057021 0.3262347 -0.9413787 0.08588993 0.3318011 -0.9391228 0.089199 0.08747273 0.9798381 0.1796267 0.08884298 0.9793739 0.1814765 0.1925438 0.9637497 0.1846986 0.08775824 0.9796445 0.1805409 0.08943885 0.9794068 0.1810057 0.3978477 0.8989138 0.183498 0.4941403 0.8504707 0.1803467 0.3953654 0.8999407 0.1838282 0.1930199 0.9635937 0.1850151 0.4940415 0.8507385 0.1793523 0.4943175 0.8507061 0.1787444 0.4939451 0.8507894 0.1793765 0.493969 0.850775 0.1793784 0.4943908 0.8508316 0.177942 0.4941309 0.850984 0.1779348 0.4943073 0.8512154 0.1763315 0.489618 0.8539332 0.1762738 0.4942905 0.8512284 0.1763152 0.4894924 0.8540118 0.1762423 0.6374434 0.7480452 0.1846467 0.6436311 0.7445614 0.1771084 0.4894294 0.8541849 0.1755764 0.4918422 0.8526727 0.1761837 0.7730499 0.6134429 0.1614987 0.7827821 0.6048516 0.1463105 0.7769496 0.6169444 0.1254155 0.7907781 0.6007199 0.1174977 0.774711 0.621305 0.1174864 0.7910066 0.6005007 0.1170791 -0.4993187 0.8480724 0.1773532 -0.4936365 0.8515933 0.1763853 -0.4963428 0.8498151 0.1773645 -0.4963272 0.8498541 0.1772212 -0.4936916 0.8515604 0.1763902 -0.3364912 0.9236156 0.1835975 -0.4992398 0.8481016 0.1774359 -0.1617407 0.9684441 0.1896211 -0.1646761 0.9685054 0.1867592 -0.1635283 0.9687195 0.1866576 -0.1646833 0.9685043 0.1867589 -0.3360612 0.9239271 0.182816 -0.4935112 0.8518376 0.175555 -0.4938152 0.8516607 0.1755587 -0.4936802 0.8520285 0.1741473 -0.5566059 0.809215 0.1880451 -0.4936703 0.8520341 0.1741483 -0.49371 0.8520089 0.1741586 -0.4940621 0.8520548 0.1729315 -0.494139 0.8520413 0.1727783 -0.5498086 0.8164322 0.1764909 -0.6177216 0.7597817 0.2028595 -0.6308284 0.7432918 0.2226499 0.3183317 0.9347411 0.1578734 0.3199173 0.9333804 0.1626469 0.3172838 0.9347496 0.1599193 0.3142292 0.9363155 0.156759 0.3197967 0.9345132 0.1562535 0.31419 0.9366694 0.1547097 -0.3928744 0.9070087 0.1516078 -0.3922638 0.9073963 0.1508681 -0.3928242 0.9070299 0.1516112 -0.3923771 0.9071742 0.1519054 0.7102676 0.6903872 0.1374246 0.7162933 0.6826251 0.1447308 0.7030234 0.6964018 0.144162 0.6998518 0.6996244 0.1439907 0.7052996 0.6996064 0.11447 0.7152686 0.6906319 0.1068575 0.7140104 0.6919051 0.1070356 0.6997961 0.7060734 0.1083789 -0.7536634 0.6558161 0.04355132 -0.767186 0.6402204 0.03928852 -0.7687249 0.6387221 0.03310954 -0.7546103 0.6537984 0.05577927 -0.7575381 0.6484122 0.07548439 -0.749499 0.654987 0.09614223 -0.1528997 0.0821855 0.9848184 -0.1498538 0.08598583 0.9849621 -0.1386061 0.07582682 0.9874405 -0.1427177 0.07779186 0.9867016 -0.1569632 0.07877427 0.9844579 -0.1409553 0.1120749 0.9836518 -0.1470353 0.09113454 0.984924 -0.1554168 0.08437329 0.9842392 -0.1436389 0.09410768 0.9851455 -0.1378996 0.09171956 0.9861903 -0.1386972 0.07478421 0.9875072 -0.1512305 0.1157004 0.981704 -0.1370783 0.07551223 0.9876778 -0.1396502 0.06976413 0.9877403 -0.1119934 0.1126371 0.9873047 -0.1575171 0.1273567 0.9792695 -0.1577544 0.1280725 0.979138 -0.1561521 0.1276434 0.9794507 -0.1529779 0.1336778 0.9791466 -0.1541711 0.1249919 0.9801063 -0.1524181 0.1244471 0.9804497 -0.1507669 0.1237102 0.9807983 -0.1522706 0.1239748 0.9805325 -0.1410582 0.1239648 0.9822095 -0.08722609 0.1270546 0.9880531 -0.1488813 0.1234939 0.9811136 -0.1515637 0.128097 0.9801121 -0.1536517 0.1276538 0.9798448 0.2720386 -0.9517593 0.1419477 0.2719089 -0.9517834 0.1420349 0.2654514 -0.952218 0.151051 0.2666053 -0.9504794 0.1597201 0.2579795 -0.9517326 0.1662878 0.2669817 -0.949348 0.1657084 0.2557498 -0.9515949 0.1704682 0.1363158 0.1016294 0.9854388 0.1533169 0.07694363 0.985177 0.1495965 0.08212065 0.985331 0.1473827 0.08521652 0.9854017 0.1451112 0.08766716 0.9855239 0.1428338 0.09009748 0.9856374 0.1395485 0.08985352 0.9861302 0.1571484 0.08399194 0.9839968 0.1218991 0.126367 0.9844654 0.1201195 0.1315452 0.9840058 0.1221718 0.1276197 0.9842699 0.128251 0.1203004 0.9844185 0.1346775 0.1139876 0.9843114 0.1378494 0.1111586 0.9841958 0.1410719 0.1089265 0.9839888 0.1458998 0.1055458 0.9836531 0.1499195 0.1032715 0.98329 0.1634041 0.09963935 0.9815148 0.2011865 0.07666242 0.9765485 0.2285972 0.06214803 0.9715353 0.1336755 0.0759235 0.9881126 0.1365443 0.09527176 0.9860422 0.1941803 0.0819931 0.9775333 0.132556 0.0978837 0.9863305 0.1189765 0.1030518 0.9875348 0.1316741 0.07511639 0.988443 0.08461385 0.1246572 0.9885855 0.1493659 0.1296433 0.9802461 0.9418872 0.335467 0.01761966 0.9438754 0.3300419 0.01310902 0.9445958 0.3278633 0.01563191 0.9419215 0.3353917 0.0172168 0.9424586 0.3342992 0.003976821 0.9443886 0.32883 0.001009285 0.9436897 0.3308308 9.76888e-4 0.9410625 0.3382318 8.22233e-4 -0.9658221 0.2554965 0.0436961 -0.9667869 0.2490143 0.05757689 -0.9689579 0.245983 0.02476173 -0.9616495 0.2643392 0.07317829 -0.9662273 0.2481123 0.06960731 -0.9605464 0.266267 0.08032745 0.6647449 -0.7299503 0.1590183 0.6648681 -0.7300103 0.1582255 0.6662171 -0.7287999 0.1581317 0.6664411 -0.729048 0.1560303 0.2484397 -0.9683078 0.02564841 0.01316517 -0.9058156 0.4234678 -0.981552 -0.08501088 0.1712566 -0.9841831 -0.07411247 0.1609073 -0.9701262 -0.1650052 0.1778442 -0.9630677 -0.1856158 0.1950576 -0.9855576 -0.005086958 0.1692647 -0.9857054 -0.005697488 0.1683819 -0.9877195 -0.008624613 0.1560002 -0.9879388 -0.008826017 0.1545934 -0.9705328 0.1783869 0.1620003 -0.9221475 0.3556197 0.1522451 -0.9191128 0.3694749 0.1368216 -0.9707291 0.1702419 0.1694189 -0.9262922 0.3590143 0.1144189 -0.9188923 0.3797361 0.1069466 -0.9287218 0.3553245 0.1059258 -0.9188439 0.3799679 0.1065384 -0.1859294 -0.9717686 0.1452452 -0.1777229 -0.9742352 0.138854 -0.1983131 -0.9700736 0.1401038 -0.1989252 -0.9699324 0.1402137 -0.1939367 -0.9668987 0.1658179 -0.1812785 -0.9681459 0.1727183 -0.1987485 -0.9646256 0.1731948 -0.180898 -0.9681075 0.1733319 -0.2001718 -0.9638199 0.1760181 -0.1822704 -0.9678154 0.1735251 0.9174779 -0.3899535 0.07855349 0.9258491 -0.3691946 0.08061653 0.9174357 -0.3901709 0.07796388 0.9170868 -0.3841258 0.1067669 0.9237126 -0.3728501 0.08796471 0.9688723 -0.1943752 0.1533132 0.919635 -0.3732201 0.1223858 0.9689862 -0.1877056 0.1607244 0.9859836 -0.004437804 0.1667837 0.9843592 -0.00767517 0.1760062 0.9843519 -0.009108364 0.1759787 0.9842725 0.05888974 0.1665529 0.9861348 -0.007350623 0.1657834 0.9844139 -0.008308112 0.1756712 0.9817402 0.06843614 0.1774902 0.9697713 0.1464617 0.195173 0.9625789 0.1647477 0.2151744 -0.7804089 -0.6171055 0.1007122 -0.6922731 -0.713212 0.1099393 -0.7959722 -0.6031578 0.05127328 -0.624638 -0.7567573 0.1927324 -0.6409958 -0.748389 0.1704068 -0.1469439 -0.9810612 0.1261997 -0.2587583 -0.9434922 0.2070424 -0.0115627 -0.9972011 0.07386732 -0.1933092 -0.9777958 0.08091354 -0.3664674 -0.9215546 0.1282139 -0.385905 -0.9134094 0.1294634 -0.1935987 -0.9769829 0.08957755 -0.2377192 -0.9498929 0.2029604 -0.9821053 -0.179086 -0.05828869 -0.9820926 -0.1794022 -0.05752503 -0.9821944 -0.1786389 -0.05815809 -0.9821963 -0.178629 -0.05815595 -0.9820795 -0.1794704 -0.05753445 -0.9821842 -0.1789658 -0.05731797 0.9925271 -0.1175016 -0.03291535 0.9932307 -0.1074071 -0.04423522 0.9919766 -0.1204053 -0.03853714 0.9912255 -0.1273251 -0.03550302 0.9926205 -0.1190978 -0.02281039 0.9935723 -0.1124902 -0.01265579 0.7093895 0.7039434 0.035075 0.7086459 0.7046157 -0.03657639 0.6371554 0.7692239 0.04824477 0.588823 0.8021563 0.09916085 0.7784176 0.6241803 0.06682032 0.8614984 0.4946739 0.1145364 0.86729 0.4858948 0.1082333 0.9115093 0.3929342 0.1214644 0.9119825 0.3928488 0.1181426 0.9120161 0.392856 0.1178596 0.9635055 0.2233378 0.147571 0.9630602 0.2257866 0.14675 0.9841752 0.04958206 0.1701207 0.9842811 0.0497381 0.1694608 -0.6101602 -0.7861712 0.09818083 -0.6152828 -0.7815883 0.1026983 -0.6109835 -0.7853311 0.09977078 -0.6160328 -0.781396 0.0996192 -0.6148774 -0.7811655 0.1081961 -0.617694 -0.778295 0.1127431 -0.8304584 0.5492737 0.09293723 -0.7214298 0.689424 0.06506752 -0.7212472 0.6895739 0.06550133 -0.7206538 0.690055 0.06694906 -0.8291036 0.5513187 0.09292572 -0.9123589 0.3931086 0.1143102 -0.9127498 0.3926443 0.1127754 -0.9126651 0.3928348 0.1127984 -0.9481915 0.2893587 0.1311658 -0.9479891 0.2871924 0.1372495 -0.9127409 0.3927249 0.1125667 -0.9846412 0.09080928 0.1491158 -0.9825445 0.1351901 0.1277891 -0.9916737 -0.04688447 0.1199377 -0.991849 -0.04608869 0.1187914 -0.9906222 0.03880214 0.1310044 -0.9780001 -0.09041434 0.1879924 -0.9662075 -0.1164115 0.2299815 0.225011 0.9743139 -0.009095549 0.239656 0.9703871 -0.03023362 0.2580707 0.9655699 0.03278148 0.2345976 0.97059 -0.0540294 0.273136 0.9592996 -0.07170259 0.2730566 0.9593211 -0.07171618 -0.5061699 -0.8507478 -0.1414934 -0.5075336 -0.8499514 -0.1413946 -0.6558486 -0.7433804 -0.1313328 -0.5074624 -0.8499779 -0.1414907 -0.50617 -0.8508906 -0.1406311 -0.5060245 -0.8508875 -0.1411727 -0.7826774 -0.6115061 -0.1160894 -0.7821607 -0.612497 -0.1143333 -0.6572893 -0.7421042 -0.131347 -0.5062629 -0.8508464 -0.1405643 -0.5061933 -0.8508874 -0.1405673 -0.5083806 -0.8496766 -0.139996 -0.5060775 -0.8510638 -0.1399148 -0.5061323 -0.8510192 -0.1399877 -0.506311 -0.8510069 -0.1394146 -0.7817251 -0.6131771 -0.1136656 -0.7834805 -0.6109842 -0.113388 -0.7835249 -0.6116374 -0.1094919 0.20195 0.978391 -0.04435402 -0.1945416 0.9754678 -0.1030361 0.5047975 -0.852325 -0.136828 0.5073074 -0.8508307 -0.1368448 0.5073087 -0.8508247 -0.1368774 0.5073736 -0.8506532 -0.1376997 0.5073592 -0.8506621 -0.1376988 0.5072426 -0.8507233 -0.1377491 0.507334 -0.8505933 -0.1382145 0.5073686 -0.850573 -0.1382122 0.6017216 -0.7881813 -0.129234 0.6016077 -0.7877223 -0.1325207 0.5072493 -0.8506132 -0.1384031 0.5073014 -0.8506124 -0.1382167 0.7728264 -0.615943 -0.1528189 0.734739 -0.666546 -0.125997 0.5046706 -0.8524185 -0.1367125 0.8152479 -0.5647242 -0.1282873 0.8042715 -0.5834495 -0.1128457 0.8158239 -0.5675437 -0.1110213 0.8008344 -0.590586 -0.09936094 -0.324068 0.9460069 -0.007147789 -0.3207638 0.9471501 -0.004187881 -0.3240111 0.9460462 -0.003661274 -0.3207998 0.9471424 -0.002978205 -0.2349091 0.9705014 -0.05426609 -0.207602 0.9770594 -0.04750144 -0.2039914 0.9782536 -0.03751927 -0.226822 0.9716251 -0.0670557 -0.2215552 0.970452 -0.09558445 -0.232231 0.9652343 -0.1199645 0.130324 0.9910569 -0.02866995 0.14196 0.989538 -0.02572542 0.1217194 0.9924871 -0.01240819 0.1347263 0.98959 -0.05060261 0.1168987 0.9917423 -0.0527442 0.1188994 0.9911991 -0.0582 0.1390475 0.9883711 -0.06155073 0.1144112 0.9914618 -0.06255835 -0.9935752 -0.0380876 -0.1065722 -0.9933731 -0.04016739 -0.1076872 -0.9934849 -0.03815644 -0.1073867 -0.9715739 -0.2174726 -0.09354084 -0.9649721 -0.246401 -0.09008538 -0.993348 -0.039617 -0.1081223 -0.9181311 -0.3896645 -0.07209044 -0.9181544 -0.3898167 -0.07096177 -0.8725189 -0.4863494 -0.04663896 -0.8722845 -0.4865767 -0.04861128 -0.7325264 -0.6797046 -0.03750604 -0.7712076 -0.6360752 -0.02544194 -0.6772005 -0.735254 -0.02830517 -0.6980955 -0.7155243 -0.02622354 -0.6905834 -0.7232528 -2.52184e-4 -0.6871952 -0.726462 -0.003976106 -0.7043386 -0.7097026 0.0151537 -0.8898418 0.4352256 -0.1369682 -0.8897047 0.4372116 -0.1314222 -0.8906536 0.4342515 -0.1347661 -0.8912993 0.4314288 -0.1394807 -0.8888814 0.4366462 -0.1386727 -0.8914086 0.4307753 -0.1407955 -0.6177981 0.7756304 -0.1293179 -0.6088228 0.7829697 -0.1276462 -0.6077422 0.7845083 -0.1232734 -0.6176204 0.7748206 -0.1349005 -0.6099802 0.7794949 -0.14252 -0.6138136 0.7757063 -0.1466722 -0.6038438 0.7825704 -0.1515139 0.5419009 0.8307242 -0.1274396 0.550326 0.8262971 -0.1198944 0.5281295 0.8406172 -0.120176 0.5281978 0.8405645 -0.1202433 0.5316652 0.8328918 -0.1537001 0.5405468 0.825731 -0.1611751 0.5439375 0.8234777 -0.1612967 0.5237275 0.8366074 -0.160616 0.8527468 0.504798 -0.134172 0.8561277 0.499531 -0.1323416 0.8555973 0.5019137 -0.1266327 0.8531762 0.5043572 -0.1330947 0.8553545 0.5013059 -0.1306182 0.8571743 0.5000934 -0.1231216 0.8571917 0.5000686 -0.1231011 0.993196 0.04259896 -0.1083841 0.9931345 0.03676193 -0.1110514 0.9935756 0.04282903 -0.1047541 0.9938451 0.03721708 -0.1043412 0.9923179 -0.07363915 -0.0994113 0.9930469 -0.06090706 -0.1007384 0.99374 0.04239451 -0.1033619 0.9938906 0.0378164 -0.1036899 0.9554829 -0.2835717 -0.08148527 0.9661799 -0.2434424 -0.0850439 0.9185193 -0.3896903 -0.06681162 0.9185134 -0.3897069 -0.06679606 0.9185309 -0.389732 -0.06640863 0.8376363 -0.5454016 -0.0300436 0.918608 -0.3897792 -0.06505203 0.8364499 -0.5472093 -0.03022801 0.7275718 -0.6859779 0.008578777 0.72741 -0.6861301 0.0100134 -0.0591095 -0.07504856 0.9954264 -0.04516041 -0.07031846 0.9965019 -0.04446184 -0.06820893 0.9966799 -0.04532575 -0.05102396 0.9976684 -0.05655807 -0.07516711 0.9955657 -0.0559864 -0.0764333 0.9955016 -0.05448496 -0.0757535 0.9956369 -0.05250191 -0.0751776 0.9957871 -0.05587387 -0.07498264 0.9956184 -0.05429732 -0.07453572 0.9957391 -0.05407869 -0.074319 0.9957671 -0.05569911 -0.07553845 0.9955861 -0.05681359 -0.07261532 0.9957406 -0.05458033 -0.07418978 0.9957494 -0.05387938 -0.07352119 0.9958372 -0.05527108 -0.07458412 0.9956819 -0.05662286 -0.07280766 0.9957374 -0.05431073 -0.07283943 0.9958639 -0.05432063 -0.07283902 0.9958633 -0.05335581 -0.07259821 0.9959331 -0.05389767 -0.07299989 0.9958745 -0.05341285 -0.07263076 0.9959276 -0.05269581 -0.07454347 0.9958246 -0.05566078 -0.07269275 0.9958 -0.05572563 -0.07269686 0.9957962 -0.05343985 -0.07273054 0.995919 -0.05418425 -0.07211172 0.9959237 -0.05334776 -0.07281768 0.9959175 -0.05341488 -0.07182902 0.9959858 -0.9925959 0.004110217 -0.1213939 -0.9928027 0.004512667 -0.119677 -0.9928385 0.003981649 -0.1193993 -0.9928444 0.005578458 -0.1192856 -0.9925218 0.005136132 -0.1219603 0.03708028 -0.06624132 0.9971144 0.04009532 -0.0588029 0.9974641 0.05004775 -0.07662051 0.9958035 0.05625516 -0.08407247 0.9948706 0.04784595 -0.05489784 0.997345 0.04894179 -0.07554036 0.9959411 0.03651493 -0.07141464 0.9967781 0.05342996 -0.05557316 0.9970241 0.05646729 -0.06103569 0.9965372 0.05024987 -0.07371342 0.9960127 0.03712832 -0.07499521 0.9964926 0.05436289 -0.07402265 0.9957737 0.04659795 -0.07737374 0.9959126 0.04766708 -0.07565599 0.9959941 0.04854965 -0.07366293 0.9961008 0.04790741 -0.07298386 0.9961819 0.04923343 -0.07344448 0.9960834 0.04764777 -0.07339268 0.9961643 0.04782724 -0.07277339 0.9962011 0.04757666 -0.07265669 0.9962216 0.04790151 -0.07285696 0.9961915 0.04846525 -0.07291245 0.9961601 0.048913 -0.07291692 0.9961379 0.05100536 -0.07267564 0.9960505 0.05095201 -0.07268083 0.9960529 0.05220037 -0.07219332 0.9960237 0.05580902 -0.07199579 0.9958424 0.04654628 -0.07485407 0.9961076 0.04760891 -0.07195079 0.9962714 0.04752236 -0.07167363 0.9962954 0.9932636 0.004761815 -0.1157789 0.9934945 0.004148244 -0.1138052 0.9934921 0.00418049 -0.1138251 0.9935001 0.006412208 -0.1136505 0.9938113 0.005490362 -0.1109465 0.9938156 0.00635761 -0.1108614 -0.05841559 0.02704924 0.9979259 -0.07401508 0.006787359 0.9972341 -0.05825722 0.02735996 0.9979267 -0.05739337 0.02685594 0.9979904 -0.06641292 0.03171956 0.997288 -0.09332275 -0.01382541 0.99554 -0.07063186 0.03345608 0.9969413 -0.0486598 0.06020563 0.9969993 -0.06226277 0.02010875 0.9978572 -0.06329685 0.05814236 0.9962996 -0.06462395 0.07309931 0.9952288 -0.07518309 0.0365414 0.9965 -0.05258435 0.09275853 0.9942991 -0.09594738 0.03748011 0.9946806 -0.02730715 -0.01492023 0.9995158 -0.07271462 -0.0567823 0.9957352 -0.09072333 -0.01082092 0.9958174 -0.07004839 -0.05581909 0.9959807 -0.07009398 -0.04272478 0.9966251 -0.1166596 0.04925215 0.99195 -0.0919044 0.03469282 0.9951633 -0.07888275 0.04481953 0.9958759 0.009623289 0.1014057 0.9947986 0.08232921 0.09494167 0.9920726 -0.07008808 -0.0427193 0.9966257 -0.1230211 -0.01439779 0.9922996 -0.08105862 -0.03088849 0.9962306 -0.04835426 0.1294292 0.9904091 -0.04710155 0.1305484 0.9903225 -0.04518043 0.1308505 0.9903722 -0.04337352 0.130137 0.9905469 -0.06866502 0.1288192 0.989288 -0.05609297 0.1298819 0.9899416 -0.06448519 0.1271051 0.9897909 -0.04933285 0.1293693 0.9903686 -0.05147171 0.129637 0.9902248 -0.03647941 0.1303327 0.9907991 -0.04225426 0.126686 0.9910425 -0.06677687 0.09659177 0.9930815 -0.0578863 0.112668 0.9919452 -0.06364411 0.0659191 0.9957932 -0.1575926 0.09486883 0.9829367 -0.1343442 -0.01373738 0.9908396 -0.1208409 -0.01142382 0.9926062 -0.1188396 -0.01984781 0.9927152 -0.1448727 -0.02909702 0.9890224 -0.1463154 -0.03648537 0.988565 -0.1426884 -0.02927196 0.9893347 -0.1390091 -0.03746318 0.9895823 -0.1753184 -0.07476449 0.9816688 -0.1430632 -0.02777284 0.9893238 -0.1237771 -0.09931713 0.9873274 -0.04602777 0.1404256 0.9890209 -0.09461009 -0.1388716 0.9857807 -0.06334757 -0.1768672 0.982194 -0.064175 -0.1681746 0.9836661 -0.0684607 -0.1002349 0.9926058 -0.05747473 -0.1595188 0.9855204 -0.04795455 -0.1621991 0.9855921 -0.03639757 -0.1541442 0.9873778 -0.06819403 -0.1002563 0.9926219 -0.08888888 -0.1135498 0.989548 -0.0966106 -0.1349755 0.9861279 -0.1430972 -0.08214306 0.9862939 -0.1397445 -0.09203261 0.9859014 -0.1373232 -0.09940856 0.9855255 -0.13385 -0.1007527 0.9858667 -0.1075025 -0.1189802 0.9870598 -0.1182944 -0.03985184 0.9921786 -0.1312639 -0.05797195 0.989651 -0.03571039 -0.1574074 0.9868879 -0.04930377 -0.1637779 0.9852645 -0.04932582 0.136484 0.9894135 -0.1485628 -0.0259456 0.9885627 -0.03016161 -0.1622989 0.9862806 -0.02885413 -0.1667866 0.9855707 -0.04133629 -0.1625958 0.9858266 -0.05016165 0.1371545 0.9892788 -0.04926669 0.1340817 0.989745 -0.1135828 -0.1856441 0.9760304 -0.1135812 -0.1856429 0.9760308 -0.04908126 -0.1387954 0.9891041 -0.04033803 -0.1325655 0.9903532 -0.05184483 -0.1594142 0.9858495 -0.04488241 -0.1387182 0.9893144 -0.1135819 -0.1856423 0.9760308 -0.03192377 -0.1694123 0.9850281 -0.0365892 -0.1719575 0.9844247 -0.04317235 -0.1618794 0.9858657 -0.04336386 -0.1611365 0.985979 -0.1170527 -0.08375251 0.9895879 -0.1382654 -0.09884917 0.98545 0.03448235 0.06812709 0.9970806 0.06602919 0.03147 0.9973214 0.05542856 0.03246617 0.9979348 0.05757516 0.02030235 0.9981347 0.05849266 0.02700364 0.9979227 0.08292657 0.03193008 0.996044 0.06326234 0.03675711 0.9973198 0.03701132 0.06668215 0.9970877 0.06994378 0.03053617 0.9970834 0.06167876 0.03931725 0.9973214 0.07596725 0.04917293 0.9958971 0.06563925 0.03418427 0.9972578 0.06430065 0.06925767 0.9955244 0.0480259 0.05137175 0.9975242 0.09124571 -0.02604156 0.9954879 0.0641629 -0.07629096 0.9950191 0.06434178 -0.001988887 0.9979259 0.06433415 0.03462809 0.9973275 0.05883026 0.04386436 0.9973039 0.06403106 -0.02082341 0.9977307 0.1140204 0.04131817 0.9926189 0.07235723 -0.04355973 0.9964271 0.05028516 0.0916267 0.9945231 0.04127985 0.06298863 0.9971602 0.0136584 0.1067975 0.994187 -0.02846801 0.1066691 0.993887 0.1116954 -0.02339214 0.9934672 0.07289403 -0.0320602 0.9968243 0.1476222 0.08690601 0.9852183 0.1475845 0.08690255 0.9852243 0.1276597 0.03298819 0.9912694 0.1215736 -0.01337289 0.9924923 0.05341309 0.1151058 0.9919162 0.03513336 0.1154627 0.9926903 0.04775506 0.1050903 0.9933154 0.04223221 0.129132 0.9907277 0.04252058 0.129018 0.9907302 0.05788493 0.1270896 0.9902008 0.04246294 0.1290481 0.9907289 0.04350811 0.1288186 0.9907134 0.0461573 0.1294882 0.9905061 0.05022299 0.1284631 0.9904417 0.05426567 0.1282219 0.9902598 0.04087454 0.1274995 0.9909961 0.03612327 0.1323729 0.9905416 0.03938025 0.1318845 0.9904826 0.04099321 0.1296232 0.9907157 0.1081822 -0.02028411 0.9939242 0.09255838 -0.01975619 0.9955112 0.123755 -0.01478821 0.9922026 0.1267204 -0.03088879 0.9914575 0.1359722 -0.03176355 0.9902034 0.1384276 -0.0294072 0.9899359 0.1406152 -0.06565368 0.9878851 0.1371375 -0.02795869 0.9901574 0.1378723 -0.08100247 0.9871321 0.1374304 -0.0821225 0.9871013 0.1370982 -0.06356972 0.9885156 0.1283669 -0.03400444 0.9911436 0.09049659 -0.1388577 0.9861689 0.1237831 -0.09947824 0.9873104 0.1031173 -0.144733 0.9840829 0.1212263 -0.1147106 0.9859746 0.09717065 -0.1331498 0.986321 0.1115026 -0.1005491 0.9886643 0.07778257 -0.1302443 0.9884262 0.09265327 -0.1294997 0.9872413 0.09716945 -0.1331483 0.9863213 0.09717071 -0.1331466 0.9863215 0.06890439 -0.1405531 0.9876726 0.06193679 -0.1352338 0.988876 0.05040979 -0.1644123 0.9851028 0.05331724 -0.1550315 0.9864698 0.09445482 -0.1760004 0.979848 0.05295413 -0.1475163 0.987641 0.04719859 -0.1456151 0.9882149 0.04063767 -0.1452038 0.9885669 0.0385155 -0.1432079 0.9889429 0.03908795 -0.1581736 0.9866374 0.1373632 -0.08312004 0.9870271 0.1344351 -0.0918079 0.9866603 0.1318146 -0.09951299 0.9862667 0.02944707 -0.1566467 0.9872157 0.02778291 -0.1571604 0.9871823 0.04239982 0.138966 0.9893891 0.04606419 0.1380073 0.9893595 0.0175904 -0.1601079 0.9869429 0.01891034 -0.1648336 0.9861401 0.1416069 -0.02576804 0.9895876 0.02752959 -0.1682098 0.9853668 0.01990205 -0.1683266 0.9855304 0.03701418 -0.1624819 0.9860171 0.0354923 -0.1346171 0.9902619 0.03902518 -0.1558604 0.9870079 0.1284187 -0.09804189 0.986862 0.5278783 0.8455017 0.08044695 0.5171386 0.8521835 0.0796948 0.5152907 0.8537394 0.07486391 0.527424 0.8449497 0.08879125 0.5250077 0.8450613 0.1011851 0.5314499 0.8394899 0.1132158 -0.3507424 0.9259228 0.1401674 -0.3413672 0.9254408 0.1644012 -0.3555921 0.9224134 0.1506916 -0.3689615 0.9209372 0.125468 -0.3558373 0.9263239 0.1237093 -0.3757424 0.9201365 0.1103024 -0.744831 0.658229 0.1093682 -0.7448819 0.6582255 0.1090425 -0.7450973 0.6579822 0.1090387 -0.7451567 0.6579835 0.1086245 0.09383618 0.9935899 0.06303846 0.06512171 0.9959608 0.06181573 0.0580843 0.9973034 0.04485607 0.09837967 0.9912142 0.08840805 0.08929258 0.9895567 0.1131567 0.1111694 0.9836521 0.1416685 0.1076411 0.9908511 0.08141118 0.126713 0.9826191 0.1356596 0.1010626 0.9889452 0.1085071 0.07006233 0.9959125 0.05700618 0.1000715 0.9934489 0.05518114 0.06075966 0.997362 0.03971755 -0.9652765 0.2448108 0.09115421 -0.9653258 0.2446298 0.09111815 -0.965282 0.2448821 0.09090387 -0.965269 0.2449322 0.09090656 -0.9653528 0.244691 0.09066683 -0.3645919 0.9269715 0.08829939 -0.3780639 0.9215203 0.08870303 -0.383217 0.9207805 0.07285594 -0.3611202 0.9265373 0.1054553 -0.3669725 0.923003 0.1157438 -0.3539209 0.9260361 0.1311383 0.9681366 -0.2448347 0.05260682 0.9690712 -0.2404717 0.05544865 0.9679002 -0.2449809 0.05615919 0.9678567 -0.245156 0.05614376 0.967472 -0.2454439 0.06128031 0.9955837 -0.05440366 0.07650738 0.968033 -0.2438415 0.05876588 0.9687114 -0.2415926 0.05684465 0.9868561 0.1383889 0.08344841 0.9863787 0.1400175 0.08632636 0.9861102 0.1447466 0.08145684 0.9429484 0.3163387 0.1038191 0.9343938 0.3395947 0.1076279 0.8557026 0.5026919 0.1227759 0.8576642 0.5011181 0.1152937 0.8551744 0.5060737 0.1120997 0.8583183 0.5006477 0.1124354 0.8549268 0.5068246 0.1105859 0.5343941 0.8445793 0.03329885 0.5418233 0.8382734 0.06103563 0.5329733 0.8447744 0.04791402 0.5212212 0.8530799 0.02414947 0.5340055 0.8451476 0.02374923 0.5186446 0.8547767 0.01909828 0.9965264 0.004293262 0.08316773 0.9965268 0.004298508 0.08316135 0.9965851 0.004421412 0.08245378 0.9965841 0.004408001 0.08246612 0.9965816 0.004250466 0.08250528 0.9966213 0.004393458 0.08201581 0.9966237 0.006157577 0.08187401 0.9966469 0.006811261 0.08153986 0.9967122 0.006040811 0.08079975 0.9967153 0.006242752 0.08074551 0.9807565 -0.1680302 0.09941202 0.9969159 0.00629723 0.07822483 0.9970512 0.005556583 0.07653927 0.9803408 -0.1704866 0.09932881 0.9333169 -0.3389694 0.118404 0.9334161 -0.3395488 0.1159359 0.9337271 -0.338801 0.1156185 0.9332064 -0.340336 0.1153137 0.487902 -0.8693905 0.07817822 0.4883875 -0.8692071 0.07717972 0.4875385 -0.8696113 0.07798987 0.488448 -0.8691847 0.07704854 0.488166 -0.8694202 0.07617527 0.4886808 -0.8692281 0.0750584 0.4883243 -0.869474 0.07452756 0.4889154 -0.8692857 0.07283031 0.4822463 -0.8730853 0.07183694 0.5512519 -0.8290113 0.09413641 0.4858752 -0.8709765 0.07297569 0.4828154 -0.8726014 0.07386565 0.4824701 -0.8726713 0.07528227 0.5439831 -0.8351174 0.08161699 0.6142301 -0.7807421 0.114731 0.6265947 -0.7674602 0.1355884 -0.7510828 0.6592861 0.03487861 -0.7512347 0.659111 0.03491717 -0.7510359 0.6593359 0.03494542 -0.7510071 0.6593489 0.03531992 -0.859084 -0.5111784 0.02591085 -0.8526387 -0.5219619 0.02373129 -0.851963 -0.5232121 0.02020543 -0.8576185 -0.5132806 0.03215032 -0.936049 -0.3484525 0.04892158 -0.9471058 -0.316212 0.05477893 -0.9880415 -0.1457293 0.05036908 -0.9893839 -0.1350964 0.05355769 -0.9881651 -0.1422787 0.05732893 -0.9886082 -0.1380429 0.05998438 -0.987068 -0.146834 0.06431609 -0.987058 -0.1468986 0.06432288 -0.9969879 0.005324959 0.07737469 -0.9969877 0.005272865 0.07738143 -0.9967809 0.005659878 0.07997518 -0.9969058 0.004556715 0.07847481 -0.9966979 0.005761682 0.08099597 -0.9968388 0.004625439 0.07931607 -0.9963442 0.006163477 0.08520895 -0.9965756 0.004839539 0.08254516 -0.9974126 0.004867494 0.07172608 -0.9971911 0.006750643 0.07459527 -0.9965541 0.007815062 0.0825755 -0.9965158 0.007520258 0.08306473 -0.9965514 0.007787466 0.08261197 -0.9974219 0.004760622 0.07160305 -0.989869 -0.1209999 0.07428598 -0.9907535 -0.1048652 0.08608704 -0.9974216 0.004834592 0.07160091 -0.9498924 -0.2956857 0.1013627 -0.9316759 -0.3182366 0.1752304 -0.9054585 -0.377413 0.1941769 -0.925549 -0.2301329 0.3006626 -0.4887147 -0.8691807 0.07538419 -0.4884773 -0.8693953 0.0744425 -0.4886441 -0.8693033 0.07442307 -0.4889237 -0.869171 0.07413041 -0.4884691 -0.869413 0.07428908 -0.4882582 -0.8695328 0.07427483 -0.4885759 -0.8694562 0.07307374 -0.4889957 -0.8692489 0.0727303 -0.4890004 -0.8692463 0.07272851 -0.4890689 -0.8692553 0.07215875 -0.4887188 -0.8694771 0.07185769 -0.4889214 -0.8695105 0.07005345 -0.4830188 -0.8728704 0.06921136 -0.486252 -0.8710004 0.07012343 -0.6360023 -0.7659515 0.09391242 -0.4844131 -0.8719961 0.07047629 -0.486373 -0.8710055 0.06921517 -0.6421042 -0.7616911 0.08677059 -0.7732542 -0.6276623 0.090101 -0.7828236 -0.6174981 0.07670426 -0.7777746 -0.6260788 0.05560564 -0.7907322 -0.6101315 0.04982256 -0.7760757 -0.6288498 0.04748255 -0.791023 -0.6097972 0.04929715 0.7518979 -0.6590461 0.01754981 0.7541471 -0.6566295 0.009993672 0.7505043 -0.6607021 0.01470464 0.7482676 -0.6630325 0.02199059 0.7500019 -0.6609923 0.02421611 0.7461989 -0.6651083 0.02860623 -0.9690867 0.2466238 -0.00691533 -0.9691177 0.2465115 -0.006561815 -0.9690143 0.2469187 -0.00652492 -0.9690278 0.2468744 -0.006179809 0.3520508 -0.9359725 0.003982603 0.3462737 -0.9379379 0.01915574 0.3547506 -0.9348963 0.0109989 0.3626805 -0.9319034 -0.004365682 0.3550304 -0.934835 -0.006100535 0.3670702 -0.9300906 -0.01382422 -0.543923 -0.8372876 -0.05565357 -0.5244252 -0.8494282 -0.05873751 -0.5216831 -0.8505919 -0.06588155 -0.5433459 -0.8384712 -0.04172933 -0.5391145 -0.841973 -0.0209062 -0.550299 -0.8349674 7.06568e-4 -0.1082768 -0.9927115 -0.05291551 -0.1257892 -0.992051 -0.003458321 -0.1021882 -0.9943646 -0.02822804 -0.07340472 -0.9944269 -0.0756765 -0.1022057 -0.9917871 -0.07689213 -0.06461721 -0.9936546 -0.09206169 0.9699316 -0.239376 -0.04395425 0.9702833 -0.2371873 -0.04787921 0.9695952 -0.2404397 -0.04554003 0.9691016 -0.2427248 -0.04389446 0.9690904 -0.2427692 -0.04389756 0.9983469 -0.05112516 -0.02626323 0.9983487 -0.05156642 -0.0253154 0.9695902 -0.2412783 -0.04098576 0.9898082 0.1414933 -0.0161122 0.9889982 0.1468501 -0.01782393 0.948001 0.3181039 0.01019901 0.9408316 0.3387103 0.01055061 0.8637768 0.5030112 0.02948826 0.8611341 0.5076932 0.02637851 0.8643302 0.5022323 0.02638584 0.8606889 0.5085233 0.02487516 -0.5359588 -0.8386089 -0.09738397 -0.5466886 -0.8352672 -0.05882519 -0.5342469 -0.8417477 -0.07772463 -0.5171177 -0.8486331 -0.1114065 -0.5349696 -0.8376154 -0.1104896 -0.5136707 -0.8498173 -0.1181231 -0.8581317 -0.5094323 -0.06394457 -0.8515175 -0.5202227 -0.06547009 -0.8504502 -0.5215228 -0.0689094 -0.857312 -0.5115601 -0.05764198 -0.9368636 -0.3463391 -0.04833269 -0.948011 -0.3152421 -0.04356342 -0.9882629 -0.1438921 -0.0513004 -0.9898609 -0.1335982 -0.04823952 -0.989116 -0.1403162 -0.0442813 -0.9898353 -0.1360101 -0.04156208 -0.9887511 -0.1449391 -0.03693348 -0.1095062 -0.9921459 -0.06045573 -0.08069241 -0.9947813 -0.06244307 -0.07379442 -0.9940826 -0.07971477 -0.1125661 -0.9929829 -0.03624606 -0.1041853 -0.9944825 -0.0122435 -0.1247029 -0.9920885 0.01447641 0.3930843 0.1578692 0.9058488 0.7516444 -0.6566288 -0.06220567 0.7531312 -0.6541081 -0.07025772 0.7498577 -0.6584017 -0.06496733 0.748374 -0.6608062 -0.05719757 0.7503974 -0.6586935 -0.0550149 0.7469587 -0.662985 -0.05003607 0.3552262 -0.9336811 -0.04532343 0.3616421 -0.9312548 -0.04449433 0.3644475 -0.9297262 -0.05279582 0.3536502 -0.9346617 -0.03659325 0.3564531 -0.933804 -0.03084373 0.3501262 -0.9364166 -0.02314788 -0.8874756 -0.4593349 -0.03739744 -0.878762 -0.4758335 -0.03687566 -0.8875253 -0.4592386 -0.03740042 -0.8787136 -0.4759233 -0.03687274 -0.4904506 0.8712282 -0.02049171 -0.4904546 0.8712251 -0.02052205 -0.4904103 0.8712515 -0.02045989 -0.490369 0.8712749 -0.02045655 -0.4904454 0.8712313 -0.02048146 -0.4904125 0.8712432 -0.02076292 -0.490795 0.8710294 -0.02068632 -0.4903868 0.8712603 -0.02064716 -0.493352 0.8695716 -0.02118963 -0.4904179 0.871237 -0.02088713 -0.4903908 0.8712543 -0.02080422 -0.4934141 0.8695355 -0.02122998 -0.3275561 -0.9447327 -0.01368731 -0.3410179 -0.9399489 -0.01424837 -0.3341476 -0.9424135 -0.01422744 -0.3277199 -0.9446757 -0.01370102 -0.3278553 -0.9446284 -0.01371765 -0.3411856 -0.939888 -0.01424872 0.4868158 0.8733304 -0.01744717 0.4867832 0.8733488 -0.01744067 0.4883148 0.8724892 -0.01764494 0.4906614 0.8711683 -0.01780903 0.4906479 0.8711757 -0.01781773 0.4906877 0.8711533 -0.01782077 0.4906666 0.8711653 -0.01781755 0.4905997 0.8711984 -0.01803576 0.4893333 0.8719205 -0.01754021 0.4905504 0.8712263 -0.01802957 0.4905893 0.8712045 -0.01802504 0.490619 0.8711875 -0.01803773 0.3162497 -0.9486099 -0.01119595 0.4530694 -0.8913262 -0.01630014 0.319698 -0.9474503 -0.01145726 0.4599149 -0.8878107 -0.01644617 0.5949061 -0.8035143 -0.02125102 0.5772339 -0.8163136 -0.02081644 0.3127704 -0.9497627 -0.01120686 0.3127152 -0.9497809 -0.0112096 -0.6732175 0.7386468 -0.03433698 -0.6722626 0.7396003 -0.03247487 -0.6085637 0.7930352 -0.02730333 -0.6731207 0.7387383 -0.03426808 -0.6086476 0.7930025 -0.02636516 -0.5144525 0.8572528 -0.02135896 -0.4938743 0.8692834 -0.02084708 -0.4452357 0.8952159 -0.018808 -0.4866507 0.8733736 -0.01974284 -0.9417279 0.3352039 -0.0280534 -0.9416687 0.3352753 -0.02916526 -0.9408841 0.3375326 -0.02844202 -0.9416775 0.3352369 -0.02932476 -0.9408292 0.337624 -0.02916485 -0.941546 0.3352986 -0.03265297 -0.9408581 0.3374812 -0.02987724 -0.9415835 0.3351871 -0.03271239 -0.9849546 0.170049 -0.03078848 -0.9409887 0.3368075 -0.03318405 -0.9414323 0.3355651 -0.03318905 -0.9407621 0.337473 -0.03284358 -0.9996433 -0.001017034 -0.02669095 -0.9996436 -9.94746e-4 -0.026681 -0.9996401 -0.001035749 -0.0268076 -0.9996433 -9.76838e-4 -0.02668803 -0.9996394 -0.001025378 -0.02683395 -0.9996413 -9.42831e-4 -0.02676606 -0.9996402 -0.001050949 -0.0268011 -0.9996412 -0.001077055 -0.02676492 -0.9996977 -0.001228451 -0.02455651 -0.9996696 -0.001545071 -0.02566254 -0.9935851 -0.1129239 -0.006085515 -0.9937228 -0.1116095 -0.007651567 -0.9996979 -0.001254379 -0.02454817 -0.9996889 -0.001450836 -0.0249046 -0.9404277 -0.3399198 -0.007110714 -0.9552978 -0.2955363 0.008028984 -0.9190389 -0.3936949 0.01928877 -0.9229269 -0.3833624 0.0352025 -0.9229362 -0.3833374 0.03523439 0.9745829 0.2217345 -0.03196877 0.9745959 0.22168 -0.03194957 0.975516 0.2181996 -0.02752524 0.9898771 0.1396691 -0.02521598 0.9748158 0.2210471 -0.02953821 0.9756209 0.2176653 -0.02803361 0.990173 0.1377357 -0.02421855 0.9993547 0.02876114 -0.02151638 0.9993964 0.02739685 -0.02136242 0.9997862 -0.001165032 -0.02064359 0.9997899 -0.001196682 -0.02046543 0.9997918 -0.001139283 -0.02037537 0.9997919 -0.001171469 -0.02036798 0.9997919 -0.001141846 -0.02037185 0.9997987 -0.001088857 -0.02003997 0.9997971 -0.001217067 -0.02011048 0.9997986 -0.00135827 -0.0200268 0.9997982 -0.001318275 -0.02004694 0.9998252 -0.001375317 -0.01864963 0.9899296 -0.1415414 0.002366662 0.9998191 -0.001247107 -0.01898354 0.999825 -0.001418948 -0.01865756 0.9954901 -0.09477257 -0.004208505 0.9607523 -0.2765426 0.02189326 0.9411557 -0.3161557 0.119464 0.923449 -0.3750411 0.08115589 0.8073958 -0.5887371 0.03874093 0.8192114 -0.5734909 -9.66328e-4 0.6909603 -0.7145584 0.1094545 0.6741189 -0.7339569 0.08289098 0.4470646 -0.8868948 0.116409 0.4305139 -0.9021237 0.02881944 0.4124935 -0.9074618 0.07976299 0.3049111 -0.9446696 0.1209491 0.4349507 -0.8941816 0.1061003 0.7563247 0.6538445 -0.02145749 0.7563509 0.6537803 -0.0224694 0.7577686 0.6521576 -0.02184581 0.7560938 0.6540412 -0.02349925 0.7578333 0.6520608 -0.02248567 0.7561994 0.6539202 -0.02347433 0.7560737 0.6539161 -0.02732229 0.6278585 0.7780159 -0.02202433 0.7567685 0.6532174 -0.02466684 0.7573791 0.6525542 -0.02345407 0.6284409 0.7775255 -0.02272373 0.4817369 0.8761417 -0.01747375 0.4776402 0.8783867 -0.01722514 0.01842671 0.08190238 0.9964701 0.003188669 0.08261835 0.9965762 -0.002878427 -0.007647871 0.9999667 0.02279347 0.005665957 0.9997242 0.01724123 -0.003085792 0.9998467 0.01723551 -0.003109753 0.9998466 0.01717907 -0.003101348 0.9998477 0.01721221 -0.003106892 0.9998471 -0.02618157 0.04419946 0.9986796 -0.03332853 0.05029916 0.998178 -0.03326272 0.05026173 0.9981821 -0.033261 0.05027264 0.9981817 -0.0160039 0.0462386 0.9988023 0.00539124 0.01675039 0.9998452 -5.8809e-4 0.02231723 0.9997508 0.005429327 0.01673579 0.9998452 0.01113706 0.007198274 0.9999122 0.01246333 0.01775503 0.9997648 0.02429115 0.03959649 0.9989205 -0.002070784 0.06285369 0.9980206 -0.01827585 0.06810438 0.9975109 -0.004896402 0.03774559 0.9992755 0.01938444 0.04494792 0.9988013 0.0194205 0.04493963 0.9988009 -0.01601243 0.01230221 0.9997961 -0.01597434 0.01228785 0.999797 -0.01598 0.01228863 0.9997968 0.008416652 0.03474313 0.9993609 -0.01596629 0.01226651 0.9997974 -0.01595371 0.01235961 0.9997963 -0.01970094 -0.002172768 0.9998036 -0.0282303 -0.001201212 0.9996008 -0.01709651 0.0109927 0.9997935 0.01454186 -0.03091901 0.9994161 0.003150224 -0.03497624 0.9993833 -0.008487403 -0.07458758 0.9971784 -0.1064683 -0.05505365 0.9927908 -0.02959299 -0.04710108 0.9984517 -0.02505332 -0.02780896 0.9992994 0.06248563 -0.04359596 0.9970933 -0.008737862 -0.03420406 0.9993767 0.02707159 -0.01059788 0.9995774 0.03131109 0.003552675 0.9995034 0.02952861 -0.02580422 0.9992309 -0.04166704 -0.008101046 0.9990988 -0.03902864 -0.02647954 0.9988873 -0.03643196 0.002343058 0.9993335 -0.03228044 -0.01087868 0.9994196 -0.03680348 -0.003020465 0.999318 0.03026485 0.002519845 0.9995387 0.03627175 0.004611134 0.9993314 0.03047347 -0.02675133 0.9991776 0.03754514 -0.02369481 0.9990141 0.03696 0.00288248 0.9993126 0.04259312 -0.0242871 0.9987973 0.0652945 -0.008949995 0.997826 0.08397853 -0.008331716 0.9964329 -0.0395441 0.003241121 0.9992127 -0.08546555 -0.01217871 0.9962667 -0.05610024 -0.01681488 0.9982836 -0.04106152 9.8055e-4 0.9991562 -0.03968161 0.00297302 0.999208 -0.02182126 0.04494792 0.9987511 -0.02343636 0.08772414 0.9958692 -0.03039836 0.1132822 0.9930977 -0.01363217 0.1526708 0.9881831 -0.02492725 0.1018894 0.9944834 -0.02493619 0.1019147 0.9944806 -0.02389514 0.07209962 0.9971113 0.1223558 0.005895853 0.9924688 0.06991523 0.006430387 0.9975323 -0.09068244 -0.01360249 0.995787 -0.08398449 -0.007580697 0.9964383 -0.06797623 -0.01033693 0.9976334 0.007656574 0.06521064 0.9978422 -0.123533 -0.03164774 0.9918358 0.113014 -0.04999715 0.9923347 0.1130186 -0.05000001 0.992334 0.04574006 0.1066284 0.9932464 -0.1308754 -0.06916201 0.9889835 0.08954161 -0.00893861 0.995943 0.1205238 -0.0892542 0.9886899 0.01063776 0.1119945 0.9936519 -0.009892761 0.1427775 0.9897054 -0.1370583 -0.1010645 0.9853939 -0.01508498 0.1203606 0.9926156 0.08875358 -0.01406198 0.9959544 0.1180467 -0.01703566 0.9928619 0.09935194 -0.09241008 0.9907521 -0.103193 -0.01260042 0.9945816 -0.1856323 -0.1881762 0.9644327 -0.07924324 -0.104738 0.9913377 -4.54229e-4 -0.09915065 0.9950724 0.02965134 -0.1053376 0.9939944 -0.1180104 -0.0179618 0.99285 0.1096927 0.02189761 0.9937244 0.1009309 0.0384162 0.9941515 0.1043086 0.03596663 0.9938945 0.09631299 0.05469429 0.9938473 0.09945809 0.04769068 0.9938983 0.1340442 -0.02155154 0.990741 0.09150862 0.0649783 0.993682 0.2887269 -0.02842611 0.9569894 -0.001912891 -0.1190272 0.9928892 -0.09226554 0.0672509 0.9934608 -0.09823685 0.05701309 0.9935286 -0.1049179 0.04450976 0.9934843 -0.1044197 0.04429745 0.9935463 -0.1160044 0.02191561 0.993007 0.09371387 0.05595022 0.9940258 0.0751096 0.093432 0.9927886 0.2146861 -0.02777415 0.9762881 0.08348864 -0.05929064 0.9947433 0.08123868 -0.03358668 0.9961287 -0.2178202 -0.02238768 0.9757321 -0.1079434 -0.0437932 0.993192 -0.08242726 -0.02066648 0.9963828 -0.004626452 -0.1196979 0.9927996 -0.09872049 -0.05286568 0.99371 -0.01429486 -0.1277098 0.9917086 0.01313298 -0.1294252 0.9915022 0.08718454 0.06373459 0.9941514 0.0832234 0.07403367 0.993777 0.07453739 0.07695347 0.9942446 0.0656988 0.09175413 0.9936121 -0.09017592 0.06998872 0.9934636 -0.1013006 0.06797611 0.9925309 -0.06757962 0.1220232 0.9902239 -0.0993756 0.06563431 0.992883 -0.08470952 0.08012825 0.9931786 -0.1061378 0.02948236 0.9939144 -0.1159814 0.019472 0.9930606 -0.1074299 0.03545439 0.9935804 0.0589593 -0.07117021 0.9957202 0.1152806 0.01960134 0.9931396 0.1177861 -1.48846e-4 0.9930391 0.1095997 0.01790738 0.9938145 0.1035695 0.02845454 0.9942152 0.1035765 0.02842062 0.9942154 0.1035516 0.02844154 0.9942175 0.1092976 0.01855027 0.9938361 -0.1029049 -0.06092464 0.9928237 0.09369283 -0.06874126 0.9932253 0.08979505 -0.05035597 0.9946865 -0.02610456 -0.1335653 0.9906963 0.1085954 0.01834124 0.9939168 -0.103476 -0.06190305 0.9927038 -0.1031112 -0.06070786 0.9928156 0.03110194 -0.1454994 0.9888694 0.09413093 -0.07427048 0.9927856 0.09542721 -0.06896555 0.9930446 0.09527748 -0.09578579 0.9908316 0.08620291 -0.09426659 0.9918079 0.230528 -0.1174142 0.9659559 0.08053851 -0.1277407 0.9885322 0.06727564 -0.1162478 0.9909393 -0.101197 -0.05708175 0.9932276 -0.1010244 -0.05718511 0.9932391 -0.100824 -0.06960469 0.9924666 -0.1019963 -0.0603435 0.9929529 -0.04437708 -0.1117808 0.9927416 -0.04064595 -0.1293506 0.9907656 0.03693705 -0.1369178 0.9898936 0.2045258 -0.1192655 0.9715684 -0.1008086 -0.06909322 0.9925038 -0.101025 -0.07946425 0.9917054 -0.1002624 0.0807541 0.9916785 -0.1636448 0.07737439 0.9834803 -0.1578412 0.05289548 0.9860469 0.07408243 -0.1336242 0.9882593 0.06083828 -0.1326472 0.9892944 0.01957488 -0.1066393 0.9941052 -0.06284803 -0.1339625 0.9889915 0.05870705 -0.05724287 0.9966328 0.1082301 -0.1253154 0.9861959 0.07770437 -0.1342406 0.9878976 0.07451623 -0.13556 0.987963 -0.0856781 -0.1281468 0.9880474 -0.07201212 -0.1415214 0.9873126 0.0940057 -0.1301392 0.9870293 -0.09221082 -0.1000876 0.9906966 -0.1008059 -0.09373533 0.9904807 -0.08292043 -0.1230211 0.9889338 -0.107737 -0.1038022 0.9887456 -0.1437023 -0.1250453 0.9816891 -0.1086211 -0.1247218 0.9862282 -0.08298152 -0.124387 0.9887578 -0.02403795 0.116079 0.9929491 0.1073447 0.01663577 0.9940828 0.1384873 0.0306341 0.9898903 0.06972843 0.08291351 0.9941143 0.08524191 0.08982419 0.9923031 0.08620607 0.109641 0.9902259 0.04261082 0.09173333 0.9948716 0.107055 0.1000203 0.9892094 -0.0897879 -0.1319966 0.9871754 -0.1268245 -0.1272794 0.9837253 -0.115491 0.01672267 0.9931678 -0.1254025 0.008095502 0.9920729 -0.1221924 0.01788562 0.9923453 -0.1552432 0.03345227 0.9873098 -0.1590213 0.02284896 0.9870107 -0.1172141 0.01898819 0.9929251 -0.07669967 0.1124616 0.9906916 -0.1046246 0.1242393 0.986721 0.1080397 0.01145786 0.9940806 0.1443728 0.01386433 0.9894263 -0.0697894 0.1064236 0.9918687 0.2090476 0.1857933 0.9600937 0.1954553 0.07779562 0.9776222 0.03874719 0.1116952 0.9929869 -0.03166043 0.09555977 0.9949201 -0.1447045 0.008801817 0.9894359 -0.1500374 0.06759864 0.9863668 0.1012756 -0.08126503 0.9915338 0.1298829 0.04211866 0.9906345 0.01705092 0.143548 0.9894965 0.1420473 0.104174 0.9843629 -0.006498396 0.1455703 0.9893266 -0.002846598 0.1454202 0.989366 0.2146394 0.118816 0.9694395 -0.01982492 -0.03904807 0.9990407 -0.007963955 -0.1060055 0.9943338 0.01409196 -0.0598787 0.9981062 0.002046406 -0.1208188 0.9926725 0.006347715 -0.1297279 0.9915294 -0.002008557 -0.1201832 0.9927497 -0.01086324 -0.126603 0.9918941 0.1298831 0.04211622 0.9906345 0.2046338 0.0536068 0.9773696 0.2151932 -0.01257622 0.9764905 0.2029731 0.05362313 0.977715 0.1420123 0.04500442 0.9888413 0.135481 0.04346233 0.9898263 0.1657291 0.03581464 0.9855208 0.1222048 0.1150583 0.9858132 0.08817553 0.1573861 0.9835928 0.1301112 0.1692352 0.9769497 0.112986 0.178038 0.9775155 -0.03061294 0.1465009 0.9887368 -0.03165715 0.095555 0.9949207 0.09198218 0.1392512 0.9859759 -0.08505052 0.1371444 0.9868931 -0.09410709 0.1423497 0.9853327 0.005343258 0.1678964 0.9857902 -0.01508438 0.1203578 0.992616 0.004583656 0.2049586 0.97876 -0.02413249 0.1960598 0.980295 0.01313704 0.1779193 0.9839575 -0.1502914 -0.001995444 0.9886398 -0.001975774 -0.2147634 0.9766642 -0.06099575 -0.2059012 0.97667 -0.02253639 -0.1793367 0.9835296 0.003693759 -0.1579708 0.987437 0.007752239 -0.1509743 0.9885073 -0.01419287 -0.1487318 0.9887758 -0.009787499 -0.1567386 0.9875917 -0.009691059 -0.1568054 0.987582 0.0395413 -0.1943596 0.9801331 -0.1349054 0.0369327 0.99017 0.2138062 0.1153581 0.970041 -0.1455928 0.04840177 0.9881599 -0.01620984 0.1773838 0.9840083 0.2153109 0.08625638 0.9727287 0.2131875 -0.01036733 0.9769563 -0.03769546 0.2432308 0.9692358 0.007134616 0.1939361 0.9809882 -0.1341589 0.2047119 0.9695847 -0.1560716 -0.001630544 0.9877445 0.001676678 0.2594824 0.9657464 -0.06886386 0.1823658 0.9808163 -0.1440391 0.1191648 0.9823709 -0.1621793 0.1925418 0.9677941 -0.1603823 0.1281558 0.9786999 -0.1703379 0.01028883 0.985332 -0.1456217 0.04840755 0.9881554 -0.1844096 0.0321201 0.9823245 -0.2376798 0.06766176 0.9689841 -0.2006931 0.002276062 0.9796515 -0.2426849 0.0345866 0.9694885 -0.1948769 0.03357237 0.980253 0.1755971 0.03677493 0.983775 0.09850454 0.1524177 0.983395 0.2220684 0.03667038 0.9743412 0.001335859 0.199878 0.97982 -0.1303625 0.164411 0.9777396 -0.1051184 0.2232742 0.9690711 -0.003554821 0.1796182 0.9837301 -0.01269996 0.1997747 0.9797596 -0.2030155 0.005381703 0.9791607 0.04198157 0.2099642 0.9768074 0.01946014 0.1845144 0.9826372 0.2220915 0.03664821 0.9743369 -0.2010645 0.02526712 0.9792521 0.09043961 0.193888 0.976846 0.1000705 0.1567572 0.9825544 0.01945358 0.1845197 0.9826363 0.08245569 0.1654796 0.9827602 0.02916139 0.1834825 0.9825904 0.1964298 0.08016341 0.9772356 0.184623 0.03604692 0.9821481 -0.2057439 -6.53957e-4 0.9786057 -0.03582125 0.1995115 0.9792405 0.2296481 0.01357084 0.9731791 -0.03682792 0.2011079 0.9788766 -0.2057515 -6.62466e-4 0.9786041 -0.2022089 0.01253384 0.9792622 0.231711 -0.0321744 0.9722525 0.2162873 -0.01497292 0.9762151 0.04397362 0.1826958 0.9821856 -0.1167141 0.1710572 0.9783238 0.07398456 0.1716475 0.9823765 0.2455493 -0.02892464 0.9689525 0.1751221 -0.05433732 0.9830462 0.06650036 0.2043428 0.976638 0.05290997 0.1804637 0.9821576 -0.09186053 0.1830222 0.9788077 0.06503295 0.1768422 0.9820884 0.1040068 -0.1980236 0.9746637 -0.07889825 0.1909955 0.978415 0.1606744 0.0885806 0.9830246 -0.2148212 -0.01953172 0.9764581 -0.07155936 0.2371199 0.9688414 -0.03501355 0.2037431 0.9783981 -0.04811006 0.1999908 0.9786159 -0.06712597 0.1962066 0.9782623 -0.1976401 0.04822516 0.9790877 -0.08525341 -0.2043151 0.9751858 -0.1994606 -0.04023605 0.9790794 -0.229662 0.1022375 0.9678857 -0.1911392 0.0821464 0.9781196 -0.2112801 -0.05253285 0.9760129 -0.1789359 -0.07159185 0.9812526 0.08389979 -0.2030842 0.9755602 0.02538067 -0.21728 0.9757793 -0.06672507 -0.2091424 0.9756061 0.1811547 -0.07453477 0.9806262 -0.02090191 -0.2207041 0.9751169 0.009346902 -0.2229185 0.9747924 -0.02094042 -0.2206737 0.9751229 -0.1967885 0.08535087 0.9767239 -0.1819999 -0.08802366 0.9793508 0.1978405 -0.1242644 0.9723258 0.1749702 -0.101325 0.9793461 -0.01313698 -0.2307145 0.9729328 -0.005822122 -0.2261164 0.9740829 0.01300293 -0.2328425 0.9724276 0.09592878 -0.2183618 0.9711416 0.118435 -0.169707 0.9783521 0.09503501 -0.1863406 0.9778782 0.04282575 -0.2502053 0.9672452 0.07570576 -0.2021242 0.9764295 0.02195137 -0.219361 0.9753968 0.06363761 -0.2032604 0.9770545 -0.02221816 -0.2193917 0.9753838 0.04739713 -0.2047441 0.9776674 0.1831337 0.09974837 0.9780145 0.1506592 0.09733027 0.9837829 0.1328994 0.1545175 0.9790108 0.1184363 -0.1697056 0.9783521 -0.04666346 -0.2488779 0.9674102 -0.04737913 -0.206166 0.9773694 -0.0546534 -0.205085 0.9772171 -0.09777235 -0.2014043 0.9746163 -0.1045382 -0.1876412 0.9766589 -0.09302514 -0.2194105 0.9711876 -0.1068259 -0.1742408 0.9788914 -0.1068239 -0.1742401 0.9788919 0.1685515 -0.1147216 0.9789941 0.1184424 -0.1697059 0.9783514 -0.1494734 -0.175302 0.9731017 0.1415946 -0.1763634 0.9740878 -0.1581719 -0.1667838 0.973224 0.1685528 -0.1147421 0.9789915 -0.1601019 -0.1973156 0.9671784 -0.1636131 -0.1600522 0.9734547 0.1594564 -0.1992042 0.9668979 0.1586346 -0.2157309 0.9634808 0.1659533 -0.133215 0.9770943 -0.1989401 -0.1208589 0.9725307 -0.1735098 -0.1146935 0.9781308 -0.1672175 -0.1573265 0.9732866 -0.0710541 0.2147821 0.974074 -0.1697436 -0.1244783 0.9775952 -0.1697528 -0.1244574 0.9775962 -0.08565151 0.2063857 0.9747148 0.1394886 0.1582207 0.9775016 0.1445426 0.1769126 0.973555 0.2649087 0.07143974 0.9616236 0.2631076 0.02804869 0.9643587 0.2545622 0.1026508 0.961593 0.2409642 0.1328207 0.9614025 0.1918566 0.1140971 0.9747682 0.1752783 0.2133765 0.9611181 0.1342839 0.1945824 0.971651 0.1468338 0.2329773 0.9613332 0.1165074 0.2497208 0.9612833 -0.141237 0.1735138 0.9746513 0.08591151 0.2620006 0.9612362 0.05542224 0.2703003 0.9611796 -0.2191341 0.1367699 0.9660612 -0.2074715 0.0890299 0.9741814 0.02138704 0.274693 0.9612941 -0.003197789 0.2379183 0.9712799 0.2056425 0.1226004 0.9709174 -0.1489799 0.1707854 0.9739801 0.1532494 0.1845393 0.9708037 0.1645881 0.1803063 0.9697425 -0.1916383 0.1384378 0.9716532 0.2041494 0.1313813 0.9700835 0.2245889 0.1625878 0.960794 0.2034743 0.1318441 0.9701626 0.1981369 0.1421138 0.9698173 -0.1607444 0.1666699 0.9728219 -0.1608738 0.1666725 0.9728001 0.1738096 0.1748054 0.9691406 0.2625321 -0.1017615 0.9595425 0.2024621 0.1906009 0.9605625 0.1738506 0.1718484 0.9696619 0.1828556 0.1636735 0.9694199 0.1915647 0.1546191 0.9692245 0.1913422 0.1551707 0.9691802 -0.2440119 -6.4702e-4 0.9697721 -0.2808473 -0.04860502 0.958521 -0.2625309 -0.1100546 0.9586269 -0.1751475 0.1668628 0.970299 -0.1738496 0.1606659 0.9715775 -0.190135 0.1443428 0.9710891 -0.1808301 0.1491457 0.97214 -0.1984547 0.170969 0.9650831 -0.1743583 0.1547528 0.9724459 0.2127363 -0.02548062 0.9767774 -0.2340962 -0.1867954 0.9540998 -0.01724624 0.2752524 0.9612174 -0.02222162 0.2776092 0.9604371 -0.05269169 0.3306288 0.9422888 -0.09669709 0.3222893 0.9416896 -0.1416006 0.3055418 0.941591 -0.1836675 0.2825728 0.9414982 -0.222032 0.253852 0.9414144 -0.2559192 0.2199642 0.9413401 -0.2846378 0.1816001 0.9412773 -0.3076044 0.1395382 0.9412273 -0.3243553 0.09463155 0.94119 -0.2870168 0.004948556 0.9579129 -0.3345414 0.04780101 0.941168 -0.0117498 -0.2626837 0.9648106 0.2127237 -0.02548217 0.9767801 0.2797416 -0.0172699 0.95992 0.3463693 0.03922349 0.9372779 0.3374366 0.09083414 0.9369556 0.32428 0.1305116 0.9369148 0.3061206 0.1690333 0.9368661 0.2830728 0.2055698 0.9368088 0.2554364 0.239291 0.9367455 0.2234354 0.2696981 0.9366641 0.1873058 0.2962061 0.9365782 0.148751 0.3174976 0.9365193 0.1098586 0.3331177 0.9364634 0.07109892 0.3436747 0.9363934 0.03339958 0.3491739 0.9364626 -0.007326483 0.3109679 0.9503922 0.05447053 -0.2702747 0.9612412 -0.008072555 -0.2846762 0.9585897 -0.04853999 -0.2672928 0.9623921 -0.1228698 -0.2589766 0.9580367 -0.3410663 -0.006090342 0.9400195 -0.3427625 -0.100001 0.9340844 0.3471613 -0.02410966 0.9374955 0.343432 -0.0935468 0.9345071 0.2316679 -0.1856331 0.9549191 -0.3247522 -0.1822172 0.9280802 0.1216296 -0.2573095 0.9586439 -0.2037793 -0.246919 0.9473674 -0.01163405 0.3525458 0.9357223 -0.01163113 0.3525373 0.9357255 -0.007564485 0.3941358 0.9190211 -0.06945049 0.435436 0.8975367 -0.1260123 0.4224606 0.897579 -0.1848731 0.4005062 0.8974502 -0.2400085 0.3703981 0.8973301 -0.2902987 0.3327506 0.89722 -0.3347188 0.2883298 0.8971228 -0.3723641 0.2380415 0.8970403 -0.4024725 0.1829055 0.8969736 -0.424426 0.1240448 0.8969256 -0.3809457 -0.005315899 0.9245823 -0.4377784 0.06266033 0.8968967 0.349078 -0.02752107 0.9366894 0.3938458 -0.005930006 0.9191575 0.4261257 0.1145364 0.8973842 0.4360114 0.06513887 0.8975807 0.4095321 0.1645731 0.897329 0.3866289 0.2131484 0.8972657 0.3575709 0.2592161 0.8971902 0.3227233 0.3017362 0.8971093 0.282364 0.34008 0.897004 0.2368052 0.3735041 0.8968936 0.1881911 0.4003544 0.8968281 0.1391553 0.4200565 0.8967656 0.09027326 0.4333684 0.8966842 0.2027214 -0.2504458 0.9466683 0.3248709 -0.1835868 0.9277688 0.04456394 0.4422829 0.8957678 -0.2872987 -0.2396979 0.9273643 -0.4423245 0.003294169 0.8968491 -0.4337642 -0.0491715 0.8996838 0.4341147 -0.1057897 0.8946246 0.4183804 -0.05800247 0.906418 -0.4348282 -0.1091977 0.8938682 -0.4307623 -0.1835331 0.883606 -4.08513e-4 -0.2917852 0.9564839 0.003167331 -0.2912653 0.9566371 -0.001564085 -0.2923666 0.9563051 0.02453935 -0.2919279 0.9561254 0.001388013 -0.2923646 0.956306 -0.01960587 -0.2870731 0.957708 -0.02109146 -0.2818445 0.9592283 0.03726422 -0.2955888 0.9545882 0.06447356 -0.2902597 0.9547735 0.09206902 -0.2764781 0.9565998 0.08091038 -0.2479772 0.9653812 -0.06969964 -0.271636 0.959873 -0.04512828 -0.2887703 0.9563343 -0.07597416 -0.2834825 0.9559632 -0.05949163 -0.239288 0.9691244 -0.009848892 0.4360005 0.8998926 0.1684597 -0.2803562 0.9449984 0.1296153 -0.2832274 0.9502537 0.09590119 -0.2874219 0.9529909 -0.1481971 -0.2717189 0.9508978 -0.1470945 -0.2760711 0.9498148 -0.1019482 -0.2787038 0.9549507 0.3662925 -0.2430253 0.8982029 0.370215 -0.225228 0.9012287 0.4164533 -0.2172192 0.8828264 0.4419316 -0.1883828 0.8770453 0.3155067 -0.252737 0.9146473 -0.3888022 -0.2148407 0.8959222 -0.3897736 -0.2102103 0.8965981 -0.3502797 -0.2277457 0.9085352 0.4369313 0.003432929 0.8994884 0.4369311 0.003433763 0.8994885 0.4828392 0.004389047 0.875698 0.55907 0.07175701 0.8260096 0.5427905 0.1457696 0.8271214 0.5213813 0.2085339 0.827451 0.4916307 0.2721152 0.8271956 0.4554858 0.3301492 0.8267614 0.4109836 0.3816529 0.8279092 0.3577904 0.4298792 0.8289692 0.2986747 0.4746892 0.8279273 0.2082442 -0.2830544 0.9362236 0.1764864 -0.2868044 0.9415922 0.2402451 0.5046318 0.8292341 0.1759793 0.5293686 0.8299399 0.1140366 0.5457935 0.8301236 0.05332803 0.5515768 0.8324177 0.01184403 0.493129 0.8698756 -0.009850025 0.4359923 0.8998966 -0.004308223 0.521682 0.8531292 -0.1743544 -0.2675814 0.947629 -0.2678622 -0.2273868 0.93624 -0.2646514 -0.2250576 0.9377146 -0.08412593 0.5506619 0.8304784 -0.1574775 0.532136 0.8318848 -0.556371 0.004792332 0.8309202 -0.5489806 -0.05797803 0.8338219 -0.4944435 0.003135502 0.8692042 -0.2312487 0.5030977 0.8327165 0.563884 -0.05899602 0.8237441 -0.3009981 0.4650475 0.832545 -0.3640024 0.4178637 0.8324016 -0.4207662 0.3618498 0.8318778 -0.4650762 0.299688 0.8330015 -0.5016449 0.2284473 0.8343647 -0.5295533 0.1550363 0.8339887 -0.5466767 0.07808125 0.8336953 -0.5451344 -0.1136381 0.8306111 -0.5353391 -0.1612526 0.8291018 0.6110712 -0.2303766 0.7573102 0.5439978 -0.1774128 0.8201166 0.5623042 -0.1173331 0.818564 0.537236 0.005066514 0.8434168 0.3064395 -0.2891566 0.9069086 0.3749315 -0.2823086 0.8830223 0.2740823 -0.291807 0.9163666 -0.5244141 -0.1967917 0.8284099 -0.5126224 -0.1893382 0.8374779 -0.4947398 -0.1927465 0.8473968 -0.476518 -0.2078845 0.8542335 -0.4694226 -0.2008008 0.8598381 -0.4242094 -0.2178006 0.878982 -0.3281353 -0.2615948 0.9076869 -0.3281372 -0.2615021 0.9077129 0.4472839 -0.2386398 0.8619676 0.4689936 -0.2309327 0.852476 0.514428 -0.2139671 0.8304108 0.5280351 -0.2374002 0.8153651 0.4472304 -0.2386443 0.8619943 0.06818717 -0.2087949 0.9755794 -0.01795715 -0.1069939 0.9940975 0.6154763 0.1251056 0.778163 0.6154845 0.1250422 0.7781668 0.6059402 0.160843 0.7790803 0.5504794 0.0230019 0.8345318 0.6190742 0.05341601 0.7835139 0.6205427 0.08856064 0.7791559 0.595485 0.1965251 0.7789581 0.5961219 0.1962633 0.7785369 0.5534494 0.2938778 0.7793136 0.5697529 0.2627231 0.7786901 0.582839 0.2289378 0.7796705 0.5343651 0.3282848 0.7788987 0.5307655 0.3231806 0.7834809 0.5144174 0.3536026 0.7812426 0.4904741 0.3900285 0.779303 0.4677435 0.4115316 0.7822134 0.443601 0.4457195 0.7775297 0.4436041 0.4457169 0.7775295 0.4137372 0.4692562 0.7801412 0.4867678 0.3831896 0.7849987 0.3530776 0.5153839 0.780843 0.3859272 0.4959877 0.7778537 0.385922 0.4959921 0.7778535 0.3223111 0.5392876 0.7780004 0.3155795 0.5384621 0.7813247 0.2908976 0.5442538 0.7868713 0.2583255 0.5703529 0.7797214 0.2583115 0.5703489 0.7797291 0.2248368 0.5811901 0.7820912 0.3137985 0.5250653 0.7910987 0.152566 0.6039146 0.7823113 0.1919396 0.5975586 0.7785133 0.1919263 0.5975573 0.7785176 0.1152026 0.6152034 0.7799059 0.115208 0.6152061 0.7799029 0.07553738 0.6165773 0.7836624 -0.004837155 0.5842311 0.811573 0.04079937 0.6235499 0.7807183 0.03802251 0.6216444 0.7823762 -0.1561212 0.5946222 0.7887019 -0.1226686 0.6038748 0.7875834 -0.08909565 0.6102163 0.787209 -0.1227072 0.6038669 0.7875835 -0.1935053 0.5879818 0.7853872 -0.1935147 0.587974 0.7853908 -0.2246387 0.5714226 0.7893122 -0.288839 0.5406334 0.7901188 -0.2590367 0.5617613 0.7856999 -0.2590242 0.5617712 0.785697 -0.3210632 0.5272894 0.786692 -0.3513133 0.4959352 0.7941204 -0.372134 0.4793401 0.7948267 -0.4069033 0.4538522 0.7927471 -0.4306328 0.4285897 0.794271 -0.4558073 0.4034967 0.7933664 -0.3793388 0.4819073 0.7898529 -0.4825828 0.3715918 0.7931163 -0.6078098 -0.01692545 0.7939023 -0.6089106 -0.04725587 0.7918301 -0.6035802 -0.07379835 0.7938797 -0.5983481 -0.09788405 0.7952348 -0.6002597 -0.09653031 0.7939586 -0.6081889 0.006127715 0.7937688 -0.4972528 0.3459827 0.7956355 -0.5268216 0.3148449 0.7895136 -0.539126 0.2821646 0.793553 -0.4743091 0.3690615 0.7992651 -0.5674311 0.2187139 0.7938427 -0.5581648 0.2528017 0.7902807 -0.558155 0.2528132 0.7902839 -0.5841484 0.1876249 0.7896629 -0.5841503 0.1876255 0.7896615 -0.589902 0.1479114 0.7938123 -0.6040799 0.07083028 0.79377 -0.6007729 0.1125341 0.7914595 -0.600772 0.1125387 0.7914595 0.6306125 -0.09231942 0.7705876 0.6234923 -0.07802826 0.7779262 0.5995835 0.03548419 0.7995253 0.6293557 -0.111991 0.7690055 -0.6007216 -0.1185221 0.790624 -0.5969002 -0.1419701 0.7896549 -0.6036171 -0.09915184 0.791085 -0.5909304 -0.1572991 0.7912386 -0.6119377 0.02223163 0.7905935 -0.6120271 0.01438361 0.790706 0.630066 -0.1419215 0.7634627 0.6263549 -0.1571552 0.7635326 0.6300594 -0.1419304 0.7634665 -0.4589051 -0.190401 0.8678443 0.01478755 0.6302047 0.7762882 -0.03371804 0.6244881 0.7803063 -0.5876796 -0.1797153 0.7888823 -0.5875511 -0.1797755 0.7889642 -0.5489076 -0.1910948 0.8137465 -0.5436944 -0.1949024 0.8163391 0.5684214 -0.1967085 0.7988761 0.5423572 -0.1778907 0.8210991 0.687215 -0.2381932 0.6862941 0.6017553 -0.2047837 0.7719807 0.6307944 -0.1881642 0.75279 -0.5479952 -0.2028211 0.8115201 0.696377 -0.2950956 0.6542001 0.6678998 2.60428e-4 0.7442513 0.6634654 0.05079007 0.7464811 0.5931239 -0.07702827 0.801418 0.4886136 -0.1399632 0.8612011 0.003149926 -0.2912719 0.9566352 0.003149926 -0.2912719 0.9566351 -0.01153194 -0.2855825 0.9582849 -0.02108514 -0.2818414 0.9592294 -0.02108514 -0.2818414 0.9592293 -0.3281264 -0.2615067 0.9077154 -0.3281264 -0.2615067 0.9077154 -0.3281264 -0.2615067 0.9077154</float_array>
          <technique_common>
            <accessor source="#mesh-ae5b7fbf-5ac0-49d2-8b97-60cff680ba38-mesh-normals-array" count="1780" stride="3">
              <param name="X" type="float"/>
              <param name="Y" type="float"/>
              <param name="Z" type="float"/>
            </accessor>
          </technique_common>
        </source>
        <vertices id="mesh-ae5b7fbf-5ac0-49d2-8b97-60cff680ba38-mesh-vertices">
          <input semantic="POSITION" source="#mesh-ae5b7fbf-5ac0-49d2-8b97-60cff680ba38-mesh-positions"/>
        </vertices>
        <triangles material="Material-橡胶-material" count="1847">
          <input semantic="VERTEX" source="#mesh-ae5b7fbf-5ac0-49d2-8b97-60cff680ba38-mesh-vertices" offset="0"/>
          <input semantic="NORMAL" source="#mesh-ae5b7fbf-5ac0-49d2-8b97-60cff680ba38-mesh-normals" offset="1"/>
          <p>0 0 1 0 2 0 3 1 4 1 1 1 0 2 3 2 1 2 3 3 5 3 4 3 6 4 7 5 8 6 9 7 7 5 6 4 10 8 9 7 6 4 11 9 9 7 10 8 12 10 11 9 10 8 13 11 14 12 15 13 16 14 14 12 13 11 17 15 16 14 13 11 18 16 16 14 17 15 19 17 20 17 21 17 22 18 23 18 20 18 19 19 22 19 20 19 22 20 24 20 23 20 22 21 25 22 24 23 26 24 27 25 28 26 29 27 30 28 26 24 30 28 27 25 26 24 31 29 32 30 29 27 32 30 30 28 29 27 33 31 31 29 29 27 34 32 35 32 36 32 37 33 38 33 35 33 34 34 37 34 35 34 37 35 39 35 38 35 40 36 41 37 42 38 43 39 40 36 42 38 44 40 40 36 43 39 45 41 40 36 44 40 46 42 47 42 48 42 49 43 50 43 47 43 46 44 49 44 47 44 51 45 52 45 50 45 49 46 51 46 50 46 53 47 54 47 55 47 56 48 57 49 54 50 53 51 56 51 54 51 58 52 59 53 60 54 61 55 58 52 60 54 57 49 61 55 60 54 56 48 61 55 57 49 58 52 62 56 59 53 63 57 64 57 62 57 65 58 63 58 62 58 58 52 65 59 62 56 66 60 67 60 64 60 63 61 66 61 64 61 68 62 69 62 67 62 69 63 70 63 67 63 66 64 68 64 67 64 69 65 71 65 70 65 72 66 73 67 71 68 69 69 72 66 71 68 72 66 74 70 73 67 74 70 75 71 73 67 74 70 76 72 75 71 76 72 77 73 75 71 76 72 78 74 77 73 78 74 79 75 77 73 80 76 81 76 82 76 83 77 80 78 82 79 84 80 83 80 82 80 80 78 85 81 81 82 86 83 87 83 88 83 89 84 86 84 88 84 85 81 86 85 89 86 90 87 86 85 85 81 80 78 90 87 85 81 91 88 83 88 84 88 92 89 91 89 84 89 93 90 91 90 92 90 94 91 93 92 92 93 95 94 94 91 92 93 96 95 94 91 95 94 97 96 94 91 96 95 98 97 94 91 97 96 99 98 94 91 98 97 100 99 101 100 102 101 103 102 100 102 102 102 104 103 100 103 103 103 105 104 104 104 103 104 106 105 107 105 108 105 109 106 106 106 108 106 110 107 111 107 107 107 110 108 112 108 111 108 113 109 114 110 115 111 116 112 113 109 115 111 117 113 113 109 116 112 118 114 113 109 117 113 119 115 118 114 117 113 120 116 119 115 117 113 121 117 122 118 123 119 124 120 125 121 122 118 121 117 124 120 122 118 124 120 126 122 125 121 127 123 128 124 129 125 130 126 131 127 127 123 131 127 132 128 127 123 132 128 128 124 127 123 132 128 133 129 128 124 134 130 132 128 131 127 132 128 135 131 133 129 136 132 137 133 135 131 132 128 136 132 135 131 138 134 132 128 134 130 139 135 140 136 136 132 141 137 139 135 136 132 132 128 141 137 136 132 142 138 132 128 138 134 143 139 132 128 142 138 144 140 132 128 143 139 145 141 144 140 143 139 146 142 132 128 144 140 147 143 148 144 132 128 149 145 147 143 132 128 146 142 149 145 132 128 150 146 151 147 132 128 152 148 150 146 132 128 148 144 152 148 132 128 150 146 153 149 151 147 154 150 148 150 147 150 155 151 156 152 157 153 158 154 155 151 157 153 159 155 158 154 157 153 160 156 158 154 159 155 161 157 160 156 159 155 162 158 163 159 164 160 165 161 162 158 164 160 166 162 162 158 165 161 167 163 162 158 166 162 168 164 162 158 167 163 162 158 169 165 163 159 162 158 170 166 169 165 170 166 171 167 169 165 171 167 172 168 169 165 172 168 173 169 169 165 173 169 174 170 169 165 174 170 175 171 169 165 175 171 176 172 169 165 176 172 177 173 169 165 177 173 178 174 169 165 178 174 179 175 169 165 179 175 180 176 169 165 179 175 181 177 180 176 182 178 183 179 168 164 183 179 162 158 168 164 179 175 184 180 181 177 185 181 162 158 183 179 186 182 162 158 185 181 187 183 188 184 186 182 188 184 162 158 186 182 179 175 189 185 184 180 190 186 191 186 192 186 193 187 191 188 190 189 194 190 193 187 190 189 195 191 193 187 194 190 196 192 195 191 194 190 197 193 196 192 194 190 198 194 199 195 200 196 201 197 202 198 199 195 198 194 201 197 199 195 201 197 203 199 202 198 204 200 205 200 206 200 207 201 208 201 205 201 204 202 207 202 205 202 207 203 209 203 208 203 210 204 211 204 212 204 213 205 214 205 215 205 216 206 217 207 218 208 219 209 216 206 218 208 216 206 220 210 217 207 221 211 222 212 220 210 216 206 221 211 220 210 223 213 224 214 222 212 221 211 223 213 222 212 225 215 226 216 224 214 227 217 225 215 224 214 223 213 227 217 224 214 228 218 229 219 226 216 225 215 228 218 226 216 230 220 231 221 229 219 228 218 230 220 229 219 232 222 233 223 234 224 235 225 232 222 234 224 236 226 232 222 235 225 237 227 232 222 236 226 238 228 237 227 236 226 239 229 237 229 238 229 240 230 239 231 238 228 241 232 242 233 243 234 244 235 245 236 241 232 245 236 242 233 241 232 246 237 247 238 244 235 247 238 245 236 244 235 248 239 247 238 246 237 249 240 248 239 246 237 250 241 251 241 249 241 251 242 248 239 249 240 252 243 253 244 250 245 253 244 251 242 250 245 254 246 253 244 252 243 255 247 254 246 252 243 256 248 254 246 255 247 257 249 258 250 259 251 260 252 258 250 257 249 261 253 260 252 257 249 262 254 263 255 264 256 265 257 262 254 264 256 266 258 260 252 261 253 267 259 266 258 261 253 268 260 266 258 267 259 269 261 268 260 267 259 263 255 269 261 267 259 262 254 269 261 263 255 270 262 271 262 272 262 273 263 274 263 271 263 275 264 273 264 271 264 270 265 275 265 271 265 273 266 276 266 274 266 273 267 277 267 276 267 278 268 279 269 280 270 281 271 278 268 280 270 282 272 278 268 281 271 283 273 278 268 282 272 284 274 285 275 286 276 287 277 284 274 286 276 284 274 288 278 285 275 289 279 290 280 288 278 284 274 289 279 288 278 289 279 291 281 290 280 289 279 292 282 291 281 293 283 292 282 289 279 293 283 294 284 292 282 295 285 296 286 294 284 293 283 295 285 294 284 295 285 297 287 296 286 298 288 299 288 300 288 301 289 298 290 300 291 302 292 298 290 301 289 303 293 302 292 301 289 304 294 305 295 306 296 307 297 304 294 306 296 308 298 304 294 307 297 309 299 304 294 308 298 310 300 311 300 309 300 311 301 304 294 309 299 312 302 313 303 310 304 313 303 311 301 310 304 314 305 313 303 312 302 315 306 313 303 314 305 316 307 315 306 314 305 317 308 315 306 316 307 318 309 315 306 317 308 319 310 318 309 317 308 320 311 318 309 319 310 321 312 322 313 323 314 324 315 325 316 322 313 321 312 324 315 322 313 324 315 326 317 325 316 327 318 328 318 329 318 328 319 330 320 329 321 331 322 332 322 327 322 332 323 328 323 327 323 333 324 334 325 330 320 335 326 333 324 330 320 328 319 335 326 330 320 336 327 332 327 331 327 337 328 332 328 336 328 338 329 339 329 337 329 339 330 332 330 337 330 340 331 338 331 337 331 341 332 340 332 337 332 342 333 343 333 334 333 333 334 342 334 334 334 342 335 344 335 343 335 345 336 346 336 347 336 348 337 349 337 350 337 351 338 352 338 353 338 354 339 351 339 353 339 355 340 354 340 353 340 356 341 355 341 353 341 357 342 355 342 356 342 358 343 355 343 357 343 359 344 358 344 357 344 360 345 358 345 359 345 361 346 362 347 360 348 362 347 358 349 360 348 363 350 362 347 361 346 364 351 363 350 361 346 351 352 365 352 352 352 366 353 363 350 364 351 367 354 366 353 364 351 368 355 366 353 367 354 369 356 368 355 367 354 370 357 371 357 372 357 373 358 370 358 372 358 374 359 370 359 373 359 375 360 374 360 373 360 376 361 377 362 378 363 376 361 379 364 377 362 379 364 380 365 377 362 379 364 381 366 380 365 382 367 383 368 384 369 385 370 383 368 382 367 386 371 385 370 382 367 387 372 385 370 386 371 388 373 385 370 387 372 389 374 388 373 387 372 390 375 391 375 392 375 393 376 390 376 392 376 394 377 390 377 393 377 395 378 396 379 393 380 397 381 396 379 395 378 398 382 396 379 397 381 399 383 400 384 398 382 400 384 396 379 398 382 401 385 400 384 399 383 402 386 401 385 399 383 403 387 401 385 402 386 404 388 403 387 402 386 405 389 403 387 406 390 407 391 405 389 406 390 408 392 409 393 410 394 411 395 408 392 410 394 412 396 408 396 411 396 413 397 412 397 411 397 414 398 415 399 416 400 417 401 418 402 415 399 414 398 417 401 415 399 419 403 420 404 418 402 417 401 419 403 418 402 421 405 422 406 423 407 424 408 421 405 423 407 425 409 421 405 424 408 426 410 427 411 425 409 427 411 421 405 425 409 428 412 426 410 425 409 429 413 430 413 431 413 432 414 429 414 431 414 433 415 429 416 432 417 434 418 433 415 432 417 435 419 433 419 434 419 436 420 437 420 438 420 439 421 436 421 438 421 440 422 441 422 437 422 436 423 440 423 437 423 442 424 443 425 441 426 440 427 442 424 441 426 442 424 444 428 443 425 445 429 446 430 444 428 442 424 445 429 444 428 447 431 448 431 446 431 447 432 449 433 448 434 449 433 450 435 448 434 449 433 451 436 450 435 449 433 452 437 451 436 453 438 454 439 455 440 456 441 453 438 455 440 457 442 453 438 456 441 458 443 457 442 456 441 459 444 460 445 454 439 453 438 459 444 454 439 457 442 459 444 453 438 461 446 462 446 457 446 463 447 459 444 457 442 464 448 463 448 457 448 462 449 464 449 457 449 465 450 466 450 467 450 468 451 464 451 467 451 469 452 468 452 467 452 466 453 469 453 467 453 470 454 471 454 472 454 471 455 473 455 472 455 473 456 474 456 472 456 474 457 475 457 472 457 476 458 469 458 472 458 475 459 476 459 472 459 476 460 477 460 469 460 478 461 471 461 470 461 479 462 471 462 478 462 475 463 480 463 476 463 481 464 471 464 479 464 482 465 471 465 481 465 483 466 473 466 471 466 484 467 485 467 486 467 484 468 487 468 485 468 487 469 488 469 485 469 487 470 489 470 488 470 487 471 490 471 489 471 491 472 492 473 493 474 491 472 494 475 492 473 494 475 495 476 492 473 496 477 497 478 491 472 497 478 494 475 491 472 494 475 498 479 495 476 494 475 499 480 498 479 499 480 500 481 498 479 501 482 494 475 497 478 502 483 499 480 494 475 503 484 502 483 494 475 501 482 503 484 494 475 504 485 505 486 503 484 505 486 502 483 503 484 506 487 507 488 502 483 508 489 506 487 502 483 509 490 510 490 507 490 511 491 509 491 507 491 506 492 511 492 507 492 510 493 512 493 507 493 512 494 513 494 507 494 513 495 514 495 507 495 514 496 515 496 507 496 515 497 516 497 507 497 516 498 517 498 507 498 518 499 506 499 508 499 519 500 510 500 509 500 510 501 520 501 512 501 521 502 522 502 523 502 524 503 525 503 523 503 526 504 525 504 524 504 527 505 525 505 526 505 528 506 527 506 526 506 529 507 527 507 528 507 530 508 531 509 532 510 531 509 533 511 532 510 534 512 531 509 530 508 535 513 531 509 534 512 536 514 537 515 534 512 537 515 538 516 534 512 538 516 535 513 534 512 539 517 537 515 536 514 540 518 539 517 536 514 541 519 540 518 536 514 542 520 540 518 541 519 543 521 542 520 541 519 531 509 544 522 533 511 545 523 546 524 547 525 546 524 548 526 547 525 549 527 546 524 545 523 531 509 549 527 545 523 550 528 549 527 531 509 535 513 550 528 531 509 551 529 542 520 543 521 552 530 542 520 551 529 553 531 552 530 551 529 546 524 554 532 548 526 549 527 555 533 546 524 555 533 556 534 546 524 556 534 554 532 546 524 557 535 558 536 552 530 559 537 560 538 552 530 558 536 559 537 552 530 561 539 562 540 552 530 563 541 561 539 552 530 553 531 563 541 552 530 564 542 557 535 552 530 565 543 564 542 552 530 562 540 565 543 552 530 560 538 542 520 552 530 560 538 566 544 542 520 566 544 567 545 542 520 567 545 540 518 542 520 568 546 539 517 540 518 567 545 569 547 540 518 569 547 568 546 540 518 539 517 570 548 537 515 571 549 572 550 549 527 572 550 573 551 549 527 573 551 555 533 549 527 550 528 571 549 549 527 568 546 570 548 539 517 573 551 556 534 555 533 572 550 574 552 573 551 574 552 556 534 573 551 575 553 576 554 574 552 577 555 575 553 574 552 572 550 577 555 574 552 578 556 579 557 576 554 580 558 578 556 576 554 578 556 581 559 579 557 582 560 562 540 561 539 583 561 584 562 585 563 586 564 583 561 585 563 583 561 587 565 584 562 583 561 588 566 587 565 588 566 589 567 587 565 590 568 583 561 586 564 591 569 583 561 590 568 581 559 592 570 591 569 592 570 583 561 591 569 593 571 594 572 581 559 595 573 596 574 581 559 594 572 595 573 581 559 596 574 597 575 581 559 597 575 592 570 581 559 578 556 598 576 581 559 598 576 599 577 581 559 599 577 593 571 581 559 588 566 600 578 589 567 600 578 601 579 589 567 602 580 565 543 562 540 603 581 575 553 577 555 588 566 604 582 600 578 605 583 606 584 604 582 588 566 605 583 604 582 558 536 607 585 559 537 608 586 557 586 564 586 609 587 610 588 583 561 610 588 611 589 583 561 611 589 612 590 583 561 613 591 588 566 583 561 614 592 613 591 583 561 612 590 614 592 583 561 592 570 615 593 583 561 615 593 609 587 583 561 616 594 605 583 588 566 617 595 616 594 588 566 613 591 617 595 588 566 616 594 618 596 605 583 614 592 619 597 613 591 596 574 620 598 597 575 621 599 595 573 594 572 622 600 623 601 624 602 625 603 622 600 624 602 626 604 625 603 624 602 627 605 625 603 626 604 628 606 627 605 626 604 629 607 630 608 623 601 622 600 629 607 623 601 631 609 627 605 628 606 632 610 633 611 630 608 634 612 635 613 633 611 632 610 634 612 633 611 636 614 637 615 638 616 639 617 636 614 638 616 640 618 627 605 631 609 636 614 641 619 637 615 642 620 627 605 641 619 636 614 642 620 641 619 643 621 636 614 639 617 634 612 644 622 635 613 644 622 645 623 635 613 646 624 647 625 645 623 644 622 646 624 645 623 648 626 642 620 636 614 643 621 648 626 636 614 649 627 648 626 643 621 650 628 627 605 642 620 651 629 650 628 642 620 652 630 651 629 642 620 653 631 652 630 642 620 648 626 653 631 642 620 654 632 644 622 634 612 655 633 654 632 634 612 632 610 656 634 634 612 656 634 655 633 634 612 654 632 646 624 644 622 657 635 658 636 646 624 659 637 647 625 646 624 658 636 660 638 646 624 660 638 661 639 646 624 661 639 662 640 646 624 662 640 663 641 646 624 663 641 664 642 646 624 664 642 659 637 646 624 665 643 666 644 646 624 654 632 665 643 646 624 666 644 667 645 646 624 667 645 668 646 646 624 668 646 657 635 646 624 650 628 669 647 627 605 670 648 653 631 648 626 649 627 670 648 648 626 671 649 652 630 653 631 670 648 671 649 653 631 672 650 671 649 670 648 673 651 674 652 672 650 675 653 673 651 672 650 674 652 676 654 672 650 676 654 671 649 672 650 677 655 678 656 675 653 678 656 679 657 675 653 680 658 673 651 675 653 679 657 680 658 675 653 681 659 682 660 683 661 682 660 684 662 683 661 685 663 686 664 681 659 686 664 682 660 681 659 687 665 688 666 681 659 688 666 689 667 681 659 689 668 685 668 681 668 690 669 691 670 687 665 691 670 688 666 687 665 692 671 693 672 690 669 694 673 692 671 690 669 693 672 695 674 690 669 695 674 696 675 690 669 696 675 697 676 690 669 697 676 698 677 690 669 698 677 691 670 690 669 699 678 692 671 694 673 700 679 701 680 677 655 701 680 678 656 677 655 682 660 702 681 700 679 702 681 701 680 700 679 703 682 692 671 699 678 704 683 692 671 703 682 662 640 705 684 663 641 706 685 667 645 666 644 707 686 692 671 704 683 708 687 692 671 707 686 680 658 709 688 673 651 710 689 693 672 692 671 711 690 710 689 692 671 708 687 711 690 692 671 712 691 693 672 710 689 698 677 713 692 691 670 714 693 698 677 697 676 715 694 682 660 686 664 716 695 717 696 718 697 719 698 720 699 717 696 716 695 719 698 717 696 719 698 721 700 720 699 722 701 723 702 724 703 725 704 722 701 724 703 726 705 722 701 725 704 727 706 726 705 725 704 728 707 729 707 730 707 731 708 732 708 729 708 728 709 731 709 729 709 731 710 733 710 732 710 734 711 735 712 736 713 737 714 738 715 735 712 734 711 737 714 735 712 737 714 739 716 738 715 740 717 741 718 742 719 743 720 740 717 742 719 744 721 740 717 743 720 745 722 744 721 743 720 746 723 747 723 748 723 746 724 749 724 747 724 749 725 750 725 747 725 749 726 751 726 750 726 749 727 752 727 751 727 753 728 754 729 755 730 756 731 757 732 754 729 753 728 756 731 754 729 756 731 758 733 757 732 759 734 760 734 761 734 762 735 760 735 759 735 763 736 762 736 759 736 764 737 762 737 763 737 765 738 766 739 764 740 766 739 762 741 764 740 767 742 766 739 768 743 769 744 767 742 768 743 770 745 767 742 769 744 771 746 770 745 769 744 772 747 770 745 771 746 773 748 770 745 772 747 774 749 773 748 772 747 775 750 773 748 774 749 776 751 775 751 774 751 777 752 778 753 779 754 780 755 777 752 779 754 781 756 777 752 780 755 782 757 781 756 780 755 783 758 784 758 785 758 783 759 786 759 784 759 783 760 787 760 786 760 787 761 788 761 786 761 788 762 789 762 786 762 788 763 790 763 789 763 790 764 791 764 789 764 790 765 792 765 791 765 792 766 793 766 791 766 792 767 794 768 793 769 794 768 795 770 793 769 794 768 796 771 795 770 797 772 798 773 796 771 794 768 797 772 796 771 797 774 799 774 798 774 799 775 800 775 798 775 801 776 802 776 803 776 804 777 801 777 803 777 805 778 801 778 804 778 806 779 805 779 804 779 807 780 805 780 808 780 809 781 807 781 808 781 810 782 807 782 811 782 812 783 810 783 811 783 813 784 810 784 812 784 814 785 810 786 813 787 815 788 814 785 813 787 816 789 814 785 815 788 817 790 814 785 816 789 818 791 814 785 817 790 819 792 820 792 821 792 822 793 823 793 820 793 819 794 822 794 820 794 822 795 824 795 823 795 825 796 826 797 827 798 828 799 829 800 826 797 825 796 828 799 826 797 830 801 831 802 829 800 828 799 830 801 829 800 832 803 833 804 831 802 830 801 832 803 831 802 834 805 835 806 833 804 832 803 834 805 833 804 834 805 836 807 835 806 837 808 838 808 839 808 840 809 838 809 837 809 841 810 842 810 840 810 842 811 838 811 840 811 843 812 844 812 841 812 844 813 842 813 841 813 845 814 846 814 843 814 846 815 844 815 843 815 847 816 848 816 849 816 848 817 850 818 845 819 850 820 846 820 845 820 851 821 848 821 847 821 852 822 853 823 851 824 853 823 848 817 851 824 854 825 853 823 852 822 855 826 854 825 852 822 856 827 854 825 855 826 857 828 856 827 855 826 858 829 859 829 860 829 858 830 861 830 859 830 861 831 862 831 859 831 863 832 864 832 862 832 865 833 863 833 862 833 861 834 865 834 862 834 863 835 866 835 864 835 866 836 867 836 864 836 866 837 868 837 867 837 869 838 870 838 868 838 866 839 869 839 868 839 869 840 871 840 870 840 871 841 872 841 870 841 871 842 873 843 872 844 873 843 874 845 872 844 873 843 875 846 874 845 876 847 877 848 875 846 873 843 876 847 875 846 878 849 879 850 877 848 876 847 878 849 877 848 880 851 881 852 879 850 878 849 880 851 879 850 882 853 883 854 884 855 885 856 882 853 884 855 886 857 882 853 885 856 887 858 886 857 885 856 888 859 889 859 890 859 891 860 892 860 889 860 888 861 891 861 889 861 891 862 893 862 892 862 894 863 895 864 896 865 897 866 894 863 896 865 898 867 894 863 897 866 899 868 898 867 897 866 900 869 901 870 902 871 903 872 904 873 901 870 900 869 903 872 901 870 903 872 905 874 904 873 906 875 907 876 908 877 909 878 906 875 908 877 910 879 906 875 909 878 911 880 910 879 909 878 912 881 913 882 914 883 915 884 912 884 914 884 916 885 912 885 915 885 917 886 918 887 916 888 918 887 912 881 916 888 919 889 918 887 917 886 920 890 919 889 917 886 921 891 919 889 920 890 922 892 921 891 920 890 923 893 921 891 922 892 924 894 923 893 922 892 925 895 923 893 924 894 926 896 925 895 924 894 927 897 928 898 929 899 930 900 927 897 929 899 931 901 927 897 930 900 932 902 931 901 930 900 933 903 934 904 935 905 936 906 937 907 934 904 933 903 936 906 934 904 938 908 939 909 937 907 936 906 938 908 937 907 940 910 941 911 939 909 938 908 940 910 939 909 942 912 943 913 941 911 940 910 942 912 941 911 944 914 945 915 946 916 947 917 948 918 945 915 944 914 947 917 945 915 947 917 949 919 948 918 950 920 951 920 952 920 953 921 954 922 955 923 956 924 953 921 955 923 957 925 953 921 956 924 958 926 957 925 956 924 959 927 960 928 961 929 962 930 963 931 960 928 959 927 962 930 960 928 962 930 964 932 963 931 965 933 966 934 967 935 968 936 966 934 965 933 969 937 970 937 971 937 969 938 972 938 970 938 972 939 973 939 970 939 973 940 974 940 970 940 975 941 973 941 972 941 973 942 976 942 974 942 976 943 977 943 974 943 976 944 978 944 977 944 979 945 980 945 978 945 981 946 979 946 978 946 976 947 981 947 978 947 979 948 982 948 980 948 983 949 984 949 985 949 986 950 987 951 983 952 987 951 984 953 983 952 986 954 988 954 987 954 989 955 990 955 991 955 992 956 990 956 993 956 994 957 992 957 993 957 995 958 994 958 993 958 996 959 995 959 993 959 997 960 995 960 996 960 998 961 995 961 997 961 999 962 998 962 997 962 994 963 1000 963 992 963 1001 964 998 964 1002 964 1003 965 1001 965 1002 965 1004 966 1001 966 1003 966 1005 967 1006 968 1007 969 1005 967 1008 970 1006 968 1008 970 1009 971 1006 968 1009 971 1010 972 1006 968 1011 973 1008 970 1005 967 1012 974 1008 970 1011 973 1013 975 1014 975 1015 975 1013 976 1016 977 1014 978 1017 979 1018 980 1016 977 1013 976 1017 979 1016 977 1019 981 1020 982 1018 980 1020 982 1021 983 1018 980 1017 979 1019 981 1018 980 1022 984 1023 984 1024 984 1025 985 1026 985 1022 985 1026 986 1023 986 1022 986 1027 987 1028 987 1025 987 1028 988 1026 988 1025 988 1029 989 1030 989 1027 989 1030 990 1028 990 1027 990 1031 991 1030 991 1029 991 1032 992 1033 993 1031 994 1033 995 1030 995 1031 995 1034 996 1035 997 1032 992 1036 998 1037 998 1034 998 1037 999 1035 999 1034 999 1038 1000 1039 1000 1036 1000 1039 1001 1037 1001 1036 1001 1040 1002 1039 1002 1038 1002 1041 1003 1039 1003 1040 1003 1042 1004 1043 1004 1041 1004 1043 1005 1039 1005 1041 1005 1044 1006 1045 1007 1042 1008 1045 1007 1043 1009 1042 1008 1046 1010 1045 1007 1044 1006 1047 1011 1046 1010 1044 1006 1048 1012 1046 1010 1047 1011 1049 1013 1048 1012 1047 1011 1050 1014 1048 1012 1049 1013 1051 1015 1052 1015 1053 1015 1051 1016 1054 1016 1052 1016 1055 1017 1056 1018 1054 1019 1051 1020 1055 1020 1054 1020 1057 1021 1058 1022 1056 1018 1055 1017 1057 1021 1056 1018 1059 1023 1060 1024 1058 1022 1057 1021 1059 1023 1058 1022 1059 1023 1061 1025 1060 1024 1062 1026 1063 1026 1061 1026 1059 1023 1062 1027 1061 1025 1062 1028 1064 1028 1063 1028 1065 1029 1066 1029 1064 1029 1062 1030 1065 1030 1064 1030 1067 1031 1068 1031 1066 1031 1067 1032 1069 1032 1068 1032 1070 1033 1071 1034 1069 1035 1067 1036 1070 1036 1069 1036 1072 1037 1073 1038 1071 1034 1070 1033 1072 1037 1071 1034 1074 1039 1075 1040 1073 1038 1076 1041 1077 1042 1075 1040 1074 1039 1076 1041 1075 1040 1078 1043 1079 1044 1077 1042 1076 1041 1078 1043 1077 1042 1080 1045 1081 1046 1079 1044 1078 1043 1080 1045 1079 1044 1080 1045 1082 1047 1081 1046 1080 1045 1083 1048 1082 1047 1083 1048 1084 1049 1082 1047 1085 1050 1086 1050 1087 1050 1088 1051 1089 1051 1085 1051 1089 1052 1086 1052 1085 1052 1090 1053 1091 1053 1088 1053 1091 1054 1089 1054 1088 1054 1092 1055 1091 1055 1090 1055 1093 1056 1094 1057 1092 1058 1094 1057 1091 1059 1092 1058 1095 1060 1094 1057 1093 1056 1096 1061 1094 1057 1095 1060 1097 1062 1094 1057 1096 1061 1098 1063 1099 1064 1100 1065 1101 1066 1102 1067 1100 1065 1102 1067 1103 1068 1100 1065 1104 1069 1105 1070 1100 1065 1106 1071 1107 1072 1100 1065 1108 1073 1109 1074 1100 1065 1109 1074 1110 1075 1100 1065 1107 1072 1108 1073 1100 1065 1110 1075 1098 1063 1100 1065 1111 1076 1112 1077 1100 1065 1113 1078 1111 1076 1100 1065 1114 1079 1113 1078 1100 1065 1112 1077 1106 1071 1100 1065 1105 1070 1114 1079 1100 1065 1103 1068 1104 1069 1100 1065 1115 1080 1101 1066 1100 1065 1099 1064 1116 1081 1100 1065 1117 1082 1118 1083 1100 1065 1119 1084 1120 1085 1100 1065 1120 1085 1121 1086 1100 1065 1122 1087 1123 1088 1100 1065 1123 1088 1124 1089 1100 1065 1125 1090 1122 1087 1100 1065 1126 1091 1127 1092 1100 1065 1128 1093 1129 1094 1100 1065 1116 1081 1117 1082 1100 1065 1129 1094 1130 1095 1100 1065 1127 1092 1128 1093 1100 1065 1124 1089 1126 1091 1100 1065 1121 1086 1125 1090 1100 1065 1118 1083 1119 1084 1100 1065 1131 1096 1115 1080 1100 1065 1132 1097 1131 1096 1100 1065 1133 1098 1134 1099 1100 1065 1134 1099 1135 1100 1100 1065 1135 1100 1132 1097 1100 1065 1130 1095 1136 1101 1100 1065 1137 1102 1133 1098 1100 1065 1138 1103 1137 1102 1100 1065 1136 1101 1138 1103 1100 1065 1139 1104 1140 1105 1115 1080 1140 1105 1101 1066 1115 1080 1141 1106 1139 1104 1115 1080 1131 1096 1141 1106 1115 1080 1142 1107 1143 1108 1130 1095 1143 1108 1136 1101 1130 1095 1144 1109 1142 1107 1130 1095 1129 1094 1145 1110 1130 1095 1145 1110 1146 1111 1130 1095 1146 1111 1144 1109 1130 1095 1140 1105 1147 1112 1101 1066 1148 1113 1140 1105 1139 1104 1149 1114 1150 1115 1139 1104 1148 1113 1151 1116 1140 1105 1151 1116 1147 1112 1140 1105 1149 1114 1152 1117 1150 1115 1152 1117 1153 1118 1150 1115 1153 1118 1154 1119 1150 1115 1144 1109 1155 1120 1142 1107 1156 1121 1157 1122 1142 1107 1157 1122 1143 1108 1142 1107 1146 1111 1158 1123 1144 1109 1158 1124 1155 1124 1144 1124 1118 1083 1159 1125 1119 1084 1116 1081 1160 1126 1117 1082 1160 1126 1161 1127 1117 1082 1161 1127 1162 1128 1117 1082 1163 1129 1164 1130 1117 1082 1164 1130 1118 1083 1117 1082 1164 1130 1165 1131 1118 1083 1165 1131 1159 1125 1118 1083 1166 1132 1133 1098 1137 1102 1099 1064 1160 1126 1116 1081 1167 1133 1154 1119 1153 1118 1168 1134 1169 1135 1156 1121 1169 1135 1170 1136 1156 1121 1170 1136 1157 1122 1156 1121 1171 1137 1098 1063 1110 1075 1133 1098 1172 1138 1134 1099 1173 1139 1133 1098 1166 1132 1174 1140 1133 1098 1173 1139 1175 1141 1098 1063 1171 1137 1099 1064 1161 1127 1160 1126 1133 1098 1176 1142 1172 1138 1177 1143 1154 1119 1167 1133 1178 1144 1133 1098 1174 1140 1175 1141 1179 1145 1098 1063 1179 1145 1099 1064 1098 1063 1179 1145 1180 1146 1099 1064 1180 1146 1161 1127 1099 1064 1133 1098 1181 1147 1176 1142 1180 1146 1182 1148 1161 1127 1182 1148 1162 1128 1161 1127 1183 1149 1154 1119 1177 1143 1184 1150 1183 1149 1177 1143 1185 1151 1133 1098 1178 1144 1168 1134 1186 1152 1169 1135 1133 1098 1187 1153 1181 1147 1133 1098 1188 1154 1187 1153 1189 1155 1133 1098 1185 1151 1190 1156 1189 1155 1185 1151 1168 1134 1191 1157 1186 1152 1192 1158 1193 1159 1194 1160 1193 1159 1195 1161 1194 1160 1195 1161 1196 1162 1194 1160 1197 1163 1183 1149 1184 1150 1195 1161 1198 1164 1196 1162 1199 1165 1183 1149 1197 1163 1200 1166 1189 1155 1190 1156 1201 1167 1202 1168 1203 1169 1202 1168 1204 1170 1203 1169 1204 1170 1205 1171 1203 1169 1206 1172 1207 1173 1198 1164 1195 1161 1206 1172 1198 1164 1199 1165 1208 1174 1183 1149 1208 1174 1209 1175 1183 1149 1209 1175 1210 1176 1183 1149 1168 1134 1211 1177 1191 1157 1212 1178 1211 1177 1168 1134 1213 1179 1212 1178 1168 1134 1189 1155 1214 1180 1188 1154 1133 1098 1189 1155 1188 1154 1215 1181 1212 1178 1213 1179 1216 1182 1189 1155 1200 1166 1189 1155 1217 1183 1214 1180 1206 1172 1218 1184 1207 1173 1218 1184 1219 1185 1207 1173 1219 1185 1220 1186 1207 1173 1220 1186 1221 1187 1207 1173 1222 1188 1202 1168 1201 1167 1223 1189 1224 1190 1225 1191 1224 1190 1226 1192 1201 1167 1226 1192 1222 1188 1201 1167 1227 1193 1228 1194 1205 1171 1204 1170 1229 1195 1205 1171 1229 1195 1227 1193 1205 1171 1230 1196 1209 1175 1208 1174 1231 1197 1232 1198 1233 1199 1232 1198 1234 1200 1192 1158 1234 1201 1235 1201 1192 1201 1235 1202 1193 1159 1192 1158 1236 1203 1231 1197 1233 1199 1215 1181 1237 1204 1212 1178 1238 1205 1209 1175 1230 1196 1238 1205 1239 1206 1209 1175 1239 1206 1210 1176 1209 1175 1240 1207 1189 1155 1216 1182 1241 1208 1231 1197 1236 1203 1215 1181 1242 1209 1237 1204 1242 1210 1243 1210 1237 1210 1189 1155 1244 1211 1217 1183 1245 1212 1246 1213 1238 1205 1246 1213 1239 1206 1238 1205 1247 1214 1248 1215 1245 1212 1248 1215 1246 1213 1245 1212 1249 1216 1250 1217 1247 1214 1250 1217 1251 1218 1247 1214 1251 1218 1248 1215 1247 1214 1242 1219 1252 1219 1243 1219 1252 1220 1253 1221 1243 1222 1254 1223 1189 1155 1240 1207 1255 1224 1254 1223 1240 1207 1189 1155 1256 1225 1244 1211 1257 1226 1250 1217 1249 1216 1252 1220 1258 1227 1253 1221 1258 1227 1259 1228 1253 1221 1260 1229 1261 1230 1223 1189 1261 1230 1262 1231 1223 1189 1262 1231 1224 1190 1223 1189 1263 1232 1264 1233 1256 1225 1189 1155 1265 1234 1256 1225 1266 1235 1254 1223 1255 1224 1239 1206 1267 1236 1210 1176 1268 1237 1250 1217 1257 1226 1269 1238 1270 1239 1264 1233 1263 1232 1269 1238 1264 1233 1271 1240 1254 1223 1266 1235 1272 1241 1271 1240 1266 1235 1273 1242 1250 1217 1268 1237 1258 1227 1274 1243 1259 1228 1274 1243 1275 1244 1259 1228 1274 1243 1276 1245 1275 1244 1276 1245 1277 1246 1275 1244 1250 1217 1273 1242 1270 1239 1269 1238 1250 1217 1270 1239 1271 1240 1278 1247 1279 1248 1276 1245 1280 1249 1279 1248 1280 1249 1271 1240 1279 1248 1281 1250 1180 1146 1179 1145 1282 1251 1283 1252 1241 1208 1283 1252 1231 1197 1241 1208 1220 1186 1284 1253 1221 1187 1284 1253 1285 1254 1221 1187 1286 1255 1287 1256 1221 1187 1288 1257 1286 1255 1221 1187 1285 1254 1288 1257 1221 1187 1289 1258 1271 1240 1272 1241 1290 1259 1271 1240 1289 1258 1271 1240 1290 1259 1278 1247 1227 1193 1291 1260 1228 1194 1291 1260 1292 1261 1228 1194 1292 1261 1293 1262 1228 1194 1293 1262 1294 1263 1228 1194 1294 1263 1295 1264 1228 1194 1295 1264 1296 1265 1228 1194 1297 1266 1298 1267 1260 1229 1298 1267 1261 1230 1260 1229 1299 1268 1300 1269 1282 1251 1300 1269 1283 1252 1282 1251 1301 1270 1298 1267 1297 1266 1302 1271 1303 1272 1299 1268 1303 1272 1300 1269 1299 1268 1304 1273 1305 1274 1287 1256 1286 1255 1304 1273 1287 1256 1295 1264 1306 1275 1296 1265 1306 1275 1307 1276 1296 1265 1248 1215 1308 1277 1246 1213 1283 1252 1309 1278 1231 1197 1310 1279 1180 1146 1281 1250 1311 1280 1288 1257 1285 1254 1162 1128 1312 1281 1313 1282 1314 1283 1303 1272 1302 1271 1254 1223 1315 1284 1189 1155 1315 1284 1316 1285 1189 1155 1317 1286 1265 1234 1189 1155 1318 1287 1319 1288 1189 1155 1319 1288 1320 1289 1189 1155 1320 1289 1317 1286 1189 1155 1316 1285 1321 1290 1189 1155 1321 1290 1318 1287 1189 1155 1283 1252 1322 1291 1309 1278 1303 1272 1323 1292 1300 1269 1323 1292 1324 1293 1300 1269 1324 1293 1325 1294 1300 1269 1325 1294 1283 1252 1300 1269 1326 1295 1327 1296 1283 1252 1327 1296 1322 1291 1283 1252 1325 1294 1328 1297 1283 1252 1328 1297 1326 1295 1283 1252 1329 1298 1286 1255 1288 1257 1311 1280 1329 1298 1288 1257 1329 1298 1330 1299 1286 1255 1330 1299 1331 1300 1286 1255 1331 1300 1332 1301 1286 1255 1332 1301 1304 1273 1286 1255 1162 1128 1333 1302 1312 1281 1334 1303 1305 1274 1304 1273 1332 1301 1335 1304 1304 1273 1335 1304 1334 1303 1304 1273 1314 1283 1323 1292 1303 1272 1336 1305 1298 1267 1301 1270 1337 1306 1336 1305 1301 1270 1338 1307 1180 1146 1310 1279 1339 1308 1182 1148 1180 1146 1338 1307 1340 1309 1180 1146 1340 1309 1341 1310 1180 1146 1341 1310 1342 1311 1180 1146 1342 1311 1339 1308 1180 1146 1306 1275 1343 1312 1307 1276 1344 1313 1345 1314 1318 1287 1345 1314 1346 1315 1318 1287 1346 1315 1347 1316 1318 1287 1347 1316 1348 1317 1318 1287 1348 1317 1319 1288 1318 1287 1321 1290 1349 1318 1318 1287 1349 1318 1350 1319 1318 1287 1350 1319 1351 1320 1318 1287 1351 1320 1352 1321 1318 1287 1352 1321 1344 1313 1318 1287 1353 1322 1294 1263 1293 1262 1354 1323 1323 1292 1314 1283 1355 1324 1294 1263 1353 1322 1356 1325 1340 1309 1338 1307 1339 1308 1162 1128 1182 1148 1357 1326 1358 1327 1354 1323 1358 1327 1323 1292 1354 1323 1339 1308 1342 1311 1162 1128 1342 1311 1359 1328 1162 1128 1359 1328 1360 1329 1162 1128 1360 1329 1333 1302 1162 1128 1337 1306 1361 1330 1336 1305 1361 1330 1298 1267 1336 1305 1306 1275 1362 1331 1343 1312 1363 1332 1364 1333 1298 1267 1364 1333 1365 1334 1298 1267 1365 1334 1261 1230 1298 1267 1361 1330 1366 1335 1298 1267 1366 1335 1363 1332 1298 1267 1367 1336 1361 1330 1337 1306 1295 1264 1368 1337 1306 1275 1368 1337 1362 1331 1306 1275 1365 1334 1262 1231 1261 1230 1355 1324 1369 1338 1294 1263 1369 1338 1370 1339 1294 1263 1370 1339 1371 1340 1294 1263 1371 1340 1295 1264 1294 1263 1372 1341 1368 1337 1295 1264 1371 1340 1373 1342 1295 1264 1373 1342 1372 1341 1295 1264 1372 1341 1374 1343 1368 1337 1374 1343 1362 1331 1368 1337 1358 1327 1324 1293 1323 1292 1325 1294 1375 1344 1328 1297 1332 1301 1376 1345 1335 1304 1377 1346 1358 1327 1357 1326 1359 1328 1378 1347 1360 1329 1379 1348 1380 1349 1367 1336 1380 1349 1361 1330 1367 1336 1381 1350 1340 1309 1356 1325 1359 1328 1382 1351 1378 1347 1383 1352 1371 1340 1370 1339 1384 1353 1340 1309 1381 1350 1385 1354 1384 1353 1381 1350 1386 1355 1358 1327 1377 1346 1372 1341 1387 1356 1374 1343 1332 1301 1388 1357 1376 1345 1388 1357 1389 1358 1376 1345 1390 1359 1384 1353 1385 1354 1341 1310 1359 1328 1342 1311 1388 1357 1391 1360 1389 1358 1392 1361 1384 1353 1390 1359 1325 1294 1393 1362 1375 1344 1393 1362 1394 1363 1375 1344 1372 1341 1395 1364 1387 1356 1359 1328 1396 1365 1382 1351 1397 1366 1358 1327 1386 1355 1359 1328 1398 1367 1396 1365 1372 1341 1399 1368 1395 1364 1400 1369 1371 1340 1383 1352 1401 1370 1358 1327 1397 1366 1402 1371 1401 1370 1397 1366 1403 1372 1384 1353 1392 1361 1404 1373 1380 1349 1379 1348 1388 1357 1405 1374 1391 1360 1406 1375 1401 1370 1402 1371 1407 1376 1406 1375 1402 1371 1408 1377 1384 1353 1403 1372 1409 1378 1408 1377 1403 1372 1410 1379 1380 1349 1404 1373 1388 1357 1411 1380 1405 1374 1412 1381 1344 1313 1352 1321 1413 1382 1380 1349 1410 1379 1388 1357 1408 1377 1411 1380 1408 1377 1409 1378 1411 1380 1393 1362 1414 1383 1394 1363 1372 1341 1415 1384 1399 1368 1359 1328 1416 1385 1398 1367 1416 1385 1417 1386 1398 1367 1416 1385 1418 1387 1417 1386 1416 1385 1419 1388 1418 1387 1420 1389 1371 1340 1400 1369 1344 1313 1421 1390 1345 1314 1380 1349 1413 1382 1419 1388 1416 1385 1380 1349 1419 1388 1372 1341 1422 1391 1415 1384 1423 1392 1371 1340 1420 1389 1424 1393 1423 1392 1420 1389 1425 1394 1426 1395 1422 1391 1372 1341 1425 1394 1422 1391 1427 1396 1344 1313 1412 1381 1428 1397 1344 1313 1427 1396 1344 1313 1429 1398 1421 1390 1430 1399 1406 1375 1407 1376 1344 1313 1431 1400 1429 1398 1432 1401 1344 1313 1428 1397 1344 1313 1433 1402 1431 1400 1434 1403 1423 1392 1424 1393 1425 1394 1435 1404 1426 1395 1436 1405 1406 1375 1430 1399 1437 1406 1436 1405 1430 1399 1438 1407 1344 1313 1432 1401 1344 1313 1439 1408 1433 1402 1344 1313 1440 1409 1439 1408 1441 1410 1442 1411 1443 1412 1444 1413 1441 1410 1443 1412 1445 1414 1444 1413 1443 1412 1344 1313 1446 1415 1440 1409 1447 1416 1444 1413 1445 1414 1448 1417 1344 1313 1438 1407 1444 1413 1449 1418 1446 1415 1344 1313 1444 1413 1446 1415 1450 1419 1451 1420 1414 1383 1393 1362 1450 1419 1414 1383 1444 1413 1447 1416 1449 1418 1452 1421 1331 1300 1330 1299 1441 1410 1453 1422 1442 1411 1454 1423 1344 1313 1448 1417 1455 1424 1454 1423 1448 1417 1456 1425 1454 1423 1455 1424 1454 1423 1456 1425 1457 1426 1458 1427 1454 1423 1457 1426 1459 1428 1454 1423 1458 1427 1460 1429 1459 1428 1458 1427 1461 1430 1459 1428 1460 1429 1462 1431 1436 1405 1437 1406 1441 1410 1463 1432 1453 1422 1464 1433 1459 1428 1461 1430 1441 1410 1465 1434 1463 1432 1466 1435 1459 1428 1464 1433 1467 1436 1436 1405 1462 1431 1468 1437 1459 1428 1466 1435 1469 1438 1468 1437 1466 1435 1441 1410 1470 1439 1465 1434 1436 1405 1471 1440 1465 1434 1470 1439 1436 1405 1465 1434 1436 1405 1472 1441 1471 1440 1472 1441 1436 1405 1467 1436 1425 1394 1473 1442 1435 1404 1473 1442 1474 1443 1435 1404 1475 1444 1473 1442 1469 1438 1473 1442 1468 1437 1469 1438 1366 1335 1476 1445 1363 1332 1477 1446 1473 1442 1475 1444 1478 1447 1473 1442 1477 1446 1474 1443 1473 1442 1478 1447 1366 1335 1479 1448 1476 1445 1480 1449 1331 1300 1452 1421 1481 1450 1331 1300 1480 1449 1358 1327 1401 1370 1324 1293 1482 1451 1325 1294 1324 1293 1483 1452 1482 1451 1324 1293 1401 1370 1483 1452 1324 1293 1484 1453 1393 1362 1325 1294 1482 1451 1484 1453 1325 1294 1485 1454 1450 1419 1393 1362 1484 1453 1485 1454 1393 1362 1486 1455 1451 1420 1450 1419 1485 1454 1486 1455 1450 1419 1487 1456 1331 1300 1481 1450 1488 1457 1487 1456 1481 1450 1489 1458 1332 1301 1331 1300 1487 1456 1489 1458 1331 1300 1490 1459 1388 1357 1332 1301 1489 1458 1490 1459 1332 1301 1366 1335 1491 1460 1479 1448 1492 1461 1408 1377 1388 1357 1490 1459 1492 1461 1388 1357 1493 1462 1384 1353 1408 1377 1492 1461 1493 1462 1408 1377 1494 1463 1423 1392 1434 1403 1495 1464 1494 1463 1434 1403 1496 1465 1340 1309 1384 1353 1493 1462 1496 1465 1384 1353 1497 1466 1341 1310 1340 1309 1496 1465 1497 1466 1340 1309 1485 1454 1498 1467 1486 1455 1366 1335 1499 1468 1491 1460 1500 1469 1487 1456 1488 1457 1497 1466 1359 1328 1341 1310 1501 1470 1487 1456 1500 1469 1502 1471 1494 1463 1495 1464 1485 1454 1503 1472 1498 1467 1504 1473 1505 1474 1503 1472 1485 1454 1504 1473 1503 1472 1504 1473 1506 1475 1505 1474 1366 1335 1507 1476 1499 1468 1366 1335 1508 1477 1507 1476 1509 1478 1487 1456 1501 1470 1510 1479 1401 1370 1406 1375 1436 1405 1510 1479 1406 1375 1511 1480 1487 1456 1509 1478 1512 1481 1511 1480 1509 1478 1513 1482 1511 1480 1512 1481 1504 1473 1514 1483 1506 1475 1504 1473 1515 1484 1514 1483 1516 1485 1517 1486 1425 1394 1372 1341 1516 1485 1425 1394 1517 1486 1518 1487 1425 1394 1518 1487 1473 1442 1425 1394 1373 1342 1516 1485 1372 1341 1504 1473 1513 1482 1515 1484 1504 1473 1511 1480 1513 1482 1366 1335 1519 1488 1508 1477 1366 1335 1520 1489 1519 1488 1521 1490 1494 1463 1502 1471 1522 1491 1523 1492 1521 1490 1523 1492 1494 1463 1521 1490 1523 1492 1524 1493 1520 1489 1366 1335 1523 1492 1520 1489 1523 1492 1522 1491 1524 1493 1525 1494 1483 1452 1401 1370 1510 1479 1525 1494 1401 1370 1470 1439 1510 1479 1436 1405 1526 1495 1468 1437 1473 1442 1518 1487 1526 1495 1473 1442 1496 1465 1527 1496 1497 1466 1527 1496 1359 1328 1497 1466 1527 1496 1528 1497 1359 1328 1528 1497 1529 1498 1359 1328 1529 1498 1416 1385 1359 1328 1529 1498 1530 1499 1416 1385 1530 1499 1380 1349 1416 1385 1496 1465 1528 1497 1527 1496 1530 1499 1531 1500 1380 1349 1531 1500 1361 1330 1380 1349 1531 1500 1532 1501 1361 1330 1532 1501 1366 1335 1361 1330 1532 1501 1533 1502 1366 1335 1533 1502 1523 1492 1366 1335 1533 1502 1534 1503 1523 1492 1534 1503 1494 1463 1523 1492 1534 1503 1535 1504 1494 1463 1535 1504 1423 1392 1494 1463 1535 1504 1536 1505 1423 1392 1536 1505 1371 1340 1423 1392 1536 1505 1537 1506 1371 1340 1537 1506 1373 1342 1371 1340 1538 1507 1516 1485 1373 1342 1537 1506 1539 1508 1373 1342 1539 1508 1538 1507 1373 1342 1538 1507 1517 1486 1516 1485 1540 1509 1441 1410 1444 1413 1344 1313 1540 1509 1444 1413 1459 1428 1540 1509 1454 1423 1540 1509 1344 1313 1454 1423 1525 1494 1541 1510 1483 1452 1541 1510 1542 1511 1483 1452 1542 1511 1543 1512 1483 1452 1543 1512 1544 1513 1483 1452 1544 1513 1482 1451 1483 1452 1544 1513 1545 1514 1482 1451 1545 1514 1484 1453 1482 1451 1545 1514 1546 1515 1484 1453 1546 1515 1485 1454 1484 1453 1546 1515 1547 1516 1485 1454 1547 1516 1504 1473 1485 1454 1547 1516 1548 1517 1504 1473 1548 1517 1511 1480 1504 1473 1548 1517 1549 1518 1511 1480 1549 1518 1487 1456 1511 1480 1549 1518 1550 1519 1487 1456 1550 1519 1489 1458 1487 1456 1550 1519 1551 1520 1489 1458 1551 1520 1490 1459 1489 1458 1551 1520 1552 1521 1490 1459 1552 1521 1492 1461 1490 1459 1552 1521 1553 1522 1492 1461 1553 1522 1493 1462 1492 1461 1553 1522 1554 1523 1493 1462 1554 1523 1496 1465 1493 1462 1554 1523 1555 1524 1496 1465 1555 1524 1528 1497 1496 1465 1510 1479 1541 1510 1525 1494 1556 1525 1470 1439 1441 1410 1540 1509 1556 1525 1441 1410 1555 1524 1529 1498 1528 1497 1557 1526 1540 1509 1459 1428 1558 1527 1557 1526 1459 1428 1559 1528 1558 1527 1459 1428 1468 1437 1559 1528 1459 1428 1510 1479 1542 1511 1541 1510 1538 1507 1560 1529 1517 1486 1560 1529 1561 1530 1517 1486 1561 1530 1518 1487 1517 1486 1539 1508 1560 1529 1538 1507 1562 1531 1543 1512 1542 1511 1510 1479 1563 1532 1542 1511 1563 1532 1562 1531 1542 1511 1470 1439 1564 1533 1510 1479 1564 1533 1563 1532 1510 1479 1565 1534 1526 1495 1518 1487 1561 1530 1565 1534 1518 1487 1557 1526 1556 1525 1540 1509 1566 1535 1564 1533 1470 1439 1556 1525 1566 1535 1470 1439 1567 1536 1559 1528 1468 1437 1526 1495 1567 1536 1468 1437 1554 1523 1568 1537 1555 1524 1568 1537 1529 1498 1555 1524 1568 1537 1569 1538 1529 1498 1569 1538 1570 1539 1529 1498 1570 1539 1571 1540 1529 1498 1571 1540 1530 1499 1529 1498 1571 1540 1572 1541 1530 1499 1572 1541 1531 1500 1530 1499 1572 1541 1573 1542 1531 1500 1573 1542 1532 1501 1531 1500 1573 1542 1574 1543 1532 1501 1574 1543 1533 1502 1532 1501 1554 1523 1569 1538 1568 1537 1574 1543 1575 1544 1533 1502 1575 1544 1534 1503 1533 1502 1575 1544 1576 1545 1534 1503 1576 1545 1535 1504 1534 1503 1576 1545 1577 1546 1535 1504 1577 1546 1536 1505 1535 1504 1577 1546 1578 1547 1536 1505 1578 1547 1537 1506 1536 1505 1578 1547 1579 1548 1537 1506 1579 1548 1539 1508 1537 1506 1580 1549 1560 1529 1539 1508 1579 1548 1581 1550 1539 1508 1581 1550 1580 1549 1539 1508 1580 1549 1561 1530 1560 1529 1562 1531 1582 1551 1543 1512 1582 1551 1583 1552 1543 1512 1584 1553 1544 1513 1543 1512 1585 1554 1584 1553 1543 1512 1583 1552 1585 1554 1543 1512 1586 1555 1545 1514 1544 1513 1584 1553 1586 1555 1544 1513 1587 1556 1546 1515 1545 1514 1586 1555 1587 1556 1545 1514 1588 1557 1547 1516 1546 1515 1587 1556 1588 1557 1546 1515 1589 1558 1548 1517 1547 1516 1588 1557 1589 1558 1547 1516 1590 1559 1549 1518 1548 1517 1589 1558 1590 1559 1548 1517 1591 1560 1550 1519 1549 1518 1590 1559 1591 1560 1549 1518 1592 1561 1551 1520 1550 1519 1591 1560 1592 1561 1550 1519 1593 1562 1552 1521 1551 1520 1592 1561 1593 1562 1551 1520 1594 1563 1553 1522 1552 1521 1593 1562 1594 1563 1552 1521 1595 1564 1596 1565 1564 1533 1566 1535 1595 1564 1564 1533 1596 1565 1563 1532 1564 1533 1597 1566 1554 1523 1553 1522 1594 1563 1597 1566 1553 1522 1570 1539 1569 1538 1554 1523 1597 1566 1570 1539 1554 1523 1598 1567 1567 1536 1526 1495 1565 1534 1598 1567 1526 1495 1563 1532 1582 1551 1562 1531 1581 1550 1599 1568 1580 1549 1599 1568 1600 1569 1580 1549 1600 1569 1561 1530 1580 1549 1601 1570 1582 1551 1563 1532 1596 1565 1601 1570 1563 1532 1602 1571 1583 1552 1582 1551 1601 1570 1602 1571 1582 1551 1600 1569 1603 1572 1561 1530 1604 1573 1565 1534 1561 1530 1603 1572 1604 1573 1561 1530 1605 1574 1606 1575 1557 1526 1607 1576 1605 1574 1557 1526 1608 1577 1556 1525 1557 1526 1609 1578 1607 1576 1557 1526 1558 1527 1610 1579 1557 1526 1610 1579 1611 1580 1557 1526 1608 1577 1612 1581 1556 1525 1612 1581 1613 1582 1556 1525 1613 1582 1614 1583 1556 1525 1614 1583 1615 1584 1556 1525 1615 1584 1566 1535 1556 1525 1616 1585 1617 1586 1558 1527 1617 1586 1610 1579 1558 1527 1559 1528 1618 1587 1558 1527 1618 1587 1619 1588 1558 1527 1619 1588 1616 1585 1558 1527 1597 1566 1620 1589 1570 1539 1620 1589 1571 1540 1570 1539 1621 1590 1595 1564 1566 1535 1622 1591 1621 1590 1566 1535 1615 1584 1623 1592 1566 1535 1623 1592 1622 1591 1566 1535 1624 1593 1625 1594 1559 1528 1567 1536 1624 1593 1559 1528 1625 1594 1626 1595 1559 1528 1626 1595 1618 1587 1559 1528 1627 1596 1628 1597 1596 1565 1628 1597 1629 1598 1596 1565 1629 1598 1630 1599 1596 1565 1631 1600 1627 1596 1596 1565 1595 1564 1631 1600 1596 1565 1630 1599 1601 1570 1596 1565 1632 1601 1633 1602 1565 1534 1604 1573 1632 1601 1565 1534 1634 1603 1598 1567 1565 1534 1633 1602 1634 1603 1565 1534 1635 1604 1585 1554 1583 1552 1602 1571 1635 1604 1583 1552 1635 1604 1636 1605 1585 1554 1636 1605 1637 1606 1585 1554 1637 1606 1638 1607 1585 1554 1638 1607 1639 1608 1585 1554 1639 1608 1584 1553 1585 1554 1639 1608 1640 1609 1584 1553 1640 1609 1586 1555 1584 1553 1640 1609 1641 1610 1586 1555 1641 1610 1587 1556 1586 1555 1641 1610 1642 1611 1587 1556 1642 1611 1588 1557 1587 1556 1602 1571 1636 1605 1635 1604 1642 1611 1643 1612 1588 1557 1643 1612 1589 1558 1588 1557 1643 1612 1644 1613 1589 1558 1644 1613 1590 1559 1589 1558 1644 1613 1645 1614 1590 1559 1645 1614 1591 1560 1590 1559 1646 1615 1631 1600 1595 1564 1647 1616 1646 1615 1595 1564 1621 1590 1647 1616 1595 1564 1645 1614 1648 1617 1591 1560 1648 1617 1592 1561 1591 1560 1648 1617 1649 1618 1592 1561 1649 1618 1593 1562 1592 1561 1649 1618 1650 1619 1593 1562 1650 1619 1594 1563 1593 1562 1650 1619 1651 1620 1594 1563 1651 1620 1597 1566 1594 1563 1652 1621 1653 1622 1597 1566 1653 1622 1620 1589 1597 1566 1651 1620 1654 1623 1597 1566 1654 1623 1652 1621 1597 1566 1655 1624 1624 1593 1567 1536 1598 1567 1656 1625 1567 1536 1656 1625 1657 1626 1567 1536 1657 1626 1655 1624 1567 1536 1653 1622 1571 1540 1620 1589 1653 1622 1652 1621 1571 1540 1652 1621 1658 1627 1571 1540 1658 1627 1572 1541 1571 1540 1658 1627 1659 1628 1572 1541 1659 1628 1573 1542 1572 1541 1660 1629 1661 1630 1600 1569 1599 1568 1662 1631 1600 1569 1662 1631 1660 1629 1600 1569 1661 1630 1603 1572 1600 1569 1659 1628 1663 1632 1573 1542 1663 1632 1574 1543 1573 1542 1637 1606 1636 1605 1602 1571 1664 1633 1637 1606 1602 1571 1601 1570 1664 1633 1602 1571 1663 1632 1665 1634 1574 1543 1665 1634 1575 1544 1574 1543 1665 1634 1666 1635 1575 1544 1666 1635 1576 1545 1575 1544 1666 1635 1667 1636 1576 1545 1667 1636 1577 1546 1576 1545 1667 1636 1668 1637 1577 1546 1668 1637 1578 1547 1577 1546 1668 1637 1669 1638 1578 1547 1669 1638 1579 1548 1578 1547 1669 1638 1670 1639 1579 1548 1670 1639 1581 1550 1579 1548 1662 1631 1599 1568 1581 1550 1670 1639 1671 1640 1581 1550 1671 1640 1662 1631 1581 1550 1671 1640 1660 1629 1662 1631 1661 1630 1672 1641 1603 1572 1673 1642 1604 1573 1603 1572 1672 1641 1673 1642 1603 1572 1674 1643 1675 1644 1601 1570 1675 1644 1676 1645 1601 1570 1676 1645 1664 1633 1601 1570 1630 1599 1674 1643 1601 1570 1677 1646 1638 1607 1637 1606 1664 1633 1677 1646 1637 1606 1654 1623 1658 1627 1652 1621 1678 1647 1679 1648 1631 1600 1680 1649 1678 1647 1631 1600 1646 1615 1680 1649 1631 1600 1679 1648 1627 1596 1631 1600 1673 1642 1681 1650 1604 1573 1681 1650 1682 1651 1604 1573 1682 1651 1683 1652 1604 1573 1683 1652 1684 1653 1604 1573 1684 1653 1685 1654 1604 1573 1686 1655 1632 1601 1604 1573 1685 1654 1686 1655 1604 1573 1634 1603 1687 1656 1598 1567 1687 1656 1688 1657 1598 1567 1689 1658 1690 1659 1630 1599 1690 1659 1691 1660 1630 1599 1691 1660 1692 1661 1630 1599 1629 1598 1693 1662 1630 1599 1693 1662 1689 1658 1630 1599 1692 1661 1674 1643 1630 1599 1615 1584 1694 1663 1623 1592 1614 1583 1694 1663 1615 1584 1695 1664 1616 1585 1619 1588 1696 1665 1697 1666 1638 1607 1697 1666 1698 1667 1638 1607 1698 1667 1639 1608 1638 1607 1677 1646 1699 1668 1638 1607 1699 1668 1700 1669 1638 1607 1700 1669 1701 1670 1638 1607 1701 1670 1696 1665 1638 1607 1702 1671 1640 1609 1639 1608 1698 1667 1703 1672 1639 1608 1703 1672 1702 1671 1639 1608 1704 1673 1641 1610 1640 1609 1705 1674 1704 1673 1640 1609 1702 1671 1706 1675 1640 1609 1706 1675 1705 1674 1640 1609 1707 1676 1642 1611 1641 1610 1704 1673 1707 1676 1641 1610 1708 1677 1709 1678 1642 1611 1709 1678 1710 1679 1642 1611 1710 1679 1643 1612 1642 1611 1707 1676 1708 1677 1642 1611 1711 1680 1712 1681 1643 1612 1712 1681 1713 1682 1643 1612 1713 1682 1714 1683 1643 1612 1714 1683 1644 1613 1643 1612 1710 1679 1715 1684 1643 1612 1715 1684 1711 1680 1643 1612 1716 1685 1645 1614 1644 1613 1717 1686 1716 1685 1644 1613 1714 1683 1718 1687 1644 1613 1718 1687 1717 1686 1644 1613 1719 1688 1720 1689 1645 1614 1720 1689 1648 1617 1645 1614 1716 1685 1719 1688 1645 1614 1721 1690 1722 1691 1648 1617 1722 1691 1723 1692 1648 1617 1723 1692 1724 1693 1648 1617 1724 1693 1649 1618 1648 1617 1720 1689 1725 1694 1648 1617 1725 1694 1721 1690 1648 1617 1726 1695 1650 1619 1649 1618 1727 1696 1726 1695 1649 1618 1724 1693 1728 1697 1649 1618 1728 1697 1727 1696 1649 1618 1729 1698 1730 1699 1650 1619 1730 1699 1731 1700 1650 1619 1731 1700 1651 1620 1650 1619 1726 1695 1729 1698 1650 1619 1732 1701 1654 1623 1651 1620 1733 1702 1732 1701 1651 1620 1731 1700 1734 1703 1651 1620 1734 1703 1733 1702 1651 1620 1735 1704 1659 1628 1658 1627 1736 1705 1735 1704 1658 1627 1732 1701 1737 1706 1658 1627 1737 1706 1738 1707 1658 1627 1738 1707 1736 1705 1658 1627 1654 1623 1732 1701 1658 1627 1739 1708 1740 1709 1659 1628 1740 1709 1741 1710 1659 1628 1741 1710 1663 1632 1659 1628 1735 1704 1739 1708 1659 1628 1742 1711 1665 1634 1663 1632 1743 1712 1742 1711 1663 1632 1741 1710 1744 1713 1663 1632 1744 1713 1743 1712 1663 1632 1745 1714 1746 1715 1665 1634 1746 1715 1747 1716 1665 1634 1747 1716 1666 1635 1665 1634 1742 1711 1745 1714 1665 1634 1748 1717 1749 1718 1666 1635 1749 1718 1750 1719 1666 1635 1750 1719 1667 1636 1666 1635 1747 1716 1751 1720 1666 1635 1751 1720 1748 1717 1666 1635 1750 1719 1752 1721 1667 1636 1752 1721 1668 1637 1667 1636 1664 1633 1699 1668 1677 1646 1753 1722 1754 1723 1661 1630 1754 1723 1755 1724 1661 1630 1755 1724 1756 1725 1661 1630 1756 1725 1757 1726 1661 1630 1758 1727 1753 1722 1661 1630 1660 1629 1758 1727 1661 1630 1757 1726 1672 1641 1661 1630 1759 1728 1760 1729 1668 1637 1760 1729 1761 1730 1668 1637 1761 1730 1669 1638 1668 1637 1752 1721 1762 1731 1668 1637 1762 1731 1759 1728 1668 1637 1763 1732 1670 1639 1669 1638 1764 1733 1763 1732 1669 1638 1761 1730 1765 1734 1669 1638 1765 1734 1764 1733 1669 1638 1766 1735 1767 1736 1670 1639 1767 1736 1768 1737 1670 1639 1768 1737 1671 1640 1670 1639 1763 1732 1766 1735 1670 1639 1758 1727 1660 1629 1671 1640 1769 1738 1758 1727 1671 1640 1770 1739 1769 1738 1671 1640 1768 1737 1771 1740 1671 1640 1771 1740 1770 1739 1671 1640 1772 1741 1773 1742 1664 1633 1774 1743 1699 1668 1664 1633 1773 1742 1774 1743 1664 1633 1676 1645 1775 1744 1664 1633 1775 1744 1772 1741 1664 1633 1776 1745 1777 1746 1672 1641 1778 1747 1776 1745 1672 1641 1757 1726 1778 1747 1672 1641 1779 1748 1673 1642 1672 1641 1777 1746 1779 1748 1672 1641 1769 1738 1780 1749 1758 1727 1780 1749 1781 1750 1758 1727 1781 1750 1753 1722 1758 1727 1782 1751 1775 1744 1676 1645 1675 1644 1783 1752 1676 1645 1783 1752 1784 1753 1676 1645 1784 1753 1782 1751 1676 1645 1685 1654 1785 1754 1686 1655 1774 1743 1700 1669 1699 1668 1733 1702 1786 1755 1732 1701 1786 1755 1787 1756 1732 1701 1787 1756 1737 1706 1732 1701 1779 1748 1788 1757 1673 1642 1788 1757 1789 1758 1673 1642 1789 1758 1790 1759 1673 1642 1790 1759 1791 1760 1673 1642 1791 1760 1681 1650 1673 1642 1684 1653 1785 1754 1685 1654 1792 1761 1793 1762 1675 1644 1794 1763 1792 1761 1675 1644 1793 1762 1795 1764 1675 1644 1795 1764 1796 1765 1675 1644 1796 1765 1783 1752 1675 1644 1674 1643 1794 1763 1675 1644 1791 1760 1797 1766 1681 1650 1797 1766 1682 1651 1681 1650 1798 1767 1794 1763 1674 1643 1692 1661 1798 1767 1674 1643 1799 1768 1800 1769 1774 1743 1800 1769 1700 1669 1774 1743 1801 1770 1799 1768 1774 1743 1773 1742 1801 1770 1774 1743 1802 1771 1793 1762 1792 1761 1802 1771 1795 1764 1793 1762 1803 1772 1804 1773 1805 1774 1806 1775 1807 1776 1805 1774 1808 1777 1809 1778 1810 1779</p>
        </triangles>
      </mesh>
    </geometry>
    <geometry id="mesh-ae339640-b155-46a4-bf07-7299a7025000-mesh" name="mesh-ae339640-b155-46a4-bf07-7299a7025000">
      <mesh>
        <source id="mesh-ae339640-b155-46a4-bf07-7299a7025000-mesh-positions">
          <float_array id="mesh-ae339640-b155-46a4-bf07-7299a7025000-mesh-positions-array" count="6624">-4.400839 -112.0251 28.15817 2.13763 -115 28.41971 2.13763 -112.0251 28.41971 8.563414 -115 27.18305 8.563414 -112.0251 27.18305 -4.400839 -115 28.15817 -10.70731 -112.0251 26.41219 -10.70731 -115 26.41219 14.53775 -115 24.51334 14.53775 -112.0251 24.51334 -16.44932 -112.0251 23.27381 -16.44932 -115 23.27381 19.74569 -115 20.55134 19.74569 -112.0251 20.55134 -21.32415 -112.0251 18.90848 -21.32415 -115 18.90848 23.91268 -115 15.50592 23.91268 -112.0251 15.50592 -25.07482 -112.0251 13.54635 -25.07482 -115 13.54635 26.81905 -115 9.64307 26.81905 -112.0251 9.64307 -27.5036 -112.0251 7.470078 -27.5036 -115 7.470078 28.31157 -115 3.271854 28.31157 -112.0251 3.271854 -28.48245 -112.0251 1.000001 -28.48245 -115 1.000001 28.31157 -115 -3.271853 28.31157 -112.0251 -3.271853 -27.5036 -112.0251 -7.470076 -28.48245 -115 -0.9999995 -28.48245 -112.0251 -0.9999995 -27.5036 -115 -7.470076 26.81905 -115 -9.643068 26.81905 -112.0251 -9.643068 -25.07482 -112.0251 -13.54634 -25.07482 -115 -13.54634 23.91268 -115 -15.50592 23.91268 -112.0251 -15.50592 -21.32415 -112.0251 -18.90848 -21.32415 -115 -18.90848 19.74569 -115 -20.55134 19.74569 -112.0251 -20.55134 -16.44932 -112.0251 -23.27381 -16.44932 -115 -23.27381 14.53775 -115 -24.51334 14.53775 -112.0251 -24.51334 -10.70731 -112.0251 -26.41219 -10.70731 -115 -26.41219 8.563414 -115 -27.18305 8.563414 -112.0251 -27.18305 -4.400839 -112.0251 -28.15817 -4.400839 -115 -28.15817 2.13763 -115 -28.41972 2.13763 -112.0251 -28.41972 -9.91793e-7 -112.0251 28.2 -4.400839 -112.0251 28.15817 2.13763 -112.0251 28.41971 6.275087 -112.0251 27.49297 2.13763 -112.0251 28.41971 8.563414 -112.0251 27.18305 -6.275092 -112.0251 27.49297 -10.70731 -112.0251 26.41219 8.563414 -112.0251 27.18305 12.23552 -112.0251 25.40732 -12.23552 -112.0251 25.40732 14.53775 -112.0251 24.51334 -16.44932 -112.0251 23.27381 17.58242 -112.0251 22.04764 -17.58242 -112.0251 22.04764 19.74569 -112.0251 20.55134 -21.32415 -112.0251 18.90848 22.04764 -112.0251 17.58242 -22.04765 -112.0251 17.58242 23.91268 -112.0251 15.50592 -25.07482 -112.0251 13.54635 25.40732 -112.0251 12.23552 -25.40732 -112.0251 12.23552 26.81905 -112.0251 9.64307 -27.5036 -112.0251 7.470078 27.49297 -112.0251 6.275094 -27.49297 -112.0251 6.275094 28.31157 -112.0251 3.271854 -28.48245 -112.0251 1.000001 28.2 -112.0251 -1.12635e-6 -28.2 -112.0251 -1.12678e-6 -28.2 -112.0251 1.000001 28.31157 -112.0251 -3.271853 27.49297 -112.0251 -6.275088 -27.49297 -112.0251 -6.275088 -28.2 -112.0251 -0.9999995 -28.2 -112.0251 -1.12678e-6 -28.48245 -112.0251 -0.9999995 -27.49297 -112.0251 -6.275088 -27.5036 -112.0251 -7.470076 26.81905 -112.0251 -9.643068 25.40732 -112.0251 -12.23552 -25.40732 -112.0251 -12.23552 -25.07482 -112.0251 -13.54634 23.91268 -112.0251 -15.50592 22.04764 -112.0251 -17.58242 -22.04765 -112.0251 -17.58242 -21.32415 -112.0251 -18.90848 19.74569 -112.0251 -20.55134 17.58242 -112.0251 -22.04765 -17.58242 -112.0251 -22.04765 -16.44932 -112.0251 -23.27381 14.53775 -112.0251 -24.51334 12.23552 -112.0251 -25.40732 -12.23552 -112.0251 -25.40732 -10.70731 -112.0251 -26.41219 8.563414 -112.0251 -27.18305 6.275087 -112.0251 -27.49297 -6.275092 -112.0251 -27.49297 -4.400839 -112.0251 -28.15817 2.13763 -112.0251 -28.41972 -9.91369e-7 -112.0251 -28.2 -9.91731e-7 -115 20 8.563414 -115 27.18305 2.13763 -115 28.41971 -5.176381 -115 19.31852 -4.400839 -115 28.15817 -10.70731 -115 26.41219 5.176379 -115 19.31852 14.53775 -115 24.51334 -16.44932 -115 23.27381 -10 -115 17.32051 9.999998 -115 17.32051 19.74569 -115 20.55134 -21.32415 -115 18.90848 -14.14213 -115 14.14213 14.14213 -115 14.14213 23.91268 -115 15.50592 -25.07482 -115 13.54635 -17.32051 -115 9.999998 17.32051 -115 9.999998 26.81905 -115 9.64307 -27.5036 -115 7.470078 -19.31852 -115 5.176379 19.31851 -115 5.176379 28.31157 -115 3.271854 -28.48245 -115 1.000001 -28.2 -115 1.000001 20 -115 -1.12641e-6 -20 -115 -1.12671e-6 28.31157 -115 -3.271853 -28.2 -115 -0.9999995 -19.31852 -115 -5.176381 19.31851 -115 -5.176381 -17.32051 -115 -10 -28.2 -115 -0.9999995 -14.14213 -115 -14.14213 -28.48245 -115 -0.9999995 -27.5036 -115 -7.470076 26.81905 -115 -9.643068 17.32051 -115 -10 23.91268 -115 -15.50592 -25.07482 -115 -13.54634 14.14213 -115 -14.14213 19.74569 -115 -20.55134 -21.32415 -115 -18.90848 9.999998 -115 -17.32051 14.53775 -115 -24.51334 -10 -115 -17.32051 5.176379 -115 -19.31852 8.563414 -115 -27.18305 -10.70731 -115 -26.41219 -5.176381 -115 -19.31852 -16.44932 -115 -23.27381 -9.91431e-7 -115 -20 2.13763 -115 -28.41972 -4.400839 -115 -28.15817 6.275087 -105.0252 27.49297 9.654029 -105.0252 26.8151 3.275706 -105.0252 28.31113 -9.91793e-7 -105.0252 28.2 -3.275708 -105.0252 28.31113 -6.275092 -105.0252 27.49297 -9.654031 -105.0252 26.8151 12.23552 -105.0252 25.40732 -9.654031 -105.0252 26.8151 -12.23552 -105.0252 25.40732 15.52221 -105.0252 23.90211 -15.52221 -105.0252 23.90211 17.58242 -105.0252 22.04764 -17.58242 -105.0252 22.04764 20.57016 -105.0252 19.72608 -20.57017 -105.0252 19.72608 22.04764 -105.0252 17.58242 -22.04765 -105.0252 17.58242 24.53115 -105.0252 14.50768 -24.53115 -105.0252 14.50768 25.40732 -105.0252 12.23552 -25.40732 -105.0252 12.23552 27.19585 -105.0252 8.522666 -27.19585 -105.0252 8.522666 27.49297 -105.0252 6.275094 -27.49297 -105.0252 6.275094 28.42346 -105.0252 2.08729 -28.42346 -105.0252 2.08729 28.2 -105.0252 -1.12635e-6 -28.2 -105.0252 -1.12678e-6 28.5 -105.0252 -1.12635e-6 -28.5 -105.0252 -1.12678e-6 28.42346 -105.0252 -2.087289 27.49297 -105.0252 -6.275088 -28.42346 -105.0252 -2.087289 -27.49297 -105.0252 -6.275088 27.19585 -105.0252 -8.522665 -27.19585 -105.0252 -8.522665 25.40732 -105.0252 -12.23552 -25.40732 -105.0252 -12.23552 24.53115 -105.0252 -14.50768 -24.53115 -105.0252 -14.50768 22.04764 -105.0252 -17.58242 -22.04765 -105.0252 -17.58242 20.57016 -105.0252 -19.72608 -20.57017 -105.0252 -19.72608 17.58242 -105.0252 -22.04765 -17.58242 -105.0252 -22.04765 15.52221 -105.0252 -23.90211 -15.52221 -105.0252 -23.90211 12.23552 -105.0252 -25.40732 -12.23552 -105.0252 -25.40732 9.654029 -105.0252 -26.8151 -9.654031 -105.0252 -26.8151 6.275087 -105.0252 -27.49297 -6.275092 -105.0252 -27.49297 3.275706 -105.0252 -28.31113 -3.275708 -105.0252 -28.31113 -9.91369e-7 -105.0252 -28.2 19.87865 -32.07783 24.39131 19.83496 -32.02496 24.41646 19.79522 -32.02496 24.52386 20.11589 -32.02484 23.6573 -0.001125991 20 12.43572 5.175254 19.31854 22.43572 -0.001125991 20 22.43572 -5.177506 19.31854 22.43572 -5.177506 19.31854 12.43572 5.175254 19.31854 12.43572 9.99888 17.32053 22.43572 -10.00112 17.32053 22.43572 -10.00112 17.32053 12.43572 9.99888 17.32053 12.43572 14.14101 14.14211 22.43572 -14.14326 14.14211 22.43572 -14.14326 14.14211 12.43572 14.14101 14.14211 12.43572 17.31939 10.00001 22.43572 -17.32163 10.00001 22.43572 -17.32163 10.00001 12.43572 17.31939 10.00001 12.43572 19.31739 5.176383 22.43572 -19.31964 5.176383 22.43572 -19.31964 5.176383 12.43572 19.31739 5.176383 12.43572 19.99888 1.72662e-5 22.43572 -20.00113 1.72662e-5 22.43572 -20.00113 1.72662e-5 12.43572 19.99888 1.72662e-5 12.43572 19.31739 -5.176407 22.43572 -19.31964 -5.176407 22.43572 -19.31964 -5.176407 12.43572 19.31739 -5.176407 12.43572 17.31939 -9.999973 22.43572 -17.32163 -9.999973 22.43572 -17.32163 -9.999973 12.43572 17.31939 -9.999973 12.43572 14.14101 -14.14214 22.43572 -14.14326 -14.14214 22.43572 -14.14326 -14.14214 12.43572 14.14101 -14.14214 12.43572 9.99888 -17.3205 22.43572 -10.00112 -17.3205 22.43572 -10.00112 -17.3205 12.43572 9.99888 -17.3205 12.43572 5.175254 -19.31851 22.43572 -5.177506 -19.31851 22.43572 -5.177506 -19.31851 12.43572 5.175254 -19.31851 12.43572 -0.001125991 -20.00002 22.43572 -0.001125991 -20.00002 12.43572 5.175254 19.31854 22.43572 5.175254 -19.31851 22.43572 -0.001125991 20 22.43572 -5.177506 19.31854 22.43572 9.99888 17.32053 22.43572 -0.001125991 -20.00002 22.43572 -5.177506 -19.31851 22.43572 -10.00112 17.32053 22.43572 14.14101 14.14211 22.43572 -14.14326 14.14211 22.43572 9.99888 -17.3205 22.43572 17.31939 10.00001 22.43572 19.31739 5.176383 22.43572 14.14101 14.14211 22.43572 19.99888 1.72662e-5 22.43572 19.31739 -5.176407 22.43572 17.31939 -9.999973 22.43572 14.14101 -14.14214 22.43572 -10.00112 -17.3205 22.43572 -14.14326 -14.14214 22.43572 -17.32163 10.00001 22.43572 -19.31964 5.176383 22.43572 -14.14326 -14.14214 22.43572 -20.00113 1.72662e-5 22.43572 -19.31964 -5.176407 22.43572 -17.32163 -9.999973 22.43572 20.24414 -32.02573 20.3944 20.27022 -31.98568 20.32582 20.24459 -32.02573 20.39724 20.22858 -32.02567 20.29732 20.22858 -32.02567 20.29732 19.95209 -31.21619 19.2415 20.27022 -31.98568 20.32582 5.176379 -104.1852 19.31852 5.176379 -115 19.31852 -9.91731e-7 -104.1852 20 -9.91731e-7 -115 20 -5.176381 -104.1852 19.31852 -5.176381 -115 19.31852 9.999998 -104.1852 17.32051 9.999998 -115 17.32051 -10 -104.1852 17.32051 -10 -115 17.32051 14.14213 -104.1852 14.14213 14.14213 -115 14.14213 -10 -115 17.32051 -14.14213 -104.1852 14.14213 -14.14213 -115 14.14213 17.32051 -104.1852 9.999998 17.32051 -115 9.999998 -17.32051 -104.1852 9.999998 -17.32051 -115 9.999998 19.31851 -104.1852 5.176379 19.31851 -115 5.176379 -19.31852 -104.1852 5.176379 -19.31852 -115 5.176379 -19.31852 -104.1852 5.176379 20 -104.1852 -1.12641e-6 20 -115 -1.12641e-6 -20 -104.1852 -1.12671e-6 -20 -115 -1.12671e-6 19.31851 -104.1852 -5.176381 19.31851 -115 -5.176381 -19.31852 -104.1852 -5.176381 -19.31852 -115 -5.176381 17.32051 -104.1852 -10 17.32051 -115 -10 -17.32051 -104.1852 -10 -17.32051 -115 -10 14.14213 -104.1852 -14.14213 14.14213 -115 -14.14213 -14.14213 -104.1852 -14.14213 -14.14213 -115 -14.14213 9.999998 -104.1852 -17.32051 9.999998 -115 -17.32051 -10 -104.1852 -17.32051 -10 -115 -17.32051 5.176379 -104.1852 -19.31852 5.176379 -115 -19.31852 -5.176381 -104.1852 -19.31852 -5.176381 -115 -19.31852 -9.91431e-7 -104.1852 -20 -9.91431e-7 -115 -20 -5.176381 -104.1852 19.31852 -20 -104.1852 -1.12671e-6 -9.91731e-7 -104.1852 20 5.176379 -104.1852 19.31852 9.999998 -104.1852 17.32051 -10 -104.1852 17.32051 14.14213 -104.1852 14.14213 -14.14213 -104.1852 14.14213 -20 -104.1852 -1.12671e-6 17.32051 -104.1852 9.999998 -19.31852 -104.1852 5.176379 -17.32051 -104.1852 9.999998 19.31851 -104.1852 5.176379 20 -104.1852 -1.12641e-6 -19.31852 -104.1852 -5.176381 -17.32051 -104.1852 -10 19.31851 -104.1852 -5.176381 -17.32051 -104.1852 -10 17.32051 -104.1852 -10 14.14213 -104.1852 -14.14213 9.999998 -104.1852 -17.32051 -14.14213 -104.1852 -14.14213 -10 -104.1852 -17.32051 5.176379 -104.1852 -19.31852 -5.176381 -104.1852 -19.31852 -9.91431e-7 -104.1852 -20 18.05531 -32.02544 15.8071 18.01931 -31.96428 15.71602 18.57176 -32.02544 16.35063 18.01868 -32.02544 15.76855 17.95801 -32.02544 15.7047 -18.0194 -31.96428 15.71602 -17.97108 -32.02502 15.69579 -18.06825 -32.02496 15.79181 -17.14413 -32.02514 14.87869 17.95801 -32.02544 15.7047 17.08886 -31.13608 15.04528 18.01931 -31.96428 15.71602 -28.19996 -1.000029 12.43572 -28.19996 -1.000029 13.43571 -28.19996 1.000004 13.43571 -28.19996 1.000004 12.43572 -28.48156 1.000004 12.43572 -28.19996 1.000004 12.43572 -28.19996 1.000004 13.43571 -28.48156 1.000004 13.43571 -28.49543 0.4856759 13.43571 -28.48156 1.000004 13.43571 -28.19996 1.000004 13.43571 -28.49993 -0.02507627 13.43571 -28.19996 -1.000029 13.43571 -28.19996 1.000004 13.43571 -28.48055 -1.000029 13.43571 -28.19996 -1.000029 12.43572 -28.48055 -1.000029 13.43571 -28.19996 -1.000029 13.43571 -28.48341 -1.000029 12.43572 -4.56952e-5 -34.48907 11.94366 -4.56951e-5 -34.73167 11.86043 -0.6557415 -32.02579 12.32742 -4.56951e-5 -34.73167 11.86043 -4.56952e-5 -34.48907 11.94366 0.6537278 -32.02502 12.31441 -28.2 -112.0251 -1.12678e-6 -28.2 -115 1.000001 -28.2 -112.0251 1.000001 -28.2 -115 -0.9999995 -28.2 -112.0251 -0.9999995 -28.48245 -115 1.000001 -28.48245 -112.0251 1.000001 -28.2 -112.0251 1.000001 -28.2 -115 1.000001 -28.48245 -112.0251 -0.9999995 -28.2 -115 -0.9999995 -28.2 -112.0251 -0.9999995 -28.48245 -115 -0.9999995 0.9580915 -25.00801 34.65962 3.620862 -24.75272 34.72853 -2.3941e-4 -25.02511 34.64994 3.936223 -24.7225 34.73669 -3.01109 -24.85029 34.70776 -5.386495 -24.41893 34.78227 -3.447697 -24.77102 34.72145 5.443892 -24.38883 34.78115 6.804733 -24.08765 34.82128 6.874836 -24.06303 34.82165 -6.752593 -24.06387 34.81195 -5.925947 -24.321 34.7992 -8.228173 -23.60485 34.8347 -7.140567 -23.94317 34.81793 11.1753 -22.34833 34.77359 9.622737 -23.09899 34.83589 8.314937 -23.55783 34.8291 -11.17217 -22.37104 34.78162 -10.9861 -22.45365 34.78642 -8.7812 -23.43284 34.84323 16.10684 -19.09004 34.24791 16.94386 -18.40745 34.11072 17.36008 -17.97376 34.01482 -17.44866 -17.86951 33.98984 -17.15555 -18.15103 34.05125 -16.22591 -19.04403 34.24604 12.13775 -21.88293 34.73498 11.28779 -22.29391 34.76909 -11.49126 -22.2293 34.7734 -14.23095 -20.55518 34.53185 -13.8926 -20.81154 34.58033 14.58569 -20.33047 34.49723 15.22931 -19.80565 34.39174 14.37098 -20.46667 34.51808 -20.87595 -13.71495 33.12121 -20.20161 -14.76232 33.31479 -19.35895 -15.78359 33.53632 -18.36087 -16.99327 33.79872 -16.14352 -19.10643 34.25783 -15.03154 -19.94876 34.41715 19.03304 -16.23062 33.62934 19.08868 -16.17263 33.61653 19.5732 -15.52711 33.48271 20.88521 -13.77903 33.12034 17.6178 -17.70524 33.95544 -10.76573 -24.10798 34.32573 10.93732 -24.10994 34.29198 7.302104 -24.06756 34.79082 6.535276 -32.02496 32.217 -7.128217 -24.06554 34.80498 -6.3812 -32.02496 32.22823 -8.228278 -32.0249 32.00535 -7.900008 -32.0249 32.07318 8.2767 -32.02502 32.00081 8.547804 -32.02502 31.96716 -14.29651 -24.13885 33.35544 -4.638859 -32.02502 32.4061 -4.209166 -32.02502 32.41569 5.4773 -32.02496 32.34835 14.46035 -24.13963 33.2938 4.232815 -32.0249 32.39141 0.8363789 -32.02472 32.50893 3.282561 -32.02484 32.42428 -3.127188 -32.02508 32.43983 -6.8047e-5 -28.50865 33.55145 -15.98708 -24.1413 32.62551 -11.88021 -32.02484 31.10171 -10.70067 -32.02484 31.49449 -10.11219 -32.02484 31.61609 -9.582115 -32.02484 31.72562 10.16354 -32.02502 31.59289 11.22922 -32.02502 31.34603 11.94308 -32.02508 31.08666 9.731188 -32.02502 31.69304 16.14376 -24.14088 32.54604 24.73552 3.575103 32.12396 24.47782 4.84361 32.12396 24.16631 6.376939 32.12395 24.84433 2.378958 32.12396 24.74869 3.510373 32.12396 23.89812 7.191794 32.12395 24.1553 6.410377 32.12395 -17.57609 -24.12884 31.70159 22.09189 11.67728 32.12395 23.08008 9.534139 32.12395 23.24466 9.177226 32.12395 21.91168 11.97322 32.12395 20.76752 13.85243 32.12395 20.53846 14.2286 32.12394 20.26769 14.57258 32.12394 18.67738 16.59276 32.12394 18.29845 16.96988 32.12394 17.64526 17.61998 32.12394 16.52905 18.7309 32.12393 19.29736 15.8052 32.12394 14.11875 20.60636 32.12393 15.83165 19.27354 32.12393 16.04261 19.10939 32.12393 13.88129 20.74827 32.12393 13.44178 21.01095 32.12393 11.48236 22.18195 32.12392 10.66307 22.55298 32.12392 9.558648 23.05325 32.12392 9.118378 23.25262 32.12392 11.75999 22.01601 32.12392 6.14234 24.20856 32.12392 7.214396 23.86417 32.12392 7.9334 23.63326 32.12392 5.179509 24.38892 32.12392 4.868395 24.44716 32.12392 3.045297 24.7887 32.12391 2.405568 24.8278 32.12391 2.44826 24.82517 32.12391 -6.402091 24.14121 32.12392 -3.907011 24.64815 32.12391 -3.535495 24.72361 32.12391 -3.552486 24.72015 32.12391 -7.02902 23.93486 32.12392 -7.711881 23.71015 32.12392 -9.202363 23.21954 32.12392 -11.70241 22.06679 32.12392 -11.34191 22.23303 32.12392 -10.36502 22.68346 32.12392 -13.49231 20.97698 32.12392 -14.25377 20.51331 32.12392 -14.67811 20.17929 32.12392 -16.61788 18.65228 32.12392 -17.64512 17.6201 32.12392 -18.75605 16.50389 32.12393 -16.35662 18.85791 32.12392 -18.88283 16.34099 32.12393 -24.98498 -0.9378022 32.12471 -24.78479 -3.178699 32.14492 -24.72997 -3.792328 32.15045 -24.68026 -4.026873 32.15898 -24.62564 -4.284603 32.16836 -20.63152 14.0936 32.12393 -21.00103 13.47532 32.12393 -22.20708 11.45722 32.12393 -20.19926 14.64911 32.12393 -23.27775 9.093243 32.12394 -22.70928 10.3484 32.12394 -22.26849 11.32162 32.12393 -23.72996 7.68538 32.12394 -23.94759 7.007795 32.12394 -24.23365 6.117182 32.12394 17.71998 -24.12675 31.60311 -24.81379 3.020125 32.12395 -24.71834 3.529745 32.12395 -24.65303 3.878372 32.12395 24.65532 -4.026038 32.16494 24.80945 -3.171546 32.14116 24.30401 -5.973441 32.21911 -24.10919 -6.721062 32.25704 -23.61842 -8.142395 32.37247 -24.17013 -6.433529 32.24657 -23.13065 -9.555025 32.4872 -24.98499 -0.02513587 32.1081 -24.98499 -0.4544085 32.1159 24.16768 -6.41833 32.24892 23.47693 -8.672577 32.39993 23.63926 -8.142871 32.36444 -19.2816 -16.22818 33.47968 -9.91823e-7 24.97484 32.1239 -0.6697039 24.9659 32.12391 -23.0836 -9.651703 32.50024 -21.84008 -12.20624 32.84467 -21.81762 -12.25237 32.85088 -21.68441 -12.45926 32.88912 19.44533 -16.2264 33.37528 21.79798 -12.20672 32.85807 21.44901 -12.80783 32.95834 22.34213 -11.26937 32.70172 23.06035 -9.625894 32.51072 -9.91825e-7 -32.02514 32.50962 -20.92783 -16.19922 32.2869 -19.00626 -24.09826 30.57483 21.07519 -16.19534 32.16181 -13.52884 -32.02484 30.48622 -13.1029 -32.02484 30.69456 -12.64537 -32.02484 30.84692 13.5839 -32.02514 30.49048 12.78186 -32.02508 30.78189 -21.44464 -12.83167 32.95795 21.0656 -13.46825 33.0685 25.01495 -0.02513587 32.13987 24.99097 0.6445819 32.12396 24.8219 -3.102583 32.13925 -23.29799 -12.16755 31.51355 -22.3734 -16.14843 30.86692 21.89095 -12.20528 32.80555 23.43473 -12.16273 31.36619 -15.47599 -32.02478 29.47112 -15.16067 -32.02484 29.68801 -15.0375 -32.02484 29.74826 -14.09276 -32.02484 30.21037 13.60797 -32.02508 30.47765 14.228 -32.02508 30.14712 15.08995 -32.02502 29.68763 -9.91823e-7 -33.18552 32.23791 -4.225713 -33.21848 32.07134 -24.07343 -8.135182 31.97167 4.250704 -33.21908 32.06962 -8.272679 -33.41053 31.53535 24.22018 -8.131844 31.82589 -21.33537 -20.10111 30.0896 -9.91812e-7 -39.50981 30.75706 -4.35475 -39.5603 30.42321 24.81536 -4.026157 32.03969 8.319504 -33.41411 31.52546 -26.13517 -4.007263 30.56184 -25.48761 -8.094174 30.32869 19.13214 -24.09439 30.4567 22.49744 -16.14247 30.71961 -26.34833 -0.02513587 30.41114 25.13482 -0.02513587 31.99511 -25.1574 -0.02513587 31.89352 25.95103 5.136865 30.50401 26.33647 2.522843 30.50401 26.44147 -0.02513587 30.48842 25.16699 -0.02513587 31.95801 24.44534 10.10044 30.50401 23.34407 12.43104 30.50401 25.32938 7.625001 30.50401 22.00022 14.67492 30.50401 -24.89181 3.917354 31.92942 -25.00177 -0.02513587 32.08721 18.70965 18.68452 30.50401 20.45741 16.75572 30.50401 -22.45523 11.41639 31.92942 -23.96861 7.762747 31.92942 12.45619 23.3189 30.50401 14.70007 21.97506 30.50401 16.78084 20.43225 30.50401 -20.38892 14.78829 31.92942 -17.82056 17.7954 31.92942 10.12559 24.42022 30.50401 -14.81341 20.36377 31.92942 -11.44151 22.43008 31.92942 5.161985 25.92589 30.50401 7.650151 25.30422 30.50401 -3.942476 24.86666 31.92942 -7.787873 23.94344 31.92942 -9.91821e-7 25.17696 31.92942 2.548001 26.31136 30.50401 -8.547307 -39.77315 29.65179 4.380546 -39.56107 30.42036 26.25955 -4.004998 30.39454 -24.5951 -12.10962 29.85929 10.23511 -33.59751 31.02922 -9.9181e-7 26.39641 30.47232 -4.195862 26.4665 29.99406 -8.288407 25.48392 29.99406 -12.17686 23.87329 29.99406 -15.76548 21.67417 29.99406 -18.96591 18.94076 29.99406 -21.69933 15.74035 29.99406 -23.89844 12.15174 29.99406 -25.50909 8.263249 29.99406 -26.49162 4.170733 29.99406 25.60554 -8.089763 30.15952 -10.17938 -33.59113 31.04638 -16.75595 -32.02466 28.59072 -16.35683 -32.02472 28.86525 -15.95742 -32.02478 29.13998 15.97822 -32.02502 29.13945 16.41496 -32.02502 28.80849 15.64601 -32.02502 29.3912 -10.53894 -39.95464 29.02698 8.596055 -39.77684 29.63871 -23.52648 -16.07959 29.22196 -11.98494 -33.83718 30.39377 24.70059 -12.10354 29.69 12.04786 -33.84731 30.36714 -12.44091 -40.19306 28.2376 10.59738 -39.96096 29.0057 -22.35059 -20.03006 28.48494 -9.91807e-7 -42.56449 30.04181 20.32097 -24.04366 29.10178 23.61722 -16.07255 29.0549 -13.67369 -34.15177 29.57224 -20.2196 -24.04915 29.2394 -19.06181 -28.01601 28.37413 -17.5023 -32.02472 27.8916 -16.81594 -32.02466 28.54946 -26.73772 -0.02513587 29.92648 -27.26571 -0.02513587 29.26929 -26.54851 -8.046669 28.44678 -27.27197 -3.981871 28.69367 -9.91797e-7 27.51334 28.74415 -9.91806e-7 26.79672 29.99406 5.382388 27.03394 28.63726 2.656794 27.43585 28.63726 7.976799 26.38574 28.63726 10.55794 25.46396 28.63726 12.98804 24.31567 28.63726 15.32775 22.91449 28.63726 17.49736 21.30576 28.63726 19.50852 19.4834 28.63726 21.33091 17.47223 28.63726 22.9396 15.30262 28.63726 24.34083 12.9629 28.63726 25.48912 10.53281 28.63726 26.41091 7.951634 28.63726 27.05911 5.357223 28.63726 27.46101 2.631681 28.63726 26.63227 -0.02513587 30.26841 13.74186 -34.1665 29.53399 16.85352 -32.02502 28.47615 17.28 -32.02508 28.15296 17.57202 -32.02508 27.83722 17.96426 -32.02508 27.4131 19.15861 -28.0125 28.24851 -4.561623 -45.99796 29.2076 -9.91804e-7 -45.89466 29.6182 -6.793574 -46.09172 28.81908 4.588677 -45.99885 29.20392 27.35871 -3.979427 28.5037 27.47579 -0.02513587 28.58057 -14.23952 -40.49037 27.28367 12.50754 -40.20277 28.20611 -25.51787 -12.04614 27.99014 -15.23121 -34.53509 28.57968 26.62719 -8.042318 28.25642 15.30245 -34.55518 28.52776 -21.13626 -23.98716 27.71655 -4.307968 27.17431 28.74415 -8.509857 26.1655 28.74415 -12.50221 24.51183 28.74415 -16.18671 22.25395 28.74415 -19.47265 19.44752 28.74415 -22.2791 16.16158 28.74415 -24.53697 12.47706 28.74415 -26.19065 8.48474 28.74415 -27.19944 4.282849 28.74415 -24.29059 -16.00777 27.39425 25.58287 -12.04054 27.80295 -8.970366 -46.22111 28.26173 9.021819 -46.22469 28.24625 6.833299 -46.09374 28.81054 2.443037 -52.22366 28.74474 -9.91798e-7 -51.85119 28.86052 -15.92136 -40.84621 26.16632 14.31261 -40.5042 27.24001 -27.46801 -0.02513587 28.71828 -19.95234 -27.97679 26.98506 -22.97722 -19.95902 26.72962 -4.835543 -52.29811 28.47451 -2.42851 -52.22325 28.74582 -7.201412 -52.39002 28.01435 4.864215 -52.29906 28.47012 -16.35683 -32.02472 28.86525 -16.38765 -32.15609 28.81797 -16.64435 -34.98522 27.42012 16.45683 -32.18244 28.75373 21.20521 -23.98108 27.5638 21.72075 -23.92248 25.90608 23.0149 -19.95312 26.55771 24.34052 -16.00163 27.21335 -11.07789 -46.3917 27.53237 11.13991 -46.39749 27.50781 -17.58989 -32.67406 27.55303 -9.91798e-7 -52.15804 28.84963 -8.44238e-6 -58.57281 28.62193 -2.597601 -58.61668 28.43766 -9.509319 -52.50518 27.36167 -17.90167 -35.49776 26.10312 7.243521 -52.39187 28.00431 17.65664 -32.70719 27.47219 16.71632 -35.01139 27.35292 -5.169448 -58.66728 28.10508 2.613134 -58.61691 28.43634 -9.91796e-7 27.55149 28.63294 -4.423515 27.90381 26.59243 -8.738109 26.868 26.59243 -12.83754 25.16993 26.59243 -16.62087 22.85154 26.59243 -19.99494 19.96978 26.59243 -22.87667 16.59574 26.59243 -25.19509 12.81239 26.59243 -26.89314 8.712965 26.59243 -27.49648 -0.02513587 28.64075 -27.92898 4.398363 26.59243 -28.23997 -0.02513587 26.61574 -27.97173 -3.959043 26.60466 -27.15951 -8.007092 26.36557 -9.91781e-7 28.25196 26.59243 5.517042 27.71087 26.58168 2.723261 28.12286 26.58168 8.176356 27.04646 26.58168 10.82206 26.10161 26.58168 13.31296 24.92459 26.58168 15.7112 23.48836 26.58168 17.93509 21.8394 26.58168 19.99657 19.97145 26.58168 21.86454 17.90996 26.58168 23.51347 15.68605 26.58168 24.94976 13.2878 26.58168 26.12677 10.79692 26.58168 27.07162 8.151192 26.58168 27.73604 5.491929 26.58168 28.14799 2.698141 26.58168 27.55137 -0.02513587 28.42935 28.06881 -0.02513587 27.394 2.808853 -65.02514 28.33804 -8.44237e-6 -61.85583 28.5054 -17.47336 -41.25772 24.88863 15.99893 -40.86474 26.10861 -9.91795e-7 -65.02514 28.49995 -2.792098 -65.02514 28.339 28.01297 -3.957314 26.3964 3.275706 -105.0252 28.31113 -21.68832 -23.92732 26.06676 -7.692893 -58.72605 27.54665 5.200065 -58.66788 28.09972 -25.98787 -11.99685 25.96343 -5.520717 -65.02514 27.78456 -3.275708 -65.02514 28.31113 3.275706 -65.02514 28.31113 -18.17933 -32.02472 27.24267 -17.87825 -32.02472 27.53126 -18.47223 -32.02472 26.83924 -3.275708 -105.0252 28.31113 3.275706 -105.0252 28.31113 5.553394 -65.02514 27.7769 9.654029 -105.0252 26.8151 -8.243343 -65.02514 27.14597 -9.654031 -105.0252 26.8151 -11.74474 -52.64763 26.51801 27.19211 -8.00429 26.15963 20.02158 -27.97304 26.8457 9.563878 -52.50822 27.34364 -15.03454 -46.86759 25.55717 -13.10337 -46.60682 26.6302 13.17461 -46.6154 26.59451 8.29228 -65.02514 27.1345 7.737747 -58.72718 27.53454 -10.14778 -58.79609 26.76524 -24.61105 -15.95561 25.45731 26.00782 -11.99363 25.76528 -20.53444 -27.9402 25.47618 -18.61959 -33.25353 26.13841 -18.9932 -36.06586 24.64075 -9.654031 -65.02514 26.8151 10.20571 -58.79793 26.74379 -13.89472 -52.81995 25.48785 11.81056 -52.65234 26.48978 18.68127 -33.29376 26.0402 17.97194 -35.53037 26.01932 -18.88444 -41.71846 23.45457 18.60918 -32.02514 26.71577 -23.18334 -19.91062 24.90627 28.18909 -0.02513587 26.56851 -12.51614 -58.87947 25.76695 17.55327 -41.28138 24.81513 -16.85874 -47.17336 24.31719 15.1134 -46.87957 25.50842 24.6183 -15.95245 25.2705 9.654029 -65.02514 26.8151 -19.26019 -32.0246 25.71376 -19.21062 -32.02466 25.82217 -18.83715 -32.02466 26.33659 18.91673 -32.02508 26.21757 19.28642 -32.02502 25.61873 20.57285 -27.93734 25.32854 10.91183 -65.02514 26.19073 -10.8518 -65.02514 26.22052 15.52221 -105.0252 23.90211 -13.35657 -65.02514 24.97715 -15.52221 -105.0252 23.90211 13.43173 -65.02514 24.93983 12.58569 -58.88221 25.73372 -21.859 -23.88905 24.36935 -15.94698 -53.0229 24.27607 -28.25193 -0.02513587 26.58318 -28.47026 -1.194043 24.42833 -28.23997 -0.02513587 26.61574 -28.25707 -3.051383 24.38155 -28.25193 -0.02513587 26.58318 -28.15468 -3.943426 24.35907 -28.0991 -4.427654 24.34688 13.97038 -52.82668 25.44734 -9.91781e-7 28.2531 26.58156 -5.812493 27.87586 24.43572 -4.452062 28.08233 24.43572 -2.728098 28.34399 24.43572 -2.931756 28.31306 24.43572 -7.356249 27.46435 24.43572 -8.806408 27.07781 24.43572 -8.846113 27.0672 24.43572 -9.714042 26.72954 24.43571 -11.79044 25.92166 24.43571 -12.91897 25.3308 24.43571 -14.22832 24.64529 24.43571 -14.60698 24.44704 24.43571 -12.05099 25.78523 24.43571 -16.73597 23.00831 24.43571 -17.25779 22.65568 24.43571 -18.24339 21.81371 24.43571 -16.3121 23.29476 24.43571 -20.06306 20.18132 24.43571 -20.13157 20.10782 24.43571 -20.33715 19.88735 24.43571 -19.70594 20.56434 24.43571 -21.97513 18.11405 24.43571 -23.02015 16.69951 24.43571 -23.40431 16.17952 24.43571 -23.85437 15.57036 24.43571 -21.91602 18.19404 24.43571 -25.4699 12.76292 24.43571 -25.77067 12.06567 24.43571 -26.78025 9.725172 24.43571 -25.38582 12.90907 24.43571 -27.38954 7.688301 24.43571 -27.06594 8.770127 24.43571 -28.31406 3.225284 24.43571 -28.31585 3.193872 24.43571 -28.10407 4.425364 24.43571 -27.73551 6.531733 24.43571 -28.31373 -0.02513587 26.41485 -28.31373 -0.02513587 26.41485 1.885502 28.38441 24.43572 2.744361 28.34155 24.43572 2.728104 28.34399 24.43572 5.812495 27.87586 24.43572 5.558132 27.91448 24.43572 8.232943 27.2307 24.43572 6.40153 27.71886 24.43572 8.846111 27.0672 24.43572 10.89301 26.27083 24.43571 10.82353 26.29783 24.43571 11.79043 25.92166 24.43571 13.39663 25.0807 24.43571 15.03353 24.15873 24.43571 14.60697 24.44704 24.43571 17.02126 22.81548 24.43571 15.80881 23.63487 24.43571 18.87565 21.27363 24.43571 18.04912 21.97965 24.43571 17.25778 22.65568 24.43571 19.70593 20.56434 24.43571 20.13156 20.10782 24.43571 21.91601 18.19404 24.43571 20.60978 19.59498 24.43571 22.21291 17.79218 24.43571 22.02697 18.04383 24.43571 23.68489 15.79978 24.43571 23.68128 15.80461 24.43571 23.85435 15.57036 24.43571 25.11711 13.37596 24.43571 24.9309 13.69955 24.43571 25.46988 12.76292 24.43571 26.03453 11.45394 24.43571 26.78024 9.725172 24.43571 26.28922 10.8635 24.43571 27.23616 8.201022 24.43571 26.94732 9.166617 24.43571 27.73549 6.531733 24.43571 27.91117 5.527751 24.43571 28.31404 3.225284 24.43571 28.04053 4.788415 24.43571 28.36379 2.354997 24.43571 28.34304 2.717989 24.43571 28.2124 -0.02513587 26.4086 -9.91765e-7 28.47488 24.43572 -0.5090247 28.45045 24.43572 23.18176 -19.90788 24.73241 -14.78172 -58.97758 24.55985 -28.49993 -0.02507627 24.43571 -28.47026 -1.194043 24.42833 28.42006 -1.959009 24.41869 28.49988 -0.02507627 24.43571 28.27012 -3.053529 24.38623 28.14841 -3.941936 24.35989 27.74247 -6.041867 24.27042 28.01951 -4.882915 24.33199 -26.97707 -8.966547 24.09615 -27.37376 -7.667703 24.18788 -27.36444 -7.709367 24.18584 -27.27884 -7.987184 24.16601 -27.73799 -6.040734 24.26772 19.52211 -33.93481 24.4774 -18.56305 -47.52109 22.91214 27.27744 -7.987243 24.16709 27.35166 -7.676763 24.18358 26.97158 -8.964282 24.09666 27.24279 -8.132262 24.15939 -19.46819 -33.88731 24.59313 -19.91024 -36.68139 23.04897 16.94339 -47.18915 24.25352 -20.14395 -42.21992 21.87059 -20.79228 -27.91814 23.90562 19.0592 -36.10514 24.53948 18.9644 -41.74749 23.36366 -24.49607 -15.93505 23.49652 -26.3549 -10.98577 23.9521 -26.03492 -11.8377 23.87368 -25.9841 -11.97307 23.86122 21.85638 -23.88708 24.20816 -15.52221 -65.02514 23.90211 25.98979 -11.97628 23.86957 26.03465 -11.83866 23.87994 24.49771 -15.93576 23.49718 25.93704 -12.13811 23.85737 14.86118 -58.98139 24.5126 -19.5827 -32.02448 25.00851 19.54516 -32.02502 25.19958 -17.88891 -53.25584 22.88646 16.03086 -53.03208 24.22125 -16.92929 -59.09077 23.15304 -19.80963 -32.02436 24.51226 -19.80503 -32.02436 24.52232 -19.96035 -32.0243 24.18267 -24.06445 -17.08428 23.39074 -24.00719 -17.23675 23.37671 -23.90421 -17.52458 23.3476 19.6612 -32.02496 24.88601 19.79522 -32.02496 24.52386 19.83496 -32.02496 24.41646 20.80037 -27.91713 23.75489 23.73847 -17.93902 23.30718 23.89675 -17.52142 23.34679 24.06399 -17.08011 23.38865 15.52221 -65.02514 23.90211 -23.04923 -19.91419 23.10593 -20.13623 -47.90334 21.34039 18.65146 -47.54094 22.83151 23.04273 -19.91199 23.10637 21.9847 -22.91231 22.80099 -21.24127 -42.75249 20.14714 -20.12875 -34.56692 22.94005 -20.64545 -37.33526 21.34781 -15.808 -65.02514 23.66569 20.2215 -42.25425 21.76099 19.96934 -36.72729 22.92987 19.87865 -32.07783 24.39131 18.0505 -65.02514 21.81053 17.0167 -59.0959 23.08972 15.88523 -65.02514 23.6018 -20.24989 -32.74993 22.81331 -20.24989 -32.74993 22.81331 -20.59598 -35.28295 21.20491 20.17221 -34.62163 22.80729 -0.5099784 28.45658 12.43572 1.022979 28.45647 12.43572 -1.018667 28.45664 12.43572 1.878387 28.34656 12.43572 6.211146 27.78979 12.43572 6.211146 27.78979 12.43572 -2.919414 28.21429 12.43572 -6.160945 27.801 12.43572 6.402863 27.72762 12.43572 -7.340987 27.42358 12.43572 -9.697357 26.67 12.43572 10.82441 26.29341 12.43572 11.29854 26.13957 12.43572 11.29854 26.13957 12.43572 15.00244 24.09782 12.43572 -11.12887 26.21223 12.43572 -12.01743 25.72467 12.43572 -14.1716 24.54277 12.43572 -16.15058 23.45695 12.43572 16.09129 23.4976 12.43572 16.97192 22.75904 12.43572 16.97192 22.75904 12.43572 -16.32159 23.31277 12.43572 18.82114 21.20806 12.43572 -18.18399 21.74284 12.43572 18.82114 21.20806 12.43572 20.36224 19.91548 12.43572 -20.05425 20.16624 12.43572 20.6142 19.60267 12.43572 -20.36049 19.90809 12.43572 -20.41153 19.86505 12.43572 22.1283 17.72274 12.43572 -21.87587 18.03436 12.43572 23.67674 15.80014 12.43572 -23.3778 16.15669 12.43572 23.8218 15.62007 12.43572 23.8218 15.62007 12.43572 24.8447 13.65657 12.43572 -23.88771 15.51922 12.43572 -25.70845 12.03038 12.43572 26.00285 11.43356 12.43572 26.47266 10.5318 12.43572 26.88257 9.147543 12.43572 -26.41268 10.68093 12.43572 -27.31678 7.666486 12.43572 27.95242 5.534726 12.43572 -27.94504 5.571681 12.43572 28.02569 4.790681 12.43572 28.26663 2.34391 12.43572 -28.22535 3.183143 12.43572 -28.49993 -0.02507627 24.18022 -28.48156 1.000004 13.43571 -28.50004 -0.02471864 18.24228 -28.50009 -0.02459943 15.99538 -28.50008 -0.02459943 16.31889 28.49988 -0.02507627 24.18046 -28.3376 -2.589626 23.16407 28.33751 -2.589626 23.16407 20.11589 -32.02484 23.6573 20.27512 -32.81264 22.66693 20.11589 -32.02484 23.6573 27.85079 -5.221409 22.1218 -21.88433 -23.31094 22.76504 -21.72545 -23.89304 22.70874 -22.04643 -22.71698 22.82247 -27.85088 -5.221409 22.1218 -19.7074 -53.51625 21.32158 -18.94404 -59.21886 21.55558 17.97912 -53.26776 22.81534 21.8774 -23.30587 22.76298 21.133 -26.03648 22.49928 21.71788 -23.89107 22.70647 -27.12767 -7.804317 21.08387 -27.02491 -8.831245 23.72197 27.02482 -8.831245 23.72197 27.12758 -7.804317 21.08387 -20.10025 -32.02442 23.56572 -20.24989 -32.74993 22.81331 28.4896 -0.6474084 17.99161 28.4999 -0.02513587 18.24807 -26.10138 -11.37523 22.67621 -20.16566 -32.02448 23.27726 -21.1457 -26.01723 22.5033 -21.06441 -26.31508 22.4745 -20.78078 -27.92315 22.33537 20.57016 -105.0252 19.72608 -17.95994 -65.02514 21.88545 -20.11273 -65.02514 20.1045 -20.57017 -105.0252 19.72608 26.10128 -11.37523 22.67621 23.78899 -16.33529 20.51239 20.56949 -29.10713 22.23167 20.78216 -27.92357 22.33434 21.07048 -26.31889 22.47355 21.09845 -26.16326 22.48705 20.18966 -32.02496 23.17376 20.53905 -29.5438 22.19962 20.5514 -29.36672 22.21262 20.15109 -32.0249 23.42656 26.23643 -10.34359 20.03396 -23.78908 -16.33529 20.51239 -21.56599 -48.31092 19.6043 -23.89596 -17.46909 23.22209 23.89587 -17.46909 23.22209 20.2262 -47.92718 21.2408 21.68225 -22.43309 20.97108 -20.31345 -32.0246 22.6255 22.57153 -18.78212 19.40332 -21.68234 -22.43309 20.97108 -21.50343 -21.79937 19.63641 20.36606 -32.02514 22.01752 28.2161 -3.319842 16.94368 -28.48969 -0.6474084 17.99161 20.21574 -65.02514 20.01928 19.03716 -59.22542 21.47423 -22.16595 -43.30574 18.29903 -21.19276 -38.01743 19.56055 21.31375 -42.79176 20.01802 20.69496 -37.38759 21.21117 -21.39057 -53.79746 19.58082 -20.81158 -59.36042 19.77443 19.80187 -53.53097 21.23206 -20.45639 -33.50947 21.05163 -20.86624 -36.02449 19.4151 20.6263 -35.3444 21.05626 20.67037 -24.88516 19.79993 -20.67046 -24.88516 19.79993 21.05981 -26.2659 22.38079 25.15173 -12.84967 18.95848 -26.23652 -10.34359 20.03396 20.4649 -33.57903 20.89149 -20.36607 -32.02484 22.0181 -20.31345 -32.0246 22.6255 -20.53668 -29.54255 22.20031 -20.56311 -29.15786 22.22854 -20.31345 -32.0246 22.6255 -20.5485 -29.37053 22.21294 -21.0599 -26.2659 22.38079 20.4132 -28.77007 20.92433 19.74714 -27.29408 18.55898 -20.41329 -28.77007 20.92433 20.51884 -29.49641 22.1426 -20.51893 -29.49641 22.1426 -20.53668 -29.54255 22.20031 -20.36577 -32.02484 22.01163 20.36516 -32.02526 21.8963 20.35942 -32.02621 21.11385 20.27743 -32.02585 20.6022 20.24459 -32.02573 20.39724 20.24459 -32.02573 20.39724 20.27022 -31.98568 20.32582 20.51884 -29.49641 22.1426 -20.27031 -31.98568 20.32582 -20.27568 -32.02478 20.38459 -20.27749 -32.02478 20.3919 -20.29142 -32.02478 20.44807 -20.3045 -32.02484 20.72323 27.64682 -5.958003 15.91199 -28.21619 -3.319842 16.94368 -22.83852 -48.73363 17.71088 21.65498 -48.33845 19.48406 -20.57017 -65.02514 19.72608 20.90799 -59.36835 19.67309 -22.90793 -43.86876 16.34513 -22.9245 -54.09131 17.66542 -22.51838 -59.51141 17.81476 21.48698 -53.81481 19.47077 22.23052 -43.34949 18.15014 21.23002 -38.07566 19.40727 -21.54747 -38.71677 17.7125 -27.6469 -5.958003 15.91199 -26.51807 -9.41692 17.4337 20.88082 -36.09208 19.25226 -20.45726 -34.28964 19.267 -20.93757 -36.77998 17.59877 20.09877 -23.54286 17.27621 21.35476 -21.19593 18.31199 19.4776 -30.44085 18.20183 19.95209 -31.21619 19.2415 -19.74723 -27.29408 18.55898 -19.47769 -30.44085 18.20183 -19.95218 -31.21619 19.2415 20.44652 -34.36516 19.09558 22.63666 -17.76092 16.75837 23.90911 -15.3291 17.85572 -22.57163 -18.78212 19.40332 -25.15183 -12.84967 18.95848 -23.9092 -15.3291 17.85572 20.02899 -32.70344 18.88966 20.24414 -32.02573 20.3944 20.22858 -32.02567 20.29732 -20.27568 -32.02478 20.38459 -20.06759 -32.62142 19.06834 -20.25351 -35.07898 17.49254 -20.25391 -32.02478 20.29681 -20.25391 -32.02478 20.29681 -20.04034 -32.02478 19.43553 20.09852 -32.02514 19.48564 19.95209 -31.21619 19.2415 -23.93907 -49.16094 15.67162 25.53781 -11.96693 16.36638 26.51798 -9.41692 17.4337 20.57016 -65.02514 19.72608 22.92369 -48.76433 17.56874 -21.8967 -65.02514 17.97844 21.988 -65.02514 17.85815 24.53115 -105.0252 14.50768 -23.58759 -65.02514 15.75077 -24.53115 -105.0252 14.50768 23.6889 -65.02514 15.61729 22.61537 -59.52064 17.69164 -21.35485 -21.19593 18.31199 -19.28192 -26.55224 17.42088 -24.29276 -54.3891 15.58126 -24.04927 -59.66685 15.68457 -23.45782 -44.43059 14.30787 20.03014 -32.0252 19.29922 23.02012 -54.11092 17.53296 23.69376 -51.62439 16.48026 -19.86499 -32.02472 18.7284 -21.70617 -39.4216 15.83021 22.96165 -43.91614 16.17684 21.56982 -38.78013 17.54407 21.25457 -20.09736 15.73767 -22.63675 -17.76092 16.75837 19.78464 -32.02544 18.62995 -20.80985 -37.53785 15.78544 20.93392 -36.85281 17.42404 -19.81647 -32.02472 18.62267 -19.6088 -32.02466 18.17016 20.2214 -35.15963 17.31369 -19.59766 -33.42555 17.35359 -19.85043 -35.86749 15.76839 24.35535 -14.47431 15.28448 -25.5379 -11.96693 16.36638 19.53495 -33.51227 17.17409 19.56413 -32.02561 18.02879 18.87593 -29.65586 17.21576 19.28183 -26.55224 17.42088 -18.87601 -29.65586 17.21576 19.8482 -22.90569 16.05686 -21.25466 -20.09736 15.73767 -19.84829 -22.90569 16.05686 -20.09886 -23.54286 17.27621 -24.85256 -49.58234 13.5027 28.49991 -0.02513587 16.26809 19.50674 -32.02567 17.87237 19.02077 -32.02556 17.08142 -19.23048 -32.02466 17.34574 -18.97234 -32.02472 16.97349 -19.04151 -32.02472 17.07324 24.01725 -49.19413 15.50683 28.49213 -0.6966418 12.43562 28.41621 -1.661283 12.43564 23.02651 -16.8796 14.24513 -24.35544 -14.47431 15.28448 -24.53115 -65.02514 14.50768 -23.80701 -44.98051 12.21286 -25.47734 -54.682 13.33967 24.14374 -59.67716 15.53821 -25.38748 -59.82176 13.39492 -21.66653 -40.12076 13.94055 23.49759 -44.48072 14.12125 21.711 -39.48913 15.64869 24.97608 -57.14224 14.35355 24.38442 -54.41043 15.42494 -20.48511 -38.28726 14.00644 26.04345 -11.16953 13.85996 26.9089 -8.576018 14.88591 -26.909 -8.576018 14.88591 20.78569 -37.61486 15.60186 18.78512 -25.81368 16.32035 18.18339 -28.85888 16.28812 -18.78521 -25.81368 16.32035 -18.18348 -28.85888 16.28812 -18.9325 -34.22431 15.74547 -19.25662 -36.6448 14.13025 19.7953 -35.95219 15.58673 -18.29037 -25.08239 15.26546 18.87629 -32.02556 16.84628 18.66767 -32.0255 16.50674 18.57176 -32.02544 16.35063 18.01931 -31.96428 15.71602 -18.15253 -32.02496 15.87508 -18.33711 -32.0249 16.05746 -18.6529 -32.02484 16.51284 -18.0194 -31.96428 15.71602 -18.06825 -32.02496 15.79181 18.84496 -34.31455 15.57042 28.24648 -3.817422 12.43565 -28.48055 -1.000029 13.43571 -28.23604 -3.895146 12.43546 -28.42684 -1.662118 12.43566 -28.48055 -1.000029 13.43571 21.41136 -19.11078 13.35639 -23.0266 -16.8796 14.24513 -18.11812 -32.49059 15.64812 -18.08832 -35.00674 14.27609 17.997 -32.58316 15.48428 17.997 -32.58316 15.48428 24.84484 -51.98715 14.31552 24.97037 -13.69057 12.84997 -26.04354 -11.16953 13.85996 18.05531 -32.02544 15.8071 18.57176 -32.02544 16.35063 -25.56415 -49.98801 11.22546 17.43767 -28.04957 15.41862 18.29027 -25.08239 15.26546 -16.67392 -27.23024 14.60593 -17.43776 -28.04957 15.41862 17.08886 -31.13608 15.04528 -17.08895 -31.13608 15.04528 28.49991 -0.02513587 12.43572 24.9203 -49.61715 13.31522 17.82089 -24.36219 14.26689 18.75413 -23.33908 14.54496 19.64606 -22.29331 14.88462 -19.64615 -22.29331 14.88462 -18.75422 -23.33908 14.54496 -28.49993 -0.02507627 13.43571 -28.49543 0.4856759 13.43571 28.07054 -4.736465 12.43589 27.64843 -6.941241 12.43645 -27.63183 -7.008118 12.43549 -28.07272 -4.736585 12.43547 -23.94716 -45.50801 10.08554 18.01868 -32.02544 15.76855 -17.97108 -32.02502 15.69579 -21.42664 -40.80264 12.06814 17.95801 -32.02544 15.7047 -19.96731 -39.01724 12.29144 -18.48298 -37.39992 12.60719 20.44935 -20.14617 13.00868 -20.44944 -20.14617 13.00868 -21.41145 -19.11078 13.35639 -17.14413 -32.02514 14.87869 17.28416 -32.02538 14.99551 17.08886 -31.13608 15.04528 -17.04185 -33.24888 14.36681 -25.02965 -65.02514 13.38802 23.82968 -45.03236 12.00969 21.65125 -40.19133 13.74834 -17.08323 -35.76134 12.96818 24.53115 -65.02514 14.50768 20.43839 -38.36725 13.8176 19.17727 -36.73224 13.9503 -26.51552 -59.97101 10.9604 17.97582 -35.09895 14.11023 26.24883 -65.02514 10.64971 25.47594 -59.83273 13.22425 25.1046 -65.02514 13.2197 16.89597 -33.3421 14.21911 25.56149 -54.70441 13.15864 16.10689 -30.28933 14.45521 16.67383 -27.23024 14.60593 -15.10661 -29.42262 13.93121 -16.10698 -30.28933 14.45521 23.41285 -16.20786 12.43573 24.06017 -15.30634 12.43574 -24.10914 -15.22939 12.43564 -24.3867 -14.72877 12.43578 -24.97046 -13.69057 12.84997 16.8684 -25.37905 14.04242 15.92113 -26.40711 13.85211 -17.82099 -24.36219 14.26689 -16.8685 -25.37905 14.04242 17.00976 -32.02532 14.80309 16.63515 -32.02526 14.54042 -15.98693 -32.02502 14.09633 -16.6388 -32.02508 14.53705 26.77344 -9.803874 12.43616 27.39882 -7.757884 12.43637 -26.81572 -9.686751 12.43678 -27.4031 -7.758839 12.43585 18.22255 -22.06246 12.57284 18.22255 -22.06246 12.57284 19.38118 -21.12733 12.74449 -19.38127 -21.12733 12.74449 15.10653 -29.42262 13.93121 -14.11616 -28.54018 13.45992 -15.92123 -26.40711 13.85211 17.00174 -22.96851 12.49454 -18.22264 -22.06246 12.57284 15.65859 -34.06284 13.15292 15.84977 -32.0252 13.98972 -15.82794 -33.97087 13.28139 27.19585 -105.0252 8.522666 -26.16691 -65.02514 10.83369 -27.19585 -105.0252 8.522666 15.08234 -32.02532 13.63733 -14.67919 -32.0252 13.4517 -15.0852 -32.02508 13.63325 -15.72536 -32.02496 13.91949 -15.93563 -36.47665 11.83602 26.14261 -57.36522 11.98911 25.799 -52.33828 12.01297 -26.05973 -50.36901 8.866429 -17.54194 -38.12186 11.22221 15.75725 -23.87003 12.49805 -17.00183 -22.96851 12.49454 21.49806 -18.67925 12.43571 22.19918 -17.89806 12.43569 -22.21904 -17.87351 12.43555 -23.41097 -16.20607 12.43561 16.94608 -35.8539 12.81562 -19.26204 -39.71676 10.66746 25.61781 -50.02347 11.01603 18.37862 -37.4885 12.43329 14.52936 -24.79403 12.55709 -15.75734 -23.87003 12.49805 -20.98561 -41.45549 10.23793 19.89624 -39.09872 12.1012 -23.86815 -45.99962 7.942631 14.49251 -32.02544 13.36649 14.4781 -32.02544 13.35987 14.12159 -32.0255 13.19618 14.11607 -28.54018 13.45992 -14.11956 -32.02526 13.20146 -14.47622 -32.0252 13.36094 -12.45127 -30.75992 12.90137 26.39147 -10.70021 12.4363 25.05754 -13.53387 12.4363 25.57824 -12.60851 12.43659 -25.69353 -12.37158 12.43641 -26.39189 -10.7008 12.43664 -12.24107 -26.78339 12.68163 -14.52945 -24.79403 12.55709 21.38869 -40.87476 11.86796 23.94932 -45.56004 9.86737 14.30668 -34.73352 12.28625 -14.49826 -34.64488 12.39356 -26.48208 -52.64012 9.815395 -25.72727 -52.30961 12.21002 12.45118 -30.75992 12.90137 10.2246 -28.95181 12.59443 12.24098 -26.78339 12.68163 -10.22469 -28.95181 12.59443 -28.48156 1.000004 12.43572 -28.48341 -1.000029 12.43572 -27.19585 -65.02514 8.522666 -13.21269 -32.54203 12.7665 -13.07006 -35.25959 11.69654 12.99047 -32.62256 12.68446 -21.49531 -18.6746 12.4356 -20.44689 -19.83504 12.43566 -26.45978 -54.96172 10.95758 -14.6626 -37.14142 10.88618 26.59417 -59.98228 10.76491 -13.97735 -32.02532 13.13787 14.05492 -32.0255 13.16556 13.04348 -32.02544 12.88533 26.53254 -54.98437 10.75173 15.7744 -36.56755 11.70011 -13.26122 -32.02544 12.93865 20.45267 -19.84404 12.43573 19.3337 -20.91102 12.43512 20.15985 -20.17025 12.43574 -20.00579 -20.32332 12.43568 -16.4466 -38.79992 9.992525 -10.01158 -33.52396 11.93954 -12.06132 -32.02561 12.60487 11.94082 -32.02538 12.57982 11.57374 -32.02538 12.5289 -10.12178 -32.02722 12.31424 -11.57322 -32.02603 12.53173 24.3853 -14.72853 12.43593 -25.05109 -13.53036 12.4361 17.41213 -38.20996 11.0584 -11.5566 -35.80437 11.17764 -18.16917 -21.93157 12.43451 -19.33445 -20.9112 12.43526 12.85697 -35.34255 11.61114 9.753883 -33.58761 11.90135 11.32334 -35.87953 11.11437 9.658679 -26.8387 12.43555 11.49273 -26.05472 12.43586 12.71124 -25.53384 12.43606 -12.19995 -25.78138 12.43572 -11.50408 -26.06355 12.43569 -14.3675 -24.59894 12.43561 -18.3764 -40.37569 9.158529 8.201665 -27.26959 12.43562 8.259698 -27.25242 12.43561 9.863734 -32.0255 12.2917 8.43735 -31.23627 12.27924 -8.437441 -31.23627 12.27924 -9.491158 -32.02734 12.24512 -9.728713 -32.02758 12.25535 -8.181476 -27.28621 12.43561 -8.271561 -27.261 12.43561 -9.172255 -27.00905 12.4356 17.85234 -22.23931 12.43402 18.17756 -21.94766 12.43426 16.95773 -22.88739 12.43467 16.95773 -22.88739 12.43467 -17.49689 -22.52029 12.43408 14.36058 -24.59107 12.43587 -15.0582 -24.22218 12.43557 15.70537 -23.79463 12.4356 15.52366 -23.9263 12.43573 -15.69426 -23.7783 12.43518 -16.96155 -22.89389 12.43441 -8.29481e-5 -28.52563 12.43542 0.3809397 -28.50394 12.43545 -8.29481e-5 -28.67703 12.43788 0.6537278 -32.02502 12.31441 -4.56952e-5 -32.02502 12.33598 0.6537278 -32.02502 12.31441 -0.6557415 -32.02579 12.32742 -0.3820667 -28.50489 12.43546 -26.39189 -10.7008 12.43664 -26.81572 -9.686751 12.43678 -27.4031 -7.758839 12.43585 -25.69353 -12.37158 12.43641 19.31739 -5.176407 12.43572 26.39147 -10.70021 12.4363 25.57824 -12.60851 12.43659 17.31939 -9.999973 12.43572 25.05754 -13.53387 12.4363 27.39882 -7.757884 12.43637 27.64843 -6.941241 12.43645 28.07054 -4.736465 12.43589 -25.05109 -13.53036 12.4361 26.77344 -9.803874 12.43616 24.3853 -14.72853 12.43593 -24.3867 -14.72877 12.43578 9.99888 -17.3205 12.43572 12.71124 -25.53384 12.43606 14.36058 -24.59107 12.43587 24.06017 -15.30634 12.43574 28.24648 -3.817422 12.43565 15.52366 -23.9263 12.43573 -27.63183 -7.008118 12.43549 -15.69426 -23.7783 12.43518 -24.10914 -15.22939 12.43564 -15.0582 -24.22218 12.43557 23.41285 -16.20786 12.43573 14.14101 -14.14214 12.43572 20.45267 -19.84404 12.43573 20.15985 -20.17025 12.43574 19.3337 -20.91102 12.43512 21.49806 -18.67925 12.43571 15.70537 -23.79463 12.4356 -2.190405 -30.03882 12.40928 -3.726058 -28.25294 12.43571 -3.089458 -28.35791 12.43573 -28.19996 -1.000029 12.43572 22.19918 -17.89806 12.43569 -28.19996 1.000004 12.43572 -2.919414 28.21429 12.43572 -1.018667 28.45664 12.43572 -0.5099784 28.45658 12.43572 -28.19996 1.000004 12.43572 -14.14326 14.14211 12.43572 -10.00112 17.32053 12.43572 1.022979 28.45647 12.43572 -0.001125991 20 12.43572 -5.177506 19.31854 12.43572 1.878387 28.34656 12.43572 6.211146 27.78979 12.43572 -6.160945 27.801 12.43572 -7.340987 27.42358 12.43572 5.175254 19.31854 12.43572 6.402863 27.72762 12.43572 9.99888 17.32053 12.43572 10.82441 26.29341 12.43572 -9.697357 26.67 12.43572 -11.12887 26.21223 12.43572 11.29854 26.13957 12.43572 -12.01743 25.72467 12.43572 15.00244 24.09782 12.43572 -14.1716 24.54277 12.43572 -16.15058 23.45695 12.43572 16.09129 23.4976 12.43572 16.97192 22.75904 12.43572 -16.32159 23.31277 12.43572 -18.18399 21.74284 12.43572 14.14101 14.14211 12.43572 18.82114 21.20806 12.43572 -20.05425 20.16624 12.43572 20.36224 19.91548 12.43572 -20.36049 19.90809 12.43572 20.6142 19.60267 12.43572 -20.41153 19.86505 12.43572 -21.87587 18.03436 12.43572 22.1283 17.72274 12.43572 -23.3778 16.15669 12.43572 17.31939 10.00001 12.43572 23.67674 15.80014 12.43572 -23.88771 15.51922 12.43572 23.8218 15.62007 12.43572 24.8447 13.65657 12.43572 -25.70845 12.03038 12.43572 -17.32163 10.00001 12.43572 19.31739 5.176383 12.43572 26.00285 11.43356 12.43572 -27.31678 7.666486 12.43572 -26.41268 10.68093 12.43572 -28.22535 3.183143 12.43572 26.47266 10.5318 12.43572 26.88257 9.147543 12.43572 -19.31964 5.176383 12.43572 27.95242 5.534726 12.43572 -27.94504 5.571681 12.43572 28.02569 4.790681 12.43572 19.99888 1.72662e-5 12.43572 -20.00113 1.72662e-5 12.43572 28.26663 2.34391 12.43572 -28.48156 1.000004 12.43572 28.49991 -0.02513587 12.43572 28.49213 -0.6966418 12.43562 28.41621 -1.661283 12.43564 -19.31964 -5.176407 12.43572 -4.585237 -28.11126 12.43568 -6.161221 -27.85133 12.43563 -28.42684 -1.662118 12.43566 -28.48341 -1.000029 12.43572 -17.32163 -9.999973 12.43572 -14.14326 -14.14214 12.43572 18.17756 -21.94766 12.43426 17.85234 -22.23931 12.43402 -10.00112 -17.3205 12.43572 5.175254 -19.31851 12.43572 16.95773 -22.88739 12.43467 -5.177506 -19.31851 12.43572 6.478688 -27.77921 12.43569 4.580869 -28.10798 12.43567 -0.001125991 -20.00002 12.43572 3.229356 -28.34211 12.43567 3.722607 -28.25664 12.43567 -4.392219 -31.79673 12.21002 6.192542 -29.46417 12.38821 -20.44689 -19.83504 12.43566 -19.33445 -20.9112 12.43526 -20.00579 -20.32332 12.43568 -6.192629 -29.46417 12.38821 4.392131 -31.79673 12.21002 2.190313 -30.03882 12.40928 -28.23604 -3.895146 12.43546 -21.49531 -18.6746 12.4356 -23.41097 -16.20607 12.43561 -22.21904 -17.87351 12.43555 -18.16917 -21.93157 12.43451 -17.49689 -22.52029 12.43408 -16.96155 -22.89389 12.43441 -28.07272 -4.736585 12.43547 -0.6557415 -32.02579 12.32742 19.16511 -39.79818 10.47985 4.226482 -32.02526 12.19655 3.043785 -32.02514 12.23556 -3.348947 -32.02579 12.24366 -0.9721975 -32.02621 12.3233 -13.27832 -37.74491 10.11813 6.138801 -32.02532 12.13346 7.874711 -32.02544 12.18272 6.470605 -32.02538 12.14287 -6.758504 -32.02526 12.1294 -6.78254 -32.02526 12.12859 -4.56952e-5 -34.48907 11.94366 -4.56951e-5 -34.73167 11.86043 -3.307433 -34.56859 11.77524 3.007016 -34.5904 11.79005 9.492278 -32.0255 12.24018 -20.34399 -42.06822 8.475549 14.47789 -37.22856 10.76945 9.38744 -32.02556 12.22564 -7.873864 -32.02609 12.17554 -4.22879 -32.02567 12.21417 -6.667626 -34.19338 11.68376 -26.32536 -50.71608 6.452537 -27.22223 -55.22052 8.45734 6.384588 -34.23552 11.68194 20.92255 -41.52755 10.03308 -23.56029 -46.44267 5.803502 26.53917 -52.66861 9.595036 26.09545 -50.40399 8.636728 27.09155 -57.57449 9.487941 -6.655895 -35.61381 11.19362 -9.976861 -36.27149 10.82351 9.725674 -36.337 10.78208 6.375065 -35.65661 11.19176 23.84608 -46.05005 7.710985 3.010898 -36.01084 11.30461 -4.56951e-5 -36.12957 11.38075 -15.20991 -39.42404 8.929655 -3.311024 -35.98992 11.28908 16.29116 -38.88563 9.842462 -11.79483 -38.27761 9.525627 13.07044 -37.82622 10.02216 -4.56951e-5 -36.38069 11.29459 3.037631 -37.3498 10.63276 -4.56951e-5 -37.42937 10.69733 -3.339675 -37.33013 10.61754 -6.692466 -36.95897 10.53502 -27.01098 -52.94297 7.331616 -17.31879 -40.98449 7.785223 6.412014 -37.00183 10.53147 11.56474 -38.35092 9.451381 9.815886 -37.60509 9.992993 18.2524 -40.45532 8.977614 -27.24447 -65.02514 8.267782 -27.02107 -57.55768 9.70149 -27.41612 -60.10984 8.400321 -27.7512 -57.74794 7.112048 -13.84378 -39.98504 8.039452 -10.06597 -37.54 10.03884 6.498544 -38.263 9.692816 15.0288 -39.5054 8.796453 27.81176 -65.02514 5.29392 27.48091 -60.12092 8.180268 27.19585 -65.02514 8.522666 27.28516 -65.02514 8.054487 27.2795 -55.24258 8.227385 -4.56951e-5 -38.061 10.33763 -19.50412 -42.63119 6.806417 3.088704 -38.59881 9.765208 -3.395033 -38.58064 9.751446 -6.780591 -38.22086 9.699858 20.2536 -42.13856 8.269802 -4.56951e-5 -38.64537 9.834565 -23.01587 -46.82658 3.692901 -12.3597 -40.47499 7.322429 -26.34501 -51.01554 3.999329 -10.22935 -38.73227 9.099721 23.51028 -46.48958 5.560904 13.63699 -40.06014 7.925554 6.635866 -39.43525 8.674263 9.978868 -38.79587 9.047492 -16.09874 -41.53506 6.564221 26.3389 -50.74904 6.203814 17.16681 -41.06067 7.614992 -4.56951e-5 -39.65412 8.966244 -27.74829 -55.45173 5.866362 3.164782 -39.75294 8.700407 -3.477813 -39.73649 8.689291 -6.921497 -39.3946 8.686579 -28.07331 -60.23411 5.739435 27.04933 -52.97033 7.089584 -10.77318 -40.88835 6.774998 27.80501 -57.76391 6.874344 12.12782 -40.54199 7.229647 -18.47039 -43.13652 5.254826 -9.100513 -41.22232 6.388164 8.822478 -41.26892 6.339653 10.51746 -40.94575 6.704381 19.38441 -42.69818 6.603933 -4.56951e-5 -39.79758 8.791506 -14.72664 -42.02066 5.507818 -27.29857 -53.21012 4.78643 15.91816 -41.60611 6.408407 -3.82445e-5 -41.0016 7.325298 7.059036 -41.51217 6.118587 3.39081 -41.77646 6.002939 -3.724252 -41.76376 6.000682 -7.357658 -41.477 6.146444 28.42346 -105.0252 2.08729 -28.29137 -65.02514 2.779777 -28.42346 -105.0252 2.08729 -27.76772 -65.02514 5.524828 -22.23014 -47.14368 1.639648 -28.2344 -57.91388 4.437602 22.93437 -46.8683 3.442852 27.78581 -55.47224 5.613967 28.33834 -65.02514 2.533494 28.12003 -60.24448 5.495956 -13.21405 -42.43616 4.623427 -26.10392 -51.25497 1.52615 14.51716 -42.08491 5.369737 -17.24965 -43.5786 3.842904 26.33176 -51.04444 3.732732 18.31977 -43.19863 5.059979 -28.02257 -55.6486 3.213024 -3.82445e-5 -41.77318 6.044991 -11.5747 -42.77877 3.913357 12.97583 -42.49225 4.505805 -28.47357 -60.34038 3.007102 27.31366 -53.23485 4.523999 28.2673 -57.92836 4.177487 -21.2022 -47.38949 -0.3249657 -9.823707 -43.04795 3.374054 11.30845 -42.82556 3.818153 22.1139 -47.17861 1.386526 -15.8515 -43.95394 2.589534 -27.32778 -53.42881 2.196747 17.06698 -43.63439 3.660104 -7.977229 -43.24601 2.995285 9.530573 -43.08478 3.302156 7.658808 -43.27265 2.946271 -3.82445e-5 -42.36201 5.067981 3.705925 -43.4619 2.630035 -4.068037 -43.45349 2.641308 -28.45704 -58.05031 1.706834 28.03574 -55.66631 2.939569 24.29567 -49.17536 1.043557 26.05931 -51.27803 1.244015 -14.28787 -44.26161 1.50917 28.49808 -60.34956 2.742136 15.63622 -44.00245 2.423006 -19.93601 -47.5633 -2.168917 -3.82445e-5 -43.47382 2.606503 21.04854 -47.41655 -0.5760018 -28.02874 -55.80012 0.5160633 -12.5708 -44.50271 0.6102461 27.3148 -53.44902 1.915159 14.03974 -44.30202 1.362624 -28.60659 -60.42503 0.2319242 28.46456 -58.06217 1.42588 -27.08341 -53.58766 -0.4166525 -10.71427 -44.6804 -0.1055051 -18.44128 -47.66862 -3.861428 12.28993 -44.53454 0.4865702 -24.37551 -49.1477 1.31665 -23.59424 -49.34559 -0.9335551 19.743 -47.58177 -2.412194 -8.734827 -44.79996 -0.6436009 10.40143 -44.70352 -0.2044972 -28.40556 -58.14825 -1.059869 -28.53221 -62.76313 -1.25361 -28.52229 -62.72344 1.537825 -6.651436 -44.86964 -1.017289 8.391477 -44.81492 -0.7173989 6.279788 -44.87739 -1.066976 28.01274 -55.81335 0.2230171 -28.42346 -65.02514 2.08729 28.42346 -65.02514 2.08729 28.49999 -65.02514 -1.12635e-6 28.49015 -65.02514 -0.2683226 28.60477 -60.43217 -0.05275869 -3.82445e-5 -43.62569 2.270377 -4.485332 -44.90058 -1.247959 4.088356 -44.90314 -1.276457 -4.56951e-5 -44.9066 -1.409673 -16.73154 -47.71296 -5.375155 18.20804 -47.67851 -4.091029 -27.75276 -55.89644 -2.202024 28.5 -105.0252 -1.12635e-6 -28.49999 -65.02514 -1.12678e-6 -28.5 -105.0252 -1.12678e-6 27.03761 -53.60154 -0.7149551 -28.46339 -60.48159 -2.56451 -22.54871 -49.46838 -3.104856 -28.42346 -65.02514 -2.087289 -25.5905 -51.4255 -0.9407002 -26.55391 -53.67867 -3.026315 -14.81558 -47.70647 -6.68934 28.38308 -58.15617 -1.359915 23.47701 -49.3652 -1.212244 16.45703 -47.71499 -5.585433 -24.79729 -51.5217 -3.369657 25.51017 -51.44105 -1.234887 -12.70528 -47.66087 -7.791405 -28.06859 -58.19998 -3.838518 14.49873 -47.70158 -6.875452 -28.26692 -62.78811 -4.0451 27.70287 -55.90353 -2.512046 28.42346 -105.0252 -2.087289 -28.42346 -105.0252 -2.087289 28.23809 -65.02514 -3.059079 28.2217 -62.78978 -4.345582 28.42346 -65.02514 -2.087289 28.43106 -60.48576 -2.866839 -10.41792 -47.58982 -8.67741 12.34616 -47.65068 -7.949599 -21.24258 -49.51755 -5.162031 -27.18436 -55.93083 -4.912809 22.39105 -49.47899 -3.383746 -7.975616 -47.50888 -9.352339 26.4708 -53.68481 -3.337776 10.01771 -47.57647 -8.805295 -23.72205 -51.54232 -5.725627 -25.73221 -53.69768 -5.599977 -5.404678 -47.43503 -9.8301 -28.03675 -60.50483 -5.357211 7.536649 -47.49498 -9.449122 24.67731 -51.52843 -3.671327 -4.56951e-5 -44.96018 -1.563572 -2.735109 -47.38627 -10.13316 -28.29137 -65.02514 -2.779727 4.930436 -47.42382 -9.896768 2.230226 -47.38144 -10.17258 28.01164 -58.20266 -4.154832 -3.82444e-5 -47.37977 -10.2921 27.19585 -105.0252 -8.522665 -27.19585 -105.0252 -8.522665 -19.68625 -49.49925 -7.070352 -27.43838 -58.20045 -6.600153 21.04232 -49.51886 -5.435036 27.09617 -55.93059 -5.236154 -27.72453 -62.79568 -6.810945 -27.76774 -65.02514 -5.524692 27.96988 -60.50525 -5.674121 -26.31795 -55.90019 -7.583887 27.71111 -65.02514 -5.821546 -22.36876 -51.49058 -7.971735 25.60778 -53.69488 -5.919998 -24.61674 -53.64446 -8.102236 23.55915 -51.53952 -6.029253 -27.32254 -60.4916 -8.117249 -17.89417 -49.42433 -8.797774 19.44244 -49.49168 -7.330984 27.34283 -58.19694 -6.928958 27.19585 -65.02514 -8.522665 27.64509 -62.79539 -7.123423 -26.51165 -58.14753 -9.312791 -20.74869 -51.37447 -10.07114 26.18754 -55.89167 -7.915945 -26.90561 -62.78429 -9.522991 -15.87392 -49.30607 -10.31805 22.16067 -51.47813 -8.271039 -27.2445 -65.02514 -8.267658 17.60543 -49.40901 -9.039597 -25.15334 -55.805 -10.18043 27.21744 -60.48749 -8.44485 -23.21232 -53.52334 -10.49606 24.4477 -53.63224 -8.42529 -26.32058 -60.44046 -10.81372 -13.63674 -49.15927 -11.61287 -27.19585 -65.02514 -8.522665 15.53878 -49.28462 -10.53526 26.37385 -58.1371 -9.649479 -18.87715 -51.20687 -11.98882 26.03035 -65.02514 -11.14041 26.78888 -62.78162 -9.843496 20.49441 -51.35314 -10.35931 -25.29025 -58.04191 -11.94292 -11.20033 -49.00066 -12.67243 24.97755 -55.78784 -10.51575 13.25495 -49.13387 -11.80065 -21.53117 -53.34334 -12.74427 -23.69661 -55.64992 -12.66649 -25.814 -62.75325 -12.15233 22.99638 -53.50177 -10.81585 26.17407 -60.43128 -11.14743 -26.16691 -65.02514 -10.83369 24.53115 -105.0252 -14.50768 -25.02961 -65.02514 -13.38812 -24.53115 -105.0252 -14.50768 -8.588144 -48.84891 -13.49571 -16.76106 -51.00289 -13.69421 10.77299 -48.97414 -12.82717 18.57509 -51.17826 -12.25887 -25.03531 -60.35206 -13.41515 -5.828497 -48.72439 -14.09062 8.117623 -48.82465 -13.61529 25.10732 -58.02421 -12.28218 -2.95385 -48.64863 -14.47402 24.88663 -65.02514 -13.70925 25.65742 -62.748 -12.47636 5.31847 -48.70651 -14.17463 -19.58929 -53.11809 -14.81078 -3.07938e-5 -47.87526 -12.07972 -3.07938e-5 -48.68386 -14.65881 2.409226 -48.64172 -14.52392 -23.78181 -57.88771 -14.45661 -14.41141 -50.77885 -15.1637 21.26733 -53.31335 -13.05393 -21.96087 -55.44368 -15.00608 23.47325 -55.62423 -12.99891 16.40945 -50.96886 -13.93951 -24.45725 -62.703 -14.67041 24.84489 -60.3377 -13.74982 -11.84653 -50.55271 -16.38123 14.00987 -50.74183 -15.37839 -23.47615 -60.2294 -15.89044 -17.39366 -52.86298 -16.66238 -24.53115 -65.02514 -14.50768 19.27589 -53.08131 -15.10301 23.55177 -57.86297 -14.79252 24.25887 -62.69501 -14.99306 -22.00031 -57.69251 -16.82034 -9.091054 -50.34468 -17.33852 -19.96273 -55.19948 -17.16389 11.39611 -50.51587 -16.56038 21.68902 -55.41054 -15.32888 -22.84684 -62.63511 -17.04978 -6.174878 -50.17749 -18.03542 8.5942 -50.31196 -17.47839 -14.95556 -52.59423 -18.27144 24.53115 -65.02514 -14.50768 23.24021 -60.21003 -16.22048 17.02882 -52.82155 -16.93001 -3.132113 -50.07617 -18.48027 5.635394 -50.15359 -18.13372 -21.6579 -60.07801 -18.20947 -3.82444e-5 -49.3875 -16.90304 23.36454 -65.02514 -16.04462 -23.58755 -65.02514 -15.75083 20.57016 -105.0252 -19.72608 -21.89674 -65.02514 -17.97839 -20.57017 -105.0252 -19.72608 2.555057 -50.06681 -18.53646 21.72237 -57.66163 -17.14647 -17.71001 -54.93174 -19.10613 21.66349 -65.02514 -18.28567 22.60547 -62.62444 -17.36582 -19.96286 -57.46756 -19.00118 19.6408 -55.16044 -17.46978 -12.29407 -52.3294 -19.61635 14.5389 -52.55054 -18.50776 -20.99828 -62.55237 -19.26444 21.3758 -60.05429 -18.52887 -9.434832 -52.08818 -20.68155 11.82668 -52.2866 -19.81521 -15.21489 -54.65523 -20.80321 -19.59809 -59.90599 -20.34304 -3.82443e-5 -50.09929 -18.67799 17.33625 -54.88876 -19.38774 -20.57017 -65.02514 -19.72608 19.63569 -57.43197 -19.31055 -17.67902 -57.22509 -20.96695 -6.408871 -51.89292 -21.45785 20.57016 -65.02514 -19.72608 20.71352 -62.5395 -19.56837 8.919276 -52.05021 -20.83756 -3.251292 -51.76935 -21.94305 5.849062 -51.8646 -21.56664 -18.92948 -62.45915 -21.28974 -12.49727 -54.38564 -22.2299 -3.82443e-5 -50.58716 -19.89442 14.78905 -54.61065 -21.05334 19.26897 -59.87898 -20.64532 2.652391 -51.75654 -22.00152 -17.30904 -59.7224 -22.26248 -15.16254 -56.97761 -22.68856 -20.11287 -65.02514 -20.1044 17.30126 -57.18652 -21.25233 14.80014 -55.74147 -22.08147 17.63664 -65.02514 -22.1529 18.60108 -62.44455 -21.57575 19.80355 -65.02514 -20.36028 -9.583504 -54.14013 -23.36502 15.52221 -105.0252 -23.90211 -15.52221 -105.0252 -23.90211 12.02059 -54.34225 -22.44152 -3.82443e-5 -51.7541 -22.13903 -17.96006 -65.02514 -21.88535 -16.65638 -62.35985 -23.10197 16.93217 -59.69325 -22.54092 -6.505188 -53.93759 -24.19155 -12.49926 -55.5254 -23.27467 9.058669 -54.10127 -23.53145 -14.80664 -59.5359 -23.94156 12.02112 -55.48368 -23.48947 14.73421 -56.93786 -22.94271 -3.297911 -53.79907 -24.69705 5.936219 -53.90726 -24.30653 15.52221 -65.02514 -23.90211 16.28445 -62.34405 -23.36407 -15.80802 -65.02514 -23.66567 -3.82443e-5 -51.82163 -22.26896 -3.07937e-5 -53.12822 -24.15866 2.690091 -53.78221 -24.75501 11.95665 -56.69889 -24.35555 -9.578538 -55.28925 -24.42734 -14.19757 -62.25876 -24.67945 9.052925 -55.25164 -24.5964 14.38249 -59.50604 -24.18932 -12.43409 -56.73758 -24.13991 -12.30372 -58.01699 -24.82995 -15.52221 -65.02514 -23.90211 -9.520268 -56.51811 -25.29738 12.95057 -65.02514 -25.17868 13.78316 -62.24249 -24.91159 -6.497529 -55.0919 -25.26628 8.996508 -56.48295 -25.46717 5.928538 -55.0618 -25.38266 -13.35655 -65.02514 -24.97716 9.654029 -105.0252 -26.8151 -10.85177 -65.02514 -26.22054 -9.654031 -105.0252 -26.8151 -12.11233 -59.3553 -25.35624 -11.57528 -62.15999 -26.00254 -9.410387 -57.82089 -25.97911 -2.33431e-5 -53.77904 -24.8451 11.64259 -59.32609 -25.5664 -3.291853 -54.95051 -25.77507 2.684808 -54.93174 -25.83222 8.89106 -57.78931 -26.14769 -6.452509 -56.33209 -26.13955 5.886561 -56.30312 -26.25616 -1.58925e-5 -54.54961 -25.65786 -9.252341 -59.18859 -26.48419 10.43189 -65.02514 -26.42897 11.12038 -62.14384 -26.19859 -3.266239 -56.1919 -26.64732 -6.371466 -57.65203 -26.81504 -8.814817 -62.06689 -27.05333 2.663485 -56.17181 -26.70354 5.811556 -57.62521 -26.93067 8.739889 -59.16152 -26.64962 -1.58925e-5 -54.90158 -25.91536 -8.44196e-6 -56.15375 -26.83156 -6.25698 -59.04243 -27.30441 -9.654031 -65.02514 -26.8151 -3.221893 -57.51823 -27.31756 5.705922 -59.01871 -27.41786 9.654029 -65.02514 -26.8151 8.32235 -62.05152 -27.20717 2.626806 -57.4976 -27.37277 -5.944313 -61.9819 -27.81582 -8.44196e-6 -57.43907 -27.4355 -3.16031 -58.92078 -27.7974 7.770031 -65.02514 -27.25699 -8.243339 -65.02514 -27.14598 3.275706 -105.0252 -28.31113 -5.520758 -65.02514 -27.78455 -3.275708 -105.0252 -28.31113 2.57603 -58.90087 -27.85156 5.030825 -65.02514 -27.89946 5.418195 -61.96747 -27.92136 -2.99468 -61.90519 -28.27632 -9.91373e-7 -57.92377 -27.66327 -8.44195e-6 -58.83292 -27.9069 -3.275708 -65.02514 -28.31113 -8.44195e-6 -59.84239 -28.1774 2.439915 -61.89171 -28.32777 3.275706 -65.02514 -28.31113 -1.58925e-5 -61.83599 -28.4076 -2.33431e-5 -62.16703 -28.44583 -2.792165 -65.02514 -28.339 2.272783 -65.02514 -28.36893 -9.91367e-7 -65.02514 -28.49993</float_array>
          <technique_common>
            <accessor source="#mesh-ae339640-b155-46a4-bf07-7299a7025000-mesh-positions-array" count="2208" stride="3">
              <param name="X" type="float"/>
              <param name="Y" type="float"/>
              <param name="Z" type="float"/>
            </accessor>
          </technique_common>
        </source>
        <source id="mesh-ae339640-b155-46a4-bf07-7299a7025000-mesh-normals">
          <float_array id="mesh-ae339640-b155-46a4-bf07-7299a7025000-mesh-normals-array" count="6033">-0.154415 0 0.9880062 0.07500445 0 0.9971833 0.07500445 0 0.9971832 0.3004704 0 0.9537912 0.3004701 0 0.9537912 -0.1544148 0 0.9880061 -0.3756951 0 0.9267433 -0.3756947 0 0.9267435 0.5100967 0 0.8601171 0.5100959 0 0.8601176 -0.5771692 0 0.8166246 -0.577169 0 0.8166248 0.6928307 0 0.7211004 0.6928299 0 0.7211011 -0.7482168 0 0.6634544 -0.7482165 0 0.6634547 0.839041 0 0.5440683 0.8390408 0 0.5440686 -0.8798178 0 0.4753113 -0.8798177 0 0.4753113 0.9410191 0 0.3383534 -0.9650387 0 0.2621079 -0.9650388 0 0.2621074 0.9933885 0 0.1148018 0.9933885 0 0.1148018 -0.9887487 0 0.1495863 -0.9887488 0 0.1495861 0.9933885 0 -0.1148018 0.9933885 0 -0.1148018 -0.9650385 0 -0.2621086 -0.9887487 0 -0.1495866 -0.9887486 0 -0.1495869 -0.9650385 0 -0.2621081 0.9410192 0 -0.3383533 0.9410191 0 -0.3383533 -0.8798187 0 -0.4753095 -0.8798187 0 -0.4753094 0.8390416 0 -0.5440673 0.8390415 0 -0.5440676 -0.7482162 0 -0.6634551 -0.7482159 0 -0.6634554 0.6928308 0 -0.7211003 0.6928302 0 -0.7211008 -0.57717 0 -0.8166241 -0.5771697 0 -0.8166244 0.5100963 0 -0.8601173 0.5100956 0 -0.8601178 -0.3756951 0 -0.9267433 -0.3756944 0 -0.9267437 0.3004699 0 -0.9537913 0.3004696 0 -0.9537914 -0.1544149 0 -0.9880062 -0.1544147 0 -0.9880062 0.07500445 0 -0.9971832 0.07500463 0 -0.9971833 0 1 0 0 1 3.1678e-5 0 1 -7.27984e-5 0 1 2.17817e-5 0 1 -7.57881e-5 0 1 2.22001e-5 0 1 -7.84252e-5 0 1 1.18399e-4 0 1 -8.06094e-5 0 1 4.11201e-5 0 1 -5.24659e-5 0 1 -2.08138e-5 0 1 5.0636e-6 0 1 -5.06365e-6 0 1 2.08138e-5 0 1 -5.87716e-6 0 1 5.24673e-5 0 1 -4.11218e-5 0 1 5.81046e-6 0 1 4.03047e-5 0 1 1.13423e-5 0 1 -1.18403e-4 0 1 7.84275e-5 0 1 -1.66502e-5 0 1 7.57901e-5 0 1 -1.08909e-5 0 1 7.27968e-5 0 1 -4.22367e-5 0 1 -1.07115e-5 0 -1 0 0 -1 -5.61058e-7 0 -1 2.17875e-6 0 -1 1.41883e-6 0 -1 -1.40184e-6 0 -1 -2.78941e-6 0 -1 1.11813e-6 0 -1 2.23362e-6 0 -1 2.2072e-6 0 -1 -2.7438e-6 0 -1 -5.41281e-6 0 -1 -5.60427e-7 0 -1 -1.06141e-6 0 -1 -2.69747e-6 0 -1 -1.48333e-5 0 -1 6.57722e-5 0 -1 -3.05486e-6 0 -1 5.60427e-7 0 -1 -2.85217e-6 0 -1 2.14323e-6 0 -1 3.45094e-7 0 -1 1.43376e-6 0 -1 1.36535e-6 0 -1 -2.13504e-6 0 -1 1.40184e-6 0 -1 -1.11532e-6 0 -1 5.61058e-7 0 -1 -1.66917e-4 0 -1 -4.05969e-5 0 -1 -8.23416e-5 0 -1 -4.02712e-5 0 -1 -2.05183e-5 0 -1 3.90774e-5 0 -1 2.2517e-5 0 -1 -3.04599e-6 0 -1 3.04596e-6 0 -1 2.65094e-6 0 -1 -1.80132e-5 0 -1 -1.30789e-6 0 -1 1.02592e-5 0 -1 2.05183e-5 0 -1 8.05429e-5 0 -1 8.23414e-5 0 -1 4.05968e-5 0 -1 1.66914e-4 0.8006917 0.5206833 0.2962798 0.8006798 0.520649 0.2963723 0 -1 0 -0.2588167 -0.9659265 0 0 -1 0 0.2588169 -0.9659264 0 0.258817 -0.9659265 0 -0.2588167 -0.9659265 0 -0.5000029 -0.8660238 0 0.500003 -0.8660237 0 0.500003 -0.8660238 0 -0.5000028 -0.8660239 0 -0.7071079 -0.7071057 0 0.7071081 -0.7071055 0 0.7071079 -0.7071057 0 -0.707108 -0.7071056 0 -0.8660248 -0.5000011 0 0.8660247 -0.5000013 0 0.8660246 -0.5000015 0 -0.8660248 -0.5000012 0 -0.9659261 -0.2588185 0 0.9659258 -0.2588194 0 0.9659258 -0.2588196 0 -0.9659258 -0.2588192 0 -1 -3.30104e-7 0 1 -7.20009e-7 0 1 -7.3197e-7 0 -1 -1.1434e-6 0 -0.9659255 0.2588206 0 0.9659253 0.258821 0 0.9659253 0.2588208 0 -0.9659257 0.2588199 0 -0.8660254 0.5000001 0 0.8660252 0.5000004 0 0.8660254 0.5000001 0 -0.8660254 0.5 0 -0.7071074 0.7071062 0 0.7071073 0.7071064 0 0.7071075 0.7071061 0 -0.7071074 0.7071063 0 -0.4999988 0.8660261 0 0.4999991 0.8660259 0 0.4999993 0.8660259 0 -0.499999 0.8660261 0 -0.2588219 0.9659251 0 0.2588222 0.965925 0 0.2588222 0.965925 0 -0.258822 0.9659251 0 0 1 0 0 1 0 -6.10352e-7 0 -1 3.22413e-7 0 -1 6.54987e-7 0 -1 0 0 -1 -3.68431e-7 0 -1 -7.30543e-7 0 -1 9.13179e-7 0 -1 8.50736e-7 0 -1 4.32546e-6 0 -1 -2.95072e-6 0 -1 -8.50738e-7 0 -1 3.8185e-7 0 -1 -1.47534e-6 0 -1 2.16283e-6 0 -1 0.728875 -0.6745727 -0.1170177 0.7284243 -0.6750366 -0.1171488 0.7504957 -0.4147303 -0.5145435 -0.258819 0 -0.9659259 -0.25882 0 -0.9659256 3.4924e-7 0 -1 -4.21002e-7 0 -1 0.2588197 0 -0.9659257 0.2588192 0 -0.9659258 -0.5000004 0 -0.8660252 -0.5000007 0 -0.8660251 0.5000003 0 -0.8660253 0.3826843 0 -0.9238792 -0.7071067 0 -0.7071069 -0.7071071 0 -0.7071065 0.6087618 0 -0.7933531 0.7071064 0 -0.7071072 0.707107 0 -0.7071067 -0.8660253 0 -0.5000002 -0.8660257 0 -0.4999995 0.8660251 0 -0.5000006 0.8660253 0 -0.5000001 -0.9659257 0 -0.2588198 -0.9659258 0 -0.2588195 0.9238793 0 -0.3826841 0.9659259 0 -0.2588191 0.982214 0 -0.1877655 -1 0 0 -1 0 0 1 0 0 1 0 0 -0.9659258 0 0.2588197 -0.9659258 0 0.2588195 0.9659258 0 0.2588194 0.9659259 0 0.2588191 -0.8660255 0 0.5 -0.8660258 0 0.4999994 0.8660251 0 0.5000008 0.8660253 0 0.5000001 -0.7071067 0 0.7071069 -0.7071071 0 0.7071066 0.7071065 0 0.7071071 0.7071071 0 0.7071065 -0.5 0 0.8660254 -0.5 0 0.8660255 0.4999996 0 0.8660256 0.5000004 0 0.8660253 -0.2588192 0 0.9659259 -0.2588193 0 0.9659258 0.2588191 0 0.9659258 0.2588195 0 0.9659258 2.21265e-7 0 1 -1.48308e-7 0 1 0 -1 -3.12581e-6 0 -1 2.97757e-6 0 -1 7.30544e-7 0 -1 -3.27494e-7 0 -1 5.90141e-6 0 -1 1.52588e-6 0 -1 -3.38994e-6 0 -1 2.44141e-6 0 -1 1.14623e-6 0 -1 1.09582e-6 0 -1 4.25368e-7 0 -1 -4.5822e-6 0 -1 1.18028e-5 0.6218737 -0.5139411 -0.5908787 0.6218882 -0.5139852 -0.5908252 0.6218959 -0.5139366 -0.5908595 -0.6690646 -0.3068061 -0.6769214 -0.6690195 -0.3067308 -0.6770002 0.4105831 -0.2491095 -0.8771351 -1 0 0 -3.17917e-6 0 -1 0 1 0 0.5540561 0.2701569 -0.7874244 -0.5660789 0.2675233 -0.7797347 -1 1.28231e-6 0 0 0 1 -0.2010889 -0.3168568 0.9269116 -0.1927092 -0.3108761 0.930709 -0.1171842 -0.3638392 0.9240611 -0.106637 -0.3881825 0.9153923 0.1236698 -0.3248149 0.9376572 0.199497 -0.3122918 0.928803 0.1369969 -0.3252553 0.93565 0.1739374 -0.2814917 0.9436674 -0.1250185 -0.1695739 0.9775558 0.09971576 -0.3145853 0.9439772 0.1123358 -0.31771 0.94151 0.08242511 -0.3130389 0.9461568 0.07912468 -0.3132007 0.9463852 0.04347097 -0.3081586 0.9503413 -0.08937394 -0.2498924 0.9641402 -0.09454733 -0.3241069 0.9412841 -0.05783849 -0.3129518 0.9480063 -0.04495102 -0.3102772 0.9495828 -0.1873043 -0.3130806 0.9310734 -0.1420795 -0.3173478 0.9376055 -0.03103476 -0.3083875 0.9507545 0.1168314 -0.3170762 0.9411764 0.162948 -0.3228731 0.9323095 -0.317312 -0.3205854 0.8924899 -0.1941377 -0.384831 0.902339 -0.06514298 -0.300159 0.9516622 -0.02150934 -0.2886821 0.9571834 -0.02454978 -0.3006953 0.9534043 -0.2158129 -0.3576484 0.9085772 0.08565616 -0.3103092 0.9467688 0.02278387 -0.3044047 0.9522703 0.2177444 -0.3116293 0.9249188 -0.3117579 -0.2946889 0.9033082 0.3248394 -0.3205471 0.8897916 0.2388163 -0.3360402 0.9110674 0.03297692 -0.2818063 0.9589045 0.008066713 -0.3008491 0.9536376 0.2775685 -0.2977094 0.9134139 -0.002731084 -0.2961305 0.9551437 0.01711523 -0.2684494 0.9631418 0.0340203 -0.280331 0.9593005 -0.02128672 -0.3008269 0.9534412 -0.01908659 -0.2866427 0.9578474 -0.01296722 -0.3010085 0.9535334 -0.01832962 -0.2949126 0.9553484 -0.001669406 -0.3007398 0.9537048 -0.3454069 -0.2869876 0.8934945 -0.3544675 -0.2942681 0.887558 0.3478842 -0.2928255 0.8906345 0.3803859 -0.2899667 0.8781947 -0.4276586 -0.3216185 0.8447897 -0.3530383 -0.2984591 0.8867278 0.3825139 -0.2919302 0.8766185 -0.2944001 -0.3335855 0.8955721 -0.2472762 -0.3317713 0.9103749 -0.1910094 -0.3301025 0.9244176 -0.193917 -0.3264407 0.9251123 0.2132235 -0.3274775 0.9204858 0.2719944 -0.3311449 0.9035276 0.3174174 -0.3331217 0.8878492 0.2132219 -0.3274775 0.9204863 -0.4246582 -0.2923152 0.8568648 0.4379867 -0.3222016 0.839258 0.4652727 -0.2928872 0.8353075 -0.4609181 -0.2943517 0.8372048 0.4934178 -0.2924064 0.8191687 -0.5336651 -0.3234937 0.7813793 -0.4601796 -0.2965561 0.8368329 0.4932939 -0.2923061 0.8192792 -0.5049777 -0.2940379 0.8115044 0.5429645 -0.3270536 0.7734505 0.5010167 -0.2951547 0.8135514 -0.5621378 -0.2625092 0.7842768 0.5416821 -0.2668988 0.7970858 0.5095356 -0.2763966 0.8148487 0.523114 -0.222054 0.8228268 -0.01334232 -0.2583809 0.965951 -0.6251274 -0.2797184 0.7286792 -0.5657371 -0.2378929 0.7895243 -0.5788131 -0.2602925 0.7728023 0.6145185 -0.2463709 0.7494454 -0.6435717 -0.3297417 0.690714 0.6345536 -0.2832012 0.7191237 -0.4113035 -0.343255 0.8443965 -0.3555386 -0.3442495 0.868956 -0.2972543 -0.3388342 0.8926541 -0.5980122 -0.243914 0.7634707 0.3810403 -0.347891 0.8566097 0.3211187 -0.3401746 0.8838349 -0.5980167 -0.2439109 0.7634682 0.6303309 -0.2429306 0.7373383 0.6303181 -0.2429375 0.737347 0.5151994 -0.2371335 0.8236124 -0.6489802 -0.2670979 0.7123788 -0.6543408 -0.2673151 0.7073761 -0.7177149 -0.2500548 0.6498908 -0.7351602 -0.29147 0.6120333 0.6049412 -0.2438816 0.7580027 -0.660253 -0.2248816 0.7165852 -0.6602457 -0.2247931 0.7166197 0.7250265 -0.2481049 0.64248 0.6732261 -0.2281263 0.7033669 0.680074 -0.2157567 0.700677 -0.5310099 -0.3400556 0.7761383 -0.4704559 -0.3486043 0.8106456 -0.4104129 -0.3572701 0.8389992 -0.414857 -0.3494969 0.8400867 0.4414935 -0.3478732 0.827084 0.4415246 -0.3486825 0.8267264 0.4425238 -0.3479023 0.8265208 0.684273 -0.2004857 0.7011248 -0.006975769 -0.2354018 0.9718732 -0.07075315 -0.2714933 0.9598361 -0.6834473 -0.2099148 0.6991678 -0.6533456 -0.1656005 0.738726 -0.7113964 -0.1808012 0.6791363 0.06843125 -0.2605274 0.9630383 -0.1621439 -0.3007513 0.9398181 0.7202811 -0.1808147 0.6697024 0.6729561 -0.1578072 0.7226529 -0.7645438 -0.1460338 0.6278113 0.6729468 -0.1577979 0.7226635 -0.7457031 -0.32061 0.5840687 -0.7790071 -0.1429014 0.6105139 0.7531105 -0.1438234 0.6419809 -0.7382618 -0.1421496 0.6593657 -0.003311395 -0.2315977 0.972806 -0.1127056 -0.2122824 0.9706873 0.6945059 -0.09512865 0.7131705 0.6138191 -0.08890587 0.7844247 0.1655045 -0.2945773 0.9411868 -0.7336635 -0.1312378 0.6667193 -0.7973881 -0.1052332 0.5942209 -0.8045086 -0.2031295 0.5581256 0.6130748 -0.08896446 0.7849997 0.6560828 -0.3316639 0.6779044 0.7424112 -0.3012254 0.5984054 -0.7390505 -0.09622293 0.6667425 -0.759449 -0.04279726 0.6491578 -0.7781971 0.008819162 0.6279584 -0.791676 -0.03774285 0.6097742 0.8372743 -0.06398296 0.5430266 0.7627251 -0.00604701 0.6466947 0.7702181 -0.003350436 0.6377718 0.7590439 0.05364292 0.6488258 -0.7792377 0.02907931 0.6260536 -0.7795023 0.01140016 0.6262958 0.7886462 0.1564217 0.5946171 0.7141306 0.1894108 0.6738999 0.718598 0.1459876 0.6799298 0.7371582 0.1353776 0.6620202 0.796988 0.07459855 0.5993707 0.7449254 0.1216993 0.655954 0.7386539 0.05241495 0.672044 0.7532222 -0.008563876 0.6577106 0.75547 -0.008389115 0.6551297 0.6883674 0.2717452 0.6725363 0.7418571 0.3088113 0.5952174 0.671418 0.3117496 0.6723169 0.7086761 0.3780902 0.5956727 0.6561673 0.3484627 0.6693417 0.6980537 0.2297482 0.6781864 0.7692565 0.2338315 0.5946153 0.6980184 0.2298098 0.6782019 0.6339623 0.3840829 0.6712468 0.6685329 0.4455007 0.5954771 0.630455 0.3838884 0.6746528 0.6082171 0.4299052 0.6672733 -0.7972259 0.1928309 0.5720552 -0.7069816 0.1114808 0.6983904 -0.6159979 0.1154 0.7792494 -0.616029 0.1153898 0.7792263 -0.8182337 0.05289262 0.5724474 -0.7798666 0.02755773 0.6253389 -0.779258 0.02608215 0.6261603 0.5347886 0.5189235 0.666873 0.5686943 0.5673089 0.595607 0.5167465 0.5192083 0.6807318 0.4881073 0.5542284 0.6742271 0.552779 0.5103762 0.6587499 0.6211116 0.5092522 0.5957202 0.5766382 0.4539361 0.6792868 0.5887695 0.4542618 0.6685782 -0.6202782 0.2809414 0.7323434 -0.6556 0.3312721 0.6785628 -0.6202886 0.2809377 0.7323361 -0.7552468 0.3101142 0.5774353 -0.6728612 0.2178421 0.7069673 -0.5833896 0.1873856 0.7902806 -0.5833781 0.187384 0.7902893 0.379117 0.7080215 0.5957987 0.3792652 0.6345862 0.6733932 0.3796345 0.6347988 0.6729845 0.4450777 0.6690432 0.5952203 0.3795511 0.6350646 0.6727808 0.4166088 0.611423 0.6727549 0.508906 0.6221742 0.5949068 0.4509575 0.579554 0.678789 0.4509502 0.5795574 0.6787909 -0.5770946 0.4270437 0.6961289 -0.503368 0.3917759 0.7701508 -0.621442 0.5330585 0.574159 -0.5018401 0.5011056 0.7050176 -0.4373939 0.4353209 0.7868815 -0.5030516 0.3914179 0.7705396 -0.6621155 0.4073423 0.6290273 -0.6520387 0.3987053 0.6448873 -0.614661 0.3362102 0.7135508 0.3065496 0.7424837 0.595605 0.2338429 0.7021135 0.6725728 0.2621287 0.6981754 0.6662129 0.3046692 0.6726933 0.6742852 0.3103242 0.6752671 0.6691138 0.3408824 0.6607841 0.6687029 -0.4301031 0.580411 0.6914727 -0.3996191 0.6325047 0.6635077 -0.3958234 0.6462952 0.6524004 -0.3254044 0.6512606 0.6855447 -0.3654471 0.629554 0.6856459 -0.4007847 0.5091238 0.7616855 -0.4005332 0.5089142 0.7619578 -0.5308513 0.6179469 0.5799469 0.1496701 0.7266518 0.6705043 0.1579363 0.7862234 0.5974187 0.1347462 0.7195405 0.6812525 0.09007382 0.7332016 0.6740195 0.1699683 0.735604 0.6557421 0.2327186 0.7675427 0.5972606 0.2240888 0.6976622 0.6804791 -0.1314548 0.6471102 0.7509781 -0.119982 0.7174598 0.6861893 -0.1921504 0.7886688 0.5840204 -0.2205006 0.675958 0.7031787 -0.1942002 0.5900145 0.7836894 -0.1942048 0.5900703 0.7836464 -0.3119776 0.7580153 0.5727853 -0.27688 0.6005016 0.750157 -0.2768919 0.6004891 0.7501626 0.01683479 0.6932695 0.7204818 -0.002295434 0.7341663 0.6789659 -0.05909085 0.7713833 0.6336213 -0.07392394 0.7243246 0.6854847 0.04501986 0.7347345 0.6768593 0.07716518 0.79968 0.5954474 0.04819697 0.7329873 0.6785327 -0.1314467 0.6469681 0.7511019 -0.2192024 -0.2219823 0.9500917 0.109879 -0.2249093 0.9681645 0.8112694 -0.1023232 0.5756491 -0.8186687 -0.2713866 0.5060938 0.2464041 -0.3047415 0.9200096 -0.02132862 0.7666788 0.6416766 -0.1285614 0.8116869 0.5697687 -0.2539531 0.781581 0.5697709 -0.3730897 0.7322337 0.56977 -0.4830459 0.6648539 0.5697684 -0.5811004 0.581104 0.5697723 -0.6648545 0.4830459 0.5697675 -0.7322369 0.3730921 0.5697644 -0.7815831 0.2539514 0.5697689 -0.8098923 0.1232516 0.5734837 0.8144053 -0.2025579 0.5437964 -0.2429705 -0.3108877 0.9188657 -0.5133098 -0.4308649 0.7422051 -0.5252593 -0.3756021 0.7635613 -0.5273305 -0.3400915 0.7786273 0.558873 -0.3360597 0.7581062 0.587907 -0.2361978 0.773677 0.5029278 -0.3462976 0.7919228 -0.3104186 -0.2268653 0.9231319 0.2208356 -0.2301891 0.9477577 -0.8362722 -0.3136537 0.4497446 -0.3216384 -0.3177719 0.8919472 0.8274111 -0.2737711 0.4903472 0.3283948 -0.3124026 0.8913818 -0.3889683 -0.2261043 0.8930737 0.3115421 -0.2329658 0.921232 -0.8524364 -0.3315771 0.4042388 0.02095496 -0.1692665 0.9853475 0.7706783 -0.3360446 0.541414 0.8427585 -0.3243093 0.4296298 -0.4129614 -0.3124826 0.8554635 -0.7607423 -0.336332 0.5551145 -0.7459307 -0.3375601 0.5741435 -0.6601839 -0.3084399 0.684852 -0.5569775 -0.4105084 0.7219827 -0.7795405 0.008796751 0.6262902 -0.874308 0.004015028 0.4853551 -0.8988007 -0.2288346 0.3738878 -0.9021656 -0.1282936 0.4118716 -0.01125991 0.9097371 0.4150323 -0.009337663 0.8252716 0.564659 0.1764649 0.8905448 0.4192734 0.08878868 0.9038272 0.4185845 0.2630118 0.8689244 0.4192794 0.3470181 0.8389221 0.419271 0.4276694 0.8008144 0.4192794 0.5041975 0.7549741 0.4192839 0.5758535 0.7018499 0.4192846 0.6419504 0.6419535 0.4192795 0.7018521 0.5758537 0.4192805 0.754977 0.5041983 0.4192777 0.8008115 0.4276752 0.419279 0.8389188 0.3470189 0.4192771 0.8689246 0.2630101 0.4192804 0.8905432 0.1764626 0.4192776 0.9027805 0.0852853 0.421561 0.8308929 -0.01867032 0.5561193 0.4181975 -0.3088456 0.8542397 0.5889441 -0.331908 0.7368732 0.6109613 -0.3656896 0.7021378 0.6992686 -0.3046109 0.6467114 0.713178 -0.2966059 0.6351395 0.7638867 -0.3389346 0.5491818 -0.1241185 -0.1472217 0.9812852 0.005368649 -0.1310969 0.9913551 -0.1986686 -0.1491653 0.9686488 0.1217532 -0.1373013 0.9830181 0.9076426 -0.1180014 0.4028158 0.8919594 -0.02574145 0.4513822 -0.4677186 -0.2197269 0.8561305 0.3900243 -0.2300468 0.8916051 -0.9017285 -0.2963337 0.3147574 -0.5022233 -0.29864 0.8115331 0.9065809 -0.2282701 0.35497 0.5067319 -0.2964679 0.8095243 -0.8609066 -0.3280274 0.3888933 -0.1426032 0.9003595 0.4111171 -0.2816913 0.8669607 0.4111318 -0.4138485 0.8122225 0.4111251 -0.5358097 0.7374821 0.4111303 -0.6445827 0.6445837 0.4111265 -0.7374827 0.5358126 0.4111255 -0.8122234 0.4138473 0.4111249 -0.8669607 0.2816951 0.4111293 -0.9023374 0.1393407 0.4078868 -0.909516 -0.3299632 0.2527943 0.9076359 -0.2986372 0.2949794 -0.2744004 -0.1538343 0.949231 0.2766549 -0.1498823 0.9492089 0.1993179 -0.1447677 0.9691826 0.07664585 -0.07640445 0.9941267 -0.00717771 -0.07847982 0.99689 -0.5513822 -0.2015631 0.8095369 0.4717413 -0.2198186 0.853897 -0.9387167 0.003888905 0.3446681 -0.8485139 -0.3117812 0.4275709 -0.920299 -0.3331111 0.2051512 -0.1498683 -0.08066982 0.9854095 -0.07052266 -0.07114213 0.9949701 -0.228334 -0.08266657 0.970067 0.1492807 -0.07904291 0.9856306 -0.6047184 -0.1403253 0.78398 -0.6052682 -0.2220886 0.7644129 -0.6002482 -0.2700824 0.7528332 0.5863543 -0.237666 0.7744054 0.8685203 -0.331644 0.3683543 0.9326682 -0.314929 0.1759254 0.9182405 -0.3402931 0.2025713 0.9112107 -0.3383306 0.2350057 -0.350672 -0.1530231 0.9239119 0.3537876 -0.1485539 0.9234535 -0.6701433 -0.2889519 0.6836776 -0.001576662 -0.03761315 0.9992913 -0.004891991 -0.03353482 0.9994257 -0.09867584 -0.03497016 0.9945051 -0.3082894 -0.08506953 0.9474814 -0.6995441 -0.2240789 0.6785475 0.2291868 -0.08148938 0.9699655 0.6824809 -0.2835276 0.6736705 0.6066032 -0.2680505 0.7484528 -0.1703297 -0.0430386 0.9844468 0.09759181 -0.02893799 0.9948058 -0.01684224 0.9457228 0.3245378 -0.1526762 0.9632691 0.2209131 -0.3015314 0.9276661 0.2202602 -0.4426518 0.8691177 0.2206674 -0.5743129 0.7885696 0.2198241 -0.6934679 0.687536 0.2153989 -0.787784 0.5756404 0.219168 -0.8694349 0.4425019 0.2197161 -0.9290767 0.2988885 0.2179045 -0.93929 0.006008267 0.3430716 -0.9632716 0.1515353 0.2216867 -0.953112 0.005706787 0.3025641 -0.9690997 -0.1351651 0.2063403 -0.9533891 -0.2500423 0.1689035 -0.01549106 0.9767286 0.2139189 0.1908686 0.9590206 0.2094011 0.09511023 0.9729067 0.210729 0.2796412 0.9369924 0.2093951 0.3725082 0.9036036 0.2115145 0.4611768 0.8619936 0.2104355 0.5425461 0.8134704 0.2095464 0.6204993 0.7553896 0.2106356 0.6924413 0.689902 0.2110932 0.7568341 0.6188351 0.210346 0.8118584 0.5446465 0.210348 0.861406 0.4619521 0.2111403 0.9028472 0.37475 0.2107827 0.9357552 0.2828812 0.210572 0.9592045 0.1885143 0.2106871 0.9751666 0.08784365 0.2033064 0.8943307 -0.01985836 0.4469658 0.9553835 -0.01528847 0.2949725 0.05644077 -0.00625807 0.9983864 -0.0121212 -0.02176547 0.9996897 -0.6368638 -0.1723358 0.7514685 0.5563359 -0.200241 0.8064702 -0.001496553 -0.003342032 0.9999933 -0.05452096 -0.007401645 0.9984853 0.9723682 -0.1406489 0.1863273 4.72283e-4 -0.001043856 0.9999994 -0.930597 -0.3098737 0.1948531 -0.2556622 -0.03887587 0.9659844 0.1773024 -0.03930342 0.9833714 -0.9411144 -0.3194829 0.1106097 -0.2215687 -0.01229423 0.9750673 -0.146397 -0.001862585 0.9892243 0.1399524 -0.01105034 0.9900966 -0.699451 -0.3336459 0.6320196 -0.6652213 -0.3197804 0.6747008 -0.7807772 -0.2727837 0.5621175 -0.1151576 -3.48075e-4 0.9933472 0.2283514 0 0.9735789 0.2283129 -0.01836436 0.9734147 0.3387383 0 0.9408807 -0.2283013 -0.0209729 0.9733647 -0.3387377 0 0.9408809 -0.3872094 -0.08640664 0.917934 0.9575409 -0.2493093 0.1447769 0.8560547 -0.309267 0.4141551 0.3099149 -0.08349406 0.9470911 -0.5051456 -0.135693 0.8523 -0.429225 -0.1460319 0.891314 0.4315938 -0.1434129 0.890595 0.2325637 -0.01296669 0.9724948 0.2580286 -0.04772496 0.9649579 -0.3479508 -0.03792047 0.9367457 -0.9409359 -0.3353904 0.04640305 0.9443209 -0.317671 0.08569252 -0.9288389 -0.2695381 0.2541806 -0.7707864 -0.2382629 0.5908631 -0.795166 -0.1593948 0.5850678 -0.3406509 -0.01617115 0.9400507 0.3500348 -0.05100542 0.9353471 -0.4640971 -0.08596497 0.8816031 0.3895843 -0.08415424 0.9171381 0.7793314 -0.2331843 0.5816078 0.7065405 -0.2202913 0.6725119 -0.7214406 -0.1306372 0.6800422 0.7538903 -0.2799621 0.5943659 -0.9451019 -0.326336 0.01695662 0.9893861 -0.01817494 0.1441696 -0.4285112 -0.04621142 0.9023541 0.6425709 -0.1694105 0.7472635 -0.5816742 -0.1205225 0.8044437 0.5092462 -0.1331823 0.8502534 0.9411727 -0.3370728 0.02399867 0.3357179 -0.009344279 0.9419163 -0.8916828 -0.2053353 0.4034095 -0.832573 -0.2503077 0.4941341 -0.7798405 -0.2670696 0.5661473 0.820273 -0.2597804 0.5095748 0.8335928 -0.2341079 0.5003166 0.9364537 -0.2621564 0.2330849 0.4445865 -0.01456207 0.8956176 -0.4408753 -0.02003252 0.8973448 0.5446394 0 0.8386704 -0.4444724 -0.02712309 0.8953818 -0.5446389 0 0.8386708 0.4431906 -0.02064448 0.8961898 0.4268065 -0.06096798 0.9022855 -0.9590551 -0.2832163 0.001369714 -0.5387061 -0.0829637 0.838399 -0.8528074 -0.4179518 0.3131068 -0.9951974 -0.08563852 0.04741597 -0.852812 -0.4179446 0.3131039 -0.9923951 -0.105293 0.06376236 -0.9365813 0.06765812 0.3438572 -0.9917079 -0.1264905 0.02270889 -0.9869575 -0.1603516 0.01422971 0.4672005 -0.082749 0.8802707 -0.01083511 0.9941768 0.1072157 -0.2069693 0.9767274 0.0562793 -0.1489191 0.9880697 0.03925997 -0.09739476 0.9936454 0.05641913 -0.1500136 0.9879677 0.03762811 -0.2580151 0.9648331 0.05025392 -0.2591354 0.9647214 0.04649335 -0.3095273 0.949749 0.04657948 -0.3621448 0.9308147 0.04934984 -0.4093852 0.9107678 0.05390554 -0.4640556 0.8849979 0.03783476 -0.4635109 0.8853263 0.03681099 -0.5113905 0.8575726 0.05521881 -0.4637349 0.8851072 0.03918534 -0.5593332 0.827679 0.04575854 -0.6099726 0.7906661 0.05273288 -0.6484465 0.7591121 0.05715024 -0.559585 0.8274816 0.04624742 -0.7307235 0.6812437 0.04416221 -0.7302539 0.6816825 0.04514724 -0.7359685 0.6748384 0.05425506 -0.6863108 0.7254453 0.05202567 -0.8037726 0.5938659 0.03567969 -0.8030117 0.5947708 0.03768467 -0.8036745 0.5937572 0.03949266 -0.8373071 0.5439271 0.05531871 -0.7603655 0.6453507 0.07325828 -0.8930972 0.4474273 0.04675853 -0.9170324 0.3955687 0.05076515 -0.9369395 0.3456169 0.05189925 -0.8669068 0.4963684 0.0457282 -0.9601458 0.273867 0.05583202 -0.9573227 0.2863976 0.03885835 -0.9927584 0.1035965 0.06081598 -0.9959499 0.0639379 0.06321167 -0.9841372 0.1722025 0.04266494 -0.9662114 0.2443221 0.08211183 -0.9773933 0.05359649 0.2045235 -0.8527857 -0.4179858 0.3131209 0.04873991 0.997502 0.05112922 0.1484795 0.9876937 0.04914522 0.09806138 0.9939585 0.04930233 0.2054257 0.9773286 0.05127525 0.149928 0.9875736 0.04711896 0.2551491 0.9657495 0.04719078 0.2571607 0.9648026 0.05499488 0.3105778 0.9493477 0.04775452 0.3620684 0.9311292 0.04364633 0.3617333 0.931288 0.04303437 0.41535 0.9085043 0.04587507 0.4635309 0.8853526 0.03591662 0.5498015 0.8335409 0.05411159 0.5195304 0.8522945 0.06068313 0.5656472 0.8229888 0.05227667 0.5607431 0.8269979 0.04052037 0.6490411 0.759781 0.03845143 0.6490402 0.7597823 0.0384435 0.5985146 0.799168 0.05577397 0.6895788 0.7226907 0.04689753 0.7308893 0.6809757 0.04553067 0.7696589 0.6367405 0.04676228 0.7306448 0.68128 0.04489856 0.8026319 0.5946893 0.04611778 0.8035089 0.5936459 0.04424977 0.8022832 0.5950611 0.0473724 0.801599 0.5960752 0.0461896 0.836488 0.5459562 0.04711556 0.8660467 0.4983674 0.03991121 0.8660467 0.4983675 0.03991097 0.8926717 0.4484961 0.04459518 0.9170647 0.3966548 0.04071027 0.9392021 0.3402011 0.04650455 0.9173942 0.3957213 0.04233843 0.9573938 0.2863861 0.03714948 0.9573942 0.2863849 0.03714913 0.971825 0.2311052 0.04633313 0.9842875 0.1714705 0.04214596 0.992502 0.1134631 0.04545235 0.9842098 0.1722079 0.04093182 0.9975315 0.05070638 0.04857909 0.9975125 0.05702865 0.04143065 0.9901512 -0.01083934 0.1395822 -3.34438e-4 0.9986424 0.05209058 -0.04754441 0.9975062 0.05216372 0.9440966 -0.3296231 -0.005505442 -0.5070298 -0.04276478 0.8608671 -0.9987753 0.01569098 0.04692202 -0.9966536 -0.02578026 0.07757014 0.9958989 -0.07399332 0.05206245 0.9973525 0.007576525 0.07232272 0.9892979 -0.1439398 0.02389627 0.9907159 -0.1358624 0.004847645 0.9742257 -0.2249028 0.0174126 0.9816375 -0.189343 0.02317756 -0.9555046 -0.2935751 0.02871704 -0.9728668 -0.2313027 -0.005397558 -0.9693275 -0.2371773 -0.06442999 -0.9545192 -0.2964075 0.03218483 -0.9755808 -0.219132 0.01494568 0.8698556 -0.1564278 0.4678479 -0.6577749 -0.09769797 0.7468517 0.9722518 -0.2301793 -0.04175966 0.9711137 -0.2383725 -0.0108121 0.951796 -0.3056119 0.02619141 0.9656794 -0.2580978 -0.02913671 -0.868583 -0.1531434 0.4712862 -0.8790485 -0.07549262 0.4707172 0.5866079 -0.1165216 0.801445 -0.8007625 -0.07552039 0.5942021 -0.9757204 -0.2098537 0.06269931 0.802302 -0.1538764 0.5767439 0.7276715 -0.1258052 0.6742902 -0.9333552 -0.3422287 -0.1082944 -0.9474324 -0.3180629 -0.03475481 -0.9365991 -0.347718 -0.04329597 -0.9365976 -0.3477211 -0.04330122 0.9583823 -0.2851836 -0.01318842 -0.5508435 -0.01296478 0.834508 0.9509129 -0.3070756 -0.03833299 0.9502835 -0.3091335 -0.03738594 0.9338041 -0.3379503 -0.1174722 0.938479 -0.3402416 -0.05910015 0.5126402 -0.05907517 0.8565689 -0.8911781 -0.1993972 0.4074829 0.8739866 -0.2069121 0.4396989 -0.611006 -0.07661366 0.78791 0.5425026 -0.07863777 0.8363655 -0.5871689 -0.047643 0.8080613 -0.8964394 -0.2042837 0.3932743 -0.8910461 -0.1984162 0.4082502 -0.9044113 -0.27424 0.3268527 -0.9334536 -0.3392519 -0.1165015 -0.9354438 -0.3327317 -0.1193091 -0.9371765 -0.3217714 -0.134772 0.9206606 -0.1905822 0.3406795 0.9002839 -0.1916607 0.3908391 0.9266026 -0.2031352 0.3164548 0.9768066 -0.2065303 0.05651748 0.9342228 -0.3321434 -0.1300336 0.9322502 -0.3448132 -0.1096059 0.932696 -0.3402562 -0.1195988 0.5490732 -0.01179683 0.8356911 -0.9367749 -0.3149778 -0.1524528 -0.7315075 -0.0662136 0.6786108 0.6633827 -0.09206575 0.742595 0.936365 -0.314282 -0.1563565 0.9462196 -0.2782084 -0.1651316 -0.8692902 -0.006909489 0.4942538 -0.9405673 -0.05185973 0.3356244 -0.9412214 0.0263338 0.3367625 -0.6315219 -0.01507514 0.7752116 0.806982 -0.06855368 0.5865839 0.8853881 -0.06814235 0.459831 0.8853737 -0.1259071 0.4475051 0.6326011 -0.02194434 0.7741669 0.5821279 -0.07108509 0.8099841 0.6374155 -0.004056513 0.7705097 -0.8379576 -0.3886491 0.3831175 -0.9724186 -0.01216703 0.2329252 -0.9815266 0.0645076 0.1801234 0.9443061 -0.05082201 0.32512 -5.50896e-4 0.9999998 -4.80794e-4 0.06335657 0.9979887 -0.002127885 -0.06040215 0.9981678 -0.00356841 0.1256774 0.9920538 -0.005882561 0.1274486 0.9918061 -0.008812427 0.2874125 0.9578031 0.002676963 -0.1275624 0.9918053 -0.00709623 -0.2169576 0.9761725 -0.004096627 0.3043379 0.9525601 -0.002826273 -0.3027645 0.9530436 -0.006445407 -0.3094078 0.9509267 -0.002295911 0.3116207 0.9501943 -0.0048334 0.3086303 0.9511821 -3.27306e-4 0.4765243 0.879154 -0.003568589 0.4822977 0.8759912 -0.005353629 -0.3911204 0.9203395 4.95579e-4 -0.4805784 0.8769276 -0.006524443 -0.4801406 0.8771454 -0.008995354 -0.5687385 0.8225101 -0.003725528 0.5684872 0.822692 6.66032e-4 0.6425819 0.7661908 0.006361603 0.6357675 0.771834 -0.00849688 -0.6421002 0.7666147 -0.003074765 0.642992 0.7658244 -0.00861603 -0.6449309 0.7642034 -0.00756514 0.6433681 0.7655307 -0.006370842 0.7165794 0.6975054 -4.41559e-4 -0.6460369 0.7632985 -0.003473699 0.7756587 0.6311479 -0.002465784 -0.645289 0.7639378 0.001096546 -0.7132019 0.7009507 -0.003353297 0.779123 0.6267918 -0.009965419 -0.7820575 0.6231524 -0.008212208 0.7804545 0.6251981 -0.004269301 -0.7817972 0.6235268 -0.002749383 0.7787249 0.6273654 -5.28499e-4 0.885771 0.4641224 -4.80214e-4 0.8851913 0.4651824 -0.006461024 -0.8360103 0.5486955 -0.004478216 -0.8893921 0.4571439 -0.001143634 0.8881029 0.4595895 -0.007133245 0.9268485 0.3754149 -0.003962159 0.9587585 0.2841626 -0.005830883 -0.9244142 0.3813843 0.002087652 -0.9578418 0.2872266 -0.006328284 0.9820157 0.1887964 -0.001132369 -0.9791371 0.2031099 -0.006080448 0.9947163 0.1026034 -0.003501653 0.9955063 0.09450501 -0.006012856 -0.9933138 0.1152552 -0.006640374 -0.9999555 0.007452011 -0.005796253 -0.9965533 0.08294934 -0.001068174 -0.9998797 0.01478058 0.004734516 -0.9997835 -0.0190441 0.008385479 -0.9999257 -0.01131951 -0.004530251 0.9999764 0.005260169 -0.004435241 -0.992795 -0.1191846 -0.01237338 0.9923375 -0.1233758 -0.006698369 0.9633794 -0.1348884 0.2317444 0.9834826 -0.01474893 0.180401 0.9403253 -0.1760244 0.2912111 0.9766875 -0.2134582 -0.02274012 -0.95739 -0.2467902 -0.1499974 -0.9547674 -0.2489886 -0.1625551 -0.9426992 -0.2870549 -0.1700522 -0.97761 -0.2076617 -0.03399223 -0.6807572 -0.06602132 0.7295278 -0.6520439 -0.04879248 0.7566096 0.6154809 -0.071011 0.7849465 0.9543477 -0.2507446 -0.1623198 0.9627879 -0.248623 -0.1059535 0.9544973 -0.2423418 -0.1737971 -0.9586361 -0.2813768 -0.0429424 -0.955758 -0.2916773 -0.03809195 0.9555007 -0.2932266 -0.03219944 0.9575411 -0.2855079 -0.0400058 -0.9699232 -0.1042399 0.2199615 -0.9837462 -0.04093575 0.1748368 0.9983941 -0.0566473 -5.99005e-4 0.9991677 0.04079365 2.7519e-6 -0.9355236 -0.3401998 -0.095182 -0.9746021 -0.08481109 0.2072626 -0.9558361 -0.2367168 -0.1741919 -0.9705956 -0.2128653 -0.1123952 -0.9835036 -0.1589773 -0.0862953 0.7217605 0 0.6921429 -0.6358961 -0.02966004 0.7712045 -0.6370929 -0.03208178 0.7701192 -0.7217602 0 0.6921432 0.9353016 -0.3435671 -0.08469063 0.9142372 -0.3787535 -0.1439316 0.9869157 -0.1073044 -0.1203458 0.9819219 -0.1690433 -0.08517003 0.9813958 -0.1631074 -0.1012836 0.9661508 -0.2324445 -0.1119038 0.9886847 -0.06027632 0.1373659 0.9786939 -0.07949006 -0.1893138 0.9708746 -0.05049687 -0.2342066 0.985533 -0.0781883 0.1503707 0.9388079 -0.3408016 -0.04993957 -0.9163212 -0.3738238 -0.1435668 -0.7995949 -0.02576416 0.5999869 -0.9258353 -0.3248859 -0.1930757 0.9259818 -0.3379919 -0.1682832 0.7374386 -0.05881392 0.6728487 0.9216454 -0.2961028 -0.2507847 -0.9780917 -0.06181263 0.1987857 0.9106341 -0.3689435 -0.186082 -0.9286138 -0.2779987 -0.2457503 -0.9184622 -0.3029064 -0.2543127 0.9966599 -0.02726387 0.07697844 0.9880055 -0.1543376 0.005025207 -0.9978421 -0.06565821 4.93343e-4 0.6403729 -0.02176582 0.7677557 0.6531608 -0.06064987 0.7547865 -0.9211287 0.07406663 0.3821466 -0.9718033 0.1418884 0.1883246 0.8747131 0.002308964 0.4846358 0.9455857 0.03533834 0.3234488 -0.7469958 -0.05031484 0.6629222 -0.7249537 -0.04294139 0.6874579 0.6858326 -0.05887502 0.7253739 -0.9943353 0.1055983 0.01210153 -0.9802551 0.1973771 0.01192909 0.9834408 0.0749256 0.1650161 0.9314367 -0.2218206 -0.288481 -0.9442342 -0.230444 -0.2351965 0.9595035 -0.1733891 -0.2220118 0.9140903 -0.4029441 -0.04555356 -0.9355179 -0.3494592 -0.05181372 0.9948301 0.1014881 0.003670692 -0.9993592 -0.01893675 0.03037482 -0.9951507 -0.04731976 0.08623212 -0.9934926 -0.0746057 0.08606141 -0.9637712 -0.1155423 -0.2404065 -0.9216052 -0.1308544 -0.3654053 -0.9954047 -0.08448123 -0.04508227 -0.963501 -0.1841483 -0.1943067 0.9708318 -0.06113344 -0.2318375 0.919659 -0.1244236 -0.3724867 -0.9705719 -0.08126807 -0.2266842 0.9609261 -0.05369937 -0.2715466 -0.9759281 -0.06251752 -0.2089401 -0.9455379 -0.04077607 -0.322948 -0.9987136 0.01506423 -0.04841947 0.999963 0.004448473 -0.007367074 0.9956126 0.02869355 -0.08906298 0.9873731 0.06147009 -0.1459994 0.9776175 0.124794 -0.1693831 0.948264 -0.2434334 0.2038033 0.9924093 -0.1211044 -0.0213896 0.9949613 -0.02942228 -0.09584587 -0.9745702 -0.09055209 -0.2049719 -0.9845442 -0.03157472 -0.1722664 -0.9620782 0.1347554 -0.2371636 -0.9855027 0.08284693 -0.1480568 -0.9987532 0.01791918 -0.04659569 0.9672725 -0.251998 0.02968084 -0.9880905 -0.1530607 0.0158075 -0.8587099 0.02354174 0.511921 0.8052163 -0.01612913 0.5927619 -0.7241555 -0.02417272 0.689213 0.7288492 -0.05644351 0.6823437 -0.9509826 0.1649869 0.2615557 -0.8080196 -0.02906686 0.5884381 -0.7823196 -0.04641741 0.6211454 0.7523962 -0.04149574 0.6574025 0.9248297 0.08549845 0.3706482 0.9730799 0.1518775 0.1733461 -0.9639506 0.263796 0.03480041 -0.9676271 -0.2498083 0.03596687 -0.9398457 -0.3415873 0.00289309 0.9780872 0.208175 -0.002925038 -0.9647045 0.2180075 -0.147709 -0.932973 0.3272916 -0.1498049 0.8856022 -0.2956094 -0.3582235 0.8946956 -0.3701771 -0.2499778 0.905134 0.04913729 -0.4222773 0.9399346 0.05726373 -0.3365173 -0.9100415 -0.1231133 -0.3958126 -0.9057554 0.04964524 -0.4208834 -0.9465581 0.0596112 -0.316977 0.9605709 0.226307 -0.1615201 0.8825163 -0.4595605 -0.0998457 0.8977757 -0.4363653 -0.05986863 -0.9089611 -0.3721733 -0.1878217 -0.9168877 -0.3973969 -0.03731846 -0.9015939 -0.4284697 -0.05951797 0.9338439 0.2057809 -0.2925574 0.9866634 0.03962659 -0.1578769 0.9859927 0.05346727 -0.1579862 -0.953294 0.1885086 -0.235998 -0.9364944 0.2106214 -0.2803874 -0.8893932 0.3390548 -0.3066294 -0.9530832 0.1890857 -0.2363874 -0.9461816 -0.2228782 -0.2346612 -0.9632403 0.1160979 -0.2422589 0.9708626 0.09421283 -0.2203398 0.9713901 0.1127545 -0.2090158 -0.905704 0.08108514 0.4160836 0.9148853 -0.4027705 0.02758407 0.9439439 -0.3299632 0.009715497 0.7204157 -0.01824057 0.6933026 0.8635567 0.03805422 0.5028141 -0.7931469 -0.02907341 0.608336 0.7963551 -0.02093929 0.6044667 0.8607422 0 0.5090413 -0.7960169 -0.03586173 0.604211 -0.860742 0 0.5090415 0.7953578 -0.0293253 0.6054305 0.7805971 -0.06675928 0.6214591 -0.896597 -0.3697186 -0.2437664 -0.8578618 -0.1719343 -0.484264 -0.8619997 -0.002310037 0.5069035 -0.8388414 -0.03463262 0.5432732 -0.9551406 0.2622113 0.1376653 0.9303107 0.1343143 -0.341294 0.8126385 -0.02096176 0.582391 0.861796 0.03364753 0.506138 -0.9256139 0.1184241 -0.3594644 -0.9170189 0.3828387 -0.1118529 0.9520462 0.1783197 0.2486165 0.961634 0.2736421 0.01949435 0.8579356 -0.4723957 -0.2019621 -0.8892582 -0.4482448 -0.09108543 0.9277229 0.1364045 -0.3474535 -0.8477293 0.4431507 -0.291501 0.9272866 0.3368526 -0.163309 -0.9061762 0.1572886 -0.3925623 -0.9001197 0.1651365 -0.4031311 0.8822474 0.3462745 -0.3189572 -0.8523581 0.2952213 -0.4316596 -0.7812197 0.4445952 -0.4382135 0.8814409 -0.4714475 0.02827173 -0.9163538 -0.3995091 0.02623224 0.8473867 0.2954373 -0.4411944 0.9304991 0.1327783 -0.3413814 0.8380369 0.01777857 -0.5453238 0.8442241 -0.1853485 -0.5029231 -0.8378416 0.01804453 -0.5456152 0.8276453 -0.4110308 -0.382174 -0.8471754 -0.4899219 -0.2055978 -0.8245646 -0.4289706 -0.3688871 -0.8494586 -0.3017223 -0.4328786 -0.9365739 0.1489437 0.3172464 0.9991341 0.04160469 2.47358e-4 0.8914696 0.158497 -0.4244535 0.8427984 0.1775026 -0.5081179 -0.8454391 0.1825569 -0.5019021 -0.8110822 0.203099 -0.5485403 -0.8103219 0.211728 -0.546397 0.9088529 0.1008158 0.4047499 0.9989682 -0.04541289 6.10216e-4 0.9965351 -0.08283847 0.007460713 0.8477645 -0.529252 -0.03446346 -0.8881722 -0.4584596 0.03106945 -0.8656057 -0.01653808 0.5004531 -0.93232 0.3612592 0.01647287 -0.904701 0.02689725 0.4251974 0.8415843 -0.05298411 0.5375209 -0.8881489 -0.0317254 0.4584594 -0.8375718 0.4906151 -0.2403548 0.9528913 0.2767706 0.1240816 0.9115605 0.3913739 -0.1260312 0.871873 -0.0178312 0.4894074 0.8641762 0.005304396 0.5031614 -0.7376998 0.5399794 -0.4052422 0.9188584 -0.3857275 0.083148 0.9477775 -0.3108719 0.07125151 -0.9450984 -0.3180317 0.0751329 0.8394045 0.4512222 -0.3029829 0.803096 -0.2484353 -0.5415872 0.7660012 -0.03260421 -0.6420118 -0.7875494 -0.2325449 -0.5706915 -0.766002 -0.03260469 -0.6420109 -0.7410672 0.3779132 -0.5549785 -0.6537538 0.5305173 -0.5395901 0.7714878 0.4508572 -0.4489259 -0.7299106 -0.3645943 -0.5781883 0.8386582 0.1764262 -0.5152923 0.8280432 0.1609528 -0.537065 0.8244649 0.03201657 -0.5650067 0.7226203 0.1110413 -0.6822682 -0.6833147 0.2340262 -0.6916016 -0.7620338 0.1560353 -0.6284565 -0.8005159 0.1838762 -0.5704067 -0.7629022 0.08216989 -0.6412709 -0.7342172 0.197128 -0.6496659 0.7330297 0.3781279 -0.5654084 0.9890001 -0.1446225 0.0310375 -0.9988873 -0.04610091 0.009943127 -0.9883036 -0.1492292 0.03141319 -0.9960076 -0.08870452 0.01003366 -0.9955007 -0.09432852 0.008981227 0.7980089 -0.5759558 -0.1773612 -0.8505983 -0.5245611 -0.03630632 -0.6818112 0.3043729 -0.6651998 -0.6068666 0.4517253 -0.6539552 0.6799744 0.3093349 -0.6647908 0.8502388 -0.06470781 -0.5224052 0.9072144 0.08093285 0.4128099 0.8881118 -0.457997 0.03868103 -0.9174849 -0.3863468 0.0946455 0.6898717 0.307291 -0.6554765 0.6898607 0.3072838 -0.6554914 -0.9505791 0.2304394 0.2080801 0.6846592 -0.1094508 -0.7205986 0.7173066 -0.3222038 -0.6177831 -0.5921387 -0.2207409 -0.7750132 -0.6620966 -0.08684116 -0.7443701 0.6700005 0.08072596 -0.7379585 -0.6168062 0.1140817 -0.7788039 0.9990634 0.04327172 1.9849e-6 0.9380679 0.1708504 0.3013949 0.6411297 -0.433319 -0.6333936 0.7091292 -0.5248245 -0.4708452 0.7620568 -0.5157591 -0.391487 -0.7783166 -0.5112816 -0.3644372 -0.7292805 -0.484631 -0.4829937 -0.9999848 -0.005527555 -6.15619e-5 -0.9998172 0.01902228 0.001970052 0.9807549 -0.1877495 0.05357289 0.964962 -0.251515 0.07475811 -0.9644982 -0.2529604 0.07585734 -0.980288 -0.1902707 0.0532211 -0.8842858 0.4570835 -0.09546411 0.6898915 0.307285 -0.6554583 -0.6678124 0.2703433 -0.6934993 -0.7368805 0.5824044 -0.3432379 0.694472 0.2869256 -0.6598351 -0.6160208 0.6177665 -0.4887565 -0.5202328 0.5977883 -0.6099238 0.7249169 -0.6196652 -0.3008497 -0.7357085 -0.6034369 -0.3075662 -0.7740522 -0.6022408 -0.1953183 -0.6192749 0.2198238 -0.7537747 0.6405555 0.2256251 -0.7340178 0.6002578 0.1312182 -0.7889693 -0.5550169 0.351886 -0.7537457 -0.9098949 -0.02127921 0.4142928 0.9265888 0.3760618 0.003296494 0.8299928 0.4973298 -0.2525371 -0.465216 0.5140655 -0.7206323 0.8643425 -0.0163927 0.5026364 0.7276238 0.5466381 -0.4144278 0.6424813 0.5355935 -0.5480489 -0.9209878 -0.03666037 0.387863 0.5936948 0.4557531 -0.663186 0.9105073 -0.03087711 0.4123387 0.8829408 -0.07060301 0.4641454 0.9135284 -0.006098449 0.4067294 0.5423817 0.3503207 -0.7636083 0.9104759 0.04414945 0.4111989 0.5319231 0.05764937 -0.844828 0.5958573 -0.1654052 -0.7858723 -0.4477407 0.01706397 -0.8940006 -0.5255975 0.08288419 -0.8466863 0.8333085 -0.5526657 0.01255255 0.8331516 -0.5485925 0.07003438 -0.8570174 -0.5142916 0.03202474 -0.8691181 -0.4924566 0.04604613 -0.8814427 -0.470143 0.04499554 0.5664967 -0.4153298 -0.7117462 0.5193369 -0.2426922 -0.8193837 -0.6354917 -0.4655159 -0.6159913 -0.5811842 -0.3765323 -0.7214211 0.5581039 0.2348036 -0.7958563 0.5611765 0.2195462 -0.7980479 -0.5514242 0.2145661 -0.8061594 -0.544246 0.2374274 -0.804627 0.933117 -0.3428584 0.1083545 0.9521574 -0.2910405 0.09322983 -0.934236 -0.339538 0.1091653 -0.9522457 -0.2900835 0.09528768 0.5742139 -0.5986152 -0.5585144 0.5442144 -0.6125122 -0.5732883 0.6259672 -0.6209474 -0.471794 -0.6185501 -0.6209378 -0.4814894 0.4576565 -0.003459692 -0.8891224 -0.341347 -0.07180511 -0.9371907 -0.4441919 -0.3121861 -0.8397819 0.4261273 -0.5163804 -0.7428101 -0.5307925 -0.5595093 -0.63656 0.4101108 0.3911195 -0.8239143 0.4852151 0.2274942 -0.8442825 -0.419837 0.3947243 -0.8172698 0.9542403 0 0.2990409 -0.9130879 -0.03163391 0.4065338 -0.9542403 0 0.299041 0.4171022 0.22022 -0.8817761 -0.407575 0.2216715 -0.8858581 -0.3975179 0.2515127 -0.8824516 -0.4675522 0.2333893 -0.8525987 -0.3323339 0.5607637 -0.7583524 0.9177565 0.001588046 0.3971406 0.9392459 0.1339425 0.3160325 -0.9458458 0.3075792 0.1037824 -0.3916074 0.6493052 -0.6519559 0.3733053 -0.4961187 -0.7839066 -0.4052419 -0.5133565 -0.7564682 0.7836982 -0.6002415 -0.1597734 0.7655689 -0.6432418 0.01201736 -0.801939 -0.5914652 -0.08404123 -0.8127491 -0.5809795 -0.04360938 0.4522804 0.516764 -0.7269095 -0.4934405 0.6790676 -0.5434922 0.9492163 0.2461518 0.195954 0.5086066 0.6015549 -0.6159961 0.2894513 -0.3516714 -0.8902501 -0.3303437 -0.4371306 -0.8365344 -0.6265035 0.6577863 -0.4181037 0.605193 0.6230658 -0.4955103 -0.8163425 0.5449067 -0.1914725 0.4080125 0.2088053 -0.888778 0.3898513 0.195112 -0.8999708 0.39306 0.06253832 -0.9173837 0.3136861 -0.08727777 -0.9455071 -0.3816841 0.1107164 -0.9176378 -0.3832281 0.2005705 -0.9016139 -0.2395511 0.1122522 -0.9643728 0.9157755 -0.3902433 0.09521287 0.8913701 -0.450315 0.05172777 0.8699815 -0.4591263 0.1798207 -0.8953682 -0.4279873 0.1230568 -0.9181742 -0.38378 0.09833216 -0.2127386 -0.1994854 -0.9565292 -0.269692 -0.3990696 -0.8763616 0.7281972 0.5873836 -0.3531421 0.8755413 0.4711171 -0.1071277 0.2829631 0.4238631 -0.8603906 -0.2934086 0.4271873 -0.8552325 -0.9566727 0.1808189 0.2282146 -0.9329597 0.126616 0.3369785 0.2291815 0.1085278 -0.9673147 0.1350708 0.0118947 -0.9907646 0.152364 -0.1993502 -0.9680107 -0.1344686 0.002961397 -0.9909135 -0.9931839 0.1165578 0 -0.996366 -0.08512896 0.002844929 -0.9588949 0.001348614 0.2837583 -0.2164179 0.3181574 -0.9230056 -0.1839525 0.4508953 -0.8734157 0.2333901 0.3009268 -0.924647 -0.7198606 -0.6503707 -0.2425258 -0.7219638 -0.6167721 -0.3136249 -0.9417486 0.07147544 0.3286349 -0.2164224 0.5952687 -0.7738324 0.9292336 -0.04656934 0.3665464 -0.3741404 0.1823944 -0.9092586 0.3851109 0.1593191 -0.9090143 0.2609204 0.2124773 -0.9416868 0.9444833 0.08210951 0.3181342 0.3206614 0.5619487 -0.7624893 -0.2461278 0.2014993 -0.9480608 0.7028697 -0.6308619 -0.3286148 0.6207659 -0.6127972 -0.4890085 0.6644598 -0.6813042 -0.307112 -0.6747836 -0.6471112 -0.3548441 -0.2755987 0.6888391 -0.670482 -0.07684332 0.2980242 -0.9514603 -0.2187919 0.1309322 -0.9669473 0.1858894 0.1839463 -0.9651989 0.1510627 0.1803312 -0.9719366 -0.1548839 0.1652716 -0.9740104 -0.1448115 0.2066946 -0.9676296 0.8715004 -0.4903902 -0.002153098 -0.8744547 -0.4847981 -0.01731902 0.3806233 0.6518813 -0.6558785 -0.09083956 0.4710234 -0.877431 -0.5024838 -0.5358831 -0.6784833 -0.5587321 -0.6376782 -0.5302689 0.1761301 0.446591 -0.8772312 0.06526678 0.298536 -0.9521642 0.08331853 0.4657405 -0.8809904 0.0314027 -0.0417242 -0.9986356 0.04906433 -0.1143952 -0.992223 0.1500917 -0.2494508 -0.9566854 -0.05971688 -0.1213827 -0.9908079 -0.05797654 -0.07870638 -0.9952106 -0.1139665 -0.1813726 -0.9767885 -0.3778967 0.727281 -0.5729367 0.01530331 0.002586543 -0.9998797 0.01020497 -0.03479766 -0.9993423 0.1207308 0.1706228 -0.9779121 0.04296481 0.08785176 -0.9952066 -0.04275947 0.08791649 -0.9952097 -0.04290199 0.1581885 -0.9864765 -0.08903789 0.1589204 -0.9832683 -0.01514029 0.002882659 -0.9998813 -0.009899497 -0.03541642 -0.9993237 -0.01196342 -0.03575855 -0.9992889 0.5185925 -0.697864 -0.4940119 0.5131236 -0.5717077 -0.6401988 0.5177057 -0.7151077 -0.4696829 0.3426872 -0.4308058 -0.8348484 -0.5049623 -0.6317298 -0.5881586 0.2184312 -0.366593 -0.9043768 -0.2946646 -0.4495662 -0.8432455 0.3303316 -0.4567836 -0.825972 0.3372871 -0.5728265 -0.7470659 -0.2850012 -0.403168 -0.8696148 -0.3321173 -0.4766208 -0.81396 7.03274e-6 -0.008401632 -0.9999647 -0.00215882 0.01184105 -0.9999276 -0.001124262 0.01369529 -0.9999057 -0.03283035 0.09261047 -0.9951611 -0.009970664 0.09390443 -0.9955314 -0.02196079 0.1142319 -0.9932114 0.01314878 0.0900036 -0.9958547 0.002237319 0.01063817 -0.999941 1.02949e-4 1.77181e-4 -1 -6.12812e-4 -5.80284e-4 -0.9999997 -7.37613e-4 -7.09706e-4 -0.9999995 1.41233e-4 2.17848e-4 -1 -2.73515e-5 -1.40619e-4 -1 9.31467e-5 -3.86597e-5 -1 1.74614e-4 2.16469e-4 -1 1.02687e-4 6.91513e-5 -1 3.25326e-5 -2.60143e-4 -1 3.4951e-4 4.6384e-4 -0.9999998 1.02992e-4 7.06536e-5 -1 -3.15984e-5 -1.44403e-4 -1 1.72022e-4 2.14083e-4 -1 3.55327e-4 4.57213e-4 -0.9999998 -7.9e-5 1.94067e-5 -1 5.17831e-5 -2.44849e-5 -1 -7.9356e-5 -6.76729e-5 -1 1.76477e-4 2.22923e-4 -1 3.25588e-5 -2.64663e-4 -1 -7.70944e-5 -6.65195e-5 -1 -1.13752e-4 -1.15713e-4 -1 5.31817e-4 5.76918e-4 -0.9999998 0.00197798 0.00197333 -0.9999961 2.52487e-4 2.74689e-4 -1 1.12293e-5 8.64486e-6 -1 -1.12541e-5 -1.24988e-5 -1 3.97689e-4 3.92153e-4 -1 -8.73979e-6 -1.20499e-5 -1 -4.5403e-4 -3.86823e-4 -0.9999999 0.01703721 0.04076927 -0.9990233 0.009498894 0.02495568 -0.9996435 0.001111447 0.008723497 -0.9999613 1.69979e-5 3.7723e-5 -1 1.369e-5 1.2515e-5 -1 6.90149e-7 0 -1 -2.76877e-6 0 -1 3.45838e-7 0 -1 -2.94315e-7 0 -1 9.41059e-7 0 -1 -3.4246e-7 0 -1 3.54731e-7 0 -1 -1.22936e-7 0 -1 4.72165e-7 0 -1 -1.3547e-7 0 -1 -1.28516e-6 0 -1 1.15566e-6 0 -1 1.53519e-6 0 -1 -9.52263e-6 0 -1 -8.32646e-7 0 -1 9.94999e-7 0 -1 -3.79788e-7 0 -1 7.97618e-6 0 -1 8.34727e-7 0 -1 1.71583e-7 0 -1 6.14677e-7 0 -1 6.69772e-7 0 -1 1.74966e-7 0 -1 -6.90174e-7 0 -1 -4.22527e-6 0 -1 2.35058e-6 0 -1 -2.66789e-6 0 -1 -1.70141e-6 0 -1 4.424e-7 0 -1 -4.17621e-6 0 -1 -3.40488e-7 0 -1 3.65405e-7 0 -1 3.66903e-7 0 -1 3.34113e-7 1.44856e-4 -1 -1.24908e-5 -1.48208e-5 -1 -1.11765e-5 -6.21341e-6 -1 -7.74821e-6 1.0044e-6 -1 0 0 -1 -2.01198e-4 0.02616906 -0.9996575 0.0034976 0.01515269 -0.9998791 0 9.0746e-5 -1 7.65915e-5 7.36257e-5 -1 4.42407e-7 0 -1 1.49657e-4 1.61388e-4 -1 -2.69376e-6 2.14044e-6 -1 -1.19633e-5 -1.82612e-5 -1 3.9739e-4 3.91842e-4 -1 3.81903e-4 3.86793e-4 -0.9999999 -1.18811e-4 1.55185e-4 -1 4.72862e-5 6.42475e-5 -1 -7.49956e-6 9.34713e-6 -1 -4.55025e-4 -3.82071e-4 -0.9999999 -4.59425e-4 -3.85704e-4 -0.9999999 1.1779e-5 3.54005e-5 -1 -0.003833115 0.0152533 -0.9998763 -0.002510249 0.01450967 -0.9998916 1.0367e-5 2.34019e-5 -1 -0.001204609 0.008818686 -0.9999604 -0.005534529 0.02241152 -0.9997335 0.02903437 0.04034548 -0.9987639 -0.002146124 0.05679744 -0.9983835 -0.003230571 -0.002948343 -0.9999905 -4.73182e-5 0.05724883 -0.99836 -0.02645409 0.07904642 -0.9965199 -0.01564335 0.04477685 -0.9988746 9.96817e-5 7.92455e-5 -1 4.38908e-4 3.32208e-4 -1 -0.001789867 -0.001475691 -0.9999973 -8.05309e-5 -3.0588e-5 -1 4.6937e-4 3.62724e-4 -0.9999999 -0.002381265 -0.00198847 -0.9999952 -0.002379059 -0.002000987 -0.9999952 0.002251803 0.002350628 -0.9999948 0.002254605 0.002360939 -0.9999947 -3.90898e-6 -9.51527e-6 -1 0.007410049 0.1108513 -0.9938094 0.4828131 0.6831319 -0.5479255 -0.03487551 0.1299019 -0.9909134 -0.03271114 0.1224095 -0.9919405 0.03665232 0.1189015 -0.9922294 0.02255606 0.1167419 -0.9929062 -0.121716 0.6214324 -0.7739555 -0.002994179 0.1493396 -0.9887815 0.02766227 0.1529357 -0.987849 0.02805995 0.1509146 -0.9881485 0.03156125 0.1471302 -0.9886135 -0.006991565 0.1513 -0.9884632 -0.009914994 0.1572279 -0.9875126 0.001249611 0.2591345 -0.9658405 0.04552853 0.2553802 -0.9657681 -0.04489588 0.2506974 -0.967024 0.1336885 0.2289831 -0.9642065 -0.5156782 0.7187748 -0.4663034 0.2066629 0.5952779 -0.7764887 0.09201681 0.2092941 -0.9735137 -0.0407418 0.1520337 -0.9875352 0.03609406 0.09749728 -0.9945811 0.01580399 0.2648957 -0.9641476 -0.9225195 0.3859381 0.003085613 -0.9657 0.114655 0.2329759 -0.02024054 0.2633956 -0.9644756 0.6175827 0.6613018 -0.42576 -0.7364493 0.6197932 -0.271107 0.9572067 0.1917535 0.2167624 0.9414401 0.3245203 0.09152704 0.9518429 0.02495479 0.305569 0.0399276 0.3834989 -0.9226779 -0.005353152 0.466114 -0.8847086 0.007101297 0.4633012 -0.8861725 -0.04434788 0.3846014 -0.9220169 0.8054533 0.5575942 -0.2008333 -0.05756986 0.3852745 -0.9210046 0.001662552 0.3244692 -0.9458949 -0.1769372 0.720039 -0.6709971 0.05729895 0.3845192 -0.921337 0.2659732 0.6904812 -0.6726768 -0.03421562 0.6481764 -0.7607213 0.1140664 0.6206813 -0.7757214 0.00156337 0.4103173 -0.9119415 -0.06399834 0.5088792 -0.8584557 0.002013981 0.494876 -0.8689613 0.06225281 0.5074793 -0.8594122 0.05030018 0.4954861 -0.8671582 -0.9618471 0.2412958 0.128944 -0.2748357 0.765717 -0.5815007 -0.05475944 0.4991003 -0.8648123 0.03252112 0.6455687 -0.7630095 -0.01469713 0.5736045 -0.8190006 0.3682132 0.7303329 -0.5753547 -0.9799954 -0.006108939 0.1989263 -0.9477567 0.02691823 0.3178564 -0.9610194 -0.01996344 0.2757594 -0.9742867 0.04364562 0.2210441 -0.09791195 0.7458563 -0.6588715 0.02443629 0.5631127 -0.8260188 -0.06166446 0.6038914 -0.7946777 0.169054 0.7210705 -0.6719212 0.9807575 -0.01719003 0.1944718 0.956991 -0.06022101 0.2837988 0.9588417 -0.002290964 0.283932 0.9821465 0.01693463 0.1873542 0.9671009 0.1240416 0.2221027 0.001728177 0.5751728 -0.8180301 -0.4109604 0.7680827 -0.4910809 -0.06197065 0.6240966 -0.7788858 0.05871319 0.6223465 -0.7805367 0.05693852 0.6005451 -0.7975611 0.5071732 0.7211568 -0.4719198 0.002069771 0.6524034 -0.7578692 -0.6653577 0.6764044 -0.315874 -0.03848749 0.7682817 -0.6389539 -0.8821387 0.4623891 -0.08959645 0.02289032 0.6849114 -0.7282667 0.7233051 0.6357727 -0.2694867 0.09189826 0.7466137 -0.6588799 -0.06294173 0.709947 -0.7014368 -0.01569426 0.6816056 -0.7315514 -0.1875584 0.7971482 -0.5739136 0.9150151 0.4033306 -0.008474528 0.2665461 0.7680419 -0.5822928 0.00158137 0.7155493 -0.6985604 -0.9778609 0.1590529 0.1359789 -0.05467134 0.733986 -0.6769606 0.05317395 0.7341247 -0.6769294 0.06154155 0.7109832 -0.7005109 -0.9813433 -0.01492536 0.1916842 0.9602986 0.2533372 0.1168206 0.003184199 0.7884228 -0.6151255 0.976203 0.05116862 0.2107358 0.03419005 0.7690547 -0.6382681 -0.3167512 0.8082107 -0.4964516 0.03471475 0.8094194 -0.5862039 -0.03347355 0.8048688 -0.5925081 6.74161e-4 0.7863507 -0.61778 0.403361 0.7696423 -0.4949252 0.001528561 0.7728509 -0.6345859 -0.117657 0.8236069 -0.5548231 -0.9519649 0.3046877 0.03047037 0.1808991 0.7990382 -0.5734227 5.55593e-4 0.8125413 -0.5829034 -0.04175549 0.8254345 -0.5629518 -0.03238838 0.8486156 -0.5280178 0.03303885 0.8471298 -0.5303581 0.04742974 0.8254712 -0.562448 0.9936704 0 0.1123356 -0.9840584 -0.01856541 0.1768745 -0.9936704 0 0.112336 -0.9809769 -0.03037554 0.1917335 -0.5565537 0.7507184 -0.3559072 -0.9896002 0.07171869 0.1246919 0.6140653 0.71732 -0.3292049 0.9776694 0.1695284 0.1241881 0.9823222 -0.0239638 0.1856576 0.9809537 -0.03432035 0.1911857 -0.06513965 0.8463528 -0.5286245 -0.8223845 0.5424942 -0.171417 0.1127054 0.8253055 -0.5533248 -0.2357934 0.8411486 -0.4866935 0.8719015 0.4794524 -0.09956538 0.3103743 0.8092339 -0.498807 -0.9776407 0.206843 0.03787612 0.001367151 0.8564802 -0.5161783 -0.02855491 0.866059 -0.4991257 0.06178498 0.8480407 -0.5263171 -0.9957058 0.00878936 0.09215682 0.9480835 0.3175035 0.01814502 0.9903196 0.08008855 0.1133712 -0.473921 0.7976433 -0.3730474 -0.005581319 0.8829709 -0.4693945 0.02669 0.8678172 -0.4961664 0.5436946 0.7602636 -0.3555217 -0.1693688 0.8683415 -0.4661517 -0.9271261 0.3692162 -0.06416052 0.230759 0.8418791 -0.4878423 0.01265305 0.8992562 -0.4372394 0.005131542 0.8847772 -0.4659862 -0.003726243 0.9017189 -0.4323069 3.16883e-4 0.8849647 -0.4656581 -0.006740093 0.918713 -0.3948685 0.008977711 0.916614 -0.3996726 -0.9943641 0.102702 0.02631354 0.9755477 0.2183144 0.0254054 0.6938037 0.6675119 -0.2703039 0.821246 0.5426835 -0.1762098 -0.1175419 0.8907419 -0.4390477 0.9962478 0.001116693 0.08654028 0.1656848 0.8689603 -0.4663224 -0.3978893 0.8365871 -0.3765715 3.56789e-4 0.9113183 -0.4117027 0.4618344 0.8058741 -0.3705076 -0.9644716 0.2574279 -0.05937612 -0.07939648 0.9090049 -0.4091533 0.9209332 0.3822492 -0.07594513 0.1151399 0.8913767 -0.4383952 -0.9998731 0.01573604 -0.002519071 0.9936094 0.1119983 0.01403534 -0.8889229 0.4323983 -0.1511548 -0.05299705 0.9236231 -0.3796204 -0.3295367 0.8686088 -0.3700329 0.07811415 0.9097205 -0.4078073 -0.7236052 0.6507381 -0.230077 -0.6249324 0.7170407 -0.3087269 0.3869587 0.8435723 -0.3723557 -0.03561884 0.9349606 -0.352959 0.05264413 0.9244086 -0.3777533 -0.9878987 0.1368899 -0.07292127 -0.9987023 -0.01467329 -0.0487706 -0.9987961 -0.0160427 0.04636007 -0.02125334 0.9442514 -0.3285387 0.04026502 0.9343257 -0.3541389 0.02224266 0.9424669 -0.3335586 0.9603223 0.2694618 -0.07191437 -0.9929883 -0.006537616 0.1180323 0.9939189 -0.01534801 0.1090403 0.9999737 0.003825247 -0.006173729 0.9995291 -0.004739403 -0.03031909 0.9997252 0.01576203 -0.01735836 -0.002949178 0.9288362 -0.3704791 -0.0138452 0.9507633 -0.3096086 0.01804828 0.94966 -0.3127623 -0.002503991 0.9436456 -0.3309482 -0.2688552 0.8945781 -0.3569971 0.3199386 0.8744217 -0.3647273 -0.9386822 0.3091208 -0.1527091 1 0 0 -0.9999764 -2.54014e-4 -0.006870687 -1 0 0 0.880712 0.4451701 -0.1617714 -0.9941964 0.03409928 -0.1020339 -0.5490677 0.7656317 -0.3351609 -0.9931681 0.002889752 -0.1166573 -0.7699964 0.5936553 -0.2338356 -0.8400132 0.492311 -0.2280521 -0.2158192 0.9151545 -0.3404623 0.985444 0.1468178 -0.08570176 0.6135069 0.7255601 -0.3117241 0.2606742 0.8992974 -0.35116 -0.7030816 0.649782 -0.2888939 0.7592752 0.6036056 -0.2432318 -0.1701976 0.9310337 -0.3228144 -0.9699115 0.1734907 -0.1708005 0.208998 0.9189065 -0.3345605 -0.9873933 -0.02633881 -0.1560798 0.9325462 0.3212808 -0.1647311 0.9936704 0 -0.1123356 -0.9936703 0 -0.1123361 0.9858223 -0.01576215 -0.1670506 0.9880809 -0.04246163 -0.1479641 0.9924402 0.00974667 -0.1223413 0.9939047 0.02744233 -0.1067734 -0.1308057 0.9429633 -0.3061214 0.1645674 0.9339481 -0.3172674 -0.476576 0.8068386 -0.349123 -0.9015569 0.3601881 -0.2397076 0.5379469 0.7730203 -0.3362331 -0.09588813 0.9515967 -0.2920088 0.8302248 0.5044791 -0.237124 0.1261164 0.9451546 -0.3012934 -0.6338226 0.7003364 -0.3283259 -0.7833268 0.5477703 -0.2938487 -0.0635848 0.9574201 -0.2816095 -0.9780099 0.05502164 -0.20117 0.09180301 0.9531637 -0.2881861 0.6915232 0.6598983 -0.2938196 -5.36252e-4 0.9545766 -0.2979652 -0.03265088 0.9612336 -0.2737953 -0.9850651 -0.02018618 -0.1709957 0.06112337 0.9579247 -0.2804359 0.02922922 0.9608301 -0.2755928 0.9656843 0.1836927 -0.1836051 -0.001387774 0.9636621 -0.2671207 0.9542404 0 -0.2990409 -0.9542403 0 -0.2990409 -0.4083969 0.8415599 -0.353538 -0.9407484 0.211243 -0.2652714 0.4660584 0.813172 -0.3486273 0.8936542 0.3721295 -0.2508024 -0.9718364 -0.01500076 -0.2351788 -0.9810912 -0.04583978 -0.1880396 0.9747992 0.06273567 -0.2140814 -0.8548961 0.4092286 -0.3188802 0.9810519 -0.05013388 -0.1871469 -0.5645873 0.7445111 -0.3562925 0.7724012 0.5591542 -0.3012363 -0.7214449 0.5982941 -0.3486568 0.6220842 0.7093629 -0.3313843 -0.9512667 0.07781964 -0.2983891 -0.3443107 0.8705955 -0.3514452 0.3986096 0.8469107 -0.351927 0.9348004 0.2214073 -0.2777178 0.9471849 0.01102668 -0.3204984 0.9668656 -0.02517902 -0.2540412 -0.9012739 0.2487963 -0.3546912 -0.4963225 0.7829819 -0.374971 0.8455095 0.420714 -0.3288064 -0.9358814 0.001074492 -0.3523138 -0.2844672 0.8943935 -0.3451649 0.5529928 0.7524753 -0.3577427 -0.9813182 -0.04439854 -0.1871986 0.335305 0.8750106 -0.3491807 -0.8005869 0.455313 -0.3895519 0.946452 0.08552759 -0.3113099 -0.656318 0.6438856 -0.3932662 0.7097756 0.6087997 -0.3543748 -0.9142733 0.1014547 -0.392188 -0.2294694 0.9133404 -0.3363826 -0.9531564 -0.02515327 -0.3014304 0.2762624 0.8979516 -0.3425818 0.8937316 0.2586856 -0.3665049 -0.4285973 0.8165018 -0.3868194 0.9167761 -0.03193885 -0.3981228 0.9381717 -0.05163699 -0.3422974 0.4849675 0.789943 -0.3752287 -0.852671 0.284966 -0.4378889 -0.1790277 0.9279984 -0.3267537 0.7899962 0.4662034 -0.3981967 0.2220195 0.9161367 -0.3337678 -0.5888657 0.6849632 -0.4290254 -0.7402774 0.4979929 -0.4516552 -0.9043711 -0.002512693 -0.4267395 0.6442212 0.6534702 -0.3974365 0.90788 0.1089088 -0.404837 -0.9145976 -0.03955036 -0.4024265 0.860742 0 -0.5090414 -0.9125393 -0.04692679 -0.4062882 -0.860742 0 -0.5090416 -0.1320983 0.9389109 -0.3177994 -0.3615655 0.8452767 -0.393418 0.1721982 0.9301208 -0.3243812 0.4175335 0.8224692 -0.3862776 -0.8676885 0.1247426 -0.4812026 -0.08728367 0.9464456 -0.3108414 0.1256746 0.9404278 -0.3159138 0.8436864 0.2944301 -0.4488922 -0.04265171 0.9511169 -0.305872 0.9073142 -0.01590061 -0.4201526 0.9002386 -0.01744657 -0.4350475 0.08102267 0.9474052 -0.3096109 -0.5184791 0.7222438 -0.4577591 0.009043812 0.9583153 -0.2855699 -7.0191e-4 0.955304 -0.2956244 0.03449547 0.9525588 -0.3023939 -0.7962065 0.3189091 -0.5141519 -0.2965918 0.869179 -0.3956782 0.5764153 0.6936593 -0.4319518 -0.6748085 0.5374209 -0.5057788 0.7287076 0.5082271 -0.4590104 0.3509436 0.8502424 -0.3923345 -0.8491702 0.02787202 -0.5273835 0.8597894 0.1317601 -0.4933575 -0.2342948 0.8883872 -0.3948091 0.2864999 0.8731892 -0.3942822 -0.8124219 0.1466118 -0.5643365 -0.4451128 0.7557979 -0.4802543 -0.8562503 -0.0154609 -0.5163298 0.5056572 0.7300422 -0.4597275 0.7859185 0.3278764 -0.5242416 0.8430423 0.008889436 -0.5377739 -0.7326675 0.3504174 -0.5834434 -0.1743296 0.9032097 -0.3922009 -0.6034061 0.5743791 -0.5531635 0.2246688 0.8915162 -0.3933481 0.6622541 0.5470405 -0.5120218 -0.7979794 0.01652771 -0.6024581 -0.115704 0.9138342 -0.3892555 0.1650261 0.905506 -0.3909286 -0.3705503 0.7849503 -0.4965335 0.8650779 -6.80811e-4 -0.5016371 0.8031045 0.1530985 -0.5758334 0.4321628 0.7625631 -0.4813866 -0.06107509 0.920283 -0.386457 0.1065285 0.9153007 -0.3884281 -0.7492216 0.1664696 -0.6410577 -0.001598656 0.9413641 -0.337389 0.7964223 -0.01642763 -0.6045178 -0.8018393 -0.02445787 -0.597039 0.7217605 0 -0.6921429 -0.7958674 -0.04076546 -0.6040971 -0.7217603 0 -0.6921431 0.05482262 0.9209596 -0.3857822 0.7209749 0.3589956 -0.5927203 -0.5256844 0.6090705 -0.5938764 0.7980204 -0.03833615 -0.6014099 0.796449 -0.002832472 -0.6046993 -0.6613597 0.3802636 -0.6465315 0.5897315 0.5833978 -0.5584478 -0.2961956 0.8093158 -0.5072239 0.3577376 0.7906022 -0.4969628 -0.7326753 0.04682153 -0.6789659 0.7383645 0.1725557 -0.6519529 -0.2224854 0.8287749 -0.5134515 0.2835828 0.8138585 -0.5071637 -0.4466972 0.6423761 -0.6227476 -0.6777763 0.1848315 -0.7116577 -0.003912925 0.9281353 -0.3722225 0.5137347 0.6188027 -0.5942727 -0.7116482 3.93146e-4 -0.7025359 0.6479857 0.3885844 -0.65507 -0.5817062 0.4090533 -0.70306 -0.1490043 0.8432314 -0.5164868 0.7140082 -0.005609333 -0.7001149 0.7172563 0.03450173 -0.6959548 0.2099999 0.8322216 -0.5131348 -0.08067178 0.852462 -0.5165275 0.1364816 0.8455294 -0.5161909 -0.6553904 0.03460055 -0.7544974 -0.3507387 0.6921867 -0.6307614 -0.001920163 0.9066246 -0.4219338 0.420032 0.6714489 -0.6105158 0.6650549 0.1907805 -0.7220144 0.07239747 0.8535292 -0.5159909 -0.5977454 0.2026125 -0.7756602 -0.5056532 0.4313907 -0.7471392 -0.6479463 -0.005127549 -0.7616688 0.5732534 0.4099134 -0.7094728 0.4614163 0.5518983 -0.6946246 0.6420673 -0.02877104 -0.7661083 0.6568522 0.01160693 -0.7539301 0.6374121 0.006062805 -0.7704994 -0.2655898 0.7146257 -0.6471262 0.5446394 0 -0.8386703 -0.5446393 0 -0.8386704 0.3358343 0.6979184 -0.6325546 -0.003614604 0.887275 -0.4612267 -0.6347604 -0.02611523 -0.7722676 -0.5896238 0.04925531 -0.8061748 0.583226 0.2083343 -0.7851397 -0.1792257 0.7317695 -0.6575649 -0.3871886 0.5739465 -0.721575 0.2503237 0.7193325 -0.6479961 -0.5171151 0.2113364 -0.8294149 0.3685377 0.578032 -0.7280516 0.4837588 0.4141165 -0.7710287 -0.09616225 0.7410077 -0.6645755 0.1635601 0.735212 -0.657808 0.5313493 0.008485317 -0.8471105 0.5649617 0.04704636 -0.8237748 -0.6372948 -0.01995104 -0.770362 -0.003443717 0.8546139 -0.5192528 -0.002870202 0.7792798 -0.6266697 0.08492386 0.7422464 -0.6647243 0.3940584 0.438934 -0.8074992 -0.2917674 0.5964853 -0.7477146 -0.4866063 0.05460101 -0.8719135 0.2754952 0.599922 -0.7511298 0.4941211 0.2249104 -0.8397974 -0.4034448 0.4598367 -0.7910643 -0.4168514 0.3413507 -0.8424456 -0.5443938 -0.01003223 -0.8387698 -0.3075566 0.4808184 -0.8211107 0.4530335 -0.01662504 -0.8913385 0.4854002 0.02952837 -0.8737933 -0.1973661 0.6140094 -0.7642245 0.290475 0.4840102 -0.8254444 0.1801485 0.6165663 -0.7664154 -0.4452251 -0.02043145 -0.8951856 0.3387379 0 -0.9408808 -0.4445277 -0.02204805 -0.8954938 -0.3387383 0 -0.9408807 -0.4167302 0.2030656 -0.8860588 -0.4113102 0.05756628 -0.9096759 -0.3163688 0.3578457 -0.8785541 -0.005694329 0.7256761 -0.6880129 0.4047753 0.2339299 -0.8839876 -0.1012719 0.6247731 -0.774211 0.0858398 0.6246488 -0.7761735 0.3017275 0.3611576 -0.8823411 -0.2081616 0.497242 -0.8422702 0.1899648 0.4996644 -0.8451325 -0.00507462 0.6591556 -0.7519895 -0.3183982 0.2165163 -0.9228994 0.443439 -0.01827454 -0.8961183 0.3950068 0.05919659 -0.916769 -0.1039009 0.5074103 -0.8554178 -0.2139432 0.3719727 -0.9032523 -0.299752 0.07148909 -0.951335 0.08973538 0.5115954 -0.8545278 0.1951404 0.374085 -0.9066316 0.2990901 0.2211755 -0.9282384 -0.003867149 0.5891674 -0.8080017 -0.005831062 0.5100015 -0.8601537 -0.2148444 0.2271642 -0.9498623 -0.335416 -0.005664527 -0.9420531 -0.1066923 0.3847067 -0.916852 0.1950326 0.2305675 -0.9533105 0.3377394 -0.006408452 -0.9412179 0.2798662 0.0645312 -0.9578679 0.09396505 0.3842211 -0.9184469 -0.2118221 0.06599301 -0.9750776 -0.008520841 0.4269525 -0.9042341 -0.1122471 0.2371532 -0.9649658 0.2283312 -0.01304781 -0.9734961 -0.2321519 -0.01162964 -0.9726101 0.1151717 -5.25274e-4 -0.9933456 -0.2283002 -0.02087843 -0.9733669 -0.1151578 -3.47994e-4 -0.9933471 0.09710091 0.2390219 -0.966147 0.2294099 -0.01695019 -0.9731823 0.1964976 0.06554502 -0.9783111 -0.1058222 0.084504 -0.9907879 -0.005710721 0.3441747 -0.9388883 -0.006534874 0.2588334 -0.9658999 -0.1362475 0.001487851 -0.9906737 -0.004137694 0.1842801 -0.982865 0.08972185 0.0834555 -0.9924642 0.137546 9.83616e-4 -0.9904949 -0.005529642 0.1147085 -0.9933838 -0.003846049 0.06209206 -0.9980631 -0.05572491 0.006359696 -0.998426 0.05633884 0.006353735 -0.9983915 -0.001496434 0.006978154 -0.9999746</float_array>
          <technique_common>
            <accessor source="#mesh-ae339640-b155-46a4-bf07-7299a7025000-mesh-normals-array" count="2011" stride="3">
              <param name="X" type="float"/>
              <param name="Y" type="float"/>
              <param name="Z" type="float"/>
            </accessor>
          </technique_common>
        </source>
        <vertices id="mesh-ae339640-b155-46a4-bf07-7299a7025000-mesh-vertices">
          <input semantic="POSITION" source="#mesh-ae339640-b155-46a4-bf07-7299a7025000-mesh-positions"/>
        </vertices>
        <triangles material="Material-外壳-material" count="3451">
          <input semantic="VERTEX" source="#mesh-ae339640-b155-46a4-bf07-7299a7025000-mesh-vertices" offset="0"/>
          <input semantic="NORMAL" source="#mesh-ae339640-b155-46a4-bf07-7299a7025000-mesh-normals" offset="1"/>
          <p>0 0 1 1 2 2 1 1 3 3 2 2 3 3 4 4 2 2 0 0 5 5 1 1 6 6 5 5 0 0 6 6 7 7 5 5 3 3 8 8 4 4 8 8 9 9 4 4 10 10 7 7 6 6 10 10 11 11 7 7 8 8 12 12 9 9 12 12 13 13 9 9 14 14 11 11 10 10 14 14 15 15 11 11 12 12 16 16 13 13 16 16 17 17 13 13 18 18 15 15 14 14 18 18 19 19 15 15 16 16 20 20 17 17 20 20 21 20 17 17 22 21 19 19 18 18 22 21 23 22 19 19 20 20 24 23 21 20 24 23 25 24 21 20 26 25 23 22 22 21 26 25 27 26 23 22 24 23 28 27 25 24 28 27 29 28 25 24 30 29 31 30 32 31 30 29 33 32 31 30 28 27 34 33 29 28 34 33 35 34 29 28 36 35 33 32 30 29 36 35 37 36 33 32 34 33 38 37 35 34 38 37 39 38 35 34 40 39 37 36 36 35 40 39 41 40 37 36 38 37 42 41 39 38 42 41 43 42 39 38 44 43 41 40 40 39 44 43 45 44 41 40 42 41 46 45 43 42 46 45 47 46 43 42 48 47 45 44 44 43 48 47 49 48 45 44 46 45 50 49 47 46 50 49 51 50 47 46 52 51 49 48 48 47 52 51 53 52 49 48 50 49 54 53 51 50 54 53 55 54 51 50 55 54 53 52 52 51 55 54 54 53 53 52 56 55 57 55 58 55 59 56 56 56 60 56 61 57 59 57 60 57 62 55 57 55 56 55 62 55 63 55 57 55 64 55 65 55 59 55 66 58 63 58 62 58 67 59 65 59 64 59 66 55 68 55 63 55 67 55 69 55 65 55 70 60 68 60 66 60 71 61 69 61 67 61 70 62 72 62 68 62 71 55 73 55 69 55 74 55 72 55 70 55 75 63 73 63 71 63 74 55 76 55 72 55 75 55 77 55 73 55 78 55 76 55 74 55 79 64 77 64 75 64 78 65 80 65 76 65 79 55 81 55 77 55 82 55 80 55 78 55 83 66 81 66 79 66 82 55 84 55 80 55 83 67 85 67 81 67 86 55 87 55 82 55 87 55 84 55 82 55 88 55 85 55 83 55 88 68 89 68 85 68 90 55 91 55 92 55 90 55 93 55 91 55 94 55 95 55 93 55 96 69 89 69 88 69 96 55 97 55 89 55 98 70 95 70 94 70 98 71 99 71 95 71 100 72 97 72 96 72 100 55 101 55 97 55 102 73 99 73 98 73 102 55 103 55 99 55 104 74 101 74 100 74 104 55 105 55 101 55 106 75 103 75 102 75 106 76 107 76 103 76 108 77 105 77 104 77 108 55 109 55 105 55 110 78 107 78 106 78 110 55 111 55 107 55 112 79 109 79 108 79 112 55 113 55 109 55 114 80 111 80 110 80 114 55 115 55 111 55 116 81 113 81 112 81 116 82 117 82 113 82 117 83 115 83 114 83 117 55 116 55 115 55 118 84 119 84 120 84 121 84 118 84 120 84 122 84 121 84 120 84 123 85 121 85 122 85 124 86 125 86 119 86 118 87 124 87 119 87 126 88 127 88 123 88 127 84 121 84 123 84 128 84 129 84 125 84 124 89 128 89 125 89 130 90 131 90 126 90 131 84 127 84 126 84 132 84 133 84 129 84 128 84 132 84 129 84 134 84 135 84 130 84 135 84 131 84 130 84 136 91 137 91 133 91 132 84 136 84 133 84 138 92 139 92 134 92 139 93 135 93 134 93 140 94 137 94 136 94 140 95 141 95 137 95 142 84 143 84 138 84 143 84 139 84 138 84 144 84 141 84 140 84 143 96 145 96 139 96 144 84 146 84 141 84 147 84 148 84 143 84 148 84 145 84 143 84 149 97 146 97 144 97 150 84 148 84 151 84 152 98 150 98 151 98 153 99 152 99 151 99 154 100 152 100 153 100 149 101 155 101 146 101 156 102 157 102 149 102 157 103 155 103 149 103 158 84 152 84 154 84 159 84 160 84 156 84 160 84 157 84 156 84 161 84 152 84 158 84 162 104 163 104 159 104 163 84 160 84 159 84 161 105 164 105 152 105 165 106 166 106 162 106 166 84 163 84 162 84 167 84 168 84 164 84 161 107 169 107 164 107 169 108 167 108 164 108 170 84 171 84 165 84 171 109 166 109 165 109 167 110 172 110 168 110 172 84 170 84 168 84 172 84 171 84 170 84 173 111 174 111 175 111 176 84 173 84 175 84 177 84 176 84 175 84 178 84 176 84 177 84 179 84 178 84 177 84 180 84 174 84 173 84 181 112 182 112 178 112 180 84 183 84 174 84 184 113 182 113 181 113 185 84 183 84 180 84 184 84 186 84 182 84 185 84 187 84 183 84 188 114 186 114 184 114 189 84 187 84 185 84 188 115 190 115 186 115 189 84 191 84 187 84 192 116 190 116 188 116 193 84 191 84 189 84 192 84 194 84 190 84 193 84 195 84 191 84 196 84 194 84 192 84 197 84 195 84 193 84 196 84 198 84 194 84 197 84 199 84 195 84 200 117 198 117 196 117 201 84 199 84 197 84 200 84 202 84 198 84 201 118 203 118 199 118 204 84 202 84 200 84 201 119 205 119 203 119 206 120 205 120 201 120 204 84 207 84 202 84 207 84 208 84 202 84 206 84 209 84 205 84 210 121 208 121 207 121 211 122 209 122 206 122 210 84 212 84 208 84 211 84 213 84 209 84 214 84 212 84 210 84 215 84 213 84 211 84 214 84 216 84 212 84 215 84 217 84 213 84 218 84 216 84 214 84 219 123 217 123 215 123 218 124 220 124 216 124 219 84 221 84 217 84 222 125 220 125 218 125 223 84 221 84 219 84 222 84 224 84 220 84 223 84 225 84 221 84 226 126 224 126 222 126 227 84 225 84 223 84 226 127 228 127 224 127 227 128 229 128 225 128 230 84 228 84 226 84 231 84 229 84 227 84 230 84 231 84 228 84 230 84 229 84 231 84 232 129 233 129 234 129 232 130 235 130 233 130 236 131 237 132 238 133 239 134 240 135 238 133 240 135 236 131 238 133 236 131 241 136 237 132 241 136 242 137 237 132 243 138 244 139 239 134 244 139 240 135 239 134 241 136 245 140 242 137 245 140 246 141 242 137 247 142 248 143 243 138 248 143 244 139 243 138 245 140 249 144 246 141 249 144 250 145 246 141 251 146 252 147 247 142 252 147 248 143 247 142 249 144 253 148 250 145 253 148 254 149 250 145 255 150 256 151 251 146 256 151 252 147 251 146 253 148 257 152 254 149 257 152 258 153 254 149 259 154 260 155 255 150 260 155 256 151 255 150 257 152 261 156 258 153 261 156 262 157 258 153 263 158 264 159 259 154 264 159 260 155 259 154 261 156 265 160 262 157 265 160 266 161 262 157 267 162 268 163 263 158 268 163 264 159 263 158 265 160 269 164 266 161 269 164 270 165 266 161 271 166 272 167 267 162 272 167 268 163 267 162 269 164 273 168 270 165 273 168 274 169 270 165 275 170 276 171 271 166 276 171 272 167 271 166 273 168 277 172 274 169 277 172 278 173 274 169 279 174 280 175 275 170 280 175 276 171 275 170 277 172 281 176 278 173 281 176 282 177 278 173 282 177 283 178 279 174 283 178 280 175 279 174 281 176 283 178 282 177 284 179 285 179 286 179 285 180 287 180 286 180 288 181 285 181 284 181 285 182 289 182 287 182 289 182 290 182 287 182 290 183 291 183 287 183 292 184 285 184 288 184 290 185 293 185 291 185 294 186 285 186 292 186 295 187 296 187 297 187 296 188 298 188 297 188 298 182 299 182 297 182 299 182 300 182 297 182 300 182 301 182 292 182 301 182 294 182 292 182 290 189 302 189 293 189 302 182 303 182 293 182 303 182 304 182 293 182 303 182 305 182 304 182 306 190 307 190 305 190 306 191 308 191 307 191 306 192 309 192 308 192 310 193 311 193 312 193 313 194 311 194 310 194 314 195 315 195 316 195 317 196 318 197 319 198 318 197 320 199 319 198 320 199 321 200 319 198 322 201 321 200 320 199 323 202 324 203 317 196 324 203 318 197 317 196 322 201 325 204 321 200 326 205 325 204 322 201 327 206 328 207 323 202 328 207 324 203 323 202 329 208 330 209 325 204 331 210 330 209 329 208 332 211 333 212 327 206 333 212 328 207 327 206 331 210 334 213 330 209 335 214 334 213 331 210 336 215 337 216 332 211 337 216 333 212 332 211 335 214 338 217 334 213 339 218 340 219 335 214 341 220 342 221 336 215 342 221 337 216 336 215 339 218 343 222 340 219 344 223 343 222 339 218 345 224 346 225 341 220 346 225 342 221 341 220 344 223 347 226 343 222 348 227 347 226 344 223 349 228 350 229 345 224 350 229 346 225 345 224 348 227 351 230 347 226 352 231 351 230 348 227 353 232 354 233 349 228 354 233 350 229 349 228 352 231 355 234 351 230 356 235 355 234 352 231 357 236 358 237 353 232 358 237 354 233 353 232 356 235 359 238 355 234 360 239 359 238 356 235 361 240 362 241 357 236 362 241 358 237 357 236 360 239 363 242 359 238 364 243 363 242 360 239 365 244 366 245 361 240 366 245 362 241 361 240 364 243 365 244 363 242 366 245 365 244 364 243 367 84 368 84 369 84 368 246 370 246 369 246 368 247 371 247 370 247 372 84 368 84 367 84 368 248 373 248 371 248 374 84 368 84 372 84 375 249 376 249 373 249 377 250 368 250 374 250 378 84 377 84 374 84 375 251 379 251 376 251 375 252 380 252 379 252 375 84 381 84 380 84 381 253 382 253 380 253 382 254 383 254 380 254 384 255 385 255 383 255 384 256 386 256 385 256 387 84 386 84 384 84 388 84 387 84 384 84 389 84 387 84 388 84 389 257 390 257 387 257 391 84 392 84 389 84 392 258 390 258 389 258 393 259 394 259 395 259 396 260 394 260 393 260 397 261 394 261 396 261 398 262 399 262 400 262 401 263 399 263 398 263 402 264 403 264 404 264 405 265 406 265 407 265 408 265 405 265 407 265 409 84 410 84 411 84 412 84 409 84 411 84 413 182 414 182 415 182 416 182 413 182 415 182 417 266 416 266 418 266 417 182 419 182 416 182 420 55 421 55 422 55 420 267 423 267 421 267 424 268 425 268 426 268 427 269 428 269 429 269 430 265 431 265 432 265 430 270 433 270 431 270 434 265 433 265 430 265 435 182 436 182 437 182 438 182 435 182 437 182 439 271 440 271 441 271 442 271 440 271 439 271 461 272 488 273 462 274 488 273 455 275 462 274 459 276 489 277 458 278 489 277 457 279 458 278 488 273 456 280 455 275 490 281 489 277 459 276 491 282 490 281 452 283 451 284 491 282 452 283 450 285 491 282 451 284 488 273 492 286 456 280 493 287 454 288 453 289 492 286 493 287 453 289 488 273 494 290 492 286 494 290 495 291 492 286 495 291 493 287 492 286 493 287 448 292 454 288 491 282 496 293 490 281 496 293 497 294 490 281 497 294 489 277 490 281 498 295 488 273 461 272 460 296 498 295 461 272 493 287 499 297 448 292 499 297 500 298 448 292 500 298 449 299 448 292 471 300 498 295 460 296 501 301 491 282 450 285 446 302 501 301 450 285 489 277 470 303 457 279 473 304 498 295 471 300 502 305 469 306 470 303 489 277 502 305 470 303 503 307 501 301 446 302 444 308 503 307 446 302 502 305 476 309 469 306 443 310 504 311 444 308 505 312 503 307 444 308 504 311 505 312 444 308 500 313 506 313 449 313 506 314 447 315 449 299 506 314 507 316 447 315 507 316 445 317 447 315 507 316 504 311 443 310 445 317 507 316 443 310 472 318 498 295 473 304 482 319 498 295 472 318 502 305 474 320 476 309 502 305 475 321 474 320 508 322 498 295 482 319 481 323 508 322 482 319 502 305 463 324 475 321 509 325 510 326 488 273 510 326 511 327 488 273 511 327 512 328 488 273 512 328 494 290 488 273 498 295 509 325 488 273 513 329 514 330 489 277 514 330 515 331 489 277 515 331 502 305 489 277 497 294 516 332 489 277 516 332 513 329 489 277 468 333 508 322 481 323 517 334 464 335 463 324 502 305 517 334 463 324 467 336 508 322 468 333 517 334 465 337 464 335 525 338 508 322 467 336 466 339 525 338 467 336 517 334 487 340 465 337 480 341 525 338 466 339 589 342 483 343 487 340 517 334 589 342 487 340 605 344 525 338 480 341 612 345 484 346 483 343 589 342 612 345 483 343 612 345 485 347 484 346 617 348 504 311 507 316 506 314 617 348 507 316 618 349 605 344 479 350 478 351 618 349 479 350 612 345 486 352 485 347 619 353 525 338 605 344 618 349 619 353 605 344 589 342 620 354 612 345 620 354 486 352 612 345 508 322 621 355 498 295 621 355 622 356 498 295 622 356 623 357 498 295 623 357 509 325 498 295 477 358 618 349 478 351 624 359 517 334 502 305 515 331 625 360 502 305 625 360 624 359 502 305 626 361 618 349 477 358 620 354 627 362 486 352 620 354 614 363 627 362 620 354 613 364 614 363 611 365 618 349 626 361 610 366 631 367 611 365 631 367 632 368 611 365 632 368 618 349 611 365 620 354 633 369 613 364 609 370 631 367 610 366 608 371 631 367 609 370 620 354 634 372 633 369 634 372 615 373 633 369 634 372 616 374 615 373 635 375 636 376 508 322 636 376 637 377 508 322 637 377 638 378 508 322 638 378 621 355 508 322 525 338 635 375 508 322 639 379 640 380 517 334 640 380 641 381 517 334 641 381 589 342 517 334 624 359 639 379 517 334 634 372 603 382 616 374 642 383 504 311 617 348 506 314 643 384 617 348 643 384 642 383 617 348 642 383 505 312 504 311 599 385 631 367 608 371 597 386 644 387 599 385 644 387 631 367 599 385 500 298 643 384 506 314 645 388 503 307 505 312 642 383 645 388 505 312 499 297 643 384 500 298 493 287 646 389 499 297 646 389 643 384 499 297 647 390 604 391 603 382 634 372 647 390 603 382 645 388 501 301 503 307 596 392 644 387 597 386 647 390 602 393 604 391 645 388 491 282 501 301 648 394 619 353 618 349 632 368 648 394 618 349 598 395 644 387 596 392 647 390 595 396 602 393 578 397 644 387 598 395 649 398 645 388 642 383 643 384 650 399 642 383 650 399 649 398 642 383 495 291 646 389 493 287 651 400 593 401 595 396 647 390 651 400 595 396 652 402 496 293 491 282 645 388 652 402 491 282 577 403 653 404 578 397 653 404 654 405 578 397 654 405 644 387 578 397 651 400 594 406 593 401 589 342 655 407 620 354 655 407 656 408 620 354 656 408 634 372 620 354 576 409 653 404 577 403 575 410 653 404 576 409 657 411 653 404 575 410 574 412 657 411 575 410 651 400 630 413 594 406 630 413 658 414 628 415 658 414 629 416 628 415 651 400 658 414 630 413 659 417 657 411 574 412 601 418 659 417 574 412 660 419 520 420 519 421 518 422 660 419 519 421 661 423 660 419 518 422 522 424 661 423 518 422 521 425 661 423 522 424 662 426 661 423 521 425 629 416 662 426 521 425 663 427 662 426 629 416 658 414 663 427 629 416 528 428 664 429 527 430 664 429 665 431 527 430 665 431 526 432 527 430 523 433 666 434 528 428 666 434 664 429 528 428 524 435 666 434 523 433 520 420 666 434 524 435 660 419 666 434 520 420 529 436 667 437 530 438 667 437 531 439 530 438 526 432 665 431 529 436 665 431 667 437 529 436 588 440 668 441 592 442 668 441 591 443 592 442 668 441 590 444 591 443 669 445 600 446 590 444 668 441 669 445 590 444 534 447 670 448 535 449 670 448 536 450 535 449 533 451 671 452 534 447 671 452 670 448 534 447 537 453 671 452 533 451 532 454 671 452 537 453 667 437 671 452 532 454 531 439 667 437 532 454 585 455 672 456 584 457 672 456 583 458 584 457 672 456 673 459 583 458 673 459 586 460 583 458 673 459 587 461 586 460 673 459 588 440 587 461 673 459 668 441 588 440 674 462 547 463 542 464 675 465 674 462 542 464 541 466 675 465 542 464 538 467 675 465 541 466 676 468 675 465 538 467 539 469 676 468 538 467 540 470 676 468 539 469 536 450 676 468 540 470 670 448 676 468 536 450 677 471 573 472 571 473 678 474 677 471 571 473 570 475 678 474 571 473 677 471 582 476 573 472 677 471 579 477 582 476 677 471 580 478 579 477 672 456 581 479 580 478 677 471 672 456 580 478 672 456 585 455 581 479 679 480 550 481 546 482 545 483 679 480 546 482 544 484 679 480 545 483 543 485 674 462 544 484 674 462 679 480 544 484 547 463 674 462 543 485 680 486 567 487 566 488 681 489 680 486 566 488 563 490 681 489 566 488 680 486 568 491 567 487 680 486 572 492 568 491 680 486 569 493 572 492 680 486 678 474 569 493 678 474 570 475 569 493 551 494 682 495 552 496 682 495 553 497 552 496 548 498 683 499 551 494 683 499 682 495 551 494 549 500 683 499 548 498 557 501 684 502 556 503 684 502 685 504 556 503 685 504 560 505 556 503 685 504 561 506 560 505 550 481 683 499 549 500 685 504 562 507 561 506 679 480 683 499 550 481 681 489 565 508 562 507 685 504 681 489 562 507 681 489 564 509 565 508 681 489 563 490 564 509 606 510 686 511 607 512 686 511 558 513 607 512 555 514 687 515 554 516 687 515 686 511 554 516 686 511 606 510 554 516 553 497 687 515 555 514 682 495 687 515 553 497 684 502 559 517 558 513 686 511 684 502 558 513 684 502 557 501 559 517 669 445 659 417 601 418 600 446 669 445 601 418 668 441 659 417 669 445 494 290 646 389 495 291 646 389 688 518 643 384 688 518 650 399 643 384 689 519 652 402 645 388 649 398 689 519 645 388 663 427 658 414 651 400 647 390 690 520 651 400 690 520 662 426 651 400 662 426 663 427 651 400 512 328 646 389 494 290 652 402 497 294 496 293 654 405 691 521 644 387 691 521 631 367 644 387 692 522 516 332 497 294 652 402 692 522 497 294 687 515 693 523 686 511 693 523 694 524 686 511 694 524 684 502 686 511 694 524 685 504 684 502 695 525 681 489 685 504 694 524 695 525 685 504 696 526 680 486 681 489 695 525 696 526 681 489 697 527 678 474 680 486 696 526 697 527 680 486 698 528 677 471 678 474 697 527 698 528 678 474 699 529 672 456 677 471 698 528 699 529 677 471 700 530 673 459 672 456 699 529 700 530 672 456 701 531 668 441 673 459 700 530 701 531 673 459 657 411 659 417 668 441 702 532 657 411 668 441 701 531 702 532 668 441 634 372 703 533 647 390 703 533 690 520 647 390 704 534 646 389 512 328 511 327 704 534 512 328 619 353 705 535 525 338 705 535 706 536 525 338 706 536 707 537 525 338 707 537 635 375 525 338 692 522 513 329 516 332 510 326 704 534 511 327 708 538 709 539 589 342 641 381 710 540 589 342 710 540 708 538 589 342 709 539 655 407 589 342 692 522 514 330 513 329 711 541 688 518 646 389 704 534 711 541 646 389 712 542 692 522 652 402 689 519 712 542 652 402 691 521 713 543 631 367 713 543 632 368 631 367 714 544 704 534 510 326 509 325 714 544 510 326 656 408 715 545 634 372 715 545 703 533 634 372 692 522 716 546 514 330 716 546 515 331 514 330 623 357 714 544 509 325 716 546 625 360 515 331 717 547 711 541 704 534 714 544 717 547 704 534 718 548 716 546 692 522 712 542 718 548 692 522 713 543 719 549 632 368 719 549 648 394 632 368 622 356 714 544 623 357 716 546 624 359 625 360 720 550 689 519 649 398 650 399 720 550 649 398 655 407 721 551 656 408 721 551 722 552 656 408 722 552 715 545 656 408 723 553 714 544 622 356 621 355 723 553 622 356 648 394 724 554 619 353 724 554 725 555 619 353 725 555 726 556 619 353 726 556 727 557 619 353 727 557 705 535 619 353 657 411 728 558 653 404 728 558 729 559 653 404 730 560 654 405 653 404 731 561 730 560 653 404 729 559 731 561 653 404 732 562 733 563 687 515 733 563 693 523 687 515 682 495 734 564 687 515 734 564 735 565 687 515 735 565 732 562 687 515 683 499 736 566 682 495 736 566 734 564 682 495 679 480 737 567 683 499 737 567 736 566 683 499 674 462 738 568 679 480 738 568 737 567 679 480 675 465 739 569 674 462 739 569 738 568 674 462 676 468 740 570 675 465 740 570 739 569 675 465 670 448 741 571 676 468 741 571 740 570 676 468 671 452 742 572 670 448 742 572 741 571 670 448 667 437 743 573 671 452 743 573 742 572 671 452 665 431 744 574 667 437 744 574 743 573 667 437 664 429 745 575 665 431 745 575 744 574 665 431 666 434 746 576 664 429 746 576 745 575 664 429 660 419 747 577 666 434 747 577 746 576 666 434 661 423 748 578 660 419 748 578 747 577 660 419 662 426 749 579 661 423 749 579 748 578 661 423 716 546 750 580 624 359 750 580 639 379 624 359 690 520 749 579 662 426 638 378 723 553 621 355 750 580 640 380 639 379 733 563 694 524 693 523 709 539 751 581 655 407 751 581 752 582 655 407 752 582 753 583 655 407 753 583 754 584 655 407 754 584 755 585 655 407 755 585 721 551 655 407 756 586 757 587 650 399 757 587 720 550 650 399 688 518 758 588 650 399 758 588 756 586 650 399 759 589 712 542 689 519 720 550 759 589 689 519 702 532 728 558 657 411 703 533 760 590 690 520 760 590 761 591 690 520 761 591 749 579 690 520 723 553 762 592 714 544 762 592 717 547 714 544 763 593 750 580 716 546 718 548 763 593 716 546 764 594 691 521 654 405 730 560 764 594 654 405 761 591 748 578 749 579 765 595 723 553 638 378 637 377 765 595 638 378 715 545 766 596 703 533 766 596 760 590 703 533 767 597 641 381 640 380 750 580 767 597 640 380 719 549 768 598 648 394 768 598 724 554 648 394 757 587 759 589 720 550 732 562 694 524 733 563 732 562 769 599 694 524 769 599 695 525 694 524 769 599 770 600 695 525 770 600 696 526 695 525 770 600 771 601 696 526 771 601 697 527 696 526 771 601 772 602 697 527 772 602 698 528 697 527 772 602 773 603 698 528 773 603 699 529 698 528 773 603 774 604 699 529 774 604 700 530 699 529 774 604 775 605 700 530 775 605 701 531 700 530 775 605 776 606 701 531 776 606 702 532 701 531 729 559 728 558 702 532 776 606 777 607 702 532 777 607 729 559 702 532 778 608 713 543 691 521 764 594 778 608 691 521 636 376 765 595 637 377 722 552 779 609 715 545 779 609 766 596 715 545 635 375 765 595 636 376 767 597 710 540 641 381 780 610 758 588 688 518 711 541 780 610 688 518 781 611 718 548 712 542 782 612 781 611 712 542 759 589 782 612 712 542 783 613 759 589 757 587 784 614 783 613 757 587 756 586 784 614 757 587 765 595 785 615 723 553 785 615 762 592 723 553 786 616 767 597 750 580 763 593 786 616 750 580 707 537 765 595 635 375 767 597 708 538 710 540 787 617 731 561 729 559 777 607 787 617 729 559 768 598 788 618 724 554 788 618 725 555 724 554 789 619 719 549 713 543 778 608 789 619 713 543 790 620 791 621 756 586 791 621 784 614 756 586 758 588 792 622 756 586 792 622 790 620 756 586 793 623 782 612 759 589 783 613 793 623 759 589 794 624 795 625 707 537 795 625 796 626 707 537 796 626 765 595 707 537 797 627 709 539 708 538 767 597 797 627 708 538 755 585 798 628 721 551 798 628 722 552 721 551 799 629 800 630 722 552 798 628 799 629 722 552 800 630 801 631 722 552 801 631 779 609 722 552 802 632 780 610 711 541 717 547 802 632 711 541 803 633 763 593 718 548 781 611 803 633 718 548 804 634 795 625 794 624 705 535 804 634 706 536 805 635 783 613 784 614 791 621 805 635 784 614 806 636 783 613 805 635 807 637 806 636 805 635 791 621 807 637 805 635 808 638 792 622 758 588 780 610 808 638 758 588 804 634 809 639 795 625 809 639 796 626 795 625 810 640 781 611 782 612 793 623 810 640 782 612 797 627 751 581 709 539 811 641 751 581 797 627 812 642 811 641 797 627 767 597 812 642 797 627 790 620 813 643 791 621 813 643 807 637 791 621 814 644 793 623 783 613 806 636 814 644 783 613 735 565 815 645 732 562 815 645 769 599 732 562 815 645 816 646 769 599 816 646 770 600 769 599 816 646 817 647 770 600 817 647 771 601 770 600 817 647 818 648 771 601 818 648 772 602 771 601 818 648 819 649 772 602 819 649 773 603 772 602 819 649 820 650 773 603 820 650 774 604 773 603 820 650 821 651 774 604 821 651 775 605 774 604 821 651 822 652 775 605 822 652 776 606 775 605 822 652 823 653 776 606 823 653 777 607 776 606 824 654 787 617 777 607 823 653 825 655 777 607 825 655 824 654 777 607 824 654 731 561 787 617 824 654 826 656 731 561 826 656 827 657 731 561 827 657 828 658 731 561 828 658 730 560 731 561 825 655 826 656 824 654 829 659 815 645 735 565 734 564 830 660 735 565 830 660 831 661 735 565 831 661 829 659 735 565 736 566 832 662 734 564 832 662 830 660 734 564 737 567 833 663 736 566 833 663 832 662 736 566 738 568 834 664 737 567 834 664 833 663 737 567 739 569 835 665 738 568 835 665 834 664 738 568 740 570 836 666 739 569 836 666 835 665 739 569 741 571 837 667 740 570 837 667 836 666 740 570 742 572 838 668 741 571 838 668 837 667 741 571 743 573 839 669 742 572 839 669 838 668 742 572 744 574 840 670 743 573 840 670 839 669 743 573 745 575 841 671 744 574 841 671 840 670 744 574 746 576 842 672 745 575 842 672 841 671 745 575 747 577 843 673 746 576 843 673 842 672 746 576 748 578 844 674 747 577 844 674 843 673 747 577 761 591 845 675 748 578 845 675 846 676 748 578 846 676 844 674 748 578 829 659 816 646 815 645 847 677 814 644 806 636 848 678 847 677 806 636 807 637 848 678 806 636 727 557 804 634 705 535 760 590 845 675 761 591 796 626 849 679 765 595 849 679 785 615 765 595 726 556 804 634 727 557 850 680 812 642 767 597 786 616 850 680 767 597 851 681 847 677 848 678 852 682 851 681 848 678 807 637 852 682 848 678 766 596 853 683 760 590 853 683 846 676 760 590 846 676 845 675 760 590 854 684 847 677 851 681 852 682 854 684 851 681 855 685 768 598 719 549 789 619 855 685 719 549 811 641 752 582 751 581 792 622 856 686 790 620 856 686 813 643 790 620 857 687 810 640 793 623 814 644 857 687 793 623 828 658 858 688 730 560 858 688 764 594 730 560 813 643 859 689 807 637 859 689 860 690 807 637 860 690 852 682 807 637 861 691 857 687 814 644 847 677 861 691 814 644 862 692 863 693 725 555 863 693 726 556 725 555 788 618 864 694 725 555 864 694 862 692 725 555 865 695 854 684 852 682 860 690 865 695 852 682 854 684 861 691 847 677 866 696 867 697 861 691 867 697 857 687 861 691 859 689 865 695 860 690 868 698 867 697 866 696 869 699 870 700 865 695 859 689 869 699 865 695 871 701 808 638 780 610 802 632 871 701 780 610 779 609 872 702 766 596 872 702 853 683 766 596 754 584 873 703 755 585 873 703 798 628 755 585 874 704 803 633 781 611 810 640 874 704 781 611 762 592 875 705 717 547 875 705 876 706 717 547 876 706 802 632 717 547 877 707 786 616 763 593 803 633 877 707 763 593 811 641 753 583 752 582 856 686 859 689 813 643 878 708 879 709 857 687 867 697 878 708 857 687 879 709 810 640 857 687 880 710 856 686 792 622 808 638 880 710 792 622 879 709 874 704 810 640 858 688 881 711 764 594 881 711 778 608 764 594 863 693 804 634 726 556 811 641 754 584 753 583 801 631 882 712 779 609 882 712 872 702 779 609 856 686 869 699 859 689 868 698 878 708 867 697 883 713 788 618 768 598 855 685 883 713 768 598 873 703 799 629 798 628 863 693 884 714 804 634 884 714 885 715 804 634 885 715 809 639 804 634 886 716 869 699 856 686 880 710 886 716 856 686 878 708 887 717 879 709 887 717 874 704 879 709 876 706 888 718 802 632 888 718 871 701 802 632 862 692 884 714 863 693 889 719 877 707 803 633 874 704 889 719 803 633 890 720 754 584 811 641 891 721 890 720 811 641 812 642 891 721 811 641 809 639 892 722 796 626 892 722 849 679 796 626 890 720 893 723 754 584 893 723 873 703 754 584 881 711 894 724 778 608 894 724 789 619 778 608 853 683 895 725 846 676 895 725 844 674 846 676 896 726 880 710 808 638 871 701 896 726 808 638 897 727 891 721 812 642 850 680 897 727 812 642 887 717 889 719 874 704 785 615 898 728 762 592 898 728 875 705 762 592 864 694 884 714 862 692 899 729 850 680 786 616 877 707 899 729 786 616 800 630 900 730 801 631 900 730 882 712 801 631 886 716 870 700 869 699 868 698 901 731 878 708 901 731 887 717 878 708 902 732 903 733 788 618 903 733 904 734 788 618 904 734 864 694 788 618 883 713 902 732 788 618 893 723 905 735 873 703 905 735 906 736 873 703 907 737 799 629 873 703 906 736 907 737 873 703 904 734 884 714 864 694 868 698 908 738 901 731 908 738 887 717 901 731 909 739 870 700 886 716 880 710 909 739 886 716 910 740 908 738 868 698 909 739 911 741 870 700 911 741 912 742 870 700 896 726 909 739 880 710 913 743 914 744 887 717 908 738 913 743 887 717 914 744 889 719 887 717 894 724 915 745 789 619 915 745 855 685 789 619 890 720 905 735 893 723 916 746 888 718 876 706 875 705 916 746 876 706 917 747 918 748 919 749 918 748 920 750 826 656 920 750 827 657 826 656 825 655 921 751 826 656 920 750 922 752 827 657 922 752 923 753 827 657 923 753 828 658 827 657 924 754 899 729 877 707 889 719 924 754 877 707 831 661 925 755 829 659 925 755 816 646 829 659 926 756 817 647 816 646 927 757 926 756 816 646 925 755 928 758 816 646 928 758 929 759 816 646 929 759 927 757 816 646 930 760 931 761 817 647 931 761 932 762 817 647 932 762 933 763 817 647 933 763 934 764 817 647 934 764 818 648 817 647 926 756 930 760 817 647 935 765 936 766 818 648 936 766 937 767 818 648 937 767 819 649 818 648 934 764 938 768 818 648 938 768 935 765 818 648 939 769 940 770 819 649 940 770 941 771 819 649 941 771 820 650 819 649 937 767 942 772 819 649 942 772 939 769 819 649 943 773 944 774 820 650 944 774 945 775 820 650 945 775 821 651 820 650 941 771 946 776 820 650 946 776 943 773 820 650 947 777 948 778 821 651 948 778 949 779 821 651 949 779 950 780 821 651 950 780 822 652 821 651 945 775 951 781 821 651 951 781 947 777 821 651 952 782 953 783 822 652 953 783 954 784 822 652 954 784 823 653 822 652 950 780 955 785 822 652 955 785 952 782 822 652 956 786 825 655 823 653 954 784 957 787 823 653 957 787 956 786 823 653 958 788 959 789 825 655 960 790 958 788 825 655 956 786 961 791 825 655 961 791 960 790 825 655 959 789 962 792 825 655 962 792 921 751 825 655 963 793 918 748 917 747 964 794 925 755 831 661 830 660 965 795 831 661 965 795 966 796 831 661 966 796 964 794 831 661 967 797 968 798 830 660 968 798 965 795 830 660 832 662 969 799 830 660 969 799 970 800 830 660 970 800 967 797 830 660 833 663 971 801 832 662 971 801 969 799 832 662 972 802 973 803 833 663 973 803 971 801 833 663 974 804 972 802 833 663 834 664 974 804 833 663 975 805 974 804 834 664 835 665 976 806 834 664 976 806 977 807 834 664 977 807 975 805 834 664 836 666 978 808 835 665 978 808 979 809 835 665 979 809 976 806 835 665 980 810 981 811 836 666 981 811 982 812 836 666 982 812 978 808 836 666 983 813 980 810 836 666 837 667 983 813 836 666 984 814 983 813 837 667 838 668 985 815 837 667 985 815 986 816 837 667 986 816 984 814 837 667 987 817 988 818 838 668 988 818 985 815 838 668 839 669 989 819 838 668 989 819 990 820 838 668 990 820 987 817 838 668 840 670 991 821 839 669 991 821 989 819 839 669 992 822 993 823 840 670 993 823 991 821 840 670 994 824 992 822 840 670 841 671 994 824 840 670 995 825 994 824 841 671 842 672 996 826 841 671 996 826 997 827 841 671 997 827 995 825 841 671 998 828 999 829 842 672 999 829 996 826 842 672 1000 830 998 828 842 672 843 673 1000 830 842 672 1001 831 1000 830 843 673 844 674 1002 832 843 673 1002 832 1003 833 843 673 1003 833 1001 831 843 673 1004 834 1005 835 844 674 1005 835 1002 832 844 674 1006 836 1004 834 844 674 895 725 1006 836 844 674 964 794 1007 837 925 755 1007 837 1008 838 925 755 1008 838 928 758 925 755 853 683 1006 836 895 725 799 629 1009 839 800 630 1009 839 900 730 800 630 888 718 1010 840 871 701 1010 840 896 726 871 701 914 744 924 754 889 719 1011 841 1012 842 962 792 959 789 1011 841 962 792 1013 843 1014 844 1006 836 853 683 1013 843 1006 836 1014 844 1004 834 1006 836 1015 845 1013 843 853 683 1016 846 1015 845 853 683 872 702 1017 847 853 683 1017 847 1018 848 853 683 1018 848 1016 846 853 683 1019 849 858 688 828 658 1020 850 1021 851 828 658 1021 851 1022 852 828 658 1022 852 1019 849 828 658 923 753 1023 853 828 658 1023 853 1020 850 828 658 903 733 884 714 904 734 896 726 911 741 909 739 890 720 1024 854 905 735 1024 854 906 736 905 735 910 740 913 743 908 738 849 679 1025 855 785 615 1025 855 898 728 785 615 1026 856 1027 857 872 702 1027 857 1017 847 872 702 882 712 1028 858 872 702 1028 858 1029 859 872 702 1029 859 1026 856 872 702 903 733 1030 860 884 714 1030 860 1031 861 884 714 1031 861 885 715 884 714 1032 862 897 727 850 680 899 729 1032 862 850 680 885 715 1033 863 809 639 1033 863 892 722 809 639 915 745 1034 864 855 685 1034 864 883 713 855 685 1035 865 1024 854 890 720 891 721 1035 865 890 720 1036 866 1035 865 891 721 897 727 1036 866 891 721 1037 867 881 711 858 688 1019 849 1038 868 858 688 1038 868 1039 869 858 688 1039 869 1040 870 858 688 1040 870 1037 867 858 688 907 737 1041 871 799 629 1041 871 1009 839 799 629 902 732 1030 860 903 733 1010 840 1042 872 896 726 1042 872 911 741 896 726 1043 873 1044 874 882 712 1044 874 1028 858 882 712 900 730 1045 875 882 712 1045 875 1046 876 882 712 1046 876 1043 873 882 712 913 743 1047 877 914 744 1047 877 924 754 914 744 1048 878 1030 860 902 732 883 713 1048 878 902 732 1024 854 1049 879 906 736 1049 879 907 737 906 736 1050 880 916 746 875 705 898 728 1050 880 875 705 1051 881 1032 862 899 729 924 754 1051 881 899 729 916 746 1052 882 888 718 1052 882 1010 840 888 718 1053 883 1054 884 883 713 1054 884 1048 878 883 713 1034 864 1055 885 883 713 1055 885 1053 883 883 713 1037 867 1056 886 881 711 1056 886 1057 887 881 711 1057 887 1058 888 881 711 1058 888 894 724 881 711 1047 877 1051 881 924 754 1049 879 1059 889 907 737 1059 889 1060 890 907 737 1060 890 1061 891 907 737 1061 891 1062 892 907 737 1062 892 1041 871 907 737 1063 893 1064 894 900 730 1009 839 1063 893 900 730 1064 894 1065 895 900 730 1065 895 1045 875 900 730 1024 854 1059 889 1049 879 1054 884 1030 860 1048 878 1042 872 912 742 911 741 910 740 1066 896 913 743 1066 896 1047 877 913 743 1058 888 1067 897 894 724 1067 897 915 745 894 724 892 722 1068 898 849 679 1068 898 1025 855 849 679 1024 854 1060 890 1059 889 1069 899 1036 866 897 727 1032 862 1069 899 897 727 1070 900 1063 893 1009 839 1071 901 1070 900 1009 839 1041 871 1071 901 1009 839 1031 861 1072 902 885 715 1072 902 1033 863 885 715 1073 903 1074 904 1030 860 1074 904 1031 861 1030 860 1054 884 1073 903 1030 860 1075 905 1042 872 1010 840 1052 882 1075 905 1010 840 1076 906 1077 907 1035 865 1036 866 1076 906 1035 865 1077 907 1024 854 1035 865 1024 854 1078 908 1060 890 1053 883 1073 903 1054 884 1079 909 1080 910 1047 877 1081 911 1079 909 1047 877 1066 896 1081 911 1047 877 1080 910 1051 881 1047 877 1055 885 1082 912 1053 883 1083 913 1084 914 1053 883 1084 914 1073 903 1053 883 1077 907 1085 915 1024 854 1085 915 1078 908 1024 854 1086 916 1008 838 1007 837 1087 917 1086 916 1007 837 964 794 1087 917 1007 837 1088 918 928 758 1008 838 1086 916 1088 918 1008 838 1089 919 1087 917 964 794 966 796 1089 919 964 794 1090 920 1089 919 966 796 965 795 1091 921 966 796 1092 922 929 759 928 758 1088 918 1092 922 928 758 968 798 1091 921 965 795 1092 922 927 757 929 759 1093 923 926 756 927 757 1092 922 1093 923 927 757 967 797 1091 921 968 798 970 800 1094 924 967 797 1094 924 1091 921 967 797 1093 923 930 760 926 756 969 799 1094 924 970 800 1095 925 931 761 930 760 1093 923 1095 925 930 760 971 801 1094 924 969 799 1096 926 932 762 931 761 1095 925 1096 926 931 761 1097 927 1094 924 971 801 973 803 1097 927 971 801 1096 926 933 763 932 762 1096 926 934 764 933 763 1098 928 1097 927 973 803 972 802 1099 929 973 803 974 804 1099 929 972 802 975 805 1100 930 974 804 1100 930 1099 929 974 804 1101 931 938 768 934 764 1096 926 1101 931 934 764 1102 932 935 765 938 768 1101 931 1102 932 938 768 1103 933 936 766 935 765 1102 932 1103 933 935 765 977 807 1100 930 975 805 1103 933 937 767 936 766 976 806 1100 930 977 807 1104 934 942 772 937 767 1103 933 1104 934 937 767 1105 935 1100 930 976 806 979 809 1105 935 976 806 1106 936 1105 935 979 809 978 808 1107 937 979 809 1108 938 939 769 942 772 1104 934 1108 938 942 772 1108 938 940 770 939 769 982 812 1107 937 978 808 981 811 1109 939 982 812 1109 939 1107 937 982 812 1108 938 1110 940 940 770 1110 940 941 771 940 770 980 810 1111 941 981 811 1110 940 946 776 941 771 983 813 1111 941 980 810 1112 942 1111 941 983 813 984 814 1112 942 983 813 1113 943 943 773 946 776 1110 940 1113 943 946 776 1113 943 944 774 943 773 1114 944 1112 942 984 814 986 816 1114 944 984 814 1115 945 945 775 944 774 1113 943 1115 945 944 774 1116 946 951 781 945 775 1115 945 1116 946 945 775 985 815 1114 944 986 816 1117 947 1114 944 985 815 988 818 1117 947 985 815 1118 948 947 777 951 781 1116 946 1118 948 951 781 1118 948 948 778 947 777 987 817 1117 947 988 818 1119 949 1117 947 987 817 990 820 1119 949 987 817 1120 950 949 779 948 778 1118 948 1120 950 948 778 1120 950 950 780 949 779 1121 951 1119 949 990 820 989 819 1122 952 990 820 991 821 1122 952 989 819 1123 953 1122 952 991 821 993 823 1123 953 991 821 1124 954 955 785 950 780 1120 950 1124 954 950 780 992 822 1123 953 993 823 994 824 1123 953 992 822 1125 955 952 782 955 785 1124 954 1125 955 955 785 995 825 1126 956 994 824 1126 956 1123 953 994 824 1125 955 953 783 952 782 1125 955 954 784 953 783 997 827 1127 957 995 825 1127 957 1126 956 995 825 996 826 1127 957 997 827 999 829 1128 958 996 826 1128 958 1127 957 996 826 1125 955 1129 959 954 784 1129 959 957 787 954 784 998 828 1128 958 999 829 1129 959 1130 960 957 787 1130 960 956 786 957 787 1000 830 1128 958 998 828 1130 960 961 791 956 786 1131 961 1128 958 1000 830 1001 831 1131 961 1000 830 1130 960 1132 962 961 791 1132 962 960 790 961 791 1133 963 1131 961 1001 831 1003 833 1133 963 1001 831 1002 832 1133 963 1003 833 1132 962 958 788 960 790 1134 964 1133 963 1002 832 1005 835 1134 964 1002 832 1132 962 1135 965 958 788 1135 965 959 789 958 788 1136 966 1011 841 959 789 1135 965 1137 967 959 789 1138 968 1136 966 959 789 1137 967 1139 969 959 789 1139 969 1140 970 959 789 1140 970 1138 968 959 789 1004 834 1134 964 1005 835 1014 844 1141 971 1004 834 1141 971 1134 964 1004 834 1013 843 1141 971 1014 844 1136 966 1012 842 1011 841 1136 966 1142 972 918 748 1142 972 920 750 918 748 1143 973 1141 971 1013 843 1015 845 1143 973 1013 843 1144 974 1062 892 1061 891 1145 975 1146 976 1078 908 1085 915 1145 975 1078 908 1147 977 1143 973 1015 845 1016 846 1147 977 1015 845 1142 972 922 752 920 750 1148 978 1149 979 915 745 1149 979 1034 864 915 745 1067 897 1150 980 915 745 1150 980 1148 978 915 745 1018 848 1147 977 1016 846 1151 981 923 753 922 752 1142 972 1151 981 922 752 1151 981 1023 853 923 753 1017 847 1147 977 1018 848 1152 982 1050 880 898 728 1025 855 1152 982 898 728 1050 880 1153 983 916 746 1153 983 1052 882 916 746 1027 857 1147 977 1017 847 1151 981 1020 850 1023 853 1154 984 1069 899 1032 862 1051 881 1154 984 1032 862 1080 910 1154 984 1051 881 1155 985 1071 901 1041 871 1062 892 1156 986 1041 871 1156 986 1157 987 1041 871 1157 987 1155 985 1041 871 1151 981 1158 988 1020 850 1158 988 1159 989 1020 850 1159 989 1021 851 1020 850 1159 989 1022 852 1021 851 1026 856 1160 990 1027 857 1160 990 1161 991 1027 857 1161 991 1147 977 1027 857 1162 992 1163 993 1055 885 1034 864 1162 992 1055 885 1164 994 1165 995 1141 971 1143 973 1164 994 1141 971 1165 995 1134 964 1141 971 1138 968 1142 972 1136 966 1029 859 1160 990 1026 856 1159 989 1019 849 1022 852 1028 858 1160 990 1029 859 1044 874 1160 990 1028 858 1159 989 1038 868 1019 849 1166 996 1039 869 1038 868 1159 989 1166 996 1038 868 1167 997 1162 992 1034 864 1149 979 1168 998 1034 864 1168 998 1169 999 1034 864 1170 1000 1167 997 1034 864 1169 999 1170 1000 1034 864 910 740 1081 911 1066 896 1075 905 912 742 1042 872 1171 1001 1081 911 910 740 1075 905 1172 1002 912 742 1172 1002 1173 1003 912 742 1173 1003 1174 1004 912 742 1175 1005 1160 990 1044 874 1043 873 1175 1005 1044 874 1166 996 1040 870 1039 869 1046 876 1175 1005 1043 873 1166 996 1037 867 1040 870 1045 875 1176 1006 1046 876 1176 1006 1175 1005 1046 876 1177 1007 1178 1008 1062 892 1178 1008 1179 1009 1062 892 1179 1009 1180 1010 1062 892 1180 1010 1156 986 1062 892 1181 1011 1182 1012 1062 892 1182 1012 1183 1013 1062 892 1183 1013 1177 1007 1062 892 1144 974 1184 1014 1062 892 1184 1014 1181 1011 1062 892 1185 1015 1161 991 1160 990 1175 1005 1185 1015 1160 990 1158 988 1166 996 1159 989 1052 882 1172 1002 1075 905 1145 975 1184 1014 1144 974 1171 1001 1079 909 1081 911 1167 997 1163 993 1162 992 1065 895 1176 1006 1045 875 1166 996 1186 1016 1037 867 1186 1016 1056 886 1037 867 1033 863 1187 1017 892 722 1187 1017 1068 898 892 722 1145 975 1181 1011 1184 1014 1188 1018 1057 887 1056 886 1186 1016 1188 1018 1056 886 1064 894 1189 1019 1065 895 1189 1019 1176 1006 1065 895 1188 1018 1058 888 1057 887 1190 1020 1076 906 1036 866 1069 899 1190 1020 1036 866 1188 1018 1067 897 1058 888 1191 1021 1189 1019 1064 894 1063 893 1191 1021 1064 894 1070 900 1191 1021 1063 893 1192 1022 1163 993 1167 997 1170 1000 1192 1022 1167 997 1193 1023 1176 1006 1189 1019 1191 1021 1193 1023 1189 1019 1194 1024 1067 897 1188 1018 1195 1025 1194 1024 1188 1018 1186 1016 1195 1025 1188 1018 1145 975 1196 1026 1181 1011 1196 1026 1182 1012 1181 1011 1197 1027 1164 994 1143 973 1147 977 1197 1027 1143 973 1198 1028 1151 981 1142 972 1138 968 1198 1028 1142 972 1153 983 1172 1002 1052 882 1071 901 1191 1021 1070 900 1194 1024 1150 980 1067 897 1199 1029 1200 1030 1080 910 1079 909 1199 1029 1080 910 1200 1030 1154 984 1080 910 1074 904 1201 1031 1031 861 1201 1031 1072 902 1031 861 1084 914 1202 1032 1073 903 1202 1032 1074 904 1073 903 1203 1033 1204 1034 1077 907 1076 906 1203 1033 1077 907 1204 1034 1085 915 1077 907 1205 1035 1152 982 1025 855 1068 898 1205 1035 1025 855 1152 982 1206 1036 1050 880 1206 1036 1153 983 1050 880 1207 1037 1190 1020 1069 899 1154 984 1207 1037 1069 899 1194 1024 1148 978 1150 980 1200 1030 1207 1037 1154 984 1192 1022 1208 1038 1163 993 1208 1038 1209 1039 1083 913 1209 1039 1084 914 1083 913 1204 1034 1210 1040 1085 915 1210 1040 1145 975 1085 915 1155 985 1191 1021 1071 901 1194 1024 1149 979 1148 978 1157 987 1211 1041 1155 985 1211 1041 1191 1021 1155 985 1212 1042 1168 998 1149 979 1194 1024 1212 1042 1149 979 1156 986 1213 1043 1157 987 1213 1043 1211 1041 1157 987 1176 1006 1214 1044 1175 1005 1214 1044 1185 1015 1175 1005 1215 1045 1186 1016 1166 996 1158 988 1215 1045 1166 996 1216 1046 1196 1026 1145 975 1210 1040 1216 1046 1145 975 1217 1047 1208 1038 1218 1048 1219 1049 1217 1047 1218 1048 1170 1000 1220 1050 1221 1051 1220 1050 1222 1052 1218 1048 1222 1052 1219 1049 1218 1048 1223 1053 1169 999 1168 998 1212 1042 1223 1053 1168 998 1180 1010 1213 1043 1156 986 1179 1009 1213 1043 1180 1010 1223 1053 1170 1000 1169 999 1178 1008 1224 1054 1179 1009 1224 1054 1213 1043 1179 1009 1225 1055 1211 1041 1213 1043 1224 1054 1225 1055 1213 1043 1212 1042 1226 1056 1223 1053 1226 1056 1170 1000 1223 1053 1226 1056 1220 1050 1170 1000 1177 1007 1224 1054 1178 1008 1227 1057 1224 1054 1177 1007 1183 1013 1227 1057 1177 1007 1226 1056 1222 1052 1220 1050 1226 1056 1228 1058 1222 1052 1228 1058 1229 1059 1222 1052 1182 1012 1227 1057 1183 1013 1228 1058 1230 1060 1229 1059 1230 1060 1217 1047 1229 1059 1196 1026 1227 1057 1182 1012 1196 1026 1231 1061 1227 1057 1231 1061 1232 1062 1227 1057 1232 1062 1233 1063 1227 1057 1233 1063 1234 1064 1227 1057 1235 1065 1236 1066 1237 1067 1236 1066 1224 1054 1237 1067 1226 1056 1238 1068 1228 1058 1239 1069 1240 1070 1228 1058 1238 1068 1239 1069 1228 1058 1240 1070 1241 1071 1228 1058 1241 1071 1242 1072 1228 1058 1242 1072 1230 1060 1228 1058 1243 1073 1197 1027 1147 977 1161 991 1243 1073 1147 977 1244 1074 1158 988 1151 981 1198 1028 1244 1074 1151 981 1230 1060 1208 1038 1217 1047 1216 1046 1231 1061 1196 1026 1242 1072 1208 1038 1230 1060 1216 1046 1232 1062 1231 1061 1153 983 1173 1003 1172 1002 1072 902 1245 1075 1033 863 1245 1075 1187 1017 1033 863 1171 1001 1199 1029 1079 909 1246 1076 1203 1033 1076 906 1190 1020 1246 1076 1076 906 1247 1077 1173 1003 1153 983 1206 1036 1247 1077 1153 983 1199 1029 1248 1078 1200 1030 1248 1078 1207 1037 1200 1030 1202 1032 1249 1079 1074 904 1249 1079 1201 1031 1074 904 1250 1080 1205 1035 1068 898 1187 1017 1250 1080 1068 898 1205 1035 1251 1081 1152 982 1251 1081 1206 1036 1152 982 1252 1082 1246 1076 1190 1020 1207 1037 1252 1082 1190 1020 1248 1078 1252 1082 1207 1037 1253 1083 1254 1084 1204 1034 1203 1033 1253 1083 1204 1034 1254 1084 1210 1040 1204 1034 1209 1039 1255 1085 1084 914 1255 1085 1202 1032 1084 914 1216 1046 1233 1063 1232 1062 1185 1015 1243 1073 1161 991 1256 1086 1257 1087 1158 988 1244 1074 1256 1086 1158 988 1257 1087 1215 1045 1158 988 1254 1084 1258 1088 1210 1040 1258 1088 1216 1046 1210 1040 1242 1072 1259 1089 1208 1038 1259 1089 1260 1090 1208 1038 1260 1090 1209 1039 1208 1038 1211 1041 1261 1091 1191 1021 1262 1092 1193 1023 1191 1021 1261 1091 1262 1092 1191 1021 1195 1025 1212 1042 1194 1024 1263 1093 1225 1055 1224 1054 1236 1066 1264 1094 1224 1054 1264 1094 1263 1093 1224 1054 1212 1042 1265 1095 1226 1056 1265 1095 1266 1096 1226 1056 1266 1096 1267 1097 1226 1056 1267 1097 1238 1068 1226 1056 1268 1098 1233 1063 1216 1046 1258 1088 1268 1098 1216 1046 1241 1071 1259 1089 1242 1072 1268 1098 1234 1064 1233 1063 1193 1023 1269 1099 1176 1006 1269 1099 1270 1100 1176 1006 1270 1100 1214 1044 1176 1006 1271 1101 1195 1025 1186 1016 1215 1045 1272 1102 1186 1016 1272 1102 1273 1103 1186 1016 1273 1103 1271 1101 1186 1016 1240 1070 1259 1089 1241 1071 1268 1098 1274 1104 1234 1064 1274 1104 1275 1105 1234 1064 1274 1104 1276 1106 1275 1105 1277 1107 1278 1108 1240 1070 1279 1109 1259 1089 1240 1070 1278 1108 1279 1109 1240 1070 1280 1110 1278 1108 1277 1107 1238 1068 1281 1111 1239 1069 1267 1097 1282 1112 1238 1068 1282 1112 1281 1111 1238 1068 1274 1104 1283 1113 1276 1106 1283 1113 1284 1114 1276 1106 1282 1112 1278 1108 1280 1110 1201 1031 1285 1115 1072 902 1285 1115 1245 1075 1072 902 1247 1077 1174 1004 1173 1003 1214 1044 1286 1116 1185 1015 1286 1116 1287 1117 1185 1015 1287 1117 1243 1073 1185 1015 1257 1087 1272 1102 1215 1045 1171 1001 1288 1118 1199 1029 1288 1118 1248 1078 1199 1029 1289 1119 1253 1083 1203 1033 1246 1076 1289 1119 1203 1033 1225 1055 1261 1091 1211 1041 1195 1025 1265 1095 1212 1042 1290 1120 1247 1077 1206 1036 1251 1081 1290 1120 1206 1036 1171 1001 1291 1121 1288 1118 1291 1121 1248 1078 1288 1118 1290 1120 1174 1004 1247 1077 1292 1122 1291 1121 1171 1001 1293 1123 1294 1124 1174 1004 1290 1120 1293 1123 1174 1004 1295 1125 1296 1126 1248 1078 1291 1121 1295 1125 1248 1078 1296 1126 1252 1082 1248 1078 1271 1101 1297 1127 1195 1025 1297 1127 1298 1128 1195 1025 1298 1128 1265 1095 1195 1025 1299 1129 1250 1080 1187 1017 1245 1075 1299 1129 1187 1017 1250 1080 1300 1130 1205 1035 1300 1130 1251 1081 1205 1035 1255 1085 1301 1131 1202 1032 1301 1131 1249 1079 1202 1032 1274 1104 1302 1132 1283 1113 1302 1132 1284 1114 1283 1113 1252 1082 1303 1133 1246 1076 1304 1134 1289 1119 1246 1076 1303 1133 1304 1134 1246 1076 1296 1126 1303 1133 1252 1082 1305 1135 1278 1108 1282 1112 1267 1097 1305 1135 1282 1112 1260 1090 1306 1136 1209 1039 1306 1136 1255 1085 1209 1039 1307 1137 1308 1138 1254 1084 1253 1083 1307 1137 1254 1084 1308 1138 1258 1088 1254 1084 1262 1092 1309 1139 1193 1023 1309 1139 1269 1099 1193 1023 1273 1103 1310 1140 1271 1101 1310 1140 1297 1127 1271 1101 1274 1104 1311 1141 1302 1132 1311 1141 1264 1094 1302 1132 1279 1109 1312 1142 1259 1089 1312 1142 1260 1090 1259 1089 1308 1138 1313 1143 1258 1088 1313 1143 1268 1098 1258 1088 1311 1141 1263 1093 1264 1094 1314 1144 1305 1135 1267 1097 1315 1145 1314 1144 1267 1097 1266 1096 1315 1145 1267 1097 1316 1146 1274 1104 1268 1098 1313 1143 1316 1146 1268 1098 1305 1135 1314 1144 1278 1108 1314 1144 1317 1147 1278 1108 1318 1148 1279 1109 1278 1108 1317 1147 1318 1148 1278 1108 1270 1100 1319 1149 1214 1044 1319 1149 1286 1116 1214 1044 1320 1150 1273 1103 1272 1102 1257 1087 1320 1150 1272 1102 1321 1151 1311 1141 1274 1104 1316 1146 1321 1151 1274 1104 1321 1151 1322 1152 1311 1141 1322 1152 1263 1093 1311 1141 1315 1145 1317 1147 1314 1144 1263 1093 1323 1153 1225 1055 1324 1154 1261 1091 1225 1055 1323 1153 1324 1154 1225 1055 1298 1128 1325 1155 1265 1095 1325 1155 1266 1096 1265 1095 1326 1156 1309 1139 1262 1092 1261 1091 1326 1156 1262 1092 1310 1140 1327 1157 1297 1127 1327 1157 1328 1158 1297 1127 1328 1158 1329 1159 1297 1127 1329 1159 1298 1128 1297 1127 1249 1079 1330 1160 1201 1031 1330 1160 1285 1115 1201 1031 1164 994 1331 1161 1165 995 1331 1161 1134 964 1165 995 1140 970 1198 1028 1138 968 1332 1162 1333 1163 1263 1093 1322 1152 1332 1162 1263 1093 1333 1163 1323 1153 1263 1093 1334 1164 1315 1145 1266 1096 1325 1155 1335 1165 1266 1096 1335 1165 1336 1166 1266 1096 1336 1166 1334 1164 1266 1096 1334 1164 1317 1147 1315 1145 1337 1167 1307 1137 1253 1083 1289 1119 1337 1167 1253 1083 1321 1151 1332 1162 1322 1152 1338 1168 1331 1161 1164 994 1339 1169 1338 1168 1164 994 1197 1027 1339 1169 1164 994 1140 970 1244 1074 1198 1028 1251 1081 1293 1123 1290 1120 1321 1151 1333 1163 1332 1162 1292 1122 1295 1125 1291 1121 1269 1099 1340 1170 1270 1100 1340 1170 1319 1149 1270 1100 1341 1171 1310 1140 1273 1103 1320 1150 1341 1171 1273 1103 1342 1172 1293 1123 1251 1081 1300 1130 1342 1172 1251 1081 1306 1136 1343 1173 1255 1085 1343 1173 1301 1131 1255 1085 1344 1174 1299 1129 1245 1075 1285 1115 1344 1174 1245 1075 1295 1125 1345 1175 1296 1126 1345 1175 1303 1133 1296 1126 1299 1129 1346 1176 1250 1080 1346 1176 1300 1130 1250 1080 1312 1142 1347 1177 1260 1090 1347 1177 1306 1136 1260 1090 1304 1134 1337 1167 1289 1119 1348 1178 1349 1179 1308 1138 1307 1137 1348 1178 1308 1138 1349 1179 1313 1143 1308 1138 1345 1175 1350 1180 1303 1133 1351 1181 1304 1134 1303 1133 1350 1180 1351 1181 1303 1133 1318 1148 1352 1182 1279 1109 1352 1182 1312 1142 1279 1109 1286 1116 1353 1183 1287 1117 1353 1183 1354 1184 1287 1117 1354 1184 1243 1073 1287 1117 1355 1185 1320 1150 1257 1087 1256 1086 1355 1185 1257 1087 1349 1179 1356 1186 1313 1143 1356 1186 1316 1146 1313 1143 1357 1187 1261 1091 1324 1154 1358 1188 1357 1187 1324 1154 1323 1153 1358 1188 1324 1154 1329 1159 1359 1189 1298 1128 1359 1189 1360 1190 1298 1128 1360 1190 1325 1155 1298 1128 1336 1166 1361 1191 1317 1147 1334 1164 1336 1166 1317 1147 1362 1192 1318 1148 1317 1147 1361 1191 1362 1192 1317 1147 1363 1193 1321 1151 1316 1146 1356 1186 1363 1193 1316 1146 1357 1187 1326 1156 1261 1091 1364 1194 1359 1189 1329 1159 1328 1158 1364 1194 1329 1159 1365 1195 1366 1196 1323 1153 1366 1196 1367 1197 1323 1153 1367 1197 1368 1198 1323 1153 1333 1163 1365 1195 1323 1153 1368 1198 1358 1188 1323 1153 1369 1199 1370 1200 1325 1155 1370 1200 1371 1201 1325 1155 1371 1201 1335 1165 1325 1155 1360 1190 1372 1202 1325 1155 1372 1202 1373 1203 1325 1155 1373 1203 1369 1199 1325 1155 1363 1193 1374 1204 1321 1151 1374 1204 1333 1163 1321 1151 1374 1204 1365 1195 1333 1163 1335 1165 1361 1191 1336 1166 1371 1201 1361 1191 1335 1165 1375 1205 1339 1169 1197 1027 1243 1073 1375 1205 1197 1027 1139 969 1376 1206 1244 1074 1140 970 1139 969 1244 1074 1377 1207 1256 1086 1244 1074 1378 1208 1377 1207 1244 1074 1379 1209 1378 1208 1244 1074 1374 1204 1366 1196 1365 1195 1309 1139 1380 1210 1269 1099 1380 1210 1340 1170 1269 1099 1381 1211 1327 1157 1310 1140 1341 1171 1381 1211 1310 1140 1370 1200 1382 1212 1371 1201 1382 1212 1383 1213 1371 1201 1383 1213 1361 1191 1371 1201 1374 1204 1384 1214 1366 1196 1385 1215 1367 1197 1366 1196 1351 1181 1386 1216 1304 1134 1386 1216 1337 1167 1304 1134 1319 1149 1387 1217 1286 1116 1387 1217 1353 1183 1286 1116 1388 1218 1341 1171 1320 1150 1355 1185 1388 1218 1320 1150 1384 1214 1389 1219 1390 1220 1301 1131 1391 1221 1249 1079 1391 1221 1330 1160 1249 1079 1358 1188 1392 1222 1357 1187 1393 1223 1326 1156 1357 1187 1392 1222 1393 1223 1357 1187 1364 1194 1394 1224 1359 1189 1394 1224 1395 1225 1359 1189 1395 1225 1360 1190 1359 1189 1396 1226 1392 1222 1358 1188 1368 1198 1396 1226 1358 1188 1395 1225 1397 1227 1360 1190 1397 1227 1372 1202 1360 1190 1338 1168 1398 1228 1331 1161 1398 1228 1134 964 1331 1161 1399 1229 1348 1178 1307 1137 1337 1167 1399 1229 1307 1137 1369 1199 1382 1212 1370 1200 1400 1230 1401 1231 1326 1156 1393 1223 1400 1230 1326 1156 1401 1231 1402 1232 1326 1156 1402 1232 1309 1139 1326 1156 1327 1157 1403 1233 1328 1158 1403 1233 1404 1234 1328 1158 1404 1234 1364 1194 1328 1158 1405 1235 1376 1206 1139 969 1406 1236 1405 1235 1139 969 1137 967 1406 1236 1139 969 1407 1237 1375 1205 1243 1073 1408 1238 1407 1237 1243 1073 1354 1184 1408 1238 1243 1073 1409 1239 1355 1185 1256 1086 1410 1240 1409 1239 1256 1086 1377 1207 1410 1240 1256 1086 1373 1203 1382 1212 1369 1199 1347 1177 1411 1241 1306 1136 1411 1241 1343 1173 1306 1136 1384 1214 1412 1242 1389 1219 1413 1243 1382 1212 1373 1203 1352 1182 1414 1244 1312 1142 1414 1244 1347 1177 1312 1142 1384 1214 1415 1245 1412 1242 1362 1192 1416 1246 1318 1148 1416 1246 1352 1182 1318 1148 1342 1172 1294 1124 1293 1123 1383 1213 1417 1247 1361 1191 1417 1247 1362 1192 1361 1191 1402 1232 1418 1248 1309 1139 1418 1248 1380 1210 1309 1139 1419 1249 1403 1233 1327 1157 1420 1250 1419 1249 1327 1157 1381 1211 1420 1250 1327 1157 1397 1227 1421 1251 1372 1202 1384 1214 1422 1252 1415 1245 1422 1252 1423 1253 1415 1245 1424 1254 1382 1212 1413 1243 1421 1251 1424 1254 1413 1243 1425 1255 1342 1172 1300 1130 1346 1176 1425 1255 1300 1130 1330 1160 1344 1174 1285 1115 1426 1256 1427 1257 1349 1179 1348 1178 1426 1256 1349 1179 1427 1257 1356 1186 1349 1179 1424 1254 1428 1258 1382 1212 1428 1258 1383 1213 1382 1212 1292 1122 1429 1259 1295 1125 1429 1259 1345 1175 1295 1125 1430 1260 1363 1193 1356 1186 1427 1257 1430 1260 1356 1186 1430 1260 1431 1261 1363 1193 1431 1261 1374 1204 1363 1193 1344 1174 1432 1262 1299 1129 1432 1262 1346 1176 1299 1129 1431 1261 1433 1263 1374 1204 1433 1263 1384 1214 1374 1204 1434 1264 1435 1265 1345 1175 1436 1266 1434 1264 1345 1175 1429 1259 1436 1266 1345 1175 1435 1265 1350 1180 1345 1175 1386 1216 1399 1229 1337 1167 1437 1267 1422 1252 1384 1214 1433 1263 1437 1267 1384 1214 1438 1268 1386 1216 1351 1181 1350 1180 1438 1268 1351 1181 1423 1253 1439 1269 1392 1222 1440 1270 1393 1223 1392 1222 1439 1269 1440 1270 1392 1222 1441 1271 1442 1272 1395 1225 1442 1272 1397 1227 1395 1225 1394 1224 1441 1271 1395 1225 1340 1170 1443 1273 1319 1149 1443 1273 1444 1274 1319 1149 1444 1274 1387 1217 1319 1149 1445 1275 1381 1211 1341 1171 1446 1276 1445 1275 1341 1171 1447 1277 1446 1276 1341 1171 1388 1218 1447 1277 1341 1171 1448 1278 1400 1230 1393 1223 1449 1279 1448 1278 1393 1223 1440 1270 1449 1279 1393 1223 1404 1234 1450 1280 1364 1194 1450 1280 1451 1281 1364 1194 1451 1281 1394 1224 1364 1194 1452 1282 1453 1283 1423 1253 1422 1252 1452 1282 1423 1253 1453 1283 1439 1269 1423 1253 1442 1272 1454 1284 1397 1227 1454 1284 1455 1285 1397 1227 1455 1285 1421 1251 1397 1227 1437 1267 1452 1282 1422 1252 1456 1286 1457 1287 1354 1184 1353 1183 1456 1286 1354 1184 1457 1287 1408 1238 1354 1184 1458 1288 1388 1218 1355 1185 1459 1289 1458 1288 1355 1185 1409 1239 1459 1289 1355 1185 1401 1231 1460 1290 1402 1232 1461 1291 1462 1292 1402 1232 1462 1292 1418 1248 1402 1232 1419 1249 1463 1293 1403 1233 1463 1293 1404 1234 1403 1233 1455 1285 1424 1254 1421 1251 1437 1267 1453 1283 1452 1282 1464 1294 1449 1279 1440 1270 1439 1269 1464 1294 1440 1270 1465 1295 1441 1271 1394 1224 1451 1281 1466 1296 1394 1224 1466 1296 1465 1295 1394 1224 1400 1230 1467 1297 1401 1231 1467 1297 1460 1290 1401 1231 1463 1293 1468 1298 1404 1234 1468 1298 1450 1280 1404 1234 1437 1267 1469 1299 1453 1283 1469 1299 1470 1300 1453 1283 1470 1300 1439 1269 1453 1283 1471 1301 1424 1254 1455 1285 1454 1284 1471 1301 1455 1285 1292 1122 1436 1266 1429 1259 1425 1255 1294 1124 1342 1172 1472 1302 1436 1266 1292 1122 1425 1255 1473 1303 1294 1124 1473 1303 1474 1304 1294 1124 1470 1300 1475 1305 1439 1269 1475 1305 1464 1294 1439 1269 1476 1306 1477 1307 1442 1272 1477 1307 1478 1308 1442 1272 1478 1308 1454 1284 1442 1272 1441 1271 1476 1306 1442 1272 1471 1301 1479 1309 1424 1254 1479 1309 1428 1258 1424 1254 1435 1265 1480 1310 1350 1180 1480 1310 1438 1268 1350 1180 1438 1268 1481 1311 1386 1216 1481 1311 1399 1229 1386 1216 1343 1173 1482 1312 1301 1131 1482 1312 1391 1221 1301 1131 1483 1313 1417 1247 1383 1213 1428 1258 1483 1313 1383 1213 1484 1314 1467 1297 1400 1230 1448 1278 1484 1314 1400 1230 1468 1298 1485 1315 1450 1280 1485 1315 1451 1281 1450 1280 1486 1316 1487 1317 1340 1170 1487 1317 1443 1273 1340 1170 1380 1210 1486 1316 1340 1170 1488 1318 1420 1250 1381 1211 1489 1319 1488 1318 1381 1211 1445 1275 1489 1319 1381 1211 1433 1263 1490 1320 1437 1267 1490 1320 1469 1299 1437 1267 1417 1247 1491 1321 1362 1192 1491 1321 1416 1246 1362 1192 1492 1322 1426 1256 1348 1178 1399 1229 1492 1322 1348 1178 1493 1323 1490 1320 1433 1263 1431 1261 1493 1323 1433 1263 1478 1308 1471 1301 1454 1284 1449 1279 1494 1324 1448 1278 1494 1324 1484 1314 1448 1278 1485 1315 1495 1325 1451 1281 1495 1325 1466 1296 1451 1281 1416 1246 1496 1326 1352 1182 1496 1326 1414 1244 1352 1182 1469 1299 1475 1305 1470 1300 1430 1260 1497 1327 1431 1261 1497 1327 1493 1323 1431 1261 1414 1244 1498 1328 1347 1177 1498 1328 1411 1241 1347 1177 1499 1329 1500 1330 1464 1294 1500 1330 1501 1331 1464 1294 1501 1331 1502 1332 1464 1294 1502 1332 1449 1279 1464 1294 1475 1305 1499 1329 1464 1294 1503 1333 1504 1334 1441 1271 1505 1335 1503 1333 1441 1271 1504 1334 1476 1306 1441 1271 1465 1295 1505 1335 1441 1271 1477 1307 1471 1301 1478 1308 1506 1336 1456 1286 1353 1183 1387 1217 1507 1337 1353 1183 1507 1337 1508 1338 1353 1183 1508 1338 1506 1336 1353 1183 1509 1339 1447 1277 1388 1218 1510 1340 1509 1339 1388 1218 1458 1288 1510 1340 1388 1218 1502 1332 1494 1324 1449 1279 1511 1341 1465 1295 1466 1296 1495 1325 1512 1342 1466 1296 1512 1342 1511 1341 1466 1296 1513 1343 1497 1327 1430 1260 1427 1257 1513 1343 1430 1260 1426 1256 1514 1344 1427 1257 1514 1344 1513 1343 1427 1257 1469 1299 1515 1345 1475 1305 1515 1345 1499 1329 1475 1305 1516 1346 1471 1301 1477 1307 1476 1306 1516 1346 1477 1307 1391 1221 1517 1347 1330 1160 1517 1347 1518 1348 1330 1160 1518 1348 1344 1174 1330 1160 1501 1331 1519 1349 1502 1332 1519 1349 1520 1350 1502 1332 1520 1350 1521 1351 1502 1332 1521 1351 1494 1324 1502 1332 1522 1352 1505 1335 1465 1295 1511 1341 1522 1352 1465 1295 1504 1334 1516 1346 1476 1306 1135 965 1523 1353 1137 967 1524 1354 1378 1208 1379 1209 1473 1303 1425 1255 1346 1176 1525 1355 1473 1303 1346 1176 1432 1262 1525 1355 1346 1176 1515 1345 1500 1330 1499 1329 1503 1333 1526 1356 1504 1334 1527 1357 1516 1346 1504 1334 1526 1356 1527 1357 1504 1334 1528 1358 1501 1331 1500 1330 1515 1345 1528 1358 1500 1330 1418 1248 1486 1316 1380 1210 1529 1359 1530 1360 1420 1250 1488 1318 1529 1359 1420 1250 1530 1360 1419 1249 1420 1250 1518 1348 1531 1361 1344 1174 1531 1361 1432 1262 1344 1174 1481 1311 1492 1322 1399 1229 1516 1346 1532 1362 1471 1301 1532 1362 1479 1309 1471 1301 1434 1264 1533 1363 1435 1265 1533 1363 1480 1310 1435 1265 1472 1302 1434 1264 1436 1266 1534 1364 1526 1356 1503 1333 1505 1335 1534 1364 1503 1333 1528 1358 1535 1365 1501 1331 1535 1365 1519 1349 1501 1331 1528 1358 1536 1366 1535 1365 1536 1366 1519 1349 1535 1365 1537 1367 1481 1311 1438 1268 1480 1310 1537 1367 1438 1268 1490 1320 1538 1368 1469 1299 1538 1368 1515 1345 1469 1299 1539 1369 1526 1356 1534 1364 1505 1335 1539 1369 1534 1364 1540 1370 1486 1316 1418 1248 1462 1292 1541 1371 1418 1248 1541 1371 1542 1372 1418 1248 1542 1372 1540 1370 1418 1248 1543 1373 1463 1293 1419 1249 1530 1360 1543 1373 1419 1249 1544 1374 1483 1313 1428 1258 1479 1309 1544 1374 1428 1258 1545 1375 1526 1356 1539 1369 1546 1376 1545 1375 1539 1369 1505 1335 1546 1376 1539 1369 1536 1366 1547 1377 1519 1349 1547 1377 1548 1378 1519 1349 1548 1378 1520 1350 1519 1349 1549 1379 1550 1380 1505 1335 1550 1380 1546 1376 1505 1335 1522 1352 1549 1379 1505 1335 1528 1358 1547 1377 1536 1366 1444 1274 1551 1381 1387 1217 1551 1381 1507 1337 1387 1217 1509 1339 1552 1382 1447 1277 1552 1382 1446 1276 1447 1277 1493 1323 1553 1383 1490 1320 1553 1383 1538 1368 1490 1320 1554 1384 1527 1357 1526 1356 1545 1375 1554 1384 1526 1356 1461 1291 1541 1371 1462 1292 1555 1385 1468 1298 1463 1293 1556 1386 1555 1385 1463 1293 1543 1373 1556 1386 1463 1293 1515 1345 1557 1387 1528 1358 1558 1388 1547 1377 1528 1358 1559 1389 1558 1388 1528 1358 1557 1387 1559 1389 1528 1358 1520 1350 1560 1390 1521 1351 1560 1390 1561 1391 1521 1351 1561 1391 1562 1392 1521 1351 1562 1392 1494 1324 1521 1351 1563 1393 1564 1394 1511 1341 1564 1394 1522 1352 1511 1341 1512 1342 1565 1395 1511 1341 1565 1395 1563 1393 1511 1341 1566 1396 1491 1321 1417 1247 1483 1313 1566 1396 1417 1247 1550 1380 1545 1375 1546 1376 1567 1397 1568 1398 1520 1350 1568 1398 1560 1390 1520 1350 1548 1378 1569 1399 1520 1350 1569 1399 1570 1400 1520 1350 1570 1400 1567 1397 1520 1350 1571 1401 1572 1402 1522 1352 1572 1402 1573 1403 1522 1352 1574 1404 1571 1401 1522 1352 1575 1405 1574 1404 1522 1352 1576 1406 1575 1405 1522 1352 1573 1403 1549 1379 1522 1352 1564 1394 1576 1406 1522 1352 1558 1388 1548 1378 1547 1377 1577 1407 1578 1408 1461 1291 1579 1409 1577 1407 1461 1291 1467 1297 1580 1410 1460 1290 1578 1408 1541 1371 1461 1291 1581 1411 1485 1315 1468 1298 1555 1385 1581 1411 1468 1298 1582 1412 1484 1314 1494 1324 1562 1392 1582 1412 1494 1324 1583 1413 1565 1395 1512 1342 1495 1325 1583 1413 1512 1342 1549 1379 1545 1375 1550 1380 1558 1388 1569 1399 1548 1378 1584 1414 1580 1410 1484 1314 1582 1412 1585 1415 1484 1314 1585 1415 1584 1414 1484 1314 1580 1410 1467 1297 1484 1314 1586 1416 1583 1413 1495 1325 1485 1315 1586 1416 1495 1325 1587 1417 1586 1416 1485 1315 1581 1411 1587 1417 1485 1315 1588 1418 1589 1419 1590 1420 1591 1421 1592 1422 1590 1420 1589 1419 1593 1423 1590 1420 1592 1422 1594 1424 1590 1420 1595 1425 1588 1418 1590 1420 1594 1424 1595 1425 1590 1420 1575 1405 1596 1426 1597 1427 1598 1428 1575 1405 1597 1427 1575 1405 1599 1429 1596 1426 1600 1430 1601 1430 1602 1430 1603 1431 1600 1431 1602 1431 1604 1432 1603 1432 1602 1432 1605 1433 1600 1433 1606 1433 1600 1434 1607 1434 1606 1434 1575 1405 1608 1435 1599 1429 1609 1436 1600 1436 1605 1436 1600 1437 1609 1437 1601 1437 1610 1438 1603 1438 1604 1438 1575 1405 1611 1439 1608 1435 1561 1391 1612 1440 1613 1441 1612 1442 1614 1442 1613 1442 1615 1443 1603 1443 1610 1443 1600 1444 1616 1444 1607 1444 1612 1445 1617 1445 1614 1445 1560 1390 1612 1440 1561 1391 1618 1446 1575 1405 1598 1428 1619 1447 1620 1447 1611 1447 1621 1448 1619 1448 1611 1448 1576 1406 1564 1394 1611 1439 1564 1394 1563 1393 1611 1439 1563 1393 1565 1395 1611 1439 1565 1395 1621 1449 1611 1439 1575 1405 1576 1406 1611 1439 1622 1450 1603 1450 1615 1450 1623 1451 1624 1451 1625 1451 1626 1452 1623 1452 1625 1452 1623 1453 1627 1453 1624 1453 1612 1454 1628 1454 1617 1454 1629 1455 1630 1456 1631 1457 1595 1425 1629 1455 1631 1457 1632 1458 1595 1425 1631 1457 1630 1456 1632 1458 1631 1457 1633 1459 1603 1459 1622 1459 1634 1460 1635 1460 1636 1460 1637 182 1638 182 1636 182 1639 1461 1638 1461 1637 1461 1640 182 1639 182 1637 182 1641 182 1642 182 1637 182 1642 1462 1643 1462 1637 1462 1643 182 1640 182 1637 182 1644 182 1642 182 1641 182 1645 182 1642 182 1644 182 1634 1463 1646 1463 1635 1463 1634 1464 1647 1464 1646 1464 1648 1465 1642 1465 1645 1465 1649 182 1648 182 1645 182 1650 1466 1648 1466 1649 1466 1651 182 1650 182 1649 182 1634 1467 1652 1467 1647 1467 1634 1468 1653 1468 1652 1468 1654 182 1650 182 1651 182 1634 1469 1655 1469 1653 1469 1656 182 1650 182 1654 182 1634 1470 1657 1470 1655 1470 1634 1471 1658 1471 1657 1471 1659 182 1650 182 1656 182 1660 1472 1650 1472 1659 1472 1634 1473 1661 1473 1658 1473 1634 1474 1662 1474 1661 1474 1663 182 1650 182 1660 182 1664 182 1663 182 1660 182 1634 1475 1665 1475 1662 1475 1666 182 1663 182 1664 182 1634 1476 1667 1476 1665 1476 1668 182 1663 182 1666 182 1634 1477 1669 1477 1667 1477 1634 182 1670 182 1669 182 1671 182 1663 182 1668 182 1634 1478 1672 1478 1670 1478 1673 1479 1663 1479 1671 1479 1674 182 1673 182 1671 182 1634 1480 1675 1480 1672 1480 1676 182 1673 182 1674 182 1677 182 1673 182 1676 182 1634 1481 1678 1481 1675 1481 1679 182 1638 182 1639 182 1680 1482 1673 1482 1677 1482 1681 1483 1680 1483 1677 1483 1682 1484 1683 1484 1678 1484 1684 1485 1682 1485 1678 1485 1634 1486 1684 1486 1678 1486 1685 1487 1680 1487 1681 1487 1686 182 1680 182 1685 182 1687 1488 1638 1488 1679 1488 1688 182 1680 182 1686 182 1684 1489 1689 1489 1682 1489 1690 182 1680 182 1688 182 1690 1490 1691 1490 1680 1490 1632 182 1638 182 1687 182 1692 1491 1632 1491 1687 1491 1693 1492 1691 1492 1690 1492 1634 182 1694 182 1684 182 1695 182 1691 182 1693 182 1695 1493 1696 1493 1691 1493 1696 1494 1697 1494 1691 1494 1697 1495 1616 1495 1691 1495 1616 1496 1600 1496 1691 1496 1698 1497 1632 1497 1692 1497 1630 1456 1699 1498 1632 1458 1699 1498 1700 1499 1632 1458 1700 1499 1574 1404 1632 1458 1574 1404 1575 1405 1632 1458 1701 1500 1702 1500 1632 1500 1575 1405 1701 1501 1632 1458 1698 1502 1703 1502 1632 1502 1703 182 1704 182 1632 182 1704 1503 1595 1425 1632 1458 1633 1504 1623 1504 1603 1504 1633 1505 1627 1505 1623 1505 1626 1506 1705 1506 1623 1506 1705 1507 1706 1507 1623 1507 1706 1508 1612 1508 1623 1508 1707 1509 1595 1425 1704 1503 1560 1390 1708 1510 1612 1440 1706 1511 1709 1511 1612 1511 1709 1512 1628 1512 1612 1512 1710 1513 1595 1425 1707 1509 1560 1390 1568 1398 1708 1510 1568 1398 1567 1397 1708 1510 1567 1397 1711 1514 1708 1510 1711 1514 1712 1515 1708 1510 1712 1515 1713 1516 1708 1510 1713 1516 1588 1418 1710 1513 1588 1418 1595 1425 1710 1513 1714 1517 1589 1419 1713 1516 1589 1419 1588 1418 1713 1516 1712 1515 1715 1518 1713 1516 1715 1518 1714 1517 1713 1516 1716 1519 1699 1498 1630 1456 1629 1455 1716 1519 1630 1456 1567 1397 1717 1520 1711 1514 1717 1520 1712 1515 1711 1514 1718 1521 1719 1521 1720 1521 1721 1522 1700 1499 1699 1498 1716 1519 1721 1522 1699 1498 1717 1520 1715 1518 1712 1515 1717 1520 1722 1523 1715 1518 1722 1523 1723 1524 1715 1518 1723 1524 1714 1517 1715 1518 1723 1524 1589 1419 1714 1517 1575 1405 1724 1525 1701 1501 1725 1526 1726 1526 1718 1526 1726 1527 1719 1527 1718 1527 1619 1528 1726 1528 1620 1528 1721 1522 1574 1404 1700 1499 1570 1400 1717 1520 1567 1397 1725 1529 1727 1529 1726 1529 1728 1530 1719 1530 1726 1530 1729 1531 1728 1531 1726 1531 1619 1532 1730 1532 1726 1532 1730 1533 1729 1533 1726 1533 1618 1446 1731 1534 1575 1405 1731 1534 1724 1525 1575 1405 1721 1522 1571 1401 1574 1404 1732 1535 1629 1455 1595 1425 1723 1524 1593 1423 1589 1419 1733 1536 1553 1383 1493 1323 1497 1327 1733 1536 1493 1323 1722 1523 1734 1537 1723 1524 1734 1537 1735 1538 1723 1524 1735 1538 1593 1423 1723 1524 1736 1539 1716 1519 1629 1455 1732 1535 1737 1540 1629 1455 1737 1540 1736 1539 1629 1455 1527 1357 1738 1541 1516 1346 1738 1541 1532 1362 1516 1346 1739 1542 1722 1523 1717 1520 1570 1400 1740 1543 1717 1520 1740 1543 1741 1544 1717 1520 1741 1544 1739 1542 1717 1520 1716 1519 1742 1545 1721 1522 1742 1545 1743 1546 1721 1522 1743 1546 1571 1401 1721 1522 1591 1421 1744 1547 1592 1422 1744 1547 1594 1424 1592 1422 1745 1548 1737 1540 1732 1535 1746 1549 1736 1539 1737 1540 1745 1548 1746 1549 1737 1540 1735 1538 1747 1550 1593 1423 1747 1550 1745 1548 1593 1423 1573 1403 1545 1375 1549 1379 1558 1388 1748 1551 1569 1399 1748 1551 1570 1400 1569 1399 1491 1321 1749 1552 1416 1246 1749 1552 1496 1326 1416 1246 1538 1368 1750 1553 1515 1345 1750 1553 1557 1387 1515 1345 1748 1551 1751 1554 1570 1400 1751 1554 1740 1543 1570 1400 1743 1546 1752 1555 1571 1401 1752 1555 1572 1402 1571 1401 1572 1402 1545 1375 1573 1403 1752 1555 1545 1375 1572 1402 1746 1549 1753 1556 1736 1539 1753 1556 1716 1519 1736 1539 1558 1388 1751 1554 1748 1551 1734 1537 1747 1550 1735 1538 1558 1388 1740 1543 1751 1554 1754 1557 1742 1545 1753 1556 1746 1549 1754 1557 1753 1556 1742 1545 1716 1519 1753 1556 1411 1241 1755 1558 1343 1173 1755 1558 1482 1312 1343 1173 1739 1542 1734 1537 1722 1523 1517 1347 1756 1559 1518 1348 1756 1559 1531 1361 1518 1348 1757 1560 1747 1550 1734 1537 1739 1542 1757 1560 1734 1537 1757 1560 1741 1544 1740 1543 1558 1388 1757 1560 1740 1543 1754 1557 1545 1375 1752 1555 1743 1546 1754 1557 1752 1555 1757 1560 1739 1542 1741 1544 1754 1557 1743 1546 1742 1545 1513 1343 1758 1561 1497 1327 1758 1561 1733 1536 1497 1327 1496 1326 1759 1562 1414 1244 1759 1562 1498 1328 1414 1244 1537 1367 1760 1563 1481 1311 1760 1563 1492 1322 1481 1311 1761 1564 1514 1344 1426 1256 1492 1322 1761 1564 1426 1256 1533 1363 1762 1565 1480 1310 1762 1565 1537 1367 1480 1310 1754 1557 1763 1566 1545 1375 1763 1566 1764 1567 1545 1375 1764 1567 1554 1384 1545 1375 1559 1389 1765 1568 1558 1388 1765 1568 1766 1569 1558 1388 1766 1569 1757 1560 1558 1388 1767 1570 1758 1561 1513 1343 1514 1344 1767 1570 1513 1343 1768 1571 1769 1572 1745 1548 1747 1550 1768 1571 1745 1548 1769 1572 1746 1549 1745 1548 1770 1573 1544 1374 1479 1309 1532 1362 1770 1573 1479 1309 1757 1560 1768 1571 1747 1550 1769 1572 1771 1574 1746 1549 1763 1566 1754 1557 1746 1549 1771 1574 1763 1566 1746 1549 1553 1383 1772 1575 1538 1368 1772 1575 1750 1553 1538 1368 1554 1384 1773 1576 1527 1357 1773 1576 1738 1541 1527 1357 1766 1569 1768 1571 1757 1560 1774 1577 1559 1389 1557 1387 1750 1553 1774 1577 1557 1387 1768 1571 1775 1578 1769 1572 1775 1578 1771 1574 1769 1572 1776 1579 1775 1578 1768 1571 1766 1569 1776 1579 1768 1571 1776 1579 1777 1580 1775 1578 1778 1581 1771 1574 1775 1578 1777 1580 1778 1581 1775 1578 1779 1582 1763 1566 1771 1574 1778 1581 1779 1582 1771 1574 1482 1312 1780 1583 1391 1221 1780 1583 1517 1347 1391 1221 1781 1584 1566 1396 1483 1313 1544 1374 1781 1584 1483 1313 1779 1582 1764 1567 1763 1566 1782 1585 1776 1579 1766 1569 1765 1568 1782 1585 1766 1569 1764 1567 1773 1576 1554 1384 1774 1577 1783 1586 1559 1389 1783 1586 1784 1587 1559 1389 1784 1587 1765 1568 1559 1389 1733 1536 1785 1588 1553 1383 1785 1588 1772 1575 1553 1383 1760 1563 1761 1564 1492 1322 1786 1589 1525 1355 1432 1262 1531 1361 1787 1590 1432 1262 1787 1590 1788 1591 1432 1262 1788 1591 1786 1589 1432 1262 1756 1559 1789 1592 1531 1361 1789 1592 1787 1590 1531 1361 1790 1593 1770 1573 1532 1362 1738 1541 1790 1593 1532 1362 1525 1355 1474 1304 1473 1303 1779 1582 1791 1594 1764 1567 1791 1594 1773 1576 1764 1567 1792 1595 1782 1585 1765 1568 1784 1587 1792 1595 1765 1568 1793 1596 1774 1577 1750 1553 1772 1575 1793 1596 1750 1553 1794 1597 1795 1598 1533 1363 1434 1264 1796 1599 1533 1363 1796 1599 1797 1600 1533 1363 1797 1600 1794 1597 1533 1363 1795 1598 1762 1565 1533 1363 1798 1601 1760 1563 1537 1367 1762 1565 1798 1601 1537 1367 1776 1579 1799 1602 1777 1580 1799 1602 1778 1581 1777 1580 1800 1603 1749 1552 1491 1321 1566 1396 1800 1603 1491 1321 1472 1302 1796 1599 1434 1264 1801 1604 1799 1602 1776 1579 1782 1585 1801 1604 1776 1579 1799 1602 1802 1605 1778 1581 1803 1606 1779 1582 1778 1581 1802 1605 1803 1606 1778 1581 1803 1606 1791 1594 1779 1582 1792 1595 1801 1604 1782 1585 1804 1607 1785 1588 1733 1536 1758 1561 1804 1607 1733 1536 1801 1604 1805 1608 1799 1602 1805 1608 1802 1605 1799 1602 1749 1552 1806 1609 1496 1326 1806 1609 1759 1562 1496 1326 1807 1610 1790 1593 1738 1541 1773 1576 1807 1610 1738 1541 1498 1328 1808 1611 1411 1241 1808 1611 1755 1558 1411 1241 1803 1606 1809 1612 1791 1594 1809 1612 1773 1576 1791 1594 1767 1570 1810 1613 1758 1561 1810 1613 1804 1607 1758 1561 1793 1596 1811 1614 1774 1577 1811 1614 1783 1586 1774 1577 1812 1615 1792 1595 1784 1587 1813 1616 1812 1615 1784 1587 1783 1586 1813 1616 1784 1587 1814 1617 1781 1584 1544 1374 1770 1573 1814 1617 1544 1374 1815 1618 1767 1570 1514 1344 1761 1564 1815 1618 1514 1344 1816 1619 1793 1596 1772 1575 1785 1588 1816 1619 1772 1575 1801 1604 1817 1620 1805 1608 1817 1620 1802 1605 1805 1608 1780 1583 1818 1621 1517 1347 1818 1621 1756 1559 1517 1347 1819 1622 1817 1620 1801 1604 1792 1595 1819 1622 1801 1604 1817 1620 1820 1623 1802 1605 1821 1624 1803 1606 1802 1605 1820 1623 1821 1624 1802 1605 1789 1592 1822 1625 1787 1590 1822 1625 1788 1591 1787 1590 1821 1624 1809 1612 1803 1606 1812 1615 1819 1622 1792 1595 1798 1601 1823 1626 1760 1563 1823 1626 1761 1564 1760 1563 1809 1612 1824 1627 1773 1576 1824 1627 1807 1610 1773 1576 1795 1598 1825 1628 1762 1565 1825 1628 1798 1601 1762 1565 1811 1614 1826 1629 1783 1586 1826 1629 1813 1616 1783 1586 1827 1630 1800 1603 1566 1396 1781 1584 1827 1630 1566 1396 1821 1624 1828 1631 1809 1612 1828 1631 1824 1627 1809 1612 1829 1632 1812 1615 1813 1616 1830 1633 1829 1632 1813 1616 1826 1629 1830 1633 1813 1616 1831 1634 1816 1619 1785 1588 1804 1607 1831 1634 1785 1588 1819 1622 1832 1635 1817 1620 1832 1635 1820 1623 1817 1620 1833 1636 1814 1617 1770 1573 1790 1593 1833 1636 1770 1573 1755 1558 1834 1637 1482 1312 1834 1637 1780 1583 1482 1312 1816 1619 1835 1638 1793 1596 1835 1638 1811 1614 1793 1596 1819 1622 1836 1639 1832 1635 1836 1639 1820 1623 1832 1635 1837 1640 1838 1641 1819 1622 1838 1641 1836 1639 1819 1622 1812 1615 1837 1640 1819 1622 1836 1639 1839 1642 1820 1623 1840 1643 1821 1624 1820 1623 1839 1642 1840 1643 1820 1623 1840 1643 1828 1631 1821 1624 1829 1632 1837 1640 1812 1615 1823 1626 1815 1618 1761 1564 1472 1302 1797 1600 1796 1599 1786 1589 1474 1304 1525 1355 1841 1644 1797 1600 1472 1302 1842 1645 1843 1646 1474 1304 1844 1647 1842 1645 1474 1304 1786 1589 1844 1647 1474 1304 1845 1648 1806 1609 1749 1552 1800 1603 1845 1648 1749 1552 1818 1621 1846 1649 1756 1559 1846 1649 1789 1592 1756 1559 1822 1625 1844 1647 1788 1591 1844 1647 1786 1589 1788 1591 1847 1650 1831 1634 1804 1607 1810 1613 1847 1650 1804 1607 1848 1651 1823 1626 1798 1601 1825 1628 1848 1651 1798 1601 1794 1597 1849 1652 1795 1598 1849 1652 1850 1653 1795 1598 1850 1653 1825 1628 1795 1598 1841 1644 1794 1597 1797 1600 1851 1654 1833 1636 1790 1593 1807 1610 1851 1654 1790 1593 1759 1562 1852 1655 1498 1328 1852 1655 1808 1611 1498 1328 1835 1638 1853 1656 1811 1614 1853 1656 1826 1629 1811 1614 1854 1657 1827 1630 1781 1584 1814 1617 1854 1657 1781 1584 1855 1658 1810 1613 1767 1570 1815 1618 1855 1658 1767 1570 1831 1634 1856 1659 1816 1619 1856 1659 1835 1638 1816 1619 1834 1637 1857 1660 1780 1583 1857 1660 1818 1621 1780 1583 1838 1641 1858 1661 1836 1639 1858 1661 1839 1642 1836 1639 1824 1627 1859 1662 1807 1610 1859 1662 1851 1654 1807 1610 1853 1656 1860 1663 1826 1629 1860 1663 1830 1633 1826 1629 1846 1649 1861 1664 1789 1592 1861 1664 1822 1625 1789 1592 1848 1651 1862 1665 1823 1626 1862 1665 1815 1618 1823 1626 1850 1653 1863 1666 1825 1628 1863 1666 1848 1651 1825 1628 1864 1667 1845 1648 1800 1603 1827 1630 1864 1667 1800 1603 1828 1631 1865 1668 1824 1627 1865 1668 1859 1662 1824 1627 1866 1669 1829 1632 1830 1633 1860 1663 1866 1669 1830 1633 1867 1670 1856 1659 1831 1634 1847 1650 1867 1670 1831 1634 1868 1671 1854 1657 1814 1617 1833 1636 1868 1671 1814 1617 1808 1611 1869 1672 1755 1558 1869 1672 1834 1637 1755 1558 1856 1659 1870 1673 1835 1638 1870 1673 1853 1656 1835 1638 1840 1643 1871 1674 1828 1631 1871 1674 1865 1668 1828 1631 1872 1675 1837 1640 1829 1632 1866 1669 1872 1675 1829 1632 1862 1665 1855 1658 1815 1618 1839 1642 1871 1674 1840 1643 1872 1675 1873 1676 1837 1640 1873 1676 1838 1641 1837 1640 1838 1641 1874 1677 1858 1661 1874 1677 1839 1642 1858 1661 1873 1676 1875 1678 1838 1641 1875 1678 1874 1677 1838 1641 1874 1677 1876 1679 1839 1642 1876 1679 1871 1674 1839 1642 1857 1660 1877 1680 1818 1621 1877 1680 1846 1649 1818 1621 1806 1609 1852 1655 1759 1562 1861 1664 1842 1645 1822 1625 1842 1645 1844 1647 1822 1625 1878 1681 1862 1665 1848 1651 1863 1666 1878 1681 1848 1651 1879 1682 1847 1650 1810 1613 1880 1683 1879 1682 1810 1613 1855 1658 1880 1683 1810 1613 1881 1684 1868 1671 1833 1636 1851 1654 1881 1684 1833 1636 1849 1652 1882 1685 1850 1653 1882 1685 1863 1666 1850 1653 1870 1673 1883 1686 1853 1656 1883 1686 1860 1663 1853 1656 1841 1644 1849 1652 1794 1597 1884 1687 1864 1667 1827 1630 1854 1657 1884 1687 1827 1630 1875 1678 1885 1688 1874 1677 1885 1688 1876 1679 1874 1677 1867 1670 1886 1689 1856 1659 1886 1689 1870 1673 1856 1659 1869 1672 1887 1690 1834 1637 1887 1690 1857 1660 1834 1637 1859 1662 1888 1691 1851 1654 1888 1691 1881 1684 1851 1654 1878 1681 1889 1692 1862 1665 1889 1692 1855 1658 1862 1665 1883 1686 1890 1693 1860 1663 1890 1693 1866 1669 1860 1663 1877 1680 1891 1694 1846 1649 1891 1694 1861 1664 1846 1649 1882 1685 1892 1695 1863 1666 1892 1695 1878 1681 1863 1666 1852 1655 1893 1696 1808 1611 1893 1696 1869 1672 1808 1611 1865 1668 1894 1697 1859 1662 1894 1697 1888 1691 1859 1662 1895 1698 1884 1687 1854 1657 1868 1671 1895 1698 1854 1657 1896 1699 1872 1675 1866 1669 1890 1693 1896 1699 1866 1669 1889 1692 1880 1683 1855 1658 1897 1700 1852 1655 1806 1609 1898 1701 1897 1700 1806 1609 1845 1648 1898 1701 1806 1609 1886 1689 1899 1702 1870 1673 1899 1702 1883 1686 1870 1673 1879 1682 1867 1670 1847 1650 1871 1674 1900 1703 1865 1668 1900 1703 1894 1697 1865 1668 1896 1699 1901 1704 1872 1675 1901 1704 1873 1676 1872 1675 1887 1690 1902 1705 1857 1660 1902 1705 1877 1680 1857 1660 1891 1694 1903 1706 1861 1664 1903 1706 1904 1707 1861 1664 1904 1707 1842 1645 1861 1664 1905 1708 1900 1703 1871 1674 1876 1679 1905 1708 1871 1674 1901 1704 1906 1709 1873 1676 1906 1709 1907 1710 1873 1676 1907 1710 1875 1678 1873 1676 1908 1711 1889 1692 1878 1681 1892 1695 1908 1711 1878 1681 1909 1712 1843 1646 1842 1645 1904 1707 1909 1712 1842 1645 1849 1652 1910 1713 1882 1685 1910 1713 1911 1714 1882 1685 1911 1714 1912 1715 1882 1685 1912 1715 1913 1716 1882 1685 1913 1716 1892 1695 1882 1685 1914 1717 1915 1718 1876 1679 1885 1688 1914 1717 1876 1679 1915 1718 1905 1708 1876 1679 1914 1717 1885 1688 1875 1678 1907 1710 1916 1719 1875 1678 1916 1719 1917 1720 1875 1678 1917 1720 1914 1717 1875 1678 1918 1721 1895 1698 1868 1671 1881 1684 1918 1721 1868 1671 1841 1644 1910 1713 1849 1652 1899 1702 1919 1722 1883 1686 1919 1722 1890 1693 1883 1686 1917 1720 1915 1718 1914 1717 1893 1696 1920 1723 1869 1672 1920 1723 1887 1690 1869 1672 1841 1644 1921 1724 1910 1713 1921 1724 1911 1714 1910 1713 1922 1725 1923 1726 1909 1712 1923 1726 1843 1646 1909 1712 1904 1707 1922 1725 1909 1712 1908 1711 1924 1727 1889 1692 1924 1727 1880 1683 1889 1692 1902 1705 1925 1728 1877 1680 1925 1728 1891 1694 1877 1680 1926 1729 1898 1701 1845 1648 1864 1667 1926 1729 1845 1648 1903 1706 1927 1730 1904 1707 1927 1730 1922 1725 1904 1707 1897 1700 1928 1731 1852 1655 1928 1731 1929 1732 1852 1655 1929 1732 1893 1696 1852 1655 1888 1691 1930 1733 1881 1684 1930 1733 1918 1721 1881 1684 1913 1716 1931 1734 1892 1695 1931 1734 1908 1711 1892 1695 1932 1735 1886 1689 1867 1670 1879 1682 1932 1735 1867 1670 1919 1722 1933 1736 1890 1693 1933 1736 1896 1699 1890 1693 1934 1737 1928 1731 1897 1700 1898 1701 1934 1737 1897 1700 1924 1727 1935 1738 1880 1683 1935 1738 1879 1682 1880 1683 1935 1738 1932 1735 1879 1682 1894 1697 1936 1739 1888 1691 1936 1739 1930 1733 1888 1691 1920 1723 1937 1740 1887 1690 1937 1740 1902 1705 1887 1690 1933 1736 1938 1741 1896 1699 1938 1741 1901 1704 1896 1699 1925 1728 1939 1742 1891 1694 1939 1742 1903 1706 1891 1694 1940 1743 1924 1727 1908 1711 1931 1734 1940 1743 1908 1711 1921 1724 1912 1715 1911 1714 1927 1730 1923 1726 1922 1725 1941 1744 1912 1715 1921 1724 1927 1730 1942 1745 1923 1726 1943 1746 1944 1747 1913 1716 1912 1715 1945 1748 1913 1716 1945 1748 1943 1746 1913 1716 1944 1747 1946 1749 1913 1716 1946 1749 1931 1734 1913 1716 1900 1703 1947 1750 1894 1697 1947 1750 1936 1739 1894 1697 1938 1741 1948 1751 1901 1704 1948 1751 1906 1709 1901 1704 1941 1744 1945 1748 1912 1715 1949 1752 1926 1729 1864 1667 1884 1687 1949 1752 1864 1667 1929 1732 1950 1753 1893 1696 1950 1753 1920 1723 1893 1696 1951 1754 1899 1702 1886 1689 1932 1735 1951 1754 1886 1689 1952 1755 1947 1750 1900 1703 1905 1708 1952 1755 1900 1703 1940 1743 1953 1756 1924 1727 1953 1756 1935 1738 1924 1727 1948 1751 1954 1757 1906 1709 1954 1757 1907 1710 1906 1709 1955 1758 1934 1737 1898 1701 1926 1729 1955 1758 1898 1701 1934 1737 1956 1759 1928 1731 1956 1759 1929 1732 1928 1731 1957 1760 1952 1755 1905 1708 1915 1718 1957 1760 1905 1708 1937 1740 1958 1761 1902 1705 1958 1761 1925 1728 1902 1705 1954 1757 1959 1762 1907 1710 1959 1762 1916 1719 1907 1710 1960 1763 1951 1754 1932 1735 1935 1738 1960 1763 1932 1735 1953 1756 1960 1763 1935 1738 1961 1764 1962 1765 1915 1718 1917 1720 1961 1764 1915 1718 1962 1765 1957 1760 1915 1718 1939 1742 1963 1766 1903 1706 1963 1766 1927 1730 1903 1706 1959 1762 1964 1767 1916 1719 1964 1767 1965 1768 1916 1719 1965 1768 1961 1764 1916 1719 1961 1764 1917 1720 1916 1719 1946 1749 1966 1769 1931 1734 1966 1769 1940 1743 1931 1734 1965 1768 1967 1770 1961 1764 1967 1770 1962 1765 1961 1764 1941 1744 1943 1746 1945 1748 1963 1766 1942 1745 1927 1730 1968 1771 1943 1746 1941 1744 1963 1766 1969 1772 1942 1745 1970 1773 1949 1752 1884 1687 1895 1698 1970 1773 1884 1687 1950 1753 1971 1774 1920 1723 1971 1774 1937 1740 1920 1723 1972 1775 1919 1722 1899 1702 1951 1754 1972 1775 1899 1702 1973 1776 1953 1756 1940 1743 1966 1769 1973 1776 1940 1743 1958 1761 1974 1777 1925 1728 1974 1777 1939 1742 1925 1728 1975 1778 1969 1772 1963 1766 1939 1742 1975 1778 1963 1766 1944 1747 1976 1779 1946 1749 1976 1779 1966 1769 1946 1749 1956 1759 1977 1780 1929 1732 1977 1780 1950 1753 1929 1732 1968 1771 1978 1781 1943 1746 1978 1781 1944 1747 1943 1746 1979 1782 1955 1758 1926 1729 1949 1752 1979 1782 1926 1729 1973 1776 1980 1783 1953 1756 1980 1783 1960 1763 1953 1756 1955 1758 1981 1784 1934 1737 1981 1784 1956 1759 1934 1737 1982 1785 1972 1775 1951 1754 1960 1763 1982 1785 1951 1754 1980 1783 1982 1785 1960 1763 1971 1774 1983 1786 1937 1740 1983 1786 1958 1761 1937 1740 1984 1787 1970 1773 1895 1698 1918 1721 1984 1787 1895 1698 1974 1777 1975 1778 1939 1742 1985 1788 1933 1736 1919 1722 1972 1775 1985 1788 1919 1722 1976 1779 1986 1789 1966 1769 1986 1789 1973 1776 1966 1769 1987 1790 1988 1791 1944 1747 1978 1781 1987 1790 1944 1747 1988 1791 1976 1779 1944 1747 1977 1780 1989 1792 1950 1753 1989 1792 1971 1774 1950 1753 1990 1793 1979 1782 1949 1752 1970 1773 1990 1793 1949 1752 1991 1794 1980 1783 1973 1776 1986 1789 1991 1794 1973 1776 1983 1786 1992 1795 1958 1761 1992 1795 1974 1777 1958 1761 1930 1733 1993 1796 1918 1721 1993 1796 1984 1787 1918 1721 1994 1797 1985 1788 1972 1775 1982 1785 1994 1797 1972 1775 1995 1798 1969 1772 1975 1778 1974 1777 1995 1798 1975 1778 1996 1799 1938 1741 1933 1736 1985 1788 1996 1799 1933 1736 1981 1784 1997 1800 1956 1759 1997 1800 1977 1780 1956 1759 1988 1791 1998 1801 1976 1779 1998 1801 1986 1789 1976 1779 1979 1782 1999 1802 1955 1758 1999 1802 1981 1784 1955 1758 1968 1771 1987 1790 1978 1781 1991 1794 2000 1803 1980 1783 2000 1803 1982 1785 1980 1783 2000 1803 1994 1797 1982 1785 1989 1792 2001 1804 1971 1774 2001 1804 1983 1786 1971 1774 1936 1739 2002 1805 1930 1733 2002 1805 1993 1796 1930 1733 1992 1795 2003 1806 1974 1777 2003 1806 1995 1798 1974 1777 2004 1807 1948 1751 1938 1741 1996 1799 2004 1807 1938 1741 1998 1801 2005 1808 1986 1789 2005 1808 1991 1794 1986 1789 2006 1809 1990 1793 1970 1773 1984 1787 2006 1809 1970 1773 1987 1790 2007 1810 1988 1791 2007 1810 2008 1811 1988 1791 2008 1811 1998 1801 1988 1791 2009 1812 1996 1799 1985 1788 1994 1797 2009 1812 1985 1788 1997 1800 2010 1813 1977 1780 2010 1813 1989 1792 1977 1780 1947 1750 2011 1814 1936 1739 2011 1814 2002 1805 1936 1739 2012 1815 2000 1803 1991 1794 2005 1808 2012 1815 1991 1794 2013 1816 1954 1757 1948 1751 2004 1807 2013 1816 1948 1751 1990 1793 2014 1817 1979 1782 2014 1817 1999 1802 1979 1782 1999 1802 2015 1818 1981 1784 2015 1818 1997 1800 1981 1784 2001 1804 2016 1819 1983 1786 2016 1819 1992 1795 1983 1786 2003 1806 1969 1772 1995 1798 2017 1820 2009 1812 1994 1797 2000 1803 2017 1820 1994 1797 2012 1815 2017 1820 2000 1803 2008 1811 2018 1821 1998 1801 2018 1821 2005 1808 1998 1801 1968 1771 2007 1810 1987 1790 2019 1822 1969 1772 2003 1806 1992 1795 2019 1822 2003 1806 2020 1823 2007 1810 1968 1771 2019 1822 2021 1824 1969 1772 2021 1824 2022 1825 1969 1772 2023 1826 2011 1814 1947 1750 1952 1755 2023 1826 1947 1750 1993 1796 2024 1827 1984 1787 2024 1827 2006 1809 1984 1787 2025 1828 1959 1762 1954 1757 2013 1816 2025 1828 1954 1757 2026 1829 2004 1807 1996 1799 2009 1812 2026 1829 1996 1799 2010 1813 2027 1830 1989 1792 2027 1830 2001 1804 1989 1792 2028 1831 2023 1826 1952 1755 1957 1760 2028 1831 1952 1755 2029 1832 1964 1767 1959 1762 2025 1828 2029 1832 1959 1762 2016 1819 2019 1822 1992 1795 2018 1821 2030 1833 2005 1808 2030 1833 2012 1815 2005 1808 2031 1834 2028 1831 1957 1760 1962 1765 2031 1834 1957 1760 2007 1810 2032 1835 2008 1811 2032 1835 2033 1836 2008 1811 2033 1836 2018 1821 2008 1811 2034 1837 1965 1768 1964 1767 2029 1832 2034 1837 1964 1767 2006 1809 2035 1838 1990 1793 2035 1838 2014 1817 1990 1793 1967 1770 2036 1839 1962 1765 2036 1839 2031 1834 1962 1765 2037 1840 2036 1839 1965 1768 2036 1839 1967 1770 1965 1768 2038 1841 2037 1840 1965 1768 2034 1837 2038 1841 1965 1768 2015 1818 2039 1842 1997 1800 2039 1842 2010 1813 1997 1800 2002 1805 2040 1843 1993 1796 2040 1843 2024 1827 1993 1796 2041 1844 2026 1829 2009 1812 2017 1820 2041 1844 2009 1812 2014 1817 2042 1845 1999 1802 2042 1845 2015 1818 1999 1802 2043 1846 2017 1820 2012 1815 2030 1833 2043 1846 2012 1815 2044 1847 2013 1816 2004 1807 2026 1829 2044 1847 2004 1807 2027 1830 2045 1848 2001 1804 2045 1848 2016 1819 2001 1804 2043 1846 2041 1844 2017 1820 2016 1819 2021 1824 2019 1822 2020 1823 2032 1835 2007 1810 2033 1836 2046 1849 2018 1821 2046 1849 2030 1833 2018 1821 2011 1814 2047 1850 2002 1805 2047 1850 2040 1843 2002 1805 2048 1851 2025 1828 2013 1816 2044 1847 2048 1851 2013 1816 2039 1842 2049 1852 2010 1813 2049 1852 2027 1830 2010 1813 2024 1827 2050 1853 2006 1809 2050 1853 2035 1838 2006 1809 2037 1840 2031 1834 2036 1839 2045 1848 2051 1854 2016 1819 2051 1854 2021 1824 2016 1819 2052 1855 2044 1847 2026 1829 2041 1844 2052 1855 2026 1829 2046 1849 2053 1856 2030 1833 2053 1856 2043 1846 2030 1833 2032 1835 2054 1857 2033 1836 2054 1857 2046 1849 2033 1836 2042 1845 2055 1858 2015 1818 2055 1858 2039 1842 2015 1818 2056 1859 2047 1850 2011 1814 2023 1826 2056 1859 2011 1814 2035 1838 2057 1860 2014 1817 2057 1860 2042 1845 2014 1817 2058 1861 2029 1832 2025 1828 2048 1851 2058 1861 2025 1828 2059 1862 2041 1844 2043 1846 2053 1856 2059 1862 2043 1846 2059 1862 2052 1855 2041 1844 2051 1854 2022 1825 2021 1824 2049 1852 2060 1863 2027 1830 2060 1863 2045 1848 2027 1830 2061 1864 2056 1859 2023 1826 2028 1831 2061 1864 2023 1826 2062 1865 2034 1837 2029 1832 2058 1861 2062 1865 2029 1832 2040 1843 2063 1866 2024 1827 2063 1866 2050 1853 2024 1827 2020 1823 2064 1867 2032 1835 2064 1867 2054 1857 2032 1835 2054 1857 2065 1868 2046 1849 2065 1868 2053 1856 2046 1849 2066 1869 2048 1851 2044 1847 2052 1855 2066 1869 2044 1847 2067 1870 2061 1864 2028 1831 2031 1834 2067 1870 2028 1831 2068 1871 2038 1841 2034 1837 2062 1865 2068 1871 2034 1837 2055 1858 2069 1872 2039 1842 2069 1872 2049 1852 2039 1842 2037 1840 2070 1873 2031 1834 2070 1873 2067 1870 2031 1834 2020 1823 2071 1874 2064 1867 2071 1874 2054 1857 2064 1867 2072 1875 2022 1825 2051 1854 2045 1848 2072 1875 2051 1854 2073 1876 2071 1874 2020 1823 2074 1877 2075 1878 2022 1825 2072 1875 2074 1877 2022 1825 2070 1873 2037 1840 2038 1841 2076 1879 2070 1873 2038 1841 2068 1871 2076 1879 2038 1841 2060 1863 2072 1875 2045 1848 2065 1868 2077 1880 2053 1856 2077 1880 2059 1862 2053 1856 2050 1853 2078 1881 2035 1838 2078 1881 2057 1860 2035 1838 2079 1882 2080 1883 2054 1857 2071 1874 2079 1882 2054 1857 2080 1883 2065 1868 2054 1857 2057 1860 2081 1884 2042 1845 2081 1884 2055 1858 2042 1845 2082 1885 2066 1869 2052 1855 2059 1862 2082 1885 2052 1855 2047 1850 2083 1886 2040 1843 2083 1886 2063 1866 2040 1843 2077 1880 2082 1885 2059 1862 2084 1887 2058 1861 2048 1851 2066 1869 2084 1887 2048 1851 2060 1863 2074 1877 2072 1875 2069 1872 2085 1888 2049 1852 2085 1888 2060 1863 2049 1852 2073 1876 2079 1882 2071 1874 2080 1883 2086 1889 2065 1868 2086 1889 2077 1880 2065 1868 2056 1859 2087 1890 2047 1850 2087 1890 2083 1886 2047 1850 2088 1891 2062 1865 2058 1861 2084 1887 2088 1891 2058 1861 2063 1866 2089 1892 2050 1853 2089 1892 2078 1881 2050 1853 2081 1884 2090 1893 2055 1858 2090 1893 2069 1872 2055 1858 2076 1879 2091 1894 2070 1873 2091 1894 2067 1870 2070 1873 2092 1895 2084 1887 2066 1869 2082 1885 2092 1895 2066 1869 2085 1888 2093 1896 2060 1863 2093 1896 2074 1877 2060 1863 2086 1889 2094 1897 2077 1880 2094 1897 2082 1885 2077 1880 2078 1881 2095 1898 2057 1860 2095 1898 2081 1884 2057 1860 2061 1864 2096 1899 2056 1859 2096 1899 2087 1890 2056 1859 2079 1882 2097 1900 2080 1883 2097 1900 2098 1901 2080 1883 2098 1901 2086 1889 2080 1883 2094 1897 2092 1895 2082 1885 2099 1902 2068 1871 2062 1865 2088 1891 2099 1902 2062 1865 2093 1896 2075 1878 2074 1877 2067 1870 2100 1903 2061 1864 2100 1903 2096 1899 2061 1864 2101 1904 2076 1879 2068 1871 2099 1902 2101 1904 2068 1871 2090 1893 2102 1905 2069 1872 2102 1905 2085 1888 2069 1872 2083 1886 2103 1906 2063 1866 2103 1906 2089 1892 2063 1866 2073 1876 2097 1900 2079 1882 2091 1894 2104 1907 2067 1870 2104 1907 2100 1903 2067 1870 2105 1908 2088 1891 2084 1887 2092 1895 2105 1908 2084 1887 2098 1901 2106 1909 2086 1889 2106 1909 2094 1897 2086 1889 2104 1907 2091 1894 2076 1879 2107 1910 2104 1907 2076 1879 2101 1904 2107 1910 2076 1879 2095 1898 2108 1911 2081 1884 2108 1911 2090 1893 2081 1884 2089 1892 2109 1912 2078 1881 2109 1912 2095 1898 2078 1881 2102 1905 2110 1913 2085 1888 2110 1913 2093 1896 2085 1888 2106 1909 2111 1914 2094 1897 2111 1914 2092 1895 2094 1897 2112 1915 2105 1908 2092 1895 2111 1914 2112 1915 2092 1895 2113 1916 2114 1917 2098 1901 2097 1900 2115 1918 2098 1901 2115 1918 2113 1916 2098 1901 2114 1917 2106 1909 2098 1901 2087 1890 2116 1919 2083 1886 2116 1919 2103 1906 2083 1886 2073 1876 2115 1918 2097 1900 2110 1913 2075 1878 2093 1896 2117 1920 2115 1918 2073 1876 2110 1913 2118 1921 2075 1878 2119 1922 2099 1902 2088 1891 2105 1908 2119 1922 2088 1891 2107 1910 2120 1923 2104 1907 2120 1923 2100 1903 2104 1907 2121 1924 2118 1921 2110 1913 2102 1905 2121 1924 2110 1913 2108 1911 2122 1925 2090 1893 2122 1925 2102 1905 2090 1893 2117 1920 2113 1916 2115 1918 2114 1917 2123 1926 2106 1909 2123 1926 2111 1914 2106 1909 2096 1899 2124 1927 2087 1890 2124 1927 2116 1919 2087 1890 2103 1906 2125 1928 2089 1892 2125 1928 2109 1912 2089 1892 2126 1929 2101 1904 2099 1902 2119 1922 2126 1929 2099 1902 2109 1912 2127 1930 2095 1898 2127 1930 2108 1911 2095 1898 2128 1931 2119 1922 2105 1908 2112 1915 2128 1931 2105 1908 2123 1926 2129 1932 2111 1914 2129 1932 2112 1915 2111 1914 2122 1925 2121 1924 2102 1905 2100 1903 2130 1933 2096 1899 2130 1933 2124 1927 2096 1899 2131 1934 2107 1910 2101 1904 2126 1929 2131 1934 2101 1904 2113 1916 2132 1935 2114 1917 2132 1935 2133 1936 2114 1917 2133 1936 2123 1926 2114 1917 2134 1937 2118 1921 2121 1924 2122 1925 2134 1937 2121 1924 2120 1923 2135 1938 2100 1903 2135 1938 2136 1939 2100 1903 2136 1939 2130 1933 2100 1903 2135 1938 2120 1923 2107 1910 2136 1939 2135 1938 2107 1910 2137 1940 2136 1939 2107 1910 2131 1934 2137 1940 2107 1910 2138 1941 2128 1931 2112 1915 2129 1932 2138 1941 2112 1915 2117 1920 2132 1935 2113 1916 2116 1919 2139 1942 2103 1906 2139 1942 2125 1928 2103 1906 2127 1930 2140 1943 2108 1911 2140 1943 2122 1925 2108 1911 2128 1931 2141 1944 2119 1922 2141 1944 2126 1929 2119 1922 2133 1936 2142 1945 2123 1926 2142 1945 2129 1932 2123 1926 2125 1928 2143 1946 2109 1912 2143 1946 2144 1947 2109 1912 2144 1947 2127 1930 2109 1912 2142 1945 2138 1941 2129 1932 2140 1943 2145 1948 2122 1925 2145 1948 2134 1937 2122 1925 2139 1942 2146 1949 2125 1928 2146 1949 2143 1946 2125 1928 2132 1935 2147 1950 2133 1936 2147 1950 2148 1951 2133 1936 2148 1951 2142 1945 2133 1936 2124 1927 2149 1952 2116 1919 2149 1952 2139 1942 2116 1919 2150 1953 2141 1944 2128 1931 2138 1941 2150 1953 2128 1931 2141 1944 2151 1954 2126 1929 2151 1954 2131 1934 2126 1929 2145 1948 2118 1921 2134 1937 2117 1920 2147 1950 2132 1935 2152 1955 2118 1921 2145 1948 2140 1943 2152 1955 2145 1948 2153 1956 2147 1950 2117 1920 2152 1955 2154 1957 2118 1921 2154 1957 2155 1958 2118 1921 2144 1947 2156 1959 2127 1930 2156 1959 2157 1960 2127 1930 2157 1960 2140 1943 2127 1930 2146 1949 2158 1961 2143 1946 2158 1961 2144 1947 2143 1946 2137 1940 2159 1962 2136 1939 2159 1962 2130 1933 2136 1939 2160 1963 2138 1941 2142 1945 2148 1951 2160 1963 2142 1945 2130 1933 2161 1964 2124 1927 2161 1964 2149 1952 2124 1927 2151 1954 2162 1965 2131 1934 2162 1965 2137 1940 2131 1934 2160 1963 2163 1966 2138 1941 2163 1966 2150 1953 2138 1941 2149 1952 2164 1967 2139 1942 2164 1967 2146 1949 2139 1942 2150 1953 2165 1968 2141 1944 2165 1968 2151 1954 2141 1944 2157 1960 2152 1955 2140 1943 2159 1962 2166 1969 2130 1933 2166 1969 2161 1964 2130 1933 2162 1965 2166 1969 2137 1940 2166 1969 2159 1962 2137 1940 2158 1961 2167 1970 2144 1947 2167 1970 2156 1959 2144 1947 2147 1950 2168 1971 2148 1951 2169 1972 2160 1963 2148 1951 2168 1971 2169 1972 2148 1951 2157 1960 2154 1957 2152 1955 2153 1956 2168 1971 2147 1950 2161 1964 2170 1973 2149 1952 2170 1973 2164 1967 2149 1952 2164 1967 2171 1974 2146 1949 2171 1974 2158 1961 2146 1949 2167 1970 2172 1975 2156 1959 2172 1975 2157 1960 2156 1959 2165 1968 2173 1976 2151 1954 2173 1976 2162 1965 2151 1954 2174 1977 2165 1968 2150 1953 2163 1966 2174 1977 2150 1953 2169 1972 2175 1978 2160 1963 2175 1978 2163 1966 2160 1963 2162 1965 2176 1979 2166 1969 2176 1979 2161 1964 2166 1969 2176 1979 2177 1980 2161 1964 2177 1980 2170 1973 2161 1964 2173 1976 2176 1979 2162 1965 2173 1976 2177 1980 2176 1979 2171 1974 2178 1981 2158 1961 2178 1981 2167 1970 2158 1961 2179 1982 2154 1957 2157 1960 2172 1975 2179 1982 2157 1960 2170 1973 2180 1983 2164 1967 2180 1983 2171 1974 2164 1967 2175 1978 2181 1984 2163 1966 2181 1984 2174 1977 2163 1966 2182 1985 2183 1986 2169 1972 2183 1986 2175 1978 2169 1972 2168 1971 2182 1985 2169 1972 2179 1982 2155 1958 2154 1957 2174 1977 2184 1987 2165 1968 2184 1987 2173 1976 2165 1968 2153 1956 2182 1985 2168 1971 2178 1981 2185 1988 2167 1970 2185 1988 2172 1975 2167 1970 2177 1980 2186 1989 2170 1973 2186 1989 2180 1983 2170 1973 2183 1986 2181 1984 2175 1978 2184 1987 2177 1980 2173 1976 2180 1983 2187 1990 2171 1974 2187 1990 2178 1981 2171 1974 2153 1956 2188 1991 2182 1985 2188 1991 2183 1986 2182 1985 2189 1992 2155 1958 2179 1982 2172 1975 2189 1992 2179 1982 2190 1993 2188 1991 2153 1956 2191 1994 2192 1995 2155 1958 2189 1992 2191 1994 2155 1958 2184 1987 2186 1989 2177 1980 2193 1996 2184 1987 2174 1977 2181 1984 2193 1996 2174 1977 2185 1988 2189 1992 2172 1975 2185 1988 2191 1994 2189 1992 2188 1991 2194 1997 2183 1986 2195 1998 2181 1984 2183 1986 2194 1997 2195 1998 2183 1986 2190 1993 2194 1997 2188 1991 2187 1990 2196 1999 2178 1981 2196 1999 2185 1988 2178 1981 2186 1989 2197 2000 2180 1983 2197 2000 2187 1990 2180 1983 2193 1996 2197 2000 2184 1987 2197 2000 2186 1989 2184 1987 2195 1998 2193 1996 2181 1984 2193 1996 2198 2001 2197 2000 2198 2001 2187 1990 2197 2000 2199 2002 2192 1995 2191 1994 2185 1988 2199 2002 2191 1994 2198 2001 2200 2003 2187 1990 2200 2003 2196 1999 2187 1990 2196 1999 2199 2002 2185 1988 2200 2003 2198 2001 2193 1996 2201 2004 2200 2003 2193 1996 2195 1998 2201 2004 2193 1996 2190 1993 2202 2005 2194 1997 2202 2005 2195 1998 2194 1997 2202 2005 2201 2004 2195 1998 2201 2004 2203 2006 2200 2003 2203 2006 2196 1999 2200 2003 2203 2006 2204 2007 2196 1999 2205 2008 2199 2002 2196 1999 2204 2007 2205 2008 2196 1999 2190 1993 2206 2009 2202 2005 2206 2009 2201 2004 2202 2005 2205 2008 2192 1995 2199 2002 2192 1995 2205 2008 2190 1993 2205 2008 2207 2010 2190 1993 2207 2010 2206 2009 2190 1993 2204 2007 2203 2006 2201 2004 2206 2009 2204 2007 2201 2004 2204 2007 2207 2010 2205 2008 2207 2010 2204 2007 2206 2009</p>
        </triangles>
      </mesh>
    </geometry>
  </library_geometries>
  <library_visual_scenes>
    <visual_scene id="Scene" name="Scene">
      <node id="Mesh_002" name="Mesh.002" type="NODE">
        <matrix sid="transform">0.001 0 0 0 0 0.001 0 0 0 0 0.001 0 0 0 0 1</matrix>
        <instance_geometry url="#mesh-a376a4a7-e63b-4ec6-902a-75a607d0886e-mesh" name="Mesh.002">
          <bind_material>
            <technique_common>
              <instance_material symbol="Material-橡胶环-material" target="#Material-橡胶环-material"/>
            </technique_common>
          </bind_material>
        </instance_geometry>
      </node>
      <node id="Mesh_001" name="Mesh.001" type="NODE">
        <matrix sid="transform">0.001 0 0 0 0 0.001 0 0 0 0 0.001 0 0 0 0 1</matrix>
        <instance_geometry url="#mesh-ae5b7fbf-5ac0-49d2-8b97-60cff680ba38-mesh" name="Mesh.001">
          <bind_material>
            <technique_common>
              <instance_material symbol="Material-橡胶-material" target="#Material-橡胶-material"/>
            </technique_common>
          </bind_material>
        </instance_geometry>
      </node>
      <node id="Mesh" name="Mesh" type="NODE">
        <matrix sid="transform">0.001 0 0 0 0 0.001 0 0 0 0 0.001 0 0 0 0 1</matrix>
        <instance_geometry url="#mesh-ae339640-b155-46a4-bf07-7299a7025000-mesh" name="Mesh">
          <bind_material>
            <technique_common>
              <instance_material symbol="Material-外壳-material" target="#Material-外壳-material"/>
            </technique_common>
          </bind_material>
        </instance_geometry>
      </node>
      <node id="View-Right" name="View-Right" type="NODE">
        <matrix sid="transform">-4.37114e-11 4.37114e-11 0.001 30.56814 0.001 0 4.37114e-11 0.02058622 0 0.001 -4.37114e-11 0.0337549 0 0 0 1</matrix>
        <instance_camera url="#View-Right-camera"/>
      </node>
      <node id="View-Left" name="View-Left" type="NODE">
        <matrix sid="transform">-4.37114e-11 -4.37114e-11 -0.001 -8.46651 -0.001 0 4.37114e-11 -0.01260386 0 0.001 -4.37114e-11 0.03536116 0 0 0 1</matrix>
        <instance_camera url="#View-Left-camera"/>
      </node>
      <node id="View-Top" name="View-Top" type="NODE">
        <matrix sid="transform">0.001 0 0 0.02700088 0 0.001 0 -0.09804676 0 0 0.001 36.84161 0 0 0 1</matrix>
        <instance_camera url="#View-Top-camera"/>
      </node>
      <node id="View-Perspective" name="View-Perspective" type="NODE">
        <matrix sid="transform">5.75769e-5 -1.56178e-4 9.86049e-4 0.6276541 9.98341e-4 9.00734e-6 -5.6868e-5 -0.1293474 -1.36335e-10 9.87688e-4 1.56438e-4 0.08171614 0 0 0 1</matrix>
        <instance_camera url="#View-Perspective-camera"/>
      </node>
    </visual_scene>
  </library_visual_scenes>
  <scene>
    <instance_visual_scene url="#Scene"/>
  </scene>
</COLLADA>